date,open,high,low,close,volume
2018-01-02,4045.209000,4087.779000,4045.209000,4087.401000,14693543500
2018-01-03,4091.461000,4140.054000,4088.730000,4111.393000,15185221800
2018-01-04,4114.121000,4137.642000,4105.886000,4128.812000,13454379400
2018-01-05,4133.344000,4151.282000,4123.282000,4138.751000,14900987200
2018-01-08,4140.855000,4166.318000,4127.308000,4160.160000,17387766600
2018-01-09,4157.539000,4191.284000,4153.502000,4189.298000,13903429400
2018-01-10,4187.204000,4211.055000,4175.136000,4207.813000,15112166600
2018-01-11,4197.114000,4211.799000,4181.957000,4205.586000,12157853900
2018-01-12,4205.144000,4227.392000,4199.025000,4225.001000,11135479400
2018-01-15,4229.836000,4262.931000,4216.359000,4225.239000,17090789700
2018-01-16,4215.625000,4260.212000,4213.128000,4258.473000,16149496300
2018-01-17,4261.783000,4283.345000,4230.537000,4248.116000,21431103200
2018-01-18,4259.375000,4292.637000,4246.684000,4271.417000,17203284600
2018-01-19,4281.937000,4316.571000,4269.617000,4285.395000,20949057000
2018-01-22,4276.481000,4338.483000,4275.898000,4336.597000,17464319500
2018-01-23,4346.889000,4383.572000,4346.793000,4382.613000,20186758500
2018-01-24,4389.455000,4397.820000,4349.087000,4389.885000,21981888900
2018-01-25,4381.977000,4392.196000,4336.239000,4365.079000,19537495000
2018-01-26,4352.221000,4403.338000,4351.487000,4381.300000,17722723700
2018-01-29,4387.058000,4395.905000,4287.112000,4302.018000,19110035400
2018-01-30,4286.683000,4308.512000,4251.571000,4256.102000,13903473000
2018-01-31,4234.110000,4287.858000,4232.773000,4275.899000,14521016400
2018-02-01,4276.343000,4287.389000,4214.291000,4245.898000,19000293400
2018-02-02,4213.939000,4271.765000,4181.779000,4271.233000,14606682700
2018-02-05,4204.458000,4274.146000,4200.141000,4274.146000,16134779900
2018-02-06,4182.326000,4211.523000,4131.556000,4148.886000,21491045000
2018-02-07,4205.737000,4212.568000,4048.423000,4050.497000,20312749300
2018-02-08,4022.880000,4071.665000,3974.678000,4012.047000,15926998500
2018-02-09,3896.169000,3911.292000,3759.146000,3840.653000,20634982800
2018-02-12,3846.267000,3907.843000,3828.070000,3890.105000,11618263700
2018-02-13,3925.596000,3986.981000,3925.596000,3935.632000,11256588500
2018-02-14,3945.094000,3971.404000,3923.127000,3966.961000,7108133800
2018-02-22,4020.973000,4058.788000,4009.920000,4052.733000,10581157100
2018-02-23,4061.755000,4085.201000,4035.232000,4071.089000,9945874600
2018-02-26,4093.399000,4128.744000,4048.983000,4118.419000,13788100100
2018-02-27,4120.871000,4120.871000,4051.805000,4058.981000,12593447000
2018-02-28,4016.791000,4051.712000,3991.706000,4023.642000,10934359300
2018-03-01,3994.869000,4061.033000,3986.895000,4049.086000,11019985200
2018-03-02,4014.951000,4044.418000,4006.944000,4016.461000,9616500000
2018-03-05,4021.658000,4042.835000,3995.872000,4018.097000,8795254800
2018-03-06,4034.985000,4067.553000,3998.932000,4066.565000,13876244400
2018-03-07,4063.503000,4089.696000,4027.936000,4036.654000,10695242600
2018-03-08,4038.953000,4078.226000,4029.714000,4077.600000,9115581000
2018-03-09,4088.070000,4110.674000,4076.454000,4108.865000,11370180800
2018-03-12,4130.708000,4139.526000,4112.766000,4127.666000,14090673900
2018-03-13,4124.331000,4130.283000,4087.563000,4091.253000,11176643000
2018-03-14,4076.063000,4089.094000,4066.490000,4073.345000,9901340900
2018-03-15,4058.706000,4098.989000,4058.706000,4096.163000,8816115600
2018-03-16,4096.886000,4110.045000,4055.822000,4056.423000,8489618800
2018-03-19,4054.617000,4074.518000,4033.522000,4074.248000,8150288200
2018-03-20,4045.743000,4080.193000,4040.308000,4077.704000,8060528000
2018-03-21,4097.024000,4110.116000,4046.241000,4061.050000,9760948800
2018-03-22,4062.067000,4072.377000,4003.721000,4020.349000,8909525900
2018-03-23,3896.736000,3928.511000,3834.937000,3904.936000,18008044900
2018-03-26,3862.695000,3883.901000,3829.916000,3879.893000,11513912800
2018-03-27,3927.492000,3936.778000,3881.873000,3913.269000,11370071100
2018-03-28,3865.045000,3907.281000,3835.883000,3842.716000,10149490800
2018-03-29,3854.591000,3913.958000,3794.262000,3894.050000,11662906600
2018-03-30,3893.747000,3915.347000,3879.213000,3898.498000,9751227000
2018-04-02,3897.005000,3937.018000,3882.886000,3886.919000,11124266600
2018-04-03,3850.155000,3878.150000,3839.933000,3862.480000,9513736900
2018-04-04,3873.627000,3898.613000,3852.496000,3854.863000,8873060900
2018-04-09,3851.955000,3870.674000,3827.413000,3852.929000,8410546200
2018-04-10,3860.723000,3927.425000,3851.796000,3927.173000,10617372200
2018-04-11,3934.170000,3958.707000,3924.960000,3938.343000,11193302100
2018-04-12,3935.673000,3937.784000,3896.179000,3898.635000,8269949000
2018-04-13,3920.738000,3929.952000,3866.186000,3871.144000,7154420300
2018-04-16,3862.474000,3869.156000,3789.612000,3808.863000,9921777000
2018-04-17,3812.875000,3822.626000,3745.444000,3748.641000,9061079000
2018-04-18,3785.306000,3789.659000,3708.107000,3766.282000,10667670600
2018-04-19,3774.784000,3824.032000,3767.797000,3811.843000,9905406000
2018-04-20,3801.208000,3815.444000,3750.103000,3760.854000,9928292500
2018-04-23,3754.690000,3787.395000,3735.184000,3766.326000,9035629100
2018-04-24,3769.879000,3854.429000,3769.879000,3843.489000,11421952500
2018-04-25,3824.593000,3838.692000,3817.032000,3828.702000,7817261200
2018-04-26,3823.392000,3828.713000,3744.885000,3755.494000,8715064100
2018-04-27,3771.037000,3776.975000,3714.644000,3756.877000,8953172600
2018-05-02,3769.925000,3787.303000,3744.548000,3763.646000,8330103500
2018-05-03,3756.166000,3797.527000,3732.372000,3793.000000,9396111800
2018-05-04,3784.316000,3801.524000,3770.939000,3774.598000,7155428800
2018-05-07,3782.540000,3834.587000,3776.030000,3834.188000,8728619500
2018-05-08,3834.614000,3892.073000,3833.729000,3878.677000,9421515700
2018-05-09,3876.130000,3878.938000,3855.739000,3871.615000,6671296600
2018-05-10,3882.836000,3894.490000,3867.308000,3893.057000,7066780900
2018-05-11,3902.148000,3903.338000,3871.952000,3872.838000,7335660400
2018-05-14,3886.874000,3919.300000,3886.874000,3909.293000,8197599900
2018-05-15,3920.140000,3924.343000,3892.920000,3924.098000,7604955500
2018-05-16,3909.818000,3923.343000,3889.188000,3892.844000,7191364600
2018-05-17,3895.490000,3899.514000,3858.853000,3864.051000,5903012300
2018-05-18,3860.164000,3903.064000,3841.896000,3903.064000,7261395600
2018-05-21,3925.539000,3937.461000,3913.605000,3921.242000,9264173700
2018-05-22,3918.815000,3918.815000,3881.169000,3906.208000,7536877800
2018-05-23,3898.268000,3898.268000,3854.583000,3854.583000,8372231900
2018-05-24,3853.292000,3859.103000,3823.924000,3827.217000,6834502200
2018-05-25,3823.745000,3841.124000,3804.135000,3816.498000,7083638600
2018-05-28,3816.265000,3846.553000,3799.321000,3833.260000,7152113200
2018-05-29,3824.191000,3841.779000,3800.675000,3804.009000,8155266200
2018-05-30,3755.176000,3767.887000,3722.072000,3723.372000,8791328500
2018-05-31,3749.295000,3804.792000,3742.529000,3802.376000,9266689400
2018-06-01,3789.672000,3802.537000,3753.840000,3770.589000,7782181300
2018-06-04,3785.187000,3813.407000,3776.619000,3807.578000,7662434100
2018-06-05,3811.285000,3845.565000,3800.926000,3845.316000,7868736000
2018-06-06,3839.683000,3848.330000,3830.896000,3837.351000,7311723700
2018-06-07,3846.937000,3859.848000,3827.687000,3831.013000,8025614700
2018-06-08,3819.448000,3819.461000,3759.272000,3779.616000,8333733500
2018-06-11,3770.208000,3792.548000,3756.515000,3779.982000,6870983400
2018-06-12,3783.186000,3830.471000,3765.264000,3825.953000,7320624400
2018-06-13,3814.617000,3817.453000,3782.073000,3788.339000,6637797000
2018-06-14,3774.640000,3808.162000,3759.248000,3773.366000,6847132200
2018-06-15,3763.041000,3780.337000,3737.428000,3753.434000,8548889300
2018-06-19,3702.668000,3712.816000,3583.021000,3621.117000,16070654200
2018-06-20,3602.551000,3649.336000,3578.174000,3635.444000,8671809800
2018-06-21,3633.556000,3673.563000,3589.490000,3592.965000,9390855200
2018-06-22,3567.894000,3609.075000,3542.456000,3608.905000,7511786400
2018-06-25,3625.798000,3631.025000,3559.034000,3560.478000,7987707800
2018-06-26,3521.588000,3541.782000,3478.213000,3531.111000,8498526900
2018-06-27,3525.132000,3537.657000,3441.785000,3459.262000,8149181700
2018-06-28,3434.944000,3477.057000,3416.948000,3423.526000,7591805100
2018-06-29,3431.962000,3512.383000,3425.216000,3510.985000,7725703100
2018-07-02,3504.457000,3506.900000,3383.501000,3407.964000,8435144900
2018-07-03,3410.477000,3422.040000,3319.289000,3409.280000,9527869300
2018-07-04,3398.779000,3418.331000,3359.086000,3363.747000,7515799700
2018-07-05,3365.555000,3398.485000,3330.711000,3342.438000,8158798100
2018-07-06,3347.062000,3396.246000,3295.730000,3365.123000,8609757900
2018-07-09,3378.906000,3459.315000,3378.906000,3459.184000,7660154500
2018-07-10,3464.906000,3474.140000,3437.271000,3467.516000,6954882300
2018-07-11,3398.927000,3427.571000,3375.144000,3407.530000,7204095000
2018-07-12,3403.330000,3499.097000,3403.330000,3481.056000,9635356400
2018-07-13,3488.497000,3499.764000,3474.912000,3492.690000,7295589700
2018-07-16,3488.967000,3506.236000,3459.731000,3472.086000,6828199900
2018-07-17,3466.424000,3467.185000,3420.971000,3449.377000,6198307600
2018-07-18,3456.607000,3479.264000,3430.156000,3431.323000,6653033000
2018-07-19,3444.803000,3466.506000,3417.963000,3428.343000,6847771600
2018-07-20,3426.456000,3505.928000,3398.953000,3492.894000,10198472700
2018-07-23,3471.856000,3527.534000,3464.648000,3525.750000,11903662700
2018-07-24,3530.664000,3596.513000,3530.664000,3581.706000,15691243500
2018-07-25,3589.506000,3589.984000,3566.314000,3577.752000,9675850100
2018-07-26,3583.317000,3593.923000,3528.644000,3536.246000,9034964100
2018-07-27,3533.771000,3545.406000,3512.703000,3521.227000,7017810400
2018-07-30,3520.854000,3550.902000,3489.549000,3515.079000,8211699500
2018-07-31,3510.474000,3528.154000,3493.155000,3517.657000,6798081700
2018-08-01,3530.030000,3543.606000,3446.777000,3447.388000,9034861700
2018-08-02,3434.352000,3434.352000,3322.096000,3370.958000,10130872700
2018-08-03,3366.664000,3381.342000,3315.201000,3315.284000,7079691000
2018-08-06,3312.815000,3344.246000,3257.686000,3273.273000,7797508300
2018-08-07,3284.979000,3368.962000,3263.499000,3368.870000,9178391600
2018-08-08,3362.149000,3368.160000,3311.769000,3314.508000,7928486500
2018-08-09,3303.477000,3408.391000,3299.616000,3397.530000,9195757200
2018-08-10,3398.414000,3424.041000,3380.573000,3405.019000,6896729900
2018-08-13,3369.981000,3396.188000,3336.696000,3390.344000,7619153200
2018-08-14,3386.483000,3391.729000,3356.614000,3372.914000,6065144600
2018-08-15,3371.959000,3372.137000,3288.709000,3291.976000,6817405500
2018-08-16,3251.856000,3315.203000,3231.556000,3276.728000,7654736600
2018-08-17,3305.895000,3311.573000,3224.100000,3229.620000,6739541300
2018-08-20,3238.215000,3267.250000,3209.012000,3267.250000,7090422800
2018-08-21,3271.840000,3331.708000,3270.030000,3326.649000,7520558300
2018-08-22,3328.969000,3328.969000,3299.394000,3307.955000,5078705700
2018-08-23,3308.459000,3336.112000,3285.814000,3320.026000,6111233400
2018-08-24,3308.478000,3353.045000,3291.865000,3325.335000,6376589700
2018-08-27,3339.389000,3406.574000,3339.265000,3406.574000,9427008200
2018-08-28,3408.150000,3416.593000,3388.814000,3400.171000,7544536300
2018-08-29,3393.053000,3398.714000,3377.123000,3386.574000,6702040400
2018-08-30,3385.805000,3402.563000,3349.469000,3351.094000,6838529000
2018-08-31,3333.380000,3356.576000,3310.873000,3334.504000,7620563000
2018-09-03,3320.690000,3325.607000,3291.784000,3321.825000,6642985500
2018-09-04,3324.186000,3370.963000,3307.959000,3363.898000,6708880700
2018-09-05,3349.698000,3354.199000,3298.141000,3298.141000,6430188800
2018-09-06,3286.665000,3311.497000,3253.755000,3262.881000,6230028800
2018-09-07,3273.891000,3316.615000,3253.725000,3277.644000,6394740800
2018-09-10,3271.382000,3277.884000,3227.848000,3230.068000,6381705100
2018-09-11,3229.705000,3245.617000,3209.112000,3224.212000,5849130500
2018-09-12,3216.991000,3225.601000,3194.979000,3202.025000,5462789900
2018-09-13,3239.685000,3249.593000,3191.398000,3236.566000,6729032700
2018-09-14,3242.831000,3254.104000,3227.944000,3242.090000,6013064000
2018-09-17,3224.927000,3230.788000,3200.510000,3204.922000,5225954700
2018-09-18,3193.642000,3270.107000,3193.642000,3269.432000,7042503500
2018-09-19,3261.997000,3335.991000,3258.310000,3312.482000,8917066600
2018-09-20,3314.876000,3332.309000,3303.073000,3310.126000,6456105700
2018-09-21,3320.696000,3410.486000,3307.767000,3410.486000,10841600500
2018-09-25,3375.972000,3394.377000,3367.025000,3379.804000,6905469300
2018-09-26,3388.558000,3448.260000,3383.235000,3417.241000,9317334300
2018-09-27,3415.953000,3423.710000,3394.732000,3403.590000,6976524100
2018-09-28,3409.960000,3444.988000,3404.697000,3438.865000,8437775600
2018-10-08,3361.559000,3364.464000,3285.253000,3290.899000,9788898900
2018-10-09,3290.171000,3309.798000,3276.132000,3288.691000,6672327400
2018-10-10,3295.429000,3315.731000,3256.582000,3281.598000,6449282800
2018-10-11,3179.541000,3209.520000,3099.040000,3124.114000,12094134200
2018-10-12,3123.372000,3184.122000,3094.966000,3170.726000,9861115100
2018-10-15,3173.847000,3183.130000,3120.231000,3126.452000,6960502300
2018-10-16,3128.576000,3166.092000,3089.367000,3100.974000,6888772100
2018-10-17,3140.684000,3149.134000,3062.554000,3118.246000,7683713800
2018-10-18,3097.790000,3097.790000,3043.382000,3044.392000,7377196800
2018-10-19,3017.749000,3137.748000,3009.498000,3134.946000,9883968800
2018-10-22,3159.561000,3297.380000,3159.561000,3270.273000,14586204500
2018-10-23,3273.127000,3276.021000,3163.570000,3183.426000,12101324100
2018-10-24,3169.457000,3245.397000,3164.293000,3188.202000,11090974400
2018-10-25,3107.840000,3197.321000,3099.889000,3194.308000,10695181700
2018-10-26,3204.285000,3218.102000,3151.924000,3173.635000,10129935400
2018-10-29,3157.488000,3158.811000,3062.580000,3076.889000,9183978900
2018-10-30,3061.930000,3146.628000,3050.771000,3110.261000,11607010100
2018-10-31,3116.658000,3168.919000,3106.028000,3153.823000,11120745500
2018-11-01,3185.202000,3217.803000,3173.099000,3177.034000,13265337900
2018-11-02,3258.609000,3290.246000,3222.435000,3290.246000,15346610400
2018-11-05,3269.470000,3279.878000,3230.363000,3262.835000,10970668300
2018-11-06,3254.978000,3254.978000,3213.895000,3243.150000,8386913800
2018-11-07,3243.878000,3270.500000,3218.422000,3221.910000,9161552800
2018-11-08,3251.728000,3253.574000,3207.708000,3212.774000,7641454000
2018-11-09,3193.304000,3193.304000,3166.311000,3167.444000,8428276200
2018-11-12,3160.247000,3206.513000,3152.440000,3205.141000,8806239100
2018-11-13,3164.922000,3254.768000,3161.098000,3237.382000,12649346400
2018-11-14,3233.641000,3239.245000,3200.229000,3204.943000,11380865900
2018-11-15,3201.281000,3242.384000,3198.781000,3242.372000,9855881000
2018-11-16,3242.879000,3282.390000,3223.722000,3257.674000,12687683500
2018-11-19,3258.792000,3294.603000,3251.067000,3294.603000,11595659500
2018-11-20,3268.077000,3278.785000,3213.683000,3218.408000,10936115400
2018-11-21,3187.103000,3230.258000,3185.239000,3226.492000,8411972600
2018-11-22,3232.973000,3235.452000,3199.698000,3214.427000,6509829100
2018-11-23,3208.593000,3212.195000,3139.386000,3143.475000,8463825500
2018-11-26,3148.672000,3169.442000,3131.636000,3141.243000,5937914000
2018-11-27,3152.774000,3162.012000,3126.289000,3137.241000,5540783200
2018-11-28,3137.748000,3179.411000,3126.618000,3178.933000,7488195500
2018-11-29,3198.826000,3204.857000,3137.654000,3137.654000,8049846600
2018-11-30,3136.196000,3175.154000,3132.423000,3172.690000,7092104400
2018-12-03,3260.686000,3273.640000,3228.361000,3260.950000,12148715700
2018-12-04,3256.228000,3267.940000,3243.695000,3267.710000,7941503900
2018-12-05,3224.256000,3266.904000,3219.979000,3252.004000,7615305200
2018-12-06,3218.113000,3223.522000,3179.895000,3181.673000,7632877100
2018-12-07,3187.492000,3193.819000,3176.706000,3181.565000,5336192400
2018-12-10,3153.523000,3170.152000,3134.385000,3144.763000,6343727300
2018-12-11,3148.226000,3161.956000,3143.607000,3159.816000,5322387700
2018-12-12,3181.566000,3182.211000,3160.278000,3170.609000,5330991400
2018-12-13,3178.891000,3234.082000,3169.423000,3219.692000,9044275500
2018-12-14,3207.348000,3210.722000,3165.911000,3165.911000,8430125000
2018-12-17,3158.284000,3167.513000,3134.365000,3161.197000,6649700700
2018-12-18,3139.949000,3165.002000,3114.468000,3128.427000,6382031900
2018-12-19,3133.742000,3137.010000,3086.758000,3091.126000,5552229900
2018-12-20,3083.544000,3097.720000,3044.293000,3067.417000,6974946300
2018-12-21,3055.326000,3057.401000,3007.610000,3029.395000,7675810100
2018-12-24,3015.497000,3040.352000,3007.329000,3038.198000,5729961500
2018-12-25,3006.879000,3030.142000,2964.875000,3017.282000,7868942500
2018-12-26,3012.869000,3029.061000,2996.483000,3002.033000,5564703200
2018-12-27,3042.949000,3047.235000,2990.506000,2990.506000,8054178500
2018-12-28,2994.795000,3024.353000,2984.818000,3010.654000,7105377900
2019-01-02,3017.067000,3018.776000,2958.488000,2969.535000,6866302100
2019-01-03,2963.019000,3000.441000,2953.255000,2964.842000,7086710300
2019-01-04,2940.192000,3036.815000,2935.830000,3035.874000,10331897200
2019-01-07,3055.154000,3061.749000,3035.912000,3054.303000,10116435900
2019-01-08,3049.875000,3055.510000,3038.534000,3047.704000,8617058500
2019-01-09,3065.231000,3117.961000,3062.847000,3078.476000,10736435000
2019-01-10,3077.482000,3092.541000,3062.572000,3072.686000,8527175600
2019-01-11,3082.262000,3102.833000,3071.026000,3094.778000,7178642400
2019-01-14,3092.498000,3097.406000,3064.383000,3067.785000,6612170200
2019-01-15,3071.519000,3129.371000,3064.671000,3127.990000,8877296200
2019-01-16,3126.135000,3135.012000,3117.293000,3128.652000,8021434100
2019-01-17,3132.629000,3141.710000,3110.061000,3111.417000,8017487100
2019-01-18,3124.503000,3171.686000,3120.346000,3168.174000,10396383400
2019-01-21,3170.877000,3199.213000,3170.877000,3185.636000,9391502200
2019-01-22,3181.949000,3181.949000,3135.338000,3143.317000,7299052800
2019-01-23,3136.096000,3157.627000,3131.867000,3141.053000,5987047800
2019-01-24,3146.605000,3165.630000,3125.301000,3158.782000,7293463600
2019-01-25,3165.181000,3203.175000,3164.408000,3184.470000,8396772900
2019-01-28,3203.119000,3228.868000,3174.724000,3183.778000,8262243100
2019-01-29,3177.261000,3200.990000,3148.235000,3193.970000,7765833400
2019-01-30,3181.655000,3202.896000,3167.893000,3168.483000,6374651700
2019-01-31,3182.699000,3216.067000,3178.011000,3201.633000,8624783900
2019-02-01,3225.734000,3247.496000,3207.717000,3247.397000,8201964100
2019-02-11,3239.808000,3307.064000,3239.808000,3306.473000,9881843400
2019-02-12,3306.352000,3335.361000,3298.634000,3330.335000,12223246200
2019-02-13,3337.779000,3405.577000,3329.144000,3397.028000,16382833200
2019-02-14,3392.855000,3415.399000,3381.982000,3402.140000,15112729000
2019-02-15,3391.242000,3395.029000,3335.871000,3338.705000,14366860300
2019-02-18,3366.423000,3445.745000,3366.423000,3445.745000,18288608900
2019-02-19,3454.722000,3480.794000,3419.073000,3439.608000,17908378500
2019-02-20,3449.932000,3463.774000,3421.505000,3451.927000,14739031100
2019-02-21,3450.141000,3500.252000,3431.631000,3442.706000,18014328700
2019-02-22,3439.378000,3520.118000,3417.978000,3520.118000,18723797400
2019-02-25,3575.853000,3729.483000,3574.689000,3729.483000,34255712200
2019-02-26,3734.706000,3762.113000,3679.271000,3684.694000,35803869800
2019-02-27,3682.812000,3737.632000,3638.333000,3678.392000,28623600700
2019-02-28,3675.264000,3695.465000,3650.054000,3669.370000,18481022000
2019-03-01,3699.216000,3749.714000,3668.765000,3749.714000,20471100400
2019-03-04,3783.037000,3886.580000,3764.776000,3794.104000,32349012600
2019-03-05,3785.376000,3816.162000,3770.786000,3816.013000,23085316600
2019-03-06,3822.859000,3855.156000,3787.523000,3848.090000,31807737100
2019-03-07,3841.146000,3845.182000,3778.800000,3808.850000,32984654800
2019-03-08,3721.402000,3774.543000,3656.192000,3657.579000,31799007700
2019-03-11,3663.977000,3731.909000,3650.813000,3729.955000,23091286500
2019-03-12,3758.315000,3804.720000,3723.679000,3755.352000,27492638200
2019-03-13,3758.713000,3763.093000,3708.815000,3724.194000,23368224800
2019-03-14,3710.293000,3747.819000,3673.851000,3698.486000,19081723700
2019-03-15,3713.936000,3782.236000,3713.936000,3745.005000,17517454400
2019-03-18,3753.644000,3851.748000,3733.678000,3851.748000,21692806000
2019-03-19,3856.589000,3868.335000,3815.219000,3833.963000,18172711000
2019-03-20,3825.336000,3855.147000,3790.512000,3835.440000,17563209000
2019-03-21,3840.278000,3864.070000,3823.466000,3836.891000,19631031000
2019-03-22,3838.126000,3845.581000,3786.592000,3833.801000,17135699300
2019-03-25,3776.443000,3807.179000,3741.606000,3742.825000,19858632900
2019-03-26,3766.529000,3770.843000,3687.547000,3700.439000,17304657900
2019-03-27,3724.406000,3750.264000,3703.451000,3743.388000,13875845400
2019-03-28,3731.061000,3755.716000,3710.081000,3728.395000,13327212900
2019-03-29,3739.774000,3876.379000,3739.774000,3872.341000,21563910300
2019-04-01,3901.170000,3982.909000,3901.170000,3973.928000,27138270400
2019-04-02,3986.344000,3988.098000,3956.506000,3971.285000,22600034100
2019-04-03,3947.870000,4026.497000,3939.784000,4022.157000,23191736800
2019-04-04,4039.742000,4072.114000,4021.706000,4062.231000,26041093900
2019-04-08,4097.103000,4122.603000,4017.489000,4057.229000,26750557600
2019-04-09,4063.814000,4084.243000,4038.283000,4075.430000,18295680800
2019-04-10,4062.443000,4115.378000,4035.474000,4085.847000,19468761300
2019-04-11,4083.462000,4097.125000,3990.239000,3997.578000,16904964100
2019-04-12,3986.782000,4006.934000,3961.464000,3988.617000,13586211800
2019-04-15,4056.492000,4085.388000,3974.226000,3975.524000,18264557100
2019-04-16,3958.096000,4085.789000,3943.488000,4085.789000,20204196600
2019-04-17,4080.717000,4106.616000,4057.503000,4087.240000,18036711700
2019-04-18,4085.115000,4094.053000,4056.236000,4072.075000,14656212300
2019-04-19,4076.295000,4120.636000,4046.204000,4120.608000,15079491000
2019-04-22,4125.972000,4126.091000,4015.475000,4025.611000,18935374500
2019-04-23,4021.628000,4061.086000,4005.283000,4019.005000,15561165000
2019-04-24,4033.629000,4044.338000,3967.806000,4030.089000,14549869500
2019-04-25,4013.603000,4022.563000,3938.325000,3941.816000,15972207100
2019-04-26,3921.891000,3943.833000,3887.253000,3889.275000,14200806800
2019-04-29,3896.582000,3953.229000,3875.452000,3900.334000,15387092700
2019-04-30,3887.180000,3923.108000,3885.147000,3913.211000,11623337600
2019-05-06,3775.077000,3791.612000,3647.141000,3684.617000,19747288200
2019-05-07,3702.266000,3738.177000,3671.834000,3720.668000,13284765400
2019-05-08,3648.549000,3722.933000,3642.498000,3667.457000,11286735500
2019-05-09,3637.346000,3656.897000,3584.823000,3599.700000,10103739400
2019-05-10,3643.056000,3732.924000,3589.291000,3730.451000,14800384700
2019-05-13,3675.760000,3702.901000,3658.000000,3668.726000,10339186000
2019-05-14,3630.439000,3683.262000,3630.439000,3645.150000,10231346000
2019-05-15,3674.993000,3741.041000,3674.993000,3727.092000,11016176900
2019-05-16,3720.039000,3745.141000,3707.903000,3743.964000,11625827400
2019-05-17,3744.875000,3745.356000,3637.583000,3648.761000,12845324500
2019-05-20,3635.736000,3644.500000,3583.832000,3617.792000,10896347700
2019-05-21,3619.437000,3690.088000,3610.682000,3666.776000,11102292000
2019-05-22,3663.153000,3679.273000,3634.748000,3649.380000,9834612800
2019-05-23,3629.528000,3631.474000,3578.113000,3583.965000,9989778100
2019-05-24,3584.902000,3623.390000,3580.785000,3593.914000,8093404800
2019-05-27,3592.603000,3648.027000,3556.257000,3637.197000,10883087100
2019-05-28,3633.018000,3683.231000,3627.788000,3672.261000,11788624000
2019-05-29,3642.542000,3693.227000,3637.348000,3663.909000,9335544100
2019-05-30,3648.850000,3650.972000,3612.625000,3641.183000,9420256100
2019-05-31,3640.996000,3668.180000,3627.545000,3629.789000,8922226700
2019-06-03,3640.613000,3672.814000,3613.127000,3632.013000,10072318000
2019-06-04,3632.560000,3636.128000,3584.461000,3598.467000,8709709400
2019-06-05,3627.795000,3634.454000,3593.952000,3597.105000,8864202000
2019-06-06,3601.036000,3601.036000,3557.017000,3564.678000,8553440300
2019-06-10,3578.008000,3623.730000,3568.279000,3610.744000,9237506100
2019-06-11,3617.524000,3723.142000,3617.524000,3719.276000,14348280600
2019-06-12,3706.864000,3711.879000,3683.939000,3691.096000,11917885300
2019-06-13,3689.583000,3697.592000,3654.274000,3685.393000,9633171800
2019-06-14,3690.476000,3709.652000,3650.910000,3654.880000,10181700400
2019-06-17,3654.443000,3683.774000,3645.498000,3654.825000,7297667800
2019-06-18,3661.130000,3675.645000,3638.780000,3667.619000,7069226600
2019-06-19,3761.338000,3771.347000,3715.133000,3715.938000,12559571500
2019-06-20,3718.942000,3845.791000,3717.186000,3828.518000,16887207300
2019-06-21,3832.732000,3856.086000,3817.307000,3833.938000,15363515500
2019-06-24,3836.305000,3853.545000,3819.769000,3841.266000,10008462100
2019-06-25,3837.426000,3838.058000,3755.010000,3801.310000,12407591200
2019-06-26,3779.513000,3809.758000,3771.716000,3794.331000,8182028300
2019-06-27,3807.538000,3854.080000,3805.833000,3834.817000,10531635800
2019-06-28,3832.060000,3835.233000,3803.055000,3825.587000,8476613900
2019-07-01,3899.331000,3936.668000,3886.909000,3935.812000,15837034000
2019-07-02,3931.049000,3942.426000,3918.938000,3937.169000,13186349600
2019-07-03,3927.437000,3927.437000,3878.841000,3893.534000,11199260300
2019-07-04,3895.198000,3906.889000,3854.693000,3873.102000,9934225600
2019-07-05,3875.374000,3900.310000,3857.928000,3893.203000,7400652700
2019-07-08,3875.755000,3875.755000,3775.026000,3802.790000,10953908600
2019-07-09,3798.095000,3811.099000,3774.764000,3793.130000,7484273200
2019-07-10,3807.950000,3810.396000,3774.230000,3786.739000,7283394800
2019-07-11,3806.186000,3830.739000,3774.414000,3785.221000,7531196500
2019-07-12,3783.073000,3820.235000,3774.522000,3808.731000,7546596700
2019-07-15,3792.641000,3844.868000,3745.855000,3824.188000,10120522200
2019-07-16,3819.247000,3828.326000,3799.867000,3806.845000,8073095200
2019-07-17,3800.106000,3820.271000,3787.897000,3804.638000,9518388500
2019-07-18,3793.189000,3793.392000,3767.996000,3768.402000,8749644500
2019-07-19,3787.508000,3828.151000,3787.508000,3807.955000,8808614900
2019-07-22,3813.502000,3816.539000,3765.443000,3781.683000,9210137700
2019-07-23,3783.541000,3792.965000,3768.761000,3789.914000,7131334600
2019-07-24,3803.587000,3840.058000,3803.574000,3819.833000,9094068400
2019-07-25,3821.390000,3851.067000,3812.953000,3851.067000,9374041700
2019-07-26,3835.228000,3863.588000,3832.522000,3858.569000,8325930000
2019-07-29,3857.939000,3862.747000,3842.426000,3854.270000,8481437000
2019-07-30,3861.570000,3890.730000,3861.570000,3870.318000,9412395500
2019-07-31,3856.745000,3856.745000,3830.091000,3835.359000,8215115500
2019-08-01,3819.324000,3831.264000,3791.546000,3803.469000,8411418000
2019-08-02,3729.131000,3754.533000,3720.058000,3747.438000,10833589700
2019-08-05,3724.410000,3739.503000,3675.688000,3675.688000,10132598100
2019-08-06,3609.112000,3649.895000,3575.863000,3636.329000,12983387100
2019-08-07,3654.632000,3659.078000,3621.431000,3621.431000,8423871600
2019-08-08,3651.357000,3675.460000,3646.939000,3669.294000,8845770700
2019-08-09,3686.749000,3689.177000,3628.116000,3633.530000,8529558000
2019-08-12,3647.866000,3699.105000,3643.316000,3699.105000,8208305600
2019-08-13,3675.587000,3686.430000,3658.013000,3665.752000,7650030200
2019-08-14,3712.066000,3717.558000,3680.609000,3682.402000,9120259000
2019-08-15,3618.009000,3694.299000,3612.111000,3694.001000,8859883200
2019-08-16,3697.941000,3738.096000,3687.075000,3710.539000,8831916900
2019-08-19,3736.034000,3791.095000,3720.689000,3791.095000,13932701300
2019-08-20,3786.026000,3799.898000,3778.731000,3787.732000,10860208800
2019-08-21,3778.309000,3792.596000,3775.447000,3781.758000,8229988000
2019-08-22,3793.855000,3797.329000,3771.205000,3793.506000,8580779200
2019-08-23,3796.882000,3829.361000,3788.035000,3820.864000,8795458300
2019-08-26,3756.362000,3778.867000,3753.165000,3765.911000,9385926900
2019-08-27,3791.459000,3848.236000,3790.873000,3816.946000,12473147800
2019-08-28,3818.813000,3822.588000,3790.138000,3802.584000,8875081200
2019-08-29,3805.494000,3808.595000,3774.397000,3790.187000,8408338700
2019-08-30,3816.678000,3828.970000,3778.919000,3799.586000,9669515000
2019-09-02,3803.689000,3855.777000,3799.817000,3848.320000,11028934900
2019-09-03,3852.579000,3856.681000,3833.757000,3853.611000,9771463100
2019-09-04,3848.648000,3886.001000,3846.422000,3886.001000,12662861500
2019-09-05,3909.209000,3970.004000,3909.209000,3925.323000,18165623100
2019-09-06,3946.685000,3948.540000,3922.336000,3948.508000,12188237600
2019-09-09,3980.958000,3985.239000,3954.876000,3972.948000,14680975400
2019-09-10,3976.870000,3976.923000,3938.744000,3959.265000,13088938600
2019-09-11,3969.676000,3971.224000,3922.953000,3930.100000,13159487500
2019-09-12,3944.692000,3975.931000,3933.437000,3972.380000,11024127300
2019-09-16,3981.362000,3982.204000,3943.373000,3957.715000,11025980500
2019-09-17,3947.158000,3947.158000,3879.485000,3891.221000,11369431700
2019-09-18,3902.995000,3923.146000,3902.511000,3910.084000,8205615200
2019-09-19,3923.963000,3924.382000,3897.067000,3924.382000,8598423800
2019-09-20,3933.459000,3942.224000,3921.412000,3935.651000,10345595500
2019-09-23,3925.186000,3925.186000,3868.214000,3890.662000,9403622500
2019-09-24,3895.866000,3927.012000,3886.140000,3901.076000,8778323000
2019-09-25,3887.555000,3889.839000,3867.228000,3870.984000,8952083500
2019-09-26,3884.702000,3890.745000,3840.247000,3841.139000,10269830100
2019-09-27,3843.458000,3859.500000,3832.247000,3852.653000,7400394700
2019-09-30,3842.074000,3857.232000,3813.549000,3814.528000,6593131300
2019-10-08,3818.589000,3861.643000,3818.589000,3837.679000,7665786000
2019-10-09,3822.607000,3845.340000,3805.067000,3843.239000,7585451200
2019-10-10,3838.487000,3877.142000,3829.433000,3874.639000,7922269400
2019-10-11,3885.520000,3922.369000,3868.842000,3911.725000,9341257700
2019-10-14,3944.859000,3983.812000,3934.733000,3953.241000,12239361100
2019-10-15,3953.165000,3953.165000,3928.151000,3936.250000,8527394900
2019-10-16,3939.276000,3964.046000,3919.017000,3922.685000,8322970700
2019-10-17,3929.386000,3935.812000,3913.917000,3925.222000,6486374500
2019-10-18,3935.420000,3940.541000,3864.965000,3869.378000,8232114000
2019-10-21,3865.344000,3884.745000,3856.037000,3880.840000,7418291800
2019-10-22,3896.315000,3897.435000,3870.549000,3895.881000,6891856600
2019-10-23,3892.677000,3901.424000,3862.197000,3871.085000,7019862500
2019-10-24,3877.924000,3890.196000,3852.583000,3870.668000,7133457500
2019-10-25,3871.769000,3899.722000,3849.034000,3896.792000,7745362000
2019-10-28,3904.982000,3927.796000,3897.818000,3926.585000,9740602000
2019-10-29,3929.708000,3932.375000,3910.226000,3910.226000,8225707500
2019-10-30,3904.717000,3908.100000,3883.447000,3891.226000,7787292300
2019-10-31,3906.859000,3907.151000,3878.876000,3886.752000,8671453900
2019-11-01,3883.808000,3956.080000,3876.416000,3952.387000,10068961200
2019-11-04,3964.005000,3985.357000,3964.005000,3978.122000,10419385500
2019-11-05,3982.116000,4030.638000,3970.866000,4002.813000,11291188000
2019-11-06,4006.327000,4007.501000,3973.776000,3984.882000,9731295200
2019-11-07,3984.553000,4005.383000,3975.548000,3991.875000,8725489800
2019-11-08,4017.674000,4022.036000,3971.573000,3973.011000,9710694800
2019-11-11,3948.619000,3948.619000,3897.550000,3902.978000,9415562100
2019-11-12,3905.958000,3914.882000,3877.740000,3903.689000,7654306900
2019-11-13,3905.283000,3908.420000,3882.431000,3899.982000,7674907800
2019-11-14,3905.928000,3916.946000,3895.142000,3905.857000,8700844600
2019-11-15,3908.489000,3915.105000,3877.089000,3877.089000,8373091700
2019-11-18,3874.441000,3913.103000,3868.317000,3907.929000,7664599300
2019-11-19,3904.100000,3947.039000,3902.378000,3947.039000,8216102500
2019-11-20,3940.134000,3943.227000,3901.987000,3907.864000,7681533300
2019-11-21,3894.539000,3901.826000,3875.968000,3889.598000,6913053800
2019-11-22,3894.174000,3918.839000,3833.503000,3849.995000,9104263900
2019-11-25,3850.966000,3878.251000,3839.420000,3878.206000,10606628900
2019-11-26,3893.435000,3899.110000,3869.595000,3891.653000,11151353700
2019-11-27,3883.429000,3889.978000,3862.701000,3875.619000,7643730500
2019-11-28,3877.901000,3887.690000,3852.011000,3862.303000,6523011900
2019-11-29,3857.188000,3861.658000,3804.829000,3828.671000,7414433100
2019-12-02,3835.513000,3854.751000,3829.313000,3836.059000,7741217300
2019-12-03,3829.212000,3851.121000,3811.628000,3851.087000,7361124000
2019-12-04,3841.663000,3852.992000,3831.075000,3849.819000,7968338500
2019-12-05,3863.609000,3883.403000,3859.822000,3879.364000,8905119300
2019-12-06,3885.058000,3902.385000,3878.700000,3902.385000,7864888700
2019-12-09,3909.530000,3911.968000,3885.251000,3895.447000,9535380600
2019-12-10,3886.444000,3900.959000,3882.088000,3900.384000,8626292800
2019-12-11,3907.159000,3909.385000,3890.341000,3902.749000,9976548000
2019-12-12,3908.454000,3908.454000,3886.119000,3891.024000,8470833000
2019-12-13,3928.004000,3969.457000,3925.276000,3968.221000,14857134900
2019-12-16,3970.709000,3987.587000,3953.513000,3987.546000,14848667000
2019-12-17,3987.743000,4067.136000,3984.519000,4041.800000,20116293700
2019-12-18,4039.724000,4057.640000,4025.343000,4032.783000,15135176400
2019-12-19,4034.616000,4038.544000,4014.895000,4027.150000,11790055800
2019-12-20,4032.152000,4046.726000,4014.930000,4017.253000,12126766200
2019-12-23,4014.693000,4032.172000,3964.380000,3967.096000,12281624600
2019-12-24,3971.560000,3994.509000,3963.665000,3992.958000,9598904500
2019-12-25,3988.657000,4000.556000,3976.356000,3990.867000,9493889000
2019-12-26,3993.669000,4025.988000,3993.541000,4025.988000,10886064000
2019-12-27,4029.245000,4066.796000,4019.722000,4022.028000,15092641100
2019-12-30,4015.520000,4083.690000,4001.495000,4081.633000,15597148800
2019-12-31,4077.752000,4098.144000,4069.009000,4096.582000,12326425800
2020-01-02,4121.349000,4172.656000,4121.349000,4152.241000,18211677200
2020-01-03,4161.219000,4164.299000,4131.864000,4144.965000,14282624400
2020-01-06,4120.521000,4170.638000,4102.380000,4129.295000,17530995300
2020-01-07,4137.402000,4161.250000,4135.097000,4160.227000,13948903100
2020-01-08,4139.632000,4149.813000,4101.980000,4112.317000,16758585000
2020-01-09,4145.535000,4165.657000,4143.592000,4164.370000,13688632400
2020-01-10,4177.578000,4180.977000,4148.482000,4163.185000,11303171900
2020-01-13,4166.925000,4203.988000,4148.601000,4203.988000,11969198200
2020-01-14,4215.158000,4223.508000,4188.081000,4189.886000,12932078300
2020-01-15,4186.881000,4193.869000,4150.880000,4166.734000,10463313600
2020-01-16,4174.817000,4175.294000,4142.180000,4149.043000,10026764200
2020-01-17,4162.194000,4177.028000,4141.645000,4154.853000,9872568200
2020-01-20,4170.737000,4185.963000,4149.488000,4185.830000,12240914700
2020-01-21,4165.020000,4165.020000,4113.325000,4114.309000,13052750700
2020-01-22,4093.801000,4141.177000,4046.487000,4131.931000,12675876300
2020-01-23,4093.323000,4103.524000,3972.393000,4003.901000,16035760300
2020-02-03,3639.909000,3732.157000,3639.909000,3688.358000,15755964700
2020-02-04,3652.004000,3786.863000,3652.004000,3785.638000,21393332800
2020-02-05,3801.099000,3866.011000,3781.613000,3828.527000,17492552400
2020-02-06,3841.754000,3914.915000,3806.960000,3899.775000,17646223500
2020-02-07,3879.553000,3899.884000,3849.713000,3899.869000,15173175900
2020-02-10,3872.374000,3920.167000,3861.007000,3916.005000,14840696900
2020-02-11,3926.420000,3970.522000,3915.708000,3952.464000,14344167400
2020-02-12,3945.666000,3984.433000,3940.667000,3984.433000,12671032100
2020-02-13,3985.876000,3999.550000,3950.142000,3959.919000,14500184300
2020-02-14,3954.234000,4001.563000,3954.023000,3987.734000,14323980300
2020-02-17,3999.651000,4077.446000,3999.651000,4077.424000,18277896900
2020-02-18,4069.832000,4076.388000,4027.786000,4057.511000,16323622000
2020-02-19,4049.586000,4085.170000,4042.845000,4051.311000,16904644100
2020-02-20,4062.897000,4148.529000,4055.811000,4144.656000,21223262400
2020-02-21,4134.875000,4184.438000,4130.168000,4149.490000,21721360400
2020-02-24,4131.836000,4149.010000,4097.175000,4132.839000,21286930300
2020-02-25,4066.302000,4126.708000,4020.908000,4123.854000,24416783100
2020-02-26,4070.099000,4132.782000,4061.125000,4073.015000,26109406100
2020-02-27,4084.078000,4110.528000,4067.441000,4084.876000,18129098100
2020-02-28,3988.727000,4031.145000,3928.066000,3940.049000,23027509300
2020-03-02,3968.844000,4092.539000,3968.844000,4069.666000,21931355900
2020-03-03,4125.136000,4147.653000,4067.909000,4091.362000,21936977700
2020-03-04,4078.500000,4115.262000,4060.729000,4115.052000,18242473000
2020-03-05,4150.210000,4215.851000,4127.039000,4206.725000,23182311500
2020-03-06,4158.202000,4181.310000,4135.390000,4138.507000,17247571700
2020-03-09,4063.076000,4063.076000,3995.131000,3997.133000,20810203500
2020-03-10,3975.229000,4093.002000,3954.751000,4082.732000,19741640200
2020-03-11,4090.935000,4091.270000,4028.396000,4028.429000,16165611100
2020-03-12,3976.114000,3987.434000,3926.270000,3950.911000,15706045800
2020-03-13,3771.014000,3937.181000,3765.148000,3895.313000,18829672200
2020-03-16,3899.860000,3899.860000,3720.513000,3727.840000,18596826000
2020-03-17,3739.783000,3786.891000,3618.307000,3709.682000,16624612900
2020-03-18,3729.685000,3775.851000,3636.257000,3636.257000,15503754700
2020-03-19,3623.789000,3647.987000,3503.187000,3589.093000,18080740700
2020-03-20,3629.513000,3663.952000,3588.777000,3653.224000,13960300000
2020-03-23,3542.684000,3585.801000,3523.788000,3530.306000,13710879000
2020-03-24,3598.655000,3627.759000,3545.452000,3625.115000,14310302100
2020-03-25,3711.475000,3732.654000,3685.994000,3722.518000,15349595800
2020-03-26,3692.608000,3736.254000,3681.267000,3698.047000,11231066500
2020-03-27,3746.391000,3758.783000,3709.921000,3710.061000,12406099500
2020-03-30,3657.462000,3690.639000,3637.585000,3674.111000,12687667300
2020-03-31,3708.140000,3716.071000,3676.202000,3686.155000,11145302500
2020-04-01,3682.297000,3731.780000,3670.965000,3675.076000,11935262000
2020-04-02,3656.323000,3734.531000,3652.317000,3734.531000,11516820900
2020-04-03,3721.482000,3738.832000,3698.982000,3713.218000,9982508300
2020-04-07,3779.908000,3803.629000,3772.205000,3798.021000,14277803000
2020-04-08,3776.417000,3793.002000,3767.292000,3780.345000,11138951300
2020-04-09,3798.488000,3801.725000,3785.312000,3792.811000,10048503200
2020-04-10,3794.843000,3824.744000,3758.960000,3769.178000,10244495600
2020-04-13,3751.709000,3769.876000,3740.194000,3753.257000,7905334300
2020-04-14,3777.834000,3825.760000,3764.984000,3825.699000,11063758500
2020-04-15,3820.851000,3829.801000,3793.440000,3797.362000,10846198400
2020-04-16,3777.799000,3807.357000,3774.559000,3802.381000,9594796500
2020-04-17,3831.923000,3863.452000,3821.420000,3839.487000,13200430100
2020-04-20,3845.460000,3853.798000,3831.553000,3853.455000,10001311500
2020-04-21,3838.231000,3838.231000,3779.997000,3808.047000,10292188800
2020-04-22,3789.130000,3839.383000,3782.215000,3839.383000,8589946400
2020-04-23,3851.913000,3857.471000,3826.557000,3829.753000,9550845000
2020-04-24,3826.312000,3827.212000,3787.071000,3796.972000,9484413500
2020-04-27,3808.017000,3842.871000,3793.766000,3822.769000,9546273500
2020-04-28,3835.348000,3859.675000,3768.200000,3849.147000,12209347600
2020-04-29,3837.514000,3880.744000,3833.716000,3867.032000,9585459000
2020-04-30,3880.409000,3921.700000,3880.409000,3912.577000,13291712500
2020-05-06,3867.259000,3937.691000,3865.988000,3936.254000,13985567500
2020-05-07,3937.592000,3941.483000,3915.905000,3924.895000,10551464600
2020-05-08,3942.997000,3979.663000,3935.981000,3963.622000,11694334100
2020-05-11,3974.761000,3998.097000,3944.504000,3960.180000,12267380300
2020-05-12,3961.343000,3970.112000,3930.211000,3960.238000,9825055400
2020-05-13,3946.643000,3972.525000,3932.571000,3968.253000,8819066900
2020-05-14,3952.199000,3952.199000,3924.045000,3925.218000,8853000400
2020-05-15,3941.125000,3945.196000,3907.402000,3912.816000,9261838200
2020-05-18,3914.660000,3946.431000,3898.404000,3922.912000,11280176200
2020-05-19,3963.775000,3966.852000,3944.072000,3956.250000,9401529100
2020-05-20,3955.715000,3955.715000,3923.921000,3935.222000,10079115000
2020-05-21,3950.598000,3951.743000,3907.579000,3913.795000,9486103300
2020-05-22,3907.576000,3907.576000,3818.149000,3824.064000,10337836000
2020-05-25,3828.321000,3835.633000,3800.180000,3829.325000,7903332600
2020-05-26,3850.001000,3874.748000,3844.478000,3872.770000,7744807600
2020-05-27,3873.698000,3873.698000,3838.425000,3845.614000,8371183100
2020-05-28,3848.489000,3885.421000,3818.432000,3856.632000,9306405400
2020-05-29,3838.377000,3872.303000,3830.419000,3867.023000,9381383200
2020-06-01,3901.726000,3976.315000,3901.726000,3971.340000,13645665200
2020-06-02,3969.952000,3991.776000,3958.977000,3983.568000,14430306000
2020-06-03,4001.171000,4018.676000,3982.930000,3983.648000,13659748300
2020-06-04,3998.164000,3999.805000,3968.572000,3982.185000,10427773700
2020-06-05,3988.224000,4001.251000,3967.926000,4001.251000,10244394200
2020-06-08,4023.606000,4050.221000,4016.102000,4021.955000,13792581300
2020-06-09,4027.561000,4052.156000,4016.339000,4047.029000,11530447900
2020-06-10,4046.232000,4046.232000,4024.419000,4039.705000,11226572800
2020-06-11,4031.740000,4043.012000,3979.752000,3995.885000,12730894100
2020-06-12,3931.624000,4011.059000,3927.249000,4003.083000,13416664900
2020-06-15,3982.967000,4007.140000,3954.988000,3954.988000,13129786000
2020-06-16,3995.579000,4014.570000,3987.864000,4014.570000,11105153900
2020-06-17,4018.609000,4018.609000,3992.134000,4017.594000,10560579900
2020-06-18,4009.783000,4047.557000,4000.901000,4044.384000,13814876100
2020-06-19,4047.048000,4109.360000,4043.493000,4098.710000,15294699000
2020-06-22,4097.507000,4126.942000,4088.782000,4102.046000,15582946500
2020-06-23,4098.037000,4124.725000,4080.753000,4121.794000,12922951000
2020-06-24,4128.100000,4144.678000,4123.358000,4138.990000,12171246500
2020-06-29,4127.935000,4137.370000,4092.535000,4109.716000,13086585400
2020-06-30,4130.003000,4174.424000,4129.775000,4163.964000,12593352100
2020-07-01,4172.643000,4247.784000,4163.495000,4247.784000,16999045600
2020-07-02,4239.408000,4340.104000,4238.116000,4335.845000,25293936800
2020-07-03,4353.194000,4419.596000,4348.454000,4419.596000,29048553900
2020-07-06,4465.808000,4678.112000,4465.808000,4670.095000,40582102500
2020-07-07,4739.610000,4796.316000,4688.057000,4698.126000,40600855300
2020-07-08,4692.862000,4803.364000,4670.650000,4774.004000,34807484700
2020-07-09,4770.077000,4854.120000,4757.294000,4840.771000,35104689300
2020-07-10,4796.087000,4821.375000,4734.473000,4753.133000,31694965100
2020-07-13,4742.374000,4878.077000,4741.874000,4852.961000,32164544600
2020-07-14,4836.166000,4860.440000,4729.926000,4806.690000,29724198500
2020-07-15,4821.516000,4837.476000,4723.361000,4744.469000,27238900600
2020-07-16,4741.530000,4772.564000,4513.654000,4516.253000,28465713300
2020-07-17,4524.772000,4601.373000,4485.821000,4544.701000,20737556300
2020-07-20,4597.204000,4681.943000,4534.231000,4680.305000,24606891400
2020-07-21,4697.503000,4714.293000,4661.444000,4691.043000,20041565900
2020-07-22,4682.658000,4790.449000,4675.349000,4714.445000,22419921100
2020-07-23,4668.740000,4731.400000,4607.659000,4712.436000,23431456900
2020-07-24,4679.027000,4691.698000,4479.393000,4505.591000,24390520300
2020-07-27,4535.005000,4558.119000,4482.441000,4528.450000,17142055100
2020-07-28,4567.669000,4590.250000,4537.685000,4568.258000,16276849800
2020-07-29,4559.163000,4680.558000,4548.854000,4679.008000,18669530500
2020-07-30,4689.763000,4704.631000,4649.768000,4656.151000,16696756600
2020-07-31,4652.182000,4741.808000,4621.964000,4695.046000,18483902600
2020-08-03,4735.899000,4771.369000,4720.025000,4771.311000,21477623900
2020-08-04,4778.487000,4807.078000,4747.775000,4775.802000,23997498500
2020-08-05,4761.764000,4786.703000,4711.272000,4777.109000,19670054800
2020-08-06,4779.238000,4791.857000,4691.157000,4762.764000,22785440600
2020-08-07,4742.294000,4749.022000,4637.843000,4707.926000,21351821600
2020-08-10,4681.755000,4757.663000,4646.289000,4724.870000,20378883200
2020-08-11,4730.375000,4791.534000,4674.864000,4681.784000,20554651100
2020-08-12,4668.890000,4681.621000,4566.274000,4647.645000,20288723900
2020-08-13,4666.490000,4671.769000,4626.103000,4635.713000,15255009200
2020-08-14,4627.610000,4708.071000,4617.632000,4704.629000,14729292100
2020-08-17,4727.120000,4838.086000,4721.359000,4815.226000,26800155600
2020-08-18,4816.570000,4825.386000,4788.829000,4812.756000,18913985400
2020-08-19,4804.666000,4809.050000,4738.009000,4740.678000,19244294800
2020-08-20,4708.125000,4721.436000,4662.803000,4679.154000,15836863900
2020-08-21,4717.787000,4739.484000,4684.810000,4718.843000,14265786400
2020-08-24,4746.404000,4769.467000,4716.605000,4755.849000,15114351200
2020-08-25,4769.211000,4802.412000,4746.313000,4761.951000,14170135100
2020-08-26,4761.719000,4786.425000,4689.881000,4706.130000,15130518000
2020-08-27,4718.062000,4731.935000,4679.362000,4731.345000,11904285000
2020-08-28,4727.292000,4850.488000,4719.353000,4844.265000,15939976500
2020-08-31,4870.934000,4901.212000,4816.212000,4816.215000,20256702900
2020-09-01,4803.392000,4842.135000,4791.783000,4842.122000,13839540200
2020-09-02,4859.075000,4863.551000,4797.520000,4843.887000,15798952400
2020-09-03,4841.502000,4877.012000,4800.058000,4817.095000,14567120100
2020-09-04,4737.237000,4778.203000,4726.556000,4770.219000,12003279600
2020-09-07,4759.521000,4789.303000,4655.560000,4669.368000,14860779100
2020-09-08,4683.826000,4707.897000,4639.053000,4694.389000,13919922700
2020-09-09,4634.247000,4645.197000,4558.030000,4584.589000,16227710700
2020-09-10,4632.099000,4647.751000,4572.206000,4581.978000,15065287800
2020-09-11,4572.257000,4630.884000,4563.106000,4627.283000,11530242400
2020-09-14,4652.054000,4666.986000,4625.988000,4651.051000,10723517900
2020-09-15,4649.447000,4691.500000,4630.537000,4688.483000,10191592500
2020-09-16,4683.006000,4690.682000,4638.459000,4657.358000,10875364100
2020-09-17,4642.054000,4664.949000,4601.639000,4632.714000,10598363100
2020-09-18,4636.642000,4737.804000,4631.705000,4737.089000,16042647500
2020-09-21,4750.748000,4752.980000,4688.720000,4691.428000,12453582700
2020-09-22,4654.218000,4706.210000,4622.111000,4635.761000,11967294700
2020-09-23,4639.659000,4665.960000,4623.553000,4652.327000,9582652800
2020-09-24,4623.954000,4631.948000,4562.209000,4563.066000,11259368300
2020-09-25,4582.482000,4599.539000,4554.720000,4570.022000,9301515500
2020-09-28,4582.647000,4613.632000,4571.151000,4581.909000,8504838900
2020-09-29,4608.293000,4616.677000,4586.354000,4591.799000,8599385800
2020-09-30,4607.575000,4634.724000,4563.411000,4587.395000,8908120000
2020-10-09,4663.610000,4695.404000,4655.085000,4681.141000,11133751200
2020-10-12,4705.188000,4823.267000,4704.155000,4823.158000,15578455800
2020-10-13,4812.899000,4845.919000,4795.373000,4839.201000,11651633800
2020-10-14,4830.458000,4830.458000,4795.907000,4807.102000,11190692300
2020-10-15,4810.782000,4833.893000,4796.265000,4798.736000,10996496200
2020-10-16,4798.916000,4825.552000,4765.967000,4791.676000,11671610200
2020-10-19,4823.494000,4849.605000,4747.336000,4755.488000,12924636100
2020-10-20,4751.369000,4793.467000,4739.458000,4793.467000,9804815600
2020-10-21,4801.631000,4801.631000,4758.855000,4792.828000,10380570300
2020-10-22,4780.595000,4791.808000,4725.499000,4777.985000,10135089100
2020-10-23,4775.467000,4802.456000,4717.098000,4718.488000,10682518400
2020-10-26,4684.047000,4713.395000,4639.302000,4691.236000,10834327500
2020-10-27,4680.137000,4708.462000,4671.854000,4699.279000,9265630400
2020-10-28,4703.004000,4753.313000,4685.601000,4737.272000,10846340200
2020-10-29,4683.607000,4803.032000,4679.253000,4772.920000,11711725000
2020-10-30,4776.473000,4778.509000,4683.472000,4695.334000,13980230300
2020-11-02,4702.746000,4738.024000,4695.444000,4720.831000,14286769300
2020-11-03,4743.174000,4793.396000,4734.175000,4777.561000,13605540800
2020-11-04,4781.448000,4825.464000,4770.558000,4813.656000,11466180600
2020-11-05,4861.338000,4885.112000,4838.000000,4885.112000,13924459400
2020-11-06,4897.630000,4897.630000,4845.429000,4885.718000,15363903400
2020-11-09,4918.861000,4997.802000,4918.861000,4981.350000,19713198400
2020-11-10,4995.413000,4995.413000,4928.932000,4953.876000,17626721400
2020-11-11,4937.758000,4957.585000,4901.707000,4904.898000,16447051500
2020-11-12,4916.774000,4926.342000,4891.510000,4908.463000,11811461900
2020-11-13,4886.978000,4886.978000,4825.758000,4856.851000,13369307900
2020-11-16,4880.958000,4904.172000,4848.624000,4904.172000,14877098000
2020-11-17,4903.120000,4909.290000,4865.394000,4894.786000,15148746400
2020-11-18,4889.675000,4911.088000,4870.716000,4891.672000,16421661600
2020-11-19,4880.922000,4939.791000,4870.201000,4927.989000,13368137800
2020-11-20,4928.222000,4947.430000,4922.590000,4943.288000,12940034100
2020-11-23,4954.599000,5029.652000,4940.449000,5005.027000,20591518700
2020-11-24,4997.049000,5001.061000,4960.982000,4974.286000,15663791100
2020-11-25,4992.747000,5004.773000,4910.700000,4910.700000,17034052700
2020-11-26,4908.321000,4925.286000,4867.815000,4919.591000,13720233800
2020-11-27,4930.593000,4980.765000,4917.348000,4980.765000,16295292200
2020-11-30,4994.106000,5055.192000,4960.252000,4960.252000,26263895000
2020-12-01,4963.130000,5072.549000,4963.130000,5067.098000,20406563800
2020-12-02,5072.976000,5090.608000,5043.309000,5067.145000,19543547600
2020-12-03,5065.453000,5072.305000,5033.789000,5057.060000,17786574800
2020-12-04,5049.523000,5072.387000,5017.851000,5065.916000,14434716700
2020-12-07,5065.729000,5067.870000,5014.609000,5022.235000,13989621700
2020-12-08,5029.106000,5043.061000,4998.922000,5009.879000,12307302900
2020-12-09,5022.385000,5033.642000,4942.520000,4942.699000,13891696500
2020-12-10,4931.293000,4962.743000,4919.770000,4940.525000,12591427000
2020-12-11,4957.824000,4957.824000,4849.355000,4889.629000,15935769700
2020-12-14,4903.627000,4937.260000,4887.660000,4934.835000,12080155200
2020-12-15,4931.602000,4954.189000,4904.793000,4945.100000,11834263300
2020-12-16,4957.297000,4968.856000,4938.193000,4953.867000,10677896800
2020-12-17,4960.729000,5021.617000,4950.371000,5017.478000,13338547900
2020-12-18,5014.321000,5027.445000,4979.005000,4999.968000,12804961800
2020-12-21,4995.762000,5048.507000,4969.999000,5046.840000,14081178200
2020-12-22,5034.983000,5055.135000,4960.946000,4964.773000,16234497000
2020-12-23,4977.299000,5028.451000,4968.151000,5007.124000,14029281900
2020-12-24,5006.005000,5033.038000,4979.237000,5000.015000,11441866700
2020-12-25,4985.770000,5042.098000,4973.681000,5042.014000,12100697900
2020-12-28,5042.943000,5089.345000,5037.858000,5064.415000,13691440700
2020-12-29,5071.449000,5077.417000,5034.308000,5042.936000,14119866200
2020-12-30,5037.985000,5113.711000,5036.629000,5113.711000,14862644800
2020-12-31,5122.480000,5215.618000,5122.480000,5211.289000,17160250900
2021-01-04,5212.931000,5284.434000,5190.937000,5267.718000,21171138200
2021-01-05,5245.836000,5368.505000,5234.378000,5368.505000,22493115900
2021-01-06,5386.514000,5433.469000,5341.430000,5417.668000,19377344400
2021-01-07,5428.394000,5513.657000,5413.353000,5513.657000,21987208000
2021-01-08,5526.288000,5547.473000,5442.694000,5495.431000,20432495600
2021-01-11,5504.236000,5555.692000,5412.505000,5441.158000,23183598300
2021-01-12,5419.500000,5596.353000,5417.627000,5596.353000,22422018600
2021-01-13,5609.264000,5644.720000,5535.144000,5577.971000,26156988600
2021-01-14,5556.213000,5568.018000,5458.682000,5470.456000,24368338000
2021-01-15,5471.391000,5500.635000,5390.274000,5458.081000,23863743500
2021-01-18,5438.162000,5541.461000,5410.775000,5518.521000,20705186900
2021-01-19,5525.969000,5532.479000,5415.717000,5437.523000,21104342500
2021-01-20,5439.911000,5496.049000,5426.536000,5476.434000,17091326000
2021-01-21,5492.959000,5593.106000,5490.563000,5564.969000,20995019700
2021-01-22,5562.379000,5573.659000,5513.877000,5569.776000,19930002000
2021-01-25,5564.124000,5655.480000,5543.266000,5625.923000,19704701900
2021-01-26,5600.902000,5600.902000,5505.996000,5512.968000,17190459000
2021-01-27,5505.771000,5534.993000,5449.639000,5528.003000,16019084100
2021-01-28,5450.370000,5462.235000,5360.377000,5377.143000,17048558500
2021-01-29,5413.968000,5430.202000,5288.096000,5351.965000,18217878400
2021-02-01,5356.854000,5422.299000,5342.046000,5417.648000,16631370600
2021-02-02,5429.703000,5503.215000,5411.517000,5501.092000,16521056500
2021-02-03,5499.296000,5532.886000,5473.124000,5485.201000,18805431700
2021-02-04,5453.976000,5510.054000,5411.575000,5473.948000,18057565400
2021-02-05,5494.701000,5550.771000,5477.652000,5483.414000,18969959800
2021-02-08,5506.142000,5576.491000,5479.853000,5564.562000,16403377500
2021-02-09,5584.165000,5686.250000,5555.054000,5686.250000,16488726000
2021-02-10,5709.684000,5823.422000,5707.330000,5807.719000,17016978600
2021-02-18,5922.071000,5930.912000,5747.663000,5768.381000,21884868600
2021-02-19,5734.019000,5787.887000,5667.321000,5778.842000,21447578000
2021-02-22,5785.510000,5785.510000,5597.333000,5597.333000,28212438200
2021-02-23,5542.684000,5644.755000,5541.109000,5579.668000,23380772700
2021-02-24,5591.480000,5598.828000,5379.728000,5437.568000,22542861000
2021-02-25,5494.471000,5527.630000,5444.165000,5469.558000,23073602800
2021-02-26,5343.904000,5416.320000,5318.858000,5336.761000,21226454300
2021-03-01,5389.250000,5421.555000,5345.945000,5418.784000,17746352300
2021-03-02,5453.285000,5454.969000,5305.055000,5349.630000,19651111500
2021-03-03,5327.347000,5452.396000,5316.481000,5452.213000,19470905400
2021-03-04,5388.479000,5392.373000,5254.777000,5280.706000,21277521100
2021-03-05,5191.970000,5307.820000,5174.246000,5262.796000,20262795600
2021-03-08,5299.791000,5326.260000,5079.798000,5080.025000,23023163500
2021-03-09,5066.155000,5094.311000,4917.909000,4970.999000,23071100400
2021-03-10,5047.059000,5055.279000,4981.616000,5003.612000,16992849000
2021-03-11,5024.559000,5138.415000,5020.578000,5128.216000,18960076600
2021-03-12,5153.674000,5153.674000,5086.823000,5146.379000,20102058900
2021-03-15,5116.123000,5120.876000,4992.399000,5035.544000,20415308400
2021-03-16,5054.409000,5084.309000,5009.951000,5079.362000,16139005400
2021-03-17,5062.771000,5123.545000,5020.126000,5100.858000,14916237600
2021-03-18,5114.587000,5160.457000,5111.129000,5141.768000,14290151800
2021-03-19,5068.532000,5089.918000,4980.761000,5007.091000,16417484900
2021-03-22,5008.395000,5071.338000,4996.541000,5057.152000,16740263200
2021-03-23,5057.063000,5064.020000,4966.534000,5009.246000,15801396700
2021-03-24,4985.401000,5024.327000,4919.893000,4928.685000,15938598200
2021-03-25,4904.068000,4950.761000,4883.662000,4926.347000,13294518900
2021-03-26,4953.945000,5050.829000,4953.945000,5037.990000,14592669700
2021-03-29,5052.263000,5086.654000,5010.390000,5046.877000,14338821500
2021-03-30,5043.095000,5106.037000,5032.795000,5094.729000,13861856000
2021-03-31,5085.950000,5085.950000,5015.607000,5048.361000,14133574300
2021-04-01,5059.936000,5115.429000,5056.872000,5110.777000,12032489000
2021-04-02,5129.855000,5169.831000,5116.347000,5161.557000,12700225400
2021-04-06,5178.640000,5181.149000,5125.330000,5140.342000,10983421000
2021-04-07,5141.656000,5141.656000,5065.193000,5103.743000,14576374800
2021-04-08,5078.263000,5129.132000,5062.073000,5112.209000,14177104700
2021-04-09,5100.042000,5100.042000,5022.093000,5035.337000,12841650900
2021-04-12,5026.979000,5045.602000,4933.013000,4947.746000,15264431400
2021-04-13,4949.807000,4994.540000,4924.198000,4939.644000,13291935800
2021-04-14,4945.686000,4987.119000,4940.269000,4980.628000,12086083800
2021-04-15,4969.910000,4969.910000,4900.303000,4948.974000,10882938400
2021-04-16,4966.900000,4979.173000,4917.960000,4966.181000,11123992400
2021-04-19,4966.409000,5088.211000,4940.747000,5087.017000,15476982400
2021-04-20,5065.776000,5119.859000,5058.925000,5083.365000,13654170000
2021-04-21,5055.240000,5110.562000,5047.992000,5098.745000,12463727700
2021-04-22,5114.280000,5119.225000,5067.138000,5089.244000,12116764500
2021-04-23,5088.826000,5149.983000,5086.491000,5135.453000,12205699100
2021-04-26,5156.594000,5181.107000,5072.959000,5077.237000,15138196700
2021-04-27,5076.642000,5095.984000,5042.610000,5090.520000,12396183700
2021-04-28,5073.973000,5119.446000,5059.263000,5119.242000,12062031800
2021-04-29,5128.280000,5170.585000,5113.648000,5164.169000,14009248000
2021-04-30,5156.356000,5163.252000,5094.929000,5123.489000,16012162100
2021-05-06,5098.801000,5132.899000,5037.408000,5061.124000,15882263000
2021-05-07,5073.455000,5093.747000,4996.037000,4996.053000,17225832100
2021-05-10,5001.437000,5019.393000,4953.697000,4992.422000,17082058500
2021-05-11,4956.079000,5033.494000,4925.915000,5023.060000,15152649700
2021-05-12,5003.817000,5051.168000,4995.405000,5044.548000,12661908600
2021-05-13,4992.352000,5022.084000,4975.446000,4992.974000,13227940600
2021-05-14,5007.629000,5112.984000,4981.295000,5110.590000,15942618000
2021-05-17,5115.306000,5206.695000,5115.306000,5184.985000,15388963400
2021-05-18,5190.935000,5201.672000,5156.792000,5187.601000,11840426100
2021-05-19,5173.167000,5193.557000,5151.639000,5172.272000,11872998300
2021-05-20,5167.055000,5201.594000,5152.036000,5186.412000,13845477500
2021-05-21,5199.129000,5216.162000,5123.117000,5134.148000,12476848500
2021-05-24,5138.815000,5155.588000,5092.389000,5155.588000,12674233600
2021-05-25,5165.036000,5324.361000,5161.524000,5318.478000,18299683900
2021-05-26,5326.117000,5344.284000,5308.739000,5320.593000,16960709600
2021-05-27,5311.373000,5378.476000,5286.050000,5338.233000,14846285500
2021-05-28,5338.728000,5360.277000,5288.652000,5321.089000,16460580600
2021-05-31,5318.083000,5331.629000,5281.685000,5331.570000,14460326900
2021-06-01,5320.475000,5343.753000,5269.259000,5341.680000,14383147400
2021-06-02,5348.344000,5352.640000,5266.785000,5289.974000,13775431900
2021-06-03,5285.710000,5314.369000,5255.072000,5255.286000,14196887800
2021-06-04,5228.276000,5334.490000,5221.229000,5282.277000,14473208700
2021-06-07,5284.891000,5286.842000,5242.948000,5277.627000,12770497100
2021-06-08,5276.971000,5319.041000,5201.140000,5232.117000,13055953200
2021-06-09,5224.950000,5253.356000,5215.351000,5236.449000,12182032100
2021-06-10,5236.469000,5299.530000,5229.518000,5271.466000,13899196700
2021-06-11,5275.746000,5276.104000,5213.599000,5224.703000,18080717300
2021-06-15,5218.565000,5225.502000,5137.409000,5166.560000,14288005800
2021-06-16,5163.249000,5164.519000,5076.022000,5080.491000,12514798500
2021-06-17,5074.384000,5123.365000,5073.821000,5101.892000,12045251800
2021-06-18,5104.930000,5128.031000,5064.921000,5102.466000,14858580500
2021-06-21,5088.089000,5123.783000,5058.570000,5090.385000,13218451600
2021-06-22,5106.074000,5125.819000,5086.278000,5122.158000,13041675300
2021-06-23,5127.191000,5171.033000,5109.757000,5147.394000,13635605800
2021-06-24,5156.564000,5160.435000,5120.584000,5155.974000,12668562500
2021-06-25,5159.802000,5251.608000,5157.476000,5239.968000,15493106100
2021-06-28,5253.608000,5260.637000,5226.220000,5251.760000,13319378300
2021-06-29,5248.525000,5248.525000,5182.677000,5190.545000,12516299700
2021-06-30,5189.380000,5231.426000,5186.625000,5224.041000,10375267100
2021-07-01,5241.204000,5252.264000,5190.876000,5229.664000,12724062000
2021-07-02,5186.661000,5186.661000,5074.362000,5081.117000,13042642400
2021-07-05,5073.779000,5098.231000,5048.004000,5085.792000,13121158900
2021-07-06,5089.778000,5092.207000,5028.506000,5083.104000,14065522000
2021-07-07,5052.420000,5152.771000,5045.406000,5140.490000,14854906000
2021-07-08,5149.310000,5151.217000,5078.930000,5088.257000,17390100800
2021-07-09,5063.148000,5081.409000,5006.412000,5069.436000,16065322600
2021-07-12,5108.378000,5159.412000,5070.319000,5132.709000,20621203900
2021-07-13,5128.614000,5154.051000,5114.943000,5142.099000,16648220900
2021-07-14,5130.752000,5130.752000,5075.125000,5083.085000,18835272000
2021-07-15,5073.263000,5153.806000,5067.677000,5151.463000,18107710300
2021-07-16,5140.904000,5140.904000,5090.632000,5094.773000,16995598200
2021-07-19,5083.728000,5120.824000,5047.623000,5113.495000,15319958900
2021-07-20,5080.216000,5114.003000,5067.862000,5108.994000,12930004400
2021-07-21,5122.784000,5160.545000,5122.305000,5144.043000,16797646900
2021-07-22,5150.386000,5171.210000,5137.880000,5151.752000,18555686400
2021-07-23,5145.431000,5145.431000,5079.997000,5089.228000,21653684700
2021-07-26,5067.307000,5067.307000,4859.603000,4925.299000,22811171000
2021-07-27,4924.282000,4940.860000,4749.033000,4751.313000,23663122500
2021-07-28,4714.295000,4785.657000,4663.901000,4760.483000,19263439300
2021-07-29,4845.760000,4857.971000,4800.013000,4850.275000,17332205400
2021-07-30,4825.700000,4825.700000,4761.038000,4811.170000,18234977600
2021-08-02,4794.819000,4938.815000,4761.459000,4933.736000,22719491800
2021-08-03,4909.233000,4957.029000,4890.850000,4934.458000,20353336000
2021-08-04,4927.736000,4979.291000,4919.657000,4978.848000,17546646100
2021-08-05,4946.167000,4997.140000,4921.938000,4948.670000,16738182900
2021-08-06,4943.043000,4944.349000,4891.797000,4921.565000,15417968800
2021-08-09,4890.257000,5002.894000,4884.039000,4985.563000,18243687100
2021-08-10,4977.816000,5043.761000,4941.240000,5043.148000,16705190200
2021-08-11,5037.082000,5059.789000,5009.978000,5015.341000,18226607400
2021-08-12,4998.073000,5016.263000,4962.985000,4973.351000,16822373300
2021-08-13,4958.758000,4993.743000,4921.281000,4945.983000,15831432100
2021-08-16,4935.923000,4973.376000,4931.369000,4941.068000,16195337300
2021-08-17,4935.004000,4967.565000,4823.392000,4837.403000,18757347200
2021-08-18,4838.471000,4909.541000,4818.901000,4894.238000,19747437800
2021-08-19,4886.564000,4893.467000,4839.568000,4862.139000,20171171900
2021-08-20,4817.494000,4835.153000,4720.826000,4769.268000,17763581000
2021-08-23,4777.735000,4843.819000,4764.009000,4835.878000,16757909300
2021-08-24,4844.593000,4906.204000,4842.748000,4888.390000,19788316300
2021-08-25,4890.521000,4899.765000,4865.765000,4898.157000,18944801600
2021-08-26,4892.204000,4892.204000,4798.695000,4801.609000,19761738700
2021-08-27,4794.974000,4863.469000,4793.591000,4827.043000,18331021100
2021-08-30,4847.035000,4849.160000,4787.200000,4813.270000,21963575700
2021-08-31,4803.085000,4821.756000,4740.752000,4805.610000,23511865800
2021-09-01,4804.686000,4906.402000,4763.299000,4869.459000,32672108000
2021-09-02,4865.822000,4892.705000,4845.625000,4869.411000,26785801300
2021-09-03,4875.066000,4886.548000,4828.699000,4843.062000,26809189600
2021-09-06,4841.062000,4944.450000,4837.786000,4933.726000,24050724500
2021-09-07,4932.976000,5005.961000,4915.612000,4992.829000,24417851900
2021-09-08,4986.795000,5013.976000,4955.888000,4972.132000,26461531500
2021-09-09,4952.492000,4970.147000,4929.950000,4970.013000,25653021700
2021-09-10,4967.976000,5042.799000,4962.371000,5013.522000,28830435200
2021-09-13,5006.775000,5029.724000,4964.960000,4991.660000,24991529800
2021-09-14,4989.835000,5000.977000,4907.316000,4917.162000,24559040200
2021-09-15,4903.847000,4903.847000,4843.116000,4867.319000,18798473000
2021-09-16,4866.794000,4879.531000,4806.144000,4807.698000,21675209900
2021-09-17,4797.113000,4857.958000,4786.088000,4855.940000,20195812700
2021-09-22,4770.732000,4830.850000,4765.230000,4821.768000,19122037600
2021-09-23,4848.222000,4877.336000,4837.557000,4853.196000,22815106400
2021-09-24,4845.638000,4897.060000,4838.535000,4849.428000,20769329000
2021-09-27,4870.848000,4922.563000,4852.200000,4877.370000,21596703000
2021-09-28,4869.085000,4901.311000,4846.631000,4883.828000,17689088000
2021-09-29,4846.021000,4868.068000,4799.877000,4833.928000,18817136600
2021-09-30,4843.953000,4876.073000,4843.953000,4866.383000,14611389600
2021-10-08,4915.731000,4937.092000,4891.625000,4929.941000,16896807700
2021-10-11,4941.292000,4983.729000,4930.713000,4936.192000,16351162400
2021-10-12,4920.660000,4925.488000,4840.770000,4883.837000,16807933700
2021-10-13,4880.144000,4953.375000,4869.831000,4940.109000,13114281300
2021-10-14,4934.258000,4953.923000,4903.250000,4913.612000,11955701300
2021-10-15,4896.558000,4939.815000,4881.014000,4932.108000,14282200100
2021-10-18,4922.514000,4922.514000,4844.938000,4874.775000,14124519900
2021-10-19,4869.391000,4928.143000,4868.811000,4922.723000,13526649300
2021-10-20,4926.773000,4944.022000,4898.365000,4910.185000,14153318300
2021-10-21,4914.738000,4946.176000,4893.853000,4928.016000,14889815400
2021-10-22,4934.870000,4989.887000,4934.870000,4959.725000,14392622800
2021-10-25,4940.896000,4981.650000,4930.112000,4979.524000,14186149000
2021-10-26,4983.238000,5002.575000,4953.479000,4963.098000,14088894300
2021-10-27,4949.227000,4949.227000,4884.942000,4898.164000,14711159300
2021-10-28,4882.586000,4898.658000,4846.278000,4864.138000,15664947200
2021-10-29,4861.267000,4908.770000,4855.759000,4908.770000,15988735300
2021-11-01,4878.128000,4908.206000,4858.249000,4890.685000,17158397400
2021-11-02,4886.185000,4911.227000,4797.899000,4839.846000,18543768800
2021-11-03,4835.809000,4858.713000,4804.366000,4821.112000,14276382000
2021-11-04,4841.091000,4873.939000,4834.743000,4868.742000,13259297000
2021-11-05,4858.900000,4889.684000,4841.744000,4842.346000,14778935900
2021-11-08,4841.153000,4866.082000,4827.689000,4848.180000,13739826400
2021-11-09,4858.253000,4870.791000,4818.539000,4846.744000,11837552600
2021-11-10,4832.801000,4832.801000,4753.996000,4821.193000,13511817900
2021-11-11,4814.766000,4898.653000,4809.111000,4898.653000,16048486300
2021-11-12,4902.929000,4909.084000,4875.349000,4888.375000,13266296900
2021-11-15,4894.412000,4906.330000,4863.396000,4882.378000,12182314900
2021-11-16,4880.896000,4915.372000,4876.500000,4883.321000,12725440600
2021-11-17,4883.248000,4891.523000,4864.520000,4885.754000,10845922300
2021-11-18,4871.422000,4871.422000,4830.412000,4837.619000,11448056500
2021-11-19,4832.060000,4892.809000,4829.567000,4890.058000,12719831200
2021-11-22,4895.388000,4918.996000,4893.273000,4912.399000,13809283600
2021-11-23,4905.759000,4927.521000,4896.878000,4913.346000,15430441100
2021-11-24,4914.027000,4935.489000,4899.611000,4916.658000,13715067300
2021-11-25,4917.606000,4921.333000,4891.728000,4896.442000,11598403100
2021-11-26,4886.952000,4886.952000,4850.811000,4860.127000,12036897400
2021-11-29,4820.005000,4858.532000,4818.706000,4851.423000,13362686200
2021-11-30,4857.183000,4871.253000,4810.219000,4832.026000,12963059600
2021-12-01,4831.889000,4844.524000,4823.925000,4843.851000,12308678900
2021-12-02,4839.914000,4866.851000,4830.323000,4856.163000,14808852100
2021-12-03,4856.980000,4901.018000,4853.351000,4901.018000,14405962600
2021-12-06,4909.429000,4943.903000,4888.693000,4892.621000,17361568300
2021-12-07,4930.826000,4934.097000,4895.218000,4922.102000,17905346000
2021-12-08,4934.406000,4995.930000,4915.790000,4995.930000,15749055900
2021-12-09,5000.687000,5114.501000,4999.410000,5078.690000,22056877600
2021-12-10,5046.268000,5060.055000,5035.809000,5055.117000,19369515400
2021-12-13,5090.021000,5143.841000,5079.728000,5083.801000,21180159600
2021-12-14,5066.350000,5075.214000,5038.858000,5049.695000,15910779000
2021-12-15,5036.284000,5060.368000,5003.778000,5005.899000,15052975200
2021-12-16,5006.611000,5034.732000,4987.225000,5034.732000,14405386700
2021-12-17,5021.339000,5022.107000,4954.759000,4954.760000,14900539900
2021-12-20,4934.966000,4971.673000,4872.685000,4880.418000,16967569000
2021-12-21,4876.514000,4917.799000,4872.949000,4913.485000,14333989800
2021-12-22,4924.577000,4936.673000,4903.165000,4914.454000,13325674000
2021-12-23,4924.291000,4948.739000,4906.747000,4948.739000,13955540600
2021-12-24,4953.062000,4964.906000,4905.979000,4921.345000,14267332300
2021-12-27,4918.146000,4939.689000,4894.160000,4919.324000,12410095200
2021-12-28,4923.692000,4959.145000,4913.598000,4955.964000,13045775700
2021-12-29,4958.646000,4958.646000,4883.480000,4883.480000,11358700200
2021-12-30,4882.156000,4940.178000,4878.648000,4921.511000,12161717800
2021-12-31,4937.463000,4950.364000,4923.139000,4940.373000,12131373700
2022-01-04,4957.984000,4961.453000,4874.534000,4917.765000,15153477600
2022-01-05,4907.935000,4916.282000,4851.984000,4868.120000,17881610000
2022-01-06,4842.156000,4857.560000,4786.433000,4818.232000,15766582600
2022-01-07,4824.318000,4856.652000,4818.193000,4822.369000,18713941300
2022-01-10,4812.230000,4844.393000,4780.819000,4844.045000,15621169600
2022-01-11,4840.009000,4850.879000,4791.885000,4797.774000,14692800400
2022-01-12,4818.890000,4852.731000,4810.919000,4845.579000,14320020400
2022-01-13,4853.031000,4853.063000,4765.242000,4765.919000,14251965300
2022-01-14,4743.912000,4764.052000,4723.943000,4726.732000,14686312600
2022-01-17,4728.760000,4775.239000,4726.708000,4767.276000,11529569100
2022-01-18,4766.781000,4826.300000,4747.920000,4813.347000,15087080200
2022-01-19,4815.811000,4828.752000,4755.930000,4780.378000,13392736000
2022-01-20,4778.262000,4845.005000,4777.568000,4823.509000,16497131500
2022-01-21,4808.773000,4818.305000,4762.564000,4779.314000,13895258500
2022-01-24,4753.941000,4801.098000,4746.448000,4786.738000,11446388000
2022-01-25,4761.950000,4781.391000,4678.247000,4678.451000,13366758600
2022-01-26,4697.099000,4718.995000,4648.128000,4712.311000,10707084200
2022-01-27,4708.099000,4708.436000,4616.027000,4619.877000,12126380400
2022-01-28,4641.814000,4660.519000,4559.833000,4563.772000,12648011200
2022-02-07,4638.575000,4672.654000,4615.005000,4634.090000,14484972000
2022-02-08,4626.437000,4626.437000,4522.471000,4608.773000,15583070800
2022-02-09,4608.149000,4659.461000,4595.283000,4652.061000,14833554700
2022-02-10,4657.211000,4657.211000,4608.091000,4639.863000,15157666600
2022-02-11,4617.874000,4662.596000,4595.875000,4601.395000,15597458400
2022-02-14,4579.420000,4593.632000,4530.057000,4551.688000,14367389400
2022-02-15,4553.811000,4601.453000,4550.543000,4600.103000,11502560000
2022-02-16,4619.846000,4643.100000,4607.218000,4617.989000,10725895500
2022-02-17,4616.896000,4650.159000,4606.952000,4629.165000,11001464300
2022-02-18,4604.567000,4651.342000,4598.100000,4651.236000,10455022800
2022-02-21,4646.052000,4646.672000,4613.297000,4634.314000,11251651200
2022-02-22,4601.918000,4602.066000,4550.804000,4574.153000,12331723700
2022-02-23,4582.006000,4625.298000,4579.295000,4623.047000,12295291600
2022-02-24,4592.069000,4610.879000,4488.476000,4529.319000,18440305800
2022-02-25,4564.632000,4611.860000,4561.896000,4573.425000,14972258300
2022-02-28,4563.743000,4581.646000,4530.676000,4581.646000,13540697800
2022-03-01,4597.855000,4623.431000,4583.917000,4619.686000,12313922000
2022-03-02,4594.017000,4594.017000,4558.442000,4578.601000,11329832500
2022-03-03,4595.025000,4599.397000,4544.431000,4551.628000,13828587700
2022-03-04,4513.364000,4539.393000,4481.493000,4496.430000,12726680600
2022-03-07,4462.517000,4462.517000,4338.304000,4352.778000,16219770600
2022-03-08,4361.642000,4383.647000,4252.539000,4265.391000,16786327700
2022-03-09,4280.979000,4304.482000,4068.193000,4226.346000,19423290000
2022-03-10,4326.204000,4335.673000,4288.508000,4292.837000,14526638300
2022-03-11,4231.196000,4316.044000,4176.452000,4306.522000,15239992100
2022-03-14,4248.153000,4280.361000,4174.758000,4174.758000,13018723600
2022-03-15,4125.487000,4163.418000,3983.812000,3983.812000,20252469900
2022-03-16,4053.099000,4168.585000,3942.861000,4156.081000,19602198200
2022-03-17,4237.672000,4302.743000,4217.804000,4237.696000,17940734400
2022-03-18,4218.474000,4283.368000,4194.940000,4265.902000,14945830500
2022-03-21,4280.140000,4287.817000,4223.024000,4258.746000,12703636000
2022-03-22,4252.566000,4283.334000,4236.689000,4255.295000,12638247000
2022-03-23,4269.609000,4287.577000,4241.957000,4276.517000,11708907800
2022-03-24,4249.533000,4273.957000,4216.851000,4251.306000,10891827200
2022-03-25,4249.073000,4254.845000,4173.930000,4174.574000,10880804600
2022-03-28,4128.838000,4174.121000,4091.298000,4148.466000,11844902100
2022-03-29,4155.418000,4177.213000,4124.718000,4134.144000,10026697200
2022-03-30,4162.167000,4254.099000,4160.735000,4254.099000,13834602400
2022-03-31,4234.716000,4247.360000,4214.535000,4222.597000,13402918500
2022-04-01,4198.819000,4290.671000,4190.084000,4276.158000,13380305300
2022-04-06,4258.833000,4277.524000,4236.728000,4263.841000,15906219500
2022-04-07,4240.024000,4278.113000,4205.743000,4209.100000,13488035300
2022-04-08,4213.211000,4237.813000,4175.529000,4230.767000,14284379300
2022-04-11,4203.790000,4203.790000,4089.093000,4100.070000,14819707100
2022-04-12,4102.971000,4179.973000,4075.796000,4179.973000,14428568400
2022-04-13,4154.412000,4194.037000,4139.737000,4139.737000,12509748900
2022-04-14,4172.644000,4217.061000,4155.551000,4191.568000,12479131600
2022-04-15,4162.372000,4211.317000,4152.974000,4188.747000,12476226300
2022-04-18,4152.931000,4171.743000,4119.994000,4166.384000,11750461000
2022-04-19,4161.933000,4186.939000,4115.418000,4134.902000,11021747100
2022-04-20,4130.543000,4136.166000,4060.504000,4070.789000,11733165800
2022-04-21,4048.734000,4086.439000,3978.367000,3995.830000,13278382800
2022-04-22,3967.202000,4037.084000,3953.722000,4013.250000,12210181100
2022-04-25,3933.446000,3958.210000,3814.913000,3814.913000,16836450200
2022-04-26,3822.489000,3871.850000,3773.899000,3784.120000,15757761100
2022-04-27,3758.084000,3895.731000,3757.086000,3895.536000,17273404600
2022-04-28,3883.420000,3943.435000,3873.578000,3921.107000,15305658600
2022-04-29,3939.624000,4017.428000,3898.570000,4016.241000,17945837700
2022-05-05,3995.353000,4039.700000,3988.931000,4010.210000,15417071600
2022-05-06,3928.855000,3947.238000,3902.051000,3908.815000,12300555100
2022-05-09,3883.951000,3914.112000,3854.935000,3877.436000,9293669400
2022-05-10,3820.628000,3932.682000,3808.570000,3919.868000,13641691800
2022-05-11,3917.932000,4033.303000,3916.525000,3976.423000,16563225600
2022-05-12,3949.949000,3985.927000,3935.589000,3958.740000,11337606600
2022-05-13,3983.820000,4003.854000,3957.139000,3988.600000,10996835700
2022-05-16,4014.996000,4018.028000,3947.746000,3956.538000,11242529400
2022-05-17,3961.761000,4005.893000,3955.102000,4005.893000,10966145400
2022-05-18,4015.013000,4017.341000,3964.750000,3991.907000,10807423300
2022-05-19,3938.296000,3999.598000,3933.745000,3999.598000,11629342000
2022-05-20,4020.816000,4077.602000,4020.816000,4077.600000,14706917300
2022-05-23,4080.969000,4080.969000,4029.085000,4053.982000,13047781000
2022-05-24,4052.868000,4055.783000,3959.154000,3959.154000,14555433600
2022-05-25,3959.767000,3983.624000,3946.808000,3983.178000,10773401500
2022-05-26,3987.682000,4015.747000,3938.239000,3993.045000,12626368900
2022-05-27,4022.710000,4051.143000,3983.384000,4001.299000,11276933700
2022-05-30,4020.858000,4040.819000,4003.377000,4029.018000,11115224100
2022-05-31,4031.762000,4096.197000,4020.378000,4091.518000,13541551300
2022-06-01,4086.618000,4094.901000,4058.847000,4083.177000,11485087900
2022-06-02,4064.000000,4091.152000,4057.914000,4089.568000,11389363800
2022-06-06,4090.529000,4166.615000,4063.906000,4166.085000,16787101100
2022-06-07,4165.690000,4198.086000,4155.168000,4179.129000,14299288100
2022-06-08,4187.148000,4224.810000,4158.033000,4219.812000,15737405700
2022-06-09,4211.723000,4227.448000,4160.881000,4175.675000,16844915400
2022-06-10,4145.651000,4241.354000,4140.220000,4238.994000,18479621400
2022-06-13,4194.457000,4218.233000,4156.715000,4189.353000,16847562200
2022-06-14,4143.223000,4224.086000,4102.929000,4222.311000,17138590400
2022-06-15,4228.293000,4348.423000,4228.293000,4278.218000,25704659000
2022-06-16,4282.083000,4302.921000,4241.075000,4250.061000,18407441600
2022-06-17,4219.234000,4318.766000,4218.682000,4309.044000,15864909800
2022-06-20,4322.832000,4368.356000,4297.891000,4330.433000,16566638200
2022-06-21,4327.916000,4357.340000,4287.141000,4325.566000,16466761500
2022-06-22,4331.902000,4333.183000,4269.246000,4270.623000,15856585400
2022-06-23,4277.956000,4343.878000,4260.900000,4343.878000,17088236000
2022-06-24,4354.553000,4400.685000,4346.122000,4394.772000,16897219900
2022-06-27,4414.332000,4472.695000,4414.332000,4444.264000,17738567600
2022-06-28,4442.581000,4497.895000,4407.352000,4490.517000,17475648900
2022-06-29,4472.735000,4503.131000,4413.996000,4421.357000,18727668800
2022-06-30,4418.066000,4514.997000,4418.066000,4485.011000,15666628900
2022-07-01,4489.520000,4500.985000,4449.291000,4466.718000,14477959900
2022-07-04,4447.216000,4496.034000,4427.823000,4496.030000,14634565100
2022-07-05,4505.457000,4530.325000,4439.451000,4489.538000,15496241500
2022-07-06,4475.482000,4484.362000,4393.417000,4423.970000,14980023500
2022-07-07,4425.281000,4457.343000,4391.194000,4443.474000,13266090600
2022-07-08,4468.063000,4479.494000,4426.886000,4428.781000,12319573900
2022-07-11,4406.148000,4406.148000,4330.582000,4354.617000,13444857800
2022-07-12,4352.646000,4370.341000,4296.622000,4313.618000,13018783800
2022-07-13,4313.359000,4341.466000,4284.942000,4321.462000,13111317900
2022-07-14,4308.823000,4352.098000,4292.760000,4322.074000,14525092600
2022-07-15,4299.471000,4344.857000,4248.527000,4248.527000,15021445300
2022-07-18,4262.154000,4300.778000,4217.506000,4292.586000,12260119200
2022-07-19,4288.444000,4288.444000,4238.824000,4269.340000,10380573000
2022-07-20,4291.281000,4303.367000,4269.972000,4283.803000,9449014400
2022-07-21,4270.362000,4283.147000,4236.050000,4236.058000,11715634400
2022-07-22,4251.787000,4275.470000,4207.314000,4238.234000,10384062400
2022-07-25,4233.928000,4234.845000,4201.919000,4212.644000,8363666400
2022-07-26,4220.091000,4259.985000,4214.534000,4245.976000,8582327400
2022-07-27,4236.154000,4242.095000,4217.281000,4225.036000,7890494000
2022-07-28,4242.274000,4267.918000,4223.029000,4225.673000,10753193000
2022-07-29,4226.425000,4243.514000,4160.874000,4170.102000,11417928600
2022-08-01,4160.648000,4196.574000,4129.453000,4188.678000,10774902900
2022-08-02,4144.377000,4144.377000,4071.431000,4107.024000,14222442500
2022-08-03,4114.825000,4150.980000,4058.179000,4066.975000,11666612400
2022-08-04,4089.442000,4108.159000,4064.659000,4101.537000,8953264400
2022-08-05,4109.629000,4159.485000,4097.863000,4156.911000,10257100400
2022-08-08,4142.111000,4155.730000,4135.081000,4148.075000,9020813800
2022-08-09,4143.666000,4161.809000,4131.425000,4156.291000,8413695900
2022-08-10,4149.207000,4160.787000,4092.546000,4109.737000,8556583900
2022-08-11,4130.741000,4193.812000,4116.056000,4193.543000,12138505100
2022-08-12,4185.420000,4202.466000,4175.050000,4191.152000,10680829500
2022-08-15,4180.001000,4219.918000,4174.300000,4185.679000,10589849500
2022-08-16,4190.527000,4208.801000,4170.520000,4177.837000,9390613900
2022-08-17,4182.567000,4222.787000,4155.173000,4216.959000,11286465900
2022-08-18,4205.785000,4211.914000,4173.541000,4180.100000,10105265000
2022-08-19,4174.546000,4185.658000,4151.074000,4151.074000,11740297800
2022-08-22,4135.162000,4183.650000,4134.201000,4181.397000,11244272000
2022-08-23,4175.531000,4187.388000,4147.413000,4161.082000,10315351200
2022-08-24,4168.576000,4174.157000,4079.093000,4082.420000,11906967900
2022-08-25,4093.295000,4119.620000,4058.745000,4116.240000,11132074500
2022-08-26,4127.814000,4139.788000,4102.682000,4107.546000,9900049300
2022-08-29,4063.883000,4092.947000,4059.596000,4089.521000,9435443200
2022-08-30,4088.526000,4093.136000,4048.524000,4075.794000,9330166200
2022-08-31,4057.144000,4112.849000,4046.623000,4078.840000,13244976500
2022-09-01,4066.187000,4090.885000,4041.128000,4043.740000,9738707100
2022-09-02,4054.842000,4056.181000,4004.911000,4023.613000,8678927800
2022-09-05,4010.405000,4016.999000,3982.740000,4015.426000,9376710900
2022-09-06,4024.473000,4054.004000,4009.583000,4052.280000,11350626500
2022-09-07,4032.723000,4067.544000,4028.374000,4054.983000,10767805900
2022-09-08,4059.169000,4067.758000,4036.023000,4037.684000,10088604900
2022-09-09,4050.585000,4099.008000,4042.250000,4093.787000,11842711400
2022-09-13,4112.012000,4128.111000,4097.141000,4111.115000,11178973700
2022-09-14,4058.044000,4089.058000,4047.919000,4065.359000,9079368100
2022-09-15,4078.650000,4088.808000,3998.856000,4027.119000,12395119600
2022-09-16,4013.583000,4019.410000,3932.683000,3932.683000,13719365500
2022-09-19,3928.424000,3953.649000,3910.311000,3928.000000,9771957500
2022-09-20,3945.647000,3957.554000,3921.688000,3932.836000,8482413400
2022-09-21,3921.318000,3924.391000,3884.227000,3903.735000,8645839100
2022-09-22,3875.177000,3900.274000,3860.231000,3869.344000,8094691900
2022-09-23,3865.105000,3888.396000,3829.691000,3856.021000,9434246200
2022-09-26,3829.596000,3893.319000,3827.950000,3836.677000,10452603100
2022-09-27,3844.069000,3893.028000,3827.927000,3892.295000,8886016000
2022-09-28,3879.440000,3879.440000,3828.055000,3828.710000,8659221300
2022-09-29,3864.316000,3873.182000,3808.650000,3827.143000,8565414200
2022-09-30,3833.350000,3848.602000,3801.280000,3804.885000,7855996600
2022-10-10,3806.560000,3807.457000,3715.714000,3720.937000,10264759500
2022-10-11,3732.019000,3739.808000,3706.063000,3727.687000,8394462500
2022-10-12,3722.866000,3784.306000,3661.526000,3784.306000,10808931900
2022-10-13,3756.418000,3783.596000,3749.639000,3752.673000,9901891500
2022-10-14,3783.316000,3863.227000,3780.842000,3842.470000,11624229300
2022-10-17,3822.243000,3849.621000,3809.120000,3846.412000,10419201900
2022-10-18,3865.826000,3870.216000,3831.172000,3838.267000,8834690700
2022-10-19,3827.466000,3840.487000,3776.534000,3776.534000,8157484400
2022-10-20,3746.579000,3804.247000,3726.793000,3754.927000,9029089500
2022-10-21,3753.890000,3768.690000,3724.690000,3742.893000,9875003800
2022-10-24,3727.915000,3762.158000,3619.988000,3633.373000,13005686400
2022-10-25,3621.936000,3670.733000,3594.701000,3627.454000,11095388200
2022-10-26,3633.311000,3700.880000,3633.311000,3656.903000,12130154800
2022-10-27,3667.665000,3685.084000,3631.064000,3631.145000,11799867500
2022-10-28,3605.160000,3618.864000,3533.499000,3541.330000,11877216200
2022-10-31,3504.507000,3553.387000,3495.951000,3508.703000,13846565500
2022-11-01,3519.817000,3634.173000,3517.621000,3634.173000,14928669800
2022-11-02,3620.369000,3703.465000,3610.803000,3677.805000,14159291900
2022-11-03,3645.060000,3670.157000,3628.499000,3647.897000,11056603500
2022-11-04,3646.771000,3782.882000,3646.771000,3767.175000,14973494900
2022-11-07,3754.523000,3792.794000,3746.372000,3775.297000,12982637100
2022-11-08,3773.661000,3779.116000,3723.342000,3749.325000,9901645100
2022-11-09,3750.782000,3760.407000,3711.268000,3714.270000,8943452500
2022-11-10,3685.827000,3701.531000,3665.059000,3685.689000,10350930200
2022-11-11,3787.757000,3828.900000,3747.090000,3788.439000,18968558600
2022-11-14,3818.145000,3848.412000,3781.778000,3794.017000,16966504800
2022-11-15,3788.926000,3871.642000,3775.499000,3865.973000,15151565000
2022-11-16,3860.811000,3877.678000,3829.313000,3834.390000,12061096400
2022-11-17,3821.271000,3821.742000,3776.574000,3818.664000,10594063200
2022-11-18,3823.821000,3840.302000,3801.569000,3801.569000,11507877700
2022-11-21,3769.627000,3769.873000,3733.995000,3769.127000,9586696600
2022-11-22,3766.082000,3809.858000,3751.045000,3769.573000,14448633400
2022-11-23,3760.216000,3791.178000,3753.214000,3773.529000,14452791100
2022-11-24,3791.540000,3804.899000,3751.382000,3756.808000,10107344700
2022-11-25,3751.282000,3790.566000,3743.414000,3775.776000,14292971100
2022-11-28,3701.902000,3736.081000,3672.131000,3733.242000,12782574800
2022-11-29,3766.570000,3854.774000,3766.570000,3848.422000,17870139200
2022-11-30,3836.560000,3867.659000,3833.827000,3853.037000,15751140000
2022-12-01,3921.295000,3944.565000,3893.872000,3894.769000,16996458500
2022-12-02,3886.403000,3898.115000,3865.884000,3870.948000,11678635000
2022-12-05,3907.638000,3947.476000,3900.674000,3946.876000,20174722100
2022-12-06,3929.006000,3988.901000,3922.997000,3968.198000,15510832300
2022-12-07,3956.672000,3999.586000,3944.183000,3958.441000,14300135600
2022-12-08,3953.199000,3971.493000,3941.297000,3959.180000,11519998600
2022-12-09,3961.992000,4003.318000,3944.440000,3998.244000,15377495400
2022-12-12,3976.172000,3983.433000,3950.320000,3953.443000,12593536800
2022-12-13,3953.548000,3964.396000,3939.980000,3945.681000,10099410000
2022-12-14,3952.789000,3972.738000,3935.767000,3954.886000,9852800600
2022-12-15,3954.672000,3963.500000,3926.500000,3951.989000,8886472500
2022-12-16,3931.232000,3960.471000,3929.487000,3954.227000,9317856700
2022-12-19,3952.771000,3966.568000,3878.437000,3893.221000,10691907500
2022-12-20,3881.226000,3881.273000,3811.476000,3829.017000,8309682200
2022-12-21,3839.001000,3853.727000,3821.404000,3830.538000,6483921500
2022-12-22,3859.204000,3882.126000,3821.342000,3836.028000,8370517300
2022-12-23,3811.616000,3848.344000,3805.949000,3828.219000,6527814800
2022-12-26,3830.568000,3856.807000,3827.519000,3843.489000,7300571200
2022-12-27,3860.905000,3891.850000,3856.580000,3887.854000,7751535000
2022-12-28,3874.913000,3884.721000,3854.941000,3871.264000,8442465600
2022-12-29,3854.236000,3868.293000,3838.480000,3856.701000,7939481500
2022-12-30,3873.936000,3887.553000,3868.757000,3871.634000,7877327200
2023-01-03,3864.836000,3893.990000,3831.245000,3887.899000,11505187500
2023-01-04,3886.250000,3905.903000,3873.655000,3892.948000,11066074300
2023-01-05,3913.493000,3974.875000,3912.260000,3968.578000,11650239500
2023-01-06,3969.549000,4000.414000,3966.470000,3980.889000,11095303800
2023-01-09,3998.528000,4023.090000,3990.707000,4013.120000,11705442500
2023-01-10,4014.713000,4030.457000,4002.230000,4017.474000,10175114100
2023-01-11,4019.884000,4043.399000,4008.015000,4010.031000,9999788900
2023-01-12,4021.755000,4030.288000,4003.508000,4017.869000,9055262700
2023-01-13,4032.291000,4074.377000,4027.886000,4074.377000,9587189600
2023-01-16,4077.879000,4177.104000,4076.639000,4137.964000,15139545500
2023-01-17,4138.843000,4148.584000,4118.157000,4137.242000,9547904000
2023-01-18,4140.102000,4151.458000,4125.769000,4130.314000,8420064500
2023-01-19,4125.577000,4156.008000,4105.980000,4156.008000,9460839800
2023-01-20,4166.844000,4189.831000,4161.670000,4181.527000,12355380900
2023-01-30,4267.625000,4268.152000,4197.860000,4201.345000,16460706400
2023-01-31,4200.581000,4212.735000,4153.048000,4156.858000,12455083500
2023-02-01,4170.132000,4195.933000,4137.766000,4195.933000,14100895400
2023-02-02,4207.412000,4207.412000,4170.557000,4181.149000,13382373600
2023-02-03,4162.026000,4162.026000,4103.165000,4141.632000,11704122100
2023-02-06,4103.831000,4105.945000,4065.222000,4086.878000,11019271700
2023-02-07,4098.312000,4107.344000,4077.962000,4094.234000,9136007200
2023-02-08,4099.857000,4111.475000,4072.647000,4076.141000,8478609900
2023-02-09,4067.563000,4130.857000,4064.749000,4130.857000,10228996100
2023-02-10,4124.099000,4125.289000,4092.347000,4106.310000,9671673300
2023-02-13,4098.880000,4146.450000,4092.273000,4143.574000,12889257700
2023-02-14,4151.247000,4152.049000,4125.258000,4145.290000,10249989000
2023-02-15,4146.855000,4153.716000,4115.967000,4123.689000,12166450800
2023-02-16,4125.409000,4167.900000,4068.859000,4093.488000,15931058500
2023-02-17,4086.224000,4104.640000,4032.929000,4034.507000,11614258900
2023-02-20,4039.962000,4134.862000,4035.476000,4133.490000,16179448100
2023-02-21,4130.063000,4151.799000,4116.272000,4144.354000,14577617300
2023-02-22,4118.967000,4134.876000,4101.860000,4106.951000,10429029500
2023-02-23,4106.214000,4132.390000,4088.207000,4103.646000,10356490600
2023-02-24,4100.990000,4102.609000,4048.237000,4061.046000,10098942500
2023-02-27,4040.457000,4067.030000,4034.524000,4043.844000,9378763000
2023-02-28,4058.130000,4074.264000,4026.448000,4069.459000,11032359100
2023-03-01,4068.733000,4135.481000,4061.217000,4126.942000,15601579400
2023-03-02,4119.992000,4137.253000,4113.826000,4117.738000,14821763700
2023-03-03,4126.018000,4135.212000,4100.383000,4130.551000,16033174100
2023-03-06,4131.153000,4132.837000,4088.448000,4109.010000,16297180700
2023-03-07,4103.642000,4124.961000,4046.568000,4048.852000,19591206800
2023-03-08,4030.739000,4037.287000,4011.523000,4034.108000,11793649300
2023-03-09,4035.843000,4043.849000,4000.890000,4019.851000,11653962900
2023-03-10,3991.796000,4004.361000,3966.428000,3967.135000,12385540900
2023-03-13,3962.643000,4008.686000,3962.643000,4008.686000,14356137000
2023-03-14,3999.880000,4001.942000,3946.941000,3984.696000,15054417400
2023-03-15,4011.844000,4018.750000,3986.902000,3986.902000,14202600700
2023-03-16,3958.196000,3981.321000,3936.476000,3939.151000,15251564400
2023-03-17,3971.159000,4004.215000,3945.250000,3958.819000,17743381800
2023-03-20,3962.663000,3979.549000,3935.016000,3939.077000,20526497000
2023-03-21,3948.157000,3982.705000,3948.157000,3982.378000,14509067900
2023-03-22,3993.785000,4016.450000,3986.709000,3999.443000,14922897000
2023-03-23,3985.993000,4039.090000,3983.999000,4039.090000,15888742100
2023-03-24,4035.156000,4037.842000,4017.003000,4027.046000,15944233000
2023-03-27,4023.303000,4023.303000,3987.030000,4012.477000,16848227900
2023-03-28,4015.697000,4023.783000,3994.600000,3999.515000,13189511700
2023-03-29,4013.593000,4017.757000,3992.666000,4006.144000,13374351000
2023-03-30,4009.557000,4040.502000,3983.896000,4038.526000,14990103700
2023-03-31,4045.454000,4063.568000,4039.959000,4050.926000,13884254600
2023-04-03,4059.623000,4094.938000,4059.061000,4090.568000,18212431300
2023-04-04,4089.293000,4103.158000,4080.068000,4103.105000,19714663100
2023-04-06,4084.132000,4098.833000,4078.405000,4096.640000,15070337400
2023-04-07,4096.901000,4131.313000,4092.185000,4123.280000,12867673800
2023-04-10,4132.010000,4132.295000,4099.052000,4104.812000,15245300200
2023-04-11,4108.506000,4116.125000,4083.495000,4100.148000,15390133300
2023-04-12,4102.397000,4108.245000,4090.278000,4097.288000,16596527800
2023-04-13,4081.387000,4088.881000,4059.574000,4068.979000,15644429500
2023-04-14,4078.970000,4098.215000,4075.205000,4091.999000,15069568200
2023-04-17,4090.072000,4149.384000,4089.509000,4149.384000,18877309500
2023-04-18,4139.309000,4169.668000,4138.462000,4162.032000,17018413000
2023-04-19,4159.394000,4159.394000,4118.626000,4124.559000,16255459200
2023-04-20,4122.946000,4125.823000,4094.002000,4113.019000,16270667700
2023-04-21,4114.264000,4114.264000,4031.912000,4032.567000,18080243500
2023-04-24,4031.303000,4033.637000,3967.907000,3982.643000,17009921700
2023-04-25,3985.106000,3991.687000,3925.436000,3962.666000,17255540900
2023-04-26,3950.255000,3975.656000,3934.663000,3959.232000,16270200600
2023-04-27,3948.031000,3999.130000,3942.815000,3988.419000,15382819500
2023-04-28,3993.256000,4030.447000,3993.256000,4029.086000,17950848800
2023-05-04,4013.471000,4035.783000,4001.126000,4030.247000,22758284600
2023-05-05,4031.095000,4047.602000,3998.392000,4016.877000,20662692400
2023-05-08,4028.106000,4070.772000,4018.961000,4062.662000,25558308500
2023-05-09,4065.439000,4092.850000,4026.389000,4027.875000,27930604800
2023-05-10,4017.936000,4019.059000,3984.629000,3996.870000,20755270900
2023-05-11,4005.782000,4018.058000,3988.482000,3990.664000,14480461900
2023-05-12,3987.769000,3999.383000,3937.527000,3937.762000,14442172800
2023-05-15,3938.830000,3998.887000,3923.032000,3998.887000,17625736200
2023-05-16,4002.524000,4005.015000,3966.992000,3978.205000,13683327100
2023-05-17,3971.702000,3982.604000,3945.714000,3960.165000,11844818500
2023-05-18,3965.516000,3982.718000,3939.553000,3956.070000,13653394700
2023-05-19,3946.222000,3967.282000,3928.316000,3944.540000,12021247900
2023-05-22,3941.002000,3985.403000,3935.802000,3969.328000,10911660500
2023-05-23,3968.235000,3971.939000,3913.188000,3913.188000,11868507700
2023-05-24,3903.782000,3903.782000,3859.094000,3859.094000,13725826500
2023-05-25,3851.405000,3861.382000,3817.837000,3850.500000,12415077000
2023-05-26,3848.417000,3859.629000,3815.570000,3850.951000,10032643900
2023-05-29,3862.084000,3866.724000,3819.182000,3833.942000,13185996700
2023-05-30,3827.792000,3844.005000,3789.274000,3837.753000,13761962900
2023-05-31,3827.163000,3827.163000,3781.403000,3798.543000,12638736800
2023-06-01,3788.590000,3832.205000,3786.734000,3806.868000,13456188100
2023-06-02,3821.620000,3865.284000,3821.620000,3861.834000,12501511000
2023-06-05,3860.556000,3860.556000,3832.458000,3844.249000,11616398900
2023-06-06,3840.459000,3867.845000,3802.845000,3808.163000,12578125800
2023-06-07,3815.482000,3823.112000,3780.102000,3789.342000,9886243200
2023-06-08,3791.083000,3834.389000,3777.775000,3820.187000,11870093400
2023-06-09,3822.409000,3836.703000,3811.219000,3836.703000,13431986300
2023-06-12,3827.325000,3859.716000,3813.858000,3844.432000,12675854300
2023-06-13,3838.129000,3867.303000,3833.460000,3864.907000,11092494600
2023-06-14,3872.716000,3891.666000,3862.061000,3864.025000,12495575900
2023-06-15,3871.775000,3925.499000,3871.775000,3925.499000,12836993800
2023-06-16,3932.211000,3968.013000,3928.542000,3963.351000,13976007600
2023-06-19,3957.033000,3957.033000,3922.474000,3930.908000,13490584800
2023-06-20,3926.094000,3937.495000,3918.473000,3924.238000,12252031800
2023-06-21,3909.104000,3920.128000,3864.032000,3864.032000,11834657500
2023-06-26,3833.444000,3841.286000,3801.054000,3809.696000,13399041900
2023-06-27,3811.687000,3851.896000,3806.324000,3845.433000,11699268100
2023-06-28,3836.609000,3846.852000,3808.161000,3840.799000,10702154100
2023-06-29,3836.731000,3840.713000,3817.376000,3821.844000,9828927400
2023-06-30,3816.335000,3860.031000,3813.552000,3842.452000,10126842900
2023-07-03,3853.292000,3897.327000,3853.292000,3892.882000,13315805100
2023-07-04,3888.033000,3899.976000,3878.398000,3899.013000,10949452700
2023-07-05,3895.195000,3899.519000,3864.130000,3868.805000,9763638400
2023-07-06,3857.030000,3876.890000,3836.457000,3842.755000,10012184200
2023-07-07,3831.596000,3844.844000,3819.077000,3825.699000,10090692000
2023-07-10,3841.559000,3865.457000,3831.920000,3844.327000,9203344100
2023-07-11,3853.796000,3870.655000,3844.524000,3869.486000,8651071600
2023-07-12,3864.601000,3874.040000,3838.563000,3843.437000,11152202400
2023-07-13,3855.662000,3901.102000,3855.662000,3898.423000,12030023200
2023-07-14,3904.603000,3908.487000,3893.786000,3899.103000,12236484600
2023-07-17,3881.623000,3881.623000,3852.263000,3867.175000,9834014400
2023-07-18,3871.044000,3871.044000,3844.513000,3854.939000,9143861500
2023-07-19,3848.483000,3860.009000,3830.407000,3850.866000,7958570000
2023-07-20,3857.773000,3875.624000,3818.713000,3823.695000,9204207600
2023-07-21,3816.984000,3849.511000,3808.803000,3821.910000,7950756300
2023-07-24,3803.349000,3828.785000,3798.805000,3805.221000,7548354500
2023-07-25,3866.645000,3915.815000,3866.645000,3915.115000,16306632000
2023-07-26,3908.174000,3912.983000,3893.399000,3907.013000,10788171700
2023-07-27,3914.230000,3935.358000,3894.692000,3902.346000,11066710900
2023-07-28,3889.793000,4000.919000,3886.554000,3992.738000,17973548100
2023-07-31,4018.890000,4064.362000,4002.078000,4014.630000,19960683000
2023-08-01,4009.183000,4031.701000,3983.027000,3998.001000,14228685900
2023-08-02,3985.695000,4008.334000,3958.513000,3969.895000,12585569000
2023-08-03,3962.130000,4005.000000,3962.130000,4004.984000,12900664000
2023-08-04,4033.724000,4058.243000,4011.620000,4020.579000,17826718900
2023-08-07,4002.968000,4002.968000,3977.017000,3990.153000,12131066200
2023-08-08,3980.042000,4002.290000,3963.463000,3979.732000,10987169900
2023-08-09,3967.357000,3982.109000,3961.843000,3967.565000,9464026900
2023-08-10,3962.857000,3976.464000,3945.387000,3975.717000,9717684900
2023-08-11,3977.983000,3977.983000,3884.254000,3884.254000,12608293100
2023-08-14,3840.887000,3859.472000,3814.071000,3855.906000,11596633600
2023-08-15,3858.366000,3865.284000,3811.684000,3846.536000,10309711100
2023-08-16,3830.827000,3852.420000,3817.632000,3818.334000,9461694600
2023-08-17,3801.197000,3836.151000,3782.497000,3831.101000,9841549300
2023-08-18,3832.455000,3844.195000,3784.004000,3784.004000,9554963800
2023-08-21,3773.225000,3782.111000,3729.555000,3729.555000,9870836900
2023-08-22,3748.068000,3770.056000,3704.679000,3758.227000,12031832700
2023-08-23,3751.774000,3756.166000,3695.031000,3696.634000,9708163800
2023-08-24,3711.540000,3748.857000,3701.572000,3723.429000,11961452100
2023-08-25,3703.514000,3734.219000,3695.844000,3709.152000,10518261000
2023-08-28,3911.549000,3911.549000,3740.528000,3752.619000,19799037900
2023-08-29,3743.053000,3810.377000,3742.076000,3790.107000,15248614600
2023-08-30,3803.119000,3813.703000,3780.241000,3788.510000,12967166100
2023-08-31,3786.926000,3793.997000,3762.005000,3765.268000,11896164600
2023-09-01,3778.913000,3808.531000,3778.913000,3791.491000,10531904500
2023-09-04,3812.987000,3854.261000,3804.589000,3848.952000,14238520100
2023-09-05,3839.578000,3839.578000,3814.334000,3820.317000,10405233300
2023-09-06,3808.100000,3817.524000,3790.895000,3812.028000,9344239300
2023-09-07,3802.227000,3802.227000,3756.853000,3758.475000,9510390300
2023-09-08,3747.651000,3753.263000,3724.987000,3739.993000,7163816600
2023-09-11,3740.585000,3788.322000,3734.723000,3767.537000,10535801600
2023-09-12,3764.333000,3775.093000,3755.416000,3760.605000,7938537800
2023-09-13,3759.609000,3768.816000,3719.111000,3736.651000,8157690100
2023-09-14,3736.936000,3748.818000,3717.311000,3733.508000,10038607500
2023-09-15,3740.785000,3749.025000,3699.381000,3708.777000,10939568900
2023-09-18,3698.934000,3737.531000,3691.111000,3727.711000,8672774100
2023-09-19,3723.424000,3724.072000,3702.693000,3720.502000,8319903800
2023-09-20,3715.958000,3718.521000,3705.127000,3705.690000,7544820900
2023-09-21,3698.313000,3708.456000,3672.445000,3672.445000,8303100500
2023-09-22,3672.640000,3740.418000,3664.766000,3738.933000,11023116600
2023-09-25,3738.062000,3738.062000,3711.205000,3714.604000,9259647900
2023-09-26,3711.711000,3723.848000,3692.617000,3692.893000,7804452500
2023-09-27,3694.961000,3731.141000,3694.394000,3700.495000,9162921000
2023-09-28,3711.212000,3716.057000,3685.300000,3689.517000,8522171900
2023-10-09,3678.929000,3694.171000,3641.997000,3684.727000,10214805800
2023-10-10,3696.254000,3701.256000,3655.589000,3657.126000,9916373000
2023-10-11,3674.751000,3689.535000,3658.355000,3667.548000,10209158700
2023-10-12,3697.934000,3711.499000,3682.842000,3702.382000,11436322500
2023-10-13,3677.959000,3678.191000,3652.309000,3663.410000,9828798700
2023-10-16,3664.039000,3664.039000,3615.769000,3626.597000,9185311800
2023-10-17,3635.299000,3645.565000,3619.128000,3639.402000,9074518800
2023-10-18,3631.067000,3632.058000,3608.977000,3610.577000,9454587900
2023-10-19,3588.515000,3588.515000,3532.306000,3533.545000,11173752000
2023-10-20,3518.346000,3535.662000,3501.725000,3510.589000,9851860500
2023-10-23,3500.199000,3505.347000,3450.646000,3474.244000,9656165200
2023-10-24,3481.764000,3495.004000,3453.102000,3487.130000,11554728900
2023-10-25,3524.297000,3531.831000,3500.915000,3504.458000,12800961700
2023-10-26,3484.781000,3515.572000,3478.050000,3514.145000,10514356600
2023-10-27,3501.171000,3576.586000,3494.549000,3562.385000,12022510800
2023-10-30,3554.106000,3592.719000,3554.024000,3583.772000,14401042600
2023-10-31,3581.676000,3581.676000,3554.582000,3572.506000,11258726700
2023-11-01,3605.758000,3606.413000,3564.642000,3571.027000,9764553800
2023-11-02,3580.067000,3597.170000,3553.741000,3554.189000,9035964300
2023-11-03,3558.530000,3596.101000,3558.530000,3584.136000,9754210100
2023-11-06,3608.319000,3635.790000,3600.630000,3632.608000,15298246300
2023-11-07,3623.785000,3628.462000,3606.298000,3619.759000,11028859100
2023-11-08,3610.643000,3627.048000,3591.825000,3611.072000,11059423000
2023-11-09,3603.108000,3624.414000,3601.374000,3612.826000,11187205700
2023-11-10,3596.069000,3599.452000,3576.101000,3586.489000,10210703400
2023-11-13,3593.911000,3599.390000,3562.768000,3579.414000,9670764900
2023-11-14,3581.103000,3600.148000,3568.882000,3582.058000,10088415800
2023-11-15,3616.877000,3620.601000,3596.916000,3607.245000,10492921800
2023-11-16,3600.981000,3605.290000,3572.364000,3572.364000,8746478000
2023-11-17,3561.311000,3573.682000,3547.029000,3568.069000,8731920700
2023-11-20,3569.731000,3586.973000,3545.104000,3576.323000,9108044500
2023-11-21,3587.878000,3615.057000,3575.682000,3581.067000,10859431400
2023-11-22,3569.439000,3574.378000,3544.416000,3544.416000,8478438100
2023-11-23,3541.442000,3562.068000,3529.939000,3561.520000,8480016700
2023-11-24,3560.646000,3560.646000,3533.996000,3538.009000,8501840300
2023-11-27,3534.445000,3534.445000,3492.862000,3511.942000,9910231400
2023-11-28,3510.655000,3521.046000,3501.109000,3518.523000,8933578900
2023-11-29,3518.884000,3519.198000,3482.244000,3488.307000,9884141200
2023-11-30,3485.517000,3505.127000,3481.452000,3496.203000,10135082000
2023-12-01,3494.223000,3494.223000,3452.173000,3482.881000,10853094100
2023-12-04,3481.045000,3488.133000,3459.611000,3460.138000,9715682600
2023-12-05,3450.090000,3450.090000,3393.814000,3394.257000,10047200700
2023-12-06,3387.880000,3420.277000,3382.946000,3399.598000,10580551900
2023-12-07,3394.306000,3404.407000,3369.768000,3391.282000,9771324800
2023-12-08,3391.859000,3409.385000,3383.448000,3399.462000,12952205400
2023-12-11,3378.052000,3426.611000,3346.890000,3419.455000,13962624900
2023-12-12,3409.998000,3427.546000,3406.101000,3426.803000,10559001300
2023-12-13,3418.641000,3418.641000,3369.605000,3369.605000,9528536700
2023-12-14,3387.385000,3399.139000,3350.765000,3351.964000,8365513500
2023-12-15,3365.939000,3388.505000,3339.519000,3341.552000,9778778300
2023-12-18,3329.191000,3352.346000,3314.910000,3329.366000,9052682600
2023-12-19,3325.660000,3345.780000,3313.187000,3334.041000,8380811800
2023-12-20,3334.332000,3338.543000,3297.365000,3297.502000,9241286800
2023-12-21,3285.605000,3339.355000,3283.988000,3330.870000,10254619800
2023-12-22,3329.467000,3359.060000,3315.898000,3337.228000,10522013300
2023-12-25,3330.333000,3348.882000,3330.333000,3347.451000,7454269300
2023-12-26,3345.395000,3345.417000,3315.937000,3324.790000,7473293500
2023-12-27,3326.927000,3341.266000,3309.673000,3336.357000,9440392800
2023-12-28,3335.557000,3423.402000,3331.208000,3414.540000,14806485100
2023-12-29,3411.109000,3432.541000,3409.580000,3431.110000,11492893200
2024-01-02,3426.268000,3426.268000,3386.352000,3386.352000,11618072600
2024-01-03,3379.750000,3392.850000,3362.662000,3378.297000,10561385100
2024-01-04,3375.021000,3375.021000,3323.865000,3347.052000,10672101300
2024-01-05,3341.306000,3372.544000,3313.554000,3329.111000,12640057400
2024-01-08,3322.605000,3333.516000,3283.342000,3286.056000,11742948500
2024-01-09,3286.708000,3304.601000,3273.843000,3292.499000,10933046500
2024-01-10,3281.669000,3312.916000,3268.247000,3277.129000,9419936600
2024-01-11,3275.309000,3311.114000,3266.791000,3295.672000,10878973500
2024-01-12,3284.358000,3310.470000,3279.699000,3284.167000,9685355500
2024-01-15,3270.103000,3306.922000,3261.269000,3280.920000,8885153000
2024-01-16,3272.571000,3300.876000,3260.436000,3300.876000,11327666500
2024-01-17,3291.139000,3291.139000,3229.082000,3229.082000,10876972800
2024-01-18,3214.284000,3279.254000,3171.633000,3274.729000,17490916800
2024-01-19,3261.239000,3286.942000,3251.814000,3269.776000,11850140800
2024-01-22,3262.469000,3281.421000,3193.178000,3218.902000,14870562800
2024-01-23,3208.432000,3249.531000,3188.126000,3231.933000,12201200000
2024-01-24,3245.959000,3281.489000,3190.467000,3277.109000,15437195400
2024-01-25,3274.339000,3344.243000,3269.794000,3342.919000,19683361400
2024-01-26,3326.647000,3351.969000,3315.127000,3333.821000,18066400500
2024-01-29,3335.394000,3351.372000,3303.960000,3303.960000,18416479500
2024-01-30,3283.898000,3300.204000,3244.972000,3245.039000,14364935000
2024-01-31,3231.543000,3252.148000,3201.926000,3215.352000,15314346900
2024-02-01,3202.256000,3251.758000,3191.897000,3217.711000,14551679200
2024-02-02,3219.873000,3235.408000,3108.352000,3179.628000,17375808900
2024-02-05,3164.250000,3233.849000,3111.518000,3200.422000,20304297000
2024-02-06,3185.250000,3314.512000,3182.822000,3311.692000,20271309900
2024-02-07,3314.031000,3343.630000,3289.670000,3343.630000,21664793300
2024-02-08,3351.405000,3367.210000,3336.978000,3364.930000,18997757800
2024-02-19,3393.192000,3403.808000,3364.142000,3403.808000,18331980000
2024-02-20,3395.192000,3415.894000,3380.103000,3410.854000,14073458100
2024-02-21,3390.362000,3500.134000,3383.691000,3456.871000,18887936200
2024-02-22,3450.352000,3486.683000,3448.414000,3486.675000,14102078400
2024-02-23,3491.337000,3507.559000,3472.968000,3489.742000,14482127300
2024-02-26,3485.543000,3492.606000,3445.389000,3453.359000,15124833100
2024-02-27,3440.052000,3494.787000,3437.442000,3494.787000,13952824600
2024-02-28,3499.826000,3521.657000,3450.260000,3450.260000,18983754800
2024-02-29,3437.898000,3516.083000,3437.898000,3516.083000,15594453200
2024-03-01,3515.059000,3544.360000,3503.459000,3537.804000,16270957000
2024-03-04,3538.366000,3548.690000,3519.760000,3540.869000,16324461300
2024-03-05,3524.964000,3570.694000,3519.082000,3565.514000,16642238900
2024-03-06,3556.532000,3577.388000,3545.101000,3551.048000,14307661300
2024-03-07,3548.101000,3569.919000,3522.896000,3529.720000,14811051000
2024-03-08,3529.551000,3548.506000,3511.577000,3544.910000,12579266400
2024-03-11,3545.943000,3589.264000,3542.279000,3589.264000,14820282500
2024-03-12,3592.583000,3605.698000,3574.212000,3597.494000,18068556000
2024-03-13,3594.421000,3594.421000,3563.369000,3572.361000,14459059000
2024-03-14,3571.789000,3597.460000,3545.612000,3562.223000,14096272200
2024-03-15,3554.907000,3572.809000,3533.680000,3569.993000,13831604400
2024-03-18,3577.056000,3604.052000,3573.404000,3603.528000,16037943800
2024-03-19,3593.340000,3610.739000,3577.188000,3577.630000,14557178600
2024-03-20,3568.716000,3589.546000,3568.434000,3585.384000,12952896600
2024-03-21,3593.070000,3601.115000,3575.033000,3581.090000,13074337700
2024-03-22,3571.274000,3575.717000,3522.840000,3545.002000,13922735800
2024-03-25,3536.714000,3564.960000,3525.763000,3525.763000,13701572400
2024-03-26,3526.682000,3547.646000,3518.602000,3543.747000,12620953500
2024-03-27,3538.724000,3542.962000,3502.787000,3502.787000,12862676300
2024-03-28,3498.482000,3551.214000,3489.386000,3520.965000,14333471700
2024-03-29,3516.883000,3538.238000,3516.883000,3537.484000,12864329000
2024-04-01,3551.582000,3600.919000,3551.582000,3595.647000,16277656100
2024-04-02,3593.221000,3596.190000,3568.754000,3580.676000,14127297200
2024-04-03,3578.684000,3582.432000,3558.874000,3567.803000,13559233100
2024-04-08,3553.555000,3567.820000,3535.769000,3536.408000,15530428300
2024-04-09,3533.385000,3543.714000,3518.860000,3533.487000,12967094200
2024-04-10,3528.968000,3531.230000,3490.053000,3504.709000,12879027400
2024-04-11,3485.029000,3520.589000,3484.925000,3504.245000,12653439500
2024-04-12,3505.750000,3516.699000,3470.061000,3475.839000,12892111600
2024-04-15,3473.505000,3552.413000,3473.505000,3549.076000,18394125000
2024-04-16,3533.364000,3545.503000,3503.616000,3511.115000,17615306500
2024-04-17,3509.132000,3565.939000,3498.032000,3565.403000,16846639800
2024-04-18,3550.556000,3602.790000,3547.600000,3569.802000,17857410500
2024-04-19,3550.609000,3560.949000,3529.324000,3541.662000,14728150500
2024-04-22,3536.184000,3558.164000,3528.019000,3530.905000,15057904200
2024-04-23,3525.668000,3533.758000,3499.984000,3506.225000,14311350400
2024-04-24,3514.011000,3524.537000,3495.649000,3521.622000,12173985100
2024-04-25,3510.640000,3543.970000,3505.200000,3530.281000,11518772200
2024-04-26,3531.965000,3588.400000,3531.965000,3584.269000,19721613300
2024-04-29,3584.543000,3645.823000,3578.760000,3623.912000,22272138100
2024-04-30,3619.259000,3630.709000,3604.394000,3604.394000,19129689900
2024-05-06,3654.049000,3668.257000,3645.738000,3657.877000,20801800700
2024-05-07,3657.001000,3665.684000,3648.376000,3659.008000,16483428600
2024-05-08,3650.748000,3650.936000,3628.698000,3630.223000,13003533600
2024-05-09,3630.414000,3669.759000,3630.414000,3664.561000,14655901700
2024-05-10,3669.087000,3674.609000,3641.764000,3666.277000,15072053600
2024-05-13,3646.349000,3673.621000,3634.605000,3664.691000,15726745500
2024-05-14,3668.225000,3675.776000,3646.709000,3657.045000,13340649000
2024-05-15,3651.054000,3656.528000,3624.002000,3626.056000,12352276400
2024-05-16,3636.601000,3657.483000,3626.334000,3640.359000,15463050300
2024-05-17,3638.561000,3677.970000,3627.447000,3677.970000,16457041700
2024-05-20,3682.062000,3703.029000,3677.443000,3690.962000,18460942300
2024-05-21,3682.287000,3684.611000,3665.152000,3676.161000,13067828300
2024-05-22,3675.647000,3691.880000,3667.089000,3684.451000,15191460500
2024-05-23,3672.840000,3674.365000,3633.505000,3641.792000,14257299000
2024-05-24,3630.827000,3650.873000,3599.668000,3601.475000,12479117700
2024-05-27,3606.645000,3638.151000,3603.713000,3635.708000,13127264400
2024-05-28,3633.254000,3638.970000,3605.921000,3609.172000,12353223800
2024-05-29,3609.071000,3633.197000,3602.820000,3613.522000,11590632100
2024-05-30,3607.052000,3624.035000,3586.754000,3594.312000,12260299500
2024-05-31,3599.820000,3614.644000,3579.925000,3579.925000,11246201900
2024-06-03,3577.380000,3600.604000,3567.871000,3588.748000,14105459100
2024-06-04,3583.810000,3622.501000,3580.277000,3615.671000,12454509600
2024-06-05,3610.360000,3623.323000,3594.106000,3594.794000,11090676600
2024-06-06,3602.155000,3625.011000,3584.171000,3592.245000,13789351700
2024-06-07,3594.634000,3603.070000,3552.085000,3574.114000,13110302600
2024-06-11,3555.819000,3565.311000,3525.895000,3542.877000,13452230600
2024-06-12,3539.095000,3551.171000,3531.566000,3544.123000,12281372900
2024-06-13,3548.216000,3551.077000,3520.180000,3526.131000,12324546200
2024-06-14,3514.800000,3547.147000,3503.523000,3541.533000,17151694200
2024-06-17,3521.437000,3540.793000,3520.738000,3536.199000,13743343800
2024-06-18,3533.488000,3551.709000,3532.785000,3545.590000,12367183800
2024-06-19,3543.360000,3543.360000,3524.845000,3528.749000,10664279700
2024-06-20,3525.169000,3533.987000,3500.131000,3503.282000,11161739600
2024-06-21,3496.343000,3505.512000,3473.828000,3495.620000,10918661500
2024-06-24,3473.639000,3505.775000,3471.216000,3476.810000,11799018400
2024-06-25,3475.165000,3483.219000,3440.646000,3457.902000,11844811800
2024-06-26,3451.539000,3487.396000,3442.298000,3480.265000,10589886100
2024-06-27,3467.289000,3471.142000,3452.578000,3454.118000,11491810100
2024-06-28,3443.674000,3484.678000,3443.674000,3461.657000,13540915300
2024-07-01,3458.264000,3479.955000,3443.809000,3478.183000,12182977000
2024-07-02,3472.453000,3488.319000,3464.524000,3471.786000,12165012100
2024-07-03,3471.556000,3478.705000,3454.994000,3463.414000,10385710800
2024-07-04,3468.296000,3483.310000,3444.928000,3445.813000,10442990900
2024-07-05,3443.359000,3451.039000,3399.669000,3431.061000,11660965900
2024-07-08,3420.803000,3428.042000,3395.912000,3401.760000,11552821800
2024-07-09,3396.804000,3448.928000,3384.809000,3439.811000,13162944300
2024-07-10,3425.882000,3447.505000,3423.648000,3428.966000,12720345600
2024-07-11,3451.044000,3473.984000,3438.118000,3468.169000,14589246600
2024-07-12,3459.956000,3479.096000,3457.363000,3472.401000,13087458900
2024-07-15,3462.611000,3481.461000,3460.792000,3476.247000,11851708300
2024-07-16,3466.852000,3500.294000,3464.366000,3498.283000,12065901700
2024-07-17,3494.209000,3514.475000,3486.223000,3501.584000,13180206200
2024-07-18,3483.298000,3522.800000,3475.724000,3520.931000,12376819900
2024-07-19,3500.805000,3545.338000,3493.073000,3539.016000,13244797500
2024-07-22,3538.401000,3540.187000,3494.014000,3514.925000,13212633700
2024-07-23,3509.789000,3509.789000,3439.878000,3439.878000,12889766000
2024-07-24,3432.346000,3451.420000,3408.413000,3418.166000,12703626300
2024-07-25,3404.611000,3415.856000,3383.799000,3399.272000,13102224200
2024-07-26,3403.708000,3420.820000,3388.660000,3409.293000,12419555800
2024-07-29,3404.366000,3408.502000,3388.844000,3390.742000,10978778600
2024-07-30,3380.689000,3380.689000,3352.804000,3369.382000,10495216400
2024-07-31,3364.027000,3445.004000,3364.027000,3442.084000,17195917700
2024-08-01,3443.140000,3448.336000,3419.187000,3419.267000,13632346400
2024-08-02,3393.917000,3419.102000,3380.965000,3384.392000,11661525500
2024-08-05,3362.112000,3409.031000,3343.321000,3343.321000,14281251600
2024-08-06,3367.352000,3376.796000,3318.625000,3342.979000,11934027900
2024-08-07,3338.591000,3362.384000,3329.966000,3341.489000,9508437700
2024-08-08,3332.428000,3364.786000,3320.843000,3342.937000,9249569500
2024-08-09,3358.128000,3366.669000,3331.627000,3331.627000,9151162600
2024-08-12,3327.556000,3338.077000,3319.891000,3325.865000,7993875400
2024-08-13,3328.014000,3335.014000,3310.191000,3334.390000,8448967900
2024-08-14,3332.787000,3332.787000,3309.100000,3309.239000,7874240700
2024-08-15,3301.446000,3356.764000,3297.971000,3341.953000,10476639900
2024-08-16,3342.035000,3356.907000,3335.624000,3345.634000,9651908300
2024-08-19,3344.261000,3375.962000,3343.712000,3356.968000,10557111000
2024-08-20,3361.639000,3362.334000,3321.640000,3332.703000,10166833100
2024-08-21,3322.913000,3339.443000,3307.992000,3321.635000,8995475100
2024-08-22,3322.872000,3327.696000,3305.245000,3313.136000,10036650400
2024-08-23,3305.931000,3336.241000,3305.640000,3327.191000,8952577400
2024-08-26,3330.718000,3336.527000,3311.570000,3324.223000,9399077200
2024-08-27,3315.686000,3320.567000,3299.564000,3305.334000,9580815700
2024-08-28,3298.909000,3305.350000,3274.588000,3286.496000,9269665000
2024-08-29,3273.541000,3290.786000,3269.529000,3277.681000,13070233300
2024-08-30,3273.753000,3351.625000,3273.650000,3321.432000,18869544300
2024-09-02,3307.543000,3307.763000,3264.757000,3265.011000,14761235300
2024-09-03,3261.741000,3281.594000,3261.188000,3273.428000,12289730600
2024-09-04,3253.898000,3272.986000,3249.981000,3252.165000,10483248200
2024-09-05,3252.960000,3266.882000,3247.173000,3257.758000,9710945000
2024-09-06,3261.154000,3274.814000,3231.069000,3231.346000,8840041700
2024-09-09,3214.800000,3222.928000,3180.928000,3192.952000,10867306900
2024-09-10,3193.456000,3205.097000,3171.793000,3195.755000,9729007800
2024-09-11,3187.051000,3197.336000,3174.034000,3186.130000,10248211000
2024-09-12,3189.427000,3201.554000,3171.878000,3172.475000,9286865700
2024-09-13,3174.034000,3188.915000,3159.247000,3159.247000,8833667700
2024-09-18,3158.818000,3179.901000,3145.791000,3171.010000,8472281400
2024-09-19,3178.396000,3213.838000,3149.793000,3196.036000,12543927200
2024-09-20,3192.432000,3207.988000,3173.224000,3201.050000,11806409800
2024-09-23,3200.868000,3230.161000,3198.025000,3212.764000,9534485500
2024-09-24,3244.647000,3351.968000,3222.489000,3351.909000,20407221700
2024-09-25,3403.702000,3465.488000,3393.438000,3401.533000,24156425500
2024-09-26,3399.319000,3545.325000,3391.677000,3545.320000,24313401000
2024-09-27,3617.920000,3708.495000,3596.583000,3703.685000,26548777400
2024-09-30,3846.652000,4038.697000,3796.505000,4017.855000,51021770700
2024-10-08,4450.368000,4450.368000,4094.352000,4256.096000,58986789400
2024-10-09,4168.844000,4197.600000,3942.512000,3955.984000,48226929500
2024-10-10,3979.612000,4098.497000,3912.771000,3997.788000,39505309900
2024-10-11,3969.758000,3978.239000,3847.123000,3887.167000,27409650500
2024-10-14,3915.219000,3979.543000,3868.779000,3961.342000,30757899300
2024-10-15,3942.534000,3967.871000,3855.995000,3855.995000,24248644800
2024-10-16,3806.137000,3877.748000,3805.087000,3831.589000,21886640700
2024-10-17,3853.841000,3882.073000,3787.750000,3788.222000,21231382000
2024-10-18,3780.314000,3998.214000,3765.162000,3925.234000,31295883400
2024-10-21,3946.902000,3979.264000,3896.165000,3935.197000,29118563400
2024-10-22,3923.744000,3965.908000,3917.522000,3957.776000,22343339600
2024-10-23,3955.319000,4012.180000,3939.099000,3973.209000,24587394900
2024-10-24,3950.899000,3957.983000,3914.089000,3928.833000,17472406200
2024-10-25,3931.321000,3992.892000,3921.940000,3956.421000,21069488500
2024-10-28,3953.106000,3964.157000,3917.204000,3964.157000,21616041500
2024-10-29,3970.008000,3991.309000,3921.580000,3924.649000,21729398400
2024-10-30,3904.160000,3926.058000,3864.305000,3889.449000,21943662600
2024-10-31,3888.423000,3923.900000,3859.108000,3891.040000,30063671800
2024-11-01,3882.458000,3933.220000,3879.959000,3890.020000,30798648100
2024-11-04,3897.714000,3944.762000,3891.211000,3944.762000,22923906000
2024-11-05,3937.623000,4046.698000,3925.414000,4044.573000,31686279400
2024-11-06,4051.289000,4091.703000,4002.503000,4024.283000,33580793800
2024-11-07,3987.267000,4146.151000,3984.665000,4145.695000,34143641400
2024-11-08,4192.079000,4200.908000,4094.163000,4104.047000,33235038500
2024-11-11,4066.934000,4132.511000,4048.039000,4131.131000,28959422700
2024-11-12,4133.353000,4181.710000,4060.794000,4085.743000,29777808600
2024-11-13,4059.590000,4121.074000,4059.590000,4110.890000,24048409900
2024-11-14,4101.223000,4118.169000,4034.944000,4039.619000,23015278400
2024-11-15,4025.648000,4049.071000,3968.831000,3968.831000,24739946300
2024-11-18,3982.104000,4034.060000,3931.187000,3950.381000,30677794600
2024-11-19,3954.604000,3979.151000,3896.749000,3976.891000,24294646500
2024-11-20,3966.124000,4001.085000,3958.338000,3985.773000,18459937200
2024-11-21,3979.455000,3999.569000,3966.066000,3989.298000,16612592700
2024-11-22,3984.244000,3990.265000,3865.699000,3865.699000,21628580900
2024-11-25,3875.613000,3889.707000,3812.318000,3848.091000,19070295300
2024-11-26,3836.259000,3875.229000,3833.284000,3840.185000,14989244100
2024-11-27,3829.344000,3907.164000,3817.913000,3907.045000,17413609600
2024-11-28,3904.253000,3908.392000,3866.014000,3872.551000,15011729100
2024-11-29,3869.890000,3962.700000,3869.890000,3916.583000,18765671300
2024-12-02,3909.703000,3955.125000,3902.170000,3947.632000,19728978400
2024-12-03,3946.703000,3963.947000,3922.843000,3951.891000,18249686700
2024-12-04,3948.130000,3957.365000,3917.747000,3930.557000,17462631800
2024-12-05,3916.564000,3936.336000,3910.083000,3921.588000,13853403800
2024-12-06,3923.895000,3995.117000,3923.895000,3973.141000,19205790700
2024-12-09,3970.663000,3995.512000,3948.421000,3966.571000,17595995800
2024-12-10,4094.050000,4098.380000,3988.968000,3995.637000,25346379500
2024-12-11,3988.018000,4005.325000,3977.352000,3988.831000,17725284600
2024-12-12,3987.153000,4031.744000,3981.349000,4028.505000,18162177700
2024-12-13,4000.985000,4000.985000,3931.739000,3933.181000,23035307900
2024-12-16,3930.781000,3938.760000,3901.647000,3911.842000,17851125100
2024-12-17,3908.126000,3955.945000,3908.126000,3922.033000,16093909000
2024-12-18,3934.543000,3956.144000,3933.969000,3941.890000,15773832100
2024-12-19,3911.890000,3954.349000,3899.748000,3945.464000,16108104000
2024-12-20,3937.472000,3958.634000,3923.256000,3927.744000,15498649600
2024-12-23,3928.149000,3965.850000,3928.149000,3933.572000,19006736200
2024-12-24,3934.942000,3985.859000,3934.734000,3983.688000,16149458900
2024-12-25,3987.956000,4007.763000,3969.477000,3985.629000,15939074700
2024-12-26,3981.732000,3991.533000,3965.546000,3987.480000,14342528600
2024-12-27,3987.019000,4007.131000,3970.937000,3981.031000,16926866600
2024-12-30,3976.700000,4005.778000,3976.700000,3999.055000,16461248500
2024-12-31,3995.871000,4004.346000,3934.911000,3934.911000,18392839700
2025-01-02,3931.816000,3934.203000,3796.339000,3820.395000,21789872400
2025-01-03,3825.243000,3835.935000,3767.665000,3775.165000,17534267600
2025-01-06,3775.990000,3788.849000,3743.073000,3768.970000,15094667000
2025-01-07,3760.866000,3797.602000,3749.058000,3796.106000,14645577900
2025-01-08,3781.261000,3810.736000,3731.189000,3789.215000,16916696800
2025-01-09,3780.734000,3795.261000,3768.681000,3779.877000,12979400200
2025-01-10,3778.893000,3786.807000,3732.481000,3732.481000,13752317100
2025-01-13,3704.444000,3737.885000,3704.107000,3722.513000,13644619900
2025-01-14,3728.556000,3826.640000,3718.877000,3820.540000,17066465700
2025-01-15,3810.035000,3816.828000,3790.166000,3796.026000,14147552000
2025-01-16,3812.194000,3842.947000,3776.286000,3800.384000,14450587100
2025-01-17,3788.373000,3831.640000,3780.213000,3812.343000,12662196100
2025-01-20,3835.304000,3858.668000,3821.982000,3829.676000,13958127700
2025-01-21,3850.356000,3850.911000,3817.121000,3832.615000,14121840600
2025-01-22,3823.945000,3823.945000,3783.144000,3797.017000,13725506200
2025-01-23,3829.046000,3864.259000,3801.853000,3803.744000,18056955100
2025-01-24,3793.850000,3847.600000,3793.484000,3832.864000,14897172200
2025-01-27,3836.958000,3851.997000,3817.080000,3817.080000,14667077200
2025-02-05,3844.700000,3844.700000,3785.162000,3795.085000,15716830800
2025-02-06,3789.609000,3843.494000,3788.320000,3842.831000,16728817600
2025-02-07,3844.057000,3919.350000,3833.869000,3892.703000,22185770700
2025-02-10,3898.102000,3906.368000,3878.831000,3901.062000,18890304000
2025-02-11,3905.159000,3905.159000,3872.909000,3883.135000,16657490900
2025-02-12,3875.960000,3920.723000,3867.354000,3919.862000,16422854000
2025-02-13,3913.904000,3939.198000,3904.985000,3905.140000,17248587400
2025-02-14,3900.827000,3942.036000,3900.827000,3939.009000,17297645200
2025-02-17,3954.415000,3955.896000,3921.702000,3947.398000,21358824600
2025-02-18,3942.576000,3965.423000,3901.868000,3912.783000,20942510100
2025-02-19,3906.220000,3943.674000,3904.146000,3940.160000,18282951700
2025-02-20,3934.650000,3940.678000,3916.177000,3928.896000,16389523600
2025-02-21,3938.052000,3981.048000,3927.787000,3978.444000,22740033000
2025-02-24,3972.483000,3995.946000,3949.231000,3969.717000,22081061800
2025-02-25,3933.636000,3955.434000,3915.653000,3925.651000,17810858000
2025-02-26,3931.842000,3960.330000,3925.366000,3959.941000,19106250100
2025-02-27,3961.064000,3973.932000,3933.461000,3968.116000,20288796300
2025-02-28,3950.187000,3972.481000,3886.399000,3890.049000,19810414700
2025-03-03,3899.696000,3930.005000,3872.587000,3888.474000,17762316600
2025-03-04,3865.994000,3890.424000,3855.725000,3885.221000,14985096700
2025-03-05,3887.799000,3906.421000,3877.019000,3902.571000,15865275100
2025-03-06,3923.383000,3964.494000,3917.083000,3956.237000,19396091500
2025-03-07,3944.915000,3967.074000,3935.046000,3944.014000,16673237500
2025-03-10,3945.580000,3949.145000,3905.127000,3928.802000,15276523200
2025-03-11,3890.431000,3941.416000,3889.430000,3941.416000,14475440200
2025-03-12,3946.862000,3953.613000,3921.474000,3927.232000,15673219000
2025-03-13,3925.744000,3939.285000,3897.376000,3911.579000,15653644300
2025-03-14,3919.616000,4014.159000,3919.616000,4006.557000,21613900300
2025-03-17,4020.640000,4021.728000,3992.256000,3996.788000,16220291100
2025-03-18,4011.779000,4016.873000,3995.960000,4007.723000,14020849600
2025-03-19,4004.825000,4025.299000,3989.512000,4010.168000,14441942800
2025-03-20,4011.059000,4012.042000,3969.926000,3974.992000,13375467000
2025-03-21,3966.515000,3983.148000,3904.767000,3914.696000,16590529400
2025-03-24,3916.114000,3938.183000,3907.200000,3934.849000,15223467400
2025-03-25,3937.898000,3946.357000,3921.529000,3932.295000,14047539900
2025-03-26,3930.207000,3942.026000,3916.861000,3919.357000,13116418700
2025-03-27,3911.384000,3952.985000,3903.652000,3932.412000,12679373800
2025-03-28,3930.776000,3934.234000,3907.384000,3915.166000,12635621400
2025-03-31,3905.982000,3928.448000,3872.403000,3887.306000,16679852300
2025-04-01,3892.779000,3905.262000,3882.405000,3887.684000,14038027400
2025-04-02,3884.418000,3900.495000,3877.160000,3884.386000,11304317500
2025-04-03,3843.418000,3883.703000,3843.418000,3861.503000,14259978900
2025-04-07,3675.202000,3707.777000,3514.117000,3589.441000,31257858600
2025-04-08,3597.986000,3650.759000,3583.875000,3650.759000,28019731200
2025-04-09,3606.104000,3686.794000,3587.337000,3686.794000,26230570800
2025-04-10,3749.126000,3756.139000,3708.819000,3735.115000,22725222700
2025-04-11,3730.315000,3762.365000,3708.462000,3750.517000,16875969100
2025-04-14,3772.041000,3776.634000,3754.033000,3759.142000,16446240300
2025-04-15,3756.479000,3764.486000,3737.850000,3761.235000,13400604000
2025-04-16,3757.876000,3775.166000,3721.603000,3772.820000,15635900600
2025-04-17,3755.086000,3779.125000,3749.504000,3772.222000,12237100200
2025-04-18,3760.043000,3782.044000,3754.407000,3772.523000,10294850900
2025-04-21,3768.142000,3790.178000,3763.138000,3784.881000,12135573000
2025-04-22,3780.112000,3799.230000,3778.079000,3783.952000,12568825700
2025-04-23,3803.430000,3807.954000,3780.518000,3786.882000,13198687000
2025-04-24,3787.459000,3807.260000,3775.207000,3784.357000,11716456000
2025-04-25,3792.084000,3801.577000,3780.777000,3786.994000,12459113300
2025-04-28,3786.387000,3792.008000,3772.803000,3781.619000,12514509100
2025-04-29,3776.003000,3785.316000,3768.031000,3775.077000,11151469400
2025-04-30,3775.831000,3787.564000,3768.757000,3770.571000,14368165800
2025-05-06,3794.376000,3809.094000,3782.777000,3808.542000,15852045900
2025-05-07,3861.577000,3863.678000,3814.987000,3831.627000,16117229900
2025-05-08,3820.548000,3867.331000,3816.264000,3852.896000,12495983300
2025-05-09,3848.619000,3853.663000,3836.535000,3846.157000,11938952600
2025-05-12,3866.531000,3890.734000,3859.035000,3890.610000,15333246000
2025-05-13,3915.592000,3915.592000,3890.686000,3896.258000,14732029900
2025-05-14,3894.839000,3960.523000,3890.650000,3943.211000,17203377900
2025-05-15,3934.027000,3936.465000,3904.907000,3907.199000,13808174900
2025-05-16,3898.666000,3903.853000,3874.862000,3889.085000,11840534500
2025-05-19,3882.568000,3885.589000,3866.570000,3877.145000,9864341400
2025-05-20,3883.102000,3911.474000,3881.744000,3898.171000,10488523400
2025-05-21,3899.437000,3928.634000,3899.437000,3916.381000,10979134300
2025-05-22,3912.601000,3923.020000,3903.090000,3913.865000,10759705200
2025-05-23,3910.374000,3931.551000,3882.274000,3882.274000,12027741900
2025-05-26,3875.789000,3884.537000,3849.038000,3860.107000,10960120700
2025-05-27,3857.627000,3865.429000,3834.846000,3839.397000,9857242500
2025-05-28,3843.075000,3849.736000,3833.958000,3836.237000,8903102600
2025-05-29,3838.009000,3869.791000,3831.458000,3858.700000,10847188600
2025-05-30,3850.493000,3858.613000,3829.254000,3840.232000,11167222800
2025-06-03,3833.458000,3863.295000,3832.720000,3852.013000,13140309000
2025-06-04,3855.488000,3875.857000,3855.488000,3868.743000,11680387300
2025-06-05,3872.637000,3883.135000,3861.272000,3877.556000,12287818400
2025-06-06,3878.103000,3889.456000,3869.387000,3873.984000,11098797100
2025-06-09,3877.798000,3894.652000,3871.992000,3885.246000,13630629300
2025-06-10,3887.551000,3897.457000,3850.466000,3865.465000,14556385900
2025-06-11,3870.672000,3911.611000,3870.672000,3894.625000,14241477200
2025-06-12,3885.520000,3900.041000,3870.384000,3892.199000,13399869700
2025-06-13,3881.492000,3889.160000,3853.819000,3864.182000,17253953600
2025-06-16,3853.619000,3876.170000,3853.619000,3873.795000,13734183500
2025-06-17,3875.177000,3880.416000,3860.409000,3870.379000,12234252600
2025-06-18,3871.650000,3881.346000,3854.658000,3874.971000,12752862100
2025-06-19,3870.049000,3872.943000,3834.951000,3843.091000,13028065800
2025-06-20,3839.783000,3856.480000,3839.783000,3846.644000,11815102000
2025-06-23,3831.170000,3867.590000,3827.083000,3857.902000,13380089200
2025-06-24,3862.388000,3914.158000,3862.388000,3904.034000,16365618800
2025-06-25,3907.068000,3963.037000,3902.177000,3960.066000,18721367100
2025-06-26,3953.160000,3964.482000,3945.259000,3946.020000,16531626300
2025-06-27,3949.788000,3969.263000,3918.204000,3921.758000,19455791300
2025-06-30,3920.315000,3940.361000,3911.604000,3936.079000,14517023600
2025-07-01,3935.908000,3946.245000,3924.722000,3942.762000,12895936200
2025-07-02,3943.323000,3952.138000,3929.696000,3943.685000,14706306200
2025-07-03,3949.400000,3971.616000,3945.138000,3968.068000,14100400600
2025-07-04,3967.464000,4013.848000,3958.376000,3982.203000,15719713300
2025-07-07,3977.288000,3979.748000,3956.566000,3965.175000,13113527300
2025-07-08,3965.426000,4002.269000,3965.426000,3998.453000,15640289500
2025-07-09,3997.504000,4016.743000,3987.427000,3991.401000,17329379600
2025-07-10,3993.420000,4032.983000,3992.524000,4010.024000,20977890400
2025-07-11,4011.465000,4065.942000,4010.105000,4014.807000,26205277300
2025-07-14,4021.214000,4034.920000,4017.668000,4017.668000,20791717500
2025-07-15,4023.990000,4042.657000,3994.263000,4019.064000,19104293100
2025-07-16,4019.393000,4027.857000,3993.921000,4007.202000,15102730800
2025-07-17,4005.067000,4034.594000,4005.067000,4034.491000,16124904100
2025-07-18,4039.871000,4064.638000,4039.318000,4058.549000,18621106300
2025-07-21,4069.769000,4086.117000,4063.443000,4085.607000,22326847600
2025-07-22,4087.335000,4119.202000,4068.338000,4118.958000,25759698500
2025-07-23,4129.148000,4155.678000,4113.909000,4119.769000,30050615400
2025-07-24,4116.831000,4152.427000,4111.885000,4149.037000,31963239200
2025-07-25,4145.320000,4150.499000,4117.801000,4127.163000,27359496300
2025-07-28,4128.199000,4146.120000,4112.968000,4135.824000,22275981500
2025-07-29,4132.683000,4153.331000,4117.577000,4152.025000,23080788000
2025-07-30,4148.941000,4185.206000,4127.430000,4151.238000,24985304800
2025-07-31,4141.561000,4141.824000,4063.666000,4075.591000,26708740600
2025-08-01,4069.925000,4085.354000,4040.462000,4054.929000,19622182600
2025-08-04,4037.938000,4070.702000,4037.938000,4070.702000,16227590200
2025-08-05,4080.388000,4106.297000,4075.584000,4103.450000,17885199900
2025-08-06,4100.428000,4116.709000,4098.354000,4113.485000,17667615500
2025-08-07,4120.282000,4129.738000,4094.821000,4114.666000,19864190200
2025-08-08,4109.273000,4122.210000,4097.416000,4104.967000,17317120100
2025-08-11,4110.294000,4134.246000,4103.605000,4122.511000,19044371600
2025-08-12,4123.576000,4153.295000,4121.224000,4143.825000,17728782300
2025-08-13,4150.504000,4186.748000,4147.199000,4176.578000,21393499900
2025-08-14,4179.965000,4220.311000,4165.938000,4173.313000,22110359500
2025-08-15,4162.421000,4214.729000,4157.495000,4202.353000,26132756600
2025-08-18,4218.247000,4272.960000,4203.419000,4239.413000,30147910200
2025-08-19,4241.765000,4264.230000,4215.208000,4223.374000,25081877100
2025-08-20,4208.401000,4272.146000,4190.556000,4271.396000,24648177300
2025-08-21,4284.371000,4308.447000,4273.652000,4288.071000,25903001400
2025-08-22,4287.363000,4378.388000,4287.363000,4377.998000,29043489700
2025-08-25,4416.292000,4472.653000,4404.776000,4469.222000,35809000600
2025-08-26,4453.353000,4476.803000,4435.528000,4452.591000,27062139500
2025-08-27,4458.840000,4494.913000,4386.127000,4386.127000,33313389800
2025-08-28,4378.035000,4464.803000,4364.171000,4463.782000,29683453600
2025-08-29,4455.803000,4516.840000,4452.363000,4496.759000,35193894700
2025-09-01,4516.879000,4528.134000,4487.530000,4523.711000,32036670800
2025-09-02,4521.983000,4548.894000,4454.417000,4490.453000,30393256600
2025-09-03,4501.339000,4510.730000,4427.518000,4459.830000,25432021700
2025-09-04,4461.250000,4465.497000,4327.507000,4365.209000,30793460900
2025-09-05,4365.608000,4466.560000,4350.297000,4460.325000,24962565700
2025-09-08,4467.169000,4482.763000,4438.070000,4467.573000,26763838200
2025-09-09,4448.739000,4472.093000,4412.691000,4436.258000,22137546000
2025-09-10,4438.300000,4466.633000,4414.594000,4445.365000,20359764600
2025-09-11,4438.839000,4548.035000,4427.924000,4548.035000,25326405100
2025-09-12,4544.591000,4564.667000,4517.790000,4521.998000,26644200300
2025-09-15,4534.887000,4566.905000,4522.496000,4533.056000,23188567800
2025-09-16,4539.922000,4552.419000,4494.788000,4523.337000,24926920600
2025-09-17,4517.286000,4556.030000,4503.796000,4551.023000,23571647200
2025-09-18,4546.032000,4573.833000,4454.989000,4498.109000,30985982600
2025-09-19,4499.091000,4533.092000,4491.844000,4501.920000,22504400000
2025-09-22,4512.025000,4523.870000,4487.130000,4522.608000,19645995600
2025-09-23,4536.757000,4560.732000,4459.728000,4519.778000,25282706200
2025-09-24,4495.266000,4567.495000,4494.113000,4566.071000,22048260800
2025-09-25,4563.983000,4613.949000,4558.842000,4593.488000,22982333300
2025-09-26,4576.914000,4597.847000,4550.049000,4550.049000,20848211400
2025-09-29,4555.034000,4647.569000,4541.425000,4620.053000,27435887700
2025-09-30,4629.899000,4647.503000,4616.224000,4640.694000,24798035900
2025-10-09,4662.113000,4726.345000,4651.990000,4709.482000,34767869600
2025-10-10,4679.498000,4692.586000,4600.965000,4616.834000,31902089900
2025-10-13,4490.866000,4601.807000,4490.866000,4593.979000,31501035400
2025-10-14,4634.054000,4641.449000,4520.926000,4539.064000,37295403000
2025-10-15,4544.243000,4608.824000,4526.834000,4606.288000,28477185500
2025-10-16,4588.921000,4645.096000,4586.280000,4618.422000,24823551800
2025-10-17,4610.697000,4618.562000,4509.329000,4514.235000,25690561700
2025-10-20,4558.242000,4570.438000,4520.502000,4538.220000,21842040500
2025-10-21,4556.122000,4615.463000,4547.928000,4607.872000,21571117500
2025-10-22,4576.028000,4603.488000,4567.236000,4592.570000,18533396000
2025-10-23,4578.702000,4611.341000,4541.694000,4606.345000,20046391700
2025-10-24,4622.787000,4660.684000,4622.787000,4660.684000,20881448300
2025-10-27,4699.382000,4720.429000,4687.688000,4716.019000,26220067400
2025-10-28,4697.728000,4734.322000,4679.229000,4691.973000,22090664500
2025-10-29,4701.036000,4747.838000,4697.268000,4747.838000,24621132400
2025-10-30,4735.981000,4761.834000,4706.452000,4709.911000,27328911800
2025-10-31,4702.495000,4706.140000,4640.668000,4640.668000,28146474000
2025-11-03,4636.732000,4653.403000,4595.734000,4653.403000,23986980900
2025-11-04,4649.348000,4665.323000,4595.066000,4618.699000,23322403200
2025-11-05,4562.112000,4642.610000,4558.765000,4627.257000,20304587100
2025-11-06,4642.011000,4698.094000,4642.011000,4693.403000,22424100800
2025-11-07,4673.762000,4701.374000,4666.041000,4678.794000,21249737700
2025-11-10,4688.124000,4695.179000,4654.210000,4695.051000,23602676400
2025-11-11,4706.337000,4707.128000,4648.490000,4652.166000,18663885800
2025-11-12,4643.559000,4669.607000,4620.990000,4645.908000,20946059200
2025-11-13,4643.786000,4703.490000,4643.786000,4702.074000,20736747400
2025-11-14,4663.318000,4684.258000,4628.024000,4628.140000,19209267600
2025-11-17,4616.806000,4624.898000,4580.261000,4598.053000,18895546600
2025-11-18,4584.790000,4606.617000,4552.804000,4568.193000,17771318500
2025-11-19,4568.037000,4607.863000,4568.037000,4588.292000,17292497400
2025-11-20,4619.540000,4620.653000,4560.181000,4564.948000,19456259300
2025-11-21,4513.386000,4527.044000,4453.182000,4453.608000,22285101300
2025-11-24,4473.156000,4478.808000,4421.812000,4448.048000,18583372900
2025-11-25,4475.836000,4510.773000,4467.353000,4490.405000,16957192900
2025-11-26,4490.202000,4538.136000,4485.698000,4517.626000,15620036800
2025-11-27,4520.014000,4559.218000,4509.864000,4515.403000,15031177200
2025-11-28,4511.497000,4531.722000,4492.426000,4526.662000,14290209600
2025-12-01,4539.188000,4576.965000,4531.292000,4576.486000,20038231700
2025-12-02,4571.910000,4575.495000,4539.431000,4554.335000,14849313200
2025-12-03,4554.589000,4569.821000,4523.502000,4531.049000,16976279000
2025-12-04,4533.600000,4557.423000,4514.188000,4546.566000,14719811000
2025-12-05,4547.906000,4593.828000,4535.020000,4584.537000,19679996800
2025-12-08,4593.140000,4640.626000,4592.741000,4621.755000,19962099000
2025-12-09,4611.379000,4628.705000,4584.254000,4598.223000,18416034400
2025-12-10,4586.254000,4598.537000,4549.080000,4591.827000,16911110600
2025-12-11,4597.190000,4610.279000,4547.137000,4552.185000,16841940500
2025-12-12,4558.738000,4583.675000,4530.784000,4580.950000,21282652000
2025-12-15,4550.003000,4595.046000,4548.438000,4552.060000,16758996700
2025-12-16,4542.423000,4553.081000,4484.270000,4497.555000,16516520100
2025-12-17,4499.773000,4594.656000,4498.930000,4579.875000,17842483000
2025-12-18,4553.979000,4571.968000,4544.142000,4552.793000,15168132800
2025-12-19,4561.373000,4591.093000,4546.847000,4568.178000,15487622000
2025-12-22,4587.668000,4615.872000,4587.668000,4611.624000,16525285600
2025-12-23,4616.026000,4644.535000,4607.799000,4620.734000,16925641200
2025-12-24,4623.683000,4639.428000,4602.144000,4634.059000,15371124100
2025-12-25,4629.320000,4651.154000,4621.921000,4642.536000,13943418600
2025-12-26,4639.790000,4676.131000,4635.105000,4657.240000,17539656500
2025-12-29,4658.265000,4672.035000,4629.057000,4639.372000,20039713300
2025-12-30,4617.316000,4664.331000,4616.632000,4651.282000,18037497400
2025-12-31,4656.480000,4667.047000,4622.099000,4629.940000,17076022400
2026-01-05,4661.616000,4721.638000,4661.616000,4717.746000,23414483900
2026-01-06,4719.209000,4790.694000,4718.010000,4790.694000,29697068600
2026-01-07,4796.934000,4802.603000,4751.071000,4776.666000,25909556400
2026-01-08,4761.011000,4765.486000,4717.009000,4737.654000,23880495700
2026-01-09,4725.957000,4771.428000,4719.134000,4758.922000,25468803800
2026-01-12,4769.650000,4795.933000,4737.570000,4789.916000,29483316500
2026-01-13,4798.049000,4836.955000,4745.515000,4761.032000,30144949700
2026-01-14,4767.696000,4818.101000,4720.246000,4741.931000,36495102300
2026-01-15,4721.797000,4769.548000,4720.937000,4751.429000,25400363600
2026-01-16,4778.430000,4792.551000,4715.365000,4731.873000,32527892900
2026-01-19,4720.195000,4761.632000,4715.087000,4734.456000,26761249200
2026-01-20,4736.910000,4748.230000,4684.968000,4718.878000,28271957900
2026-01-21,4714.554000,4758.279000,4714.237000,4723.069000,26635333200
2026-01-22,4741.755000,4757.764000,4700.448000,4723.709000,27419993200
2026-01-23,4729.585000,4734.794000,4684.617000,4702.497000,31463544500
2026-01-26,4715.375000,4754.178000,4693.158000,4706.964000,36300448100
2026-01-27,4705.174000,4736.986000,4675.641000,4705.692000,30147569700
2026-01-28,4725.601000,4739.626000,4697.906000,4717.991000,38225560200
2026-01-29,4733.088000,4770.960000,4696.054000,4753.870000,41551305500
2026-01-30,4723.081000,4738.871000,4645.471000,4706.340000,31978653100
2026-02-02,4674.276000,4716.607000,4601.760000,4605.980000,30477350000
2026-02-03,4648.357000,4662.126000,4578.209000,4660.107000,26554940500
2026-02-04,4647.967000,4701.477000,4641.842000,4698.683000,26488103200
2026-02-05,4664.748000,4687.021000,4639.430000,4670.419000,23785635100
2026-02-06,4622.975000,4678.262000,4606.638000,4643.596000,20271647700
2026-02-09,4693.672000,4719.964000,4679.904000,4719.056000,20725193800
2026-02-10,4718.255000,4732.087000,4713.868000,4724.296000,18700095800
2026-02-11,4715.670000,4723.704000,4703.687000,4713.819000,17339168100
2026-02-12,4720.009000,4726.043000,4707.736000,4719.578000,19784143900
2026-02-13,4693.411000,4703.633000,4658.404000,4660.406000,18916775600
2026-02-24,4727.296000,4727.373000,4698.349000,4707.544000,21848889000
2026-02-25,4713.575000,4766.559000,4713.344000,4735.886000,28426835400
2026-02-26,4741.390000,4742.148000,4706.694000,4726.874000,23484764400
2026-02-27,4698.300000,4721.014000,4692.891000,4710.647000,26142086500
2026-03-02,4681.014000,4735.406000,4667.275000,4728.669000,34926075200
2026-03-03,4737.316000,4744.599000,4651.405000,4655.896000,37062427200
2026-03-04,4609.192000,4639.420000,4575.825000,4602.625000,30303566600
2026-03-05,4651.942000,4671.527000,4630.302000,4647.692000,25931782500
2026-03-06,4621.494000,4671.713000,4612.794000,4660.439000,23852792600
2026-03-09,4600.254000,4625.981000,4548.969000,4615.455000,32278761700
2026-03-10,4648.785000,4677.596000,4648.785000,4674.756000,26390374800
2026-03-11,4681.032000,4711.867000,4674.709000,4704.496000,27017544300
2026-03-12,4700.721000,4704.379000,4654.315000,4687.560000,30298681600
2026-03-13,4669.062000,4707.419000,4659.498000,4669.140000,31077200900
2026-03-16,4669.224000,4673.693000,4621.812000,4671.559000,29621507000
2026-03-17,4685.570000,4720.861000,4637.368000,4637.439000,26302191300
2026-03-18,4648.752000,4662.294000,4604.516000,4658.332000,23469070500
2026-03-19,4611.440000,4634.547000,4570.392000,4583.251000,25413044900
2026-03-20,4602.821000,4628.712000,4563.069000,4567.018000,25787370300
2026-03-23,4499.100000,4514.718000,4397.566000,4417.997000,32808194500
2026-03-24,4458.907000,4474.825000,4394.294000,4474.722000,25553251700
2026-03-25,4506.625000,4542.181000,4502.027000,4537.466000,26263927900
2026-03-26,4525.329000,4541.050000,4468.957000,4477.534000,21373678800
2026-03-27,4431.503000,4519.890000,4431.421000,4502.570000,19240038800
2026-03-30,4461.737000,4496.411000,4447.137000,4491.950000,20929309200
2026-03-31,4491.921000,4523.175000,4450.049000,4450.049000,22454158500
2026-04-01,4517.272000,4532.109000,4492.054000,4526.067000,21648319600
2026-04-02,4514.442000,4519.693000,4459.610000,4478.914000,19099216100
2026-04-03,4492.846000,4494.457000,4437.595000,4440.789000,16832170500
2026-04-07,4445.861000,4458.926000,4420.694000,4440.616000,16263878700
2026-04-08,4517.340000,4595.556000,4513.771000,4595.556000,25333921300
2026-04-09,4562.670000,4579.197000,4552.424000,4566.224000,18493978300
2026-04-10,4594.947000,4655.099000,4590.109000,4636.566000,20867860500
2026-04-13,4615.133000,4653.398000,4615.133000,4646.155000,19671227700
2026-04-14,4676.124000,4701.284000,4654.853000,4701.284000,20470033200
2026-04-15,4726.638000,4731.273000,4672.556000,4685.246000,20168850000
2026-04-16,4694.431000,4739.221000,4689.414000,4736.608000,19205760000
2026-04-17,4728.995000,4738.324000,4714.467000,4728.672000,18291533600
2026-04-20,4727.166000,4763.043000,4720.685000,4757.442000,22163349400
2026-04-21,4750.515000,4776.826000,4722.007000,4767.997000,20561405800
2026-04-22,4751.279000,4801.447000,4750.350000,4799.627000,20448183000
2026-04-23,4816.027000,4823.470000,4759.860000,4786.327000,23286573600
2026-04-24,4771.735000,4786.444000,4735.606000,4769.369000,19379831400
2026-04-27,4776.335000,4795.168000,4762.644000,4770.947000,19279655000
2026-04-28,4757.077000,4778.189000,4743.436000,4758.208000,21672423300
2026-04-29,4737.576000,4813.610000,4737.114000,4810.347000,23329811000
2026-04-30,4820.972000,4829.272000,4797.545000,4807.307000,25063337000
2026-05-06,4857.654000,4892.796000,4834.281000,4877.093000,27444388000
2026-05-07,4895.800000,4901.858000,4866.875000,4900.510000,25783397200
2026-05-08,4871.119000,4887.213000,4849.987000,4871.912000,25172099600
2026-05-11,4902.278000,4960.398000,4889.566000,4951.837000,30573480100
2026-05-12,4965.018000,4971.303000,4926.790000,4948.047000,27381200100
2026-05-13,4919.425000,5001.120000,4919.425000,4998.342000,26845453700
2026-05-14,5027.641000,5030.519000,4913.604000,4914.597000,28069537900
2026-05-15,4911.622000,4935.617000,4832.690000,4859.593000,27696776900
2026-05-18,4836.329000,4868.601000,4806.146000,4833.524000,23907758700
2026-05-19,4818.705000,4854.525000,4773.534000,4852.883000,23228085200
2026-05-20,4829.613000,4866.212000,4825.643000,4850.700000,22002320600
2026-05-21,4886.239000,4937.933000,4780.711000,4783.098000,28734250700
2026-05-22,4818.844000,4851.349000,4785.349000,4845.096000,28694043500
2026-05-25,4873.196000,4922.438000,4857.135000,4921.597000,26474323600
2026-05-26,4900.115000,4952.741000,4892.683000,4947.849000,30279947600
2026-05-27,4940.945000,4974.211000,4891.343000,4908.171000,30170917500
2026-05-28,4889.266000,4922.330000,4843.227000,4914.213000,26743273100
2026-05-29,4937.512000,4954.070000,4878.787000,4892.121000,33251861000
2026-06-01,4897.897000,4918.794000,4836.685000,4844.256000,29613405100
2026-06-02,4860.612000,4930.278000,4831.997000,4914.559000,28173166200
2026-06-03,4921.345000,4991.853000,4904.897000,4938.809000,30403594700
2026-06-04,4897.316000,4938.781000,4889.746000,4904.745000,26480891000
2026-06-05,4886.965000,4924.344000,4798.910000,4816.920000,30192933600
2026-06-08,4703.773000,4779.862000,4677.568000,4713.636000,29964756500
2026-06-09,4743.451000,4802.505000,4715.391000,4801.811000,25839160100
2026-06-10,4753.115000,4786.516000,4718.995000,4748.593000,25929710900
2026-06-11,4730.072000,4766.173000,4685.501000,4722.412000,24717705900
2026-06-12,4784.640000,4809.861000,4757.557000,4777.321000,33592206300
2026-06-15,4829.289000,4892.550000,4803.184000,4891.713000,33131607600
2026-06-16,4894.879000,4908.282000,4866.061000,4884.232000,28258474300
2026-06-17,4859.701000,4933.929000,4859.701000,4931.386000,27605395000
2026-06-18,4916.044000,4976.891000,4916.044000,4941.599000,33445990200
2026-06-22,4949.346000,5061.511000,4928.458000,5059.658000,37510012400
2026-06-23,5048.026000,5064.265000,4892.094000,4919.386000,34271933600
2026-06-24,4900.384000,4953.232000,4892.268000,4943.020000,31224902500
2026-06-25,4950.975000,5031.999000,4944.876000,5020.104000,34666428900
2026-06-26,4981.825000,4981.983000,4845.192000,4868.221000,34117923800
2026-06-29,4866.043000,4928.599000,4827.149000,4926.921000,32321613400
2026-06-30,4914.493000,4987.560000,4914.493000,4979.433000,30615022600
2026-07-01,4972.692000,5017.375000,4925.631000,4958.977000,34293474700
2026-07-02,4865.171000,4896.993000,4800.484000,4812.296000,34324375800
2026-07-03,4809.499000,4890.965000,4809.499000,4842.174000,30106756800
2026-07-06,4868.542000,4878.323000,4789.796000,4841.998000,29405054300
2026-07-07,4813.871000,4839.510000,4756.725000,4792.262000,24630599900
2026-07-08,4804.484000,4830.046000,4751.405000,4755.534000,24392874900
2026-07-09,4774.402000,4882.848000,4734.867000,4876.313000,28162770500
2026-07-10,4887.536000,4906.490000,4780.747000,4780.787000,30413028600
2026-07-13,4745.438000,4775.236000,4670.250000,4695.383000,27863485300
2026-07-14,4691.122000,4796.502000,4649.044000,4796.502000,28325098600
2026-07-15,4797.943000,4826.864000,4772.042000,4786.783000,27869266900
2026-07-16,4711.532000,4771.057000,4673.350000,4698.434000,25156097700
2026-07-17,4661.622000,4663.531000,4492.085000,4529.095000,30262988600
2026-07-20,4575.671000,4628.799000,4521.181000,4598.321000,33311605800
2026-07-21,4630.853000,4739.233000,4566.281000,4739.229000,34540359000
2026-07-22,4710.660000,4772.082000,4692.833000,4717.244000,28555635700
2026-07-23,4735.171000,4737.509000,4698.872000,4728.002000,24733167500
2026-07-24,4685.408000,4704.084000,4642.939000,4649.192000,22126121200
2026-07-27,4656.027000,4702.525000,4615.531000,4702.427000,20478694100
2026-07-28,4623.799000,4646.487000,4552.229000,4569.524000,21570504500
2026-07-29,4582.095000,4626.706000,4516.316000,4600.262000,24808235700
2026-07-30,4566.047000,4596.206000,4478.209000,4549.720000,27465113000
2026-07-31,4623.854000,4635.589000,4588.197000,4588.197000,27924369800
2026-08-03,4561.817000,4572.588000,4529.186000,4543.178000,23204258400
2026-08-04,4566.943000,4613.694000,4555.247000,4600.930000,24207361100
2026-08-05,4550.189000,4679.859000,4550.189000,4658.155000,27692191900
2026-08-06,4621.803000,4675.646000,4611.066000,4651.310000,24751073000
2026-08-07,4656.098000,4706.729000,4649.576000,4694.437000,23907202000
