date,open,high,low,close,volume
2017-06-16,280.950000,282.420000,277.420000,278.200000,158304
2017-06-19,278.720000,283.360000,277.940000,281.810000,198899
2017-06-20,282.930000,283.620000,279.400000,279.920000,179022
2017-06-21,282.590000,284.650000,277.850000,282.760000,205053
2017-06-22,283.620000,305.310000,282.500000,290.510000,611177
2017-06-23,289.390000,295.330000,286.810000,294.380000,374217
2017-06-26,296.700000,318.130000,296.700000,318.130000,800800
2017-06-27,317.360000,318.990000,312.280000,315.980000,429223
2017-06-28,321.400000,335.860000,315.460000,330.270000,922785
2017-06-29,326.820000,362.800000,325.190000,349.630000,1201935
2017-06-30,347.310000,361.590000,345.590000,348.340000,793477
2017-07-03,351.780000,378.890000,348.430000,378.890000,1140950
2017-07-04,375.020000,382.330000,372.440000,380.610000,936267
2017-07-05,377.340000,383.450000,367.190000,380.440000,975019
2017-07-06,375.280000,391.800000,370.200000,371.150000,1250999
2017-07-07,369.080000,379.320000,366.930000,376.310000,1018756
2017-07-10,375.110000,385.260000,369.940000,376.910000,963078
2017-07-11,377.600000,382.590000,347.740000,348.080000,1244940
2017-07-12,348.430000,350.840000,336.550000,344.040000,1184357
2017-07-13,342.830000,353.930000,341.460000,349.200000,878157
2017-07-14,346.620000,350.490000,339.730000,341.890000,606139
2017-07-17,340.770000,359.270000,324.760000,349.370000,1140383
2017-07-18,351.350000,352.730000,338.010000,350.060000,664540
2017-07-19,349.460000,383.370000,343.180000,377.000000,1151948
2017-07-20,377.690000,412.710000,375.970000,409.960000,1384781
2017-07-21,413.750000,417.360000,396.970000,399.380000,1026521
2017-07-24,402.560000,412.030000,396.970000,402.820000,785173
2017-07-25,400.410000,402.390000,379.060000,384.490000,867224
2017-07-26,383.450000,394.640000,381.130000,389.650000,636459
2017-07-27,386.120000,428.120000,379.580000,427.860000,1341463
2017-07-28,422.440000,429.150000,413.150000,413.320000,933090
2017-07-31,411.170000,425.970000,406.170000,413.060000,755745
2017-08-01,408.500000,434.400000,407.640000,424.510000,856389
2017-08-02,429.240000,434.140000,418.050000,419.690000,742342
2017-08-03,415.810000,420.630000,395.670000,396.280000,886438
2017-08-04,394.640000,403.510000,390.420000,397.650000,565735
2017-08-07,399.030000,405.740000,392.660000,396.790000,435022
2017-08-08,394.900000,431.650000,393.610000,422.440000,949201
2017-08-09,422.780000,427.350000,417.020000,419.940000,519452
2017-08-10,416.160000,443.090000,414.610000,418.050000,990991
2017-08-11,414.520000,428.980000,414.520000,417.710000,706554
2017-08-14,425.190000,459.020000,425.190000,459.020000,1190929
2017-08-15,471.410000,481.130000,465.470000,477.430000,1181858
2017-08-16,475.020000,517.280000,465.470000,504.890000,1233558
2017-08-17,499.810000,554.200000,497.230000,517.020000,1574733
2017-08-18,518.060000,531.910000,506.780000,521.330000,1061661
2017-08-21,515.650000,550.410000,515.650000,545.160000,1202227
2017-08-22,542.580000,546.110000,518.830000,525.370000,1091885
2017-08-23,525.200000,533.030000,511.000000,512.120000,827041
2017-08-24,515.470000,522.620000,504.110000,514.530000,666817
2017-08-25,515.990000,541.120000,509.280000,538.280000,960558
2017-08-28,542.840000,562.380000,497.230000,503.250000,1925449
2017-08-29,488.790000,499.980000,483.800000,487.760000,1103211
2017-08-30,491.120000,494.390000,485.870000,492.410000,644454
2017-08-31,493.270000,496.630000,484.230000,495.590000,613272
2017-09-01,494.730000,517.450000,488.190000,506.260000,983528
2017-09-04,502.220000,520.810000,495.330000,506.700000,865644
2017-09-05,506.610000,524.340000,504.110000,514.350000,759326
2017-09-06,510.140000,515.990000,493.790000,506.520000,746869
2017-09-07,507.560000,523.560000,504.200000,511.600000,773179
2017-09-08,509.540000,509.710000,476.400000,480.020000,1099547
2017-09-11,474.510000,482.430000,468.480000,475.970000,611967
2017-09-12,477.180000,495.420000,472.270000,484.750000,773784
2017-09-13,486.470000,493.360000,481.310000,484.400000,417452
2017-09-14,482.600000,487.760000,469.520000,470.200000,511725
2017-09-15,470.200000,476.140000,459.700000,461.080000,484058
2017-09-18,464.440000,473.820000,462.540000,469.170000,368080
2017-09-19,472.270000,492.490000,470.550000,487.330000,794348
2017-09-20,483.630000,485.440000,475.710000,485.090000,444247
2017-09-21,484.320000,484.320000,459.360000,460.570000,596159
2017-09-22,461.080000,466.590000,455.140000,461.680000,339482
2017-09-25,464.520000,472.700000,461.860000,463.660000,323314
2017-09-26,463.660000,466.930000,445.420000,454.540000,448646
2017-09-27,456.610000,463.660000,450.750000,461.080000,342764
2017-09-28,462.370000,475.020000,459.360000,459.790000,484644
2017-09-29,461.000000,470.550000,454.890000,466.680000,353541
2017-10-09,473.990000,482.510000,470.980000,480.790000,505285
2017-10-10,482.600000,489.140000,475.540000,489.140000,532517
2017-10-11,489.650000,495.330000,477.260000,481.560000,469890
2017-10-12,482.600000,485.950000,472.960000,475.880000,285265
2017-10-13,475.880000,485.180000,472.360000,483.030000,319689
2017-10-16,490.340000,490.430000,462.630000,463.060000,471895
2017-10-17,460.220000,460.480000,425.880000,438.020000,657566
2017-10-18,435.350000,440.860000,421.750000,422.010000,420077
2017-10-19,431.650000,436.810000,426.660000,428.550000,372772
2017-10-20,429.240000,438.280000,420.630000,435.520000,318717
2017-10-23,437.850000,443.350000,434.400000,436.300000,244740
2017-10-24,436.300000,438.960000,428.380000,435.180000,219641
2017-10-25,436.120000,446.110000,434.140000,443.700000,357305
2017-10-26,443.870000,443.870000,434.400000,439.910000,316082
2017-10-27,438.880000,441.980000,431.560000,432.680000,225883
2017-10-30,435.260000,461.080000,425.620000,455.060000,647788
2017-10-31,454.460000,469.690000,452.560000,466.250000,592626
2017-11-01,466.250000,474.340000,461.680000,462.110000,442104
2017-11-02,463.230000,502.390000,463.230000,493.790000,904497
2017-11-03,491.200000,512.460000,487.420000,495.510000,795219
2017-11-06,496.450000,503.600000,489.480000,498.690000,524557
2017-11-07,509.360000,525.630000,509.360000,522.190000,786381
2017-11-08,522.620000,524.170000,510.310000,513.410000,591383
2017-11-09,515.390000,520.290000,499.810000,515.470000,556902
2017-11-10,520.900000,528.900000,506.260000,506.520000,617147
2017-11-13,504.110000,556.700000,501.270000,556.700000,1246284
2017-11-14,568.660000,596.970000,563.240000,575.800000,1160953
2017-11-15,572.960000,584.580000,539.570000,547.140000,1022342
2017-11-16,565.990000,601.190000,558.330000,584.840000,1076630
2017-11-17,584.670000,613.410000,573.820000,582.860000,1067833
2017-11-20,590.180000,611.780000,585.870000,609.630000,944189
2017-11-21,609.540000,612.640000,591.900000,609.020000,716819
2017-11-22,613.410000,648.350000,597.920000,617.540000,1056080
2017-11-23,603.950000,604.720000,573.220000,580.020000,859166
2017-11-24,579.850000,584.070000,547.140000,549.210000,718346
2017-11-27,551.530000,560.830000,529.160000,534.670000,589068
2017-11-28,538.540000,587.680000,536.900000,581.570000,809736
2017-11-29,577.270000,597.580000,562.720000,582.340000,742635
2017-11-30,564.870000,581.310000,560.140000,571.760000,491682
2017-12-01,572.790000,605.670000,562.640000,596.540000,697561
2017-12-04,598.350000,598.350000,576.060000,588.280000,535137
2017-12-05,581.570000,586.730000,534.240000,545.510000,804185
2017-12-06,546.540000,560.230000,528.210000,555.750000,634806
2017-12-07,545.850000,548.010000,530.880000,531.310000,464354
2017-12-08,535.870000,545.080000,525.630000,525.630000,440001
2017-12-11,525.200000,547.140000,521.410000,539.660000,561846
2017-12-12,541.980000,548.780000,534.750000,537.590000,434736
2017-12-13,538.280000,541.890000,531.650000,541.640000,331171
2017-12-14,538.540000,541.030000,525.280000,528.120000,430327
2017-12-15,538.280000,545.850000,528.120000,531.650000,438470
2017-12-18,543.010000,545.940000,509.100000,510.400000,554885
2017-12-19,510.480000,519.350000,508.420000,518.570000,306564
2017-12-20,520.550000,538.970000,511.860000,534.240000,467803
2017-12-21,529.930000,542.320000,528.640000,536.730000,385658
2017-12-22,536.640000,546.200000,533.550000,536.470000,269054
2017-12-25,534.240000,540.950000,520.290000,537.850000,376791
2017-12-26,537.850000,538.370000,529.070000,533.200000,205988
2017-12-27,532.510000,537.160000,517.450000,518.230000,309118
2017-12-28,512.630000,524.340000,509.540000,511.170000,267820
2017-12-29,517.880000,522.960000,512.810000,513.920000,181121
2018-01-02,521.330000,528.550000,511.860000,526.230000,331904
2018-01-03,526.580000,543.700000,522.790000,538.540000,429170
2018-01-04,541.210000,552.140000,535.180000,546.630000,401472
2018-01-05,547.660000,551.960000,536.820000,538.110000,298072
2018-01-08,538.710000,540.260000,523.130000,532.170000,292296
2018-01-09,531.650000,538.370000,527.180000,534.490000,240519
2018-01-10,536.640000,536.640000,518.490000,524.510000,282837
2018-01-11,525.630000,576.490000,518.660000,576.490000,910275
2018-01-12,580.710000,585.010000,561.780000,562.810000,607760
2018-01-15,565.220000,575.110000,554.630000,564.440000,519806
2018-01-16,567.630000,576.920000,564.100000,574.080000,483678
2018-01-17,570.380000,570.810000,522.010000,534.670000,665491
2018-01-18,538.020000,542.070000,528.900000,533.120000,259719
2018-01-19,536.820000,541.890000,529.160000,535.610000,223641
2018-01-22,536.130000,546.030000,512.810000,537.940000,320901
2018-01-23,537.940000,545.080000,533.370000,534.410000,222123
2018-01-24,533.370000,544.480000,522.870000,543.270000,401957
2018-01-25,544.560000,544.560000,528.210000,529.500000,357657
2018-01-26,521.410000,534.150000,519.690000,523.130000,262839
2018-01-29,526.660000,532.600000,514.440000,522.100000,274182
2018-01-30,519.690000,528.210000,517.110000,522.190000,176133
2018-01-31,517.880000,520.980000,474.850000,477.950000,563571
2018-02-01,478.120000,484.230000,449.550000,456.000000,389184
2018-02-02,457.210000,467.620000,446.710000,458.930000,277866
2018-02-05,443.870000,453.160000,439.570000,444.640000,224190
2018-02-06,426.660000,434.400000,403.420000,405.060000,496755
2018-02-07,417.020000,419.770000,399.120000,408.070000,330064
2018-02-08,409.440000,436.980000,408.070000,426.920000,352028
2018-02-09,409.620000,429.070000,404.880000,413.060000,322401
2018-02-12,424.940000,441.120000,419.600000,433.370000,333949
2018-02-13,439.820000,441.460000,430.960000,434.320000,253405
2018-02-14,435.260000,438.790000,433.200000,434.830000,155970
2018-02-22,441.120000,472.870000,436.380000,467.110000,377486
2018-02-23,465.390000,468.480000,456.860000,463.660000,237221
2018-02-26,467.970000,486.560000,467.970000,474.160000,413299
2018-02-27,478.720000,488.360000,474.250000,479.070000,315532
2018-02-28,482.600000,488.620000,475.880000,479.930000,292704
2018-03-01,475.710000,497.660000,473.990000,493.530000,432372
2018-03-02,488.620000,496.970000,483.200000,483.200000,272667
2018-03-05,493.610000,495.160000,483.460000,491.030000,287937
2018-03-06,493.530000,520.900000,491.030000,504.290000,544745
2018-03-07,503.250000,508.330000,496.370000,500.840000,283720
2018-03-08,501.790000,508.160000,491.980000,497.140000,272564
2018-03-09,497.660000,511.340000,493.270000,505.150000,348766
2018-03-12,523.740000,541.120000,520.640000,524.770000,548415
2018-03-13,522.960000,539.920000,517.110000,529.930000,478931
2018-03-14,525.630000,553.000000,522.620000,538.540000,592324
2018-03-15,538.540000,541.720000,520.810000,537.250000,438384
2018-03-16,536.640000,550.240000,533.200000,534.240000,364590
2018-03-19,536.130000,552.480000,531.740000,547.570000,482839
2018-03-20,540.090000,545.420000,530.620000,535.010000,354322
2018-03-21,535.700000,539.310000,512.030000,512.630000,447906
2018-03-22,515.730000,519.170000,509.190000,511.690000,289383
2018-03-23,484.750000,499.380000,463.920000,471.580000,584069
2018-03-26,467.110000,497.140000,463.660000,496.370000,480780
2018-03-27,502.990000,523.820000,502.990000,521.500000,508255
2018-03-28,511.690000,520.470000,509.790000,512.630000,276158
2018-03-29,523.910000,526.490000,503.680000,513.490000,301653
2018-03-30,518.570000,532.600000,518.570000,528.470000,408132
2018-04-02,538.540000,540.260000,523.050000,527.610000,407378
2018-04-03,517.880000,517.880000,510.140000,515.040000,298203
2018-04-04,517.020000,518.490000,494.470000,496.200000,396985
2018-04-09,496.200000,503.770000,484.230000,497.920000,249470
2018-04-10,498.950000,504.110000,490.430000,503.770000,259692
2018-04-11,504.110000,511.430000,501.530000,504.030000,213184
2018-04-12,502.130000,505.830000,491.720000,493.180000,205101
2018-04-13,500.670000,506.010000,494.730000,494.990000,201125
2018-04-16,489.480000,498.090000,487.160000,496.540000,191591
2018-04-17,499.290000,503.680000,468.830000,476.660000,337910
2018-04-18,485.010000,501.360000,469.690000,497.660000,371203
2018-04-19,498.000000,514.440000,495.510000,502.390000,378989
2018-04-20,501.530000,506.700000,485.870000,488.360000,289254
2018-04-23,494.560000,511.940000,491.980000,506.520000,399192
2018-04-24,484.320000,500.240000,478.290000,499.900000,471213
2018-04-25,498.950000,505.660000,492.060000,500.410000,314189
2018-04-26,499.810000,499.810000,477.260000,477.860000,371561
2018-04-27,481.560000,484.230000,450.410000,459.190000,351267
2018-05-02,461.080000,468.570000,459.530000,463.660000,164652
2018-05-03,464.520000,473.820000,452.130000,471.150000,228525
2018-05-04,474.340000,480.620000,470.810000,471.410000,187854
2018-05-07,481.310000,484.920000,475.020000,482.170000,237388
2018-05-08,483.460000,490.770000,478.810000,490.080000,251791
2018-05-09,488.360000,488.360000,481.650000,484.320000,192636
2018-05-10,484.660000,487.760000,481.130000,485.270000,156060
2018-05-11,487.070000,489.310000,481.740000,481.740000,145222
2018-05-14,487.330000,513.800000,484.750000,501.400000,665070
2018-05-15,504.760000,506.570000,487.330000,502.950000,416434
2018-05-16,496.630000,499.720000,493.140000,496.370000,276317
2018-05-17,496.370000,503.730000,491.460000,493.400000,261536
2018-05-18,493.910000,497.140000,477.130000,485.520000,352588
2018-05-21,491.720000,499.590000,491.330000,496.110000,339616
2018-05-22,498.560000,498.560000,489.270000,495.080000,216171
2018-05-23,494.820000,495.590000,487.980000,488.620000,230049
2018-05-24,489.910000,493.140000,486.300000,486.690000,173971
2018-05-25,486.040000,490.300000,471.970000,475.840000,300936
2018-05-28,474.290000,484.750000,469.260000,479.330000,211846
2018-05-29,479.330000,485.390000,476.360000,477.780000,167317
2018-05-30,469.000000,469.650000,454.670000,456.090000,298966
2018-05-31,466.030000,477.650000,461.120000,473.260000,315555
2018-06-01,470.680000,512.890000,468.230000,491.850000,652591
2018-06-04,495.980000,501.270000,487.590000,492.620000,345702
2018-06-05,496.240000,499.590000,489.910000,498.820000,373120
2018-06-06,499.590000,502.310000,492.240000,495.080000,287995
2018-06-07,493.790000,497.010000,483.460000,485.270000,289329
2018-06-08,485.010000,485.270000,472.490000,476.620000,268206
2018-06-11,476.620000,480.880000,471.450000,474.680000,174539
2018-06-12,477.130000,480.880000,468.230000,480.750000,203592
2018-06-13,477.000000,478.810000,465.390000,465.770000,234808
2018-06-14,466.810000,473.780000,464.350000,465.510000,161468
2018-06-15,470.420000,470.420000,461.250000,464.220000,199787
2018-06-19,462.670000,462.670000,418.390000,418.390000,576275
2018-06-20,418.910000,424.850000,398.000000,418.910000,512853
2018-06-21,419.170000,421.110000,399.550000,399.680000,366862
2018-06-22,393.090000,407.160000,387.280000,404.070000,273942
2018-06-25,410.000000,411.040000,398.130000,398.260000,222047
2018-06-26,387.930000,413.750000,386.640000,409.870000,343561
2018-06-27,411.040000,411.040000,400.580000,403.030000,223003
2018-06-28,402.520000,410.780000,396.710000,397.870000,210196
2018-06-29,400.840000,420.850000,398.390000,419.810000,390712
2018-07-02,422.530000,429.240000,409.230000,417.360000,366121
2018-07-03,416.330000,436.730000,412.710000,429.880000,434482
2018-07-04,428.590000,430.660000,416.970000,418.140000,284059
2018-07-05,416.200000,420.980000,403.030000,404.070000,251026
2018-07-06,407.940000,418.010000,399.550000,406.520000,299642
2018-07-09,412.330000,420.200000,409.870000,418.270000,285750
2018-07-10,417.620000,420.070000,413.490000,419.170000,221001
2018-07-11,411.170000,414.520000,404.190000,409.490000,256712
2018-07-12,411.940000,431.820000,411.810000,426.790000,472156
2018-07-13,426.790000,428.720000,422.650000,427.170000,252270
2018-07-16,430.530000,433.630000,423.560000,426.920000,204696
2018-07-17,429.110000,429.110000,414.260000,420.720000,263150
2018-07-18,422.910000,423.820000,414.390000,415.040000,203353
2018-07-19,416.330000,416.970000,404.710000,406.260000,228464
2018-07-20,405.870000,416.330000,404.190000,413.880000,239015
2018-07-23,413.230000,425.110000,410.520000,424.080000,312752
2018-07-24,426.790000,433.890000,421.750000,430.530000,440120
2018-07-25,433.110000,438.920000,425.110000,427.690000,336436
2018-07-26,427.560000,430.400000,419.300000,422.780000,222351
2018-07-27,423.820000,425.240000,416.720000,418.910000,160512
2018-07-30,418.650000,427.170000,416.200000,421.880000,245126
2018-07-31,420.460000,420.850000,406.650000,411.290000,223288
2018-08-01,411.420000,420.200000,407.290000,407.550000,188303
2018-08-02,407.420000,408.450000,380.180000,391.670000,382638
2018-08-03,391.410000,392.450000,380.310000,381.860000,200896
2018-08-06,380.310000,380.440000,357.980000,362.240000,325138
2018-08-07,362.880000,370.500000,353.460000,370.500000,358702
2018-08-08,364.690000,368.560000,355.780000,356.170000,248079
2018-08-09,357.330000,381.860000,355.660000,373.080000,433602
2018-08-10,373.730000,397.090000,371.280000,394.000000,557644
2018-08-13,389.220000,404.580000,385.350000,402.650000,519396
2018-08-14,401.350000,401.350000,392.580000,394.640000,303122
2018-08-15,394.640000,396.320000,383.930000,385.480000,330019
2018-08-16,377.860000,392.450000,376.830000,384.960000,286627
2018-08-17,388.960000,391.670000,375.150000,377.600000,239778
2018-08-20,373.730000,386.640000,371.150000,386.640000,233594
2018-08-21,387.930000,395.550000,384.960000,391.800000,311675
2018-08-22,390.770000,390.900000,373.860000,377.860000,303322
2018-08-23,377.730000,387.670000,376.960000,382.770000,249015
2018-08-24,382.890000,390.380000,381.090000,382.250000,243564
2018-08-27,385.350000,395.670000,383.540000,395.550000,362898
2018-08-28,399.680000,400.840000,389.990000,392.320000,280906
2018-08-29,392.320000,423.430000,390.120000,417.620000,813504
2018-08-30,417.230000,422.530000,412.590000,419.170000,545314
2018-08-31,416.070000,416.330000,404.450000,409.230000,425547
2018-09-03,406.000000,413.750000,398.900000,413.100000,323242
2018-09-04,409.870000,420.850000,404.710000,416.850000,386279
2018-09-05,413.750000,422.140000,408.200000,408.970000,375154
2018-09-06,406.130000,420.070000,404.840000,414.130000,390760
2018-09-07,414.130000,423.300000,399.550000,404.320000,459923
2018-09-10,403.420000,403.420000,379.020000,381.730000,389455
2018-09-11,382.770000,390.120000,378.890000,385.480000,193816
2018-09-12,387.670000,390.250000,381.340000,383.020000,176307
2018-09-13,391.030000,392.710000,379.410000,389.220000,218150
2018-09-14,389.870000,396.970000,385.480000,385.990000,251759
2018-09-17,385.990000,390.900000,379.020000,388.830000,249772
2018-09-18,385.090000,390.900000,380.050000,389.990000,282968
2018-09-19,388.960000,399.030000,385.480000,396.970000,333863
2018-09-20,396.970000,400.450000,391.800000,392.320000,199832
2018-09-21,393.090000,397.740000,388.830000,394.380000,278303
2018-09-25,377.600000,383.800000,368.690000,379.280000,394627
2018-09-26,381.730000,385.090000,377.990000,379.670000,252830
2018-09-27,382.250000,384.700000,370.240000,370.760000,260627
2018-09-28,373.730000,375.660000,369.980000,374.630000,211983
2018-10-08,365.720000,368.050000,354.360000,354.880000,270253
2018-10-09,358.240000,361.080000,354.110000,356.300000,148314
2018-10-10,356.560000,358.880000,343.520000,353.070000,216323
2018-10-11,338.870000,338.870000,318.350000,318.350000,426746
2018-10-12,311.510000,311.510000,287.620000,304.150000,568127
2018-10-15,302.730000,308.540000,295.630000,297.050000,332028
2018-10-16,294.460000,296.270000,267.870000,267.870000,668444
2018-10-17,271.230000,280.140000,261.420000,276.000000,659124
2018-10-18,270.450000,280.140000,269.420000,274.070000,431433
2018-10-19,270.450000,284.010000,268.520000,281.810000,473746
2018-10-22,287.240000,309.440000,282.200000,309.440000,703062
2018-10-23,310.210000,316.670000,301.820000,306.470000,565179
2018-10-24,301.950000,306.080000,294.340000,299.760000,400991
2018-10-25,285.560000,295.630000,280.780000,292.400000,385143
2018-10-26,296.270000,299.760000,290.850000,292.400000,244428
2018-10-29,293.040000,297.560000,287.240000,289.170000,231276
2018-10-30,286.460000,297.300000,276.910000,292.920000,324796
2018-10-31,294.980000,299.890000,293.430000,297.180000,278176
2018-11-01,320.930000,326.350000,315.770000,320.030000,1132227
2018-11-02,326.350000,327.770000,320.410000,325.320000,856456
2018-11-05,325.190000,333.320000,320.800000,327.640000,571924
2018-11-06,327.250000,327.250000,310.210000,318.220000,463821
2018-11-07,322.350000,324.030000,314.730000,315.120000,314586
2018-11-08,317.700000,318.860000,311.120000,312.020000,280914
2018-11-09,311.250000,315.640000,309.310000,312.280000,200278
2018-11-12,308.920000,320.540000,307.630000,319.770000,302786
2018-11-13,315.640000,325.190000,313.700000,322.090000,367411
2018-11-14,323.250000,325.320000,318.860000,319.380000,283964
2018-11-15,322.090000,337.070000,322.090000,333.580000,574160
2018-11-16,331.130000,340.160000,328.160000,335.130000,529904
2018-11-19,334.740000,338.740000,327.380000,334.100000,411462
2018-11-20,334.100000,343.260000,324.670000,325.320000,496654
2018-11-21,318.090000,327.770000,317.060000,327.250000,284514
2018-11-22,330.740000,342.490000,330.090000,338.870000,555916
2018-11-23,338.870000,338.870000,320.030000,325.960000,447143
2018-11-26,325.960000,331.770000,320.670000,325.320000,211490
2018-11-27,329.970000,337.970000,327.130000,330.480000,345457
2018-11-28,330.350000,332.420000,321.570000,329.710000,284643
2018-11-29,332.930000,335.520000,321.570000,321.830000,257671
2018-11-30,318.860000,324.030000,314.860000,323.640000,225648
2018-12-03,338.740000,338.870000,330.740000,333.060000,344394
2018-12-04,333.060000,334.870000,328.290000,332.420000,254217
2018-12-05,328.420000,333.840000,325.960000,331.130000,205172
2018-12-06,328.800000,329.710000,321.450000,322.090000,225647
2018-12-07,323.380000,326.740000,320.930000,321.830000,116487
2018-12-10,318.220000,324.030000,315.770000,319.770000,134118
2018-12-11,323.250000,323.250000,318.350000,321.320000,103712
2018-12-12,322.870000,323.380000,319.380000,319.770000,108266
2018-12-13,320.800000,325.710000,319.900000,324.160000,192770
2018-12-14,322.610000,338.230000,322.090000,325.190000,533680
2018-12-17,323.380000,328.030000,316.930000,322.610000,246233
2018-12-18,320.800000,325.710000,317.570000,322.990000,177369
2018-12-19,323.380000,323.770000,316.020000,316.280000,152146
2018-12-20,314.350000,317.960000,304.280000,310.210000,257872
2018-12-21,309.050000,310.470000,302.470000,305.950000,196890
2018-12-24,305.700000,314.090000,303.370000,312.150000,170961
2018-12-25,309.180000,314.470000,303.370000,314.470000,209262
2018-12-26,313.700000,321.700000,313.440000,314.990000,185857
2018-12-27,321.960000,329.970000,319.510000,321.060000,425405
2018-12-28,324.670000,328.550000,321.450000,323.900000,235865
2019-01-02,323.770000,333.060000,323.510000,329.060000,328942
2019-01-03,328.290000,339.520000,327.000000,334.230000,417485
2019-01-04,330.610000,360.300000,328.670000,356.040000,684817
2019-01-07,360.690000,387.670000,356.950000,383.670000,811142
2019-01-08,385.220000,391.540000,375.020000,380.440000,577524
2019-01-09,380.440000,387.800000,376.310000,380.050000,462918
2019-01-10,378.630000,396.710000,376.570000,383.540000,523831
2019-01-11,382.890000,390.250000,373.730000,379.800000,458252
2019-01-14,385.350000,388.450000,379.020000,381.860000,275569
2019-01-15,384.830000,385.090000,371.150000,382.120000,420179
2019-01-16,380.440000,395.420000,376.310000,377.470000,520649
2019-01-17,371.150000,376.960000,363.530000,365.340000,463666
2019-01-18,368.950000,371.790000,362.630000,368.950000,305465
2019-01-21,372.570000,379.800000,368.440000,373.080000,298915
2019-01-22,373.470000,378.630000,366.240000,369.340000,219045
2019-01-23,368.820000,373.990000,364.560000,372.180000,193207
2019-01-24,373.080000,379.150000,364.950000,377.340000,434135
2019-01-25,375.020000,378.250000,367.920000,369.860000,313853
2019-01-28,375.660000,387.280000,372.440000,378.250000,422676
2019-01-29,377.600000,381.990000,369.730000,379.540000,249759
2019-01-30,378.500000,378.500000,342.750000,346.620000,562280
2019-01-31,354.360000,365.340000,354.110000,358.110000,465672
2019-02-01,364.820000,373.990000,359.270000,373.730000,297846
2019-02-11,378.630000,387.280000,378.120000,383.930000,333863
2019-02-12,387.930000,391.410000,382.770000,384.830000,341988
2019-02-13,387.410000,407.030000,385.480000,404.710000,653817
2019-02-14,404.840000,405.610000,395.030000,399.030000,423191
2019-02-15,400.190000,403.290000,394.130000,395.160000,303998
2019-02-18,402.520000,410.910000,398.510000,410.650000,495234
2019-02-19,409.870000,413.230000,397.870000,403.030000,576758
2019-02-20,403.420000,403.420000,389.480000,397.870000,401372
2019-02-21,398.000000,404.450000,391.540000,393.610000,442277
2019-02-22,393.480000,404.710000,389.480000,402.000000,480500
2019-02-25,422.270000,440.470000,411.940000,433.760000,1000294
2019-02-26,434.140000,476.620000,426.660000,471.450000,1333199
2019-02-27,473.130000,510.960000,462.800000,480.360000,1427041
2019-02-28,478.290000,478.290000,460.350000,466.810000,630832
2019-03-01,470.550000,472.870000,456.350000,468.350000,541816
2019-03-04,487.330000,496.370000,475.330000,481.780000,952582
2019-03-05,481.910000,509.150000,476.870000,507.340000,1008393
2019-03-06,512.120000,516.760000,488.620000,499.590000,905586
2019-03-07,515.470000,515.470000,487.330000,496.240000,991602
2019-03-08,477.000000,532.130000,468.610000,494.430000,1379018
2019-03-11,506.700000,521.930000,499.210000,515.090000,993232
2019-03-12,515.860000,520.770000,501.270000,511.730000,1164105
2019-03-13,511.080000,511.080000,469.260000,476.750000,1160877
2019-03-14,472.740000,474.680000,456.610000,468.230000,712191
2019-03-15,470.420000,477.780000,466.680000,470.550000,439003
2019-03-18,460.870000,475.710000,454.540000,474.290000,593090
2019-03-19,475.200000,494.430000,475.200000,486.300000,657503
2019-03-20,491.070000,491.200000,470.680000,481.130000,503193
2019-03-21,478.810000,485.390000,475.330000,481.910000,455584
2019-03-22,478.680000,481.520000,466.810000,475.840000,398285
2019-03-25,464.740000,482.680000,462.160000,469.650000,443945
2019-03-26,470.030000,475.580000,457.640000,459.700000,391427
2019-03-27,464.090000,466.160000,447.440000,455.570000,358417
2019-03-28,455.570000,471.840000,449.890000,460.090000,414619
2019-03-29,460.220000,476.490000,452.090000,474.290000,496526
2019-04-01,480.880000,489.910000,480.880000,488.490000,583940
2019-04-02,487.980000,506.700000,483.200000,494.170000,795237
2019-04-03,487.330000,491.330000,481.780000,488.750000,440127
2019-04-04,491.980000,501.010000,485.140000,487.330000,463804
2019-04-08,488.620000,490.820000,466.550000,472.740000,587093
2019-04-09,471.320000,480.620000,466.810000,473.130000,286567
2019-04-10,473.780000,478.810000,469.000000,470.810000,306131
2019-04-11,473.000000,474.160000,457.640000,457.770000,400230
2019-04-12,457.770000,459.830000,451.960000,458.030000,251588
2019-04-15,464.220000,471.840000,453.120000,453.900000,313119
2019-04-16,452.220000,462.160000,442.790000,461.000000,385322
2019-04-17,461.510000,464.610000,456.090000,457.120000,283822
2019-04-18,456.860000,464.350000,454.540000,458.930000,252325
2019-04-19,459.190000,461.770000,452.480000,457.640000,254659
2019-04-22,457.640000,458.540000,444.730000,445.760000,301333
2019-04-23,447.310000,451.960000,441.630000,443.570000,230948
2019-04-24,444.210000,457.380000,439.700000,457.120000,371470
2019-04-25,455.060000,460.870000,436.210000,436.340000,314049
2019-04-26,431.820000,440.600000,431.560000,431.690000,258721
2019-04-29,431.560000,436.340000,416.850000,420.200000,306681
2019-04-30,419.940000,427.690000,418.650000,422.910000,184127
2019-05-06,405.870000,407.420000,381.220000,381.220000,490936
2019-05-07,382.510000,386.640000,377.600000,384.830000,235715
2019-05-08,378.630000,395.160000,373.730000,386.380000,249832
2019-05-09,384.060000,392.450000,380.830000,383.150000,201215
2019-05-10,388.060000,400.190000,373.860000,399.810000,433164
2019-05-13,392.960000,395.160000,388.450000,391.030000,250062
2019-05-14,386.640000,396.970000,385.090000,388.450000,190714
2019-05-15,389.990000,393.090000,386.380000,391.670000,215712
2019-05-16,391.800000,417.360000,389.220000,404.710000,426149
2019-05-17,403.550000,412.200000,390.380000,390.900000,313678
2019-05-20,390.900000,401.480000,386.640000,396.840000,231903
2019-05-21,401.350000,416.070000,395.670000,416.070000,461856
2019-05-22,416.330000,418.520000,404.450000,411.810000,375937
2019-05-23,390.510000,394.380000,378.630000,383.280000,554569
2019-05-24,382.770000,385.990000,375.150000,377.990000,256326
2019-05-27,378.630000,389.220000,377.470000,388.570000,294991
2019-05-28,389.740000,392.580000,384.310000,388.700000,242454
2019-05-29,386.250000,390.900000,382.770000,386.120000,157490
2019-05-30,384.440000,385.090000,376.310000,379.020000,190257
2019-05-31,381.220000,387.030000,379.540000,381.220000,164635
2019-06-03,386.510000,386.640000,379.280000,382.250000,172297
2019-06-04,382.250000,385.990000,375.020000,377.860000,194275
2019-06-05,381.220000,385.730000,378.760000,381.990000,162677
2019-06-06,381.860000,382.770000,366.240000,368.440000,269903
2019-06-10,368.820000,375.790000,367.270000,375.020000,158325
2019-06-11,375.790000,388.830000,369.860000,387.670000,295806
2019-06-12,386.640000,391.540000,380.960000,382.250000,221107
2019-06-13,382.120000,386.640000,380.050000,385.860000,169320
2019-06-14,384.700000,387.540000,375.020000,375.410000,178458
2019-06-17,376.310000,383.800000,375.020000,380.180000,139821
2019-06-18,381.600000,402.000000,380.700000,400.710000,580969
2019-06-19,412.710000,415.550000,402.260000,406.910000,593664
2019-06-20,404.190000,415.170000,401.100000,410.260000,375596
2019-06-21,412.970000,427.690000,412.970000,424.980000,561998
2019-06-24,420.200000,426.010000,416.970000,418.650000,312460
2019-06-25,422.010000,422.140000,401.480000,411.420000,355826
2019-06-26,411.420000,444.470000,410.130000,434.140000,692755
2019-06-27,433.760000,444.470000,432.080000,440.340000,508723
2019-06-28,439.570000,439.700000,429.240000,434.920000,329632
2019-07-01,449.250000,462.160000,442.790000,455.960000,567153
2019-07-02,454.410000,461.000000,452.090000,455.440000,324348
2019-07-03,455.440000,455.700000,444.080000,446.670000,322953
2019-07-04,448.340000,455.190000,440.860000,443.700000,278796
2019-07-05,446.020000,453.510000,441.760000,448.220000,248066
2019-07-08,446.020000,452.090000,431.820000,436.730000,341777
2019-07-09,439.050000,440.340000,428.850000,436.730000,218972
2019-07-10,438.660000,441.760000,429.880000,431.820000,186063
2019-07-11,436.730000,439.310000,426.400000,428.980000,239856
2019-07-12,431.180000,435.950000,425.500000,431.690000,178834
2019-07-15,429.110000,445.500000,418.780000,442.020000,377114
2019-07-16,438.400000,443.180000,436.210000,439.310000,183875
2019-07-17,443.180000,444.990000,436.980000,442.540000,320725
2019-07-18,438.280000,440.080000,418.780000,419.040000,412786
2019-07-19,419.040000,426.920000,418.910000,422.140000,207442
2019-07-22,424.200000,439.050000,410.390000,427.040000,304948
2019-07-23,421.230000,432.980000,419.810000,427.950000,220276
2019-07-24,431.180000,443.180000,429.370000,440.210000,371969
2019-07-25,438.280000,443.050000,434.920000,439.310000,288199
2019-07-26,439.310000,446.410000,437.110000,442.410000,249170
2019-07-29,443.180000,443.700000,429.500000,434.020000,291505
2019-07-30,435.180000,440.210000,430.010000,431.820000,247351
2019-07-31,430.530000,435.440000,427.300000,429.880000,173373
2019-08-01,429.760000,429.760000,420.720000,424.850000,202516
2019-08-02,415.040000,421.110000,410.520000,418.650000,248942
2019-08-05,416.720000,425.110000,413.620000,413.880000,197763
2019-08-06,403.420000,404.580000,385.480000,398.510000,393035
2019-08-07,400.710000,401.610000,391.930000,392.060000,203635
2019-08-08,393.220000,399.160000,393.090000,396.710000,142402
2019-08-09,399.550000,400.580000,387.030000,388.060000,213359
2019-08-12,389.990000,404.580000,387.930000,404.580000,246856
2019-08-13,401.230000,404.070000,395.800000,399.930000,138287
2019-08-14,407.550000,414.010000,404.320000,404.840000,249491
2019-08-15,393.090000,411.170000,391.160000,408.580000,241829
2019-08-16,409.490000,426.140000,408.070000,420.330000,438157
2019-08-19,424.720000,436.340000,421.490000,432.720000,448343
2019-08-20,433.110000,439.310000,427.950000,428.720000,288866
2019-08-21,426.660000,432.600000,424.720000,431.690000,224708
2019-08-22,434.400000,437.630000,419.560000,423.690000,383246
2019-08-23,422.910000,428.460000,419.560000,420.460000,212343
2019-08-26,412.330000,420.460000,407.810000,418.010000,272009
2019-08-27,421.490000,444.600000,420.070000,443.440000,764451
2019-08-28,441.120000,446.800000,440.340000,442.540000,447723
2019-08-29,444.860000,446.020000,436.980000,437.370000,325936
2019-08-30,443.310000,449.120000,428.980000,430.530000,461676
2019-09-02,431.050000,447.050000,426.920000,444.730000,436867
2019-09-03,443.960000,448.090000,439.950000,443.830000,318854
2019-09-04,443.700000,453.510000,442.150000,449.250000,420362
2019-09-05,451.960000,465.260000,447.570000,454.410000,721453
2019-09-06,459.320000,463.450000,447.960000,454.540000,412791
2019-09-09,458.410000,471.450000,454.670000,470.550000,626617
2019-09-10,469.520000,470.550000,457.120000,460.090000,480420
2019-09-11,462.800000,464.090000,449.510000,450.150000,374022
2019-09-12,452.860000,457.120000,447.440000,452.220000,275034
2019-09-16,453.640000,459.450000,452.600000,454.150000,259669
2019-09-17,451.180000,451.960000,432.600000,436.600000,499335
2019-09-18,437.110000,439.180000,433.500000,436.340000,217115
2019-09-19,437.110000,441.630000,435.180000,441.500000,228672
2019-09-20,442.280000,445.500000,437.370000,442.790000,261335
2019-09-23,442.790000,444.210000,432.600000,438.530000,261149
2019-09-24,438.280000,455.060000,436.860000,451.960000,490619
2019-09-25,448.090000,450.670000,437.240000,439.950000,300761
2019-09-26,439.950000,442.410000,422.780000,424.590000,317301
2019-09-27,426.010000,432.850000,424.850000,427.170000,173373
2019-09-30,427.300000,427.950000,417.100000,417.100000,207633
2019-10-08,405.870000,415.040000,404.450000,406.130000,333782
2019-10-09,406.000000,414.520000,400.710000,413.100000,197210
2019-10-10,427.300000,449.380000,426.140000,444.470000,616030
2019-10-11,444.730000,449.250000,441.120000,443.180000,428860
2019-10-14,452.480000,454.670000,441.240000,443.960000,338386
2019-10-15,443.570000,443.570000,432.210000,433.630000,257470
2019-10-16,435.050000,471.580000,435.050000,457.900000,870057
2019-10-17,457.900000,463.710000,455.830000,460.220000,416686
2019-10-18,461.510000,462.160000,450.930000,454.670000,358710
2019-10-21,453.770000,459.960000,446.670000,454.670000,355144
2019-10-22,452.990000,456.860000,447.570000,456.610000,344439
2019-10-23,455.060000,455.960000,444.210000,444.730000,319015
2019-10-24,444.600000,452.480000,441.370000,451.440000,325477
2019-10-25,451.960000,451.960000,429.370000,437.110000,583201
2019-10-28,440.210000,448.860000,436.980000,448.600000,461260
2019-10-29,445.890000,445.890000,433.110000,433.240000,373520
2019-10-30,428.590000,436.600000,427.950000,433.370000,181728
2019-10-31,434.140000,437.500000,431.950000,434.270000,173031
2019-11-01,434.270000,443.180000,433.760000,439.820000,237094
2019-11-04,441.500000,446.670000,437.630000,441.890000,245417
2019-11-05,443.180000,448.470000,440.860000,446.410000,274181
2019-11-06,444.860000,445.500000,436.860000,438.660000,218215
2019-11-07,435.950000,442.920000,435.950000,439.310000,145576
2019-11-08,444.210000,459.700000,441.890000,452.480000,630713
2019-11-11,449.380000,454.670000,440.860000,440.860000,387417
2019-11-12,439.700000,441.500000,426.660000,433.500000,308586
2019-11-13,431.820000,436.080000,428.590000,434.020000,170363
2019-11-14,434.400000,445.630000,434.400000,443.960000,281490
2019-11-15,442.150000,444.210000,429.240000,430.400000,294499
2019-11-18,429.240000,434.400000,428.980000,434.270000,181991
2019-11-19,434.400000,445.630000,430.660000,444.340000,318569
2019-11-20,443.440000,447.310000,436.340000,437.890000,240136
2019-11-21,436.210000,442.150000,431.950000,439.570000,165311
2019-11-22,438.400000,461.640000,438.400000,447.050000,749943
2019-11-25,446.800000,448.220000,428.080000,433.110000,469969
2019-11-26,433.760000,435.950000,430.270000,435.950000,199459
2019-11-27,433.110000,438.530000,431.180000,436.210000,168132
2019-11-28,434.270000,439.050000,431.560000,433.500000,136936
2019-11-29,430.140000,436.470000,429.630000,432.600000,140131
2019-12-02,432.600000,438.280000,431.300000,432.600000,167882
2019-12-03,430.010000,430.530000,421.230000,428.720000,232671
2019-12-04,427.690000,427.690000,418.520000,420.850000,308326
2019-12-05,420.850000,426.400000,420.460000,425.110000,276148
2019-12-06,423.820000,426.010000,418.650000,425.620000,300289
2019-12-09,426.140000,429.110000,423.170000,427.170000,260515
2019-12-10,426.530000,429.630000,421.110000,429.500000,270666
2019-12-11,429.880000,437.890000,427.950000,428.340000,381724
2019-12-12,426.660000,426.790000,421.230000,422.780000,267557
2019-12-13,427.430000,430.530000,424.460000,429.240000,315604
2019-12-16,431.820000,442.660000,430.530000,441.500000,532866
2019-12-17,442.920000,447.180000,438.530000,443.050000,442897
2019-12-18,443.180000,449.760000,441.500000,443.440000,379561
2019-12-19,444.470000,448.600000,442.410000,445.250000,283107
2019-12-20,446.800000,447.570000,438.020000,438.660000,282575
2019-12-23,442.790000,448.730000,432.980000,434.020000,321879
2019-12-24,433.890000,442.540000,433.110000,442.410000,209600
2019-12-25,442.920000,448.090000,440.860000,446.670000,299742
2019-12-26,456.090000,469.900000,448.220000,465.900000,945972
2019-12-27,464.090000,468.610000,449.890000,449.890000,592988
2019-12-30,449.890000,453.900000,440.860000,451.960000,342328
2019-12-31,449.890000,456.990000,448.730000,452.220000,250800
2020-01-02,453.900000,465.900000,453.900000,459.450000,488438
2020-01-03,458.410000,462.670000,451.570000,454.540000,440194
2020-01-06,449.890000,492.880000,448.730000,481.130000,1243364
2020-01-07,481.010000,482.430000,474.550000,481.520000,497330
2020-01-08,477.650000,480.360000,472.230000,472.490000,471254
2020-01-09,479.330000,482.680000,474.940000,478.810000,464840
2020-01-10,477.650000,486.170000,471.970000,475.200000,395859
2020-01-13,476.360000,488.360000,474.420000,484.620000,501022
2020-01-14,486.040000,487.070000,476.360000,477.000000,374737
2020-01-15,475.840000,480.880000,469.260000,475.450000,343199
2020-01-16,475.450000,481.650000,473.780000,475.970000,328341
2020-01-17,478.420000,479.070000,470.030000,471.320000,312487
2020-01-20,471.840000,481.260000,466.930000,479.840000,413089
2020-01-21,479.200000,484.100000,471.580000,472.230000,349755
2020-01-22,470.030000,484.490000,468.610000,482.940000,509162
2020-01-23,476.490000,479.590000,451.180000,461.380000,649700
2020-02-03,415.940000,441.500000,415.940000,419.560000,965166
2020-02-04,427.300000,460.870000,426.660000,460.870000,1066965
2020-02-05,471.710000,506.310000,461.510000,500.110000,1592542
2020-02-06,501.790000,515.340000,495.080000,514.440000,1309917
2020-02-07,509.020000,520.900000,498.950000,508.760000,1074613
2020-02-10,511.990000,519.600000,498.950000,510.830000,843043
2020-02-11,515.730000,519.350000,493.660000,495.460000,834441
2020-02-12,496.110000,515.090000,492.490000,514.440000,1045694
2020-02-13,511.860000,517.020000,500.240000,503.080000,746580
2020-02-14,500.240000,512.380000,498.300000,502.310000,625187
2020-02-17,502.310000,519.090000,501.530000,517.540000,949270
2020-02-18,519.730000,530.190000,512.250000,524.120000,970618
2020-02-19,519.730000,519.730000,505.660000,506.180000,844779
2020-02-20,509.020000,514.050000,499.590000,510.700000,616137
2020-02-21,511.210000,552.140000,511.210000,540.780000,1434691
2020-02-24,549.170000,564.660000,540.900000,554.460000,1154102
2020-02-25,541.940000,550.970000,520.120000,549.300000,1177992
2020-02-26,536.390000,538.840000,515.730000,520.640000,916769
2020-02-27,522.960000,547.100000,512.500000,536.260000,911076
2020-02-28,515.600000,528.900000,504.110000,505.270000,897721
2020-03-02,521.540000,539.230000,512.120000,533.550000,872314
2020-03-03,545.420000,586.220000,539.740000,572.530000,1893051
2020-03-04,565.820000,580.790000,547.750000,565.560000,1255718
2020-03-05,581.570000,583.890000,549.040000,559.620000,1031002
2020-03-06,547.750000,557.690000,542.200000,547.360000,680727
2020-03-09,531.480000,538.580000,517.800000,520.250000,807786
2020-03-10,515.470000,538.970000,513.150000,538.710000,782285
2020-03-11,541.420000,546.070000,520.640000,522.190000,649420
2020-03-12,510.570000,511.600000,496.370000,503.340000,677961
2020-03-13,471.840000,512.380000,471.840000,501.660000,671191
2020-03-16,505.400000,505.400000,469.390000,473.130000,653985
2020-03-17,479.330000,484.360000,455.060000,475.580000,576743
2020-03-18,479.330000,490.820000,466.160000,467.060000,551507
2020-03-19,469.260000,482.430000,457.510000,478.420000,565159
2020-03-20,484.880000,487.330000,470.550000,474.810000,417055
2020-03-23,458.930000,467.450000,450.020000,455.570000,466734
2020-03-24,464.870000,467.840000,452.600000,465.130000,398595
2020-03-25,475.710000,477.910000,467.970000,471.710000,419813
2020-03-26,466.680000,480.100000,465.390000,469.390000,364477
2020-03-27,479.970000,482.170000,470.810000,471.710000,477934
2020-03-30,464.090000,464.090000,446.410000,452.860000,431045
2020-03-31,458.930000,460.350000,449.120000,451.960000,234596
2020-04-01,451.960000,460.220000,447.310000,452.480000,262929
2020-04-02,451.180000,465.130000,449.250000,464.870000,335181
2020-04-03,463.320000,464.610000,454.280000,456.350000,282061
2020-04-07,466.810000,471.320000,463.190000,469.000000,411962
2020-04-08,464.610000,471.070000,463.840000,466.550000,271553
2020-04-09,471.190000,486.040000,467.190000,483.970000,600200
2020-04-10,486.040000,486.690000,466.810000,468.740000,443556
2020-04-13,464.090000,464.090000,454.800000,458.030000,259990
2020-04-14,447.570000,460.220000,447.440000,459.830000,399534
2020-04-15,459.190000,463.450000,454.020000,455.190000,267579
2020-04-16,453.770000,456.610000,448.860000,451.440000,285817
2020-04-17,456.480000,461.000000,452.220000,454.150000,321753
2020-04-20,455.700000,459.700000,453.640000,459.320000,245723
2020-04-21,458.410000,458.410000,446.800000,452.990000,275658
2020-04-22,451.180000,462.670000,448.730000,462.160000,378032
2020-04-23,462.160000,462.670000,454.800000,455.190000,240352
2020-04-24,453.900000,457.900000,442.410000,442.660000,342406
2020-04-27,442.660000,444.080000,426.660000,430.530000,444794
2020-04-28,430.400000,430.530000,405.610000,430.010000,439334
2020-04-29,425.370000,430.920000,423.560000,423.690000,164472
2020-04-30,427.950000,439.570000,427.950000,436.730000,325663
2020-05-06,431.690000,445.630000,430.270000,444.210000,361388
2020-05-07,444.730000,450.540000,441.120000,444.730000,283520
2020-05-08,446.800000,455.570000,446.800000,449.510000,336557
2020-05-11,456.090000,456.990000,448.730000,452.990000,290259
2020-05-12,453.770000,454.020000,442.020000,447.960000,233206
2020-05-13,447.960000,448.090000,443.050000,446.670000,171994
2020-05-14,444.860000,449.640000,444.340000,444.600000,147022
2020-05-15,445.250000,446.540000,434.270000,438.530000,286855
2020-05-18,438.790000,443.180000,431.690000,435.950000,265789
2020-05-19,441.120000,454.410000,439.180000,454.150000,480879
2020-05-20,453.380000,458.030000,447.570000,449.760000,319981
2020-05-21,453.120000,454.150000,430.790000,431.430000,405893
2020-05-22,431.690000,434.790000,422.910000,425.370000,223335
2020-05-25,425.620000,427.040000,411.550000,414.390000,279600
2020-05-26,416.970000,423.040000,416.970000,422.780000,196149
2020-05-27,423.430000,423.430000,414.390000,416.330000,223193
2020-05-28,420.070000,423.560000,412.460000,417.100000,204061
2020-05-29,413.880000,422.780000,413.490000,419.560000,191645
2020-06-01,422.780000,433.890000,421.880000,432.340000,307342
2020-06-02,433.630000,440.990000,429.370000,436.730000,308805
2020-06-03,449.250000,453.120000,437.890000,439.050000,450619
2020-06-04,439.950000,444.210000,435.690000,436.980000,217741
2020-06-05,436.730000,441.500000,432.850000,438.020000,181144
2020-06-08,440.600000,446.670000,440.340000,443.440000,234238
2020-06-09,445.380000,445.380000,439.570000,441.240000,158107
2020-06-10,443.180000,467.580000,439.820000,464.740000,831201
2020-06-11,466.680000,477.650000,454.150000,457.120000,692362
2020-06-12,448.600000,464.740000,447.310000,457.640000,481495
2020-06-15,457.250000,458.670000,447.440000,447.570000,361387
2020-06-16,452.480000,461.640000,450.280000,459.830000,343123
2020-06-17,460.870000,466.930000,454.150000,460.220000,325237
2020-06-18,458.930000,465.900000,457.640000,459.960000,292250
2020-06-19,462.030000,467.060000,460.350000,462.930000,304670
2020-06-22,466.680000,471.450000,462.930000,467.060000,380028
2020-06-23,467.190000,469.000000,461.380000,464.350000,285912
2020-06-24,472.100000,494.430000,471.840000,480.620000,703583
2020-06-29,480.490000,490.950000,473.910000,475.580000,412194
2020-06-30,486.040000,495.590000,483.460000,491.590000,595207
2020-07-01,494.170000,495.080000,481.910000,488.880000,430699
2020-07-02,490.690000,507.730000,486.690000,498.950000,581039
2020-07-03,498.950000,502.180000,493.790000,500.630000,413649
2020-07-06,509.280000,522.190000,505.400000,517.020000,700616
2020-07-07,526.700000,558.200000,526.580000,529.930000,907762
2020-07-08,529.930000,540.780000,518.310000,536.770000,714296
2020-07-09,536.770000,562.980000,533.930000,555.750000,899768
2020-07-10,553.170000,555.750000,537.810000,539.360000,684620
2020-07-13,537.810000,547.620000,536.130000,545.160000,653690
2020-07-14,545.420000,545.940000,514.960000,523.480000,870557
2020-07-15,526.060000,530.580000,507.340000,509.280000,569783
2020-07-16,509.410000,518.180000,483.330000,486.430000,693750
2020-07-17,492.490000,497.010000,481.650000,489.140000,439123
2020-07-20,495.080000,496.630000,474.550000,495.980000,579962
2020-07-21,497.660000,505.400000,493.790000,498.820000,417313
2020-07-22,496.370000,506.570000,493.790000,499.210000,375167
2020-07-23,495.080000,498.690000,480.230000,489.010000,427356
2020-07-24,486.040000,503.210000,469.000000,472.490000,576864
2020-07-27,473.260000,477.650000,465.510000,472.490000,287607
2020-07-28,477.130000,478.940000,469.130000,473.130000,239370
2020-07-29,473.390000,488.230000,471.320000,488.110000,360868
2020-07-30,478.290000,483.460000,475.200000,476.100000,400345
2020-07-31,476.750000,486.040000,474.810000,481.130000,306984
2020-08-03,483.460000,497.790000,483.460000,495.720000,428671
2020-08-04,495.850000,497.400000,487.850000,492.110000,289760
2020-08-05,498.050000,498.820000,488.110000,491.460000,267137
2020-08-06,493.140000,513.280000,490.690000,507.990000,701671
2020-08-07,503.340000,507.080000,487.720000,498.820000,462381
2020-08-10,496.370000,505.270000,492.620000,499.720000,283688
2020-08-11,499.720000,502.690000,482.300000,483.070000,344683
2020-08-12,482.810000,482.810000,467.970000,477.910000,344511
2020-08-13,480.750000,487.330000,477.000000,480.880000,210132
2020-08-14,481.650000,518.310000,481.130000,504.760000,859926
2020-08-17,504.760000,518.570000,498.300000,511.860000,582558
2020-08-18,513.150000,514.180000,504.240000,506.440000,326349
2020-08-19,511.340000,511.340000,494.560000,497.010000,312703
2020-08-20,496.370000,501.270000,488.750000,490.820000,273875
2020-08-21,492.240000,513.150000,492.240000,509.920000,616115
2020-08-24,509.280000,510.960000,489.530000,501.920000,489419
2020-08-25,501.530000,510.310000,499.080000,500.630000,332839
2020-08-26,498.950000,505.400000,484.880000,487.720000,380838
2020-08-27,488.620000,492.370000,479.840000,489.270000,296103
2020-08-28,488.490000,493.660000,482.940000,492.750000,257393
2020-08-31,498.820000,507.210000,494.560000,494.950000,350497
2020-09-01,494.950000,507.080000,493.140000,503.600000,388793
2020-09-02,501.920000,504.500000,495.980000,501.140000,285216
2020-09-03,499.850000,500.890000,488.880000,489.010000,308803
2020-09-04,483.330000,488.620000,478.040000,485.780000,298619
2020-09-07,485.780000,488.880000,471.840000,473.780000,277078
2020-09-08,473.780000,479.070000,471.320000,477.650000,184247
2020-09-09,473.390000,473.910000,455.570000,458.540000,353137
2020-09-10,462.160000,465.000000,451.830000,454.540000,188677
2020-09-11,450.020000,457.640000,450.020000,456.350000,133649
2020-09-14,461.380000,463.960000,456.480000,460.610000,145555
2020-09-15,460.740000,462.670000,456.480000,461.510000,130300
2020-09-16,464.220000,464.480000,458.930000,462.160000,120812
2020-09-17,461.510000,464.220000,455.190000,460.870000,147510
2020-09-18,460.870000,468.610000,460.220000,467.710000,157927
2020-09-21,470.550000,477.520000,468.870000,470.810000,198292
2020-09-22,469.260000,472.610000,458.280000,459.960000,199123
2020-09-23,461.120000,463.190000,457.770000,460.220000,101262
2020-09-24,457.510000,458.410000,451.700000,453.120000,124418
2020-09-25,455.440000,456.860000,450.930000,454.020000,100201
2020-09-28,454.410000,457.510000,447.830000,447.960000,99600
2020-09-29,450.540000,457.120000,450.020000,453.640000,115127
2020-09-30,453.900000,458.030000,449.510000,450.800000,118784
2020-10-09,457.900000,469.770000,457.770000,467.190000,198513
2020-10-12,470.420000,476.620000,469.390000,474.550000,234510
2020-10-13,475.710000,483.720000,469.650000,481.650000,311549
2020-10-14,478.290000,481.650000,475.710000,478.680000,192801
2020-10-15,474.160000,478.170000,470.160000,471.190000,178484
2020-10-16,470.290000,473.000000,465.260000,468.230000,124824
2020-10-19,473.130000,474.420000,464.090000,464.740000,131819
2020-10-20,464.740000,468.100000,460.480000,467.840000,95583
2020-10-21,467.840000,467.970000,454.410000,457.120000,180491
2020-10-22,458.930000,460.870000,455.440000,456.860000,94894
2020-10-23,456.860000,461.120000,455.830000,456.990000,101616
2020-10-26,456.990000,467.970000,453.510000,464.090000,175245
2020-10-27,470.810000,482.550000,470.680000,473.910000,361630
2020-10-28,475.200000,500.110000,475.200000,498.950000,848572
2020-10-29,493.910000,507.730000,492.240000,500.500000,694292
2020-10-30,500.370000,512.630000,498.690000,499.470000,671251
2020-11-02,504.110000,528.640000,504.110000,527.090000,920639
2020-11-03,527.350000,533.420000,521.020000,527.350000,665699
2020-11-04,527.480000,532.000000,520.640000,525.280000,489415
2020-11-05,537.680000,542.710000,526.060000,531.870000,480574
2020-11-06,532.640000,549.940000,531.350000,538.840000,624178
2020-11-09,545.420000,553.940000,538.320000,546.710000,574390
2020-11-10,540.390000,552.780000,532.510000,541.940000,510443
2020-11-11,548.130000,548.650000,524.510000,524.770000,517686
2020-11-12,531.350000,576.410000,531.350000,576.410000,1048203
2020-11-13,581.050000,585.050000,550.590000,558.330000,1225786
2020-11-16,562.980000,562.980000,542.840000,553.040000,545217
2020-11-17,553.170000,560.660000,525.930000,535.740000,668866
2020-11-18,537.810000,540.900000,528.640000,536.130000,399870
2020-11-19,533.800000,544.130000,531.350000,536.260000,433724
2020-11-20,536.130000,543.620000,526.190000,536.640000,360212
2020-11-23,536.640000,540.520000,530.190000,538.970000,368976
2020-11-24,534.190000,534.450000,505.790000,510.440000,800072
2020-11-25,510.700000,515.470000,503.340000,504.110000,392955
2020-11-26,506.700000,507.470000,494.560000,500.630000,291278
2020-11-27,502.050000,504.370000,496.240000,502.820000,269581
2020-11-30,503.980000,510.700000,498.050000,501.790000,379687
2020-12-01,501.790000,513.020000,501.790000,511.860000,387169
2020-12-02,514.050000,515.090000,507.210000,510.830000,281502
2020-12-03,510.960000,517.280000,504.630000,516.640000,320416
2020-12-04,514.440000,516.380000,504.110000,508.120000,269191
2020-12-07,508.120000,512.890000,504.240000,504.890000,185577
2020-12-08,504.110000,509.920000,503.080000,505.920000,150541
2020-12-09,505.400000,507.730000,493.400000,495.210000,248255
2020-12-10,492.110000,502.690000,488.110000,498.950000,206342
2020-12-11,498.950000,509.790000,496.630000,503.850000,312176
2020-12-14,503.730000,503.730000,491.460000,502.950000,220978
2020-12-15,503.080000,515.730000,502.690000,510.570000,291617
2020-12-16,511.860000,515.860000,505.790000,509.020000,234344
2020-12-17,505.790000,506.310000,492.490000,500.630000,369995
2020-12-18,505.150000,514.830000,500.370000,509.660000,304168
2020-12-21,509.660000,529.030000,507.210000,525.930000,516218
2020-12-22,524.380000,528.770000,508.240000,508.630000,373891
2020-12-23,509.920000,513.800000,501.790000,512.890000,318415
2020-12-24,513.540000,523.860000,510.180000,511.470000,308766
2020-12-25,508.630000,509.020000,493.790000,500.500000,337239
2020-12-28,498.950000,499.210000,481.260000,483.850000,464216
2020-12-29,486.170000,493.140000,484.100000,486.810000,221788
2020-12-30,488.620000,499.470000,482.170000,496.370000,290346
2020-12-31,499.590000,543.870000,497.660000,536.000000,1007083
2021-01-04,542.840000,544.130000,531.870000,541.680000,595220
2021-01-05,536.640000,569.950000,535.220000,558.330000,699049
2021-01-06,557.690000,565.820000,545.420000,551.230000,492377
2021-01-07,550.720000,564.400000,548.010000,560.270000,505993
2021-01-08,561.040000,572.270000,556.910000,564.140000,500247
2021-01-11,566.720000,582.990000,554.070000,561.950000,614718
2021-01-12,555.490000,582.600000,546.710000,580.540000,642722
2021-01-13,587.890000,626.490000,587.890000,607.390000,969650
2021-01-14,602.870000,613.580000,581.570000,584.800000,668929
2021-01-15,585.310000,592.540000,565.300000,578.210000,504596
2021-01-18,576.280000,587.770000,569.310000,576.020000,431480
2021-01-19,610.740000,632.820000,604.810000,611.260000,1544802
2021-01-20,615.130000,630.500000,607.390000,616.040000,773494
2021-01-21,617.460000,676.840000,617.200000,676.840000,1355340
2021-01-22,677.100000,683.300000,657.730000,677.490000,920998
2021-01-25,682.260000,711.050000,658.900000,659.410000,1181366
2021-01-26,653.600000,659.030000,627.780000,636.820000,778631
2021-01-27,635.920000,647.540000,625.330000,644.950000,501422
2021-01-28,628.040000,630.750000,607.650000,611.910000,636883
2021-01-29,621.590000,625.460000,597.960000,611.910000,428530
2021-02-01,613.200000,639.660000,613.200000,626.620000,521393
2021-02-02,630.630000,645.860000,629.460000,645.340000,510553
2021-02-03,645.210000,660.700000,581.700000,581.700000,1196592
2021-02-04,600.030000,606.100000,584.150000,593.190000,883195
2021-02-05,597.060000,599.260000,567.370000,572.270000,606036
2021-02-08,578.600000,593.580000,568.660000,579.760000,357663
2021-02-09,603.640000,636.950000,600.030000,636.950000,588676
2021-02-10,649.730000,699.820000,643.530000,699.690000,999114
2021-02-18,711.950000,716.470000,685.100000,685.100000,800373
2021-02-19,700.080000,702.270000,659.670000,674.520000,607654
2021-02-22,692.850000,712.470000,674.130000,675.160000,750397
2021-02-23,666.770000,741.900000,662.900000,741.900000,647986
2021-02-24,750.550000,753.650000,668.580000,669.480000,1457869
2021-02-25,664.190000,668.060000,638.370000,643.920000,805023
2021-02-26,626.490000,641.470000,611.000000,630.750000,523044
2021-03-01,639.400000,647.280000,625.460000,644.830000,435341
2021-03-02,640.950000,670.390000,635.010000,649.730000,537654
2021-03-03,643.530000,651.930000,632.300000,647.280000,361111
2021-03-04,642.240000,642.240000,613.970000,621.590000,469813
2021-03-05,609.580000,633.720000,605.320000,623.400000,365554
2021-03-08,632.690000,636.950000,601.060000,602.350000,388163
2021-03-09,598.350000,632.050000,589.320000,610.230000,537034
2021-03-10,625.460000,630.110000,602.610000,608.290000,343349
2021-03-11,611.650000,625.460000,608.810000,614.880000,352662
2021-03-12,621.590000,644.440000,609.320000,639.920000,549650
2021-03-15,632.560000,635.140000,597.190000,607.000000,477952
2021-03-16,611.000000,611.130000,582.860000,591.510000,345542
2021-03-17,586.730000,607.260000,578.600000,596.670000,297674
2021-03-18,599.640000,610.230000,594.480000,602.220000,256142
2021-03-19,590.610000,594.740000,582.210000,584.930000,274999
2021-03-22,587.640000,623.910000,585.180000,615.000000,405757
2021-03-23,614.620000,619.010000,596.160000,600.550000,249329
2021-03-24,598.350000,608.550000,585.180000,588.150000,235196
2021-03-25,582.210000,596.420000,580.020000,588.410000,226901
2021-03-26,591.380000,630.750000,590.480000,622.880000,549324
2021-03-29,632.170000,643.530000,619.260000,621.330000,328875
2021-03-30,621.590000,635.660000,619.650000,627.910000,265962
2021-03-31,625.460000,634.370000,618.620000,632.300000,230593
2021-04-01,631.920000,644.570000,625.980000,635.530000,296165
2021-04-02,638.370000,647.410000,630.370000,635.660000,283441
2021-04-06,637.210000,648.440000,637.210000,639.530000,231777
2021-04-07,642.240000,643.410000,616.300000,627.910000,263731
2021-04-08,632.950000,646.120000,608.420000,614.620000,419938
2021-04-09,614.880000,623.650000,607.390000,608.290000,286127
2021-04-12,611.260000,614.880000,590.220000,591.640000,295175
2021-04-13,597.060000,604.550000,591.900000,597.060000,212735
2021-04-14,601.970000,622.100000,600.930000,621.850000,317273
2021-04-15,616.040000,621.200000,595.900000,601.840000,279369
2021-04-16,601.840000,610.230000,593.320000,606.100000,212737
2021-04-19,609.200000,637.080000,601.320000,636.180000,473399
2021-04-20,634.630000,665.090000,633.340000,641.860000,558824
2021-04-21,646.120000,665.220000,642.500000,657.350000,542035
2021-04-22,657.860000,661.870000,651.410000,656.440000,327491
2021-04-23,659.030000,668.580000,655.800000,660.060000,299180
2021-04-26,666.770000,676.710000,656.440000,658.640000,402509
2021-04-27,660.830000,671.030000,645.210000,669.870000,351705
2021-04-28,668.060000,673.230000,659.280000,669.350000,227599
2021-04-29,669.350000,687.940000,664.710000,675.030000,311036
2021-04-30,677.230000,684.840000,663.800000,666.380000,278807
2021-05-06,665.480000,671.290000,648.440000,653.860000,336301
2021-05-07,654.120000,661.480000,635.790000,637.340000,272121
2021-05-10,635.530000,653.470000,632.950000,640.050000,220214
2021-05-11,638.110000,703.180000,629.330000,694.400000,792696
2021-05-12,692.590000,702.920000,681.750000,702.010000,520855
2021-05-13,695.560000,707.050000,688.720000,695.560000,331325
2021-05-14,695.950000,708.080000,690.140000,704.980000,361367
2021-05-17,703.430000,719.440000,696.850000,701.880000,396710
2021-05-18,698.660000,726.930000,687.940000,717.120000,436245
2021-05-19,713.890000,723.060000,700.080000,700.980000,310279
2021-05-20,703.050000,744.100000,703.050000,722.020000,554180
2021-05-21,731.450000,734.420000,704.210000,707.950000,336130
2021-05-24,712.470000,745.130000,712.470000,744.230000,555920
2021-05-25,747.070000,816.130000,745.650000,812.390000,919452
2021-05-26,802.450000,809.030000,791.480000,799.220000,450246
2021-05-27,797.930000,804.510000,786.830000,796.900000,319873
2021-05-28,806.190000,824.270000,797.800000,808.000000,458684
2021-05-31,821.680000,839.890000,802.320000,810.070000,373958
2021-06-01,802.970000,817.810000,787.990000,797.290000,431471
2021-06-02,797.800000,800.250000,780.760000,787.220000,327232
2021-06-03,787.220000,794.700000,764.620000,767.590000,388802
2021-06-04,767.720000,780.630000,764.880000,769.400000,332412
2021-06-07,775.210000,785.670000,767.460000,779.860000,247922
2021-06-08,784.250000,784.890000,756.750000,770.820000,314972
2021-06-09,771.340000,783.340000,763.590000,774.560000,269301
2021-06-10,782.700000,809.550000,779.470000,803.480000,548567
2021-06-11,803.610000,804.510000,724.350000,755.850000,1021890
2021-06-15,762.430000,793.020000,761.010000,779.730000,524305
2021-06-16,785.670000,813.940000,764.620000,767.210000,511969
2021-06-17,768.760000,826.590000,768.760000,818.840000,563959
2021-06-18,848.410000,895.270000,848.410000,862.740000,714913
2021-06-21,874.610000,895.270000,863.250000,864.160000,538533
2021-06-22,866.870000,874.350000,843.760000,866.870000,359423
2021-06-23,860.540000,875.900000,814.070000,851.250000,545308
2021-06-24,851.120000,853.700000,820.130000,828.140000,419104
2021-06-25,837.180000,839.760000,821.680000,828.010000,243121
2021-06-28,831.620000,855.250000,819.230000,837.180000,321222
2021-06-29,835.630000,842.860000,813.940000,830.200000,265774
2021-06-30,826.590000,886.230000,824.140000,883.390000,489287
2021-07-01,875.640000,875.900000,853.960000,855.250000,295606
2021-07-02,850.210000,865.580000,822.850000,823.880000,327679
2021-07-05,824.910000,856.540000,812.650000,852.410000,320255
2021-07-06,849.310000,852.410000,816.780000,834.720000,359019
2021-07-07,824.910000,845.570000,818.460000,840.530000,276585
2021-07-08,848.790000,859.770000,832.010000,853.700000,345733
2021-07-09,850.080000,850.210000,785.540000,803.610000,765282
2021-07-12,803.610000,821.940000,786.180000,810.450000,320352
2021-07-13,839.760000,846.860000,802.190000,808.770000,378331
2021-07-14,802.320000,809.680000,781.790000,793.280000,405886
2021-07-15,800.380000,806.320000,785.280000,801.420000,259521
2021-07-16,804.770000,815.870000,793.280000,795.870000,257357
2021-07-19,788.120000,820.520000,776.240000,805.030000,315021
2021-07-20,795.870000,802.320000,776.630000,779.730000,342215
2021-07-21,785.540000,810.840000,782.960000,805.290000,363095
2021-07-22,837.180000,880.160000,828.140000,852.280000,695639
2021-07-23,859.120000,859.380000,813.680000,819.100000,454078
2021-07-26,857.180000,891.520000,817.810000,822.970000,827413
2021-07-27,811.360000,818.710000,757.140000,759.980000,770489
2021-07-28,753.010000,779.080000,731.830000,758.940000,469023
2021-07-29,770.050000,790.440000,768.500000,778.950000,341289
2021-07-30,779.080000,781.280000,745.910000,767.460000,378270
2021-08-02,764.880000,789.670000,754.940000,786.830000,316049
2021-08-03,779.080000,794.440000,771.210000,777.660000,266075
2021-08-04,790.570000,796.380000,770.180000,780.240000,292010
2021-08-05,780.240000,780.240000,746.810000,752.360000,400016
2021-08-06,752.620000,752.750000,737.770000,746.810000,234805
2021-08-09,742.940000,748.100000,734.030000,742.810000,205910
2021-08-10,739.710000,751.330000,733.900000,751.200000,216033
2021-08-11,751.970000,753.260000,736.480000,739.840000,216190
2021-08-12,735.060000,744.230000,733.900000,735.190000,172125
2021-08-13,735.190000,736.610000,700.210000,709.760000,426632
2021-08-16,705.110000,711.700000,693.490000,697.370000,273370
2021-08-17,705.630000,707.310000,673.870000,676.070000,316722
2021-08-18,675.550000,687.680000,673.230000,677.100000,200697
2021-08-19,676.970000,696.200000,673.610000,687.430000,253952
2021-08-20,684.330000,696.080000,669.350000,678.390000,224829
2021-08-23,672.710000,700.980000,672.710000,699.300000,228241
2021-08-24,705.370000,705.370000,675.550000,691.170000,410448
2021-08-25,692.850000,710.280000,680.710000,701.370000,319060
2021-08-26,701.630000,721.380000,701.630000,702.010000,310047
2021-08-27,702.010000,702.010000,680.970000,690.400000,243564
2021-08-30,690.650000,695.170000,677.100000,680.200000,190382
2021-08-31,676.580000,687.430000,651.800000,687.170000,326793
2021-09-01,682.260000,686.520000,666.510000,679.810000,211222
2021-09-02,677.360000,677.740000,655.540000,657.090000,296843
2021-09-03,657.090000,663.800000,649.990000,650.380000,244102
2021-09-06,651.540000,684.840000,647.540000,681.490000,310697
2021-09-07,681.490000,683.550000,672.060000,681.360000,191178
2021-09-08,684.970000,694.140000,674.000000,684.840000,208848
2021-09-09,685.490000,691.430000,673.740000,677.230000,161632
2021-09-10,677.740000,690.910000,669.480000,683.680000,188056
2021-09-13,683.680000,689.230000,672.320000,679.810000,169186
2021-09-14,676.840000,688.070000,667.800000,670.000000,179824
2021-09-15,665.480000,675.810000,663.670000,668.060000,121439
2021-09-16,668.580000,673.480000,656.440000,658.250000,149471
2021-09-17,658.770000,672.060000,656.570000,668.710000,126288
2021-09-22,657.220000,674.000000,657.220000,669.350000,111149
2021-09-23,671.290000,680.710000,666.250000,674.390000,154576
2021-09-24,673.870000,702.660000,673.230000,696.460000,357680
2021-09-27,708.340000,723.310000,697.370000,704.850000,304741
2021-09-28,704.850000,711.050000,695.170000,699.820000,156104
2021-09-29,690.650000,708.600000,676.320000,700.340000,278607
2021-09-30,701.760000,706.270000,691.040000,693.880000,160672
2021-10-08,703.050000,724.350000,696.590000,718.670000,311723
2021-10-11,719.180000,723.060000,711.310000,714.540000,153490
2021-10-12,711.570000,718.800000,699.040000,704.980000,147190
2021-10-13,707.950000,714.790000,705.110000,712.340000,108721
2021-10-14,708.980000,710.400000,686.260000,706.530000,216333
2021-10-15,697.750000,737.510000,697.750000,720.600000,298246
2021-10-18,719.700000,726.030000,704.470000,709.890000,202190
2021-10-19,710.280000,711.950000,701.630000,710.150000,128925
2021-10-20,711.050000,719.180000,697.370000,700.460000,137457
2021-10-21,697.370000,703.950000,682.390000,686.910000,168533
2021-10-22,691.690000,716.990000,688.850000,704.720000,214789
2021-10-25,704.470000,710.660000,679.680000,697.110000,249863
2021-10-26,697.880000,755.590000,697.880000,737.260000,723229
2021-10-27,736.610000,737.770000,710.530000,715.050000,367737
2021-10-28,714.410000,749.910000,712.600000,742.290000,444489
2021-10-29,734.800000,753.130000,731.710000,739.320000,295883
2021-11-01,742.940000,742.940000,723.700000,736.480000,199889
2021-11-02,736.740000,748.360000,725.900000,727.320000,250088
2021-11-03,727.450000,759.850000,727.450000,754.940000,386568
2021-11-04,754.940000,762.560000,749.260000,761.010000,256203
2021-11-05,763.200000,767.460000,754.300000,759.070000,209427
2021-11-08,761.140000,770.950000,745.650000,763.080000,231272
2021-11-09,760.110000,773.530000,756.880000,770.690000,193964
2021-11-10,771.080000,781.410000,767.460000,774.440000,215170
2021-11-11,769.920000,776.890000,758.170000,767.590000,207320
2021-11-12,767.590000,770.560000,750.810000,759.330000,216834
2021-11-15,755.850000,773.920000,753.650000,756.880000,179363
2021-11-16,755.850000,763.720000,747.450000,747.970000,154687
2021-11-17,750.680000,761.010000,747.070000,750.290000,128138
2021-11-18,746.810000,753.260000,731.450000,740.480000,187546
2021-11-19,742.940000,756.880000,738.160000,745.130000,136863
2021-11-22,745.650000,762.040000,740.350000,758.170000,180548
2021-11-23,758.560000,762.820000,745.910000,752.750000,174048
2021-11-24,751.970000,752.880000,720.470000,723.960000,351912
2021-11-25,720.990000,726.540000,716.730000,718.020000,154143
2021-11-26,714.790000,721.770000,712.340000,715.440000,157798
2021-11-29,708.340000,709.500000,695.040000,703.300000,200470
2021-11-30,703.950000,714.670000,698.530000,708.080000,200087
2021-12-01,705.500000,715.440000,704.340000,710.660000,129195
2021-12-02,706.140000,709.370000,691.170000,697.750000,188385
2021-12-03,696.460000,703.820000,694.140000,702.530000,174768
2021-12-06,702.790000,703.690000,690.270000,691.940000,157088
2021-12-07,693.880000,696.460000,680.460000,687.170000,191006
2021-12-08,690.010000,706.530000,688.070000,702.920000,204070
2021-12-09,702.530000,720.090000,700.080000,709.110000,254033
2021-12-10,703.300000,711.820000,700.340000,705.500000,155746
2021-12-13,708.080000,716.730000,704.850000,708.210000,183421
2021-12-14,703.180000,715.830000,699.820000,711.570000,162177
2021-12-15,711.570000,723.700000,707.180000,711.820000,211960
2021-12-16,711.950000,714.280000,692.980000,705.370000,178455
2021-12-17,700.980000,703.560000,684.330000,684.330000,187231
2021-12-20,683.680000,691.040000,678.520000,679.420000,125416
2021-12-21,679.420000,685.490000,667.160000,674.390000,166054
2021-12-22,673.230000,678.650000,671.420000,673.870000,163401
2021-12-23,671.940000,675.160000,665.480000,667.800000,166201
2021-12-24,667.800000,680.460000,664.960000,670.770000,184101
2021-12-27,671.290000,680.330000,670.510000,675.550000,122036
2021-12-28,678.260000,680.330000,671.030000,676.070000,116715
2021-12-29,675.160000,675.160000,664.450000,667.800000,146142
2021-12-30,666.770000,685.880000,665.220000,679.040000,199696
2021-12-31,687.430000,690.780000,679.160000,688.850000,204370
2022-01-04,712.080000,714.540000,691.690000,694.010000,271948
2022-01-05,687.430000,703.300000,682.650000,690.780000,211785
2022-01-06,684.200000,687.300000,666.770000,670.510000,211480
2022-01-07,674.000000,677.100000,651.930000,652.440000,298585
2022-01-10,652.570000,660.450000,637.730000,656.960000,185574
2022-01-11,655.150000,657.610000,643.530000,644.440000,129705
2022-01-12,642.240000,648.700000,634.760000,639.920000,215602
2022-01-13,641.210000,643.150000,615.650000,619.010000,292518
2022-01-14,613.710000,625.330000,608.680000,615.260000,166953
2022-01-17,615.260000,631.660000,615.260000,628.690000,201061
2022-01-18,630.750000,651.150000,623.780000,641.600000,283763
2022-01-19,637.210000,641.990000,629.720000,636.430000,150544
2022-01-20,636.430000,641.210000,630.750000,637.470000,113470
2022-01-21,633.980000,637.210000,620.170000,628.170000,139763
2022-01-24,628.170000,638.110000,627.780000,633.720000,121186
2022-01-25,628.040000,633.210000,609.070000,609.970000,181866
2022-01-26,610.100000,621.330000,599.770000,612.290000,136948
2022-01-27,612.290000,612.550000,582.730000,588.150000,258177
2022-01-28,588.280000,593.190000,570.850000,571.240000,239859
2022-02-07,583.760000,606.230000,579.890000,581.440000,235984
2022-02-08,581.700000,592.160000,573.570000,590.860000,196583
2022-02-09,594.220000,608.550000,592.280000,605.840000,214208
2022-02-10,606.740000,619.390000,605.840000,612.550000,228992
2022-02-11,608.550000,625.460000,603.520000,620.300000,248512
2022-02-14,620.300000,649.990000,610.620000,645.470000,345446
2022-02-15,645.080000,657.350000,640.310000,645.470000,199781
2022-02-16,647.790000,654.380000,644.570000,650.120000,183684
2022-02-17,648.700000,653.860000,639.400000,647.790000,161549
2022-02-18,643.530000,670.510000,641.080000,668.580000,311732
2022-02-21,670.640000,675.680000,661.870000,666.380000,186205
2022-02-22,662.120000,662.250000,650.760000,658.770000,165597
2022-02-23,659.030000,665.480000,653.860000,660.960000,147887
2022-02-24,655.150000,658.120000,634.500000,647.410000,205389
2022-02-25,655.670000,665.740000,643.020000,647.280000,127001
2022-02-28,646.760000,648.050000,634.500000,643.410000,116532
2022-03-01,643.530000,659.030000,640.180000,655.150000,173434
2022-03-02,651.800000,664.830000,650.630000,656.440000,117251
2022-03-03,656.440000,658.380000,642.240000,643.530000,115134
2022-03-04,637.080000,650.510000,637.080000,648.830000,110354
2022-03-07,643.530000,643.530000,608.160000,610.230000,233074
2022-03-08,615.780000,630.240000,609.970000,611.260000,199648
2022-03-09,614.880000,621.200000,582.860000,613.200000,195219
2022-03-10,623.010000,625.590000,615.260000,617.720000,137209
2022-03-11,598.610000,613.580000,588.930000,611.780000,159040
2022-03-14,601.580000,615.780000,599.000000,600.550000,122521
2022-03-15,590.610000,626.240000,576.530000,597.060000,351082
2022-03-16,609.840000,613.840000,584.150000,612.420000,281738
2022-03-17,628.690000,634.890000,621.590000,626.110000,261507
2022-03-18,622.880000,631.920000,615.390000,622.620000,141560
2022-03-21,622.620000,640.310000,621.200000,635.790000,201568
2022-03-22,638.370000,644.830000,629.980000,633.340000,122412
2022-03-23,635.530000,637.080000,626.110000,629.200000,97086
2022-03-24,624.300000,628.690000,620.300000,624.040000,79663
2022-03-25,622.880000,626.750000,610.870000,611.000000,105531
2022-03-28,603.260000,612.420000,599.640000,602.740000,90039
2022-03-29,604.810000,611.520000,601.970000,604.290000,67650
2022-03-30,610.740000,621.460000,608.680000,621.070000,109593
2022-03-31,617.590000,619.390000,611.910000,612.160000,75319
2022-04-01,610.490000,613.710000,604.810000,609.710000,71964
2022-04-06,607.650000,612.680000,597.320000,599.640000,100728
2022-04-07,597.060000,602.350000,592.540000,592.540000,60397
2022-04-08,592.160000,594.350000,577.180000,590.220000,115124
2022-04-11,587.120000,587.380000,559.370000,560.910000,150159
2022-04-12,546.840000,560.660000,533.030000,558.330000,204889
2022-04-13,550.590000,561.690000,549.430000,549.430000,98220
2022-04-14,556.530000,557.300000,545.550000,548.910000,85894
2022-04-15,542.970000,553.690000,539.100000,547.750000,64775
2022-04-18,545.810000,547.750000,528.510000,531.480000,149887
2022-04-19,532.380000,546.070000,532.380000,535.100000,135558
2022-04-20,538.970000,546.200000,532.640000,534.580000,96670
2022-04-21,527.740000,541.290000,518.180000,522.190000,133577
2022-04-22,514.440000,525.280000,507.990000,508.760000,185897
2022-04-25,506.700000,506.700000,464.220000,464.350000,266637
2022-04-26,464.870000,471.320000,442.150000,443.440000,305684
2022-04-27,436.980000,470.420000,434.790000,469.650000,238646
2022-04-28,469.650000,471.580000,455.190000,461.380000,175113
2022-04-29,465.390000,491.720000,459.320000,488.620000,234970
2022-05-05,486.300000,495.460000,479.710000,489.400000,165035
2022-05-06,479.590000,491.720000,477.130000,482.680000,120345
2022-05-09,482.550000,485.910000,471.970000,473.910000,115593
2022-05-10,469.260000,479.710000,466.810000,478.290000,134194
2022-05-11,479.200000,494.560000,476.360000,481.260000,174229
2022-05-12,477.390000,482.810000,472.490000,476.870000,128013
2022-05-13,477.000000,482.040000,467.320000,473.000000,115990
2022-05-16,475.710000,485.780000,465.260000,466.810000,137852
2022-05-17,467.320000,474.810000,463.190000,472.870000,140089
2022-05-18,475.580000,483.460000,470.940000,475.580000,131473
2022-05-19,468.610000,475.200000,461.640000,469.520000,166481
2022-05-20,469.520000,481.010000,468.610000,477.000000,185189
2022-05-23,480.620000,487.850000,477.130000,484.360000,171320
2022-05-24,483.850000,489.140000,458.410000,459.320000,223695
2022-05-25,462.290000,466.160000,455.190000,460.480000,139774
2022-05-26,463.960000,466.680000,449.640000,463.450000,171506
2022-05-27,467.450000,472.610000,460.740000,462.290000,144594
2022-05-30,463.580000,477.000000,461.640000,473.390000,202357
2022-05-31,473.650000,482.940000,467.320000,480.360000,202018
2022-06-01,480.230000,485.390000,476.360000,481.910000,154536
2022-06-02,486.040000,488.360000,478.940000,487.590000,182608
2022-06-06,490.430000,513.920000,486.690000,511.470000,341253
2022-06-07,512.250000,513.670000,499.980000,503.080000,222815
2022-06-08,503.080000,518.700000,500.240000,510.310000,276361
2022-06-09,509.150000,509.280000,492.490000,495.080000,217563
2022-06-10,492.620000,500.760000,490.560000,500.110000,168049
2022-06-13,495.080000,506.310000,493.530000,501.530000,137824
2022-06-14,496.240000,502.430000,483.590000,502.310000,169751
2022-06-15,502.690000,515.090000,501.400000,507.340000,233125
2022-06-16,508.240000,518.700000,504.760000,510.050000,194463
2022-06-17,504.370000,511.860000,499.720000,510.960000,197599
2022-06-20,519.350000,560.790000,515.470000,560.790000,486902
2022-06-21,569.950000,569.950000,546.970000,564.270000,497907
2022-06-22,560.910000,563.500000,540.260000,544.000000,320451
2022-06-23,541.030000,549.170000,529.030000,546.580000,309465
2022-06-24,547.880000,557.950000,544.000000,551.230000,259538
2022-06-27,553.690000,557.430000,548.780000,553.560000,226435
2022-06-28,553.040000,576.660000,546.460000,569.180000,312952
2022-06-29,565.690000,575.370000,547.100000,549.300000,239746
2022-06-30,549.550000,557.820000,541.550000,544.390000,209969
2022-07-01,542.580000,545.160000,536.390000,543.620000,149606
2022-07-04,559.490000,564.530000,551.750000,558.720000,242279
2022-07-05,560.140000,588.800000,550.850000,579.890000,374714
2022-07-06,573.820000,586.730000,573.440000,577.180000,228989
2022-07-07,573.310000,578.340000,567.370000,567.890000,161664
2022-07-08,570.080000,571.240000,561.040000,562.210000,132444
2022-07-11,560.910000,560.910000,543.740000,544.130000,151636
2022-07-12,541.550000,544.000000,526.450000,535.610000,170870
2022-07-13,535.610000,544.000000,534.840000,536.640000,91017
2022-07-14,535.740000,542.710000,532.000000,534.970000,94281
2022-07-15,533.680000,538.580000,524.510000,524.510000,136242
2022-07-18,525.280000,553.040000,524.380000,544.260000,199152
2022-07-19,541.810000,552.520000,541.550000,548.910000,142654
2022-07-20,554.200000,571.630000,552.010000,557.690000,213822
2022-07-21,554.460000,560.910000,550.460000,551.100000,126986
2022-07-22,552.010000,555.230000,541.030000,544.390000,107592
2022-07-25,544.390000,547.750000,536.130000,545.160000,96064
2022-07-26,544.260000,558.330000,544.130000,554.720000,103620
2022-07-27,553.040000,571.890000,551.230000,565.820000,189427
2022-07-28,567.500000,572.400000,564.920000,568.920000,148094
2022-07-29,567.500000,569.180000,553.430000,554.980000,124158
2022-08-01,552.010000,568.660000,543.870000,561.430000,123025
2022-08-02,554.200000,554.200000,532.640000,535.740000,194120
2022-08-03,537.160000,554.460000,537.030000,537.810000,155996
2022-08-04,544.130000,549.040000,537.420000,542.200000,103827
2022-08-05,545.420000,558.330000,545.290000,557.040000,173729
2022-08-08,558.330000,564.790000,550.590000,553.690000,102215
2022-08-09,554.590000,554.980000,546.580000,550.070000,101831
2022-08-10,548.390000,548.650000,535.480000,537.680000,145683
2022-08-11,542.200000,546.460000,537.420000,544.650000,111985
2022-08-12,551.880000,556.910000,542.450000,544.260000,151873
2022-08-15,540.130000,542.840000,532.510000,534.060000,166505
2022-08-16,534.320000,538.840000,523.480000,526.580000,213421
2022-08-17,526.060000,532.000000,513.920000,532.000000,168758
2022-08-18,528.770000,529.420000,519.730000,521.410000,134032
2022-08-19,523.480000,525.160000,513.540000,514.960000,133860
2022-08-22,514.830000,520.250000,509.660000,517.020000,88047
2022-08-23,514.440000,526.060000,511.860000,521.670000,151639
2022-08-24,520.120000,520.900000,494.430000,498.950000,246320
2022-08-25,498.950000,503.470000,489.910000,495.460000,137248
2022-08-26,496.630000,501.660000,491.070000,492.620000,100326
2022-08-29,485.520000,490.560000,481.520000,488.750000,109535
2022-08-30,488.490000,498.690000,488.360000,495.330000,87157
2022-08-31,492.750000,500.110000,490.170000,496.240000,94031
2022-09-01,494.430000,502.050000,491.720000,492.110000,82137
2022-09-02,492.110000,497.400000,492.110000,494.950000,58562
2022-09-05,492.110000,493.400000,477.780000,483.590000,120360
2022-09-06,483.590000,489.400000,482.300000,487.980000,76228
2022-09-07,486.430000,490.820000,482.940000,489.270000,87939
2022-09-08,489.910000,491.720000,484.360000,484.750000,69181
2022-09-09,487.330000,494.560000,484.100000,491.850000,84230
2022-09-13,492.880000,497.400000,489.780000,490.820000,89688
2022-09-14,485.390000,487.980000,479.590000,484.490000,92638
2022-09-15,488.110000,491.590000,470.420000,475.200000,116974
2022-09-16,475.070000,482.940000,469.900000,469.900000,107381
2022-09-19,470.030000,473.780000,459.190000,461.510000,92017
2022-09-20,462.800000,466.680000,461.900000,463.840000,59509
2022-09-21,462.670000,468.100000,452.730000,465.260000,86796
2022-09-22,461.510000,467.190000,456.090000,456.220000,86311
2022-09-23,460.220000,462.540000,441.890000,447.700000,129061
2022-09-26,446.150000,450.930000,442.150000,443.440000,87689
2022-09-27,443.440000,453.770000,443.440000,453.250000,87769
2022-09-28,451.960000,456.990000,447.570000,447.830000,68218
2022-09-29,451.310000,455.440000,438.150000,439.950000,117406
2022-09-30,439.700000,443.440000,435.440000,435.950000,85926
2022-10-10,435.440000,435.690000,418.390000,419.940000,133193
2022-10-11,421.490000,423.300000,411.170000,413.750000,127066
2022-10-12,413.620000,418.780000,396.190000,418.140000,241934
2022-10-13,415.300000,426.920000,414.520000,421.620000,186156
2022-10-14,425.240000,441.500000,422.270000,438.280000,209326
2022-10-17,439.050000,467.970000,439.050000,450.800000,344413
2022-10-18,451.180000,451.180000,439.950000,440.860000,182006
2022-10-19,442.540000,443.960000,433.240000,434.400000,117446
2022-10-20,432.850000,443.440000,428.080000,437.630000,173055
2022-10-21,438.530000,457.640000,430.790000,448.600000,240405
2022-10-24,448.730000,478.290000,448.600000,456.220000,438006
2022-10-25,452.480000,455.440000,431.820000,449.380000,236826
2022-10-26,448.220000,467.320000,446.150000,464.610000,268912
2022-10-27,463.960000,480.230000,459.060000,466.550000,293422
2022-10-28,461.640000,466.550000,446.800000,450.540000,228548
2022-10-31,432.470000,470.550000,430.010000,464.480000,300768
2022-11-01,464.870000,475.200000,460.220000,469.900000,233741
2022-11-02,476.490000,479.590000,470.940000,474.160000,238849
2022-11-03,467.840000,476.620000,462.670000,469.520000,159972
2022-11-04,469.520000,475.070000,462.800000,473.130000,249783
2022-11-07,467.970000,474.940000,462.030000,463.960000,223762
2022-11-08,465.260000,468.610000,455.960000,467.970000,244647
2022-11-09,467.190000,467.450000,457.770000,458.030000,209685
2022-11-10,455.440000,461.120000,445.760000,449.760000,171159
2022-11-11,462.800000,466.550000,453.120000,457.120000,216698
2022-11-14,458.030000,464.610000,450.540000,454.150000,183087
2022-11-15,452.480000,467.320000,450.930000,464.740000,254581
2022-11-16,468.230000,472.100000,461.510000,462.420000,246373
2022-11-17,465.130000,473.780000,454.930000,473.780000,293124
2022-11-18,473.780000,478.040000,461.380000,462.160000,304565
2022-11-21,458.930000,460.870000,447.050000,452.090000,226445
2022-11-22,448.090000,454.800000,439.820000,442.540000,184059
2022-11-23,439.950000,444.860000,434.400000,440.600000,145357
2022-11-24,442.410000,444.210000,431.820000,432.600000,162752
2022-11-25,431.180000,434.530000,426.920000,428.850000,109742
2022-11-28,424.080000,424.080000,413.620000,417.750000,185899
2022-11-29,421.750000,430.400000,418.650000,430.400000,186072
2022-11-30,430.400000,432.340000,426.140000,428.590000,121970
2022-12-01,433.890000,441.890000,433.890000,437.890000,190609
2022-12-02,436.210000,442.920000,434.660000,437.890000,126425
2022-12-05,442.150000,445.760000,438.920000,443.830000,155960
2022-12-06,442.540000,446.670000,440.210000,443.830000,155781
2022-12-07,444.730000,455.190000,442.280000,449.890000,220466
2022-12-08,449.250000,452.350000,443.830000,447.570000,151020
2022-12-09,448.990000,453.640000,445.760000,451.180000,166001
2022-12-12,449.890000,461.000000,448.090000,456.350000,173475
2022-12-13,453.510000,455.060000,439.950000,440.340000,167652
2022-12-14,440.860000,454.930000,440.600000,448.990000,145894
2022-12-15,448.990000,455.570000,446.150000,451.700000,120706
2022-12-16,449.890000,450.670000,444.600000,449.890000,90751
2022-12-19,449.250000,451.830000,439.310000,441.890000,92633
2022-12-20,441.760000,445.120000,425.750000,427.040000,139483
2022-12-21,427.950000,430.660000,422.780000,423.820000,78017
2022-12-22,427.820000,448.470000,424.080000,437.760000,232791
2022-12-23,435.050000,454.670000,434.020000,442.920000,185390
2022-12-26,443.830000,445.760000,433.890000,435.690000,144985
2022-12-27,438.280000,441.120000,434.400000,439.950000,91108
2022-12-28,437.240000,439.700000,430.660000,433.500000,95526
2022-12-29,432.340000,445.890000,432.080000,439.570000,124698
2022-12-30,439.700000,442.540000,434.530000,436.080000,82974
2023-01-03,436.980000,457.510000,436.080000,455.960000,284970
2023-01-04,455.960000,457.770000,449.120000,453.120000,146745
2023-01-05,454.410000,457.510000,452.220000,456.610000,157611
2023-01-06,455.960000,455.960000,448.730000,450.410000,155738
2023-01-09,451.700000,456.090000,449.890000,451.700000,122571
2023-01-10,453.770000,454.800000,447.310000,452.730000,129146
2023-01-11,452.730000,454.410000,438.280000,440.860000,214169
2023-01-12,440.210000,445.250000,436.980000,442.280000,118805
2023-01-13,442.280000,442.790000,439.050000,441.630000,90080
2023-01-16,440.860000,472.610000,440.860000,466.420000,479831
2023-01-17,468.350000,473.780000,464.220000,470.550000,222304
2023-01-18,470.160000,473.130000,465.260000,469.000000,151456
2023-01-19,472.230000,513.020000,472.230000,510.700000,646356
2023-01-20,510.700000,512.250000,498.430000,501.270000,312802
2023-01-30,541.550000,550.200000,535.480000,550.200000,931296
2023-01-31,550.200000,550.200000,524.640000,536.130000,863882
2023-02-01,540.900000,573.820000,540.000000,567.240000,906789
2023-02-02,567.500000,602.100000,565.560000,565.820000,1266103
2023-02-03,570.850000,583.510000,565.430000,578.470000,769873
2023-02-06,590.090000,630.630000,581.570000,630.630000,1198468
2023-02-07,607.390000,645.470000,600.030000,615.000000,1032450
2023-02-08,614.750000,639.150000,603.640000,610.360000,873651
2023-02-09,598.090000,611.260000,590.990000,611.260000,882438
2023-02-10,613.580000,658.640000,608.680000,630.750000,1344871
2023-02-13,625.460000,642.890000,618.620000,638.370000,951458
2023-02-14,631.010000,631.010000,612.290000,623.910000,728394
2023-02-15,628.950000,682.000000,619.910000,667.930000,1369550
2023-02-16,657.610000,663.540000,631.920000,638.370000,1029775
2023-02-17,632.170000,635.660000,610.620000,615.130000,811141
2023-02-20,624.040000,670.640000,620.430000,669.870000,1299092
2023-02-21,669.870000,682.910000,656.830000,666.250000,784130
2023-02-22,658.380000,672.970000,642.500000,662.640000,667475
2023-02-23,660.320000,660.830000,631.270000,637.730000,706496
2023-02-24,643.280000,656.440000,633.080000,646.760000,655869
2023-02-27,637.080000,646.120000,626.110000,629.200000,467214
2023-02-28,637.980000,639.270000,621.200000,636.310000,546379
2023-03-01,633.850000,667.160000,632.050000,656.190000,816245
2023-03-02,651.930000,690.270000,649.730000,669.350000,844033
2023-03-03,661.610000,686.140000,652.700000,666.900000,742819
2023-03-06,664.960000,672.970000,652.310000,661.870000,456261
2023-03-07,661.480000,665.220000,635.790000,642.630000,452532
2023-03-08,641.340000,643.280000,626.240000,639.920000,475867
2023-03-09,641.080000,646.890000,628.300000,635.530000,364652
2023-03-10,626.750000,643.150000,619.010000,627.140000,492933
2023-03-13,625.460000,649.340000,620.300000,647.410000,610956
2023-03-14,642.240000,646.760000,624.040000,633.850000,457981
2023-03-15,647.410000,662.640000,631.270000,634.240000,584761
2023-03-16,624.170000,658.770000,620.430000,643.150000,706337
2023-03-17,657.480000,704.080000,656.960000,687.170000,1167501
2023-03-20,690.010000,700.210000,670.000000,671.680000,759323
2023-03-21,671.940000,681.750000,655.150000,668.320000,557690
2023-03-22,657.730000,677.740000,652.310000,677.740000,682512
2023-03-23,683.550000,744.360000,676.070000,744.360000,1506766
2023-03-24,748.100000,797.540000,741.650000,787.090000,1414824
2023-03-27,776.370000,813.290000,767.460000,792.770000,1234582
2023-03-28,776.630000,791.350000,760.110000,764.110000,807815
2023-03-29,758.170000,797.160000,745.260000,777.150000,1038268
2023-03-30,773.920000,789.280000,753.910000,770.950000,644756
2023-03-31,769.790000,840.530000,754.430000,834.330000,1102130
2023-04-03,864.280000,908.180000,855.760000,906.890000,1368905
2023-04-04,897.200000,917.210000,844.020000,862.990000,1202143
2023-04-06,840.660000,860.540000,828.140000,838.210000,847707
2023-04-07,848.660000,872.420000,826.850000,857.830000,692240
2023-04-10,846.860000,848.540000,773.270000,773.270000,1112350
2023-04-11,773.920000,806.580000,768.500000,784.890000,897883
2023-04-12,780.370000,815.230000,776.500000,809.290000,784092
2023-04-13,798.060000,802.060000,772.760000,775.080000,721014
2023-04-14,777.790000,791.990000,751.970000,776.240000,686782
2023-04-17,773.530000,775.600000,750.680000,763.980000,584409
2023-04-18,768.760000,796.250000,755.330000,783.730000,704590
2023-04-19,775.730000,796.900000,762.560000,767.590000,784715
2023-04-20,764.240000,841.050000,759.200000,837.820000,1241568
2023-04-21,851.380000,875.900000,759.070000,761.530000,1591046
2023-04-24,764.880000,799.740000,761.400000,770.820000,954284
2023-04-25,768.760000,816.000000,768.500000,801.930000,1058690
2023-04-26,812.650000,820.390000,734.930000,747.840000,1165524
2023-04-27,734.550000,758.430000,712.600000,726.930000,874246
2023-04-28,726.930000,798.450000,722.280000,794.570000,1064697
2023-05-04,793.020000,807.350000,755.590000,786.700000,830369
2023-05-05,777.150000,807.480000,751.970000,761.660000,762132
2023-05-08,792.770000,836.660000,777.790000,836.660000,1389179
2023-05-09,855.250000,874.220000,824.780000,842.080000,1382398
2023-05-10,843.760000,875.390000,822.850000,857.180000,1088354
2023-05-11,857.830000,872.030000,787.220000,816.130000,1089769
2023-05-12,815.870000,852.670000,807.610000,828.650000,828363
2023-05-15,844.920000,850.080000,802.450000,837.180000,756058
2023-05-16,826.850000,832.010000,772.630000,775.470000,970695
2023-05-17,774.950000,781.660000,748.360000,765.270000,725868
2023-05-18,767.850000,815.750000,756.490000,802.190000,852180
2023-05-19,797.410000,810.070000,782.050000,785.800000,484275
2023-05-22,787.220000,792.770000,761.010000,772.110000,450890
2023-05-23,771.720000,789.020000,754.300000,775.080000,450976
2023-05-24,774.950000,781.150000,702.920000,742.550000,1104719
2023-05-25,731.320000,743.580000,714.540000,730.160000,739034
2023-05-26,731.580000,748.870000,718.150000,743.320000,563093
2023-05-29,751.970000,759.720000,723.570000,733.130000,517359
2023-05-30,735.580000,794.320000,732.350000,789.410000,1023390
2023-05-31,785.410000,792.510000,775.210000,783.600000,598367
2023-06-01,794.570000,860.800000,789.280000,860.800000,981169
2023-06-02,869.190000,880.810000,858.860000,874.610000,1118591
2023-06-05,865.580000,879.260000,853.440000,875.640000,782702
2023-06-06,871.900000,874.610000,825.560000,833.300000,920394
2023-06-07,849.700000,863.640000,843.630000,850.600000,725813
2023-06-08,838.720000,846.340000,821.170000,841.180000,544915
2023-06-09,842.730000,878.230000,825.560000,868.800000,1166034
2023-06-12,886.230000,917.210000,870.610000,896.560000,1325808
2023-06-13,880.160000,984.340000,877.450000,978.530000,1583958
2023-06-14,967.560000,985.120000,965.490000,982.150000,1032761
2023-06-15,984.080000,989.120000,940.450000,953.100000,918563
2023-06-16,954.650000,985.630000,947.160000,971.560000,869058
2023-06-19,954.650000,1005.260000,947.550000,988.210000,968993
2023-06-20,980.470000,1070.830000,974.010000,1055.340000,1295432
2023-06-21,1044.890000,1067.870000,1013.900000,1014.030000,948370
2023-06-26,996.610000,1023.720000,940.580000,947.940000,1037866
2023-06-27,958.010000,964.070000,920.180000,947.290000,647981
2023-06-28,939.030000,940.190000,882.360000,907.530000,962752
2023-06-29,918.120000,920.700000,879.520000,903.660000,773217
2023-06-30,890.230000,903.400000,866.220000,889.590000,862051
2023-07-03,892.690000,897.200000,831.750000,865.320000,1014014
2023-07-04,865.320000,884.680000,850.730000,871.260000,660661
2023-07-05,865.190000,873.450000,846.860000,848.540000,563943
2023-07-06,847.500000,905.470000,847.500000,880.290000,1036238
2023-07-07,880.940000,917.080000,841.180000,899.270000,1088187
2023-07-10,887.650000,890.100000,861.190000,864.160000,735917
2023-07-11,864.280000,913.210000,864.160000,906.500000,989336
2023-07-12,893.850000,914.630000,887.010000,893.330000,814740
2023-07-13,895.910000,910.500000,851.120000,895.780000,1127551
2023-07-14,904.300000,945.230000,903.010000,919.670000,1003016
2023-07-17,904.950000,943.030000,901.460000,917.210000,536020
2023-07-18,918.500000,926.250000,879.780000,880.160000,613723
2023-07-19,908.950000,923.670000,884.290000,888.300000,559071
2023-07-20,892.040000,895.270000,839.500000,840.400000,782392
2023-07-21,836.790000,861.440000,832.010000,847.240000,439488
2023-07-24,839.760000,862.220000,822.460000,832.140000,581543
2023-07-25,845.570000,855.250000,827.620000,843.760000,526144
2023-07-26,839.760000,842.340000,815.620000,823.230000,519645
2023-07-27,822.970000,833.170000,815.230000,818.460000,311577
2023-07-28,815.230000,830.720000,809.550000,819.490000,359640
2023-07-31,819.490000,835.630000,806.840000,825.300000,453989
2023-08-01,802.320000,810.840000,772.630000,799.090000,908802
2023-08-02,799.090000,824.270000,797.160000,811.610000,420866
2023-08-03,802.190000,826.460000,800.770000,815.750000,280424
2023-08-04,817.550000,837.180000,811.870000,830.980000,448507
2023-08-07,839.760000,852.670000,832.910000,837.180000,470699
2023-08-08,837.180000,848.410000,832.790000,834.210000,261394
2023-08-09,831.620000,852.150000,824.270000,839.110000,451928
2023-08-10,830.460000,837.820000,820.390000,829.300000,334189
2023-08-11,833.300000,843.240000,813.420000,813.940000,276852
2023-08-14,803.740000,840.140000,801.160000,839.500000,508394
2023-08-15,836.660000,852.020000,821.680000,839.760000,609848
2023-08-16,828.910000,835.880000,757.140000,768.500000,1032997
2023-08-17,756.880000,778.050000,746.030000,773.020000,592795
2023-08-18,770.050000,777.400000,740.610000,745.260000,496436
2023-08-21,737.770000,755.330000,732.610000,735.190000,408385
2023-08-22,742.940000,755.850000,730.670000,753.260000,466757
2023-08-23,746.810000,747.970000,711.310000,712.860000,554906
2023-08-24,720.990000,722.150000,700.210000,701.630000,503307
2023-08-25,692.070000,699.040000,671.550000,676.710000,573004
2023-08-28,723.570000,723.570000,665.220000,676.070000,773205
2023-08-29,663.800000,698.790000,660.570000,685.620000,784082
2023-08-30,690.520000,731.960000,687.560000,729.510000,1029387
2023-08-31,721.640000,730.670000,705.500000,721.380000,568667
2023-09-01,718.670000,725.770000,705.110000,715.440000,347770
2023-09-04,719.180000,719.180000,697.370000,700.980000,603460
2023-09-05,707.310000,715.440000,686.910000,689.490000,575180
2023-09-06,686.140000,686.140000,671.940000,682.260000,399746
2023-09-07,684.840000,685.880000,667.800000,668.190000,311428
2023-09-08,666.770000,671.680000,651.410000,652.180000,418596
2023-09-11,657.730000,691.300000,646.120000,671.940000,816873
2023-09-12,665.610000,678.910000,662.510000,669.480000,366226
2023-09-13,666.770000,666.770000,643.530000,650.120000,439992
2023-09-14,650.120000,656.700000,644.830000,647.150000,268785
2023-09-15,648.700000,651.540000,631.920000,633.470000,373038
2023-09-18,633.210000,653.860000,629.330000,638.110000,425588
2023-09-19,637.080000,637.730000,611.780000,617.070000,639344
2023-09-20,620.680000,625.850000,613.460000,613.840000,296977
2023-09-21,610.490000,626.750000,609.200000,615.130000,385268
2023-09-22,615.130000,657.610000,612.040000,651.930000,915608
2023-09-25,654.380000,660.320000,641.080000,644.700000,513917
2023-09-26,646.250000,684.590000,646.250000,673.230000,779840
2023-09-27,666.770000,677.100000,665.090000,671.030000,402684
2023-09-28,675.030000,681.620000,665.090000,667.550000,379535
2023-10-09,668.970000,680.710000,663.670000,674.900000,418861
2023-10-10,675.420000,707.820000,666.640000,680.330000,724474
2023-10-11,677.100000,747.070000,676.070000,729.770000,1452069
2023-10-12,723.310000,726.800000,699.560000,714.280000,854193
2023-10-13,708.860000,720.860000,695.820000,702.140000,533466
2023-10-16,701.630000,712.730000,689.100000,697.750000,488007
2023-10-17,701.110000,703.950000,683.680000,689.750000,403493
2023-10-18,696.330000,714.920000,671.940000,703.820000,695961
2023-10-19,703.820000,732.480000,699.820000,708.080000,716286
2023-10-20,688.720000,698.530000,666.770000,672.970000,753186
2023-10-23,678.520000,691.940000,654.890000,683.170000,530063
2023-10-24,686.140000,693.490000,616.170000,616.420000,1209111
2023-10-25,616.810000,655.280000,616.810000,628.690000,951422
2023-10-26,628.560000,628.560000,592.800000,603.770000,913759
2023-10-27,598.610000,608.420000,590.220000,601.710000,599312
2023-10-30,595.770000,608.550000,591.120000,603.000000,545603
2023-10-31,603.520000,611.260000,588.020000,601.710000,593963
2023-11-01,600.290000,609.320000,593.450000,593.960000,430865
2023-11-02,595.770000,600.160000,582.730000,586.600000,391842
2023-11-03,591.900000,611.650000,587.770000,608.030000,685631
2023-11-06,612.680000,631.790000,606.360000,625.980000,656404
2023-11-07,623.010000,639.020000,620.940000,634.630000,657205
2023-11-08,638.110000,645.990000,630.630000,640.950000,582338
2023-11-09,646.120000,653.350000,632.950000,639.790000,449757
2023-11-10,634.240000,636.690000,623.780000,625.460000,366633
2023-11-13,637.730000,668.970000,630.880000,654.380000,822619
2023-11-14,658.510000,663.540000,646.250000,657.860000,509443
2023-11-15,670.900000,683.040000,660.320000,664.190000,590306
2023-11-16,658.640000,662.900000,649.090000,649.470000,364811
2023-11-17,646.120000,655.930000,641.730000,648.700000,335447
2023-11-20,648.310000,661.480000,643.660000,654.770000,418714
2023-11-21,655.020000,659.670000,642.500000,645.990000,340899
2023-11-22,641.860000,644.830000,630.630000,630.630000,305045
2023-11-23,637.730000,639.660000,617.840000,631.790000,287829
2023-11-24,637.980000,639.270000,605.840000,612.290000,455589
2023-11-27,604.290000,610.870000,600.930000,603.640000,295062
2023-11-28,603.390000,604.940000,596.420000,603.260000,234448
2023-11-29,602.870000,604.420000,593.190000,595.250000,257627
2023-11-30,592.930000,596.800000,585.960000,591.250000,256239
2023-12-01,590.990000,630.240000,587.380000,622.620000,662375
2023-12-04,622.490000,633.980000,616.680000,623.780000,445980
2023-12-05,618.100000,621.200000,599.770000,600.290000,350728
2023-12-06,599.640000,606.360000,593.320000,599.380000,286177
2023-12-07,599.380000,633.080000,597.060000,621.330000,639877
2023-12-08,624.170000,652.050000,618.360000,639.020000,772790
2023-12-11,632.950000,658.380000,628.560000,654.640000,639775
2023-12-12,651.280000,659.030000,646.120000,652.440000,434160
2023-12-13,652.570000,660.570000,644.570000,644.830000,429829
2023-12-14,648.960000,660.450000,644.440000,644.830000,407175
2023-12-15,648.440000,651.020000,631.140000,637.600000,330429
2023-12-18,633.210000,639.020000,622.490000,624.560000,299644
2023-12-19,623.650000,641.990000,618.880000,635.530000,312093
2023-12-20,635.010000,636.430000,611.260000,611.650000,329693
2023-12-21,607.260000,628.820000,607.260000,621.980000,296927
2023-12-22,619.520000,623.520000,603.130000,606.870000,321622
2023-12-25,608.810000,628.040000,605.840000,615.650000,278241
2023-12-26,612.940000,613.580000,592.030000,596.670000,305062
2023-12-27,597.190000,599.380000,590.990000,595.120000,258636
2023-12-28,594.610000,611.260000,585.050000,608.030000,408946
2023-12-29,608.030000,615.910000,606.230000,612.290000,333603
2024-01-02,611.910000,612.940000,595.250000,595.770000,308237
2024-01-03,594.480000,595.120000,564.400000,572.270000,575936
2024-01-04,568.660000,569.950000,549.810000,551.880000,474301
2024-01-05,554.070000,554.590000,538.320000,542.070000,367020
2024-01-08,540.520000,542.580000,529.420000,530.060000,307401
2024-01-09,530.060000,536.390000,526.060000,532.000000,300641
2024-01-10,529.930000,533.800000,514.180000,522.190000,345121
2024-01-11,522.190000,543.870000,522.190000,540.520000,438256
2024-01-12,537.680000,540.900000,531.220000,532.380000,249801
2024-01-15,529.930000,540.260000,525.410000,528.380000,267712
2024-01-16,527.350000,529.290000,518.700000,529.290000,302578
2024-01-17,531.610000,532.380000,519.350000,519.350000,252502
2024-01-18,515.470000,530.710000,510.310000,530.190000,431382
2024-01-19,528.120000,532.260000,519.600000,521.540000,260352
2024-01-22,528.640000,529.800000,502.690000,507.730000,377258
2024-01-23,505.400000,557.170000,502.430000,557.170000,1051423
2024-01-24,552.270000,561.690000,541.160000,560.910000,780554
2024-01-25,555.360000,567.370000,547.230000,563.500000,671274
2024-01-26,558.200000,565.050000,553.040000,553.690000,452405
2024-01-29,553.560000,556.780000,535.100000,535.220000,443200
2024-01-30,546.580000,571.240000,541.680000,544.650000,743988
2024-01-31,554.070000,555.750000,507.990000,509.280000,700804
2024-02-01,502.950000,558.850000,496.370000,542.710000,974076
2024-02-02,541.290000,548.650000,513.540000,528.640000,712504
2024-02-05,524.770000,547.750000,507.860000,523.350000,757351
2024-02-06,504.760000,551.490000,504.240000,545.420000,769511
2024-02-07,549.300000,563.240000,537.680000,555.750000,708141
2024-02-08,562.460000,580.020000,558.330000,575.760000,698328
2024-02-19,606.100000,619.650000,590.610000,614.360000,1030550
2024-02-20,606.870000,608.680000,597.060000,600.420000,619155
2024-02-21,590.090000,606.740000,586.990000,594.740000,565546
2024-02-22,605.970000,627.910000,605.970000,611.910000,840054
2024-02-23,616.420000,617.460000,603.520000,611.650000,534540
2024-02-26,620.040000,631.530000,610.100000,620.170000,750913
2024-02-27,616.300000,659.030000,609.970000,656.700000,1077871
2024-02-28,657.090000,664.710000,627.530000,628.040000,977445
2024-02-29,626.110000,653.350000,624.170000,651.150000,767071
2024-03-01,657.350000,704.080000,656.440000,692.200000,1257750
2024-03-04,692.200000,700.590000,678.520000,689.100000,832111
2024-03-05,684.840000,715.050000,679.420000,691.430000,1084180
2024-03-06,685.880000,695.170000,675.550000,685.620000,685476
2024-03-07,688.460000,693.360000,659.030000,662.510000,714498
2024-03-08,663.290000,674.520000,656.700000,669.480000,544176
2024-03-11,659.150000,680.840000,653.860000,678.260000,550160
2024-03-12,682.260000,683.940000,665.220000,669.220000,505190
2024-03-13,674.520000,678.520000,666.770000,669.870000,490043
2024-03-14,664.710000,671.290000,652.700000,661.090000,448517
2024-03-15,659.030000,669.090000,650.250000,667.800000,464881
2024-03-18,670.390000,679.680000,663.800000,677.100000,544375
2024-03-19,674.520000,674.780000,665.480000,665.480000,375402
2024-03-20,664.320000,694.660000,664.190000,683.940000,833768
2024-03-21,684.840000,712.600000,680.840000,687.810000,852757
2024-03-22,682.260000,686.140000,667.930000,672.970000,535213
2024-03-25,672.840000,678.520000,646.120000,647.540000,612964
2024-03-26,646.120000,652.180000,628.040000,633.470000,538763
2024-03-27,635.660000,636.180000,605.060000,605.450000,504912
2024-03-28,606.100000,663.930000,605.970000,654.120000,928723
2024-03-29,652.050000,652.050000,631.920000,642.500000,443484
2024-04-01,646.120000,657.480000,641.080000,652.960000,386896
2024-04-02,650.380000,651.280000,637.730000,643.530000,295741
2024-04-03,640.310000,640.950000,622.750000,628.820000,278378
2024-04-08,628.950000,630.240000,617.070000,620.300000,235138
2024-04-09,620.300000,623.400000,610.100000,622.360000,244055
2024-04-10,622.360000,622.360000,601.320000,606.100000,304672
2024-04-11,606.100000,625.070000,606.100000,612.680000,343018
2024-04-12,614.490000,623.520000,607.130000,607.390000,262512
2024-04-15,607.390000,614.230000,597.710000,604.550000,309591
2024-04-16,601.580000,622.230000,599.380000,601.970000,378232
2024-04-17,605.840000,622.100000,601.840000,621.330000,427506
2024-04-18,616.420000,620.810000,607.520000,613.330000,319031
2024-04-19,607.130000,609.840000,581.700000,589.320000,501693
2024-04-22,578.990000,587.890000,560.530000,585.180000,318340
2024-04-23,570.730000,571.760000,539.480000,555.360000,746061
2024-04-24,555.750000,575.760000,549.550000,574.080000,504244
2024-04-25,565.820000,572.270000,562.590000,568.400000,278437
2024-04-26,568.660000,590.090000,568.660000,586.090000,434628
2024-04-29,592.670000,611.780000,592.280000,601.060000,491377
2024-04-30,599.640000,606.870000,591.900000,595.900000,307000
2024-05-06,609.970000,612.290000,598.090000,601.320000,329708
2024-05-07,601.320000,613.840000,596.930000,602.220000,349606
2024-05-08,596.160000,596.420000,584.670000,585.960000,251419
2024-05-09,586.220000,593.700000,584.280000,590.220000,211639
2024-05-10,587.380000,591.120000,577.180000,578.340000,277932
2024-05-13,581.570000,591.640000,573.950000,582.860000,266239
2024-05-14,591.120000,592.540000,573.440000,575.500000,320658
2024-05-15,572.150000,575.110000,566.980000,568.660000,177294
2024-05-16,571.500000,574.600000,564.530000,566.590000,273447
2024-05-17,564.790000,571.240000,560.910000,571.110000,207566
2024-05-20,571.240000,581.440000,568.660000,576.410000,269342
2024-05-21,576.410000,578.210000,572.530000,573.690000,166763
2024-05-22,576.280000,584.020000,569.690000,579.890000,266788
2024-05-23,580.020000,582.860000,562.850000,564.140000,313152
2024-05-24,561.040000,565.950000,553.170000,553.170000,237404
2024-05-27,553.300000,558.460000,546.460000,557.820000,190878
2024-05-28,557.170000,557.170000,543.740000,544.650000,214100
2024-05-29,549.300000,558.330000,543.870000,545.290000,194498
2024-05-30,545.160000,559.620000,538.970000,555.490000,282638
2024-05-31,555.490000,564.790000,553.560000,558.330000,219005
2024-06-03,558.460000,562.210000,554.460000,558.850000,167685
2024-06-04,558.980000,561.430000,550.330000,557.820000,173031
2024-06-05,558.200000,566.980000,556.400000,560.270000,217967
2024-06-06,561.300000,570.600000,554.460000,555.490000,276414
2024-06-07,556.780000,560.010000,542.840000,549.430000,225033
2024-06-11,549.550000,555.620000,541.550000,553.300000,199415
2024-06-12,555.750000,572.530000,554.590000,567.760000,343078
2024-06-13,567.370000,571.890000,562.850000,569.690000,271277
2024-06-14,569.690000,575.110000,562.850000,573.820000,315063
2024-06-17,572.660000,574.860000,563.500000,567.370000,276801
2024-06-18,567.630000,584.280000,566.720000,576.410000,364726
2024-06-19,575.370000,576.920000,568.660000,569.180000,201793
2024-06-20,566.080000,567.890000,556.910000,557.040000,230390
2024-06-21,554.980000,566.590000,550.720000,565.170000,196852
2024-06-24,561.950000,564.140000,548.390000,549.040000,226638
2024-06-25,555.750000,563.110000,543.490000,549.430000,219136
2024-06-26,558.330000,599.900000,553.430000,591.380000,866613
2024-06-27,586.600000,590.220000,569.180000,570.470000,546122
2024-06-28,571.240000,574.600000,564.530000,568.010000,483992
2024-07-01,566.590000,578.210000,560.910000,574.990000,385529
2024-07-02,571.760000,580.020000,564.400000,566.470000,320528
2024-07-03,566.080000,566.470000,548.130000,556.530000,277261
2024-07-04,557.950000,559.880000,544.260000,544.260000,268954
2024-07-05,545.410000,548.900000,533.790000,546.700000,232522
2024-07-08,536.510000,536.510000,510.300000,514.430000,481495
2024-07-09,514.300000,519.590000,504.100000,518.300000,399023
2024-07-10,517.530000,526.440000,513.530000,516.500000,256943
2024-07-11,524.760000,526.310000,519.340000,521.530000,266677
2024-07-12,519.210000,521.270000,513.400000,513.910000,242519
2024-07-15,513.400000,513.400000,504.100000,507.070000,210184
2024-07-16,507.070000,520.880000,504.100000,518.430000,296074
2024-07-17,518.560000,526.050000,516.500000,517.270000,231747
2024-07-18,511.720000,514.430000,501.520000,514.300000,290127
2024-07-19,509.520000,524.760000,509.010000,522.180000,286572
2024-07-22,522.180000,533.540000,522.180000,526.570000,297809
2024-07-23,524.760000,524.890000,512.880000,512.880000,210049
2024-07-24,512.240000,519.340000,507.720000,509.780000,192484
2024-07-25,507.980000,514.560000,505.520000,510.820000,154637
2024-07-26,511.460000,515.850000,508.360000,513.910000,149650
2024-07-29,514.430000,516.500000,510.690000,513.270000,114707
2024-07-30,513.270000,515.590000,508.100000,515.200000,133900
2024-07-31,514.300000,528.890000,512.750000,527.600000,281583
2024-08-01,527.730000,529.660000,521.140000,521.660000,205448
2024-08-02,518.040000,524.630000,515.080000,516.620000,157248
2024-08-05,510.560000,519.850000,503.840000,504.100000,241014
2024-08-06,507.590000,509.780000,469.250000,485.000000,508689
2024-08-07,485.130000,490.550000,482.160000,485.510000,218568
2024-08-08,480.990000,485.000000,473.640000,481.510000,197056
2024-08-09,483.450000,486.680000,477.770000,478.280000,131997
2024-08-12,478.030000,478.150000,451.170000,462.920000,331423
2024-08-13,464.080000,467.830000,460.210000,465.630000,166094
2024-08-14,465.630000,466.670000,460.340000,462.410000,131889
2024-08-15,461.500000,469.760000,456.730000,462.530000,213281
2024-08-16,462.410000,464.730000,459.050000,459.690000,134645
2024-08-19,459.570000,463.310000,458.530000,460.340000,146215
2024-08-20,460.470000,462.020000,450.790000,454.010000,170917
2024-08-21,453.370000,462.660000,447.300000,453.760000,170425
2024-08-22,454.400000,460.080000,441.360000,441.880000,247295
2024-08-23,440.850000,454.400000,440.200000,452.850000,250524
2024-08-26,452.980000,458.020000,451.300000,453.760000,144815
2024-08-27,452.590000,452.980000,443.430000,445.110000,148148
2024-08-28,444.590000,447.300000,436.460000,444.980000,154253
2024-08-29,441.490000,452.720000,440.720000,448.460000,166260
2024-08-30,448.330000,463.440000,447.430000,458.790000,284093
2024-09-02,460.210000,460.600000,445.880000,445.880000,200657
2024-09-03,446.010000,457.370000,444.850000,454.920000,204156
2024-09-04,450.270000,455.310000,449.630000,452.210000,116883
2024-09-05,452.340000,459.570000,451.300000,456.980000,143465
2024-09-06,458.270000,463.570000,452.340000,453.760000,194246
2024-09-09,452.470000,456.980000,447.300000,449.370000,132687
2024-09-10,449.630000,459.310000,444.200000,455.820000,167483
2024-09-11,455.430000,460.210000,453.240000,458.150000,149483
2024-09-12,459.950000,464.730000,454.790000,454.790000,142552
2024-09-13,456.340000,458.920000,451.170000,451.430000,130731
2024-09-18,451.560000,453.110000,446.140000,451.690000,110519
2024-09-19,453.760000,463.700000,448.720000,461.240000,251355
2024-09-20,461.370000,463.830000,458.530000,462.660000,183525
2024-09-23,462.660000,471.570000,461.890000,464.210000,201317
2024-09-24,465.630000,477.640000,458.270000,477.640000,379543
2024-09-25,481.120000,498.420000,481.120000,484.480000,480585
2024-09-26,484.480000,499.840000,481.900000,499.840000,380436
2024-09-27,508.620000,544.120000,508.620000,536.380000,743787
2024-09-30,561.940000,588.530000,560.390000,588.530000,1105598
2024-10-08,645.850000,645.850000,608.670000,645.850000,1378136
2024-10-09,645.850000,662.110000,609.570000,621.190000,1443007
2024-10-10,621.190000,630.610000,581.690000,592.400000,947111
2024-10-11,587.760000,589.180000,561.940000,568.780000,594852
2024-10-14,568.780000,578.460000,558.840000,578.330000,537325
2024-10-15,577.690000,592.530000,570.070000,570.590000,542866
2024-10-16,560.130000,577.170000,557.810000,569.940000,329358
2024-10-17,573.810000,604.020000,571.230000,588.010000,798486
2024-10-18,582.980000,628.160000,570.590000,606.470000,1128782
2024-10-21,611.510000,621.580000,606.470000,610.990000,956264
2024-10-22,608.670000,612.540000,597.310000,602.860000,553430
2024-10-23,602.210000,608.670000,597.570000,603.250000,451499
2024-10-24,603.630000,605.440000,592.920000,593.310000,376813
2024-10-25,601.570000,606.220000,597.950000,601.960000,410539
2024-10-28,605.440000,609.960000,600.920000,604.150000,398448
2024-10-29,606.600000,627.000000,597.700000,607.510000,810103
2024-10-30,603.500000,612.930000,595.760000,602.860000,473838
2024-10-31,602.860000,615.770000,591.890000,608.020000,640004
2024-11-01,608.150000,624.030000,592.790000,592.920000,604437
2024-11-04,588.530000,610.090000,579.490000,601.310000,483510
2024-11-05,602.210000,622.740000,597.440000,618.870000,926245
2024-11-06,619.000000,645.980000,617.060000,631.780000,1103418
2024-11-07,621.580000,652.560000,613.830000,643.520000,1014273
2024-11-08,650.370000,665.470000,635.650000,637.070000,1074269
2024-11-11,634.490000,683.800000,632.420000,677.730000,1628268
2024-11-12,673.220000,675.800000,644.560000,651.010000,1104347
2024-11-13,643.140000,714.650000,640.680000,714.650000,2246443
2024-11-14,719.560000,726.790000,691.290000,695.030000,1951146
2024-11-15,698.780000,744.220000,698.260000,699.940000,1899286
2024-11-18,711.690000,716.460000,631.390000,639.010000,1654427
2024-11-19,625.450000,635.260000,603.630000,631.390000,1289431
2024-11-20,631.780000,658.760000,627.650000,649.330000,1046713
2024-11-21,647.400000,675.540000,636.940000,660.950000,1012767
2024-11-22,656.430000,690.640000,643.520000,646.360000,1332181
2024-11-25,662.240000,670.380000,621.710000,644.690000,909115
2024-11-26,634.620000,645.850000,621.580000,622.090000,636598
2024-11-27,620.550000,640.940000,614.870000,640.680000,658784
2024-11-28,640.940000,649.720000,631.520000,632.160000,580748
2024-11-29,628.030000,692.970000,626.870000,677.220000,1558442
2024-12-02,673.220000,679.540000,666.760000,675.150000,872952
2024-12-03,675.150000,678.250000,652.040000,658.760000,769003
2024-12-04,661.210000,670.120000,652.690000,658.760000,674582
2024-12-05,660.050000,687.290000,660.050000,677.090000,939182
2024-12-06,691.030000,698.130000,671.670000,683.800000,877026
2024-12-09,684.060000,714.650000,684.060000,694.900000,915822
2024-12-10,714.650000,748.090000,696.320000,718.530000,1526412
2024-12-11,710.910000,712.460000,691.930000,701.750000,810313
2024-12-12,699.030000,709.360000,684.190000,690.390000,733883
2024-12-13,686.120000,694.520000,671.410000,672.830000,683698
2024-12-16,673.220000,679.670000,663.020000,666.760000,466527
2024-12-17,664.180000,672.050000,656.560000,659.530000,439405
2024-12-18,660.440000,674.510000,655.270000,668.050000,444090
2024-12-19,660.310000,684.320000,658.370000,680.830000,602210
2024-12-20,676.960000,692.580000,673.090000,682.900000,603969
2024-12-23,683.160000,683.540000,662.240000,663.400000,463239
2024-12-24,663.400000,666.760000,653.340000,663.920000,425445
2024-12-25,663.400000,672.440000,656.560000,658.630000,356292
2024-12-26,658.630000,676.830000,657.340000,670.630000,429539
2024-12-27,668.310000,676.310000,657.720000,659.790000,465294
2024-12-30,657.850000,673.220000,644.940000,661.600000,472967
2024-12-31,661.600000,667.920000,638.360000,638.620000,514301
2025-01-02,634.750000,637.330000,608.670000,612.540000,555147
2025-01-03,614.610000,616.670000,588.530000,588.920000,524768
2025-01-06,588.010000,601.050000,583.110000,588.010000,295708
2025-01-07,589.950000,598.860000,586.720000,598.470000,327919
2025-01-08,595.890000,602.210000,579.360000,596.920000,428009
2025-01-09,595.500000,609.830000,593.440000,601.050000,341013
2025-01-10,602.210000,609.960000,593.180000,593.180000,349201
2025-01-13,586.460000,608.670000,583.240000,597.440000,407614
2025-01-14,598.990000,623.770000,594.340000,621.710000,578147
2025-01-15,623.000000,626.740000,613.190000,614.990000,382806
2025-01-16,621.320000,657.850000,621.060000,636.550000,873618
2025-01-17,631.520000,642.100000,630.100000,633.580000,417413
2025-01-20,641.070000,643.390000,630.100000,632.030000,345768
2025-01-21,635.650000,638.230000,628.030000,636.680000,348588
2025-01-22,637.070000,639.010000,630.360000,631.780000,290339
2025-01-23,638.360000,647.270000,626.100000,626.230000,410060
2025-01-24,626.100000,666.630000,624.810000,657.980000,894960
2025-01-27,688.450000,688.710000,661.600000,669.080000,1041840
2025-02-05,699.030000,724.850000,699.030000,717.490000,1600699
2025-02-06,704.070000,724.720000,699.160000,719.690000,1120125
2025-02-07,718.270000,733.760000,704.840000,715.820000,1342411
2025-02-10,723.170000,736.080000,714.780000,725.370000,978136
2025-02-11,723.820000,725.370000,709.360000,710.780000,828802
2025-02-12,710.010000,718.400000,706.910000,713.110000,591703
2025-02-13,713.110000,715.170000,693.870000,696.190000,719033
2025-02-14,696.190000,721.500000,688.060000,719.430000,1004087
2025-02-17,728.470000,739.310000,717.490000,725.500000,967306
2025-02-18,725.890000,744.220000,706.910000,709.620000,841948
2025-02-19,710.650000,722.530000,704.070000,717.370000,596209
2025-02-20,718.530000,723.430000,702.910000,707.040000,601326
2025-02-21,710.650000,737.500000,708.460000,732.600000,1121833
2025-02-24,735.960000,781.270000,727.430000,756.480000,1374308
2025-02-25,737.760000,746.800000,731.310000,732.860000,843546
2025-02-26,733.500000,737.250000,721.500000,729.370000,624580
2025-02-27,734.020000,748.090000,705.490000,716.070000,767042
2025-02-28,711.690000,716.200000,679.670000,683.540000,774896
2025-03-03,687.420000,692.190000,674.120000,679.150000,458009
2025-03-04,679.150000,685.220000,676.180000,680.960000,417528
2025-03-05,682.640000,685.480000,674.380000,683.410000,378237
2025-03-06,692.970000,706.520000,691.420000,702.780000,661543
2025-03-07,702.780000,705.360000,687.550000,690.900000,476771
2025-03-10,703.680000,706.520000,680.830000,688.060000,417250
2025-03-11,678.380000,686.000000,676.700000,685.870000,339671
2025-03-12,693.350000,695.030000,683.280000,683.540000,373601
2025-03-13,683.800000,689.740000,664.820000,666.760000,418435
2025-03-14,666.760000,678.380000,665.860000,676.440000,345912
2025-03-17,676.570000,678.250000,671.280000,672.310000,285142
2025-03-18,674.510000,679.670000,670.890000,672.700000,266874
2025-03-19,671.920000,672.440000,658.500000,662.370000,371167
2025-03-20,661.340000,661.340000,654.370000,654.880000,323909
2025-03-21,654.760000,654.760000,640.550000,641.460000,352148
2025-03-24,641.460000,648.560000,634.750000,646.620000,337340
2025-03-25,646.620000,646.620000,635.780000,636.680000,220708
2025-03-26,637.070000,640.940000,635.780000,637.840000,157940
2025-03-27,637.070000,642.100000,631.000000,638.100000,185381
2025-03-28,638.360000,639.650000,631.910000,632.030000,174507
2025-03-31,628.940000,631.650000,620.160000,628.940000,227331
2025-04-01,630.100000,642.230000,630.100000,635.130000,219526
2025-04-02,635.260000,640.040000,631.910000,637.710000,151227
2025-04-03,634.490000,639.390000,632.940000,637.200000,161683
2025-04-07,598.990000,606.090000,574.980000,574.980000,506617
2025-04-08,570.840000,579.750000,550.580000,567.230000,575541
2025-04-09,556.130000,578.330000,546.700000,575.620000,506094
2025-04-10,587.110000,597.050000,578.980000,584.920000,413951
2025-04-11,581.300000,594.080000,579.620000,589.690000,285578
2025-04-14,596.280000,601.440000,591.500000,592.660000,240372
2025-04-15,591.500000,593.820000,584.920000,587.630000,157683
2025-04-16,585.560000,586.850000,575.750000,585.950000,193509
2025-04-17,582.850000,591.630000,582.330000,584.790000,172076
2025-04-18,582.720000,589.950000,579.620000,589.180000,163401
2025-04-21,589.300000,600.660000,584.270000,600.660000,223775
2025-04-22,600.660000,605.830000,588.660000,598.080000,313952
2025-04-23,602.600000,606.090000,593.310000,597.050000,254045
2025-04-24,599.630000,608.670000,596.150000,598.210000,337675
2025-04-25,600.020000,606.730000,597.700000,602.080000,198373
2025-04-28,606.730000,617.190000,604.800000,606.730000,271334
2025-04-29,606.730000,609.960000,601.960000,608.540000,187031
2025-04-30,609.960000,623.640000,608.670000,620.670000,308134
2025-05-06,624.420000,632.810000,623.640000,631.650000,340974
2025-05-07,639.130000,639.520000,626.100000,630.610000,287352
2025-05-08,628.030000,640.300000,626.870000,637.840000,249412
2025-05-09,634.490000,634.490000,621.580000,627.650000,238497
2025-05-12,628.810000,633.710000,626.870000,630.610000,200207
2025-05-13,635.780000,636.810000,626.870000,630.230000,195283
2025-05-14,630.360000,633.970000,624.810000,631.390000,197570
2025-05-15,631.520000,631.910000,619.000000,621.580000,204300
2025-05-16,618.350000,623.000000,616.540000,619.250000,130767
2025-05-19,617.710000,622.870000,613.450000,621.970000,128574
2025-05-20,620.670000,625.710000,617.580000,625.580000,128103
2025-05-21,624.680000,627.900000,615.380000,616.930000,179016
2025-05-22,614.480000,623.640000,613.190000,617.830000,146307
2025-05-23,615.510000,620.930000,608.800000,609.190000,169916
2025-05-26,609.060000,613.320000,608.150000,610.220000,119141
2025-05-27,609.830000,612.410000,604.800000,606.350000,118930
2025-05-28,606.470000,609.310000,601.050000,602.340000,105198
2025-05-29,602.470000,617.710000,602.340000,617.450000,198950
2025-05-30,613.320000,616.290000,608.930000,609.060000,134194
2025-06-03,614.610000,637.330000,612.540000,632.940000,497986
2025-06-04,632.030000,635.780000,629.070000,634.360000,215454
2025-06-05,636.550000,644.170000,633.330000,642.360000,302403
2025-06-06,641.590000,646.880000,639.520000,644.430000,240496
2025-06-09,645.980000,648.300000,641.330000,645.070000,200484
2025-06-10,644.170000,645.330000,629.320000,634.490000,310942
2025-06-11,635.520000,644.810000,635.520000,635.780000,162009
2025-06-12,636.170000,638.230000,632.290000,633.710000,186367
2025-06-13,631.260000,639.260000,624.550000,632.680000,565374
2025-06-16,630.740000,643.010000,629.070000,633.200000,197904
2025-06-17,634.490000,637.070000,628.160000,629.710000,137009
2025-06-18,629.840000,633.070000,625.190000,630.490000,149947
2025-06-19,630.100000,633.840000,619.770000,621.060000,177818
2025-06-20,620.290000,624.290000,606.090000,606.600000,216833
2025-06-23,604.800000,610.860000,602.470000,608.930000,149343
2025-06-24,610.860000,618.350000,608.670000,618.220000,206281
2025-06-25,618.220000,628.680000,615.120000,628.680000,234435
2025-06-26,629.070000,635.520000,625.970000,626.230000,216830
2025-06-27,626.480000,631.130000,624.030000,624.680000,171206
2025-06-30,624.810000,633.200000,624.680000,632.940000,189383
2025-07-01,633.580000,635.520000,626.740000,632.290000,178245
2025-07-02,628.290000,630.610000,620.290000,623.390000,172103
2025-07-03,622.610000,625.840000,620.420000,623.130000,122246
2025-07-04,624.280000,627.380000,617.060000,621.700000,158299
2025-07-07,621.320000,621.440000,613.570000,614.220000,140240
2025-07-08,614.220000,620.930000,611.250000,620.800000,166237
2025-07-09,620.800000,624.800000,618.990000,620.540000,177134
2025-07-10,619.900000,622.860000,617.440000,620.410000,150702
2025-07-11,616.280000,624.280000,596.790000,622.610000,458476
2025-07-14,622.090000,622.090000,614.220000,614.730000,209164
2025-07-15,614.220000,627.770000,610.210000,625.960000,341739
2025-07-16,627.510000,633.970000,621.700000,623.900000,282588
2025-07-17,623.900000,635.000000,620.670000,630.610000,308970
2025-07-18,632.680000,642.230000,629.060000,631.380000,332414
2025-07-21,632.930000,636.680000,629.960000,634.740000,239503
2025-07-22,632.160000,633.970000,626.740000,629.580000,209307
2025-07-23,629.190000,636.940000,628.670000,631.900000,271867
2025-07-24,633.190000,639.390000,630.740000,639.000000,312287
2025-07-25,647.130000,669.600000,647.130000,664.050000,926336
2025-07-28,663.920000,663.920000,648.680000,652.430000,496021
2025-07-29,649.330000,652.430000,640.290000,648.810000,371641
2025-07-30,645.070000,649.460000,636.810000,641.070000,293431
2025-07-31,642.620000,660.170000,642.620000,645.840000,559617
2025-08-01,652.680000,653.590000,633.320000,643.780000,429156
2025-08-04,639.390000,649.590000,637.190000,649.590000,293849
2025-08-05,649.720000,650.750000,641.070000,648.170000,276584
2025-08-06,647.650000,650.620000,644.810000,649.200000,271526
2025-08-07,649.200000,654.360000,643.520000,647.130000,258368
2025-08-08,647.130000,647.130000,637.840000,638.610000,274273
2025-08-11,638.480000,656.430000,638.100000,649.460000,353870
2025-08-12,648.680000,648.810000,641.970000,645.070000,288855
2025-08-13,645.710000,649.590000,643.000000,647.520000,342331
2025-08-14,648.550000,657.590000,641.070000,642.620000,465711
2025-08-15,641.970000,649.970000,638.230000,649.590000,380551
2025-08-18,651.140000,664.300000,650.360000,659.140000,651037
2025-08-19,659.140000,664.300000,656.430000,657.330000,447872
2025-08-20,657.330000,670.110000,649.970000,668.050000,559341
2025-08-21,670.240000,684.700000,670.110000,674.240000,737964
2025-08-22,665.590000,692.570000,661.590000,690.250000,997709
2025-08-25,700.320000,703.550000,680.960000,689.990000,968996
2025-08-26,689.990000,695.420000,685.470000,688.060000,578842
2025-08-27,713.230000,741.370000,695.800000,696.190000,1612561
2025-08-28,687.800000,709.490000,684.700000,709.360000,1071029
2025-08-29,710.390000,717.750000,696.190000,704.840000,700127
2025-09-01,711.680000,718.010000,698.770000,702.130000,579694
2025-09-02,702.130000,717.100000,685.470000,705.480000,979669
2025-09-03,701.740000,707.160000,674.500000,675.790000,719557
2025-09-04,676.050000,680.440000,638.230000,651.260000,728136
2025-09-05,651.140000,661.590000,639.780000,660.170000,505492
2025-09-08,662.240000,710.260000,662.240000,696.450000,1118175
2025-09-09,687.540000,691.540000,665.210000,665.590000,673739
2025-09-10,666.110000,672.820000,662.880000,663.790000,341810
2025-09-11,667.660000,680.830000,657.980000,680.830000,534696
2025-09-12,681.470000,695.930000,679.410000,680.570000,622687
2025-09-15,680.830000,688.830000,676.180000,682.250000,427842
2025-09-16,682.250000,695.800000,679.150000,690.900000,547890
2025-09-17,690.640000,697.090000,683.540000,692.570000,499097
2025-09-18,692.960000,716.590000,684.830000,694.900000,1009566
2025-09-19,694.900000,712.200000,689.610000,697.740000,744618
2025-09-22,703.550000,710.260000,695.030000,702.900000,626645
2025-09-23,704.320000,704.970000,671.270000,682.890000,779323
2025-09-24,677.730000,738.920000,675.150000,726.780000,1594764
2025-09-25,719.680000,747.570000,718.390000,741.240000,1234587
2025-09-26,736.470000,739.050000,714.910000,715.810000,796259
2025-09-29,716.460000,724.850000,708.200000,712.580000,588304
2025-09-30,724.200000,744.470000,717.100000,739.690000,970799
2025-10-09,744.210000,803.470000,734.660000,786.040000,1573325
2025-10-10,771.320000,778.680000,734.660000,738.660000,1199661
2025-10-13,710.260000,745.500000,709.490000,731.560000,812883
2025-10-14,739.050000,742.410000,698.000000,699.030000,868056
2025-10-15,701.100000,720.330000,694.000000,719.430000,588261
2025-10-16,712.840000,716.330000,705.100000,709.490000,405016
2025-10-17,709.620000,709.620000,677.990000,678.890000,628999
2025-10-20,689.610000,695.160000,675.410000,679.020000,433314
2025-10-21,694.250000,703.680000,685.860000,695.160000,529937
2025-10-22,691.280000,692.060000,682.760000,684.180000,338910
2025-10-23,685.090000,688.700000,670.500000,685.470000,354945
2025-10-24,690.900000,697.090000,688.960000,694.510000,467090
2025-10-27,702.900000,707.160000,694.640000,698.000000,509700
2025-10-28,697.610000,719.430000,693.350000,707.940000,719841
2025-10-29,704.710000,713.100000,700.450000,713.100000,511816
2025-10-30,709.360000,728.080000,705.870000,713.490000,743525
2025-10-31,714.650000,736.850000,714.520000,733.880000,855946
2025-11-03,742.660000,743.950000,722.400000,733.880000,662671
2025-11-04,724.850000,724.850000,709.490000,714.390000,563575
2025-11-05,700.450000,705.360000,688.570000,697.350000,565421
2025-11-06,697.480000,720.980000,692.320000,708.070000,494758
2025-11-07,702.260000,703.810000,693.870000,694.120000,384751
2025-11-10,695.930000,705.740000,695.930000,699.160000,347122
2025-11-11,700.580000,702.260000,677.080000,680.700000,522032
2025-11-12,680.700000,683.280000,663.920000,668.690000,380686
2025-11-13,668.560000,675.280000,666.370000,672.820000,274688
2025-11-14,666.760000,668.560000,661.330000,661.330000,301074
2025-11-17,660.300000,673.210000,659.270000,668.820000,292978
2025-11-18,666.760000,687.410000,662.880000,681.600000,456933
2025-11-19,680.440000,680.830000,668.690000,673.470000,291113
2025-11-20,678.370000,679.670000,662.630000,662.880000,242108
2025-11-21,655.650000,664.170000,644.040000,651.260000,377141
2025-11-24,659.010000,672.440000,646.490000,668.690000,415297
2025-11-25,670.110000,681.990000,667.530000,668.430000,406041
2025-11-26,663.010000,671.150000,660.300000,661.850000,300178
2025-11-27,661.980000,667.920000,652.940000,653.460000,287799
2025-11-28,654.490000,657.460000,651.010000,655.400000,209853
2025-12-01,659.270000,665.470000,654.490000,662.630000,280844
2025-12-02,663.530000,664.170000,654.230000,655.010000,210493
2025-12-03,655.780000,656.560000,642.230000,642.360000,271985
2025-12-04,641.710000,645.970000,636.810000,643.910000,197802
2025-12-05,643.910000,649.460000,638.360000,646.490000,213200
2025-12-08,649.460000,653.980000,647.390000,651.010000,239562
2025-12-09,651.010000,652.680000,642.360000,643.910000,212789
2025-12-10,640.940000,651.010000,637.060000,650.750000,233905
2025-12-11,651.910000,652.300000,646.750000,647.000000,211272
2025-12-12,646.100000,659.270000,644.940000,657.720000,400636
2025-12-15,655.140000,666.500000,651.260000,659.910000,302883
2025-12-16,657.200000,659.790000,645.460000,645.460000,215585
2025-12-17,645.330000,654.110000,642.360000,652.940000,217041
2025-12-18,647.520000,652.940000,644.290000,644.290000,179930
2025-12-19,645.460000,648.170000,644.290000,646.100000,158129
2025-12-22,647.910000,651.780000,645.580000,649.330000,205401
2025-12-23,648.810000,649.330000,643.260000,643.780000,203321
2025-12-24,643.910000,647.390000,641.580000,645.200000,201684
2025-12-25,646.100000,647.390000,640.550000,645.460000,249451
2025-12-26,645.580000,653.200000,643.780000,646.620000,295474
2025-12-29,647.000000,652.560000,641.710000,648.940000,341372
2025-12-30,644.940000,650.750000,644.290000,648.040000,296728
2025-12-31,655.140000,671.790000,655.140000,665.340000,661444
2026-01-05,674.500000,720.200000,674.500000,711.160000,1346857
2026-01-06,714.130000,720.850000,702.640000,711.810000,1120526
2026-01-07,712.070000,716.070000,694.770000,700.580000,828057
2026-01-08,709.740000,719.170000,701.610000,705.610000,779025
2026-01-09,702.260000,737.110000,699.290000,733.880000,1417937
2026-01-12,758.410000,797.140000,755.830000,785.520000,1997931
2026-01-13,803.850000,855.230000,801.010000,802.180000,2235856
2026-01-14,806.950000,848.780000,806.950000,824.770000,2092433
2026-01-15,812.120000,872.020000,810.570000,834.450000,1499372
2026-01-16,810.570000,887.510000,810.310000,838.450000,1572392
2026-01-19,839.480000,855.490000,801.140000,804.240000,1491682
2026-01-20,810.050000,814.310000,765.130000,773.000000,1204430
2026-01-21,765.250000,780.750000,762.930000,766.030000,716923
2026-01-22,772.610000,787.720000,766.290000,770.550000,637770
2026-01-23,777.780000,781.650000,766.290000,774.550000,695058
2026-01-26,786.810000,790.690000,760.990000,767.060000,846008
2026-01-27,770.680000,777.650000,755.310000,766.800000,686265
2026-01-28,771.320000,774.550000,755.310000,756.090000,680168
2026-01-29,771.450000,830.060000,771.450000,803.600000,2066289
2026-01-30,799.460000,806.310000,773.650000,785.520000,1316309
2026-02-02,785.520000,793.910000,750.020000,751.960000,1008381
2026-02-03,764.740000,766.670000,745.250000,766.420000,782131
2026-02-04,757.380000,768.480000,743.570000,751.050000,681237
2026-02-05,740.990000,751.180000,734.660000,735.820000,504148
2026-02-06,729.370000,734.400000,717.360000,723.690000,498327
2026-02-09,735.820000,748.090000,730.660000,744.340000,634470
2026-02-10,745.500000,755.060000,736.730000,750.150000,618445
2026-02-11,745.630000,754.020000,743.950000,745.120000,416034
2026-02-12,751.310000,770.030000,746.280000,762.290000,807094
2026-02-13,750.410000,760.610000,749.510000,753.510000,546818
2026-02-24,770.030000,770.680000,737.240000,754.020000,740942
2026-02-25,748.090000,753.510000,738.530000,740.600000,576425
2026-02-26,740.730000,741.370000,731.300000,735.050000,456540
2026-02-27,732.340000,742.530000,730.010000,736.730000,446260
2026-03-02,723.040000,728.850000,714.520000,717.360000,577189
2026-03-03,720.850000,723.690000,688.570000,689.350000,652140
2026-03-04,680.440000,694.000000,677.340000,683.800000,440069
2026-03-05,698.770000,699.800000,686.250000,689.860000,360595
2026-03-06,689.990000,698.130000,685.730000,694.250000,310993
2026-03-09,684.700000,709.360000,680.960000,706.780000,548255
2026-03-10,714.650000,718.140000,702.770000,709.360000,493230
2026-03-11,709.100000,709.100000,699.930000,701.350000,335305
2026-03-12,699.160000,705.480000,691.540000,696.190000,296750
2026-03-13,694.120000,694.120000,682.380000,684.830000,284747
2026-03-16,684.180000,689.220000,674.500000,689.090000,310124
2026-03-17,689.730000,691.800000,675.920000,676.700000,276231
2026-03-18,677.470000,682.760000,670.110000,681.990000,302331
2026-03-19,670.630000,674.760000,661.720000,666.240000,345586
2026-03-20,671.920000,672.310000,649.460000,649.460000,360422
2026-03-23,637.060000,644.160000,613.830000,615.760000,512679
2026-03-24,624.930000,626.480000,606.600000,620.670000,383756
2026-03-25,624.800000,635.130000,624.160000,630.220000,342096
2026-03-26,630.610000,630.870000,615.510000,617.310000,237969
2026-03-27,608.410000,621.060000,606.990000,619.510000,210807
2026-03-30,609.700000,615.380000,601.690000,615.120000,256953
2026-03-31,615.120000,624.800000,610.730000,612.670000,248723
2026-04-01,626.090000,627.510000,617.060000,622.990000,273996
2026-04-02,619.120000,619.120000,607.110000,608.410000,251339
2026-04-03,610.210000,613.440000,605.050000,606.340000,186961
2026-04-07,606.730000,609.830000,601.950000,604.530000,170670
2026-04-08,616.410000,634.740000,616.410000,634.610000,524068
2026-04-09,626.220000,628.160000,620.280000,625.580000,302453
2026-04-10,629.320000,640.030000,628.930000,631.130000,390025
2026-04-13,625.830000,634.740000,623.640000,632.930000,278605
2026-04-14,642.230000,644.040000,634.100000,640.030000,366268
2026-04-15,646.880000,648.420000,627.900000,629.840000,359790
2026-04-16,633.580000,641.710000,633.190000,637.060000,351350
2026-04-17,633.970000,641.580000,631.130000,638.870000,290997
2026-04-20,638.360000,649.590000,634.480000,647.910000,434960
2026-04-21,655.140000,656.950000,640.940000,645.840000,327476
2026-04-22,643.520000,658.490000,642.360000,655.270000,400497
2026-04-23,658.110000,662.750000,644.550000,647.260000,385158
2026-04-24,642.230000,654.880000,632.550000,649.590000,391981
2026-04-27,649.720000,661.850000,642.740000,659.140000,386208
2026-04-28,656.170000,661.980000,647.390000,650.880000,350863
2026-04-29,631.640000,638.100000,622.990000,636.550000,489239
2026-04-30,635.520000,641.070000,631.770000,633.060000,380182
2026-05-06,640.290000,664.050000,640.160000,654.880000,708104
2026-05-07,658.110000,662.110000,651.390000,661.330000,526309
2026-05-08,668.050000,672.950000,656.690000,660.430000,647413
2026-05-11,661.590000,670.110000,657.460000,665.470000,589705
2026-05-12,665.470000,665.470000,646.230000,646.490000,538098
2026-05-13,643.390000,656.430000,637.320000,653.850000,528798
2026-05-14,658.620000,665.340000,631.640000,631.640000,613286
2026-05-15,631.640000,642.740000,623.380000,624.670000,528079
2026-05-18,622.860000,650.230000,621.060000,644.940000,622709
2026-05-19,644.940000,656.430000,640.290000,650.230000,506931
2026-05-20,647.130000,647.910000,634.220000,635.770000,403295
2026-05-21,639.000000,653.330000,624.800000,625.450000,587397
2026-05-22,630.350000,634.220000,619.900000,627.380000,412529
2026-05-25,631.900000,644.550000,628.160000,644.550000,537204
2026-05-26,640.160000,662.880000,632.290000,651.910000,689376
2026-05-27,651.780000,674.370000,644.810000,664.820000,1084085
2026-05-28,665.080000,665.080000,634.610000,650.360000,873094
2026-05-29,657.200000,667.400000,633.320000,634.480000,726451
2026-06-01,634.480000,659.910000,630.610000,650.490000,703031
2026-06-02,652.680000,654.490000,634.220000,639.130000,537324
2026-06-03,633.450000,643.780000,623.380000,629.450000,580984
2026-06-04,622.350000,622.610000,607.760000,607.890000,605944
2026-06-05,607.760000,615.510000,597.170000,610.340000,482055
2026-06-08,597.050000,602.080000,583.620000,585.690000,437577
2026-06-09,588.140000,595.750000,583.620000,590.720000,326756
2026-06-10,588.010000,589.300000,559.740000,562.060000,542781
2026-06-11,557.030000,557.030000,539.340000,542.700000,510361
2026-06-12,547.990000,550.310000,535.600000,537.530000,723219
2026-06-15,545.540000,555.350000,545.540000,551.600000,493222
2026-06-16,551.220000,552.770000,543.600000,549.020000,363576
2026-06-17,548.890000,557.670000,539.990000,553.020000,431083
2026-06-18,549.670000,578.970000,544.760000,566.190000,663727
2026-06-22,560.770000,591.620000,558.450000,582.590000,684381
2026-06-23,577.170000,583.620000,558.960000,561.540000,537041
2026-06-24,561.540000,569.680000,552.770000,566.060000,420328
2026-06-25,565.420000,567.480000,550.570000,554.190000,448976
2026-06-26,549.020000,550.960000,520.750000,521.140000,629958
2026-06-29,521.530000,533.920000,520.490000,525.530000,371931
2026-06-30,532.630000,551.860000,531.720000,543.340000,508110
2026-07-01,541.540000,555.220000,538.440000,545.800000,447366
2026-07-02,550.440000,558.320000,541.020000,546.440000,543636
2026-07-03,539.340000,558.320000,539.340000,551.990000,538276
2026-07-06,550.440000,551.600000,539.210000,540.890000,344441
2026-07-07,535.730000,545.410000,530.820000,531.850000,287063
2026-07-08,536.240000,549.410000,531.980000,544.630000,442735
2026-07-09,542.440000,564.510000,538.950000,563.090000,656953
2026-07-10,558.190000,588.010000,551.860000,573.680000,797596
2026-07-13,574.200000,577.040000,554.830000,558.320000,482987
2026-07-14,558.960000,565.680000,536.630000,549.020000,448445
2026-07-15,547.340000,557.540000,539.730000,551.220000,387441
2026-07-16,547.860000,565.420000,545.150000,559.480000,452753
2026-07-17,554.830000,563.480000,534.180000,548.250000,532505
2026-07-20,541.540000,549.670000,538.050000,546.310000,397920
2026-07-21,541.540000,555.740000,540.120000,555.740000,461343
2026-07-22,551.350000,552.380000,542.570000,544.500000,418150
2026-07-23,542.440000,543.730000,534.180000,540.120000,329695
2026-07-24,533.790000,534.310000,519.330000,519.330000,390478
2026-07-27,519.330000,530.430000,515.070000,530.300000,273912
2026-07-28,523.590000,539.600000,523.460000,531.340000,300402
2026-07-29,530.180000,537.400000,524.750000,534.690000,305619
2026-07-30,531.210000,542.310000,529.920000,532.110000,323339
2026-07-31,539.860000,575.360000,537.660000,562.450000,955537
2026-08-03,563.480000,582.590000,563.350000,570.060000,767612
2026-08-04,570.060000,582.330000,568.640000,578.840000,618883
2026-08-05,578.970000,602.600000,575.230000,587.620000,781698
2026-08-06,581.430000,594.720000,577.810000,581.300000,593361
2026-08-07,578.070000,583.620000,565.420000,579.360000,522621
2026-08-10,579.360000,585.300000,570.060000,578.840000,360917
2026-08-11,579.620000,580.910000,571.230000,577.040000,182673
