date,open,high,low,close,volume
2018-01-02,14.268257,14.429785,14.241336,14.322100,19306315
2018-01-03,14.322100,14.375942,14.025966,14.349021,32959116
2018-01-04,14.295178,14.564391,14.187493,14.402863,29023090
2018-01-05,14.429785,14.564391,14.214415,14.214415,26753311
2018-01-08,14.268257,14.268257,13.649069,13.837517,36459788
2018-01-09,13.783675,13.999045,13.729832,13.864439,22926743
2018-01-10,13.810596,13.972124,13.622147,13.918281,24868203
2018-01-11,13.864439,13.945202,13.675990,13.837517,15426800
2018-01-12,13.864439,13.918281,13.675990,13.675990,13383989
2018-01-15,13.622147,13.649069,13.164486,13.191408,28221421
2018-01-16,13.110644,13.326014,12.652983,12.787589,32442830
2018-01-17,12.760668,12.976038,12.329928,12.787589,26400698
2018-01-18,12.787589,12.976038,12.706825,12.787589,15696992
2018-01-19,12.787589,12.922195,12.518377,12.733747,23910048
2018-01-22,12.679904,13.110644,12.599140,13.083723,22744258
2018-01-23,12.976038,13.137565,12.895274,13.002959,12304567
2018-01-24,13.056801,13.056801,12.787589,13.002959,18138916
2018-01-25,12.976038,13.137565,12.868353,12.922195,17219729
2018-01-26,12.814510,12.976038,12.787589,12.841431,13985544
2018-01-29,12.841431,12.895274,12.437613,12.518377,19807616
2018-01-30,12.491455,12.572219,12.464534,12.545298,7617972
2018-01-31,12.545298,12.545298,11.818424,11.872267,25902303
2018-02-01,11.872267,12.006873,11.333842,11.495369,44664504
2018-02-02,11.387685,11.683818,11.253078,11.603054,13369031
2018-02-05,11.387685,11.603054,11.333842,11.468448,11003989
2018-02-06,11.280000,11.414606,10.956945,10.983866,20908863
2018-02-07,11.199236,11.280000,10.553126,11.064630,27032000
2018-02-08,11.037708,11.360763,10.930023,11.253078,14120310
2018-02-09,10.930023,11.576133,10.876181,11.306921,25676002
2018-02-12,11.333842,12.060716,11.306921,12.006873,27179795
2018-02-13,11.979952,12.006873,11.549212,11.764582,19236396
2018-02-14,11.683818,11.818424,11.468448,11.522291,10227934
2018-02-22,11.629976,11.899188,11.576133,11.791503,12694660
2018-02-23,11.737661,11.926109,11.629976,11.791503,12581271
2018-02-26,11.818424,12.410692,11.764582,12.329928,26994060
2018-02-27,12.303007,12.518377,12.249164,12.329928,18246886
2018-02-28,12.249164,12.626062,12.114558,12.410692,16140496
2018-03-01,12.356849,12.706825,12.276085,12.626062,13478640
2018-03-02,12.518377,12.895274,12.518377,12.572219,21305427
2018-03-05,12.518377,12.679904,12.356849,12.545298,14513053
2018-03-06,12.572219,12.841431,12.572219,12.787589,16551846
2018-03-07,12.868353,12.868353,12.545298,12.599140,13780727
2018-03-08,12.545298,12.626062,12.464534,12.572219,8943919
2018-03-09,12.652983,13.218329,12.652983,13.056801,26131384
2018-03-12,13.056801,13.514462,13.056801,13.083723,22967379
2018-03-13,13.110644,13.218329,12.976038,13.110644,12678149
2018-03-14,12.976038,13.137565,12.599140,12.679904,18284220
2018-03-15,12.652983,12.706825,12.329928,12.518377,19695693
2018-03-16,12.518377,12.679904,12.383770,12.437613,11010500
2018-03-19,12.437613,12.679904,12.249164,12.383770,17834496
2018-03-20,12.276085,12.545298,12.276085,12.545298,10802767
2018-03-21,12.626062,12.679904,12.356849,12.410692,12471594
2018-03-22,12.303007,12.383770,11.629976,11.683818,36838786
2018-03-23,11.226157,11.414606,10.903102,10.983866,29991667
2018-03-26,10.903102,11.226157,10.714654,11.199236,18416857
2018-03-27,11.414606,11.603054,11.306921,11.468448,19181345
2018-03-28,11.306921,11.495369,11.253078,11.360763,10819784
2018-03-29,11.414606,11.549212,11.387685,11.495369,9658015
2018-03-30,11.549212,11.791503,11.522291,11.737661,13691419
2018-04-02,11.791503,12.033794,11.656897,11.899188,16962553
2018-04-03,11.710739,11.737661,11.522291,11.656897,14183560
2018-04-04,11.656897,11.737661,11.387685,11.387685,10508343
2018-04-09,11.360763,11.441527,11.064630,11.172315,14766870
2018-04-10,11.226157,11.280000,10.956945,11.199236,19635415
2018-04-11,11.226157,11.387685,11.172315,11.280000,13567487
2018-04-12,11.280000,11.414606,11.145393,11.333842,13180208
2018-04-13,11.360763,11.414606,11.253078,11.306921,8472562
2018-04-16,11.253078,11.387685,11.037708,11.118472,12440235
2018-04-17,11.199236,11.280000,11.118472,11.199236,13467391
2018-04-18,11.360763,12.329928,11.199236,11.845346,39166733
2018-04-19,11.845346,11.845346,11.468448,11.576133,29730268
2018-04-20,11.468448,11.737661,11.387685,11.629976,21512395
2018-04-23,11.549212,11.710739,11.360763,11.522291,19629450
2018-04-24,11.603054,12.006873,11.468448,11.926109,28843616
2018-04-25,11.791503,12.060716,11.791503,12.006873,20721840
2018-04-26,12.033794,12.249164,11.872267,11.926109,22807794
2018-04-27,11.926109,12.087637,11.710739,11.764582,18068690
2018-05-02,11.845346,11.872267,11.414606,11.818424,19003480
2018-05-03,11.710739,12.033794,11.495369,11.979952,19052433
2018-05-04,11.926109,11.979952,11.737661,11.737661,13138856
2018-05-07,11.737661,11.953031,11.710739,11.953031,14206211
2018-05-08,11.979952,12.249164,11.899188,12.249164,20186259
2018-05-09,12.168400,12.303007,12.060716,12.114558,12000796
2018-05-10,12.141779,12.169003,11.869542,11.978437,11785154
2018-05-11,12.032884,12.087332,11.869542,11.896766,9051661
2018-05-14,11.951213,12.087332,11.896766,11.978437,12056642
2018-05-15,12.032884,12.196227,11.787871,12.169003,12968289
2018-05-16,12.250674,12.332345,12.114555,12.196227,18387350
2018-05-17,12.250674,12.305121,12.060108,12.169003,9654169
2018-05-18,12.169003,12.169003,11.951213,12.114555,8604200
2018-05-21,12.169003,12.414016,12.141779,12.305121,12538497
2018-05-22,12.305121,12.386793,12.114555,12.196227,10222833
2018-05-23,12.169003,12.250674,11.978437,12.114555,10466811
2018-05-24,12.060108,12.114555,11.842318,11.896766,12922474
2018-05-25,11.869542,11.923989,11.706200,11.787871,6298581
2018-05-28,11.787871,11.869542,11.651752,11.678976,7362274
2018-05-29,11.651752,11.760647,11.542857,11.597305,8875320
2018-05-30,11.433962,11.542857,11.080054,11.107278,11826946
2018-05-31,11.161725,11.379515,11.161725,11.243396,8593735
2018-06-01,11.216173,11.325068,11.052830,11.134501,8122459
2018-06-04,11.216173,11.325068,11.107278,11.243396,8409966
2018-06-05,11.216173,11.433962,11.188949,11.433962,6371694
2018-06-06,11.406739,11.433962,11.297844,11.379515,4533726
2018-06-07,11.406739,11.461186,11.243396,11.325068,5412469
2018-06-08,11.270620,11.406739,11.134501,11.243396,7385811
2018-06-11,11.161725,11.488410,11.107278,11.461186,16495166
2018-06-12,11.379515,11.488410,11.297844,11.433962,10206476
2018-06-13,11.352291,11.515634,11.270620,11.297844,8211601
2018-06-14,11.243396,11.325068,11.080054,11.325068,9831348
2018-06-15,11.270620,11.352291,11.134501,11.188949,7861042
2018-06-19,11.107278,11.107278,10.100000,10.208895,19508315
2018-06-20,10.127224,10.562803,10.127224,10.453908,8255247
2018-06-21,10.426685,10.562803,9.991105,10.045553,11731845
2018-06-22,10.018329,10.263342,9.909434,10.181671,6438207
2018-06-25,10.317790,10.345014,10.018329,10.072776,7935700
2018-06-26,9.963882,10.072776,9.147170,9.936658,8837625
2018-06-27,9.991105,10.045553,9.800539,9.882210,8145773
2018-06-28,9.882210,9.991105,9.800539,9.800539,7297159
2018-06-29,9.827763,10.208895,9.827763,10.181671,8671040
2018-07-02,10.181671,10.508356,10.072776,10.154448,7899337
2018-07-03,10.154448,10.426685,10.154448,10.399461,8175515
2018-07-04,10.453908,10.481132,10.263342,10.345014,7976351
2018-07-05,10.345014,10.535580,10.263342,10.263342,8170619
2018-07-06,10.290566,10.535580,10.100000,10.399461,10311805
2018-07-09,10.399461,10.644475,10.372237,10.617251,7547741
2018-07-10,11.161725,11.488410,11.080054,11.352291,33484400
2018-07-11,11.134501,11.270620,10.862264,11.052830,15963705
2018-07-12,11.025607,11.379515,10.889488,11.325068,16054155
2018-07-13,11.379515,11.461186,11.161725,11.406739,13013905
2018-07-16,11.488410,11.978437,11.433962,11.815094,20144080
2018-07-17,11.678976,12.250674,11.678976,11.978437,26811514
2018-07-18,12.277898,12.958491,12.005661,12.005661,34734732
2018-07-19,12.196227,12.468464,12.032884,12.277898,24209526
2018-07-20,12.196227,12.359569,11.842318,12.141779,27876137
2018-07-23,12.141779,12.441240,12.141779,12.277898,18185097
2018-07-24,12.196227,12.305121,12.060108,12.141779,18992821
2018-07-25,12.114555,12.522911,12.087332,12.495687,23308895
2018-07-26,12.550135,12.713477,12.196227,12.250674,26632370
2018-07-27,12.223450,12.849596,12.141779,12.713477,33195521
2018-07-30,12.713477,12.849596,12.414016,12.468464,22275940
2018-07-31,12.332345,12.468464,11.951213,12.250674,22804135
2018-08-01,12.250674,12.795148,12.250674,12.495687,33867490
2018-08-02,12.495687,12.604582,11.597305,12.414016,34049230
2018-08-03,12.277898,12.386793,11.787871,11.869542,25791608
2018-08-06,11.733423,12.305121,11.651752,11.869542,21558237
2018-08-07,11.896766,12.169003,11.869542,12.169003,12560584
2018-08-08,12.250674,12.414016,12.114555,12.169003,14130243
2018-08-09,12.114555,13.012938,12.060108,12.958491,33068901
2018-08-10,13.012938,13.230728,12.822372,13.094609,24023870
2018-08-13,13.257952,13.747979,13.121833,13.502965,42393158
2018-08-14,13.611860,13.666307,13.285175,13.339623,26899746
2018-08-15,13.475741,13.639084,13.149057,13.285175,24819365
2018-08-16,13.176280,13.693531,13.094609,13.285175,25989875
2018-08-17,13.339623,14.020216,13.339623,13.475741,37154059
2018-08-20,13.257952,14.265229,13.230728,14.238006,45625717
2018-08-21,14.210782,14.483019,14.020216,14.210782,28034265
2018-08-22,14.265229,14.265229,13.557413,13.829650,27961952
2018-08-23,13.829650,14.619138,13.693531,14.510243,48014127
2018-08-24,15.272507,15.953100,15.245283,15.953100,62800406
2018-08-27,16.715364,17.559299,16.143666,17.559299,119019402
2018-08-28,18.022103,18.022103,17.205391,17.395957,122487477
2018-08-29,17.586523,17.613747,17.069272,17.259838,65864784
2018-08-30,17.423181,17.940431,17.287062,17.613747,80995363
2018-08-31,17.341510,17.913208,16.606469,17.205391,63960124
2018-09-03,17.477628,18.920485,16.742588,18.920485,104907250
2018-09-04,18.784367,19.437736,17.885984,18.158221,126827110
2018-09-05,17.913208,18.348787,17.831537,17.913208,67201058
2018-09-06,17.749865,18.212669,17.368733,17.804313,51143696
2018-09-07,17.913208,18.348787,17.014825,17.232615,78304240
2018-09-10,17.123720,17.613747,16.797035,17.014825,62243457
2018-09-11,17.232615,18.103774,17.042049,17.504852,65739420
2018-09-12,17.559299,17.994879,17.205391,17.532076,49690156
2018-09-13,17.804313,18.076550,16.878706,17.831537,64236581
2018-09-14,17.777089,17.940431,16.824259,16.851483,52737051
2018-09-17,16.742588,17.096496,16.606469,16.633693,31023097
2018-09-18,16.552022,17.831537,16.552022,17.668194,59953246
2018-09-19,17.586523,19.410512,17.423181,18.539353,71037570
2018-09-20,18.539353,18.702696,18.212669,18.376011,37698726
2018-09-21,18.457682,18.648248,18.022103,18.539353,33889178
2018-09-25,18.212669,18.920485,18.103774,18.648248,28751086
2018-09-26,18.866038,19.328841,18.294340,18.566577,39234938
2018-09-27,18.648248,18.648248,17.940431,17.994879,41642204
2018-09-28,17.994879,18.158221,16.851483,17.559299,72530501
2018-10-08,16.878706,17.423181,16.660917,16.851483,40592315
2018-10-09,17.014825,17.178167,16.089219,16.552022,46170301
2018-10-10,16.524798,16.851483,15.925876,16.497574,39561316
2018-10-11,15.789758,16.470351,15.218059,15.517520,49508309
2018-10-12,15.653639,16.933154,15.408626,16.688140,57726096
2018-10-15,16.688140,17.559299,16.579245,16.960378,52713316
2018-10-16,16.933154,17.395957,16.361456,16.715364,32718612
2018-10-17,17.014825,18.076550,16.878706,17.668194,68287537
2018-10-18,17.450405,18.049326,16.960378,17.259838,45210035
2018-10-19,16.579245,18.484906,15.898652,18.321564,69690182
2018-10-22,19.464960,20.145553,19.328841,20.145553,47286728
2018-10-23,21.642857,21.778976,19.927763,20.145553,120846717
2018-10-24,19.954987,20.690027,19.437736,19.818868,63454953
2018-10-25,19.356065,21.234502,18.920485,20.907817,70715617
2018-10-26,20.717251,21.180054,19.954987,20.363343,51493554
2018-10-29,20.363343,20.635580,19.655526,20.363343,33288591
2018-10-30,20.281671,20.526685,18.974933,19.709973,56107104
2018-10-31,19.464960,20.091105,19.111051,19.900539,44389195
2018-11-01,19.873316,21.071159,19.873316,20.036658,56435320
2018-11-02,20.608356,21.071159,20.254448,20.880593,57876143
2018-11-05,20.853370,21.724529,19.709973,21.016712,64766822
2018-11-06,20.690027,22.867925,20.526685,22.051213,85182170
2018-11-07,21.778976,22.514016,21.533963,21.724529,60595213
2018-11-08,21.915095,22.023989,20.880593,21.071159,43850651
2018-11-09,20.853370,21.915095,20.771698,21.452291,41482082
2018-11-12,21.506739,21.915095,21.016712,21.751752,40875995
2018-11-13,21.370620,22.405122,21.288949,21.397844,59305462
2018-11-14,20.962264,21.316173,20.771698,20.962264,39471787
2018-11-15,20.962264,21.588410,20.499461,21.370620,53351038
2018-11-16,21.152830,22.187332,20.989488,22.051213,59070358
2018-11-19,21.833423,22.051213,21.016712,21.343396,48291550
2018-11-20,20.853370,21.152830,19.846092,19.954987,50277337
2018-11-21,19.655526,20.472237,19.492184,20.254448,34432681
2018-11-22,20.227224,20.336119,19.383289,19.383289,43854982
2018-11-23,19.383289,19.709973,19.083828,19.601078,36535867
2018-11-26,19.546631,19.954987,19.247170,19.764421,32455642
2018-11-27,19.873316,21.016712,19.628302,20.907817,62641318
2018-11-28,20.907817,20.907817,20.091105,20.553909,38812598
2018-11-29,20.635580,21.125607,19.410512,19.573855,49836257
2018-11-30,19.383289,20.063882,19.328841,19.954987,35269727
2018-12-03,21.125607,21.561186,20.581132,21.397844,69709204
2018-12-04,21.234502,21.533963,20.853370,21.152830,41923995
2018-12-05,20.717251,21.506739,20.608356,20.853370,43138769
2018-12-06,19.873316,19.873316,18.757143,18.757143,116871738
2018-12-07,18.920485,19.464960,18.920485,19.192723,55147514
2018-12-10,18.920485,19.846092,18.811591,19.464960,50435006
2018-12-11,19.846092,20.254448,19.464960,19.818868,35595744
2018-12-12,20.227224,20.281671,19.737197,19.764421,28186193
2018-12-13,19.900539,20.281671,19.764421,19.954987,35636605
2018-12-14,19.846092,19.873316,18.784367,19.056604,54112392
2018-12-17,18.784367,19.138275,18.267116,18.648248,33733217
2018-12-18,18.457682,18.757143,17.668194,18.049326,51617362
2018-12-19,18.185445,18.457682,18.049326,18.076550,32122378
2018-12-20,18.049326,18.321564,17.804313,18.267116,29540450
2018-12-21,18.158221,18.457682,17.967655,18.294340,32266038
2018-12-24,18.212669,19.737197,18.130998,19.601078,71587284
2018-12-25,19.274394,20.227224,18.947709,19.791644,68720726
2018-12-26,19.682750,19.982210,19.328841,19.709973,42601972
2018-12-27,19.982210,19.982210,19.247170,19.356065,39096428
2018-12-28,19.356065,19.737197,18.947709,19.519407,36207814
2019-01-02,19.601078,19.873316,19.410512,19.573855,32321363
2019-01-03,19.356065,19.682750,18.512130,18.512130,49015198
2019-01-04,18.239892,20.363343,18.185445,20.227224,74567796
2019-01-07,20.172777,21.724529,20.172777,21.152830,87043669
2019-01-08,21.261725,21.996766,20.907817,21.343396,68016509
2019-01-09,21.343396,21.860647,20.907817,21.152830,62600821
2019-01-10,21.152830,21.588410,20.608356,20.989488,55162346
2019-01-11,21.152830,21.860647,20.880593,21.098383,55912388
2019-01-14,20.935041,21.452291,20.553909,21.343396,46403140
2019-01-15,21.125607,21.479515,20.662803,21.316173,49760157
2019-01-16,21.261725,23.112938,21.043936,22.432345,103222937
2019-01-17,22.214556,22.786254,21.860647,22.051213,56329137
2019-01-18,21.778976,22.296227,21.479515,22.132884,54138768
2019-01-21,22.051213,22.840701,21.915095,22.595688,62430058
2019-01-22,22.377898,22.459569,21.778976,21.969542,45495743
2019-01-23,21.670081,22.078437,21.452291,21.670081,31732911
2019-01-24,21.642857,22.459569,21.370620,22.160108,42657557
2019-01-25,22.105661,22.650135,21.833423,21.887871,38724958
2019-01-28,21.969542,23.276281,21.751752,22.731806,63430129
2019-01-29,22.622911,23.085715,22.078437,22.486793,50959252
2019-01-30,22.514016,22.514016,21.778976,21.806200,35474002
2019-01-31,21.806200,22.622911,21.778976,22.105661,37166985
2019-02-01,22.023989,23.385175,22.023989,23.330728,52204192
2019-02-11,23.521294,24.719138,23.357952,24.637467,62771232
2019-02-12,24.528572,24.800809,24.092992,24.474124,53257808
2019-02-13,24.501348,25.290836,24.283558,24.555795,65189902
2019-02-14,24.501348,25.154717,24.011321,24.828033,48328947
2019-02-15,24.664690,25.100270,24.201887,24.310782,45735654
2019-02-18,24.446901,26.733693,24.419677,26.733693,86607889
2019-02-19,27.359839,28.176550,26.951483,27.495957,98958063
2019-02-20,27.223720,28.993262,27.142049,28.748248,77059979
2019-02-21,28.721025,30.436119,27.523181,27.931537,114846299
2019-02-22,28.122103,29.592184,27.822642,29.074933,99483300
2019-02-25,30.109434,31.987871,29.183828,31.987871,127781199
2019-02-26,32.015095,32.123990,30.191105,30.218329,126523296
2019-02-27,30.054987,31.143936,28.802696,29.401618,92806506
2019-02-28,29.074933,29.809973,28.612130,29.564960,59475121
2019-03-01,29.809973,30.027763,28.666577,29.673855,57044631
2019-03-04,29.864421,31.525068,29.428841,30.027763,113256398
2019-03-05,29.619407,30.953370,29.265499,30.898922,81776636
2019-03-06,30.790027,31.198383,29.973316,30.490566,83783932
2019-03-07,30.054987,30.082211,28.639353,29.238275,104507545
2019-03-08,28.230998,31.116712,27.822642,29.483289,114470611
2019-03-11,29.755526,32.369003,29.319946,32.369003,128981201
2019-03-12,32.396227,32.940701,30.953370,31.878976,108866773
2019-03-13,31.307278,31.525068,29.864421,30.163882,77283594
2019-03-14,29.946092,31.715634,29.265499,30.735580,85292678
2019-03-15,31.035041,31.252831,29.946092,30.218329,50753810
2019-03-18,30.218329,30.436119,28.857143,30.300000,68817506
2019-03-19,30.191105,31.171159,29.809973,30.463343,56222060
2019-03-20,30.245553,30.681132,29.347170,30.272777,39332597
2019-03-21,30.381672,30.953370,30.000539,30.082211,53264600
2019-03-22,30.027763,30.191105,29.129380,29.619407,50819578
2019-03-25,28.829919,29.864421,28.612130,29.619407,36990390
2019-03-26,30.109434,30.708356,28.775472,28.829919,63118918
2019-03-27,29.265499,31.525068,28.911591,30.980593,101429952
2019-03-28,30.572238,31.987871,30.082211,30.245553,82084717
2019-03-29,30.490566,31.443397,29.537736,31.388949,84839093
2019-04-01,32.260108,34.519677,31.579515,34.519677,128499070
2019-04-02,34.601348,35.336389,33.485176,33.702965,101576944
2019-04-03,33.349057,34.519677,32.886254,34.356335,65521530
2019-04-04,34.247440,35.036928,33.702965,34.111321,55910069
2019-04-08,34.220216,34.710243,32.396227,32.886254,69465073
2019-04-09,32.804583,34.165769,32.423451,33.294610,48937909
2019-04-10,32.967925,33.675742,32.396227,33.076820,46559968
2019-04-11,32.804583,33.076820,31.579515,31.742858,47681551
2019-04-12,31.661186,32.260108,31.470620,31.742858,30185768
2019-04-15,32.559569,33.403504,31.824529,31.987871,55183515
2019-04-16,31.715634,34.764690,31.443397,34.546901,93329485
2019-04-17,34.655796,34.928033,33.702965,33.839084,67518420
2019-04-18,33.648518,34.900809,33.349057,33.920755,57464071
2019-04-19,33.947979,34.301887,33.022372,34.084097,45974769
2019-04-22,34.165769,36.316442,33.866308,34.955256,80354309
2019-04-23,34.574124,34.819138,33.457952,33.675742,57833370
2019-04-24,33.920755,34.438006,33.131267,34.165769,47073849
2019-04-25,34.002426,34.029650,32.151213,32.396227,51845978
2019-04-26,32.151213,33.158491,31.906200,32.260108,39738579
2019-04-29,32.205661,32.831806,31.443397,31.824529,41844433
2019-04-30,31.525068,32.314556,30.272777,31.007817,50947271
2019-05-06,29.129380,29.701079,27.904313,27.904313,51131376
2019-05-07,27.550405,27.985984,26.407008,27.414286,61793213
2019-05-08,26.325337,27.904313,26.025876,27.005930,46822452
2019-05-09,26.706469,27.468733,26.461456,26.924259,28450893
2019-05-10,27.523181,29.564960,26.951483,29.047709,75488641
2019-05-13,28.580531,29.020232,27.673649,28.085868,45470678
2019-05-14,27.756093,28.717938,27.756093,28.305718,40943602
2019-05-15,28.608012,29.542376,28.608012,29.295044,45841543
2019-05-16,29.130157,29.130157,27.838537,28.278237,69875782
2019-05-17,28.058387,28.772900,26.931654,27.178986,58616329
2019-05-20,27.151505,27.343874,24.458339,24.650708,121465796
2019-05-21,24.733152,25.777441,24.211008,25.227815,87683732
2019-05-22,25.502628,26.354548,25.282778,25.585072,70906557
2019-05-23,25.200334,25.804922,24.458339,25.007965,56831486
2019-05-24,25.062927,25.694997,24.870558,25.117890,39149998
2019-05-27,25.200334,26.244622,25.007965,26.107216,56354231
2019-05-28,25.969810,26.244622,25.585072,25.694997,47442640
2019-05-29,25.530109,26.024772,25.447665,25.722478,39808614
2019-05-30,25.475147,25.502628,24.595746,25.007965,48018650
2019-05-31,25.035446,25.804922,25.007965,25.282778,40357017
2019-06-03,25.447665,27.811055,25.447665,27.343874,124496767
2019-06-04,27.920980,29.350007,27.151505,28.498087,135744583
2019-06-05,29.350007,29.542376,28.058387,28.855344,94245474
2019-06-06,28.635494,28.745419,26.959136,27.151505,78485452
2019-06-10,27.178986,29.240082,27.178986,28.882825,86393602
2019-06-11,28.855344,29.514895,28.030906,29.267563,95412813
2019-06-12,28.855344,29.789708,28.717938,28.855344,77793894
2019-06-13,28.855344,29.624820,28.168312,28.772900,51223580
2019-06-14,28.717938,28.937788,27.783574,27.893499,40595783
2019-06-17,27.893499,28.168312,27.563724,28.003424,28733382
2019-06-18,27.948462,28.223275,27.316392,27.811055,29669309
2019-06-19,29.377488,29.679782,28.635494,28.662975,83358093
2019-06-20,28.662975,29.707264,28.498087,29.240082,55557657
2019-06-21,29.542376,30.916440,29.542376,30.614146,73595947
2019-06-24,30.504221,30.504221,29.707264,29.899633,49295147
2019-06-25,29.817189,29.872151,29.075194,29.652301,38543829
2019-06-26,29.267563,31.438584,29.267563,30.916440,70848355
2019-06-27,34.021825,34.021825,34.021825,34.021825,13318484
2019-06-28,37.429503,37.429503,37.072247,37.429503,118778255
2019-07-01,39.820375,41.166957,38.940974,41.166957,302893424
2019-07-02,40.205113,40.232594,37.539428,37.896685,232388211
2019-07-03,38.556236,39.435637,37.786760,38.721124,154054796
2019-07-04,37.896685,38.391348,36.357733,37.402022,136542588
2019-07-05,37.429503,38.034092,36.714990,37.649354,92358251
2019-07-08,37.786760,38.336386,36.687509,38.336386,104557724
2019-07-09,38.089054,38.940974,37.292097,38.116535,91296634
2019-07-10,38.473792,38.748605,36.962322,37.017284,76822381
2019-07-11,37.099728,40.260075,36.577584,39.160824,126047796
2019-07-12,38.748605,39.270749,37.841723,38.116535,66747128
2019-07-15,37.951648,40.205113,37.374541,39.243268,86496400
2019-07-16,38.995936,42.595984,38.913492,41.936433,123665051
2019-07-17,41.496733,42.513540,40.809701,41.276883,91344994
2019-07-18,40.919626,41.111995,39.573043,39.600524,75048101
2019-07-19,39.820375,40.479925,39.325712,39.545562,50091635
2019-07-22,39.655487,40.067706,38.144017,39.215787,51085311
2019-07-23,39.490599,40.947107,39.078380,40.837182,67337354
2019-07-24,40.892145,42.513540,40.534888,41.689102,88474080
2019-07-25,41.716583,45.591444,41.276883,44.079973,122781176
2019-07-26,43.557829,44.629599,43.337979,43.942567,67512524
2019-07-29,44.189898,46.553288,44.189898,45.838775,87749155
2019-07-30,45.536481,46.003663,43.997529,44.409748,90211263
2019-07-31,44.519674,45.344112,44.079973,45.014337,65690619
2019-08-01,44.519674,44.876930,43.997529,44.767005,45498160
2019-08-02,43.337979,44.629599,42.073840,44.134936,69402603
2019-08-05,43.942567,46.250994,43.667754,44.437230,79993815
2019-08-06,42.898278,48.367053,42.898278,47.377727,125795685
2019-08-07,47.405208,48.586903,46.525807,47.377727,85845791
2019-08-08,46.938026,51.857175,46.800620,51.142662,104833659
2019-08-09,50.977774,54.083159,48.284609,50.840368,127833853
2019-08-12,50.675480,55.622111,50.015930,55.237373,110296137
2019-08-13,54.165603,55.209892,52.214432,53.670940,119823617
2019-08-14,54.687747,55.512186,50.565555,50.950293,153344775
2019-08-15,48.504459,52.626651,46.965508,51.362512,132988429
2019-08-16,50.043411,51.499919,49.988448,50.180817,88604202
2019-08-19,50.812887,53.835828,50.015930,52.214432,134505743
2019-08-20,51.939619,54.935079,51.939619,53.231239,124029974
2019-08-21,52.764058,55.457223,51.994582,54.742710,117135549
2019-08-22,54.770191,55.484704,52.791539,53.341164,91858441
2019-08-23,52.873983,54.632785,51.252587,53.286202,91831560
2019-08-26,51.829694,54.193084,51.829694,52.983908,69274623
2019-08-27,53.451090,55.457223,52.983908,54.385453,103175190
2019-08-28,54.248047,54.852635,53.341164,53.506052,61046491
2019-08-29,56.199218,58.864902,55.127448,58.864902,139720144
2019-08-30,61.970286,63.399313,59.277121,59.332084,164696902
2019-09-02,59.826747,65.268040,59.826747,64.443602,141751289
2019-09-03,64.800858,70.901702,64.718414,70.901702,149216534
2019-09-04,72.055916,73.072724,69.197863,72.578060,139102695
2019-09-05,71.451328,78.541498,71.094071,74.996413,142121921
2019-09-06,75.463595,77.497210,71.726141,73.869681,129861155
2019-09-09,74.639156,76.013220,72.000954,75.710926,122499904
2019-09-10,75.655964,75.655964,70.544446,71.149034,150708717
2019-09-11,71.726141,75.573520,70.242152,74.529231,164095489
2019-09-12,73.704793,74.336862,70.214670,71.726141,117648814
2019-09-16,71.451328,72.797911,68.730681,71.781103,91012589
2019-09-17,70.819259,74.062050,70.489483,73.375018,120549399
2019-09-18,73.375018,74.886488,70.626890,72.880355,98657952
2019-09-19,72.165841,74.749082,72.000954,74.117012,93235665
2019-09-20,74.886488,80.987332,73.924643,78.926236,163887943
2019-09-23,77.167434,80.932370,76.315515,80.107931,128762800
2019-09-24,79.558306,81.344589,77.854466,78.239204,103651790
2019-09-25,77.002547,77.909429,71.423847,74.144493,107777259
2019-09-26,73.649830,74.666638,68.758163,68.978013,109770329
2019-09-27,69.115419,71.286440,69.115419,69.967339,72636746
2019-09-30,70.352077,70.736815,65.625297,67.329136,77836910
2019-10-08,68.593275,69.884895,65.625297,66.229885,76738387
2019-10-09,65.955072,67.494024,64.773377,67.219211,70469923
2019-10-10,66.971879,69.802451,66.559660,69.665045,90104004
2019-10-11,71.726141,72.742948,69.747489,70.929184,100007690
2019-10-14,71.726141,74.886488,70.764296,74.556713,96959670
2019-10-15,73.127686,74.144493,71.203996,71.258959,75635568
2019-10-16,70.626890,72.275766,69.555120,70.159708,51582212
2019-10-17,70.736815,70.901702,68.263500,69.829932,54109949
2019-10-18,70.214670,70.379558,67.054323,67.329136,54803191
2019-10-21,67.219211,67.329136,64.306195,65.570334,61903672
2019-10-22,66.367291,67.768836,65.762703,67.411580,55496459
2019-10-23,67.439061,68.923050,66.229885,67.191730,59653641
2019-10-24,67.054323,67.521505,65.432928,66.147441,41575702
2019-10-25,66.229885,67.823799,65.103152,67.796318,58257798
2019-10-28,67.603949,70.874221,67.274173,70.819259,85189905
2019-10-29,70.626890,70.626890,64.581008,66.010035,111462839
2019-10-30,64.608489,65.020708,62.437468,62.959612,86328735
2019-10-31,62.739762,63.619163,59.222158,59.606896,106322899
2019-11-01,59.139715,60.458816,58.947346,60.046597,61789439
2019-11-04,60.293928,61.887843,60.293928,61.063404,68983051
2019-11-05,61.063404,61.667992,59.661859,61.338217,67737852
2019-11-06,61.558067,62.574875,59.716821,60.458816,63702109
2019-11-07,59.854228,61.310736,59.112233,61.310736,50273544
2019-11-08,61.832880,62.162655,60.184003,60.238966,63785766
2019-11-11,59.029789,59.414527,57.765651,57.875576,58798864
2019-11-12,57.848094,63.536719,56.748843,61.915324,118442278
2019-11-13,61.118367,62.904650,60.816073,61.997768,86625726
2019-11-14,62.107693,65.075671,61.228292,63.893976,98992945
2019-11-15,62.987094,64.800858,62.712281,62.739762,75648231
2019-11-18,62.492431,63.014575,60.816073,61.695474,52845749
2019-11-19,61.860361,63.784051,60.898516,63.206944,64294874
2019-11-20,63.234425,64.416120,62.300062,62.327543,60654427
2019-11-21,61.283254,62.190137,60.761110,61.558067,37660905
2019-11-22,61.695474,62.932131,59.414527,60.129041,61484233
2019-11-25,59.991634,59.991634,56.831287,57.023656,61930809
2019-11-26,57.023656,58.150388,56.556474,58.150388,46216477
2019-11-27,57.243506,59.029789,56.886250,58.012982,45105064
2019-11-28,58.012982,58.919864,57.325950,58.645052,46698652
2019-11-29,58.397720,63.179463,58.397720,61.805399,109589245
2019-12-02,61.805399,63.344350,61.338217,62.217618,71875708
2019-12-03,61.970286,63.619163,61.063404,63.591682,71427600
2019-12-04,62.767244,63.344350,62.162655,62.464949,54430278
2019-12-05,62.382506,64.581008,62.052730,63.234425,86475680
2019-12-06,63.261907,63.756570,61.970286,63.701607,64525048
2019-12-09,63.784051,64.278714,63.206944,63.509238,52635515
2019-12-10,63.289388,64.526045,62.437468,64.526045,70167970
2019-12-11,64.388639,67.301655,64.141308,65.515372,101075799
2019-12-12,65.707740,65.927591,64.443602,64.910783,59417811
2019-12-13,65.597815,65.817666,63.756570,65.213077,65754075
2019-12-16,65.268040,66.916917,64.361158,66.916917,82272889
2019-12-17,68.758163,70.297114,67.301655,67.411580,127088026
2019-12-18,67.164248,68.016168,65.955072,66.064997,85837043
2019-12-19,65.735222,65.762703,64.031382,64.361158,62688339
2019-12-20,64.361158,65.020708,63.564201,63.646644,43241656
2019-12-23,62.932131,62.932131,59.909190,59.991634,73539205
2019-12-24,60.486297,61.365698,59.991634,61.035923,37730239
2019-12-25,60.980960,62.629837,60.458816,61.558067,45465512
2019-12-26,61.283254,61.942805,61.035923,61.667992,30979214
2019-12-27,61.667992,62.135174,60.486297,60.568741,39645536
2019-12-30,60.458816,61.200811,58.782458,61.008442,39515187
2019-12-31,60.843554,61.640511,60.458816,61.035923,37508478
2020-01-02,61.805399,65.927591,61.173329,65.350484,100717609
2020-01-03,65.158115,65.515372,63.839013,64.361158,68189703
2020-01-06,63.481757,65.542853,63.206944,64.745896,66642714
2020-01-07,65.103152,65.323003,64.058864,64.635971,38850459
2020-01-08,64.031382,64.058864,62.107693,62.135174,59574201
2020-01-09,62.822206,63.976420,62.574875,63.729088,47848433
2020-01-10,64.278714,65.075671,63.729088,64.416120,54143156
2020-01-13,64.938265,68.373425,64.526045,68.071131,122561994
2020-01-14,68.208537,68.428387,66.394772,66.477216,73688134
2020-01-15,66.229885,68.318462,65.790184,67.658911,70860683
2020-01-16,67.686393,67.851280,66.614623,66.806992,47382393
2020-01-17,66.889436,67.411580,65.487890,65.762703,43451128
2020-01-20,65.515372,67.988687,65.405446,67.411580,61815958
2020-01-21,67.191730,68.318462,66.010035,66.174922,55511288
2020-01-22,65.323003,69.197863,64.581008,68.345943,95107999
2020-01-23,67.329136,69.692526,64.581008,65.872628,88713477
2020-02-03,59.277121,59.277121,59.277121,59.277121,7129700
2020-02-04,53.341164,58.919864,53.341164,57.106100,104923206
2020-02-05,57.106100,58.754977,56.226699,56.501512,93028151
2020-02-06,56.528993,58.590089,55.154929,57.298469,83657571
2020-02-07,57.600763,61.255773,57.600763,60.871035,105545085
2020-02-10,61.228292,61.228292,59.304602,60.184003,70880194
2020-02-11,60.458816,62.519912,59.799265,61.118367,80408765
2020-02-12,60.458816,61.448142,59.689340,61.338217,73623106
2020-02-13,60.816073,62.767244,60.458816,61.530586,76579572
2020-02-14,61.283254,64.168789,61.063404,63.151981,87924249
2020-02-17,64.003901,68.538312,63.151981,67.906243,123632837
2020-02-18,68.016168,69.032975,66.449735,68.016168,102807525
2020-02-19,67.384099,69.472676,66.697067,66.724548,102875051
2020-02-20,66.642104,67.851280,65.048190,67.494024,92018596
2020-02-21,67.851280,71.671178,67.603949,69.939858,121030922
2020-02-24,70.352077,76.947584,70.352077,76.947584,108142870
2020-02-25,80.520150,84.642342,76.975065,84.642342,252860952
2020-02-26,84.697305,86.511069,77.854466,79.146086,199505734
2020-02-27,78.926236,80.712519,75.710926,76.397958,145099503
2020-02-28,72.825392,75.408632,69.747489,71.726141,133894488
2020-03-02,74.501750,78.898755,73.375018,78.678905,145610313
2020-03-03,81.069776,83.653016,76.617809,78.019354,165764468
2020-03-04,76.397958,77.772022,73.100205,75.518557,90503943
2020-03-05,78.541498,79.338455,74.199456,76.095664,90906485
2020-03-06,73.649830,76.590327,73.265092,74.886488,48882627
2020-03-09,73.045242,77.497210,72.825392,73.787237,77146193
2020-03-10,72.990280,81.179701,72.275766,81.179701,136241358
2020-03-11,81.646883,85.082043,78.046835,78.239204,136216945
2020-03-12,75.765889,78.294167,75.243745,77.359803,69063970
2020-03-13,73.567387,80.520150,72.962798,78.596461,94139681
2020-03-16,79.668231,80.135412,70.736815,71.341403,108088537
2020-03-17,72.797911,73.869681,65.130634,69.500157,81072894
2020-03-18,70.626890,72.028435,66.724548,67.081804,64906156
2020-03-19,66.999361,72.413173,66.861954,71.478809,98351537
2020-03-20,72.962798,72.962798,69.802451,71.176515,67586662
2020-03-23,68.703200,72.138360,68.428387,69.252826,53774642
2020-03-24,71.066590,71.836066,67.164248,70.489483,57302833
2020-03-25,72.550579,74.089531,71.671178,72.550579,67296596
2020-03-26,71.726141,72.660504,70.352077,70.544446,43388945
2020-03-27,71.781103,72.000954,68.703200,68.950532,41033579
2020-03-30,66.806992,67.301655,64.113826,65.240559,52894509
2020-03-31,66.559660,66.834473,64.773377,65.075671,33605199
2020-04-01,65.103152,66.504698,63.756570,64.526045,41587168
2020-04-02,63.839013,66.889436,63.481757,66.889436,48244164
2020-04-03,66.504698,66.504698,64.443602,64.800858,39195698
2020-04-07,66.504698,70.324596,65.817666,70.104745,79069207
2020-04-08,69.527638,71.094071,68.675719,70.104745,50881691
2020-04-09,70.599408,72.523098,70.214670,70.407039,40136844
2020-04-10,70.407039,70.764296,67.768836,68.455868,33642640
2020-04-13,67.274173,68.483350,65.955072,67.576468,28539050
2020-04-14,68.455868,69.555120,67.878762,69.417713,30273310
2020-04-15,69.884895,70.489483,68.208537,68.345943,35162387
2020-04-16,67.439061,68.620756,66.532179,68.236018,25897549
2020-04-17,69.005494,71.671178,69.005494,70.846740,65846116
2020-04-20,71.039109,72.138360,70.132227,71.863547,42380213
2020-04-21,71.121553,74.089531,70.516964,73.952124,58078359
2020-04-22,73.649830,74.968932,72.000954,73.237611,48465950
2020-04-23,73.677312,73.787237,71.011628,71.671178,41715104
2020-04-24,71.616216,72.220804,69.939858,70.242152,26669329
2020-04-27,70.489483,71.588734,69.472676,70.516964,22418468
2020-04-28,70.352077,72.165841,68.840606,71.671178,38961199
2020-04-29,71.039109,72.495617,70.626890,70.764296,26732479
2020-04-30,71.588734,74.886488,71.561253,73.814718,61395246
2020-05-06,73.155167,76.727734,72.880355,76.370477,56404476
2020-05-07,78.046835,79.365937,75.243745,75.243745,56717731
2020-05-08,75.820852,76.947584,75.216263,75.326188,38972111
2020-05-11,75.990576,76.073626,73.499082,74.384946,43881853
2020-05-12,74.052747,75.575327,73.388349,75.575327,37812521
2020-05-13,74.883245,75.381544,73.886648,74.993978,26898103
2020-05-14,74.467996,75.519961,73.942014,74.606413,29021003
2020-05-15,74.883245,75.160078,72.834683,73.692865,50800737
2020-05-18,72.945416,72.945416,68.516093,69.208175,85077730
2020-05-19,69.568058,70.287823,69.152808,69.927940,44187803
2020-05-20,69.540374,69.540374,67.824011,68.183894,53636577
2020-05-21,68.516093,68.626826,66.384481,66.688997,38982997
2020-05-22,66.439848,67.381079,65.332517,66.910464,30917689
2020-05-25,67.021197,67.408762,64.668119,65.332517,32623603
2020-05-26,65.886183,66.661314,65.775450,66.495215,29608828
2020-05-27,66.495215,66.495215,65.166418,65.470934,20239772
2020-05-28,65.470934,65.830816,63.394688,64.861902,36310514
2020-05-29,63.920670,65.111051,63.809937,64.861902,20274333
2020-06-01,65.470934,68.100844,65.470934,67.519496,48364623
2020-06-02,68.100844,68.100844,66.716681,67.325713,34688280
2020-06-03,67.657912,68.239261,66.467531,67.381079,42294154
2020-06-04,67.408762,68.045478,66.467531,66.772047,26980850
2020-06-05,66.772047,67.325713,66.273748,66.855097,20696028
2020-06-08,67.547179,69.097442,67.547179,67.657912,37977218
2020-06-09,67.879378,68.156211,66.993513,67.159613,24094832
2020-06-10,67.298029,67.408762,66.052282,66.190699,27515536
2020-06-11,66.246065,67.104246,65.720083,65.830816,33337276
2020-06-12,63.671521,65.277151,63.671521,64.861902,41062169
2020-06-15,64.446653,64.972635,63.920670,64.861902,36240844
2020-06-16,65.637033,66.772047,65.332517,66.605948,50310492
2020-06-17,66.993513,67.298029,65.996916,66.965830,35655012
2020-06-18,66.993513,68.599143,66.550581,68.128527,46981440
2020-06-19,68.349994,68.349994,67.270346,67.685595,34605031
2020-06-22,67.824011,69.125125,67.630229,68.073161,41149316
2020-06-23,68.073161,68.073161,66.495215,66.772047,35316849
2020-06-24,66.855097,69.789524,66.855097,69.097442,68878494
2020-06-29,68.765243,69.291225,67.214980,67.879378,45168136
2020-06-30,68.405360,69.678791,67.851695,69.152808,49862092
2020-07-01,69.568058,70.260139,68.128527,68.848292,51752309
2020-07-02,68.986709,70.010990,68.211577,69.983307,61424681
2020-07-03,70.177089,71.976502,69.291225,71.450520,79405922
2020-07-06,71.976502,74.689462,71.976502,73.637498,83558017
2020-07-07,74.191164,76.682658,73.083833,73.249932,100337615
2020-07-08,73.249932,74.412630,71.976502,73.748231,94768388
2020-07-09,74.025064,78.758903,73.803598,77.651572,114564735
2020-07-10,76.765708,76.848758,74.800196,75.409227,83561795
2020-07-13,75.381544,77.983772,75.104712,77.457789,80693544
2020-07-14,77.430106,77.430106,73.332982,74.440313,86028873
2020-07-15,74.440313,74.827879,70.315506,70.730755,82464879
2020-07-16,70.703072,71.422837,66.467531,66.744364,72928410
2020-07-17,67.131930,67.768645,66.024599,67.104246,37734231
2020-07-20,67.547179,68.986709,66.910464,68.682193,39476553
2020-07-21,68.792926,69.734157,68.045478,68.903659,34140302
2020-07-22,68.931342,69.457324,68.100844,68.543777,34890982
2020-07-23,67.934745,67.934745,65.360200,66.744364,49252886
2020-07-24,66.439848,67.685595,63.837621,65.028001,45076945
2020-07-27,65.055684,65.581667,63.865304,65.194101,26070820
2020-07-28,65.609350,66.107649,64.723485,65.304834,25074652
2020-07-29,65.415567,67.657912,65.332517,67.325713,37262020
2020-07-30,67.685595,67.685595,66.163015,66.301432,27471256
2020-07-31,66.190699,67.491812,66.163015,66.605948,30334531
2020-08-03,66.744364,67.796328,66.716681,67.796328,40490531
2020-08-04,67.824011,67.962428,66.439848,66.688997,36682032
2020-08-05,68.100844,68.100844,66.716681,66.855097,31410741
2020-08-06,66.855097,66.882780,65.138734,65.747766,34512754
2020-08-07,65.720083,65.747766,63.948354,64.889585,34450374
2020-08-10,64.778852,65.470934,64.142137,65.304834,22239824
2020-08-11,65.553983,65.553983,64.225186,64.861902,26705162
2020-08-12,64.778852,64.889585,63.754571,64.834218,26654290
2020-08-13,65.221784,65.304834,64.474336,64.861902,16632474
2020-08-14,64.723485,65.194101,64.252870,64.695802,21704403
2020-08-17,64.751169,66.024599,64.391286,65.553983,31282100
2020-08-18,65.609350,65.858499,64.917268,65.221784,21693436
2020-08-19,65.221784,65.221784,63.948354,64.529702,26108712
2020-08-20,63.976037,64.557386,63.754571,63.754571,17223091
2020-08-21,63.699204,64.114453,59.546714,60.709411,74853810
2020-08-24,60.709411,60.709411,57.664251,59.602080,42147244
2020-08-25,59.463664,60.792461,59.242198,59.989646,27623039
2020-08-26,58.633166,59.685130,57.885718,58.162550,34693491
2020-08-27,58.660849,58.660849,55.947889,57.276686,36580735
2020-08-28,57.165953,57.996451,56.446188,57.885718,26352013
2020-08-31,58.079500,59.380614,58.079500,58.245600,31131749
2020-09-01,58.245600,58.716216,57.387419,58.384016,18920431
2020-09-02,58.660849,59.076098,58.384016,58.826949,22404418
2020-09-03,58.909999,58.965365,57.719618,57.802668,19812358
2020-09-04,56.612287,58.411700,56.280088,57.996451,19901676
2020-09-07,57.719618,58.522433,56.473871,56.556921,23671753
2020-09-08,56.197038,56.390821,54.286892,54.619092,35078552
2020-09-09,53.733227,53.733227,51.490882,51.546249,41155878
2020-09-10,52.321380,52.515163,50.715751,50.743434,26376076
2020-09-11,50.272818,51.463199,49.746836,51.214050,29389304
2020-09-14,51.352466,52.016864,50.743434,51.324783,21803430
2020-09-15,51.352466,51.435516,50.300502,51.131000,21212446
2020-09-16,51.075633,51.490882,50.106719,50.245135,19726622
2020-09-17,50.245135,55.283490,49.220854,55.283490,51874725
2020-09-18,55.864839,56.916803,53.871643,56.335454,82044110
2020-09-21,55.643373,57.996451,55.394223,56.363138,43815209
2020-09-22,55.588006,57.442785,55.449590,56.667654,35055692
2020-09-23,56.695337,57.165953,55.643373,55.975572,25349956
2020-09-24,55.338857,55.338857,54.010060,54.425309,32332153
2020-09-25,54.951291,55.089707,53.401028,53.677861,19626596
2020-09-28,54.619092,54.674458,52.847362,53.151878,15880858
2020-09-29,53.843960,54.010060,52.958096,52.958096,19673051
2020-09-30,53.151878,53.317978,51.601615,52.016864,24131701
2020-10-09,53.179562,54.093110,52.902729,53.511761,26119116
2020-10-12,54.342259,55.255807,54.093110,55.200440,32331022
2020-10-13,55.338857,55.504956,54.286892,55.006657,22881353
2020-10-14,54.563725,54.757508,53.456394,53.650177,22255944
2020-10-15,53.760910,54.093110,53.179562,53.234928,14268950
2020-10-16,53.262611,53.290295,52.349064,52.487480,14617019
2020-10-19,52.930412,53.290295,52.099914,52.238330,12417682
2020-10-20,52.238330,53.151878,51.712348,53.151878,14311041
2020-10-21,53.041145,53.041145,51.767715,52.072231,15175743
2020-10-22,52.044548,53.539444,51.269416,52.764313,18200165
2020-10-23,52.681263,53.290295,51.463199,51.601615,15029601
2020-10-26,51.463199,51.601615,50.521968,50.826484,10960488
2020-10-27,50.881850,51.103316,50.245135,50.937217,10898370
2020-10-28,50.328185,50.660384,48.944021,50.632701,28244289
2020-10-29,49.553053,51.906131,49.414637,50.743434,20793299
2020-10-30,51.020267,52.681263,50.466601,50.992583,26202752
2020-11-02,51.103316,51.241733,49.276221,49.802203,21152375
2020-11-03,49.774519,51.767715,49.746836,51.380149,24165968
2020-11-04,51.380149,52.016864,50.881850,50.992583,17780759
2020-11-05,51.767715,54.812875,51.463199,54.508359,59843393
2020-11-06,54.397626,55.504956,53.650177,54.729825,48373925
2020-11-09,55.920205,57.858034,55.809472,57.581202,68537005
2020-11-10,57.802668,57.802668,55.920205,56.390821,36687890
2020-11-11,56.418504,57.027536,53.760910,54.148476,36484175
2020-11-12,54.452992,55.615689,54.148476,54.812875,24953300
2020-11-13,54.369942,55.615689,54.037743,55.006657,22197803
2020-11-16,55.366540,55.643373,53.871643,53.982377,27162812
2020-11-17,53.954693,53.954693,52.293697,53.124195,28625539
2020-11-18,53.013462,53.705544,52.708946,53.124195,17375868
2020-11-19,52.875046,54.231526,52.598213,53.760910,18920870
2020-11-20,53.816277,54.203843,52.847362,53.262611,16561453
2020-11-23,53.401028,53.788594,52.625896,53.317978,17349962
2020-11-24,53.234928,53.788594,52.930412,53.345661,15557894
2020-11-25,53.428711,55.311173,53.290295,54.508359,36914144
2020-11-26,54.591408,56.556921,54.286892,56.418504,51431071
2020-11-27,56.390821,56.390821,55.172757,55.698739,30693845
2020-11-30,55.588006,56.169355,54.895924,55.034341,30411672
2020-12-01,55.366540,55.837156,54.536042,55.726423,25520190
2020-12-02,55.892522,56.556921,55.366540,56.307771,33131471
2020-12-03,56.307771,57.470469,55.920205,56.501554,39325894
2020-12-04,56.446188,58.300967,55.643373,55.837156,42587626
2020-12-07,55.947889,57.442785,55.255807,55.311173,29761539
2020-12-08,54.923608,55.781789,54.563725,55.698739,22851470
2020-12-09,55.615689,56.058622,54.286892,54.286892,19422369
2020-12-10,53.982377,54.951291,53.650177,54.037743,14633993
2020-12-11,54.093110,54.286892,51.740032,52.376747,31200454
2020-12-14,52.127597,52.736629,51.878448,52.542846,13686397
2020-12-15,52.459797,52.625896,51.906131,52.182964,10799986
2020-12-16,52.404430,52.404430,50.881850,50.992583,18113471
2020-12-17,51.020267,51.795398,50.881850,51.795398,11593445
2020-12-18,52.376747,52.736629,51.546249,51.961498,12994989
2020-12-21,52.099914,52.875046,51.767715,52.459797,17202977
2020-12-22,52.044548,52.238330,50.272818,50.300502,31136271
2020-12-23,50.411235,50.771117,49.525370,50.660384,21351807
2020-12-24,50.494284,51.186366,49.940619,49.995986,13984856
2020-12-25,49.829886,50.909534,49.553053,50.632701,14652920
2020-12-28,50.383551,50.466601,49.663786,50.079035,13003376
2020-12-29,50.134402,52.238330,49.968302,51.823081,30076008
2020-12-30,51.297099,51.767715,50.688067,51.518565,18802774
2020-12-31,51.740032,52.293697,51.241733,52.016864,19148570
2021-01-04,51.989181,52.542846,51.407832,52.542846,22090634
2021-01-05,52.515163,55.864839,52.210647,54.951291,44018294
2021-01-06,54.895924,54.895924,53.151878,53.650177,28717965
2021-01-07,53.428711,54.480675,52.321380,52.902729,29920090
2021-01-08,52.681263,54.120793,52.653580,53.456394,23564400
2021-01-11,53.705544,55.228124,53.428711,54.120793,32568012
2021-01-12,54.093110,54.093110,52.376747,53.428711,25578681
2021-01-13,53.428711,55.200440,53.013462,55.200440,49541054
2021-01-14,55.228124,56.335454,54.480675,55.421907,43759589
2021-01-15,54.895924,55.366540,53.290295,53.705544,30992589
2021-01-18,53.290295,55.228124,52.985779,54.619092,30277006
2021-01-19,54.397626,54.619092,52.764313,53.013462,29372615
2021-01-20,53.013462,53.096512,51.823081,51.933815,25308930
2021-01-21,51.767715,52.321380,50.881850,51.601615,25106217
2021-01-22,50.992583,53.151878,50.992583,52.653580,36346120
2021-01-25,52.598213,52.598213,50.992583,51.103316,23484321
2021-01-26,51.131000,51.767715,50.300502,50.632701,19991478
2021-01-27,50.383551,51.075633,50.106719,50.937217,17143001
2021-01-28,50.466601,50.632701,49.386954,49.442320,20238250
2021-01-29,49.774519,50.079035,46.646310,47.504491,30135678
2021-02-01,47.283025,47.283025,43.961033,44.653115,38642035
2021-02-02,45.483613,47.559858,45.455929,46.757043,27996502
2021-02-03,47.227659,50.798800,47.089242,48.694872,37065987
2021-02-04,48.445723,48.445723,46.341794,47.642908,22867133
2021-02-05,48.030473,48.307306,46.231061,46.231061,15696972
2021-02-08,46.452527,46.784726,45.068364,45.400563,15861038
2021-02-09,45.040680,46.231061,44.376282,46.148011,17076409
2021-02-10,46.175694,47.366075,45.788129,47.006192,16485471
2021-02-18,48.030473,48.251940,47.199975,47.781324,16949212
2021-02-19,47.864374,49.165488,47.227659,49.137804,18820805
2021-02-22,49.414637,50.134402,48.860972,48.860972,21593997
2021-02-23,48.501089,48.916338,47.892057,47.975107,16676120
2021-02-24,48.168890,49.137804,47.559858,48.113523,16540944
2021-02-25,48.168890,48.307306,47.144609,47.310708,13818287
2021-02-26,46.231061,48.030473,46.037278,47.947424,15998409
2021-03-01,48.141207,50.521968,48.085840,50.494284,36417720
2021-03-02,50.826484,51.324783,49.663786,50.106719,21988760
2021-03-03,50.051352,50.521968,49.691470,50.300502,15146475
2021-03-04,50.106719,50.715751,49.414637,49.497687,17483449
2021-03-05,49.165488,51.131000,48.999388,50.466601,20968359
2021-03-08,50.688067,52.182964,49.525370,49.802203,34226164
2021-03-09,50.217452,50.771117,48.334989,49.110121,25768108
2021-03-10,49.774519,49.940619,47.449125,47.725957,19587409
2021-03-11,47.753641,48.888655,47.255342,48.667189,17719041
2021-03-12,48.639505,48.639505,47.421442,47.532175,16517296
2021-03-15,47.393758,47.393758,45.705079,46.286427,18531555
2021-03-16,46.231061,46.618627,45.455929,46.064961,12963560
2021-03-17,46.037278,46.784726,45.622029,46.507894,10860245
2021-03-18,46.507894,46.729360,45.981911,46.175694,9642468
2021-03-19,45.455929,46.009595,45.151413,45.206780,11350261
2021-03-22,45.206780,46.424844,45.206780,46.369477,9631932
2021-03-23,46.424844,46.867776,45.428246,45.622029,10691518
2021-03-24,45.649712,45.954228,45.179097,45.788129,9254465
2021-03-25,45.898862,46.369477,45.594346,46.231061,9842190
2021-03-26,46.507894,46.895459,46.009595,46.701676,12000203
2021-03-29,46.784726,47.033876,46.286427,46.341794,9641889
2021-03-30,46.341794,46.480210,45.455929,45.954228,11035858
2021-03-31,45.871178,46.507894,45.455929,46.341794,10145340
2021-04-01,46.341794,46.784726,46.120328,46.618627,10322130
2021-04-02,46.784726,48.113523,46.757043,47.227659,18510970
2021-04-06,47.255342,47.559858,46.424844,46.563260,13009124
2021-04-07,46.563260,46.673993,45.732762,46.064961,13721070
2021-04-08,45.954228,46.701676,45.732762,45.871178,10662946
2021-04-09,45.898862,46.563260,45.788129,45.898862,10416023
2021-04-12,45.843495,45.898862,44.625431,44.791531,12184007
2021-04-13,44.791531,45.012997,44.293232,44.487015,10898543
2021-04-14,44.459332,44.763848,44.293232,44.431648,10124482
2021-04-15,44.431648,44.514698,43.961033,44.182499,9120594
2021-04-16,44.265549,44.680798,44.154816,44.653115,9560199
2021-04-19,44.708481,45.981911,44.708481,45.677396,17023392
2021-04-20,45.455929,45.760445,44.874581,44.957630,14339883
2021-04-21,44.597748,44.791531,44.376282,44.487015,9623741
2021-04-22,44.597748,45.096047,44.487015,44.902264,9615913
2021-04-23,44.846897,44.846897,42.770652,42.881385,39273211
2021-04-26,42.881385,43.268951,42.438453,42.466136,15033082
2021-04-27,42.438453,42.438453,40.583674,40.832823,22898688
2021-04-28,40.943556,41.635638,40.168425,41.414172,15968140
2021-04-29,41.248072,41.607955,40.915873,40.998923,9964931
2021-04-30,40.971240,40.971240,39.863909,40.085375,14965149
2021-05-06,40.002325,40.002325,39.337927,39.504026,11768573
2021-05-07,39.504026,40.002325,39.393293,39.531710,9600679
2021-05-10,39.531710,39.946959,39.088777,39.725492,11335234
2021-05-11,39.476343,40.002325,39.420976,39.919275,8647536
2021-05-12,39.863909,40.002325,39.504026,39.863909,10142104
2021-05-13,39.670126,40.168425,39.476343,40.002325,11355304
2021-05-14,40.113058,40.583674,39.476343,40.500624,17640682
2021-05-17,40.528307,41.524905,40.445257,41.026606,17189415
2021-05-18,40.971240,41.026606,40.417574,40.666724,8027215
2021-05-19,40.583674,40.777457,40.279158,40.445257,8107132
2021-05-20,40.389891,40.777457,40.057692,40.528307,9464583
2021-05-21,40.555991,40.832823,39.808542,39.808542,9872648
2021-05-24,39.808542,40.805140,39.393293,40.555991,13337716
2021-05-25,40.694407,41.358805,40.223791,41.248072,19243427
2021-05-26,41.248072,41.940154,41.081973,41.358805,16644319
2021-05-27,41.248072,42.826019,41.137339,42.770652,27691109
2021-05-28,42.604553,42.659919,42.106254,42.327720,14868018
2021-05-31,42.466136,42.659919,42.133937,42.466136,11421127
2021-06-01,42.327720,42.687602,41.967837,42.438453,11589000
2021-06-02,42.300037,42.438453,41.248072,41.275756,15977104
2021-06-03,41.497222,42.632236,41.248072,41.580272,17181124
2021-06-04,41.884788,42.355403,41.580272,42.244670,14702434
2021-06-07,42.770652,43.490417,42.438453,43.407367,26457082
2021-06-08,43.407367,43.435051,42.687602,42.798335,17418822
2021-06-09,42.632236,43.019802,41.884788,42.050887,13779781
2021-06-10,42.078570,42.881385,41.829421,42.604553,14835286
2021-06-11,42.355403,42.549186,41.691005,41.884788,15355858
2021-06-15,41.829421,42.161620,40.140741,40.251475,19954513
2021-06-16,40.251475,40.694407,40.057692,40.196108,11055180
2021-06-17,40.085375,41.663321,39.891592,41.497222,18238558
2021-06-18,41.331122,41.635638,40.639040,41.081973,14176205
2021-06-21,40.722090,41.192706,40.223791,40.500624,14211684
2021-06-22,40.417574,41.026606,40.168425,40.666724,13286627
2021-06-23,40.417574,43.185901,40.140741,42.742969,41702613
2021-06-24,42.742969,44.708481,42.659919,43.905666,52219377
2021-06-25,43.711883,44.182499,43.130535,43.545784,30050158
2021-06-28,43.407367,44.016399,43.185901,43.767250,21012641
2021-06-29,43.711883,43.711883,42.244670,42.300037,22073847
2021-06-30,42.576869,43.241268,42.327720,42.826019,16490440
2021-07-01,42.909068,43.102851,41.552588,41.580272,16592937
2021-07-02,41.552588,41.912471,40.694407,40.694407,14740209
2021-07-05,40.639040,41.165022,40.417574,41.054289,13389724
2021-07-06,40.915873,42.050887,40.445257,41.635638,20656621
2021-07-07,41.303439,41.331122,40.694407,41.248072,16904652
2021-07-08,41.441855,43.102851,41.054289,42.964435,36329193
2021-07-09,42.909068,43.850300,42.521503,43.518100,36705666
2021-07-12,43.905666,43.988716,42.604553,42.909068,31732429
2021-07-13,43.130535,43.324318,42.715286,43.213584,26228025
2021-07-14,43.324318,43.877983,42.050887,42.106254,33610325
2021-07-15,41.746371,42.272353,40.611357,41.165022,32648294
2021-07-16,41.627901,41.627901,40.825584,40.949017,24164027
2021-07-19,40.609575,40.671292,39.313525,39.776400,29923996
2021-07-20,39.375242,39.652967,38.572925,39.035800,30790792
2021-07-21,39.190092,39.899834,38.912367,39.282667,27229138
2021-07-22,39.313525,39.930692,38.819792,39.714684,25653107
2021-07-23,39.498675,39.591250,38.110050,38.140908,32322233
2021-07-26,38.048333,38.387775,36.443700,36.814000,30745256
2021-07-27,37.030008,40.486142,36.999150,40.486142,85359972
2021-07-28,40.115842,40.486142,38.048333,39.745542,61031019
2021-07-29,40.115842,42.430217,39.714684,40.609575,72671291
2021-07-30,40.177559,41.535326,39.807259,40.763867,48469977
2021-08-02,40.424425,43.139959,40.331850,42.522793,63405106
2021-08-03,42.738801,43.510259,41.566184,41.720476,50720325
2021-08-04,41.720476,42.985668,41.658759,42.183351,32989037
2021-08-05,42.121634,42.677084,41.288459,41.627901,32555583
2021-08-06,41.813051,42.275926,41.288459,41.720476,25040944
2021-08-09,41.350176,42.121634,40.702150,42.090776,30435768
2021-08-10,41.658759,41.967342,41.041592,41.411892,23795819
2021-08-11,41.072451,41.257601,40.609575,40.918159,26060285
2021-08-12,41.041592,41.936484,40.733009,40.794725,27672728
2021-08-13,40.702150,40.702150,38.603783,38.974083,47384222
2021-08-16,38.758075,39.282667,38.326058,38.912367,16534908
2021-08-17,38.665500,39.066658,37.770608,37.863183,21147790
2021-08-18,37.770608,38.017475,37.431166,37.955758,15972195
2021-08-19,37.832325,38.511208,37.678033,38.110050,15244563
2021-08-20,37.801466,38.110050,37.462025,37.770608,12677269
2021-08-23,37.708891,38.511208,37.708891,38.356917,13128793
2021-08-24,38.264342,38.665500,37.986617,38.387775,13807440
2021-08-25,38.387775,38.418633,37.955758,38.048333,11620334
2021-08-26,38.079192,38.233483,37.122583,37.153441,18511431
2021-08-27,36.659708,36.659708,34.468766,35.116791,47982449
2021-08-30,34.962499,35.055074,34.283616,34.407049,22730239
2021-08-31,34.468766,34.684774,33.759024,34.530482,19420690
2021-09-01,34.468766,35.764816,34.191041,35.733958,26903033
2021-09-02,35.487091,35.641383,35.024216,35.425374,14407038
2021-09-03,35.147649,36.104258,35.147649,35.672241,15773419
2021-09-06,35.641383,37.492883,35.301941,37.153441,30717753
2021-09-07,37.091725,38.356917,36.721425,37.616316,26646578
2021-09-08,37.616316,38.048333,37.184300,37.307733,25348511
2021-09-09,37.462025,38.048333,37.122583,37.801466,20468634
2021-09-10,37.894042,38.603783,37.801466,38.140908,25125855
2021-09-13,37.955758,38.418633,37.431166,37.986617,18434680
2021-09-14,37.955758,38.418633,37.215158,37.215158,18009980
2021-09-15,37.153441,37.986617,36.968291,37.492883,13738542
2021-09-16,37.492883,37.955758,37.030008,37.030008,14719399
2021-09-17,36.968291,37.400308,36.165974,36.474558,14131005
2021-09-22,36.196833,36.196833,35.641383,35.672241,11590111
2021-09-23,35.980824,38.017475,35.826533,37.091725,21457493
2021-09-24,36.937433,37.369450,36.165974,36.227691,12224946
2021-09-27,36.289408,37.184300,35.579666,35.949966,11760543
2021-09-28,35.733958,36.227691,35.579666,35.826533,7014027
2021-09-29,35.641383,35.733958,34.623057,34.623057,15613953
2021-09-30,34.900783,35.024216,34.561341,34.592199,9449468
2021-10-08,35.116791,35.610524,34.931641,35.394516,13653945
2021-10-11,35.487091,35.919108,35.271083,35.425374,9860346
2021-10-12,35.301941,35.487091,34.160182,34.499624,13586693
2021-10-13,34.376191,34.715632,34.283616,34.561341,6881817
2021-10-14,34.468766,34.715632,34.376191,34.530482,5770834
2021-10-15,34.623057,34.869924,34.129324,34.221899,13166662
2021-10-18,34.067607,34.191041,32.987565,33.049282,24567433
2021-10-19,33.141857,33.327007,32.555549,32.740699,19904189
2021-10-20,32.648124,32.709840,31.506365,31.568082,34447377
2021-10-21,31.382932,31.814949,31.105207,31.722374,25720279
2021-10-22,31.444648,31.753232,31.197782,31.197782,20610904
2021-10-25,31.475507,31.537223,31.105207,31.321215,11856084
2021-10-26,31.259498,32.524690,31.228640,32.308682,30486429
2021-10-27,31.969240,32.030957,31.321215,31.413790,19755509
2021-10-28,31.382932,31.382932,30.426323,30.426323,27708389
2021-10-29,30.457182,31.845807,30.457182,31.598940,28040866
2021-11-01,31.660657,34.746491,31.660657,34.746491,70323699
2021-11-02,35.487091,37.678033,35.332799,36.258550,119133391
2021-11-03,36.258550,36.844858,35.579666,36.042541,56585742
2021-11-04,36.042541,37.184300,36.042541,36.536275,57648194
2021-11-05,36.505416,37.955758,36.474558,36.659708,65522634
2021-11-08,36.320266,36.320266,35.240224,35.795674,46580228
2021-11-09,35.764816,36.351125,35.024216,36.196833,51829912
2021-11-10,36.011683,36.875716,35.332799,36.536275,47419554
2021-11-11,36.320266,38.572925,36.073399,37.770608,71868836
2021-11-12,38.511208,41.535326,38.511208,39.899834,140759435
2021-11-15,39.560392,41.813051,39.529534,40.331850,111944540
2021-11-16,40.609575,41.658759,39.899834,40.578717,75382796
2021-11-17,40.300992,43.417684,40.208417,43.263393,103941601
2021-11-18,43.201676,43.355968,41.473609,42.183351,69268460
2021-11-19,42.245067,43.510259,41.813051,42.800518,59853888
2021-11-22,42.491934,47.089827,42.399359,46.812102,131404471
2021-11-23,46.503518,49.311627,45.917210,48.077294,106489718
2021-11-24,48.077294,49.435061,47.614419,48.416735,69359701
2021-11-25,48.262444,48.540169,46.750385,47.213260,57120934
2021-11-26,46.966393,47.058968,45.238326,46.040643,60413246
2021-11-29,45.053176,45.978927,44.621160,45.762918,60545323
2021-11-30,45.516052,47.490985,44.744593,46.781243,56074340
2021-12-01,45.978927,46.318368,44.806310,45.176610,42084602
2021-12-02,44.898885,46.071502,44.868026,45.269185,31109404
2021-12-03,45.238326,45.917210,44.806310,45.824635,26684732
2021-12-06,45.855493,47.213260,44.898885,47.213260,49324573
2021-12-07,47.213260,47.244119,45.114893,46.935535,44610339
2021-12-08,46.164077,49.897936,46.102360,48.972186,69437068
2021-12-09,48.447594,49.681927,47.892144,48.663602,39343673
2021-12-10,48.077294,48.355019,46.009785,46.441802,52328539
2021-12-13,45.978927,49.527636,45.978927,48.447594,44988815
2021-12-14,48.663602,48.756177,47.151544,47.490985,27729998
2021-12-15,47.521844,49.033902,46.966393,47.182402,27484982
2021-12-16,46.904677,47.768710,45.670343,46.133218,31300915
2021-12-17,45.670343,45.978927,44.003993,45.053176,38470893
2021-12-20,44.682876,46.102360,43.417684,43.510259,31233440
2021-12-21,43.818843,45.330901,43.633693,44.837168,27297883
2021-12-22,44.806310,49.311627,44.775451,49.311627,77686069
2021-12-23,49.465919,53.847803,49.465919,52.335745,131866292
2021-12-24,53.693512,53.971237,51.749436,53.076345,61197803
2021-12-27,53.045486,53.755228,51.996303,52.150595,31956116
2021-12-28,52.613470,52.922053,50.885403,51.286561,41799620
2021-12-29,51.317419,51.471711,49.527636,49.774502,41046120
2021-12-30,50.299094,51.656861,50.144802,50.545961,36255520
2021-12-31,50.206519,51.687720,49.373344,51.163128,31678232
2022-01-04,51.379136,52.150595,50.175661,50.823686,32083551
2022-01-05,50.576819,51.008836,47.521844,48.787036,51905466
2022-01-06,48.385877,48.725319,46.750385,48.416735,34634978
2022-01-07,48.139010,49.805361,46.842960,46.904677,31621492
2022-01-10,46.534377,50.206519,45.762918,49.342486,44033613
2022-01-11,49.033902,50.453386,47.552702,48.139010,30550537
2022-01-12,48.200727,50.761969,48.200727,50.268236,40607429
2022-01-13,50.268236,50.422528,48.478452,50.391669,36699659
2022-01-14,49.558494,53.199778,49.219052,52.860336,57315070
2022-01-17,52.613470,58.013679,52.335745,55.730162,65914686
2022-01-18,55.730162,58.137113,54.248962,56.378187,66276355
2022-01-19,55.822737,58.167971,54.650120,55.205570,49625825
2022-01-20,54.866129,57.581662,54.773553,55.822737,31227851
2022-01-21,54.958704,55.668445,54.310678,54.588403,30154051
2022-01-24,54.434112,55.761020,53.971237,54.958704,17610868
2022-01-25,54.866129,55.298145,53.539220,53.539220,23220040
2022-01-26,53.415787,57.087929,52.459178,56.779346,37143175
2022-01-27,56.378187,56.995354,53.878662,54.002095,32054166
2022-01-28,54.248962,55.112995,52.829478,53.292353,18461230
2022-02-07,54.341537,55.082137,52.490036,54.958704,21898160
2022-02-08,54.526687,54.804412,49.465919,50.268236,40112474
2022-02-09,50.268236,53.755228,49.527636,53.076345,31190593
2022-02-10,53.631795,56.347329,53.323212,53.600937,36550218
2022-02-11,52.983770,53.045486,48.509310,49.311627,46659125
2022-02-14,48.509310,50.607678,46.935535,49.033902,19776559
2022-02-15,49.095619,52.274028,49.095619,50.792828,28381944
2022-02-16,51.440853,54.063812,51.101411,52.829478,33354958
2022-02-17,52.860336,54.279820,51.409994,53.662653,27018745
2022-02-18,53.477503,54.310678,52.706045,53.045486,16298930
2022-02-21,53.261495,55.236429,53.045486,55.082137,28205348
2022-02-22,54.372395,55.545012,53.168920,55.267287,23635146
2022-02-23,54.866129,56.100462,54.187245,55.174712,22627691
2022-02-24,54.310678,54.866129,52.212311,53.384928,32828275
2022-02-25,54.002095,54.742695,52.767761,52.891195,15988395
2022-02-28,52.027161,52.736903,51.255703,51.872870,26884369
2022-03-01,52.150595,55.143854,52.027161,54.310678,25777928
2022-03-02,53.971237,54.711837,52.582611,53.107203,16677775
2022-03-03,53.107203,53.600937,48.848752,49.373344,41756279
2022-03-04,48.694461,50.484244,48.478452,49.836219,15990441
2022-03-07,49.651069,49.651069,46.287510,47.213260,32605634
2022-03-08,47.336694,48.385877,45.732060,46.935535,24890703
2022-03-09,46.750385,48.139010,44.374293,47.521844,29823834
2022-03-10,48.447594,49.928794,47.645277,47.676135,31230877
2022-03-11,47.213260,47.213260,45.053176,46.688668,24378878
2022-03-14,45.978927,45.978927,43.047384,43.294251,40491299
2022-03-15,43.695409,43.695409,40.671292,40.918159,35884906
2022-03-16,41.751334,41.843909,37.832325,40.270134,66312318
2022-03-17,41.134167,42.090776,40.300992,41.319317,38369372
2022-03-18,40.856442,40.887301,38.727217,40.393567,47240737
2022-03-21,41.319317,43.510259,40.733009,43.109101,46540626
2022-03-22,42.862234,43.818843,41.967342,43.541118,30885315
2022-03-23,43.541118,44.991460,42.985668,43.448543,25034099
2022-03-24,43.201676,43.201676,41.936484,42.245067,21151652
2022-03-25,42.584509,42.862234,41.843909,41.874767,13431930
2022-03-28,41.473609,41.874767,40.177559,41.411892,14233194
2022-03-29,41.226742,41.967342,40.362709,40.671292,15114074
2022-03-30,40.733009,41.905626,40.547859,41.442751,19770598
2022-03-31,41.103309,41.257601,40.578717,40.856442,13065847
2022-04-01,40.455284,41.720476,40.424425,40.979876,11918255
2022-04-06,40.733009,40.825584,39.035800,39.436959,22457283
2022-04-07,39.436959,39.436959,37.554600,37.832325,28159961
2022-04-08,38.326058,38.418633,37.246016,37.739750,23791426
2022-04-11,37.678033,37.708891,34.839066,35.209366,26497270
2022-04-12,35.178508,35.703099,34.221899,34.869924,25088278
2022-04-13,34.746491,34.746491,33.234432,33.419582,30215746
2022-04-14,33.697307,34.962499,33.666449,34.653916,26194608
2022-04-15,34.592199,36.783141,33.851599,36.042541,38253593
2022-04-18,35.826533,39.652967,35.579666,39.652967,40292037
2022-04-19,39.498675,40.393567,37.554600,37.801466,53823137
2022-04-20,38.264342,39.344383,37.801466,38.542067,47200503
2022-04-21,37.955758,39.344383,36.875716,37.060866,36910687
2022-04-22,37.153441,38.788933,36.258550,37.894042,37529433
2022-04-25,37.030008,37.030008,34.098466,34.407049,38248864
2022-04-26,34.808208,36.412841,34.221899,35.116791,40769589
2022-04-27,34.715632,38.511208,34.684774,38.202625,49318663
2022-04-28,37.770608,38.017475,36.505416,37.307733,36164844
2022-04-29,37.647175,40.733009,36.752283,40.115842,51153997
2022-05-05,40.023267,41.936484,39.498675,41.627901,44827461
2022-05-06,40.115842,41.195884,39.807259,40.640434,28073430
2022-05-09,40.455284,42.677084,40.455284,41.843909,31552201
2022-05-10,40.887301,43.633693,40.733009,43.047384,26296118
2022-05-11,42.800518,45.485193,42.553651,43.541118,33618397
2022-05-12,43.201676,44.312576,42.430217,42.831376,20840644
2022-05-13,43.517681,46.013318,42.394644,45.545386,31390867
2022-05-16,45.701364,46.949182,45.139845,45.295822,23569608
2022-05-17,45.264627,46.418859,43.985613,46.169296,25485851
2022-05-18,46.013318,46.169296,44.484740,45.077454,20207561
2022-05-19,44.266372,45.607777,43.673658,45.389409,12704571
2022-05-20,45.327018,45.420604,43.112140,44.266372,34301236
2022-05-23,44.172786,45.701364,43.455290,45.015063,19205895
2022-05-24,45.015063,46.481250,44.266372,44.328763,26765174
2022-05-25,43.829635,45.763754,43.798440,45.015063,16318676
2022-05-26,45.046259,46.668423,43.954417,46.668423,25518932
2022-05-27,46.606032,47.229942,44.640718,45.576582,33517734
2022-05-30,45.670168,49.912752,45.576582,49.288843,40579060
2022-05-31,48.945692,49.881557,48.415369,49.070474,26433786
2022-06-01,48.820911,50.942203,48.384174,49.850361,27067975
2022-06-02,50.099925,50.536661,49.288843,49.600797,16376032
2022-06-06,48.976888,52.689149,48.976888,50.474270,40737384
2022-06-07,50.474270,52.345999,50.099925,50.755030,29561608
2022-06-08,51.191766,52.190021,48.976888,50.037534,29744096
2022-06-09,50.099925,50.661443,48.976888,50.474270,26625404
2022-06-10,49.507211,53.874577,49.288843,52.751540,36743263
2022-06-13,52.408390,53.001104,51.722089,52.876322,22774220
2022-06-14,52.408390,53.469036,51.878067,53.032299,22615863
2022-06-15,53.032299,53.999359,50.786225,50.879812,27074754
2022-06-16,50.879812,51.878067,50.411880,50.723834,16693787
2022-06-17,50.193511,51.534916,49.819166,51.316548,16196950
2022-06-20,51.472526,51.784480,47.697874,48.072219,52882814
2022-06-21,47.791460,49.756775,46.980378,48.758520,38317340
2022-06-22,48.976888,49.569602,46.824400,47.136355,35097758
2022-06-23,47.448310,50.380684,47.229942,50.318293,35701904
2022-06-24,50.411880,52.002848,49.320038,49.569602,29852886
2022-06-27,49.756775,50.411880,47.105160,47.510701,60155716
2022-06-28,47.261137,47.448310,44.297567,47.385919,63333000
2022-06-29,46.793205,47.573092,45.482995,46.013318,33961045
2022-06-30,46.044514,47.167551,45.794950,46.044514,27066440
2022-07-01,46.044514,46.512446,45.389409,45.763754,18380291
2022-07-04,45.826145,45.950927,44.297567,44.640718,32656065
2022-07-05,44.547131,44.765499,40.398134,41.302802,95024314
2022-07-06,41.365193,42.987358,41.333998,42.145080,47260361
2022-07-07,42.176275,42.332253,41.271607,41.614757,25923912
2022-07-08,41.770734,42.176275,40.897261,41.271607,25460400
2022-07-11,40.897261,41.895516,39.805420,40.273352,28133344
2022-07-12,40.054983,40.273352,39.337488,39.649442,20111084
2022-07-13,39.774224,39.992593,38.744774,39.056728,26623644
2022-07-14,38.838360,40.210961,38.775969,39.493465,32440309
2022-07-15,39.524660,40.522916,39.025533,39.711833,34511576
2022-07-18,39.774224,40.460525,37.808910,40.210961,42080282
2022-07-19,40.429329,42.301057,39.867811,42.082689,69499005
2022-07-20,42.394644,43.018553,41.583562,41.926712,46783563
2022-07-21,42.020298,42.737794,41.333998,41.833125,32121791
2022-07-22,41.989103,42.207471,40.741284,41.115629,25568965
2022-07-25,40.710088,41.053239,37.153805,37.403369,102675279
2022-07-26,37.465759,38.588796,36.748264,37.122609,58329237
2022-07-27,36.810655,37.122609,36.186745,36.436309,56704870
2022-07-28,36.779459,40.086179,36.654677,39.711833,117769885
2022-07-29,39.243901,39.618247,37.590541,37.746519,94999775
2022-08-01,37.684128,40.460525,36.529895,40.398134,99392671
2022-08-02,39.462270,41.053239,38.214451,40.429329,109808326
2022-08-03,40.647697,41.458780,38.994338,39.587051,98734458
2022-08-04,39.774224,40.117374,38.994338,39.618247,62326652
2022-08-05,39.618247,41.926712,39.462270,41.708343,98355275
2022-08-08,41.864321,42.145080,40.741284,41.957907,71316088
2022-08-09,41.489975,42.020298,40.647697,41.489975,60055311
2022-08-10,40.959652,41.396389,40.398134,40.460525,48635326
2022-08-11,40.554111,41.833125,40.554111,41.614757,73846073
2022-08-12,42.113884,42.581817,40.866066,40.928457,55757728
2022-08-15,40.554111,41.209216,40.054983,41.053239,42083345
2022-08-16,41.053239,41.209216,40.522916,40.772479,31861097
2022-08-17,40.585306,41.458780,40.054983,41.178020,45267359
2022-08-18,40.990848,41.302802,40.616502,40.803675,29671054
2022-08-19,40.834870,43.080944,40.647697,41.489975,85979121
2022-08-22,41.178020,42.269862,40.710088,41.645952,55732187
2022-08-23,41.458780,42.082689,40.398134,40.554111,68595350
2022-08-24,40.866066,41.053239,38.401624,38.495210,63637925
2022-08-25,38.526405,38.869556,37.434564,38.370428,36511703
2022-08-26,38.526405,39.961397,38.370428,38.775969,40858571
2022-08-29,37.996082,38.619992,37.715323,38.276842,27257316
2022-08-30,38.120864,38.744774,37.309782,37.684128,35933422
2022-08-31,37.434564,37.808910,36.623482,37.309782,27807799
2022-09-01,37.216196,37.528150,36.685873,36.779459,23365705
2022-09-02,36.717068,37.496955,36.717068,37.340978,19940872
2022-09-05,37.247391,37.309782,36.810655,37.153805,16462967
2022-09-06,37.309782,38.619992,36.966632,38.370428,35375554
2022-09-07,38.339233,38.651187,38.058473,38.432819,27867687
2022-09-08,38.526405,38.588796,37.340978,37.559346,26388792
2022-09-09,37.496955,37.621737,36.997827,37.465759,18155868
2022-09-13,37.528150,38.027278,37.528150,37.559346,16868957
2022-09-14,36.810655,37.216196,36.685873,37.091414,17894356
2022-09-15,37.216196,37.309782,34.658167,35.250881,44866175
2022-09-16,35.126099,35.313272,33.971867,34.159040,25432143
2022-09-19,34.127844,34.283822,33.223176,33.410348,24432224
2022-09-20,33.597521,33.940671,33.285566,33.379153,24336296
2022-09-21,33.098394,33.909476,32.661657,33.753499,21768318
2022-09-22,33.535130,34.034258,33.379153,33.597521,20104668
2022-09-23,33.597521,33.753499,32.349702,32.848830,20798567
2022-09-26,32.505680,32.911221,32.006552,32.100139,16611666
2022-09-27,32.131334,32.661657,31.850575,32.568071,21168405
2022-09-28,32.443289,32.443289,31.413838,31.445034,26579089
2022-09-29,31.819379,32.131334,31.257861,31.476229,16738367
2022-09-30,31.257861,31.632207,31.039493,31.070688,16382992
2022-10-10,31.039493,31.101884,29.729283,29.854065,22852540
2022-10-11,29.947651,30.134824,29.635697,29.791674,15607290
2022-10-12,29.854065,31.601011,29.666892,31.476229,30544465
2022-10-13,31.445034,32.006552,31.195470,31.663402,21687230
2022-10-14,31.912966,32.536875,31.912966,32.349702,20146700
2022-10-17,32.224921,33.597521,32.068943,33.347957,25593077
2022-10-18,33.347957,33.597521,32.911221,33.285566,17158594
2022-10-19,33.316762,33.753499,33.098394,33.129589,16153601
2022-10-20,33.036003,34.003062,32.536875,33.472739,26744737
2022-10-21,33.503935,33.659912,32.880025,33.191980,14979181
2022-10-24,33.410348,33.940671,32.224921,32.692853,22538593
2022-10-25,33.597521,34.626972,33.441544,34.127844,57016094
2022-10-26,33.847085,35.126099,33.659912,35.063708,45822533
2022-10-27,34.876535,35.219686,34.190235,34.346212,34414212
2022-10-28,34.096649,34.315017,32.880025,33.098394,23049492
2022-10-31,32.817634,34.159040,32.599266,33.971867,22160689
2022-11-01,34.003062,34.533385,33.503935,34.502190,22901901
2022-11-02,34.377408,34.845340,34.283822,34.595776,23225688
2022-11-03,34.315017,38.058473,34.252626,38.058473,89214405
2022-11-04,39.774224,41.302802,39.306292,40.023788,159417880
2022-11-07,40.585306,41.022043,39.711833,40.086179,65062645
2022-11-08,39.867811,40.242156,38.526405,39.399879,53221221
2022-11-09,39.119119,39.275097,38.401624,39.025533,29175971
2022-11-10,38.526405,38.994338,37.902496,38.027278,35872708
2022-11-11,38.994338,39.462270,38.464015,38.775969,44987221
2022-11-14,38.370428,39.462270,38.089669,38.464015,31987256
2022-11-15,38.432819,41.489975,38.214451,40.866066,85890080
2022-11-16,40.398134,41.489975,39.680638,40.086179,46749262
2022-11-17,40.086179,40.554111,39.275097,40.460525,35953349
2022-11-18,40.242156,42.425839,40.242156,41.552366,74229418
2022-11-21,41.333998,41.552366,39.867811,40.834870,36924083
2022-11-22,40.616502,41.458780,39.774224,40.054983,33711735
2022-11-23,39.867811,40.522916,38.994338,40.054983,26206745
2022-11-24,40.148570,40.304547,39.181510,39.618247,18839324
2022-11-25,39.337488,40.491720,38.931947,39.275097,23980093
2022-11-28,38.401624,39.431074,38.089669,39.275097,17215309
2022-11-29,39.150315,39.867811,38.994338,39.711833,18168009
2022-11-30,39.462270,39.867811,39.150315,39.555856,17425439
2022-12-01,40.179765,40.491720,39.680638,39.743029,21231688
2022-12-02,39.711833,40.148570,38.869556,38.931947,21522615
2022-12-05,38.931947,39.306292,38.214451,38.619992,31489657
2022-12-06,38.308037,39.306292,38.245646,39.150315,23667206
2022-12-07,39.087924,39.181510,38.432819,38.713578,19438087
2022-12-08,38.682383,38.713578,37.340978,37.996082,21827754
2022-12-09,38.058473,38.557601,38.058473,38.214451,15334344
2022-12-12,38.058473,40.866066,37.902496,40.242156,49192834
2022-12-13,40.242156,40.366938,39.368683,39.618247,21413571
2022-12-14,40.210961,40.647697,37.933692,38.089669,40055451
2022-12-15,37.684128,39.711833,37.684128,39.337488,32356559
2022-12-16,38.994338,39.275097,37.996082,38.183255,21982714
2022-12-19,38.245646,38.370428,36.841850,37.060218,19195294
2022-12-20,36.904241,37.902496,36.904241,37.185000,12328748
2022-12-21,36.966632,37.434564,36.498700,36.966632,13042495
2022-12-22,37.122609,37.590541,36.623482,36.748264,14014093
2022-12-23,36.561091,36.810655,35.781204,36.186745,11503760
2022-12-26,36.030768,37.434564,35.968377,37.247391,12273840
2022-12-27,37.403369,37.496955,36.436309,36.997827,11842663
2022-12-28,36.810655,37.590541,36.685873,36.873046,16093567
2022-12-29,36.810655,37.185000,36.467504,36.654677,11566350
2022-12-30,36.997827,37.403369,36.654677,37.122609,17697853
2023-01-03,37.060218,39.774224,36.841850,39.337488,43782362
2023-01-04,39.368683,40.054983,38.245646,38.370428,26693946
2023-01-05,38.401624,39.243901,38.245646,38.931947,21101398
2023-01-06,38.900751,39.306292,38.557601,38.775969,15906189
2023-01-09,38.682383,39.212706,38.401624,38.713578,13886499
2023-01-10,38.744774,39.337488,38.588796,39.087924,15453068
2023-01-11,38.931947,39.493465,38.495210,38.588796,17911416
2023-01-12,38.651187,39.056728,38.027278,38.963142,15301589
2023-01-13,38.931947,39.056728,37.902496,38.276842,21739004
2023-01-16,38.245646,38.900751,38.027278,38.682383,19548161
2023-01-17,38.838360,39.555856,38.682383,39.462270,25243489
2023-01-18,39.181510,39.462270,38.931947,39.087924,13298510
2023-01-19,39.087924,39.493465,38.931947,39.462270,14100967
2023-01-20,39.431074,39.992593,39.368683,39.711833,14304626
2023-01-30,40.210961,40.429329,39.618247,39.680638,18888543
2023-01-31,39.618247,39.899006,39.306292,39.680638,14926040
2023-02-01,42.394644,43.642463,41.739539,43.642463,55181836
2023-02-02,43.985613,45.389409,43.143335,43.923222,115734935
2023-02-03,43.673658,44.453545,43.392899,43.985613,50877640
2023-02-06,43.673658,43.673658,42.675403,42.924967,39661196
2023-02-07,42.924967,43.767244,42.831380,43.205726,30001517
2023-02-08,43.205726,44.141590,42.924967,43.080944,31605427
2023-02-09,43.580072,47.385919,42.737794,46.730814,101717288
2023-02-10,46.450055,50.692639,46.200491,48.352978,148733650
2023-02-13,48.197001,49.320038,47.198746,48.758520,74362676
2023-02-14,48.415369,49.631993,47.885046,48.508956,44527557
2023-02-15,48.508956,52.533171,47.978633,51.410135,86425985
2023-02-16,50.879812,51.971653,49.195256,49.288843,82665011
2023-02-17,49.694384,49.912752,47.573092,47.604287,62849794
2023-02-20,47.604287,49.288843,47.510701,49.101670,44944180
2023-02-21,48.664933,50.443075,48.352978,48.727324,42505480
2023-02-22,48.664933,49.881557,48.352978,49.663188,37360084
2023-02-23,49.663188,49.850361,48.041024,48.321783,34926446
2023-02-24,48.259392,49.756775,48.259392,48.696129,36002686
2023-02-27,48.696129,49.538406,48.041024,49.288843,39758320
2023-02-28,49.569602,53.593817,49.569602,51.160571,76751145
2023-03-01,51.191766,52.470781,50.287098,51.722089,46083957
2023-03-02,51.472526,52.221217,50.973398,51.191766,23802429
2023-03-03,51.160571,51.566112,49.320038,50.193511,33731653
2023-03-06,50.131120,50.692639,49.600797,50.162316,24534198
2023-03-07,49.756775,50.037534,46.824400,47.136355,66415394
2023-03-08,47.011573,48.945692,46.980378,48.883301,41958661
2023-03-09,48.727324,49.039279,48.041024,48.696129,20390915
2023-03-10,48.290588,49.132865,47.729069,48.352978,20501460
2023-03-13,47.978633,49.164061,47.885046,48.945692,17881562
2023-03-14,48.633738,48.664933,46.699619,47.916242,31419466
2023-03-15,48.384174,48.914497,47.635483,47.697874,18552465
2023-03-16,47.510701,47.916242,46.668423,46.886791,18358823
2023-03-17,47.229942,48.976888,47.198746,48.321783,29754505
2023-03-20,48.072219,53.157081,48.072219,52.876322,110372046
2023-03-21,52.782735,55.215982,52.657953,53.999359,83113466
2023-03-22,54.966418,59.396175,54.748050,59.396175,109045151
2023-03-23,60.987144,65.323314,60.831167,65.323314,153290287
2023-03-24,66.227983,67.850147,63.576368,67.382215,160721665
2023-03-27,66.227983,71.593604,66.196787,70.408176,161978928
2023-03-28,67.600583,68.879598,65.011359,65.510487,121769436
2023-03-29,64.917773,68.505252,64.917773,65.978419,119631911
2023-03-30,64.917773,67.351020,64.387450,65.947224,80868720
2023-03-31,64.886578,67.631779,63.326804,67.039065,89043743
2023-04-03,66.664719,71.375235,65.697660,70.158612,199950839
2023-04-04,69.253943,75.992165,66.134396,73.028595,183707361
2023-04-06,72.872618,80.328335,71.749581,80.328335,105314195
2023-04-07,80.484313,81.108222,74.370000,78.331825,119159063
2023-04-10,75.898579,82.137673,74.307610,75.274669,118733426
2023-04-11,72.654250,77.395961,72.373490,73.714896,85389329
2023-04-12,73.309354,77.084006,71.811972,74.557173,90400526
2023-04-13,72.997400,73.215768,69.316334,70.033830,115471914
2023-04-14,70.189808,70.782521,67.226238,69.534703,71683868
2023-04-17,69.347530,70.501762,68.162102,69.659485,65333404
2023-04-18,68.474057,74.463587,67.070261,71.967949,116360064
2023-04-19,71.344040,75.430646,70.844912,73.933264,110136503
2023-04-20,74.245219,81.326590,73.933264,81.326590,139708824
2023-04-21,82.605605,82.667996,75.181083,76.460097,108349039
2023-04-24,76.584879,79.548449,76.210533,77.895089,78694359
2023-04-25,76.304120,79.267689,74.026850,75.960969,67750715
2023-04-26,75.992357,78.126798,68.615982,69.557647,122267544
2023-04-27,68.490427,71.127089,67.329040,68.364872,66850857
2023-04-28,67.737095,72.822086,67.580151,68.835704,70256544
2023-05-04,68.270705,69.745980,63.311270,64.190157,98035416
2023-05-05,64.221546,65.194600,61.584884,63.562381,60662846
2023-05-08,63.279881,67.799873,62.369605,65.822377,74841492
2023-05-09,67.046541,72.414031,67.046541,70.624867,95145110
2023-05-10,69.118204,71.095700,63.719325,65.539877,91145117
2023-05-11,65.916543,66.826819,63.562381,64.127380,49567064
2023-05-12,64.001824,64.943489,62.149883,62.652105,47938327
2023-05-15,62.840438,64.221546,59.167945,61.302385,78817278
2023-05-16,61.019886,61.333774,56.782393,58.069336,120987255
2023-05-17,58.006558,59.544611,57.096282,57.755447,64533930
2023-05-18,58.854056,63.530992,58.477390,61.961550,149488956
2023-05-19,61.396551,65.759599,59.764332,60.329331,109929542
2023-05-22,59.638777,60.329331,57.755447,58.634334,59243169
2023-05-23,58.822667,59.167945,56.060450,56.311561,61849673
2023-05-24,56.311561,58.163502,54.428231,57.002115,75122717
2023-05-25,60.831553,62.306828,58.069336,59.952665,122130263
2023-05-26,59.795721,63.813491,59.324889,62.526549,102696824
2023-05-29,63.907658,65.696821,57.598503,57.692670,178555438
2023-05-30,56.060450,59.858499,53.141289,59.607388,154563468
2023-05-31,60.266554,65.571266,60.266554,65.571266,173528979
2023-06-01,65.728210,69.683203,64.472657,66.230431,181688197
2023-06-02,65.885154,66.858208,63.405437,64.095991,114586255
2023-06-05,64.252935,67.611540,64.190157,67.297652,115118196
2023-06-06,66.230431,67.172096,63.562381,64.033213,85431748
2023-06-07,64.441268,65.885154,62.809049,64.127380,56422279
2023-06-08,64.472657,64.504046,61.019886,62.244050,63894989
2023-06-09,61.835995,68.459038,61.208219,68.459038,124997819
2023-06-12,70.938756,72.225698,69.212370,70.028480,148116602
2023-06-13,70.185424,71.409588,68.772927,70.813200,103908693
2023-06-14,70.310979,74.768193,69.275148,72.947641,114194596
2023-06-15,71.911810,73.073196,68.678760,69.055426,112515984
2023-06-16,68.427649,70.907367,67.172096,70.624867,84106178
2023-06-19,69.997091,73.575418,68.772927,73.324307,106396581
2023-06-20,72.727919,73.606806,69.369314,70.624867,105575271
2023-06-21,70.342368,71.252644,67.737095,67.768484,74431430
2023-06-26,66.104876,66.795430,61.270996,61.365163,106031069
2023-06-27,61.804606,62.620716,60.894330,62.149883,48432227
2023-06-28,61.710440,61.710440,57.912391,60.266554,68056886
2023-06-29,60.266554,61.302385,59.167945,59.764332,49045531
2023-06-30,60.894330,65.728210,60.486275,65.728210,103916567
2023-07-03,68.584594,70.028480,66.669875,67.046541,110775576
2023-07-04,67.172096,72.759308,66.795430,70.216813,128221883
2023-07-05,73.638195,76.745689,71.409588,71.597921,162207390
2023-07-06,72.162920,78.346520,70.781812,75.019304,147484798
2023-07-07,74.077639,74.956526,69.432092,71.880421,104104310
2023-07-10,72.476808,72.853474,69.369314,69.463481,69928194
2023-07-11,69.871536,71.127089,68.710149,69.557647,65619929
2023-07-12,68.615982,69.934313,66.450153,66.481542,66317430
2023-07-13,67.737095,73.135974,66.261820,73.135974,88285990
2023-07-14,76.212079,80.355405,74.925137,79.131240,174077141
2023-07-17,80.261238,81.485403,77.404855,79.256796,90643489
2023-07-18,78.095409,80.763460,76.588745,76.965411,67980610
2023-07-19,76.965411,79.727628,76.086524,76.651523,59750193
2023-07-20,76.682912,76.682912,70.750423,70.970145,80766560
2023-07-21,70.781812,72.853474,69.337925,71.064311,56605460
2023-07-24,71.095700,78.158187,70.562090,75.929580,118242019
2023-07-25,75.929580,79.162629,73.920695,76.525968,115379099
2023-07-26,75.804024,76.243468,71.503755,72.759308,85651480
2023-07-27,72.225698,72.979030,69.745980,70.279590,57931827
2023-07-28,70.279590,70.938756,68.364872,69.055426,57791729
2023-07-31,69.055426,69.683203,66.230431,68.835704,65771259
2023-08-01,69.651814,72.194309,67.015152,71.284033,99121336
2023-08-02,70.216813,71.692088,68.678760,70.593479,60964792
2023-08-03,69.557647,70.970145,68.145150,68.459038,58842885
2023-08-04,68.490427,73.010419,67.862650,72.131531,83187534
2023-08-07,72.037365,75.364581,71.786254,72.947641,75934673
2023-08-08,72.414031,73.544029,70.405146,70.436535,47054845
2023-08-09,70.059869,70.562090,67.109319,67.172096,55948875
2023-08-10,66.544320,68.270705,64.629601,68.239316,54547751
2023-08-11,67.580151,69.432092,66.481542,66.764041,40504964
2023-08-14,64.472657,67.548762,62.463772,67.297652,65888000
2023-08-15,67.799873,70.154035,66.230431,67.329040,51883785
2023-08-16,66.324598,69.306537,65.822377,67.172096,49419569
2023-08-17,66.230431,68.082372,65.288766,67.737095,42114047
2023-08-18,67.454596,68.176539,64.033213,64.095991,50592927
2023-08-21,63.813491,65.853765,63.625158,64.692379,36205398
2023-08-22,65.947932,71.127089,65.225989,69.337925,85969729
2023-08-23,68.082372,68.364872,64.817934,64.974878,52366633
2023-08-24,67.799873,68.961260,65.853765,66.638486,63126451
2023-08-25,64.974878,65.194600,60.894330,61.427940,77582035
2023-08-28,64.912100,65.853765,62.212661,63.530992,57345292
2023-08-29,63.091548,66.575708,62.181272,65.696821,56476924
2023-08-30,65.665432,68.584594,65.602655,66.764041,54857215
2023-08-31,65.853765,67.423207,65.477099,66.324598,31107119
2023-09-01,65.916543,67.140707,65.257378,65.320155,26892684
2023-09-04,65.602655,67.423207,64.943489,67.360429,43580937
2023-09-05,66.858208,66.952374,63.436825,64.284324,56073491
2023-09-06,63.719325,64.158769,62.369605,63.342659,34337928
2023-09-07,62.809049,63.248492,61.427940,61.459329,37274210
2023-09-08,61.208219,62.338216,60.737386,61.522107,26750984
2023-09-11,61.522107,64.221546,60.266554,63.060159,40920246
2023-09-12,62.557938,64.817934,62.400994,63.311270,41595417
2023-09-13,62.526549,62.683494,59.827110,60.329331,44230082
2023-09-14,60.705997,61.302385,60.078221,60.423498,23805991
2023-09-15,60.768775,61.208219,58.759890,59.230722,33782218
2023-09-18,58.916834,60.046832,58.414613,58.697112,31222849
2023-09-19,58.665723,61.333774,57.818225,61.239607,66932311
2023-09-20,61.145441,64.598212,60.580442,62.400994,80318761
2023-09-21,61.522107,63.970436,61.302385,62.495161,54986848
2023-09-22,62.495161,68.741538,61.992939,68.741538,107380161
2023-09-25,69.055426,72.194309,68.710149,70.248202,118054888
2023-09-26,71.127089,73.669584,70.907367,71.127089,78433110
2023-09-27,71.158478,71.566532,69.840147,69.934313,47329910
2023-09-28,71.252644,72.194309,70.059869,70.656256,54750865
2023-10-09,70.687645,71.566532,69.118204,70.091257,33995698
2023-10-10,70.624867,70.624867,68.835704,69.871536,36886733
2023-10-11,69.840147,71.566532,68.929871,70.373757,54975009
2023-10-12,70.656256,71.472366,69.306537,70.248202,29947891
2023-10-13,69.369314,69.840147,68.113761,68.678760,34003362
2023-10-16,68.239316,68.835704,66.230431,66.858208,32742358
2023-10-17,66.858208,67.140707,64.974878,66.010709,25382061
2023-10-18,64.943489,64.974878,59.638777,63.028771,80227969
2023-10-19,62.306828,64.347101,61.773217,62.809049,41273998
2023-10-20,62.620716,63.813491,61.239607,61.490718,29246540
2023-10-23,61.459329,62.589327,60.580442,60.894330,26379045
2023-10-24,61.835995,65.382933,61.835995,63.185715,47343003
2023-10-25,63.122937,64.284324,59.952665,60.235165,61825012
2023-10-26,60.580442,61.459329,59.011000,61.051274,38192058
2023-10-27,60.266554,61.741829,60.015443,61.270996,33888420
2023-10-30,61.270996,62.871826,60.360720,62.620716,53352649
2023-10-31,62.181272,62.871826,60.266554,61.333774,35892647
2023-11-01,61.679051,61.679051,60.078221,60.235165,27440078
2023-11-02,60.831553,63.436825,60.831553,61.835995,50756441
2023-11-03,61.270996,63.217104,60.800164,62.557938,39884615
2023-11-06,63.091548,64.817934,62.620716,64.723767,48166982
2023-11-07,64.347101,67.988206,63.091548,66.073487,54843466
2023-11-08,65.320155,66.544320,64.660990,65.916543,33583753
2023-11-09,65.634044,70.624867,65.634044,67.485985,50798008
2023-11-10,67.705706,69.306537,66.544320,67.548762,33640168
2023-11-13,68.145150,70.624867,67.737095,68.302094,42946840
2023-11-14,68.302094,69.369314,67.172096,67.925428,29736877
2023-11-15,68.647371,69.118204,67.172096,67.988206,27919201
2023-11-16,66.920986,67.172096,65.759599,65.790988,26639876
2023-11-17,65.225989,67.234874,65.194600,66.732653,27724667
2023-11-20,65.916543,66.858208,65.131822,66.010709,25085316
2023-11-21,66.230431,67.297652,65.508488,65.571266,25373791
2023-11-22,65.100433,65.539877,64.441268,64.504046,18346903
2023-11-23,64.472657,65.163211,63.813491,64.943489,14720525
2023-11-24,64.472657,64.723767,62.777660,63.060159,21265846
2023-11-27,63.060159,64.095991,62.903215,63.907658,16916615
2023-11-28,63.907658,64.692379,63.311270,64.535434,16757984
2023-11-29,64.252935,64.943489,64.001824,64.409879,13444288
2023-11-30,64.409879,65.508488,63.562381,64.880712,18157963
2023-12-01,64.723767,66.575708,64.033213,65.979321,23476724
2023-12-04,66.387375,66.858208,65.320155,65.351544,18573415
2023-12-05,64.974878,64.974878,63.185715,63.279881,16102707
2023-12-06,63.279881,63.468214,62.495161,62.620716,15328997
2023-12-07,62.777660,65.916543,62.746271,65.634044,31997001
2023-12-08,65.665432,72.194309,65.634044,70.373757,66918422
2023-12-11,68.741538,69.997091,67.172096,69.997091,41053859
2023-12-12,69.745980,71.566532,69.683203,70.436535,28880264
2023-12-13,70.185424,70.593479,69.683203,69.683203,14639672
2023-12-14,69.871536,70.562090,68.333483,68.490427,16852710
2023-12-15,68.553205,69.055426,67.109319,67.611540,14881342
2023-12-18,67.172096,68.364872,66.701264,67.611540,17018783
2023-12-19,67.580151,69.306537,67.266263,67.988206,15803238
2023-12-20,67.988206,68.364872,66.418764,67.391818,18030332
2023-12-21,67.077930,68.898482,66.418764,67.925428,17534283
2023-12-22,67.642929,68.584594,66.167654,66.889597,17387253
2023-12-25,66.512931,69.118204,66.481542,68.992648,21117854
2023-12-26,69.118204,70.373757,68.427649,70.248202,40725312
2023-12-27,70.279590,70.279590,67.674317,68.615982,29269648
2023-12-28,68.364872,70.813200,67.988206,69.745980,28143238
2023-12-29,69.745980,70.938756,68.898482,69.432092,32759452
2024-01-02,69.369314,70.185424,68.772927,69.118204,15973019
2024-01-03,68.741538,69.337925,66.858208,67.799873,23069049
2024-01-04,67.642929,67.768484,66.230431,67.391818,14392016
2024-01-05,67.485985,67.485985,64.127380,64.504046,25243396
2024-01-08,64.347101,64.504046,62.620716,62.652105,18716190
2024-01-09,64.033213,67.140707,63.719325,65.790988,34478159
2024-01-10,65.131822,65.351544,63.342659,64.127380,16944482
2024-01-11,63.939047,66.042098,63.248492,64.190157,22539913
2024-01-12,63.719325,63.970436,62.809049,63.248492,17498284
2024-01-15,62.840438,64.158769,62.777660,64.001824,14526728
2024-01-16,63.656547,65.539877,63.405437,65.069045,22560342
2024-01-17,64.629601,67.329040,64.598212,65.037656,27266145
2024-01-18,64.660990,68.867093,63.750714,68.678760,37450350
2024-01-19,68.710149,73.481251,68.490427,71.001533,52439462
2024-01-22,72.351253,74.203194,68.835704,69.243759,40930238
2024-01-23,68.961260,72.822086,68.490427,71.221255,35637810
2024-01-24,71.158478,71.252644,68.678760,70.781812,25922208
2024-01-25,70.028480,73.387085,69.840147,73.010419,34778836
2024-01-26,71.597921,72.194309,67.705706,68.145150,41495484
2024-01-29,67.799873,67.799873,61.930162,62.212661,57812338
2024-01-30,61.302385,64.221546,61.051274,62.212661,31391610
2024-01-31,61.616273,63.782103,60.988497,61.867384,29349088
2024-02-01,61.365163,66.858208,60.392109,64.441268,46722495
2024-02-02,65.037656,67.234874,63.028771,64.629601,33489180
2024-02-05,64.033213,67.485985,62.714882,65.351544,39398618
2024-02-06,64.033213,71.880421,63.719325,71.880421,59329577
2024-02-07,72.162920,74.548471,71.503755,73.418473,59721303
2024-02-08,73.010419,80.763460,72.602364,78.440686,73608952
2024-02-19,80.324016,86.287894,79.162629,86.287894,104812651
2024-02-20,82.835122,83.902343,81.077348,81.767902,93045499
2024-02-21,78.942907,80.010128,76.682912,77.028189,89334862
2024-02-22,79.099852,79.884572,76.996800,78.220964,73133513
2024-02-23,80.637904,82.709567,79.037074,79.476518,79328187
2024-02-26,77.907076,81.548180,77.216522,80.198461,54276199
2024-02-27,78.723186,86.287894,78.032631,85.032340,73339592
2024-02-28,84.122064,84.749841,79.382351,79.413740,68159146
2024-02-29,79.413740,83.117622,79.131240,82.866511,46964984
2024-03-01,82.897900,86.287894,82.835122,85.534562,53234586
2024-03-04,86.633171,90.650941,85.691506,88.955944,63178434
2024-03-05,87.104003,94.700100,86.664560,88.893167,67153946
2024-03-06,87.512058,90.650941,86.476227,89.081500,49323946
2024-03-07,89.520943,93.978157,89.458166,90.556775,61929368
2024-03-08,92.910937,99.628146,91.184551,99.628146,88307092
2024-03-11,96.049820,99.628146,93.789824,98.560926,90937844
2024-03-12,96.363708,96.489263,91.027607,92.722604,92128803
2024-03-13,94.700100,96.991485,93.193436,93.695658,81332885
2024-03-14,90.713719,96.300930,90.305664,94.480378,64008174
2024-03-15,93.099270,99.942035,92.314549,98.560926,73854882
2024-03-18,98.623704,107.726465,98.152871,103.614528,78677366
2024-03-19,102.327586,103.426195,100.067590,101.323143,47158453
2024-03-20,101.385921,104.932859,99.753702,102.045086,51988805
2024-03-21,101.354532,102.767029,99.188703,99.596758,38569948
2024-03-22,100.318701,101.385921,98.560926,99.942035,39925184
2024-03-25,98.874814,99.377036,94.260656,94.857044,76324053
2024-03-26,101.072033,102.358975,96.081209,97.619261,107627009
2024-03-27,97.054262,98.403982,92.251771,94.417601,67961625
2024-03-28,94.480378,98.686482,94.009546,95.610376,80680747
2024-03-29,94.166490,95.422043,92.283160,94.731489,45137419
2024-04-01,94.794267,99.816479,93.444547,99.816479,66248424
2024-04-02,99.502591,100.758144,95.547599,96.489263,51778967
2024-04-03,95.359266,96.049820,92.283160,92.973714,55248620
2024-04-08,91.969272,96.300930,91.090385,94.229268,46377474
2024-04-09,93.789824,94.668711,91.843717,93.350380,30567424
2024-04-10,93.224825,93.224825,90.085942,91.404273,38865976
2024-04-11,92.000661,94.103712,90.274275,90.368442,33645338
2024-04-12,91.529828,98.247038,91.529828,94.919822,70659168
2024-04-15,93.883991,97.085651,93.381769,95.798709,47005161
2024-04-16,94.166490,97.305373,92.283160,93.475936,46793518
2024-04-17,94.166490,97.995927,93.193436,97.964538,55844529
2024-04-18,96.363708,98.749259,95.076766,97.054262,45166585
2024-04-19,96.206764,96.834541,92.157605,94.072324,44450224
2024-04-22,87.260947,90.807885,84.655675,90.117331,63800603
2024-04-23,92.126216,95.422043,91.718161,92.753993,51557207
2024-04-24,94.354823,99.125925,91.467051,98.686482,69064279
2024-04-25,97.305373,98.466760,96.552041,97.650650,38383473
2024-04-26,100.381478,106.376745,100.130368,104.085360,73031945
2024-04-29,104.932859,107.412576,103.583139,105.246747,48812439
2024-04-30,105.215358,108.793685,104.305082,105.152580,50346083
2024-05-06,107.349799,107.946186,103.645917,103.897027,46462993
2024-05-07,104.901470,106.565078,100.915088,102.264808,47325051
2024-05-08,101.323143,103.645917,100.444256,101.668420,32238411
2024-05-09,100.946477,101.511476,98.906203,100.883700,36414180
2024-05-10,100.130368,100.130368,97.022874,98.529537,36423129
2024-05-13,98.906203,101.291754,98.278427,100.004812,34947191
2024-05-14,100.820922,102.861196,98.215649,98.498149,37925282
2024-05-15,97.650650,102.515919,97.619261,100.004812,38450962
2024-05-16,102.327586,105.089803,101.542865,103.206473,54366678
2024-05-17,102.107864,102.672863,99.282869,101.731198,39971990
2024-05-20,101.380499,104.568565,99.977750,103.771548,35699372
2024-05-21,103.771548,104.791729,102.783248,103.835310,29730043
2024-05-22,103.070174,104.249758,101.794947,102.273157,26729164
2024-05-23,103.930952,104.823610,100.902289,102.496322,34191580
2024-05-24,102.496322,106.258240,99.180733,99.595182,48046885
2024-05-27,100.392198,102.783248,99.212614,102.496322,40213222
2024-05-28,101.667425,102.910770,98.893807,99.148853,33613241
2024-05-29,100.264676,101.157334,98.989449,99.116972,24854503
2024-05-30,98.575001,100.105272,97.108490,99.308256,20539982
2024-05-31,98.447478,100.870408,97.172252,99.627062,22367437
2024-06-03,99.786466,109.286902,99.786466,106.640808,72578506
2024-06-04,106.003195,108.043557,105.524985,107.150898,37381469
2024-06-05,107.182779,108.139199,104.951133,105.174297,30751810
2024-06-06,107.756631,111.901117,107.119018,108.808693,58513671
2024-06-07,107.724750,108.904335,102.687606,104.409161,43137717
2024-06-11,104.185997,106.098836,103.006412,104.919252,27536116
2024-06-12,104.823610,106.768330,103.771548,104.855491,29160509
2024-06-13,106.322001,111.901117,106.290120,109.733232,56127846
2024-06-14,109.286902,120.700179,109.286902,118.149726,88033239
2024-06-17,119.552475,122.071047,116.938261,120.349491,56406119
2024-06-18,119.233668,125.227232,119.233668,122.740541,52890793
2024-06-19,123.059348,123.665080,119.871282,120.349491,32319260
2024-06-20,119.807520,121.401553,118.149726,118.436652,27132336
2024-06-21,116.683216,119.520594,116.045602,118.277249,24165360
2024-06-24,117.639635,121.433434,116.906380,117.671516,33442906
2024-06-25,115.631154,116.205006,112.634372,113.399508,41382418
2024-06-26,115.726796,117.926561,113.813956,117.320829,33575666
2024-06-27,116.300648,118.500413,114.451569,114.929779,27574263
2024-06-28,114.483450,118.755459,114.069001,116.364409,35562715
2024-07-01,115.152944,121.082747,114.866018,119.393072,35465362
2024-07-02,118.436652,120.508895,116.460051,117.543993,27731794
2024-07-03,117.002022,118.404771,115.694915,117.448351,20608513
2024-07-04,118.596055,121.082747,117.512113,118.946742,31795280
2024-07-05,118.532294,121.911644,113.909598,121.465315,35188134
2024-07-08,120.158208,122.804302,119.233668,120.795821,25630341
2024-07-09,121.114627,129.244196,119.679998,128.925389,44299346
2024-07-10,128.670344,133.771249,125.928607,131.507722,51725921
2024-07-11,131.507722,132.304739,125.609800,131.316439,46228432
2024-07-12,125.609800,129.818048,123.091228,128.319657,34510812
2024-07-15,124.334574,126.024249,121.146508,124.749023,48608587
2024-07-16,124.334574,127.522640,121.624718,126.598101,44359058
2024-07-17,125.322874,125.322874,114.515331,114.642853,76575570
2024-07-18,112.953178,115.726796,109.765112,115.535512,60624461
2024-07-19,114.164643,115.503631,111.295384,112.538730,39120800
2024-07-22,111.646071,115.344228,110.307084,113.909598,35304850
2024-07-23,116.173125,117.320829,112.793775,112.889417,38239653
2024-07-24,111.582310,116.205006,111.072219,111.422907,34858568
2024-07-25,108.011676,109.701351,105.206178,106.481404,48308482
2024-07-26,105.971314,108.011676,103.612145,106.863972,41757647
2024-07-29,106.640808,110.020158,104.696087,108.617409,35424901
2024-07-30,107.756631,107.979795,103.803429,104.154116,36399483
2024-07-31,102.783248,107.533466,102.049993,106.736450,50691694
2024-08-01,111.582310,112.602491,108.330483,108.681170,46796486
2024-08-02,104.568565,105.365581,101.157334,101.731186,60423571
2024-08-05,97.459178,100.169034,95.673861,95.673861,59600239
2024-08-06,99.754585,100.774766,97.522939,99.435779,47301202
2024-08-07,98.830046,102.336919,97.841746,100.455960,34990081
2024-08-08,98.830046,100.200914,97.267894,98.351836,25237713
2024-08-09,100.360318,105.206178,99.435779,103.325219,47495251
2024-08-12,102.368799,106.098836,102.113754,104.696087,33313325
2024-08-13,105.301820,109.637590,104.090355,105.333701,43822430
2024-08-14,106.800211,108.713051,104.568565,104.600445,33184445
2024-08-15,104.090355,105.843791,103.102054,103.644026,21735023
2024-08-16,104.759849,108.713051,104.759849,107.565347,39044249
2024-08-19,107.119018,108.713051,105.875672,106.959614,24208111
2024-08-20,108.298602,109.031857,105.780030,106.672688,18896611
2024-08-21,105.238059,108.649289,104.951133,106.736450,22949893
2024-08-22,106.736450,109.478186,103.994713,108.936215,34303501
2024-08-23,108.266721,108.362363,104.696087,106.545166,35953645
2024-08-26,107.087137,107.597228,103.612145,104.664207,23236490
2024-08-27,102.847009,104.281639,101.794947,102.336919,24796976
2024-08-28,101.986231,105.620627,101.380499,102.847009,20626785
2024-08-29,98.830046,99.435779,95.195651,98.192433,47499891
2024-08-30,97.554820,104.568565,97.459178,103.644026,55575407
2024-09-02,108.713051,109.605709,103.930952,104.632326,58515659
2024-09-03,103.930952,108.904335,103.930952,108.394244,47939731
2024-09-04,103.612145,105.556865,100.455960,104.090355,49826826
2024-09-05,103.771548,108.394244,103.038293,106.066956,38546304
2024-09-06,105.206178,106.066956,97.586700,97.873626,60379873
2024-09-09,95.928906,97.331655,94.558038,95.641980,33301993
2024-09-10,95.960787,99.340137,95.323173,98.479359,32435369
2024-09-11,98.479359,100.742886,98.192433,98.925688,23330135
2024-09-12,102.113754,105.206178,101.348618,101.539902,45062174
2024-09-13,100.934170,108.872454,100.934170,108.298602,71250971
2024-09-18,106.640808,108.489886,105.301820,106.545166,27502448
2024-09-19,106.800211,107.087137,102.049993,102.591964,43049524
2024-09-20,103.293338,104.122236,102.018112,102.496322,24329629
2024-09-23,102.241277,105.524985,101.093573,102.560083,30770931
2024-09-24,102.942651,112.060520,101.826828,111.582310,60001633
2024-09-25,112.474968,113.813956,107.852273,108.394244,62683826
2024-09-26,109.669470,111.199742,107.469705,111.199742,45468164
2024-09-27,111.263503,118.277249,110.147680,116.428170,72193983
2024-09-30,118.755459,128.064611,115.790557,128.032731,92970967
2024-10-08,140.848756,140.848756,125.290994,140.848756,94161886
2024-10-09,140.274904,149.392773,130.742587,140.593711,91742627
2024-10-10,140.593711,141.486369,129.690525,133.229278,68174676
2024-10-11,130.328138,138.680871,128.893508,133.388681,51974536
2024-10-14,133.388681,136.640509,128.415298,136.162299,53420895
2024-10-15,135.173998,137.724451,132.400381,132.432262,41642948
2024-10-16,126.885027,129.371718,125.163471,125.928607,45759879
2024-10-17,127.522640,130.838229,127.235714,128.510940,39225074
2024-10-18,128.447179,141.326966,128.447179,137.501287,69497783
2024-10-21,140.211143,140.561830,134.695788,136.353583,59735188
2024-10-22,137.246241,140.912517,136.130418,137.979496,40999026
2024-10-23,135.492805,137.565048,131.699006,133.133636,45196342
2024-10-24,132.240978,137.788213,131.188916,134.950834,36737865
2024-10-25,138.234542,145.312048,137.118719,141.167562,71230354
2024-10-28,140.179262,140.370546,133.261159,133.866891,83157762
2024-10-29,133.898772,134.185698,127.841447,131.667126,66823231
2024-10-30,130.583183,132.368500,129.594883,130.742587,36610048
2024-10-31,130.328138,131.667126,126.885027,130.296257,48169203
2024-11-01,128.479060,129.849928,125.673562,125.673562,43350612
2024-11-04,125.641681,131.603364,125.450397,130.009331,40977610
2024-11-05,129.818048,133.643727,129.148554,132.336620,45332997
2024-11-06,132.336620,132.974233,127.905208,128.734105,53089636
2024-11-07,127.554521,130.487541,125.928607,129.658644,44823446
2024-11-08,130.264377,133.197397,128.255895,128.510940,50935240
2024-11-11,127.873327,132.017813,123.601319,131.284558,68831816
2024-11-12,131.507722,133.771249,128.160253,130.296257,51769075
2024-11-13,129.116673,135.492805,128.128373,135.460924,81043565
2024-11-14,134.536385,134.536385,130.360019,130.710706,42374188
2024-11-15,129.818048,131.985932,124.015767,124.302693,42761337
2024-11-18,124.302693,126.502459,118.946742,120.349491,37515632
2024-11-19,121.082747,124.780903,120.349491,124.207051,27963252
2024-11-20,124.812784,126.311175,123.346274,124.047648,28725452
2024-11-21,123.123109,123.952006,121.146508,122.549257,32611710
2024-11-22,122.357973,122.995586,116.810738,116.810738,36076999
2024-11-25,116.810738,117.320829,112.379327,113.495150,43187086
2024-11-26,113.431388,118.436652,113.176343,116.810738,34218699
2024-11-27,116.332528,121.050866,114.164643,120.349491,37677876
2024-11-28,120.349491,120.445133,116.842619,117.320829,30928551
2024-11-29,117.320829,121.146508,116.778858,118.978623,34813663
2024-12-02,121.114627,123.665080,120.700179,121.465315,34535336
2024-12-03,121.146508,122.421734,119.903162,121.497195,23410307
2024-12-04,121.242150,121.688479,118.659817,119.552475,20138880
2024-12-05,119.743759,124.334574,119.743759,122.453615,36253045
2024-12-06,122.421734,124.972187,122.421734,122.836183,26478040
2024-12-09,122.963706,122.963706,119.935043,121.050866,22300314
2024-12-10,123.346274,123.952006,116.428170,116.842619,62464497
2024-12-11,115.886199,118.213487,114.866018,117.288948,35690809
2024-12-12,117.320829,119.743759,116.523812,118.500413,42978846
2024-12-13,117.352709,122.899944,117.257067,120.827701,100750225
2024-12-16,121.082747,122.740541,117.735277,120.508895,53279508
2024-12-17,120.508895,126.215533,119.966924,124.685261,81173898
2024-12-18,124.717142,124.940307,121.560957,124.079529,47528692
2024-12-19,122.230450,126.119891,121.624718,125.609800,41259534
2024-12-20,125.290994,126.566220,124.015767,124.557739,33290495
2024-12-23,124.589619,126.343056,121.210269,121.688479,32616190
2024-12-24,122.804302,125.227232,121.401553,125.227232,32482256
2024-12-25,125.290994,125.801084,122.262331,123.059348,27790141
2024-12-26,122.453615,131.667126,122.039166,131.093274,70653504
2024-12-27,131.093274,133.803130,129.658644,130.774467,47453014
2024-12-30,130.073093,133.420562,128.574702,130.009331,40648211
2024-12-31,130.551303,130.583183,123.696961,126.406817,54572199
2025-01-02,124.749023,128.032731,121.465315,123.218751,33266750
2025-01-03,123.027467,126.885027,121.560957,124.334574,37644125
2025-01-06,125.577920,130.232496,123.952006,127.171953,31210438
2025-01-07,127.235714,134.823311,126.247414,134.823311,59090225
2025-01-08,132.974233,135.173998,130.360019,134.249459,41298092
2025-01-09,138.266422,140.880637,136.736151,136.799912,58865824
2025-01-10,134.217579,137.915735,133.356801,133.898772,43061577
2025-01-13,130.391899,134.536385,128.096492,129.531122,37464942
2025-01-14,129.531122,134.376982,126.311175,133.069875,52697166
2025-01-15,132.272858,132.272858,123.186870,123.314393,69265040
2025-01-16,124.143290,126.725623,122.868064,125.004068,47232180
2025-01-17,123.537558,128.383418,122.931825,126.629982,38305269
2025-01-20,127.554521,132.559784,127.522640,131.029513,46103497
2025-01-21,131.667126,134.663908,130.870109,133.771249,35862585
2025-01-22,134.855192,147.129246,134.217579,145.312048,86641900
2025-01-23,145.790258,146.969843,141.135682,143.431089,53562688
2025-01-24,142.123982,145.025122,140.051739,142.410908,37877891
2025-01-27,136.130418,136.608628,132.304739,132.591665,52200149
2025-02-05,129.913690,130.646945,119.329310,119.361191,63225280
2025-02-06,119.616236,121.369673,117.352709,121.210269,104259421
2025-02-07,121.369673,127.426998,121.369673,124.653381,96169621
2025-02-10,124.972187,125.290994,122.357973,124.940307,51605421
2025-02-11,124.557739,127.522640,124.334574,126.215533,48911796
2025-02-12,125.546039,126.885027,124.908426,126.534340,46137039
2025-02-13,126.088010,126.088010,121.178389,121.624718,69624894
2025-02-14,122.294212,126.279294,122.230450,123.633199,65588547
2025-02-17,123.378154,131.635245,123.282512,129.212315,82549849
2025-02-18,128.797866,135.492805,127.873327,132.910472,74930562
2025-02-19,132.814830,133.516204,130.423780,133.069875,44482529
2025-02-20,133.069875,135.301521,130.870109,134.982714,46508503
2025-02-21,134.918953,138.266422,133.835011,135.460924,55354269
2025-02-24,133.898772,133.898772,127.140072,127.490759,80028794
2025-02-25,125.769204,126.088010,123.282512,123.952006,68648869
2025-02-26,124.175171,127.108191,122.134808,125.928607,62289394
2025-02-27,126.183652,126.502459,119.552475,121.082747,96664810
2025-02-28,117.639635,117.639635,109.318783,111.805475,133857842
2025-03-03,110.944697,111.199742,102.368799,104.887371,125891943
2025-03-04,100.041511,107.437824,100.041511,107.150898,79730923
2025-03-05,107.119018,109.796993,106.768330,108.011676,56801015
2025-03-06,108.426125,111.104100,107.724750,110.211442,55762334
2025-03-07,108.394244,109.510067,105.429343,106.353882,65962138
2025-03-10,106.704569,108.298602,106.290120,107.724750,41734800
2025-03-11,105.907553,110.944697,104.887371,109.988277,66311945
2025-03-12,110.179561,114.770376,108.744931,112.793775,92862032
2025-03-13,113.335746,113.941479,110.338964,110.625890,57785984
2025-03-14,110.657771,114.770376,110.498368,114.037121,80374825
2025-03-17,115.599273,116.045602,112.602491,114.419689,66706468
2025-03-18,114.515331,118.564175,113.176343,117.002022,86851637
2025-03-19,115.407989,115.407989,111.582310,111.932997,89970292
2025-03-20,111.901117,111.996759,109.669470,110.307084,42902687
2025-03-21,109.541948,111.327265,108.394244,108.776812,39649145
2025-03-24,108.426125,110.912816,107.278421,109.924516,39368582
2025-03-25,110.370845,111.709833,108.011676,108.330483,36752649
2025-03-26,107.820392,108.394244,106.290120,106.481404,39467452
2025-03-27,105.556865,106.226359,103.038293,105.206178,51513813
2025-03-28,105.206178,106.385762,103.675906,103.675906,42289365
2025-03-31,102.623845,106.162598,102.496322,104.568565,39041759
2025-04-01,105.110536,105.524985,103.930952,104.154116,30321930
2025-04-02,104.504803,106.704569,104.185997,106.098836,40582584
2025-04-03,102.942651,103.867190,97.937388,98.160552,87143791
2025-04-07,88.341309,88.755757,88.341309,88.341309,21396870
2025-04-08,82.794074,86.396589,79.510366,79.510366,76842298
2025-04-09,75.238358,82.188341,75.174596,81.008757,110508788
2025-04-10,88.947041,89.106445,86.141543,86.874798,105454968
2025-04-11,85.121362,89.935342,85.057601,88.245667,81456010
2025-04-14,91.529375,92.166988,88.787638,89.138325,66642075
2025-04-15,88.628235,88.915161,87.161724,87.799338,41861203
2025-04-16,87.066082,87.193605,83.017239,84.292465,65189316
2025-04-17,83.973658,85.599572,83.973658,84.228704,38195939
2025-04-18,84.643152,88.883280,83.846136,88.405070,74008229
2025-04-21,88.373190,89.648416,87.002321,89.616535,51074115
2025-04-22,88.723877,89.074564,87.193605,87.225486,46947593
2025-04-23,88.947041,91.019284,88.405070,89.552774,74663967
2025-04-24,89.712177,89.712177,87.671815,88.054383,37535664
2025-04-25,88.851399,96.343355,88.851399,93.091527,108162640
2025-04-28,92.772721,92.900243,90.700478,90.828000,52835435
2025-04-29,88.436951,88.947041,87.034202,88.118144,57392305
2025-04-30,87.990622,89.680297,87.353008,88.947041,42228459
2025-05-06,90.413552,96.885326,90.381671,95.737622,102601439
2025-05-07,96.470877,98.192433,94.589918,95.450696,53397108
2025-05-08,97.108490,101.284857,96.375235,100.105272,96062499
2025-05-09,99.148853,100.647244,98.479359,99.053211,49217911
2025-05-12,100.742886,102.591964,98.830046,100.997931,75830256
2025-05-13,102.910770,102.974532,99.085091,99.722704,53628559
2025-05-14,101.083445,105.133262,101.051046,102.508981,89280905
2025-05-15,102.087800,102.184995,100.111489,100.111489,42016425
2025-05-16,99.139532,101.407430,98.912743,99.917097,30491944
2025-05-19,99.463518,99.949496,97.228019,98.815547,36069293
2025-05-20,98.815547,99.787503,97.422410,99.560713,28883742
2025-05-21,98.912743,100.694662,98.361967,100.111489,28627146
2025-05-22,99.463518,102.930162,99.139532,101.051046,46269221
2025-05-23,100.694662,102.120198,98.718351,98.718351,38342640
2025-05-26,98.329569,100.370677,98.005584,98.945141,32961695
2025-05-27,98.167576,98.459163,94.085360,94.603737,50812611
2025-05-28,95.089715,97.519605,95.089715,97.390011,50164948
2025-05-29,98.167576,102.379386,98.167576,101.180640,66037722
2025-05-30,100.435474,100.727061,98.588757,100.370677,44635234
2025-06-03,99.301525,102.346988,99.009938,100.662264,35833128
2025-06-04,102.476582,107.984334,102.411785,107.530754,117462038
2025-06-05,107.563153,114.204853,107.239167,113.848470,130781644
2025-06-06,113.330093,116.083969,112.779318,114.788027,80279826
2025-06-09,116.667143,120.263380,116.472751,117.963084,100673864
2025-06-10,116.958729,121.591721,116.019172,119.453417,92810565
2025-06-11,119.485816,121.462126,118.384265,118.999837,59314017
2025-06-12,118.319468,125.706335,118.222272,123.276445,83347447
2025-06-13,122.790467,127.488255,121.786112,125.123161,58776079
2025-06-16,126.321907,132.056449,125.382350,130.501319,78738816
2025-06-17,131.797261,132.672021,127.812240,131.473275,72909003
2025-06-18,131.797261,144.627083,131.797261,144.627083,113684460
2025-06-19,147.380958,148.709299,142.488779,143.428337,114712924
2025-06-20,142.747967,143.979112,137.337411,139.994091,91431638
2025-06-23,137.499404,139.994091,132.834014,137.531802,81869145
2025-06-24,138.276969,139.605309,135.134310,136.073868,63337665
2025-06-25,138.924940,141.938004,135.425897,137.143020,71690013
2025-06-26,140.447671,140.868852,134.518738,135.911875,79134900
2025-06-27,134.972318,140.933649,134.486340,138.665751,71090854
2025-06-30,139.572910,140.285678,135.847078,137.952983,69095272
2025-07-01,136.073868,144.789075,136.009071,142.909960,73079223
2025-07-02,140.577265,140.609664,136.268259,137.726194,56693736
2025-07-03,139.022135,144.756677,138.989737,143.881916,77334569
2025-07-04,151.301182,157.165318,150.944798,153.245094,101146834
2025-07-07,152.921109,155.869376,146.538596,148.385313,63977117
2025-07-08,147.251364,159.951592,146.992176,158.979636,88999136
2025-07-09,158.331665,159.692404,153.828268,154.897420,66988695
2025-07-10,156.808934,157.294912,148.774096,153.083101,68052742
2025-07-11,152.597123,159.400817,151.560370,153.115500,66082364
2025-07-14,153.245094,157.294912,152.953507,155.545391,43725489
2025-07-15,158.720447,167.014474,156.322956,166.658090,98074784
2025-07-16,168.148423,168.310415,158.299266,158.461259,70276394
2025-07-17,158.104875,173.850566,157.618897,172.068646,88465170
2025-07-18,173.364588,178.483557,168.375212,168.796393,66482140
2025-07-21,168.116024,169.897944,163.288642,166.820082,62163118
2025-07-22,166.074916,173.202595,163.904214,166.690488,63686185
2025-07-23,163.612627,164.325395,159.724802,160.891150,68964943
2025-07-24,164.131004,165.750931,158.428861,160.988345,57144359
2025-07-25,160.016389,163.159047,159.141628,160.502367,31195759
2025-07-28,161.701113,172.749015,159.174027,170.869900,84126406
2025-07-29,172.036247,179.941491,170.286726,178.775144,79581445
2025-07-30,177.155217,177.479202,172.425030,176.507246,51111420
2025-07-31,182.079795,189.823046,180.362672,182.306585,83606276
2025-08-01,179.196325,183.958910,172.392631,174.466138,67219962
2025-08-04,171.485472,175.632485,169.120379,174.757725,45326912
2025-08-05,177.187615,179.034332,167.500452,170.351523,56790462
2025-08-06,168.763995,175.373297,167.824437,170.351523,47114008
2025-08-07,170.351523,173.137798,162.316685,165.945322,74486595
2025-08-08,165.264953,168.018828,162.770265,165.491742,41759147
2025-08-11,165.232554,170.707907,164.681779,168.569604,52215593
2025-08-12,168.699198,172.295436,166.852481,171.647465,60014087
2025-08-13,174.498536,188.818691,171.712262,188.818691,110202556
2025-08-14,187.846735,187.846735,177.997579,178.418760,75684966
2025-08-15,177.803188,184.833671,176.248058,179.325919,66791829
2025-08-18,179.261122,186.291605,173.591377,181.302230,77121139
2025-08-19,180.881049,186.680387,175.794478,178.029977,73252683
2025-08-20,173.753370,179.001934,166.528496,177.058021,54314617
2025-08-21,177.155217,178.191970,167.500452,173.558979,79653389
2025-08-22,173.494182,184.347693,171.777059,180.233078,95733834
2025-08-25,182.468577,189.466662,177.187615,187.749539,104545673
2025-08-26,187.101569,192.771313,184.704077,186.777583,69668553
2025-08-27,186.000018,199.801796,186.000018,190.795002,97125809
2025-08-28,191.734560,208.128221,189.272271,207.739438,100970370
2025-08-29,208.970583,226.789780,204.758773,222.869557,97923909
2025-09-01,224.133100,231.649561,214.899516,226.141809,91632612
2025-09-02,224.197897,233.949857,211.951249,217.782986,97194039
2025-09-03,215.644682,218.949333,209.456561,213.765567,67471668
2025-09-04,215.223501,218.657746,192.382531,192.382531,86857961
2025-09-05,190.147031,209.164974,190.147031,207.804236,99475047
2025-09-08,207.253460,207.253460,191.410574,195.589986,83291110
2025-09-09,191.475371,195.363196,188.365112,192.414929,54561492
2025-09-10,197.663493,208.808590,197.663493,205.665932,92952088
2025-09-11,213.506379,226.239005,213.506379,226.239005,83586972
2025-09-12,225.493838,236.509342,223.873911,232.945503,90139691
2025-09-15,229.705649,229.705649,221.508818,223.355535,60132205
2025-09-16,223.096346,240.397167,223.096346,233.269488,64836600
2025-09-17,233.269488,235.893770,224.197897,229.705649,47840353
2025-09-18,227.243360,252.643815,226.822179,244.349789,87485597
2025-09-19,246.552889,251.347873,241.693108,245.904919,52329625
2025-09-22,247.136063,263.076145,239.749196,259.382711,61233921
2025-09-23,268.843085,273.605670,243.151043,252.384627,80534796
2025-09-24,246.293701,248.432005,237.902479,241.207130,59708655
2025-09-25,242.017094,247.168462,235.504987,242.049492,52253693
2025-09-26,241.822703,242.729862,232.880706,233.334285,49216724
2025-09-29,232.621517,241.109935,231.649561,240.753551,43300737
2025-09-30,241.919898,244.252593,235.504987,238.032073,36453568
2025-10-09,242.049492,250.278721,239.101225,239.587203,52821659
2025-10-10,236.703733,248.464403,231.033989,235.731777,46083831
2025-10-13,217.070218,230.677605,217.037819,228.409707,52284090
2025-10-14,232.945503,235.213400,211.821655,213.182393,63867766
2025-10-15,213.182393,221.768006,210.784901,220.925644,41578226
2025-10-16,219.662101,222.610368,216.681436,217.880181,29909954
2025-10-17,216.422247,216.778631,207.350656,207.901431,46595694
2025-10-20,211.594865,222.739962,211.594865,216.908225,47837425
2025-10-21,216.843428,227.923729,213.344386,226.951773,60602453
2025-10-22,224.035904,231.617162,223.549926,226.627787,35378134
2025-10-23,224.619078,225.493838,217.718189,220.601659,28545350
2025-10-24,226.919374,237.092516,226.077012,236.865726,60358894
2025-10-27,244.932962,253.356583,240.721152,251.121084,66575650
2025-10-28,246.876875,262.816956,246.552889,259.188320,71020305
2025-10-29,267.158361,269.296664,253.680568,257.179611,72718867
2025-10-30,256.920422,260.160276,245.159752,245.256948,62118435
2025-10-31,243.863811,246.941672,228.895685,229.900040,63976351
2025-11-03,227.016570,232.167938,223.225941,232.070742,54192404
2025-11-04,231.649561,238.194066,228.020925,230.029634,45418975
2025-11-05,220.374869,229.932438,218.495754,228.053323,46948003
2025-11-06,229.414062,236.347349,227.081367,234.921814,48558796
2025-11-07,230.742402,230.839597,222.253984,224.975462,46099036
2025-11-10,222.837158,225.688230,213.830364,218.981732,50101134
2025-11-11,223.225941,223.679520,211.076488,212.145640,45063682
2025-11-12,208.355011,211.530068,204.337592,207.739438,54766189
2025-11-13,207.285859,210.493314,204.175599,208.840989,36347585
2025-11-14,202.814860,203.462831,199.607405,199.607405,43468580
2025-11-17,201.194933,208.290214,200.255376,202.166890,41437875
2025-11-18,200.514564,209.553757,199.963789,204.175599,42116567
2025-11-19,205.730729,210.428517,204.175599,205.989917,42429740
2025-11-20,213.182393,216.260255,206.897076,210.396119,54446946
2025-11-21,202.814860,207.350656,198.927036,199.251021,47825610
2025-11-24,202.490875,205.568736,192.965704,197.177514,52241566
2025-11-25,202.620469,216.908225,202.296484,216.908225,62240797
2025-11-26,220.310072,238.615247,217.394203,235.958567,151173093
2025-11-27,231.195981,239.749196,226.562990,227.210961,116096952
2025-11-28,226.400998,227.956127,220.342471,225.007860,59952230
2025-12-01,225.655831,235.861371,223.938708,233.561075,79753683
2025-12-02,233.107495,235.537386,228.442106,229.802844,47730549
2025-12-03,229.543656,238.939233,229.316866,231.779155,60387760
2025-12-04,229.543656,233.723068,224.521882,229.284468,42630944
2025-12-05,230.029634,230.029634,220.342471,222.027195,64134312
2025-12-08,222.253984,233.269488,219.402913,230.871996,74311344
2025-12-09,229.414062,244.544180,227.761736,239.263218,105935947
2025-12-10,237.481298,239.716797,226.660186,235.181002,71015637
2025-12-11,233.949857,237.027719,228.085722,228.150519,47025878
2025-12-12,227.729338,234.047053,220.893246,229.284468,56489431
2025-12-15,225.267049,231.455170,221.055238,222.351180,46993980
2025-12-16,220.310072,226.724983,218.981732,221.573615,51917943
2025-12-17,221.768006,233.269488,221.022840,233.269488,69237632
2025-12-18,227.858932,228.085722,220.472065,220.666456,65797973
2025-12-19,223.549926,224.457085,218.690145,218.754942,38422059
2025-12-22,221.444021,233.172292,221.249630,231.293177,81432622
2025-12-23,231.293177,238.809638,229.705649,231.390373,60109173
2025-12-24,234.954212,239.587203,230.029634,237.189711,65873102
2025-12-25,236.962922,239.457609,232.038343,234.695024,42119871
2025-12-26,234.241444,237.578494,228.701294,232.556720,41455983
2025-12-29,232.135539,251.866250,230.677605,248.626396,102543152
2025-12-30,247.848831,251.347873,240.818348,241.660710,69922926
2025-12-31,244.382187,246.974070,235.148603,236.736132,56105861
2026-01-05,239.101225,247.395251,235.278197,246.066911,79619536
2026-01-06,242.989050,243.799014,235.051408,238.777240,78598800
2026-01-07,237.189711,242.665065,234.630227,238.194066,59857321
2026-01-08,237.060117,239.716797,229.640852,230.774800,71052968
2026-01-09,227.308157,229.932438,222.253984,226.789780,66754975
2026-01-12,226.141809,226.692584,217.620993,223.938708,70206007
2026-01-13,227.891330,233.269488,223.582325,224.975462,68890235
2026-01-14,226.789780,242.859456,226.789780,238.518051,123182952
2026-01-15,237.254508,245.840122,235.213400,245.418940,78412533
2026-01-16,246.261303,257.406400,241.952297,249.468758,90940175
2026-01-19,247.168462,250.440714,241.984695,243.993405,61603787
2026-01-20,242.697463,242.924253,229.219671,230.450815,81426345
2026-01-21,230.062033,244.770970,229.640852,239.749196,77638199
2026-01-22,244.932962,249.468758,242.341079,247.330454,82799878
2026-01-23,247.848831,248.950381,232.621517,233.593473,106638324
2026-01-26,232.621517,234.727422,229.381663,232.135539,46714151
2026-01-27,231.001590,238.874435,225.591034,231.941148,70476291
2026-01-28,236.606538,240.267573,232.362329,233.366684,68014220
2026-01-29,232.621517,232.621517,223.161144,224.035904,70324818
2026-01-30,221.444021,227.923729,221.022840,225.979816,45879947
2026-02-02,225.072657,231.649561,223.549926,223.776716,42182266
2026-02-03,226.789780,228.344910,218.560551,225.429041,49362286
2026-02-04,222.189187,222.221586,213.797965,214.964313,65277360
2026-02-05,212.210437,218.042174,210.525713,213.733168,43127899
2026-02-06,210.784901,229.900040,210.622909,224.068303,82560646
2026-02-09,229.057678,237.513697,226.822179,231.941148,68314792
2026-02-10,231.681960,237.708088,230.548011,234.111850,41210387
2026-02-11,232.491923,235.699378,224.554281,224.878266,47281582
2026-02-12,224.878266,225.817824,218.819739,223.387933,45895979
2026-02-13,222.027195,229.316866,219.986087,224.100701,40548297
2026-02-24,226.822179,236.217755,223.485129,234.435835,71001719
2026-02-25,236.509342,252.287431,236.509342,251.412670,122387209
2026-02-26,255.916067,276.553937,253.356583,276.553937,138660538
2026-02-27,276.553937,277.979473,267.287955,270.851794,117552776
2026-03-02,265.668028,268.875483,261.780203,265.246847,88145992
2026-03-03,265.538434,267.255556,245.580933,246.941672,91660001
2026-03-04,244.770970,254.004554,241.855101,246.228904,63714462
2026-03-05,252.741011,256.952821,244.997759,247.686838,73087661
2026-03-06,246.228904,250.311120,240.818348,244.317390,44954998
2026-03-09,236.509342,241.887500,225.169853,240.364768,84367575
2026-03-10,246.228904,251.088685,245.289346,248.334809,69745410
2026-03-11,247.524846,251.088685,244.446984,250.246323,63362533
2026-03-12,246.747281,256.628835,243.053847,247.330454,69142946
2026-03-13,247.395251,270.463012,247.038868,263.011348,131110763
2026-03-16,263.724116,276.975118,254.328539,271.985743,127161145
2026-03-17,281.867298,291.910845,276.748329,277.299104,174411326
2026-03-18,285.139551,304.416682,279.599400,294.826714,152471661
2026-03-19,286.889072,291.586860,277.882278,279.696596,108170563
2026-03-20,285.107152,287.958224,272.471721,273.119692,91376836
2026-03-23,265.506035,269.555853,258.540349,259.965885,83734651
2026-03-24,262.525370,268.162716,256.628835,266.607586,79268008
2026-03-25,269.879838,276.651133,264.890463,267.352752,90974756
2026-03-26,265.668028,266.283600,253.550974,255.980865,84508263
2026-03-27,249.565954,267.644339,247.816432,261.261827,67757733
2026-03-30,255.948466,257.827581,251.704257,256.564038,44436585
2026-03-31,255.300495,255.754075,244.122999,246.131708,63612762
2026-04-01,254.328539,258.572748,252.093040,256.888024,65809239
2026-04-02,255.948466,256.272451,245.872520,247.103665,52727564
2026-04-03,250.732301,253.615771,246.617686,247.265657,49666067
2026-04-07,247.881230,252.222634,244.058202,247.622041,50352868
2026-04-08,256.920422,272.374526,255.397691,272.374526,99513491
2026-04-09,274.350837,282.223682,272.633714,278.109067,101395352
2026-04-10,280.441762,290.485310,275.517184,286.143905,88190107
2026-04-13,280.247371,293.595569,279.955784,287.277854,75493194
2026-04-14,297.029815,316.015359,294.437932,316.015359,93744080
2026-04-15,319.449604,321.166727,298.066568,300.593654,133625801
2026-04-16,298.876531,309.276463,297.774981,305.842218,77292906
2026-04-17,303.509523,321.976691,303.250334,316.404142,93020751
2026-04-20,314.265838,328.262007,312.159933,317.505692,78244068
2026-04-21,312.678310,327.225254,310.540006,323.402226,71561271
2026-04-22,323.726212,336.944816,321.976691,334.579723,72996366
2026-04-23,340.281866,353.986448,334.579723,345.433233,99167351
2026-04-24,343.359727,349.385855,323.402226,331.696253,93224548
2026-04-27,336.977215,346.275596,334.352933,340.022677,70390326
2026-04-28,339.990279,341.253822,327.581638,330.076326,52507779
2026-04-29,327.225254,337.398396,320.907539,330.400311,54825131
2026-04-30,335.713671,342.322974,331.113079,332.311825,47325267
2026-05-06,339.860685,348.284305,336.620831,339.504301,66111485
2026-05-07,339.601496,352.496115,333.089390,349.515450,68363310
2026-05-08,344.470300,362.470118,342.354589,353.844527,55837601
2026-05-11,358.043400,360.647352,343.656565,353.746879,70432564
2026-05-12,358.564190,359.670870,342.289490,353.746879,62665213
2026-05-13,346.748758,367.417627,345.511881,366.441145,70610231
2026-05-14,372.300037,372.560432,346.000122,348.343679,73676104
2026-05-15,347.953086,351.533520,331.352892,335.226271,62758418
2026-05-18,330.539157,347.236999,330.539157,339.360044,49210275
2026-05-19,336.788642,336.886290,319.960602,333.956844,58773604
2026-05-20,333.956844,342.745182,331.027398,337.146685,46118878
2026-05-21,343.656565,357.001819,335.258820,337.537278,77083352
2026-05-22,345.023640,371.291006,345.023640,371.291006,101696480
2026-05-25,393.912839,403.026671,387.988848,398.860348,99725433
2026-05-26,400.032126,438.733363,398.892897,434.078798,115801260
2026-05-27,423.825737,437.789430,413.702874,417.576253,101037011
2026-05-28,410.447934,440.556129,408.039278,433.102316,91825457
2026-05-29,433.460360,452.013518,427.796764,429.782278,92476663
2026-06-01,429.782278,439.384351,398.014063,398.762699,92013866
2026-06-02,403.612560,429.619531,387.988848,426.397140,84681570
2026-06-03,426.527338,450.548795,413.377380,422.491212,105210188
2026-06-04,413.637775,464.740333,411.749910,458.360651,110635794
2026-06-05,446.252274,459.857923,429.033641,433.623107,95505600
2026-06-08,406.867500,455.691600,406.867500,445.926780,115989927
2026-06-09,449.181720,463.177962,432.939569,459.239485,125005584
2026-06-10,442.671840,445.894231,414.093467,425.095164,105092277
2026-06-11,420.115106,425.811251,404.328647,413.084435,77892529
2026-06-12,428.545400,438.114924,406.867500,407.518488,73944273
2026-06-15,418.259790,436.161960,397.818767,435.380774,99418986
2026-06-16,436.812948,470.827071,436.292158,457.774762,110149555
2026-06-17,449.181720,487.915506,446.252274,477.011457,99154170
2026-06-18,475.221240,486.157838,464.837981,481.405626,83679015
2026-06-22,487.557463,494.425386,460.411263,472.812584,90864533
2026-06-23,471.966300,476.848710,446.577768,450.809190,82636041
2026-06-24,450.906838,471.901201,448.009942,466.595649,70570466
2026-06-25,468.711360,508.844770,455.691600,504.483151,104388181
2026-06-26,497.940721,505.329435,466.302704,479.387563,82123436
2026-06-29,479.387563,487.329617,441.467512,459.141836,80749224
2026-06-30,459.272034,504.776095,459.272034,497.354832,88985081
2026-07-01,497.354832,514.931508,462.201480,471.998849,82444283
2026-07-02,449.669961,452.859802,424.802219,424.802219,87848615
2026-07-03,422.002971,458.718694,409.731847,440.556129,87345078
2026-07-06,442.671840,448.856226,400.357620,419.333920,75489431
2026-07-07,413.377380,431.865439,408.332223,422.230817,59556344
2026-07-08,426.397140,431.279550,407.290642,417.283308,45616189
2026-07-09,429.619531,448.628380,418.617833,446.903262,75273363
2026-07-10,447.879744,461.843437,420.538248,421.319434,75894295
2026-07-13,415.655838,429.652080,400.748213,405.760820,52716686
2026-07-14,418.422537,446.349922,417.771549,446.349922,94019686
2026-07-15,458.881441,465.098377,446.415021,446.675416,85963066
2026-07-16,435.543521,465.423871,433.427810,445.015397,78354277
2026-07-17,436.454905,444.136563,400.520367,415.981332,95729852
2026-07-20,424.281429,427.959511,374.383199,374.383199,87426039
2026-07-21,375.196934,401.431750,339.164748,399.055644,98100743
2026-07-22,393.847740,403.547461,369.923931,371.811796,77540344
2026-07-23,380.437387,391.243788,369.500789,376.726756,56134479
2026-07-24,364.553280,379.167961,358.075949,365.269367,42070923
2026-07-27,365.269367,383.464481,365.269367,382.455450,46161978
2026-07-28,366.180750,369.858832,344.209905,344.209905,52499390
2026-07-29,337.374531,344.633047,317.031156,342.582435,77950019
2026-07-30,339.197297,340.466724,308.340466,314.264457,81221121
2026-07-31,342.745182,345.707177,336.756092,337.700025,73631319
2026-08-03,332.003880,338.709056,324.875561,330.734453,41951303
2026-08-04,338.513760,363.804644,336.007456,363.804644,67050228
2026-08-05,356.904171,387.337860,356.415930,376.271064,81661528
2026-08-06,366.961936,396.679538,364.585829,381.478968,58949114
2026-08-07,389.095528,415.883684,389.095528,409.699298,79745146
2026-08-10,412.726392,414.028368,388.965330,399.381138,59136010
2026-08-11,390.820646,406.802401,387.793552,393.847740,37593177
2026-08-12,393.847740,403.156868,390.592800,400.390169,37464324
2026-08-13,406.542006,419.854711,391.536733,392.741060,55465740
2026-08-14,393.684993,398.730150,387.370409,394.726574,35264921
