date,open,high,low,close,volume
2018-01-02,61.080675,61.462588,59.807631,60.978832,2923746
2018-01-03,60.698762,61.106136,60.113161,60.800605,4652228
2018-01-04,61.004292,61.335284,59.960396,60.265927,2734703
2018-01-05,60.393231,62.582868,60.393231,61.768119,4901238
2018-01-08,61.360745,63.372155,61.360745,63.143007,3070827
2018-01-09,63.143007,65.078035,62.761094,64.797965,4311402
2018-01-10,64.772504,64.848887,63.270312,64.670661,3088121
2018-01-11,64.670661,65.128957,63.575842,64.670661,2003100
2018-01-12,64.619739,65.587253,62.888398,63.372155,2362746
2018-01-15,63.473999,65.536331,62.888398,63.372155,4361126
2018-01-16,63.652225,63.652225,60.622379,62.913859,4019666
2018-01-17,62.608329,62.608329,60.902449,61.284362,4214725
2018-01-18,61.997267,62.786555,60.826066,61.869963,2399556
2018-01-19,61.233440,62.099111,60.240466,61.946345,3014895
2018-01-22,61.131597,62.073650,60.316848,60.749684,4432995
2018-01-23,60.749684,61.106136,54.664531,56.141262,10319770
2018-01-24,56.115802,57.210620,55.810271,56.879628,6201778
2018-01-25,56.777785,57.185159,55.784810,56.675941,3612310
2018-01-26,57.083315,57.592533,56.013958,56.013958,3509096
2018-01-29,55.988497,56.523176,54.817296,55.199210,2244932
2018-01-30,54.868218,55.504740,54.740913,55.122827,2015571
2018-01-31,55.122827,55.122827,53.162338,53.416947,2432171
2018-02-01,54.028009,54.028009,50.157953,52.704042,2805364
2018-02-02,52.245746,54.460844,50.412562,53.646095,6193532
2018-02-05,58.254516,58.814656,56.039419,56.930550,11069326
2018-02-06,51.430998,54.740913,51.430998,53.315104,7908721
2018-02-07,54.740913,57.770759,54.333539,56.523176,9897913
2018-02-08,56.523176,60.036779,56.166723,59.629404,9752108
2018-02-09,57.541611,60.036779,56.039419,58.738273,10774253
2018-02-12,59.603943,64.543356,58.814656,62.964781,11058966
2018-02-13,63.397616,64.517895,61.895424,62.506485,7461935
2018-02-14,62.812016,63.855912,61.564432,62.531946,5420767
2018-02-22,62.964781,65.510870,62.964781,64.161443,7984709
2018-02-23,63.906834,64.568817,63.270312,63.703147,6132803
2018-02-26,65.103496,66.834836,63.779529,65.969166,11381106
2018-02-27,65.638174,69.355464,65.205339,69.024473,12077931
2018-02-28,68.362490,70.170213,67.878733,68.668020,10770652
2018-03-01,68.209724,70.679431,67.878733,68.922629,9086816
2018-03-02,68.158803,69.559151,66.911219,67.929655,8153508
2018-03-05,69.355464,72.843606,68.948090,71.621484,15712468
2018-03-06,71.570562,72.207084,70.093830,71.646944,13367015
2018-03-07,71.035883,75.084165,70.628509,71.697866,15774525
2018-03-08,71.214109,75.440617,70.857657,75.364234,19141971
2018-03-09,75.517000,81.194778,74.549486,79.947195,25628604
2018-03-12,81.220239,84.912068,78.495924,80.456412,39721466
2018-03-13,79.718047,85.879582,79.718047,81.347544,35787680
2018-03-14,79.819890,82.289596,75.669765,78.521385,30932521
2018-03-15,78.521385,80.201803,73.429207,78.037628,28132206
2018-03-16,78.685622,79.703907,74.195913,76.834196,48393327
2018-03-19,76.602767,80.027906,75.399340,77.991337,44184369
2018-03-20,76.787910,77.297052,74.195913,75.584483,34163872
2018-03-21,75.584483,82.527332,71.696487,72.437058,66886111
2018-03-22,72.529629,74.890198,71.835344,73.779342,44112998
2018-03-23,68.965633,70.122775,66.419922,66.419922,58547132
2018-03-26,64.383353,69.845061,64.383353,69.521061,38019476
2018-03-27,70.585632,74.705055,69.752490,72.668486,34049336
2018-03-28,70.817060,74.334770,70.817060,72.668486,19817583
2018-03-29,72.437058,73.825628,70.169061,72.020487,16680430
2018-03-30,73.131343,74.427341,71.233631,73.409057,19163807
2018-04-02,74.427341,78.037623,73.316485,75.491911,30121364
2018-04-03,73.362771,74.057056,71.650202,72.529629,17157243
2018-04-04,72.946200,73.594199,67.299350,68.456491,22599894
2018-04-09,67.669635,69.891347,67.067921,69.845061,10787864
2018-04-10,69.845061,70.955917,68.641634,69.428490,9250311
2018-04-11,69.706204,71.835344,69.706204,70.076489,10524282
2018-04-12,69.983918,75.677054,69.798775,73.547914,19238171
2018-04-13,73.038771,74.890198,72.020487,72.807343,12189069
2018-04-16,72.668486,76.371339,71.789059,75.538197,17356736
2018-04-17,75.630768,75.954768,71.511345,71.789059,13082401
2018-04-18,71.557630,76.787910,70.817060,75.445626,19357826
2018-04-19,75.029055,76.093625,72.344487,73.686771,14109503
2018-04-20,73.640485,76.602767,72.668486,73.038771,15324062
2018-04-23,71.187345,73.779342,68.873062,72.020487,12879625
2018-04-24,71.603916,76.926767,70.585632,76.186196,19522106
2018-04-25,75.445626,79.287336,74.843912,76.787910,18728581
2018-04-26,78.130194,80.444477,76.278768,77.389624,22723212
2018-04-27,77.343338,79.148479,75.075341,77.991337,14773178
2018-05-02,79.241050,81.740476,77.250767,80.305620,16532267
2018-05-03,80.027906,80.027906,75.908482,79.379907,12946991
2018-05-04,78.917050,80.999905,77.574766,80.953619,14473877
2018-05-07,80.814762,82.805046,79.889049,81.092476,13558491
2018-05-08,80.537048,81.323905,78.546765,80.259334,10518647
2018-05-09,79.333621,80.213049,77.019338,77.991337,9741183
2018-05-10,78.037623,78.639336,76.602767,78.361622,7562064
2018-05-11,78.130194,78.500479,75.306769,75.491911,9460400
2018-05-14,76.139911,77.852480,74.982769,76.232482,7445650
2018-05-15,76.186196,78.222765,75.399340,78.176480,5948727
2018-05-16,78.083908,78.083908,76.371339,76.649053,5846747
2018-05-17,76.186196,76.371339,73.594199,74.427341,8362742
2018-05-18,74.010770,75.584483,73.733056,75.167912,4442531
2018-05-21,75.723340,77.991337,75.399340,77.759909,7115291
2018-05-22,77.713623,77.991337,76.602767,77.158195,3968604
2018-05-23,77.667337,77.667337,75.908482,76.139911,4160263
2018-05-24,76.695339,76.926767,72.529629,72.575915,9572781
2018-05-25,72.205630,73.825628,70.446775,70.863345,8734992
2018-05-28,71.094774,72.946200,70.261632,70.585632,5319225
2018-05-29,71.141059,73.270200,70.817060,72.437058,6646425
2018-05-30,71.742773,72.205630,68.132492,68.641634,7955591
2018-05-31,68.873062,70.585632,66.651350,69.428490,10032294
2018-06-01,69.428490,70.030204,67.114207,69.752490,5501060
2018-06-04,69.521061,70.585632,68.271349,68.502777,6531820
2018-06-05,67.160493,70.863345,67.160493,70.539346,6892496
2018-06-06,70.354203,73.223914,70.030204,72.344487,6067803
2018-06-07,72.946200,73.501628,71.279916,71.696487,3748084
2018-06-08,71.789059,72.113058,69.567347,70.169061,3778380
2018-06-11,70.863345,72.437058,69.567347,70.307918,4407945
2018-06-12,70.307918,72.899914,69.845061,72.807343,6124807
2018-06-13,72.205630,73.501628,71.418773,72.622201,4574290
2018-06-14,71.789059,72.714772,70.909631,71.881630,2692925
2018-06-15,72.437058,72.437058,68.039920,68.641634,5197821
2018-06-19,61.791356,67.484492,61.791356,62.763355,12175980
2018-06-20,62.717069,66.095922,59.754787,65.633066,8918353
2018-06-21,64.846210,65.725637,60.911929,62.717069,8662969
2018-06-22,61.559928,65.494209,61.559928,63.735354,6578676
2018-06-25,64.383353,65.031352,62.161641,62.254213,5811638
2018-06-26,61.559928,64.846210,60.171358,64.244496,3908771
2018-06-27,64.337067,66.882779,64.105639,65.309066,4931440
2018-06-28,65.031352,69.659918,64.985067,67.993635,7218327
2018-06-29,67.808492,72.205630,66.697636,71.279916,8147251
2018-07-02,70.631917,74.797627,70.354203,74.057056,8478549
2018-07-03,73.594199,74.519913,69.659918,73.177628,7660955
2018-07-04,71.974201,73.455342,70.631917,71.002202,4106796
2018-07-05,71.279916,73.362771,69.891347,69.891347,3264934
2018-07-06,71.141059,71.511345,68.873062,69.706204,4656040
2018-07-09,70.122775,72.298201,70.076489,72.159344,5279736
2018-07-10,73.085057,73.131343,71.233631,72.298201,3138730
2018-07-11,70.863345,71.465059,68.132492,70.493060,4521584
2018-07-12,70.307918,75.491911,70.169061,74.936484,9399612
2018-07-13,73.918199,76.463910,73.501628,76.371339,8921399
2018-07-16,76.602767,76.741624,74.334770,75.815911,3997820
2018-07-17,75.677054,75.908482,72.899914,74.566198,4757490
2018-07-18,75.445626,78.130194,73.964485,73.964485,9011768
2018-07-19,73.594199,76.926767,73.501628,75.399340,9054952
2018-07-20,74.473627,75.584483,72.668486,75.167912,6507773
2018-07-23,74.982769,77.528481,74.149627,76.834196,10095217
2018-07-24,76.556482,77.621052,75.121626,76.834196,8066052
2018-07-25,76.834196,77.667337,74.566198,74.797627,6025904
2018-07-26,74.612484,74.890198,70.863345,71.835344,8683050
2018-07-27,71.835344,73.085057,71.279916,72.529629,3373762
2018-07-30,72.529629,72.807343,69.845061,69.937632,4311171
2018-07-31,70.215346,70.817060,68.873062,69.845061,5942155
2018-08-01,69.474776,71.557630,69.474776,70.261632,4478570
2018-08-02,69.798775,69.845061,65.818209,68.502777,7377625
2018-08-03,68.549062,69.197062,66.095922,66.188494,2747418
2018-08-06,66.512493,67.577064,62.717069,63.179926,6619699
2018-08-07,63.550211,66.234779,63.179926,65.725637,6119591
2018-08-08,65.633066,67.345635,65.262781,65.771923,5086196
2018-08-09,65.355352,70.169061,65.355352,68.502777,4513820
2018-08-10,69.150776,69.891347,68.039920,69.474776,3531388
2018-08-13,68.039920,70.863345,67.854778,70.817060,3768925
2018-08-14,70.169061,71.094774,66.558779,68.132492,4903402
2018-08-15,68.225063,69.289633,67.021636,67.391921,3679547
2018-08-16,66.327351,68.734205,65.910780,67.299350,3850921
2018-08-17,68.641634,68.734205,63.318783,64.198210,6161147
2018-08-20,64.383353,65.679352,62.531927,64.799924,6461297
2018-08-21,66.095922,71.187345,66.003351,68.595348,12577606
2018-08-22,68.595348,69.150776,65.771923,66.558779,6319647
2018-08-23,65.771923,68.780491,65.262781,68.271349,6868649
2018-08-24,67.762206,69.335919,67.253064,68.641634,5245727
2018-08-27,68.687919,75.445626,67.623349,73.409057,16038826
2018-08-28,73.177628,74.982769,72.807343,73.871913,6809831
2018-08-29,73.270200,73.594199,70.863345,71.974201,8624195
2018-08-30,71.974201,72.437058,68.965633,70.493060,7481953
2018-08-31,70.770774,70.909631,68.873062,70.169061,5319182
2018-09-03,70.076489,71.603916,68.132492,70.122775,6256589
2018-09-04,70.122775,73.686771,69.659918,73.316485,9771497
2018-09-05,73.131343,73.131343,70.817060,71.094774,4638416
2018-09-06,71.094774,73.038771,70.400489,72.575915,7694583
2018-09-07,71.974201,74.242199,69.474776,71.372488,7890429
2018-09-10,71.557630,71.974201,68.039920,68.595348,7373895
2018-09-11,68.456491,69.891347,67.160493,68.363920,5463253
2018-09-12,68.363920,69.706204,65.309066,66.188494,7716689
2018-09-13,66.975350,68.734205,66.790207,67.947349,6936110
2018-09-14,68.456491,69.335919,65.540495,66.188494,6149455
2018-09-17,65.633066,68.502777,65.494209,68.225063,3685084
2018-09-18,67.623349,68.225063,64.013068,66.975350,10710742
2018-09-19,66.605065,67.947349,64.707353,67.067921,7085604
2018-09-20,67.067921,68.595348,66.188494,68.410205,5634568
2018-09-21,68.595348,68.826776,67.577064,68.734205,4289389
2018-09-25,68.363920,69.243347,67.715921,69.058205,3113530
2018-09-26,69.058205,70.770774,67.993635,69.983918,5436845
2018-09-27,69.613633,71.742773,69.428490,70.261632,6686592
2018-09-28,70.817060,71.511345,68.086206,71.094774,8637748
2018-10-08,69.428490,70.122775,68.734205,68.780491,4257256
2018-10-09,68.595348,71.279916,68.271349,69.891347,4659818
2018-10-10,69.428490,70.354203,68.549062,68.873062,2715274
2018-10-11,65.262781,67.438207,62.809641,63.735354,5741871
2018-10-12,63.365069,66.373636,62.902212,65.540495,3354226
2018-10-15,65.633066,67.299350,64.661067,64.985067,2826927
2018-10-16,65.494209,65.633066,59.939930,60.402786,6449372
2018-10-17,61.791356,62.393070,54.385650,58.921645,12339629
2018-10-18,58.181075,60.171358,56.561077,58.181075,4550997
2018-10-19,58.181075,61.559928,57.070219,61.235928,4777991
2018-10-22,62.717069,67.021636,62.717069,64.568496,8959856
2018-10-23,64.799924,66.003351,62.115356,63.365069,7687753
2018-10-24,62.948498,63.966782,58.505074,59.384502,11198695
2018-10-25,57.671932,60.541643,56.468505,60.402786,7123938
2018-10-26,60.587929,61.745070,59.245645,60.125072,4499995
2018-10-29,60.125072,60.587929,58.412503,59.291930,3823259
2018-10-30,59.801073,59.801073,55.913077,58.412503,7955200
2018-10-31,57.903361,60.402786,57.903361,59.662216,4572250
2018-11-01,59.939930,62.254213,59.615930,59.615930,7194822
2018-11-02,61.328499,62.485641,60.819357,62.115356,8488684
2018-11-05,61.930213,63.087355,60.449072,61.421071,8179220
2018-11-06,61.421071,61.421071,58.782788,60.495358,5705922
2018-11-07,60.634215,61.328499,59.662216,59.801073,4199820
2018-11-08,60.495358,60.495358,58.181075,58.597646,4717231
2018-11-09,58.458789,59.106788,57.857075,58.088503,2596240
2018-11-12,57.949646,59.939930,57.903361,59.801073,7500163
2018-11-13,59.291930,61.791356,58.875360,61.374785,7646202
2018-11-14,61.328499,62.207927,60.449072,60.865643,4688084
2018-11-15,60.773072,61.652499,60.125072,61.421071,7113193
2018-11-16,61.652499,62.022784,60.402786,60.958214,8263500
2018-11-19,60.634215,61.004500,59.014217,59.615930,8085438
2018-11-20,59.569644,59.569644,58.134789,58.736503,5471894
2018-11-21,58.134789,58.643931,57.394218,58.134789,4928874
2018-11-22,58.319932,58.643931,57.671932,57.995932,2396944
2018-11-23,57.810789,58.273646,53.969080,55.774220,9220563
2018-11-26,55.542792,56.746219,54.848507,56.144506,3336173
2018-11-27,56.514791,57.162790,55.959363,56.329648,2638660
2018-11-28,56.329648,58.088503,56.329648,58.088503,4019214
2018-11-29,58.273646,59.060502,57.625647,57.857075,3255045
2018-11-30,57.394218,58.412503,56.838790,58.134789,2621773
2018-12-03,59.939930,60.495358,58.921645,59.939930,5817359
2018-12-04,59.939930,60.495358,59.523359,60.263929,3423173
2018-12-05,59.106788,60.773072,58.319932,60.171358,4622640
2018-12-06,59.523359,60.125072,58.319932,58.458789,3272227
2018-12-07,58.782788,60.125072,58.551360,58.829074,3945615
2018-12-10,58.643931,59.708501,58.597646,58.690217,3109074
2018-12-11,58.875360,59.291930,58.458789,59.199359,1660148
2018-12-12,59.106788,59.291930,55.774220,57.718218,4220858
2018-12-13,57.209076,60.402786,57.209076,59.754787,5790387
2018-12-14,59.291930,59.893644,56.931362,57.440504,5029357
2018-12-17,56.561077,57.209076,55.218792,56.005649,5448000
2018-12-18,56.190791,56.190791,54.617079,55.218792,4340723
2018-12-19,55.079935,55.681649,53.830223,54.293079,4520896
2018-12-20,53.969080,54.987364,53.598794,54.293079,3320978
2018-12-21,54.246794,55.820506,53.876508,54.663364,4500470
2018-12-24,54.987364,55.589078,54.524507,55.357649,3703326
2018-12-25,55.774220,56.468505,54.200508,56.144506,4936658
2018-12-26,56.838790,56.838790,54.200508,54.570793,5094429
2018-12-27,55.079935,55.542792,53.506223,53.506223,3799190
2018-12-28,53.552509,54.478222,52.719367,54.154222,3621263
2019-01-02,53.552509,54.107937,51.284511,51.654797,5781826
2019-01-03,51.839939,52.117653,51.053083,51.515940,2561501
2019-01-04,50.960512,52.395367,50.960512,52.163939,6133725
2019-01-07,52.256510,52.487938,51.469654,52.302796,5713803
2019-01-08,52.302796,53.321080,52.163939,52.719367,5998627
2019-01-09,52.719367,53.321080,51.793654,52.858224,10392328
2019-01-10,52.349081,52.487938,51.191940,51.608511,8111076
2019-01-11,51.839939,53.552509,51.654797,53.274795,7068819
2019-01-14,53.089652,53.135938,52.071368,52.441653,5221817
2019-01-15,52.441653,53.228509,51.839939,53.043366,4820754
2019-01-16,53.089652,53.274795,52.025082,52.210224,5989037
2019-01-17,52.163939,53.089652,51.469654,52.441653,3782426
2019-01-18,52.534224,52.950795,51.469654,52.210224,4370908
2019-01-21,52.487938,54.848507,51.747368,54.015365,9039372
2019-01-22,53.783937,54.339365,52.811938,53.089652,6094007
2019-01-23,53.552509,55.774220,53.228509,55.450221,13328212
2019-01-24,56.237077,57.070219,55.079935,56.375934,13202976
2019-01-25,56.422220,56.977647,55.589078,56.005649,8069043
2019-01-28,56.514791,56.561077,53.552509,54.154222,7230202
2019-01-29,54.339365,54.339365,50.497655,51.515940,14438722
2019-01-30,50.960512,53.089652,50.451369,52.441653,8878553
2019-01-31,52.626795,52.950795,50.497655,51.284511,7963331
2019-02-01,51.701082,52.904509,51.006797,52.487938,6269236
2019-02-11,52.534224,55.542792,52.210224,55.265078,9701021
2019-02-12,55.542792,58.505074,54.987364,57.764504,16324882
2019-02-13,57.764504,59.939930,57.347933,59.245645,12890867
2019-02-14,58.921645,59.338216,57.347933,57.903361,11680911
2019-02-15,57.903361,58.597646,57.440504,57.857075,7312553
2019-02-18,57.949646,60.125072,57.347933,60.032501,12010224
2019-02-19,59.939930,60.541643,57.857075,58.967931,10426427
2019-02-20,58.921645,59.801073,57.857075,59.014217,6910726
2019-02-21,59.014217,61.698785,58.690217,59.939930,14568131
2019-02-22,59.477073,62.624498,58.829074,62.485641,13295442
2019-02-25,63.874211,66.512493,62.717069,65.123924,17154901
2019-02-26,64.383353,64.429639,62.161641,62.855926,17200342
2019-02-27,62.254213,63.365069,60.680500,61.374785,13268824
2019-02-28,61.374785,61.976499,60.078787,61.374785,13484520
2019-03-01,61.698785,61.837642,59.523359,60.819357,13694614
2019-03-04,61.235928,62.717069,60.819357,61.282214,25161099
2019-03-05,61.235928,64.475924,60.680500,64.429639,23899413
2019-03-06,65.494209,69.798775,65.494209,68.039920,34714151
2019-03-07,67.021636,70.724488,66.651350,68.780491,21009407
2019-03-08,66.651350,71.789059,65.170209,67.577064,21329253
2019-03-11,68.595348,72.668486,67.854778,72.575915,17506057
2019-03-12,72.113058,73.825628,69.937632,71.927916,17278963
2019-03-13,71.557630,71.742773,68.039920,68.039920,16148450
2019-03-14,68.178777,69.798775,65.957065,67.669635,12477595
2019-03-15,67.808492,70.493060,67.808492,68.965633,9973239
2019-03-18,68.965633,69.706204,68.178777,69.659918,7450844
2019-03-19,69.706204,70.493060,68.780491,69.150776,6464052
2019-03-20,69.382204,69.428490,65.957065,67.206778,13426295
2019-03-21,67.206778,68.363920,67.021636,67.623349,7335797
2019-03-22,67.623349,68.965633,66.373636,68.826776,8399698
2019-03-25,67.530778,70.261632,67.160493,68.039920,12125342
2019-03-26,68.086206,68.873062,64.244496,64.522210,10734597
2019-03-27,65.216495,65.725637,62.670784,64.059353,11053594
2019-03-28,63.735354,65.262781,62.300498,62.948498,10102177
2019-03-29,62.161641,64.429639,60.634215,63.920496,12657193
2019-04-01,64.661067,67.114207,64.198210,66.558779,10108866
2019-04-02,66.975350,67.299350,65.401638,65.633066,8059219
2019-04-03,65.401638,66.049637,64.429639,65.864494,8812204
2019-04-04,66.049637,67.021636,65.355352,66.142208,8603462
2019-04-08,66.558779,66.975350,63.596497,64.059353,8472162
2019-04-09,64.244496,65.494209,64.198210,64.753638,5145965
2019-04-10,63.874211,64.614781,63.087355,63.966782,7553251
2019-04-11,63.966782,64.337067,62.069070,62.855926,6801239
2019-04-12,62.346784,63.179926,62.346784,62.902212,4068176
2019-04-15,63.781639,64.337067,62.207927,62.439355,6128180
2019-04-16,62.254213,64.198210,61.930213,64.198210,9261319
2019-04-17,64.568496,65.355352,63.503926,63.966782,8710159
2019-04-18,64.151925,64.429639,63.041069,63.735354,7815495
2019-04-19,63.920496,63.920496,62.393070,63.457640,6292739
2019-04-22,63.318783,63.318783,61.143357,61.791356,7620235
2019-04-23,61.791356,62.207927,60.911929,61.143357,5374261
2019-04-24,61.235928,62.115356,61.050786,62.022784,4864937
2019-04-25,62.022784,62.022784,60.125072,60.125072,7180660
2019-04-26,59.986215,60.680500,59.662216,59.986215,3938098
2019-04-29,60.125072,60.587929,58.319932,58.458789,10024844
2019-04-30,59.014217,59.014217,57.486790,57.718218,6731614
2019-05-06,55.589078,55.589078,51.932511,51.932511,11335601
2019-05-07,51.932511,52.765652,50.960512,52.163939,7589306
2019-05-08,50.867940,53.413652,50.543941,52.025082,6379085
2019-05-09,51.608511,52.997081,50.914226,51.793654,5351735
2019-05-10,52.302796,54.385650,51.839939,54.154222,10040343
2019-05-13,53.691366,54.570793,53.274795,53.598794,5401329
2019-05-14,53.089652,53.922794,52.673081,53.043366,3700912
2019-05-15,53.598794,54.061651,53.274795,53.830223,3891226
2019-05-16,53.598794,53.783937,52.626795,52.997081,8084388
2019-05-17,52.997081,53.413652,49.988513,50.312512,9173145
2019-05-20,50.358798,51.377083,50.219941,51.099369,6390060
2019-05-21,50.775369,52.256510,50.729083,51.515940,5573549
2019-05-22,51.562225,52.302796,51.006797,51.377083,4288306
2019-05-23,51.238226,51.978796,50.543941,51.469654,6922401
2019-05-24,51.145654,51.377083,50.358798,50.636512,5009852
2019-05-27,50.775369,52.534224,50.034798,52.441653,6315507
2019-05-28,52.534224,52.534224,51.839939,51.932511,4574641
2019-05-29,51.932511,52.673081,51.747368,52.349081,5692999
2019-05-30,51.738192,52.114128,51.221280,51.691200,4748977
2019-05-31,52.067136,52.819008,51.550224,51.973152,5093380
2019-06-03,51.879168,52.302096,50.187456,50.986320,6160196
2019-06-04,50.939328,52.020144,50.657376,51.409248,5451646
2019-06-05,51.691200,52.020144,50.939328,51.127296,5715488
2019-06-06,51.127296,51.127296,47.555904,48.025824,10129585
2019-06-10,48.401760,50.140464,48.213792,49.952496,6451370
2019-06-11,50.234448,51.503232,49.388592,51.221280,9429588
2019-06-12,51.127296,51.597216,50.845344,51.033312,5284310
2019-06-13,50.845344,51.926160,50.469408,51.080304,5100691
2019-06-14,51.080304,51.409248,49.388592,49.529568,4894259
2019-06-17,49.529568,49.811520,48.730704,49.059648,3929876
2019-06-18,49.482576,49.529568,48.401760,48.589728,3867331
2019-06-19,49.858512,51.644208,49.858512,50.657376,9036027
2019-06-20,50.563392,51.691200,50.093472,51.268272,7013323
2019-06-21,52.584048,53.053968,51.832176,52.161120,7639912
2019-06-24,52.208112,52.490064,51.550224,51.926160,3969528
2019-06-25,51.973152,52.114128,49.858512,50.563392,6026762
2019-06-26,50.281440,51.409248,49.952496,50.798352,4011595
2019-06-27,51.315264,55.873488,51.315264,55.403568,28194800
2019-06-28,54.040800,54.040800,52.490064,53.100960,15785784
2019-07-01,54.557712,56.202432,54.557712,55.027632,18050181
2019-07-02,54.745680,55.732512,54.087792,54.463728,10809875
2019-07-03,54.134784,54.322752,52.725024,53.147952,7847441
2019-07-04,53.476896,53.758848,52.490064,53.194944,5226821
2019-07-05,53.382912,53.429904,52.959984,53.147952,4459184
2019-07-08,53.147952,53.147952,50.375424,51.456240,8266329
2019-07-09,50.939328,51.409248,49.811520,50.751360,7559086
2019-07-10,50.986320,51.080304,49.717536,49.811520,4668743
2019-07-11,50.140464,50.939328,49.529568,49.905504,4297342
2019-07-12,49.999488,50.469408,49.435584,50.281440,3075917
2019-07-15,50.140464,51.409248,49.435584,51.221280,5425058
2019-07-16,50.986320,52.490064,50.751360,51.691200,6125017
2019-07-17,51.315264,52.396080,51.315264,51.550224,5763685
2019-07-18,50.986320,53.100960,50.281440,52.396080,12291789
2019-07-19,52.396080,53.993808,51.973152,53.805840,10971719
2019-07-22,53.805840,53.805840,51.785184,52.537056,7828201
2019-07-23,52.537056,53.899824,52.443072,53.899824,6096174
2019-07-24,53.899824,54.980640,53.711856,54.087792,9270997
2019-07-25,54.275760,57.048288,54.040800,56.249424,17443673
2019-07-26,56.860320,56.860320,55.215600,55.920480,11892711
2019-07-29,56.578368,59.115936,56.014464,58.833984,15351061
2019-07-30,58.176096,59.115936,57.706176,58.082112,9688722
2019-07-31,57.941136,59.021952,57.471216,58.317072,10622658
2019-08-01,57.753168,58.223088,57.189264,57.894144,7446969
2019-08-02,56.484384,56.625360,54.839664,55.779504,10495953
2019-08-05,55.544544,57.330240,54.933648,55.356576,8215520
2019-08-06,54.040800,55.685520,53.053968,55.074624,10883049
2019-08-07,55.215600,55.685520,53.476896,53.711856,7940597
2019-08-08,53.993808,55.591536,53.194944,54.792672,7536429
2019-08-09,55.215600,59.679840,55.121616,57.142272,28146486
2019-08-12,58.129104,59.397888,55.826496,59.256912,21628628
2019-08-13,58.082112,62.734320,57.800160,61.606512,26890778
2019-08-14,62.217408,64.332048,60.619680,60.901632,25269987
2019-08-15,59.209920,62.311392,58.974960,62.264400,14794550
2019-08-16,61.559520,63.063264,60.619680,60.854640,18096160
2019-08-19,61.512528,65.083920,61.042608,64.097088,20069413
2019-08-20,63.815136,65.600832,62.687328,62.969280,16304919
2019-08-21,62.969280,64.332048,61.606512,63.486192,12585249
2019-08-22,63.392208,65.083920,62.875296,64.942944,15217545
2019-08-23,64.473024,66.117744,63.956112,65.647824,14712610
2019-08-26,63.909120,65.741808,63.251232,64.379040,10114525
2019-08-27,64.801968,66.775632,63.674160,65.318880,13497791
2019-08-28,64.426032,65.130912,62.170416,62.593344,13056068
2019-08-29,62.029440,63.298224,61.183584,61.982448,19768103
2019-08-30,62.452368,63.721152,60.431712,60.713664,14399870
2019-09-02,61.277568,62.405376,59.820816,61.888464,16760630
2019-09-03,61.888464,64.050096,61.700496,63.674160,15910544
2019-09-04,64.097088,69.548160,64.050096,67.198560,30181918
2019-09-05,67.997424,72.038736,66.869616,69.501168,33665987
2019-09-06,69.783120,71.333856,67.433520,68.843280,22657573
2019-09-09,69.078240,72.696624,69.078240,72.226704,26050654
2019-09-10,72.273696,75.751104,71.333856,74.106384,29586018
2019-09-11,73.918416,74.764272,71.897760,72.085728,17441101
2019-09-12,73.260528,73.260528,70.910928,72.179712,11632374
2019-09-16,72.743616,72.978576,70.347024,71.333856,11722849
2019-09-17,71.662800,72.555648,69.078240,69.783120,14112719
2019-09-18,70.018080,70.769952,68.843280,69.548160,10802534
2019-09-19,69.971088,73.166544,69.360192,73.119552,18859370
2019-09-20,72.837600,74.717280,71.286864,72.085728,21371858
2019-09-23,71.850768,71.850768,68.984256,70.863936,13277449
2019-09-24,70.910928,72.931584,70.206048,71.568816,15543791
2019-09-25,70.628976,74.952240,70.628976,71.850768,29974908
2019-09-26,71.897760,72.461664,66.258720,66.258720,17523269
2019-09-27,66.681648,70.957920,66.258720,70.112064,16067970
2019-09-30,70.910928,70.910928,66.963600,67.198560,11997358
2019-10-08,67.386528,68.420352,65.318880,65.788800,8500673
2019-10-09,65.788800,67.151568,64.426032,66.916608,6483805
2019-10-10,67.010592,69.689136,66.634656,69.172224,10264758
2019-10-11,69.595152,70.769952,68.514336,69.172224,8563256
2019-10-14,69.830112,72.273696,69.642144,71.991744,13388490
2019-10-15,70.581984,73.495488,70.300032,71.051904,13687820
2019-10-16,71.521824,72.602640,70.253040,70.863936,6137690
2019-10-17,71.897760,73.260528,71.192880,72.226704,8877822
2019-10-18,72.273696,72.273696,70.206048,71.333856,8269957
2019-10-21,71.098896,71.098896,68.702304,70.159056,6210514
2019-10-22,70.159056,72.508656,70.065072,71.333856,6902905
2019-10-23,71.333856,73.965408,70.769952,72.743616,12210253
2019-10-24,72.367680,72.414672,69.454176,71.756784,8653094
2019-10-25,71.615808,73.636464,70.394016,73.636464,10667610
2019-10-28,74.858256,77.677776,72.320688,77.066880,21557744
2019-10-29,75.751104,76.549968,72.790608,72.884592,13109644
2019-10-30,72.837600,74.059392,71.991744,73.025568,6432740
2019-10-31,72.508656,73.777440,70.394016,70.769952,10067334
2019-11-01,71.192880,72.837600,70.253040,71.991744,7226360
2019-11-04,72.602640,75.328176,72.132720,74.576304,9446920
2019-11-05,74.811264,75.563136,74.106384,74.811264,9691233
2019-11-06,74.858256,76.784928,73.307520,73.824432,9956063
2019-11-07,73.354512,75.093216,72.884592,74.811264,7796839
2019-11-08,75.046224,76.268016,74.012400,75.375168,11121483
2019-11-11,74.482320,74.482320,71.051904,71.427840,10819056
2019-11-12,70.769952,71.991744,69.313200,70.863936,9328777
2019-11-13,70.065072,71.897760,69.689136,71.192880,5383629
2019-11-14,71.145888,72.837600,70.112064,71.944752,5946697
2019-11-15,72.179712,72.555648,69.454176,69.501168,7409993
2019-11-18,69.501168,70.300032,67.292544,68.326368,8815572
2019-11-19,67.668480,69.266208,67.621488,69.078240,6712733
2019-11-20,68.937264,69.454176,67.433520,67.668480,6119181
2019-11-21,67.010592,67.668480,66.258720,67.057584,6414165
2019-11-22,67.433520,69.313200,66.352704,67.104576,9469100
2019-11-25,67.104576,67.997424,65.271888,67.856448,6474270
2019-11-26,67.762464,68.232384,66.587664,66.963600,3997553
2019-11-27,66.963600,69.219216,66.540672,68.373360,5489794
2019-11-28,67.856448,68.843280,67.198560,68.044416,3025430
2019-11-29,68.420352,68.890272,67.433520,68.138400,3554054
2019-12-02,68.138400,69.454176,67.574496,68.420352,4913719
2019-12-03,67.856448,69.360192,67.668480,69.313200,3552483
2019-12-04,69.078240,69.172224,68.044416,68.655312,3321520
2019-12-05,68.984256,70.816944,68.138400,70.347024,7860502
2019-12-06,70.628976,71.709792,69.501168,71.427840,7605200
2019-12-09,72.038736,73.683456,71.803776,72.038736,8869882
2019-12-10,70.910928,72.978576,70.628976,72.931584,11263942
2019-12-11,72.790608,73.448496,71.427840,71.615808,7872289
2019-12-12,71.709792,73.307520,71.427840,71.991744,7096833
2019-12-13,72.978576,73.354512,71.427840,73.166544,10770919
2019-12-16,73.307520,76.549968,72.837600,76.174032,16193979
2019-12-17,75.798096,78.382656,75.328176,76.784928,14326138
2019-12-18,77.066880,78.899568,76.174032,77.348832,10143113
2019-12-19,79.416480,85.102512,79.416480,82.095024,22846601
2019-12-20,81.719088,82.987872,79.698432,80.215344,15681968
2019-12-23,78.241680,79.416480,76.643952,76.643952,13320468
2019-12-24,77.630784,78.241680,75.986064,77.348832,9672782
2019-12-25,77.113872,81.484128,76.972896,80.262336,13791246
2019-12-26,79.886400,81.531120,78.711600,80.027376,10076642
2019-12-27,83.175840,84.021696,75.845088,76.362000,19564825
2019-12-30,75.751104,77.771760,75.187200,76.737936,11527184
2019-12-31,76.127040,77.066880,75.469152,76.643952,7376808
2020-01-02,77.254848,82.705920,76.268016,81.813072,19171855
2020-01-03,82.048032,84.914544,81.296160,83.739744,19961255
2020-01-06,84.585600,90.741552,84.115680,89.284800,28588674
2020-01-07,91.634400,95.252784,87.828048,88.485936,15897763
2020-01-08,87.922032,93.279120,87.875040,88.532928,16819422
2020-01-09,89.801712,91.164480,88.063008,90.271632,11514646
2020-01-10,90.647568,90.882528,86.371296,88.579920,13317060
2020-01-13,88.814880,93.326112,87.922032,90.976512,18617471
2020-01-14,90.976512,94.735872,90.694560,93.232128,19880533
2020-01-15,91.681392,96.568560,90.224640,96.004656,13255454
2020-01-16,95.722704,96.803520,93.514080,94.876848,10321148
2020-01-17,94.923840,96.098640,92.809200,93.467088,7064317
2020-01-20,94.077984,101.596704,93.984000,101.502720,10861654
2020-01-21,99.576048,101.361744,97.273440,97.743360,13318152
2020-01-22,96.333600,103.335408,96.333600,102.113616,11042681
2020-01-23,100.280928,107.376720,98.683200,101.831664,13910982
2020-02-03,91.634400,93.185136,91.634400,91.634400,9009041
2020-02-04,92.010336,97.743360,92.010336,97.602384,16906839
2020-02-05,98.871168,102.818496,94.218960,95.440752,22981835
2020-02-06,93.514080,97.743360,93.138144,95.863680,19851355
2020-02-07,94.923840,97.085472,91.728384,94.923840,17323180
2020-02-10,94.735872,96.380592,92.903184,94.735872,17691646
2020-02-11,95.863680,102.113616,94.547904,100.421904,32140424
2020-02-12,99.529056,110.478192,98.777184,110.478192,33837623
2020-02-13,113.626656,119.829600,111.371040,114.754464,38223033
2020-02-14,115.882272,124.058880,114.801456,121.051392,29970470
2020-02-17,123.870912,123.870912,116.493168,121.615296,27976353
2020-02-18,120.064560,125.139696,117.480000,122.273184,22780179
2020-02-19,120.769440,130.261824,117.996912,125.797584,29988673
2020-02-20,126.032544,127.771248,118.607808,123.729936,26494534
2020-02-21,121.615296,126.972384,120.769440,122.414160,21839850
2020-02-24,120.769440,134.679072,119.829600,132.564432,35318713
2020-02-25,128.570112,132.329472,121.521312,129.228000,27568511
2020-02-26,122.226192,125.891568,116.305200,116.305200,23933663
2020-02-27,115.130400,118.090896,110.478192,116.634144,24675242
2020-02-28,110.948112,113.250720,105.168096,105.732000,20867313
2020-03-02,109.209408,115.835280,108.222576,114.002592,21842223
2020-03-03,117.480000,120.346512,112.545840,114.190560,20804769
2020-03-04,108.880464,114.190560,108.551520,111.277056,17481926
2020-03-05,114.613488,115.506336,108.081600,111.606000,13575326
2020-03-06,108.081600,111.793968,107.611680,109.538352,10195937
2020-03-09,109.961280,109.961280,100.844832,101.455728,19889480
2020-03-10,102.912480,107.517696,99.623040,106.624848,17536935
2020-03-11,107.705664,110.666160,103.382400,103.382400,15674233
2020-03-12,101.643696,105.215088,99.529056,100.985808,11554743
2020-03-13,95.440752,103.711344,93.984000,100.656864,12921609
2020-03-16,101.784672,104.228256,93.796032,94.312944,13500177
2020-03-17,96.615552,98.683200,92.339280,95.769696,11996816
2020-03-18,97.555392,100.186944,93.984000,94.453920,12122747
2020-03-19,95.675712,98.918160,94.077984,97.743360,13615506
2020-03-20,99.529056,100.092960,92.903184,96.709536,14703794
2020-03-23,93.373104,94.453920,88.344960,89.284800,11645141
2020-03-24,91.399440,91.728384,85.995360,89.284800,9277946
2020-03-25,91.916352,94.500912,91.117488,93.749040,11792657
2020-03-26,93.749040,94.030992,90.271632,90.835536,6885253
2020-03-27,92.010336,92.433264,88.767888,88.955856,6676234
2020-03-30,86.512272,86.935200,81.108192,83.692752,16694960
2020-03-31,85.290480,86.371296,84.115680,84.209664,7382691
2020-04-01,85.055520,88.156992,83.363808,85.619424,9015012
2020-04-02,85.948368,92.104320,85.431456,91.775376,12635400
2020-04-03,90.694560,92.010336,87.969024,88.485936,12770374
2020-04-07,91.211472,93.655056,91.211472,92.151312,10413696
2020-04-08,91.399440,94.688880,91.164480,92.621232,8936818
2020-04-09,93.843024,94.923840,92.198304,93.561072,8687246
2020-04-10,95.064816,97.179456,92.997168,94.547904,13837104
2020-04-13,94.359936,94.359936,88.344960,90.083664,12946632
2020-04-14,91.587408,93.608064,90.459600,92.480256,12936592
2020-04-15,92.574240,97.743360,91.681392,94.735872,15966044
2020-04-16,94.359936,94.876848,91.634400,93.937008,12522225
2020-04-17,94.923840,100.092960,94.923840,98.636208,18394170
2020-04-20,99.294096,99.717024,97.790352,99.388080,8620198
2020-04-21,98.683200,99.717024,96.897504,98.636208,7087186
2020-04-22,97.226448,99.341088,96.380592,98.871168,6480186
2020-04-23,98.777184,99.998976,96.991488,97.226448,7533662
2020-04-24,97.273440,99.059136,94.782864,95.816688,7170336
2020-04-27,96.944496,96.944496,93.984000,94.641888,4825574
2020-04-28,93.890016,98.918160,91.634400,96.803520,10593996
2020-04-29,100.562880,106.483872,100.468896,106.483872,21478088
2020-04-30,105.732000,109.491360,105.732000,106.295904,29169115
2020-05-06,106.577856,108.739488,105.778992,107.893632,22654327
2020-05-07,109.444368,111.606000,108.175584,109.068432,18923754
2020-05-08,109.867296,111.277056,108.222576,109.021440,13788026
2020-05-11,109.021440,110.008272,107.000784,107.752656,13480078
2020-05-12,108.081600,111.136080,106.577856,110.948112,13173419
2020-05-13,110.055264,110.619168,107.658672,108.645504,10398447
2020-05-14,107.658672,110.619168,107.658672,108.504528,9602276
2020-05-15,109.726320,116.681136,109.162416,114.660480,19140778
2020-05-18,115.318368,115.318368,106.671840,109.068432,16939776
2020-05-19,110.431200,113.720640,108.786480,111.652992,13888380
2020-05-20,110.760144,114.049584,107.376720,108.551520,13899074
2020-05-21,108.880464,109.679328,104.275248,104.886144,8400291
2020-05-22,104.839152,106.013952,100.656864,102.489552,9788601
2020-05-25,101.784672,103.523376,99.576048,100.656864,6256904
2020-05-26,101.502720,104.322240,101.079792,103.570368,6908715
2020-05-27,104.416224,104.463216,99.388080,99.998976,8331400
2020-05-28,100.327920,102.912480,98.119296,102.630528,9397872
2020-05-29,101.737680,102.677520,100.374912,100.750848,6751641
2020-06-01,101.737680,110.149248,101.737680,109.068432,11937448
2020-06-02,109.491360,110.619168,107.470704,109.867296,9279060
2020-06-03,110.431200,112.498848,108.786480,109.726320,11069220
2020-06-04,108.927456,110.713152,107.376720,107.611680,8121032
2020-06-05,107.987616,108.316560,103.194432,105.215088,12092529
2020-06-08,105.966960,107.799648,103.617360,104.698176,9111842
2020-06-09,106.060944,106.060944,102.207600,104.745168,6528977
2020-06-10,104.886144,105.027120,102.019632,103.899312,6690475
2020-06-11,103.993296,106.436880,102.442560,103.053456,9488044
2020-06-12,100.515888,103.570368,100.327920,102.583536,6190970
2020-06-15,102.442560,103.241424,100.327920,101.220768,7098880
2020-06-16,102.818496,105.638016,102.395568,104.322240,9746630
2020-06-17,104.322240,104.557200,101.220768,103.382400,8618237
2020-06-18,103.335408,106.154928,102.818496,105.825984,10423133
2020-06-19,106.107936,110.572176,105.309072,109.068432,12963141
2020-06-22,110.431200,112.075920,109.491360,110.760144,12871536
2020-06-23,110.807136,112.545840,109.068432,111.606000,8790972
2020-06-24,111.652992,114.566496,110.713152,112.357872,10104081
2020-06-29,111.371040,113.579664,109.538352,110.384208,7835905
2020-06-30,111.606000,113.720640,111.606000,113.015760,10222446
2020-07-01,113.250720,115.976256,110.666160,113.344704,10986951
2020-07-02,113.485680,114.331536,111.230064,112.169904,10975610
2020-07-03,112.780800,115.835280,111.371040,115.365360,11420140
2020-07-06,116.305200,121.051392,115.130400,119.641632,15080481
2020-07-07,121.239360,124.387824,117.902928,117.949920,18731119
2020-07-08,120.769440,120.769440,117.480000,119.923584,12392571
2020-07-09,120.397038,126.409788,120.207660,124.610698,15522860
2020-07-10,123.995219,125.841654,121.722684,123.143018,11292115
2020-07-13,123.143018,127.356678,122.385507,126.741200,15866998
2020-07-14,126.409788,126.409788,118.124503,120.823138,17673920
2020-07-15,119.781560,121.627995,115.473211,116.940890,14515203
2020-07-16,116.467445,118.077158,109.034360,110.075939,15973817
2020-07-17,110.075939,111.922374,106.903858,107.661370,9387229
2020-07-20,109.271083,113.721465,108.987016,112.869264,9197792
2020-07-21,113.579432,114.999766,112.585197,113.295365,7300858
2020-07-22,112.632542,114.810388,111.875030,113.484743,8249569
2020-07-23,113.958187,113.958187,107.756059,111.401585,12305360
2020-07-24,110.170628,111.354240,102.311443,103.495055,12331272
2020-07-27,104.110534,104.868045,99.328740,100.559697,12822456
2020-07-28,101.695965,105.388835,101.080486,102.216754,9388630
2020-07-29,102.595510,107.282614,102.074720,107.187925,9410040
2020-07-30,107.471992,108.560916,105.483524,106.430414,7752841
2020-07-31,106.288380,110.691418,105.814935,109.129049,9416317
2020-08-03,110.312662,112.111752,108.466227,111.070174,8023790
2020-08-04,110.502040,112.206441,107.519337,107.992782,10525700
2020-08-05,109.129049,112.159097,107.708715,108.750294,9239654
2020-08-06,107.992782,108.750294,105.720246,106.951203,9291882
2020-08-07,107.235270,107.471992,101.790654,103.068955,11766717
2020-08-10,102.264098,104.110534,101.222520,102.832232,6027917
2020-08-11,104.205222,104.347256,100.417663,100.465008,7350200
2020-08-12,99.991563,100.796419,97.056205,99.944218,9835198
2020-08-13,100.607041,101.553931,99.092018,100.228285,5578014
2020-08-14,99.802185,105.246801,99.802185,104.252567,12043577
2020-08-17,105.010079,114.668355,104.678667,114.668355,17366748
2020-08-18,116.041345,116.183378,111.448929,112.585197,17024358
2020-08-19,112.537853,113.484743,110.028595,110.454695,11391688
2020-08-20,110.786107,113.153331,109.744528,110.265317,9028831
2020-08-21,111.306896,114.573666,106.430414,107.945437,11610869
2020-08-24,109.507805,111.922374,106.572447,110.691418,8983278
2020-08-25,111.827685,115.615245,110.738762,113.958187,14911408
2020-08-26,113.626776,113.626776,108.276849,109.081705,12732168
2020-08-27,107.992782,109.365772,105.388835,107.898093,9322749
2020-08-28,108.987016,109.933906,106.288380,109.176394,8432344
2020-08-31,108.655605,113.910843,108.418882,111.448929,13665288
2020-09-01,110.265317,111.259552,108.324193,111.117518,13432988
2020-09-02,112.206441,112.348475,108.182160,109.602494,10264633
2020-09-03,108.608260,109.223738,103.305677,103.589744,13965101
2020-09-04,101.175175,104.820701,100.607041,104.299911,6568190
2020-09-07,104.347256,108.182160,102.832232,103.447711,9779626
2020-09-08,103.163644,104.347256,100.275630,102.595510,7806220
2020-09-09,101.553931,102.074720,97.056205,97.150893,10997982
2020-09-10,98.003094,98.902640,94.783669,95.588525,8050615
2020-09-11,94.878358,96.819482,94.831013,96.630104,5446874
2020-09-14,97.198238,99.376085,96.061970,97.482305,8404528
2020-09-15,97.292927,98.192472,95.730559,98.097783,4881318
2020-09-16,97.908405,98.192472,96.109315,96.582760,4148645
2020-09-17,96.582760,99.896874,95.919937,98.902640,7542993
2020-09-18,98.097783,99.896874,97.292927,99.234051,5678958
2020-09-21,99.470773,99.849529,98.523884,98.760606,3751378
2020-09-22,97.198238,98.097783,96.109315,96.156659,4339031
2020-09-23,96.819482,97.292927,95.777903,96.677449,4318377
2020-09-24,95.209769,96.393382,93.884124,94.688980,5143026
2020-09-25,94.736324,95.257114,92.227067,93.363334,5002551
2020-09-28,93.268645,96.014626,92.605822,95.020391,4176733
2020-09-29,96.109315,96.724793,95.067736,95.683214,3409729
2020-09-30,95.209769,97.245582,95.115080,96.156659,2934396
2020-10-09,98.476539,102.642854,98.145128,100.891108,10715062
2020-10-12,102.027376,103.258333,101.317209,103.258333,8924335
2020-10-13,103.637089,104.299911,101.980031,103.968500,7554637
2020-10-14,103.968500,103.968500,100.322974,100.749075,6819000
2020-10-15,102.879577,103.116299,99.565462,99.849529,4424113
2020-10-16,99.944218,101.033142,98.997329,100.275630,4170495
2020-10-19,100.749075,101.127831,99.139362,99.423429,3476540
2020-10-20,99.991563,100.559697,98.050439,100.512352,2710683
2020-10-21,100.559697,100.985797,97.719027,98.145128,3360880
2020-10-22,97.624338,98.571228,96.630104,97.292927,2851579
2020-10-23,97.766372,98.571228,94.688980,95.304458,3946018
2020-10-26,95.162425,96.961516,93.552712,95.872592,4236192
2020-10-27,95.730559,96.582760,94.973047,95.967281,2686022
2020-10-28,95.730559,97.482305,94.026157,97.008860,4279551
2020-10-29,95.446492,100.938453,94.973047,99.234051,8024545
2020-10-30,100.086252,101.932687,97.529649,98.713262,9226752
2020-11-02,98.713262,100.985797,98.429195,100.322974,9267393
2020-11-03,100.465008,101.601276,99.470773,101.127831,7175314
2020-11-04,100.938453,101.080486,95.162425,99.423429,11111955
2020-11-05,99.849529,100.749075,96.819482,98.571228,9515068
2020-11-06,99.139362,104.063189,98.760606,103.873811,16766208
2020-11-09,103.873811,112.774575,103.873811,110.075939,23657174
2020-11-10,108.560916,111.306896,106.051658,110.075939,12526307
2020-11-11,109.791872,110.502040,105.956969,107.329959,10135734
2020-11-12,107.708715,108.797638,105.814935,107.992782,5629784
2020-11-13,107.471992,113.579432,106.051658,113.105987,15457562
2020-11-16,113.579432,115.378522,111.448929,114.052876,14175207
2020-11-17,113.390054,114.526321,108.229504,113.342709,11217229
2020-11-18,112.490508,116.230723,112.206441,112.301130,12116946
2020-11-19,113.674120,115.473211,110.928140,112.869264,8360900
2020-11-20,113.295365,113.863498,111.401585,112.348475,5691898
2020-11-23,112.821920,113.437398,109.744528,110.123284,8647705
2020-11-24,109.933906,112.679886,109.697183,110.312662,4738690
2020-11-25,110.880796,111.590963,107.945437,108.134815,6153806
2020-11-26,107.945437,109.223738,106.193691,107.471992,4701953
2020-11-27,107.566681,108.655605,106.241036,107.756059,5438118
2020-11-30,107.471992,112.585197,107.424648,109.129049,9228879
2020-12-01,109.365772,114.336943,109.176394,114.147565,13316600
2020-12-02,113.626776,115.615245,112.443164,114.147565,8719175
2020-12-03,114.526321,115.994000,112.443164,113.674120,7652070
2020-12-04,113.816154,118.882014,113.626776,116.514790,13010205
2020-12-07,113.768809,116.467445,111.543618,115.899312,12018553
2020-12-08,115.047111,115.804623,112.679886,112.916609,8438107
2020-12-09,113.295365,113.579432,109.555150,110.265317,9552128
2020-12-10,109.649839,110.217973,106.998547,109.555150,6309619
2020-12-11,109.555150,109.555150,106.241036,108.892327,6159093
2020-12-14,108.797638,108.797638,102.169409,104.820701,18325451
2020-12-15,104.157878,104.820701,100.796419,103.021610,11026917
2020-12-16,103.068955,108.276849,102.784888,108.134815,11652508
2020-12-17,108.134815,108.797638,105.956969,107.187925,5042337
2020-12-18,108.608260,109.791872,105.294146,105.436179,4628939
2020-12-21,105.436179,110.217973,104.915390,108.797638,7475900
2020-12-22,107.519337,108.892327,105.483524,106.430414,3947043
2020-12-23,105.483524,106.430414,102.548165,103.873811,6529627
2020-12-24,103.873811,105.341490,103.116299,103.210988,4252697
2020-12-25,103.021610,103.921156,99.754840,101.790654,6447806
2020-12-28,102.216754,102.311443,97.576994,98.571228,8055905
2020-12-29,97.624338,103.258333,97.624338,101.411898,5039870
2020-12-30,101.317209,101.317209,98.713262,100.417663,4881945
2020-12-31,99.565462,103.779122,99.565462,102.122065,5058782
2021-01-04,103.021610,117.319646,102.548165,115.141800,24445541
2021-01-05,114.052876,124.800076,113.058642,118.455914,28857437
2021-01-06,118.361225,120.823138,116.372756,118.503258,12511951
2021-01-07,117.935125,121.485961,115.851967,118.029814,16913300
2021-01-08,117.698402,120.681105,116.136034,117.556369,13914217
2021-01-11,117.414335,121.107205,116.893546,120.539072,17599835
2021-01-12,120.491727,120.491727,114.763044,118.313881,15902320
2021-01-13,118.597947,122.432851,117.224957,120.586416,14527533
2021-01-14,121.485961,126.078377,118.929359,122.148784,21914172
2021-01-15,122.054095,123.616463,116.278067,117.982469,17286277
2021-01-18,117.556369,124.800076,113.958187,124.610698,17098025
2021-01-19,123.285052,123.995219,117.982469,118.787325,14272527
2021-01-20,118.503258,127.214645,118.503258,125.841654,20911057
2021-01-21,125.841654,127.782779,123.000985,123.711152,14285958
2021-01-22,123.095674,123.143018,107.471992,113.153331,30134908
2021-01-25,108.892327,112.111752,107.992782,109.129049,15780755
2021-01-26,109.129049,111.732996,106.525103,107.945437,10245855
2021-01-27,108.418882,108.560916,104.157878,105.530868,6505897
2021-01-28,104.252567,105.483524,99.423429,100.465008,12096400
2021-01-29,101.695965,102.500821,99.612807,101.080486,6791344
2021-02-01,101.743309,101.743309,97.340271,97.908405,9852919
2021-02-02,98.429195,104.205222,97.576994,103.305677,10017554
2021-02-03,103.305677,106.146347,101.553931,102.737543,7512963
2021-02-04,102.642854,104.015845,96.961516,99.470773,9782610
2021-02-05,99.565462,100.133596,95.067736,95.162425,9061104
2021-02-08,95.730559,97.008860,93.647401,94.120846,6951772
2021-02-09,94.641636,103.210988,94.310224,101.317209,7065389
2021-02-10,101.790654,102.264098,98.050439,99.044673,8210961
2021-02-18,100.938453,105.152112,100.938453,103.684433,7333757
2021-02-19,103.684433,104.631323,101.790654,103.921156,5331891
2021-02-22,103.116299,107.282614,103.068955,104.820701,8374336
2021-02-23,104.205222,106.998547,103.684433,104.441945,6755284
2021-02-24,104.157878,107.282614,103.210988,103.589744,5440188
2021-02-25,104.252567,108.892327,104.252567,105.010079,8238289
2021-02-26,104.063189,105.909624,101.553931,105.294146,6207553
2021-03-01,105.814935,111.496274,105.436179,110.833451,12596787
2021-03-02,111.732996,113.437398,108.939671,110.880796,8442405
2021-03-03,110.738762,110.738762,107.471992,109.460461,6566418
2021-03-04,108.418882,111.401585,108.087471,110.786107,9094193
2021-03-05,108.750294,112.395819,108.608260,110.075939,5807194
2021-03-08,111.827685,116.183378,108.987016,109.886561,9365335
2021-03-09,109.129049,110.265317,97.482305,98.003094,14269942
2021-03-10,100.370319,105.530868,98.381850,99.849529,12055864
2021-03-11,99.849529,103.684433,97.340271,102.358787,6855514
2021-03-12,103.163644,103.163644,98.381850,99.186707,8449236
2021-03-15,102.500821,105.341490,99.849529,101.553931,10677359
2021-03-16,102.737543,109.839217,102.264098,108.797638,12494582
2021-03-17,108.324193,109.933906,106.004313,108.750294,7209979
2021-03-18,109.271083,109.271083,105.956969,106.619791,6012793
2021-03-19,105.720246,108.702949,104.631323,107.756059,6431558
2021-03-22,107.850748,109.649839,106.619791,108.892327,6672154
2021-03-23,108.939671,109.981250,106.903858,107.756059,4512098
2021-03-24,106.761825,107.756059,102.216754,103.116299,6328383
2021-03-25,102.358787,103.684433,101.317209,101.790654,3840185
2021-03-26,102.926921,108.324193,102.169409,107.850748,5899990
2021-03-29,107.708715,108.418882,104.726012,107.471992,5551480
2021-03-30,107.329959,113.058642,105.104768,112.111752,12473629
2021-03-31,112.111752,113.342709,109.839217,111.022829,6161137
2021-04-01,111.496274,113.863498,110.312662,111.496274,6499399
2021-04-02,112.585197,115.757278,111.969719,113.863498,10476147
2021-04-06,114.431632,115.899312,112.774575,113.200676,6817302
2021-04-07,113.153331,115.994000,112.490508,114.952422,6266966
2021-04-08,114.336943,115.425867,112.064408,112.679886,6942095
2021-04-09,112.727231,113.390054,109.744528,110.407351,4664150
2021-04-12,110.407351,111.022829,105.578213,106.099002,5555797
2021-04-13,106.146347,107.140581,104.205222,104.962734,4518107
2021-04-14,105.436179,108.702949,103.921156,107.803404,5451173
2021-04-15,107.803404,109.555150,106.430414,108.702949,3856834
2021-04-16,108.892327,110.075939,107.850748,109.081705,3353178
2021-04-19,111.259552,114.289599,109.886561,113.390054,7573542
2021-04-20,113.863498,114.147565,111.306896,112.348475,4491533
2021-04-21,111.732996,112.585197,108.324193,112.064408,6294357
2021-04-22,112.111752,114.905077,111.259552,112.916609,6076643
2021-04-23,112.348475,117.224957,111.117518,117.130268,12129102
2021-04-26,116.230723,119.686871,112.585197,112.869264,12492958
2021-04-27,113.295365,113.768809,108.939671,112.821920,7280211
2021-04-28,112.585197,116.562134,111.164863,113.626776,7734009
2021-04-29,110.880796,111.543618,108.040126,108.040126,13791358
2021-04-30,107.850748,111.401585,107.377303,110.170628,7875686
2021-05-06,111.117518,116.372756,109.981250,110.312662,8349406
2021-05-07,110.454695,111.354240,106.383069,106.525103,6962497
2021-05-10,106.572447,106.667136,103.210988,104.015845,7844752
2021-05-11,103.873811,108.324193,103.447711,107.282614,4748024
2021-05-12,107.093236,108.655605,105.010079,107.898093,3972315
2021-05-13,106.761825,107.471992,105.625557,106.525103,3348975
2021-05-14,107.432303,108.625995,106.238610,107.957527,4228624
2021-05-17,108.244013,109.962930,105.044918,105.044918,5878833
2021-05-18,105.140413,105.904376,103.898973,104.471946,4395297
2021-05-19,104.471946,104.662936,102.514290,102.944020,5974205
2021-05-20,102.562038,103.755730,100.795374,103.135010,5861205
2021-05-21,102.944020,103.421497,101.941318,102.657533,3050333
2021-05-24,102.514290,102.609786,100.556635,101.511589,5303170
2021-05-25,102.514290,105.044918,100.174654,103.994469,7415523
2021-05-26,104.424198,105.761133,103.373749,104.710684,5388355
2021-05-27,104.710684,107.718789,104.089964,106.286358,5727113
2021-05-28,105.856629,107.671041,101.941318,102.991767,7280523
2021-05-31,103.182758,104.328703,102.084561,103.373749,5410252
2021-06-01,103.135010,105.570143,102.466543,103.707983,6124274
2021-06-02,103.707983,103.994469,99.792672,100.461140,7762118
2021-06-03,100.508887,103.135010,99.983663,100.413392,4996231
2021-06-04,101.702580,101.702580,98.121503,99.267448,5493563
2021-06-07,99.935915,102.132309,99.888167,101.989066,4946988
2021-06-08,102.180057,102.562038,100.126906,100.890869,3775784
2021-06-09,100.604383,101.129607,98.216998,98.646728,4823227
2021-06-10,98.598980,99.315195,96.736820,97.787269,6657506
2021-06-11,97.787269,98.503484,95.304389,95.495380,6543958
2021-06-15,95.495380,97.882764,93.155743,97.166549,8055949
2021-06-16,96.927811,97.166549,93.871959,93.967454,4910180
2021-06-17,94.062949,96.163848,93.680968,95.829614,4153460
2021-06-18,96.450334,97.309792,95.113398,96.068352,4363726
2021-06-21,96.068352,99.649429,95.638623,98.933214,5769287
2021-06-22,98.837718,100.031411,97.691774,98.407989,6717429
2021-06-23,98.646728,102.036814,98.360241,101.081860,8252993
2021-06-24,101.225103,102.944020,99.792672,100.556635,5759530
2021-06-25,100.652131,103.135010,100.556635,101.177355,8029443
2021-06-28,101.129607,105.044918,100.843121,104.567441,10659829
2021-06-29,109.819687,113.400764,105.952124,106.143115,18174155
2021-06-30,107.193564,107.336807,104.042217,104.328703,10001635
2021-07-01,104.519693,105.713386,101.845823,102.180057,6330330
2021-07-02,102.180057,102.896272,100.938617,101.177355,5394723
2021-07-05,101.654832,104.853927,100.652131,104.042217,7808706
2021-07-06,103.851226,103.851226,100.986364,102.084561,4857776
2021-07-07,100.938617,103.135010,100.365644,102.371047,4637355
2021-07-08,101.750327,103.803478,99.983663,103.373749,11589920
2021-07-09,102.418795,103.564740,101.225103,102.609786,5737762
2021-07-12,102.753029,104.853927,101.368346,104.567441,8595532
2021-07-13,103.851226,104.710684,102.418795,103.898973,6814441
2021-07-14,103.946721,108.148518,102.944020,105.761133,9959480
2021-07-15,105.283656,106.525096,103.516992,104.519693,6385441
2021-07-16,104.519693,104.519693,100.890869,101.272850,9871728
2021-07-19,100.747626,100.938617,98.073755,98.646728,5793055
2021-07-20,98.742223,100.986364,98.694475,99.171952,4986068
2021-07-21,99.649429,100.604383,98.837718,99.697177,4756915
2021-07-22,100.270149,100.413392,98.169251,99.744924,4865860
2021-07-23,99.553934,100.747626,97.023306,97.214297,5819002
2021-07-26,96.975558,98.169251,95.017903,96.545829,6028705
2021-07-27,97.596278,115.835896,97.118801,111.108875,52838895
2021-07-28,107.432303,114.355718,100.747626,111.490856,41260704
2021-07-29,113.591755,126.961108,111.920585,124.287237,46612270
2021-07-30,123.189040,123.189040,118.318776,119.369225,27031086
2021-08-02,120.085440,122.807059,117.889047,121.279133,26462775
2021-08-03,119.607963,120.944899,115.167428,116.695354,21793586
2021-08-04,115.215176,119.846702,114.976438,118.223280,13970778
2021-08-05,116.981841,124.048499,116.265625,122.281834,20686005
2021-08-06,122.329582,123.571022,117.029588,118.557514,15022000
2021-08-09,118.080037,120.944899,113.162025,119.560216,17857100
2021-08-10,118.796253,118.844000,113.878241,116.552111,15256581
2021-08-11,115.835896,119.464720,114.212474,115.740401,14031805
2021-08-12,116.408868,129.348492,116.170130,125.576425,32032200
2021-08-13,125.815163,126.531379,114.116979,114.928690,27853376
2021-08-16,115.310671,116.026887,110.106173,111.968333,15633339
2021-08-17,111.347613,112.445810,106.238610,106.859330,12889970
2021-08-18,107.098069,108.148518,105.617890,106.334106,8628450
2021-08-19,105.904376,108.769238,105.522395,106.620592,7520058
2021-08-20,106.095367,108.291761,104.615189,107.145816,8992441
2021-08-23,107.814284,110.058425,107.193564,109.676444,9813909
2021-08-24,109.676444,110.726893,107.957527,110.058425,7665534
2021-08-25,110.392659,112.159324,108.769238,111.252118,8107510
2021-08-26,110.631398,112.063828,108.291761,108.578247,7862067
2021-08-27,109.819687,116.838597,109.533201,115.597157,17632545
2021-08-30,117.316074,119.607963,112.684548,113.687250,13576880
2021-08-31,113.114278,113.639502,107.336807,109.771939,12859484
2021-09-01,109.771939,115.549410,107.671041,112.732296,15754059
2021-09-02,111.061127,114.355718,109.103472,113.687250,9530271
2021-09-03,114.451213,116.886345,112.780044,113.782745,8609405
2021-09-06,115.119681,131.306148,114.451213,129.825969,39975616
2021-09-07,128.823268,130.637680,126.197145,127.247594,21114537
2021-09-08,128.823268,129.396240,121.422376,122.520573,21383702
2021-09-09,120.658413,124.000751,118.509767,120.658413,12860350
2021-09-10,120.706160,122.711563,118.318776,121.804357,13645916
2021-09-13,121.756609,122.663816,115.883644,116.361121,14031527
2021-09-14,118.318776,124.478228,117.745804,119.942197,16266712
2021-09-15,121.756609,122.281834,116.981841,120.419674,10532757
2021-09-16,119.655711,127.008855,118.509767,122.663816,18941830
2021-09-17,125.433182,128.298043,117.936794,118.748505,19559968
2021-09-22,115.071933,118.509767,114.355718,116.647607,10516881
2021-09-23,116.743102,125.480929,116.647607,122.138591,14235897
2021-09-24,121.279133,126.435883,121.279133,122.234086,13867582
2021-09-27,124.000751,128.584529,118.032290,119.989945,17336918
2021-09-28,120.324179,131.926867,115.358419,127.581828,26213947
2021-09-29,125.719668,130.733175,123.475526,129.062006,23270753
2021-09-30,128.966511,138.325058,126.531379,135.603440,31056641
2021-10-08,139.661993,139.900732,133.025064,136.558393,20755695
2021-10-11,134.982720,135.842178,125.767415,126.579126,23365948
2021-10-12,127.390837,130.303446,124.334985,125.958406,16965785
2021-10-13,126.006154,129.491735,125.146695,129.109754,10380653
2021-10-14,127.199846,128.775520,120.228683,127.199846,12705153
2021-10-15,125.862911,136.892627,124.334985,133.741280,19501832
2021-10-18,133.550289,137.370104,131.544886,135.125963,12951985
2021-10-19,133.693532,135.078215,127.772818,131.926867,15179144
2021-10-20,132.117858,137.656590,132.022363,134.123261,15043754
2021-10-21,133.168307,140.282713,129.873717,139.900732,21469617
2021-10-22,139.709741,140.855685,136.415150,137.179113,11704071
2021-10-25,138.134067,140.234966,132.881821,139.423255,11552137
2021-10-26,138.468301,138.707039,131.067409,132.690831,17089970
2021-10-27,131.879120,134.600738,129.205249,133.168307,10113366
2021-10-28,133.168307,133.454794,126.531379,128.107052,14475706
2021-10-29,128.345791,131.162904,124.573723,125.671920,12910029
2021-11-01,125.671920,133.693532,125.671920,133.025064,16633377
2021-11-02,134.171009,136.940375,128.536781,130.494437,19290664
2021-11-03,130.303446,130.780923,123.571022,126.101649,12712294
2021-11-04,125.576425,137.895329,124.716966,133.836775,22661172
2021-11-05,134.552990,137.035870,130.589932,131.449391,14528036
2021-11-08,130.160203,131.115157,124.525976,128.918763,15106878
2021-11-09,128.441286,130.971914,125.815163,128.393538,10844537
2021-11-10,127.534080,130.160203,124.239489,125.098948,14349859
2021-11-11,124.812462,128.059305,121.470123,125.337686,14675547
2021-11-12,125.337686,134.362000,124.621471,130.398941,22491568
2021-11-15,131.306148,136.749384,129.969212,130.589932,18371812
2021-11-16,129.825969,137.370104,128.680025,134.075514,20477258
2021-11-17,133.454794,137.179113,130.876418,136.319655,17000605
2021-11-18,135.412449,138.850283,132.738578,133.263803,13855039
2021-11-19,134.791729,145.869193,134.648486,142.717845,37606041
2021-11-22,143.911538,147.206128,140.616947,145.630455,30019352
2021-11-23,143.243070,145.821445,141.094424,143.911538,18917715
2021-11-24,148.017839,152.267383,141.571901,143.816042,39347854
2021-11-25,140.807938,145.582707,138.659292,143.243070,17662969
2021-11-26,142.765593,144.198024,137.179113,139.661993,23991504
2021-11-29,137.513347,142.765593,136.319655,141.619649,18361359
2021-11-30,142.813341,148.113334,141.906135,145.916941,24243713
2021-12-01,146.251174,150.405224,144.198024,146.394418,14457501
2021-12-02,145.630455,153.747562,144.675501,149.211531,20415714
2021-12-03,149.020540,154.989002,146.633156,153.126842,18370713
2021-12-06,153.747562,154.272786,149.116036,152.315131,12632381
2021-12-07,151.360177,151.837654,143.959285,145.343968,15677599
2021-12-08,146.203427,156.994405,146.203427,153.174590,21266265
2021-12-09,152.697113,155.179992,151.216934,152.792608,10489432
2021-12-10,152.792608,155.179992,148.829550,153.126842,12914095
2021-12-13,153.556571,153.747562,147.349371,150.405224,11439979
2021-12-14,149.593513,149.927747,146.585408,148.829550,7596989
2021-12-15,148.829550,153.508823,145.821445,147.970091,10008932
2021-12-16,147.301624,149.784504,143.959285,144.675501,11538152
2021-12-17,144.245771,145.534959,140.473704,142.908836,12580234
2021-12-20,141.810639,145.200725,140.378209,141.142172,8836495
2021-12-21,141.285415,143.911538,141.094424,143.434061,5497580
2021-12-22,144.436762,148.925045,143.243070,146.633156,11075120
2021-12-23,146.728651,152.410626,145.678202,151.837654,13877681
2021-12-24,151.837654,155.943956,150.070990,151.407925,8898392
2021-12-27,150.500719,153.986300,147.540362,149.354774,6829083
2021-12-28,150.405224,154.129543,147.492614,150.118737,7566664
2021-12-29,149.593513,150.405224,145.869193,146.155679,6874185
2021-12-30,146.919642,149.211531,144.818744,145.200725,7977344
2021-12-31,145.916941,146.489913,143.768295,144.436762,6137834
2022-01-04,145.534959,147.253876,141.858387,146.346670,8561894
2022-01-05,145.439464,145.916941,135.125963,138.420553,14746309
2022-01-06,136.319655,138.468301,134.552990,137.370104,7003201
2022-01-07,137.035870,138.945778,133.263803,134.743981,8740720
2022-01-10,134.266504,139.614246,131.688129,138.707039,7329414
2022-01-11,138.468301,139.518750,135.221458,136.080917,5442795
2022-01-12,137.035870,141.476405,137.035870,139.423255,5781636
2022-01-13,139.852984,140.378209,134.457495,134.505243,5833619
2022-01-14,133.693532,136.797132,133.263803,135.316953,4656408
2022-01-17,135.030467,141.953882,135.030467,141.237667,7415678
2022-01-18,139.900732,149.211531,139.900732,147.588110,13055852
2022-01-19,146.680904,148.447568,137.131366,139.280012,13435529
2022-01-20,138.181815,139.375507,134.409747,136.462898,8769226
2022-01-21,136.462898,137.943076,134.171009,135.698935,4574502
2022-01-24,135.555692,136.558393,132.452092,134.648486,4456309
2022-01-25,135.842178,135.842178,128.441286,128.918763,8006279
2022-01-26,130.494437,131.019661,127.963809,129.396240,5813517
2022-01-27,130.112455,131.544886,125.146695,125.289939,8338579
2022-01-28,127.008855,127.581828,123.666517,123.666517,4846711
2022-02-07,126.435883,129.634978,125.337686,128.059305,5706330
2022-02-08,128.059305,128.059305,121.947600,124.191742,6909680
2022-02-09,124.191742,125.242191,120.849403,123.332283,11501891
2022-02-10,123.475526,127.438585,123.427779,125.910659,7073441
2022-02-11,125.910659,126.101649,122.807059,123.666517,5216603
2022-02-14,122.711563,124.096246,120.324179,121.899853,4625180
2022-02-15,124.096246,129.587231,122.950302,128.345791,8968136
2022-02-16,128.345791,129.491735,125.958406,127.104351,4380968
2022-02-17,126.531379,128.918763,125.480929,126.197145,4118766
2022-02-18,125.910659,127.199846,125.289939,126.531379,2637540
2022-02-21,126.674622,127.438585,124.430480,126.197145,4365176
2022-02-22,124.621471,126.531379,123.666517,125.289939,3296988
2022-02-23,126.388135,130.160203,125.671920,129.825969,5839149
2022-02-24,128.632277,129.825969,123.714265,127.104351,7727290
2022-02-25,127.820566,130.351194,127.725071,127.916062,5064231
2022-02-28,127.916062,130.160203,126.053902,129.873717,4744813
2022-03-01,129.825969,132.690831,129.157501,132.070111,6087563
2022-03-02,131.735877,137.704338,130.637680,135.603440,9452937
2022-03-03,135.842178,138.181815,132.738578,133.311550,7567076
2022-03-04,132.165606,135.269206,132.070111,132.499840,3593464
2022-03-07,131.306148,132.738578,125.576425,126.006154,5486440
2022-03-08,126.483631,129.396240,124.048499,125.958406,4421486
2022-03-09,127.343089,129.778221,121.422376,125.098948,5764677
2022-03-10,128.918763,128.918763,125.624172,127.247594,4020200
2022-03-11,125.385434,126.483631,122.568320,126.435883,7933132
2022-03-14,124.430480,125.051200,120.276431,120.419674,5228091
2022-03-15,120.419674,120.801656,114.403465,116.265625,7353346
2022-03-16,117.698056,121.995348,113.353016,120.706160,5851134
2022-03-17,121.517871,125.098948,120.897151,123.762012,4672891
2022-03-18,122.950302,124.382732,122.234086,123.714265,2525523
2022-03-21,123.666517,125.576425,122.711563,123.618769,2500920
2022-03-22,124.048499,124.048499,121.279133,121.947600,2677611
2022-03-23,122.138591,124.334985,120.992646,122.663816,4178788
2022-03-24,121.279133,121.756609,117.459317,119.798954,3697600
2022-03-25,118.796253,120.324179,115.549410,115.597157,3110378
2022-03-28,114.355718,115.453914,112.111576,112.684548,4368970
2022-03-29,113.353016,113.925988,110.106173,111.347613,2592065
2022-03-30,111.777342,112.923287,110.535902,112.875539,4782723
2022-03-31,112.875539,112.875539,109.007976,110.344912,4348429
2022-04-01,109.055724,110.822388,108.339509,110.201669,3828839
2022-04-06,110.201669,110.488155,106.620592,109.198967,6075787
2022-04-07,109.819687,109.819687,105.522395,106.477349,3963989
2022-04-08,105.952124,107.050321,102.657533,103.946721,4673348
2022-04-11,102.848524,103.612487,96.450334,96.545829,9361857
2022-04-12,97.309792,98.503484,95.638623,97.644026,5693067
2022-04-13,97.691774,97.882764,93.871959,93.967454,5250427
2022-04-14,95.161146,97.548531,95.161146,95.543128,5716472
2022-04-15,94.826912,95.877362,92.869257,95.686371,3136116
2022-04-18,95.352137,98.312494,94.206192,97.453035,4564301
2022-04-19,98.026008,98.742223,96.450334,97.405288,5327742
2022-04-20,98.360241,98.503484,96.354838,96.927811,3159156
2022-04-21,95.972857,98.169251,93.680968,94.588174,4707054
2022-04-22,94.588174,95.304389,90.720611,93.585472,6018843
2022-04-25,91.723312,93.012500,85.754851,85.945842,5668832
2022-04-26,85.898094,86.900796,80.693596,81.744045,6776948
2022-04-27,81.409811,83.749448,78.449455,82.937738,12943018
2022-04-28,83.797196,84.847645,73.961172,75.441350,25663043
2022-04-29,76.730538,82.603504,72.003517,80.263867,25078700
2022-05-05,79.881885,81.075578,77.971978,78.688193,15370091
2022-05-06,76.539547,77.924230,74.868378,76.396304,8637825
2022-05-09,76.444052,77.924230,75.536846,76.205313,6596600
2022-05-10,75.393603,78.497202,74.486396,78.162969,7772859
2022-05-11,78.688193,82.364765,77.399005,79.595399,15528663
2022-05-12,78.306212,80.836839,78.306212,80.836839,10450214
2022-05-13,81.123325,81.600802,79.261165,80.598101,8956415
2022-05-16,81.505307,83.080981,80.311615,80.693596,11119923
2022-05-17,80.216119,81.266568,79.595399,80.932335,8753252
2022-05-18,81.457559,82.269270,80.645848,81.266568,9931211
2022-05-19,79.690895,82.030531,79.356661,81.839541,11729252
2022-05-20,82.317018,84.035934,81.696298,83.844944,11254213
2022-05-23,83.844944,83.988187,81.362064,82.221522,11114498
2022-05-24,82.603504,83.080981,76.491799,76.491799,26491740
2022-05-25,75.966575,78.401707,75.918827,77.733239,10277604
2022-05-26,78.019725,78.592698,75.536846,77.733239,12160739
2022-05-27,77.971978,79.213418,75.680089,76.253061,15377815
2022-05-30,77.017024,79.117922,75.918827,78.019725,16336256
2022-05-31,78.067473,82.221522,76.682790,81.600802,18967033
2022-06-01,81.744045,82.221522,80.263867,81.218821,11140132
2022-06-02,80.932335,83.606205,80.407110,83.176476,13535777
2022-06-06,83.176476,85.563860,82.937738,84.799897,20512959
2022-06-07,84.561159,85.420617,82.842242,83.701701,12044833
2022-06-08,83.080981,84.179177,81.027830,82.889990,13843250
2022-06-09,82.555756,82.603504,80.263867,81.171073,12524205
2022-06-10,80.693596,82.985485,80.025128,82.603504,9743166
2022-06-13,82.030531,83.653953,80.311615,81.362064,17236248
2022-06-14,80.645848,80.645848,77.112519,79.499904,17054680
2022-06-15,79.117922,81.648550,78.879184,79.452156,22937974
2022-06-16,79.738642,81.839541,79.452156,80.359362,21954697
2022-06-17,79.881885,80.932335,78.162969,80.932335,18925694
2022-06-20,81.648550,84.179177,81.553055,82.603504,26016276
2022-06-21,82.937738,84.179177,82.078279,83.319719,29562341
2022-06-22,83.797196,84.179177,80.454858,80.693596,33303769
2022-06-23,80.645848,83.988187,80.120624,83.749448,47316678
2022-06-24,85.372870,90.147639,83.844944,88.428722,64535654
2022-06-27,89.144937,91.389079,87.187282,90.577368,49919448
2022-06-28,90.243134,90.434125,87.712507,89.765657,42292229
2022-06-29,88.858451,90.195386,86.853048,86.900796,37865270
2022-06-30,87.139534,89.049442,86.471067,87.664759,32249184
2022-07-01,87.378273,89.049442,84.513411,84.895393,39025610
2022-07-04,84.608907,84.895393,81.409811,81.791793,43014245
2022-07-05,81.218821,82.317018,75.871079,78.449455,56841057
2022-07-06,78.019725,79.881885,76.778286,78.019725,26181630
2022-07-07,78.353959,78.544950,76.730538,77.351258,19405259
2022-07-08,77.589996,79.547652,77.160267,78.115221,23298310
2022-07-11,78.306212,78.497202,74.247658,75.154864,28760204
2022-07-12,75.107116,75.489098,72.194507,72.624236,27033011
2022-07-13,72.480993,73.053966,71.096310,71.191806,23310754
2022-07-14,71.430544,72.958470,71.144058,71.955769,20241523
2022-07-15,71.762337,72.632770,70.263259,70.505045,23405396
2022-07-18,70.795190,73.116343,69.779685,73.067986,22492486
2022-07-19,72.536055,73.841704,72.100839,73.213058,18398233
2022-07-20,74.131848,75.147353,73.406488,73.986776,21938931
2022-07-21,73.890061,76.162858,73.067986,75.050638,28219486
2022-07-22,74.953924,76.791504,74.421992,75.679284,25172097
2022-07-25,76.017786,80.998595,76.017786,78.097153,43200232
2022-07-26,78.097153,78.193867,74.373635,76.066143,32341299
2022-07-27,75.727641,77.081648,74.712137,75.195710,21972294
2022-07-28,75.679284,80.321592,75.582569,79.015943,52413511
2022-07-29,78.725798,78.725798,75.727641,76.162858,36004806
2022-08-01,76.936576,86.027761,75.050638,84.818827,81798324
2022-08-02,86.559692,87.430125,82.642745,85.447473,94798823
2022-08-03,85.785974,87.768627,82.207529,82.691103,66294254
2022-08-04,83.900037,84.722112,81.965742,83.561535,33768995
2022-08-05,84.867184,86.849837,83.706607,86.753122,46809388
2022-08-08,86.076119,86.076119,82.932890,84.335253,36931033
2022-08-09,83.754965,84.818827,82.352601,83.561535,28012949
2022-08-10,83.223034,84.577040,82.304244,83.029604,19956470
2022-08-11,83.561535,88.397272,83.464821,87.768627,47776577
2022-08-12,87.091623,87.575197,84.867184,84.963899,36443454
2022-08-15,84.141824,84.867184,83.029604,84.431968,19337217
2022-08-16,84.383611,84.577040,83.223034,83.609893,17356358
2022-08-17,83.851680,86.027761,82.836175,86.027761,29679998
2022-08-18,85.350758,85.979404,83.658250,85.785974,22444211
2022-08-19,85.834332,88.010413,83.561535,83.561535,30049919
2022-08-22,85.157329,90.089780,84.335253,87.333410,52771882
2022-08-23,87.913699,88.397272,84.577040,85.157329,37570990
2022-08-24,85.834332,86.269548,79.838018,80.466664,43283129
2022-08-25,80.756808,81.627241,77.758651,78.822513,23810467
2022-08-26,78.870870,80.031447,76.791504,77.323435,21307424
2022-08-29,76.017786,77.130005,75.582569,76.743146,12229539
2022-08-30,76.743146,78.097153,76.307930,77.468507,9878586
2022-08-31,77.130005,80.998595,76.646431,78.242225,22569431
2022-09-01,78.097153,79.402802,77.081648,77.807008,13256498
2022-09-02,78.097153,79.596231,77.468507,78.774156,14066373
2022-09-05,78.242225,78.822513,76.211215,76.743146,15944169
2022-09-06,77.952080,83.609893,77.758651,82.691103,50687727
2022-09-07,82.691103,84.577040,80.998595,81.820670,32315678
2022-09-08,81.965742,82.400958,79.257729,79.306087,20352285
2022-09-09,79.112657,79.886375,78.048795,79.064300,14648835
2022-09-13,79.402802,80.466664,77.807008,78.000438,16323634
2022-09-14,76.404645,77.033290,75.582569,75.727641,16944497
2022-09-15,76.017786,76.307930,72.584412,73.648275,20447337
2022-09-16,73.164701,73.648275,72.052481,72.294268,12121335
2022-09-19,71.955767,72.294268,69.392826,70.214901,16051493
2022-09-20,70.843547,71.278763,70.214901,70.553403,8589411
2022-09-21,70.214901,72.052481,69.005967,71.810694,9944918
2022-09-22,70.940262,72.245911,70.311616,70.408331,8648325
2022-09-23,70.601760,70.795190,67.942105,68.425679,11125867
2022-09-26,67.700318,68.377321,66.394669,66.491384,10839222
2022-09-27,66.588098,68.522393,66.588098,68.522393,9429032
2022-09-28,68.183892,68.328964,65.669308,65.669308,9721521
2022-09-29,66.588098,67.265102,65.427522,66.007810,6994747
2022-09-30,65.766023,66.539741,64.605446,64.702161,6781936
2022-10-10,64.895591,65.282449,61.704004,61.800719,12282042
2022-10-11,61.897434,61.994148,60.156568,60.833571,11393398
2022-10-12,60.833571,64.025158,60.349998,63.783371,11899368
2022-10-13,63.783371,64.847233,62.864581,63.880086,10645939
2022-10-14,64.460374,65.862738,64.121873,65.669308,12962294
2022-10-17,65.282449,66.829885,64.895591,66.733171,10370604
2022-10-18,67.120030,67.168387,65.959453,66.491384,8534059
2022-10-19,66.491384,67.361816,65.620951,65.669308,8706432
2022-10-20,65.911095,68.135534,64.460374,67.120030,15185432
2022-10-21,67.216744,67.216744,65.282449,65.959453,9952431
2022-10-24,66.249597,67.748675,64.508732,65.040663,11234932
2022-10-25,64.847233,66.346312,64.073515,65.427522,9053356
2022-10-26,65.524236,68.812538,64.847233,67.506889,18250346
2022-10-27,66.733171,69.392826,66.443026,68.183892,25539533
2022-10-28,67.797033,68.570751,63.251440,63.396512,20947254
2022-10-31,63.251440,66.346312,63.009653,64.943948,17340471
2022-11-01,65.475879,66.636456,64.653804,66.588098,13439166
2022-11-02,66.539741,68.038820,66.297954,67.893747,14288845
2022-11-03,68.038820,68.619108,66.684813,68.328964,19408529
2022-11-04,67.748675,69.731328,67.555246,69.344469,18191342
2022-11-07,69.151039,70.408331,68.570751,69.344469,14791415
2022-11-08,69.005967,69.344469,67.700318,68.425679,12608582
2022-11-09,68.619108,68.715823,67.555246,67.845390,9813625
2022-11-10,67.700318,68.474036,66.878243,67.361816,12578916
2022-11-11,69.102682,69.247754,68.038820,68.522393,17147947
2022-11-14,68.764180,69.344469,67.506889,67.845390,13800719
2022-11-15,67.942105,71.568908,67.458531,71.375478,28613769
2022-11-16,71.520550,71.762337,69.779685,69.973114,16117300
2022-11-17,69.779685,71.713980,69.247754,71.617265,16039566
2022-11-18,71.327121,71.665622,69.876400,69.924757,15935453
2022-11-21,69.682970,70.746832,68.812538,70.601760,9286891
2022-11-22,70.456688,72.681127,69.924757,71.472193,20506627
2022-11-23,71.327121,71.665622,69.634613,70.359973,13052045
2022-11-24,70.843547,71.085334,69.876400,70.408331,9874859
2022-11-25,70.601760,71.568908,69.779685,69.973114,10112664
2022-11-28,68.667465,68.764180,66.926600,67.458531,14055296
2022-11-29,67.265102,68.667465,67.265102,68.328964,11198939
2022-11-30,68.328964,68.522393,67.700318,68.038820,7171758
2022-12-01,68.667465,69.586255,68.183892,68.232249,12840077
2022-12-02,68.135534,68.909252,67.700318,67.893747,8425820
2022-12-05,68.135534,69.828042,67.990462,69.441183,12930415
2022-12-06,69.054324,70.456688,69.005967,70.408331,12763670
2022-12-07,70.601760,70.601760,69.151039,69.392826,12884282
2022-12-08,69.199396,69.199396,67.942105,68.038820,10879197
2022-12-09,68.087177,68.377321,67.071672,67.265102,14524709
2022-12-12,67.120030,68.860895,67.023315,68.328964,10285143
2022-12-13,68.183892,68.328964,66.443026,66.588098,9962653
2022-12-14,67.313459,68.135534,66.684813,66.781528,7996695
2022-12-15,66.394669,68.425679,66.104525,67.893747,9621783
2022-12-16,67.700318,67.700318,65.911095,66.539741,10724345
2022-12-19,66.007810,66.539741,64.266945,64.508732,8003207
2022-12-20,64.508732,65.524236,64.218587,64.653804,5033044
2022-12-21,64.702161,65.185735,62.961296,63.638299,6044487
2022-12-22,64.073515,64.170230,62.381007,62.477722,6368850
2022-12-23,61.849076,63.203083,61.655647,62.816224,4477408
2022-12-26,63.009653,64.025158,62.767866,63.880086,5440256
2022-12-27,64.121873,64.121873,63.154725,63.541584,4323238
2022-12-28,63.251440,63.251440,62.187578,62.332650,6362033
2022-12-29,62.332650,62.864581,62.042506,62.187578,3285350
2022-12-30,62.816224,62.912938,62.042506,62.574437,3744533
2023-01-03,62.429365,64.460374,62.187578,64.121873,7026699
2023-01-04,64.557089,64.992305,63.589942,64.170230,7094294
2023-01-05,64.025158,64.895591,63.880086,64.798876,5746669
2023-01-06,64.653804,65.282449,64.315302,64.702161,5738245
2023-01-09,64.943948,65.572594,64.750518,65.282449,8483150
2023-01-10,65.282449,65.620951,64.798876,64.847233,5276420
2023-01-11,65.234092,65.524236,64.363659,64.460374,8113509
2023-01-12,64.460374,64.992305,64.073515,64.412017,4775491
2023-01-13,64.557089,64.605446,63.735014,64.315302,5162360
2023-01-16,64.460374,65.959453,64.266945,65.766023,11430989
2023-01-17,65.717666,66.781528,65.524236,66.249597,7182682
2023-01-18,66.249597,66.443026,65.862738,66.201240,5629726
2023-01-19,65.862738,67.216744,65.717666,67.216744,8215560
2023-01-20,67.313459,68.135534,67.265102,68.087177,8774261
2023-01-30,69.151039,70.601760,68.667465,68.812538,16641351
2023-01-31,68.474036,68.957610,68.280606,68.715823,5759491
2023-02-01,68.812538,70.456688,68.715823,70.214901,10779770
2023-02-02,70.214901,71.182049,69.876400,70.118186,11519104
2023-02-03,69.924757,71.472193,69.828042,71.423835,15653479
2023-02-06,70.843547,71.955767,70.601760,71.859052,11251839
2023-02-07,71.810694,73.938419,71.617265,72.681127,17906953
2023-02-08,72.922914,73.648275,71.955767,72.245911,10924761
2023-02-09,71.665622,83.513178,71.472193,82.546031,72862610
2023-02-10,83.658250,92.217505,83.561535,88.397272,112116353
2023-02-13,89.316062,94.151799,86.898194,93.184652,80818237
2023-02-14,89.702921,92.604364,85.544188,87.236695,72635300
2023-02-15,86.462978,93.668226,84.528683,92.024075,94225868
2023-02-16,91.879003,94.296871,85.689260,87.236695,81257927
2023-02-17,87.236695,87.478482,82.836175,83.271391,48739574
2023-02-20,83.271391,87.768627,81.482168,86.801479,46536730
2023-02-21,86.269548,87.962056,84.528683,85.399115,26635948
2023-02-22,85.399115,86.656407,83.029604,85.495830,24705813
2023-02-23,85.157329,88.010413,82.981247,84.141824,17362739
2023-02-24,87.043266,87.526840,84.625398,85.592545,31829464
2023-02-27,84.190181,86.076119,81.772313,82.255886,26625514
2023-02-28,82.787817,84.915542,82.352601,83.996752,21690895
2023-03-01,83.996752,87.913699,82.546031,86.462978,29883027
2023-03-02,86.462978,87.768627,85.157329,85.592545,22592218
2023-03-03,86.414620,87.816984,85.108971,87.188338,26975693
2023-03-06,86.849837,88.445630,84.528683,86.317905,22601899
2023-03-07,86.317905,86.317905,81.965742,82.497673,26848129
2023-03-08,82.159172,84.093466,81.627241,83.658250,24096361
2023-03-09,84.045109,84.480325,82.691103,83.561535,12987700
2023-03-10,82.497673,83.900037,81.046952,81.046952,18578803
2023-03-13,80.369949,81.482168,79.306087,80.901880,18833488
2023-03-14,80.660093,80.660093,76.404645,78.338939,24392460
2023-03-15,78.774156,79.161015,76.307930,76.501359,17470204
2023-03-16,76.066143,76.646431,73.793347,74.373635,19781048
2023-03-17,74.953924,80.515021,74.905566,78.145510,34188825
2023-03-20,79.499516,82.981247,78.870870,81.965742,39406653
2023-03-21,81.820670,85.834332,80.853523,83.319749,33848279
2023-03-22,85.157329,91.395429,82.159172,88.542344,73013104
2023-03-23,88.784131,96.279524,88.590702,95.457448,86022737
2023-03-24,95.264019,96.086094,91.685574,94.296871,61372359
2023-03-27,94.296871,100.728402,93.716583,95.070589,61765594
2023-03-28,94.345229,94.780445,88.639059,89.316062,44842351
2023-03-29,89.944708,91.879003,87.962056,88.929203,32006828
2023-03-30,88.977561,90.331567,85.350758,87.285053,28272832
2023-03-31,87.285053,87.285053,84.625398,86.462978,28836811
2023-04-03,86.559692,88.107128,82.255886,85.350758,57964271
2023-04-04,85.689260,95.650878,84.818827,92.556006,87520816
2023-04-06,90.670069,109.771230,90.476639,108.562296,126093724
2023-04-07,106.434571,106.434571,99.132609,102.420910,91744060
2023-04-10,100.680044,103.291342,95.505806,96.569668,69613058
2023-04-11,96.714740,98.842464,94.780445,96.521311,61300577
2023-04-12,95.650878,101.163618,93.861655,99.035894,83663508
2023-04-13,98.649035,98.649035,91.830646,92.604364,70311820
2023-04-14,91.879003,94.490301,89.509492,93.668226,47265926
2023-04-17,94.732088,94.973875,91.443787,92.652721,34995596
2023-04-18,92.942865,97.826960,90.960213,96.424596,51401292
2023-04-19,96.134452,103.968345,95.844307,100.438257,87671988
2023-04-20,102.759411,107.836935,100.099756,104.887136,84551521
2023-04-21,105.080565,105.080565,97.198314,100.099756,67545293
2023-04-24,99.954684,105.032208,99.277681,102.130765,56739213
2023-04-25,101.647192,101.937336,95.699235,96.618025,52602048
2023-04-26,95.360734,96.618025,84.915542,85.882689,75617717
2023-04-27,84.722112,89.509492,83.464821,84.480325,45426080
2023-04-28,81.385454,91.879003,81.385454,89.509492,51505770
2023-05-04,87.285053,88.590702,81.965742,82.691103,40867082
2023-05-05,82.691103,85.689260,79.596231,80.369949,39295072
2023-05-08,80.805165,83.368106,79.451159,82.594388,32326831
2023-05-09,82.594388,87.816984,81.723955,83.029604,48853599
2023-05-10,82.836175,83.319749,79.451159,80.756808,33462044
2023-05-11,81.482168,82.787817,80.224877,81.240382,23903120
2023-05-12,81.482168,82.352601,78.097153,78.580726,28227870
2023-05-15,77.855366,79.306087,76.453002,79.112657,19073173
2023-05-16,78.193867,79.596231,76.598074,77.516864,20194115
2023-05-17,76.646431,79.402802,76.646431,78.532369,16721224
2023-05-18,78.580726,87.526840,78.580726,84.867184,57524315
2023-05-19,85.979404,90.863498,85.157329,90.138138,64551065
2023-05-22,89.747296,93.802291,88.477057,91.408379,50646895
2023-05-23,90.919825,99.664934,90.919825,95.609940,78790288
2023-05-24,93.655725,102.400835,93.655725,98.394695,80860530
2023-05-25,108.458899,110.999378,93.802291,98.052708,137885951
2023-05-26,100.446620,117.643707,100.348909,117.643707,169933503
2023-05-29,122.138400,133.179711,120.281896,124.532313,192292312
2023-05-30,124.630023,131.811761,119.207078,131.420918,165200145
2023-05-31,133.375133,144.758432,130.248390,136.795008,176133846
2023-06-01,131.909472,140.117172,130.541522,136.501876,137944100
2023-06-02,140.654581,143.097349,129.466704,129.466704,137312948
2023-06-05,128.782729,130.443811,123.604061,124.874300,124965619
2023-06-06,124.776589,127.561345,120.330752,121.161293,94650150
2023-06-07,120.917016,124.483457,119.109368,121.454425,105629379
2023-06-08,118.229971,119.549066,114.370398,115.982625,99937437
2023-06-09,117.741418,123.213218,114.858951,122.626954,120622859
2023-06-12,125.069722,131.469774,121.894123,125.362854,128613392
2023-06-13,123.799482,128.391886,122.480388,125.655986,87342774
2023-06-14,126.486527,133.668265,123.946048,130.394956,119377057
2023-06-15,130.932365,133.326277,123.506350,124.581168,106745754
2023-06-16,122.138400,129.417849,121.894123,127.365924,78394215
2023-06-19,127.219357,130.883509,123.457495,130.101824,91520200
2023-06-20,127.512490,128.978150,124.141470,126.437672,70096690
2023-06-21,125.851407,125.949118,117.252864,118.571959,75771741
2023-06-26,116.471178,118.425393,111.390221,112.318473,57636191
2023-06-27,112.367328,113.588712,109.924560,111.145944,33572333
2023-06-28,111.145944,111.145944,104.061917,107.042094,46274676
2023-06-29,106.797817,110.119981,106.651251,108.898597,40741045
2023-06-30,108.849742,119.402500,107.579503,117.790273,75863577
2023-07-03,117.204009,119.939909,112.953592,117.252864,46844061
2023-07-04,117.155153,120.281896,115.152084,117.497141,43491773
2023-07-05,117.252864,121.649846,115.396360,115.542926,37197525
2023-07-06,113.491001,123.652916,113.393291,121.112437,61400546
2023-07-07,120.233041,120.965871,111.634498,114.907807,47158099
2023-07-10,115.005517,116.764310,111.390221,112.758171,29371946
2023-07-11,112.416183,115.542926,112.416183,113.295580,23493339
2023-07-12,112.660460,114.028410,108.556610,108.703176,25005775
2023-07-13,110.559680,119.255934,109.533717,117.741418,50121040
2023-07-14,119.646777,127.610200,118.718525,126.388816,86224102
2023-07-17,129.857547,134.791938,127.268213,131.323208,97370850
2023-07-18,132.104893,139.872896,130.052968,130.541522,94934336
2023-07-19,131.958327,138.016392,130.346100,130.932365,63324120
2023-07-20,130.541522,131.909472,118.865091,119.451355,66964016
2023-07-21,118.229971,122.382677,116.373468,118.376537,35502196
2023-07-24,117.301719,128.782729,117.252864,122.578098,61082707
2023-07-25,124.434602,128.489597,120.672739,124.092614,59463689
2023-07-26,123.994904,123.994904,114.810096,118.034550,48461455
2023-07-27,119.793343,120.575028,114.761241,114.956662,33633293
2023-07-28,114.956662,116.764310,111.878774,113.393291,33355533
2023-07-31,111.145944,113.588712,106.504685,110.315403,35554538
2023-08-01,111.341365,115.445216,108.361188,113.393291,45376083
2023-08-02,111.585642,115.054373,111.390221,114.028410,30036442
2023-08-03,113.002448,114.174976,109.338296,112.367328,28341204
2023-08-04,111.927630,116.471178,111.634498,115.542926,37181785
2023-08-07,115.542926,121.356714,114.858951,117.106298,40503231
2023-08-08,116.764310,118.718525,113.491001,114.419253,23071729
2023-08-09,113.002448,114.712385,108.507755,109.240585,34229017
2023-08-10,108.898597,108.898597,104.745892,106.553540,28467793
2023-08-11,107.139804,108.458899,104.061917,104.306194,23216927
2023-08-14,102.645111,105.576433,101.570293,105.478722,23087259
2023-08-15,107.970346,110.413114,104.061917,105.722999,40057487
2023-08-16,103.035954,106.260408,102.596256,103.329086,24346554
2023-08-17,102.693967,105.136735,101.130595,104.208483,26113897
2023-08-18,103.573363,104.745892,98.883249,98.980959,33399055
2023-08-21,99.274092,100.935174,98.345840,98.687827,20704893
2023-08-22,101.716860,104.697036,98.736683,103.573363,32415657
2023-08-23,101.961136,102.449690,98.394695,98.590116,22566824
2023-08-24,102.596256,106.455829,99.958067,103.524508,48276091
2023-08-25,100.104633,101.912281,95.658795,96.538191,45618820
2023-08-28,102.840533,103.817640,99.176381,99.664934,36501431
2023-08-29,99.567224,105.576433,97.613009,104.550470,38169676
2023-08-30,105.674144,108.263478,104.550470,106.113842,34554600
2023-08-31,105.039024,109.191730,104.110772,107.774924,31609150
2023-09-01,106.651251,108.556610,105.527578,107.872635,22092577
2023-09-04,106.993238,109.729139,106.993238,109.533717,23491732
2023-09-05,108.703176,109.387151,106.651251,107.774924,20282083
2023-09-06,107.090949,108.068056,106.260408,107.530647,20414976
2023-09-07,107.286371,107.530647,103.768785,104.794747,24367764
2023-09-08,103.377942,104.941313,102.498545,103.377942,16271839
2023-09-11,103.671074,108.263478,102.742822,106.406974,19797764
2023-09-12,106.504685,126.975081,106.358119,116.813166,84595266
2023-09-13,112.416183,112.758171,106.553540,107.726069,59115600
2023-09-14,107.726069,108.214622,104.452760,105.381012,28122000
2023-09-15,105.039024,105.478722,101.277161,101.961136,25411152
2023-09-18,101.032884,104.013061,100.642042,101.472583,18238340
2023-09-19,101.130595,101.863426,98.590116,101.228306,17732553
2023-09-20,100.984029,105.820710,100.886318,101.374872,28851351
2023-09-21,100.348909,103.426797,100.348909,100.495476,16877604
2023-09-22,99.860356,111.683353,99.713790,110.901667,54259846
2023-09-25,110.999378,112.611605,109.924560,111.390221,35209177
2023-09-26,111.390221,114.077266,109.826849,109.973415,28597582
2023-09-27,109.484862,110.852812,107.921490,108.214622,20625013
2023-09-28,109.484862,111.683353,108.703176,109.240585,19201706
2023-10-09,109.045164,112.855882,108.458899,109.924560,28368042
2023-10-10,111.292510,111.781064,108.214622,108.556610,16275373
2023-10-11,108.507755,113.832989,108.263478,111.487932,32452256
2023-10-12,111.634498,114.468108,110.852812,112.025340,21494699
2023-10-13,111.145944,111.829919,109.387151,109.875705,15634307
2023-10-16,108.898597,109.680283,106.064987,106.895528,17298432
2023-10-17,107.481792,107.970346,104.892458,105.967276,14472705
2023-10-18,102.645111,102.889388,91.994643,97.613009,55063761
2023-10-19,96.245059,98.687827,95.267952,97.173311,24225388
2023-10-20,97.026745,98.199274,93.362593,93.900002,17958875
2023-10-23,93.900002,93.900002,88.819044,89.942718,23110658
2023-10-24,91.261812,93.509159,90.480127,91.164102,17645072
2023-10-25,92.874039,95.463373,91.848077,93.020605,19804107
2023-10-26,91.261812,93.900002,90.577837,93.460304,18381472
2023-10-27,92.727473,94.241989,91.359523,93.411448,21739156
2023-10-30,92.483196,98.101563,92.238920,97.710720,27939233
2023-10-31,97.906141,99.567224,94.046568,99.176381,30560524
2023-11-01,97.124456,100.788608,96.196204,100.788608,36745658
2023-11-02,102.400835,102.596256,95.023675,95.121386,44257534
2023-11-03,95.707650,98.638972,95.219097,97.271022,26777955
2023-11-06,97.857286,102.987099,97.857286,102.254268,32608945
2023-11-07,101.961136,104.892458,100.690897,103.377942,25195897
2023-11-08,102.596256,104.550470,101.130595,102.058847,23394821
2023-11-09,102.254268,105.234445,101.374872,103.671074,29907264
2023-11-10,104.061917,104.794747,100.251199,100.984029,33388579
2023-11-13,101.961136,105.429867,101.814570,102.889388,30435761
2023-11-14,103.426797,105.429867,102.596256,103.866495,21356183
2023-11-15,106.309263,106.504685,102.645111,103.084810,21002193
2023-11-16,102.596256,103.866495,101.130595,101.130595,14771424
2023-11-17,100.446620,103.866495,100.446620,103.524508,20335561
2023-11-20,103.915351,104.990169,101.716860,102.645111,20960480
2023-11-21,102.889388,103.524508,100.348909,100.544331,18495742
2023-11-22,99.664934,99.762645,96.049638,96.245059,26481147
2023-11-23,96.977890,99.078670,96.245059,98.687827,15661250
2023-11-24,98.492406,98.492406,94.241989,94.828254,16711465
2023-11-27,94.290845,96.000782,93.264882,93.655725,20736892
2023-11-28,94.339700,95.121386,92.043498,94.828254,17873848
2023-11-29,94.144279,96.538191,94.144279,95.219097,14879918
2023-11-30,95.365663,95.365663,92.922895,94.095423,11881206
2023-12-01,94.095423,96.977890,93.509159,96.196204,16526799
2023-12-04,96.489336,96.684757,94.388556,95.658795,17187108
2023-12-05,95.316807,95.609940,91.848077,91.848077,16562976
2023-12-06,91.799221,92.825184,91.164102,91.359523,12463192
2023-12-07,91.017536,93.509159,91.017536,92.580907,12572884
2023-12-08,93.313738,98.980959,92.825184,97.124456,36499367
2023-12-11,96.293915,96.342770,92.825184,96.245059,24185450
2023-12-12,95.951927,96.489336,94.241989,95.023675,15265669
2023-12-13,94.730543,95.854216,94.290845,94.339700,12467852
2023-12-14,95.365663,97.173311,94.046568,94.046568,17338923
2023-12-15,94.144279,94.730543,92.190064,92.678618,13611244
2023-12-18,92.190064,92.483196,90.382416,90.577837,11152168
2023-12-19,90.675548,91.408379,89.405309,90.480127,13826930
2023-12-20,91.115246,91.115246,88.232780,88.232780,12626221
2023-12-21,87.597660,89.942718,86.864830,88.819044,14379254
2023-12-22,88.916755,89.258743,86.522843,86.962541,13467781
2023-12-25,87.060252,88.135069,86.522843,87.304528,9279477
2023-12-26,87.353384,87.548805,84.519773,85.252603,10900055
2023-12-27,85.252603,86.767119,85.008326,85.985434,8987728
2023-12-28,85.936578,88.135069,85.203748,87.451094,14184316
2023-12-29,87.402239,90.870970,87.402239,90.138139,19053692
2024-01-02,90.382416,90.968680,88.965611,89.063321,11903966
2024-01-03,88.916755,89.063321,85.399169,86.132000,16137696
2024-01-04,86.327421,86.327421,84.666339,85.154892,8473173
2024-01-05,85.203748,85.741157,82.077005,82.516703,13242691
2024-01-08,82.467848,82.809835,80.611344,80.757910,14799440
2024-01-09,83.005257,85.741157,81.930439,82.516703,20706333
2024-01-10,82.077005,83.005257,79.878514,80.953332,13854600
2024-01-11,80.660199,84.128930,80.269356,83.493810,14475748
2024-01-12,83.200678,83.982364,81.295319,81.490740,15440859
2024-01-15,81.099898,83.151823,80.660199,81.881583,13690601
2024-01-16,81.735017,82.272426,79.536526,81.051042,15464494
2024-01-17,81.539596,82.418992,79.243394,79.292249,13056599
2024-01-18,78.608274,81.246464,77.680022,81.148753,18392650
2024-01-19,81.099898,83.933508,80.709055,80.709055,21490526
2024-01-22,83.005257,84.275496,77.289180,77.484601,25511146
2024-01-23,76.702915,81.735017,76.702915,80.562489,25724536
2024-01-24,84.617484,85.545735,78.510564,82.516703,31460899
2024-01-25,82.467848,88.281636,80.073935,87.939648,50326483
2024-01-26,86.962541,88.330491,84.275496,84.764050,36601465
2024-01-29,84.959471,84.959471,77.631167,77.680022,35096698
2024-01-30,77.973155,79.487671,75.041833,75.334965,17006881
2024-01-31,74.748701,76.654060,72.354788,72.501354,20877842
2024-02-01,71.621958,79.341105,70.351718,77.093758,32549904
2024-02-02,76.947192,80.025080,71.573102,73.478461,27043362
2024-02-05,73.478461,76.507494,67.713529,73.234185,32850294
2024-02-06,71.328826,81.881583,71.133404,80.953332,35863099
2024-02-07,80.757910,84.666339,80.171646,82.858691,32612039
2024-02-08,83.396100,92.776329,82.956401,85.741157,39825073
2024-02-19,91.261812,102.303124,89.649586,99.958067,73365213
2024-02-20,97.271022,98.394695,95.072531,96.635902,46967788
2024-02-21,93.167172,96.000782,92.141209,93.362593,40793398
2024-02-22,97.222166,101.374872,96.342770,99.322947,56268561
2024-02-23,103.084810,104.794747,98.003852,101.032884,60930598
2024-02-26,98.199274,100.397765,96.245059,98.687827,40313533
2024-02-27,97.613009,109.924560,97.222166,109.582572,79824225
2024-02-28,107.823780,109.826849,99.958067,100.642042,63897750
2024-02-29,100.300054,107.481792,100.300054,106.162697,41252539
2024-03-01,107.970346,113.491001,106.846672,112.611605,65182128
2024-03-04,119.695632,128.391886,117.155153,123.017796,84183908
2024-03-05,120.233041,126.339961,117.985694,119.695632,66258382
2024-03-06,118.718525,119.451355,115.591782,116.959732,35829617
2024-03-07,118.620814,123.262073,117.008587,117.008587,44630655
2024-03-08,119.988764,130.883509,117.741418,129.808692,64075891
2024-03-11,124.581168,129.417849,122.138400,128.489597,53630064
2024-03-12,126.144540,127.463634,120.086475,124.190325,46170442
2024-03-13,127.268213,136.501876,123.652916,130.688088,66310715
2024-03-14,127.072791,131.323208,125.069722,127.121647,39443251
2024-03-15,125.997973,134.107963,123.604061,133.130856,46679800
2024-03-18,132.642302,138.700367,131.372063,132.691158,48405674
2024-03-19,130.590377,132.691158,128.489597,129.955258,31399697
2024-03-20,129.466704,133.277422,126.535382,127.610200,32995025
2024-03-21,127.561345,129.368993,124.678879,124.972011,29789667
2024-03-22,126.095684,127.561345,123.506350,124.092614,29811821
2024-03-25,125.509420,125.997973,117.790273,118.376537,39696070
2024-03-26,120.184186,122.333821,117.057443,118.278827,42828102
2024-03-27,116.520034,118.327682,112.220762,115.298650,41721676
2024-03-28,115.249794,120.672739,115.249794,119.597921,44064861
2024-03-29,118.132260,118.523103,115.347505,118.327682,27917132
2024-04-01,118.327682,121.552136,113.393291,119.549066,38351097
2024-04-02,119.549066,122.089545,117.301719,118.132260,35806191
2024-04-03,117.252864,119.353644,114.126121,116.959732,27022933
2024-04-08,115.836059,120.917016,115.152084,118.181116,29700878
2024-04-09,117.252864,118.865091,115.152084,118.181116,22411485
2024-04-10,117.252864,117.497141,113.637567,114.321542,22233913
2024-04-11,114.272687,116.813166,112.562749,112.807026,20989145
2024-04-12,114.810096,120.184186,113.832989,116.862021,37650259
2024-04-15,116.275757,125.802552,116.226901,124.581168,60909978
2024-04-16,121.991834,126.975081,118.669669,120.379607,52406216
2024-04-17,121.600991,131.762906,121.600991,129.466704,49358881
2024-04-18,127.072791,134.449951,125.704841,131.811761,39729915
2024-04-19,127.023936,131.762906,124.043759,127.707911,41844957
2024-04-22,117.155153,123.310929,111.292510,122.138400,41982506
2024-04-23,123.946048,127.512490,122.382677,124.141470,23454781
2024-04-24,125.997973,148.959993,125.460564,146.810357,83945754
2024-04-25,146.566080,146.908068,141.924821,143.781324,49829072
2024-04-26,147.640898,152.428723,143.976746,149.155414,73769297
2024-04-29,149.985955,152.917277,146.517225,149.399691,46186653
2024-04-30,149.008848,150.279087,144.416444,145.002708,37432666
2024-05-06,147.298910,148.862282,141.191990,142.608796,38909219
2024-05-07,145.979816,150.718786,142.169098,143.390482,45296624
2024-05-08,141.191990,153.845529,141.191990,148.276018,51833754
2024-05-09,145.588973,150.914207,145.149275,148.276018,27005550
2024-05-10,146.077526,147.054634,138.553801,140.410305,39488491
2024-05-13,140.410305,142.608796,137.674404,138.993499,26199720
2024-05-14,139.384342,140.996569,130.981220,133.912542,37450952
2024-05-15,134.107963,145.588973,133.277422,140.508015,42333341
2024-05-16,149.008848,152.673000,146.566080,148.031741,48555099
2024-05-17,147.934030,149.790534,141.143135,146.566080,36233916
2024-05-20,144.611866,150.230232,142.901928,147.054634,34621663
2024-05-21,150.523364,151.744748,144.025601,146.321803,34024780
2024-05-22,144.123312,145.100419,141.387412,142.413374,26158473
2024-05-23,145.735539,145.833250,137.332417,139.921751,39131532
2024-05-24,139.921751,142.511085,133.130856,134.889649,32673871
2024-05-27,135.720190,138.162958,131.909472,137.674404,32062454
2024-05-28,135.817901,137.136996,130.052968,131.372063,34789049
2024-05-29,132.935435,135.231636,131.372063,132.837724,20602111
2024-05-30,131.909472,136.648442,128.978150,134.840794,21909082
2024-05-31,133.863686,137.430128,131.176642,133.570554,22982699
2024-06-03,133.375133,144.123312,133.179711,142.804217,45671227
2024-06-04,142.755362,152.868421,141.729399,151.011918,53418171
2024-06-05,151.060773,159.463895,149.350836,151.451616,48312700
2024-06-06,155.360045,162.834915,153.308120,154.529504,51769269
2024-06-07,152.465161,156.298908,147.156896,149.909330,35956861
2024-06-11,150.646589,154.382035,148.680565,151.727902,26861743
2024-06-12,152.416011,154.185432,143.224848,146.124734,43663343
2024-06-13,147.304348,156.397209,146.665390,151.727902,43414428
2024-06-14,151.580450,168.095052,150.155083,162.295281,67216393
2024-06-17,164.654510,167.947600,160.034354,165.244317,36072967
2024-06-18,163.917251,171.191540,162.344432,165.342618,38556242
2024-06-19,167.112040,169.618721,161.558022,161.705474,28256300
2024-06-20,162.196980,163.278293,157.380221,157.527673,19864943
2024-06-21,154.332884,160.427558,153.841378,157.036167,21821171
2024-06-24,157.036167,159.346245,151.777053,152.956667,28846107
2024-06-25,150.400836,150.400836,145.485776,146.714541,27640445
2024-06-26,151.777053,158.363233,151.777053,157.036167,42406680
2024-06-27,153.399023,159.493697,152.022806,152.563462,32227552
2024-06-28,151.727902,163.474896,151.727902,158.559836,39252235
2024-07-01,156.790414,168.537407,152.071956,165.293468,45087553
2024-07-02,168.832311,170.896636,163.327444,164.064703,39317239
2024-07-03,164.900263,171.044088,163.868100,165.244317,32903821
2024-07-04,167.112040,174.189726,165.293468,167.554395,33111754
2024-07-05,167.062889,168.045901,158.314083,165.539221,32729658
2024-07-08,166.129028,169.766172,163.917251,166.522233,23725764
2024-07-09,167.406944,188.246798,166.227329,188.148497,47927409
2024-07-10,186.772280,196.553249,186.477376,195.078731,43664611
2024-07-11,195.078731,195.127882,184.068997,190.114521,42094935
2024-07-12,184.609654,201.468309,180.923359,191.982244,46657853
2024-07-15,191.638189,195.373635,185.248611,191.441587,31001449
2024-07-16,190.704328,207.857887,190.212822,204.712249,44731739
2024-07-17,201.517460,204.024141,192.670352,194.144870,33111780
2024-07-18,188.738304,193.555063,179.497991,190.409424,42589859
2024-07-19,186.772280,188.492551,182.545328,183.823244,26553142
2024-07-22,184.314750,199.797189,183.872395,195.668539,39125862
2024-07-23,196.995605,204.466496,195.177033,196.012593,38696035
2024-07-24,196.012593,215.377929,196.012593,202.402171,41996446
2024-07-25,195.471936,199.059930,186.673979,188.492551,39801246
2024-07-26,189.770467,193.161858,185.740117,189.623015,28530508
2024-07-29,188.689153,201.124255,183.774093,193.997418,32986740
2024-07-30,196.110894,196.946454,185.789268,190.409424,24665434
2024-07-31,187.165485,194.095719,175.959148,189.475563,48958934
2024-08-01,194.931280,197.978617,186.182473,188.345099,33029164
2024-08-02,179.497991,182.840232,165.883275,170.061076,79292190
2024-08-05,165.146016,165.146016,149.319523,150.499137,62730641
2024-08-06,157.380221,161.902076,153.939679,156.348059,39483601
2024-08-07,154.037980,157.871727,150.155083,151.875354,30588868
2024-08-08,146.714541,151.285547,146.124734,147.992457,31201153
2024-08-09,153.743077,159.100492,151.826203,155.709101,42737772
2024-08-12,155.709101,164.900263,155.709101,161.852926,37622552
2024-08-13,163.425745,174.337178,162.885088,170.011925,45864601
2024-08-14,173.010112,174.337178,165.047715,165.440920,40633442
2024-08-15,164.851112,168.832311,163.720649,165.146016,25343948
2024-08-16,169.864474,174.926985,168.193353,170.011925,39853527
2024-08-19,167.750998,175.467642,166.423932,170.454281,32042759
2024-08-20,172.027100,174.877835,166.423932,168.095052,24335191
2024-08-21,166.129028,173.157564,165.588371,169.569570,22400700
2024-08-22,169.225516,170.552582,163.818950,168.635709,20398414
2024-08-23,167.112040,168.095052,163.179992,164.851112,17276934
2024-08-26,166.571383,168.340805,161.852926,163.671498,16643650
2024-08-27,162.246131,165.391769,160.673311,161.508872,13865290
2024-08-28,162.541034,169.372968,162.541034,164.949414,18778858
2024-08-29,155.414197,163.671498,149.909330,161.607173,36604129
2024-08-30,159.002191,169.569570,159.002191,166.227329,35221215
2024-09-02,167.210341,169.815323,153.399023,156.298908,38908850
2024-09-03,154.971842,157.675125,145.780680,149.811029,52586957
2024-09-04,142.290987,143.273999,136.884421,138.752144,63148754
2024-09-05,138.702993,142.880794,137.130174,138.752144,35322143
2024-09-06,137.375927,138.752144,133.198126,133.394728,28666047
2024-09-09,132.706620,134.574343,130.543994,133.591331,27011825
2024-09-10,134.181138,135.803108,131.330403,135.557355,29648700
2024-09-11,133.738783,136.442066,133.001524,135.164150,20152608
2024-09-12,142.290987,142.979095,132.804921,132.804921,42230460
2024-09-13,133.050674,142.979095,132.903222,138.113186,59504330
2024-09-18,137.474228,139.833457,135.950560,136.736969,28089486
2024-09-19,136.933572,137.916584,131.821909,134.181138,29742720
2024-09-20,135.557355,136.098011,132.215114,133.050674,18859316
2024-09-23,131.723608,137.523379,130.642295,133.394728,19333909
2024-09-24,134.082837,147.943306,134.082837,145.584077,49163786
2024-09-25,149.909330,151.777053,142.831644,143.126547,49839309
2024-09-26,144.846818,151.777053,142.733342,151.629601,43969117
2024-09-27,150.892342,171.977949,150.892342,167.112040,59061223
2024-09-30,172.027100,195.422786,167.603546,195.127882,69014770
2024-10-08,231.941681,234.153458,202.697074,234.153458,82413182
2024-10-09,222.553917,244.917440,203.680086,211.347580,81351149
2024-10-10,216.262640,221.128549,199.158231,209.873062,56577628
2024-10-11,202.500472,209.479857,194.538075,199.305683,45362937
2024-10-14,200.534448,216.016887,197.732864,213.362755,50951380
2024-10-15,209.529008,221.914959,207.022327,209.184954,45191276
2024-10-16,201.517460,205.842713,199.354834,201.320858,30122467
2024-10-17,204.417345,220.440441,202.598773,213.510206,54619146
2024-10-18,217.245652,255.337367,215.377929,245.359795,80201289
2024-10-21,246.981765,263.103162,237.249946,250.668060,64232993
2024-10-22,253.125590,260.252427,238.871916,243.786976,59492107
2024-10-23,239.363422,245.261494,233.465350,237.594000,42570707
2024-10-24,233.563651,242.214157,228.943495,237.102494,35367368
2024-10-25,241.378597,241.820952,231.990832,236.807591,33514716
2024-10-28,233.956856,235.333073,219.703182,225.453802,45381204
2024-10-29,226.387664,231.892531,220.538742,224.470790,38174073
2024-10-30,226.043609,228.157085,217.933760,221.276001,29767450
2024-10-31,218.179513,225.994459,214.394917,221.325152,34261472
2024-11-01,216.262640,218.179513,206.235918,208.201942,42935852
2024-11-04,208.152791,217.393104,208.152791,214.591520,24720637
2024-11-05,213.805110,227.665579,211.495032,224.225037,44911455
2024-11-06,224.667393,229.336700,215.083026,217.835459,37144009
2024-11-07,213.362755,232.678940,213.117002,228.845194,42681643
2024-11-08,229.975657,238.577012,227.714730,228.845194,41842446
2024-11-11,233.268748,233.416199,215.574532,221.374302,59734322
2024-11-12,224.421640,227.567278,215.377929,219.113375,37982975
2024-11-13,215.918586,223.143724,209.676460,222.308164,43181754
2024-11-14,218.720170,222.308164,213.313604,214.100014,22508936
2024-11-15,213.510206,218.720170,202.058117,202.156418,31019816
2024-11-18,201.714062,203.385183,191.736491,193.948268,31839389
2024-11-19,196.160045,200.878502,193.555063,199.993791,21858649
2024-11-20,200.436147,211.495032,199.551436,206.678273,31763965
2024-11-21,203.974990,204.908851,196.602400,199.453135,29622281
2024-11-22,200.337846,202.697074,191.294135,191.589039,24304527
2024-11-25,191.687340,194.095719,179.842045,185.740117,43848118
2024-11-26,183.184286,189.868768,181.857220,186.821431,24892461
2024-11-27,185.494364,188.738304,181.513166,188.050196,18822421
2024-11-28,187.755292,187.755292,180.087798,180.874208,29802404
2024-11-29,182.348726,202.942827,182.348726,199.354834,60013890
2024-12-02,201.468309,211.347580,201.025954,209.283255,48310258
2024-12-03,207.268080,208.890050,201.468309,206.678273,27608768
2024-12-04,205.842713,210.659472,204.319044,206.432520,26109189
2024-12-05,207.907038,216.655845,207.710436,214.640670,31700959
2024-12-06,214.935574,219.113375,212.330592,214.296616,22991055
2024-12-09,210.856074,215.427080,207.956189,212.084839,21490240
2024-12-10,221.177700,221.276001,206.481671,209.381556,31679909
2024-12-11,208.890050,220.194688,205.842713,217.442254,33106616
2024-12-12,216.754146,223.536929,215.820285,217.393104,23143828
2024-12-13,216.754146,222.406465,213.461056,214.738971,35010895
2024-12-16,213.461056,218.916772,208.103640,215.279628,29848189
2024-12-17,214.788122,225.011447,213.805110,222.160712,37917501
2024-12-18,223.635230,224.028435,214.788122,216.655845,25614836
2024-12-19,213.805110,219.604881,212.330592,218.425266,22338711
2024-12-20,218.425266,223.536929,215.328779,219.899784,23667788
2024-12-23,218.425266,221.226851,211.052676,212.232291,27532667
2024-12-24,216.164339,216.311791,209.873062,214.689821,20583874
2024-12-25,213.362755,221.767507,212.969550,217.196501,23861469
2024-12-26,216.311791,239.854928,212.969550,236.660139,56760501
2024-12-27,235.922880,242.115856,233.760254,236.905892,44567594
2024-12-30,235.873729,238.527862,225.109748,227.911332,39905594
2024-12-31,227.616429,227.616429,206.432520,206.874875,47796223
2025-01-02,205.646110,214.591520,202.500472,205.842713,28163640
2025-01-03,206.432520,208.300243,196.602400,198.420972,22973216
2025-01-06,198.470123,206.727424,197.143057,199.748038,21459457
2025-01-07,201.566611,224.765694,200.092093,224.028435,47039430
2025-01-08,219.359128,233.367049,218.720170,229.533302,45394193
2025-01-09,245.458096,263.103162,241.034542,250.668060,83046965
2025-01-10,249.488446,252.142578,237.692302,239.756627,55524368
2025-01-13,235.333073,239.265121,227.468977,229.680754,30136710
2025-01-14,229.877356,240.837940,225.060597,238.921067,41207129
2025-01-15,238.675314,240.690488,233.661952,237.299097,28271486
2025-01-16,239.166820,241.575199,227.468977,229.729904,44502034
2025-01-17,225.109748,247.964777,225.011447,242.902265,49177335
2025-01-20,245.753000,255.140765,243.246319,249.832500,40587178
2025-01-21,255.533969,256.811885,245.753000,253.961150,29340424
2025-01-22,257.057638,293.920588,257.057638,287.531010,69138327
2025-01-23,292.102016,301.194877,283.107456,286.793751,47079649
2025-01-24,288.169968,291.708811,279.568613,282.370197,34866385
2025-01-27,270.819806,272.736679,260.006674,261.628644,36685791
2025-02-05,240.837940,243.295470,213.166152,222.652218,93256699
2025-02-06,227.124923,234.251760,222.848820,232.629790,62648922
2025-02-07,235.922880,253.125590,234.448362,243.295470,61113378
2025-02-10,245.753000,253.174741,239.854928,251.945976,42711979
2025-02-11,252.683235,276.275523,251.307018,266.887758,55586752
2025-02-12,267.870770,275.243360,262.759108,269.345288,35843731
2025-02-13,268.313125,270.819806,261.972698,264.037023,29670167
2025-02-14,266.052198,272.785830,256.123777,261.137138,30117405
2025-02-17,260.547331,282.812552,260.547331,275.145059,38501492
2025-02-18,275.095908,281.976992,269.345288,271.999420,28941077
2025-02-19,270.377451,275.194209,264.970885,271.311312,30670824
2025-02-20,270.328300,272.343475,262.955710,266.396252,28288373
2025-02-21,266.396252,275.194209,265.560692,273.621390,34387922
2025-02-24,267.969071,267.969071,256.418680,263.545517,39596454
2025-02-25,258.040650,266.543704,255.632271,261.923547,34065825
2025-02-26,260.547331,267.772469,260.498180,266.543704,30506609
2025-02-27,268.362276,268.804631,248.898638,263.447216,49898207
2025-02-28,252.928988,260.399879,245.114042,250.913813,48601091
2025-03-03,255.583120,263.398065,241.870103,261.481192,58419642
2025-03-04,252.634084,263.643818,249.291843,262.709957,42755903
2025-03-05,265.413240,286.007341,265.413240,282.566799,57125054
2025-03-06,287.039504,292.691823,280.649926,286.105643,51952749
2025-03-07,286.105643,302.276190,281.976992,292.691823,48923657
2025-03-10,304.733720,317.807780,299.818660,317.807780,54486032
2025-03-11,333.978327,363.616139,333.634273,343.513543,100816336
2025-03-12,348.969260,356.292699,341.301766,343.267790,66387970
2025-03-13,348.182850,366.958380,345.430417,352.606404,67189306
2025-03-14,358.651928,410.554962,352.606404,403.034920,82936967
2025-03-17,414.683612,456.412472,409.571950,452.873628,84156651
2025-03-18,455.920966,456.215869,441.913045,449.777141,69825160
2025-03-19,456.953128,457.051429,414.781913,418.271606,88072450
2025-03-20,421.122341,427.020413,413.356546,416.305582,53153271
2025-03-21,412.865040,436.309876,412.865040,418.566510,54369697
2025-03-24,422.449407,447.909418,420.729136,442.797755,69709973
2025-03-25,447.270460,447.270460,411.980329,416.354733,70780748
2025-03-26,411.734576,423.629021,411.734576,419.352919,35979522
2025-03-27,412.127781,417.780100,400.577390,408.097432,41586527
2025-03-28,407.999131,418.664811,405.934805,407.753378,27854338
2025-03-31,407.753378,410.063456,389.272752,398.169011,38035802
2025-04-01,402.543414,402.985769,387.699933,388.879547,31335201
2025-04-02,397.136848,404.312836,393.253951,396.547041,29075768
2025-04-03,379.442632,383.669584,357.128260,358.799380,56758623
2025-04-07,315.841756,327.342996,292.937576,311.123298,76641328
2025-04-08,321.936430,328.817514,290.037691,300.899973,66591050
2025-04-09,294.854449,323.410948,289.988540,315.546852,78555596
2025-04-10,348.969260,360.372199,330.439484,331.569948,89043642
2025-04-11,329.800526,355.604591,320.019557,350.296326,76033968
2025-04-14,363.714440,363.714440,346.315128,350.247176,67379840
2025-04-15,348.969260,376.886801,342.088176,370.349771,63701822
2025-04-16,353.884320,362.829729,349.067561,359.684091,53039020
2025-04-17,353.884320,370.349771,351.475941,361.404362,42653818
2025-04-18,363.222934,388.240589,363.222934,383.718734,54245158
2025-04-21,387.699933,407.851679,382.244216,405.000944,54816474
2025-04-22,398.119860,399.299474,375.510584,375.510584,65463326
2025-04-23,387.601632,395.613179,369.121006,375.510584,66647553
2025-04-24,371.627687,381.359505,358.209573,367.351584,49803452
2025-04-25,376.247843,391.681131,373.839464,379.344331,53176111
2025-04-28,377.181704,381.556108,370.595524,374.920777,30251953
2025-04-29,371.087030,374.478421,363.763591,364.795753,34971816
2025-04-30,365.684093,370.619101,360.304934,360.995835,37115114
2025-05-06,368.990548,390.852634,366.868495,390.605883,57944424
2025-05-07,397.268144,399.340847,378.070963,380.933268,46032554
2025-05-08,384.683874,396.972044,380.143666,393.912339,60266975
2025-05-09,389.421481,389.421481,376.935911,381.278718,36876124
2025-05-12,392.333136,400.475899,385.424125,394.998040,46626648
2025-05-13,397.268144,408.026461,388.138379,391.592885,50585889
2025-05-14,404.522606,417.402977,394.800640,399.686298,61298864
2025-05-15,395.540891,399.143447,378.515114,379.206015,44204760
2025-05-16,375.850209,386.756577,375.850209,379.847566,26733496
2025-05-19,377.626812,377.774862,371.359352,375.060608,20937469
2025-05-20,375.948909,397.366844,374.616457,394.553890,43848958
2025-05-21,388.631880,393.665588,382.709870,390.556533,28462780
2025-05-22,385.424125,388.434480,375.060608,376.442410,32370063
2025-05-23,375.109958,384.634524,371.852853,373.530756,26389977
2025-05-26,375.258008,400.673300,374.419057,395.787642,59526522
2025-05-27,390.803284,398.057745,384.930624,394.800640,34557504
2025-05-28,399.735648,419.278280,397.169444,411.480967,51460481
2025-05-29,414.540672,421.252283,407.927761,416.070524,46254871
2025-05-30,408.766713,432.701501,405.657658,426.779492,43048637
2025-06-03,421.449683,424.904189,413.158870,419.821131,30340511
2025-06-04,424.410688,436.254707,424.015887,428.605445,34231992
2025-06-05,425.002889,513.092782,424.706788,498.485158,72194909
2025-06-06,491.329396,499.916310,488.615142,494.487802,43151907
2025-06-09,502.778615,508.799325,492.513798,497.448806,42730275
2025-06-10,498.485158,526.071853,492.020298,516.251187,50981689
2025-06-11,518.373240,537.915872,513.240832,527.256255,44453446
2025-06-12,520.149843,539.889875,516.645988,523.160198,39383242
2025-06-13,520.939444,540.778177,512.253830,518.718691,39960081
2025-06-16,533.030214,564.466215,528.095206,552.227395,45800536
2025-06-17,557.655904,561.900011,543.985932,548.180689,30541572
2025-06-18,545.022284,589.733456,541.863878,577.395936,50357626
2025-06-19,577.692036,585.884150,572.460928,577.889437,32491952
2025-06-20,578.876438,579.320589,542.850880,560.814309,42735871
2025-06-23,553.757248,562.393512,541.172977,558.642906,29342536
2025-06-24,562.196111,579.863440,560.123408,574.928432,33898510
2025-06-25,584.798448,621.811008,575.915434,606.018982,44660332
2025-06-26,621.564258,642.538042,614.408496,634.148528,37583204
2025-06-27,631.878424,669.335135,628.226518,653.888560,37354802
2025-06-30,661.291072,668.150733,635.974481,663.166375,36617992
2025-07-01,657.392416,687.446614,657.392416,679.057101,28409810
2025-07-02,661.291072,672.641590,648.163951,664.153377,24650871
2025-07-03,678.415550,704.620442,675.602595,704.126941,35835882
2025-07-04,710.641152,740.251200,706.199645,722.041020,41482196
2025-07-07,713.306056,731.368186,683.498608,711.776204,37201641
2025-07-08,712.072304,775.783258,712.072304,775.783258,44936557
2025-07-09,769.861248,774.796256,748.640714,753.575722,38381064
2025-07-10,769.861248,772.328752,694.750426,716.168361,67512913
2025-07-11,715.625510,725.150076,691.443971,715.822910,44130925
2025-07-14,706.989246,724.360474,701.758138,712.368405,27579424
2025-07-15,730.479884,817.039924,730.479884,809.637412,63412093
2025-07-16,800.902448,805.837456,764.334039,765.074290,47469786
2025-07-17,766.801543,840.530563,765.074290,838.309809,51062946
2025-07-18,840.234462,861.060196,797.102492,799.816747,54223968
2025-07-21,797.595993,803.912803,766.209342,778.941663,41951950
2025-07-22,772.378102,784.567572,742.718704,755.451025,53014715
2025-07-23,745.827759,771.341750,732.799338,755.895175,33969022
2025-07-24,779.237763,786.985726,748.344613,763.939238,36162636
2025-07-25,761.767835,781.310467,757.523728,767.541794,22982643
2025-07-28,799.471296,912.729730,790.785682,901.971412,72349795
2025-07-29,903.155814,935.677517,898.171456,933.950264,45241163
2025-07-30,922.846496,953.739646,910.508976,947.866987,42453607
2025-07-31,976.292633,987.001600,940.809925,947.916337,55711896
2025-08-01,918.108888,966.718717,918.108888,944.313781,37670741
2025-08-04,925.906201,935.184016,905.968769,930.397058,32765956
2025-08-05,958.378554,963.905763,905.573968,935.035966,30616337
2025-08-06,930.397058,996.822266,927.781504,975.404331,34804920
2025-08-07,966.274566,985.126297,908.041472,946.041034,36380162
2025-08-08,928.423055,960.549957,928.077604,949.347489,18617738
2025-08-11,952.456544,1020.954455,939.132022,999.092370,35101749
2025-08-12,1006.692282,1073.857741,999.585870,1070.304535,37125255
2025-08-13,1063.494224,1174.531904,1056.141062,1174.531904,38719632
2025-08-14,1144.921856,1171.274799,1111.857302,1113.781956,33386813
2025-08-15,1124.540273,1157.851577,1114.818307,1138.506346,26378664
2025-08-18,1139.986848,1209.076960,1095.571776,1143.786804,42541832
2025-08-19,1134.953140,1195.258938,1130.116832,1157.999627,33448114
2025-08-20,1105.293742,1119.259814,1066.850029,1107.909296,38820547
2025-08-21,1112.153403,1118.272813,1036.351680,1066.751329,42769330
2025-08-22,1070.896736,1110.327450,1057.818965,1086.195261,40480910
2025-08-25,1105.639192,1230.790995,1030.824471,1183.908419,83783269
2025-08-26,1149.856864,1154.643822,1088.169264,1090.143267,63566941
2025-08-27,1035.660779,1144.921856,1030.824471,1068.774683,79807948
2025-08-28,1066.553929,1282.460529,1046.221696,1278.167072,99626809
2025-08-29,1288.037088,1375.880230,1252.899831,1319.078288,77347472
2025-09-01,1347.109134,1379.334736,1271.011310,1334.278113,71838300
2025-09-02,1378.841235,1449.115749,1283.595581,1334.919664,83594296
2025-09-03,1328.504154,1370.797172,1283.102080,1333.982012,56180793
2025-09-04,1406.477280,1421.282304,1201.082247,1216.479472,74540866
2025-09-05,1263.362048,1459.775366,1228.965042,1459.775366,87247427
2025-09-08,1431.152320,1431.152320,1277.278771,1349.231187,80679368
2025-09-09,1288.037088,1319.374389,1222.253431,1280.634576,62442523
2025-09-10,1340.150772,1475.814142,1312.712128,1434.458775,88625707
2025-09-11,1481.785502,1706.920567,1433.274373,1668.032704,92942534
2025-09-12,1579.251910,1739.540970,1578.709059,1675.830017,71811821
2025-09-15,1663.147046,1672.967712,1583.150566,1626.381236,49799360
2025-09-16,1677.952070,1751.927840,1626.479937,1712.398426,64463063
2025-09-17,1683.331229,1732.138458,1569.332544,1647.651121,64080471
2025-09-18,1595.636137,1674.892365,1569.974095,1596.475088,57527923
2025-09-19,1616.215120,1624.209833,1560.844330,1569.431244,39143121
2025-09-22,1569.332544,1583.644067,1505.917691,1556.304123,42563942
2025-09-23,1643.357664,1657.817237,1480.502400,1549.592512,65007877
2025-09-24,1500.242432,1526.546025,1470.632384,1517.120159,43589825
2025-09-25,1491.458118,1519.982464,1421.183604,1477.541395,55867300
2025-09-26,1477.689445,1518.551312,1407.957782,1408.451283,48500672
2025-09-29,1396.952715,1455.235159,1382.789242,1435.100326,39954882
2025-09-30,1441.022336,1449.411850,1359.693404,1408.944784,49527849
2025-10-09,1426.710813,1460.515618,1401.542272,1408.747384,41111855
2025-10-10,1381.802240,1403.417575,1302.842112,1313.403029,51204429
2025-10-13,1228.816992,1315.870533,1228.816992,1275.008667,42230305
2025-10-14,1312.564078,1324.556147,1230.445545,1239.328559,44468501
2025-10-15,1253.492032,1338.324820,1214.308068,1317.153635,55809540
2025-10-16,1292.972096,1332.057359,1292.972096,1317.795186,33395733
2025-10-17,1302.842112,1320.065290,1250.531027,1279.943675,34544255
2025-10-20,1302.842112,1366.997216,1287.395537,1303.927814,56997720
2025-10-21,1307.777120,1404.750027,1265.582802,1387.477499,65474387
2025-10-22,1355.202547,1387.477499,1354.116845,1374.893229,35937767
2025-10-23,1367.145266,1429.474417,1365.023213,1412.497990,41263336
2025-10-24,1455.827360,1524.868122,1417.827798,1524.818772,62140145
2025-10-27,1558.919677,1710.375073,1558.919677,1679.481923,69035256
2025-10-28,1579.202560,1683.331229,1579.202560,1613.747616,78291245
2025-10-29,1693.003844,1710.227022,1620.064426,1672.967712,68807524
2025-10-30,1653.474430,1677.902720,1578.215558,1621.643629,55895354
2025-10-31,1621.100778,1622.679980,1450.892352,1450.892352,63403804
2025-11-03,1432.632822,1480.502400,1403.763026,1471.372635,42808241
2025-11-04,1465.648026,1501.180084,1440.627535,1453.359856,29244520
2025-11-05,1381.802240,1485.388058,1381.802240,1472.557037,29758955
2025-11-06,1500.242432,1579.202560,1485.684158,1560.498880,45422523
2025-11-07,1554.576870,1573.872751,1530.049880,1539.969246,28673906
2025-11-10,1553.392468,1554.922321,1416.692747,1490.076316,44942219
2025-11-11,1509.520247,1509.520247,1411.412288,1427.105613,34318437
2025-11-12,1397.298165,1450.300151,1384.220394,1423.749808,30346360
2025-11-13,1406.970781,1437.074330,1387.724250,1427.697814,21792873
2025-11-14,1392.560557,1416.347296,1357.127200,1357.127200,26916770
2025-11-17,1382.345091,1419.308301,1365.615414,1387.625549,22868879
2025-11-18,1366.997216,1431.152320,1356.683049,1381.308739,26202184
2025-11-19,1362.111558,1407.217531,1357.127200,1367.688117,23034551
2025-11-20,1436.087328,1445.957344,1361.470007,1363.592060,28073428
2025-11-21,1302.348611,1317.647136,1256.502387,1258.180290,38592386
2025-11-24,1281.177427,1288.037088,1221.414480,1242.684364,26976026
2025-11-25,1270.764560,1346.270182,1267.507455,1308.023870,37182667
2025-11-26,1293.514947,1406.477280,1278.167072,1366.997216,46336204
2025-11-27,1369.464720,1430.609469,1358.163552,1367.836167,37376581
2025-11-28,1349.181837,1361.223257,1320.312040,1335.906666,27580880
2025-12-01,1310.491374,1336.005366,1268.297056,1326.628851,37141348
2025-12-02,1331.465158,1391.672256,1317.647136,1344.098779,34079266
2025-12-03,1340.249473,1380.124337,1320.361390,1323.273045,30654383
2025-12-04,1337.387168,1368.724469,1322.582144,1352.192192,28785892
2025-12-05,1357.522001,1359.594704,1306.790118,1342.026076,30477420
2025-12-08,1329.984656,1444.970342,1327.221052,1416.396646,53543321
2025-12-09,1431.004270,1569.727345,1424.786160,1569.579294,69197781
2025-12-10,1554.527520,1554.527520,1454.248157,1496.294426,59164564
2025-12-11,1480.502400,1539.475746,1470.632384,1470.632384,42813371
2025-12-12,1455.235159,1510.112448,1420.344652,1492.346419,57980769
2025-12-15,1431.152320,1460.762368,1406.230530,1421.282304,46208443
2025-12-16,1431.152320,1460.762368,1408.944784,1416.791447,33517836
2025-12-17,1416.396646,1510.112448,1409.685035,1501.032033,45661854
2025-12-18,1457.801363,1466.832428,1432.188672,1432.632822,29782279
2025-12-19,1457.455913,1459.035115,1420.492703,1420.690103,20910299
2025-12-22,1448.967699,1485.437408,1442.058688,1469.497332,35461211
2025-12-23,1470.632384,1553.935319,1470.632384,1519.982464,40468482
2025-12-24,1544.361404,1547.125008,1485.930909,1526.299274,36635990
2025-12-25,1526.249924,1542.190000,1473.988189,1478.084246,32919371
2025-12-26,1460.466268,1466.437627,1431.152320,1440.972986,30008992
2025-12-29,1430.560119,1507.348844,1426.266662,1476.356993,36872957
2025-12-30,1455.778010,1480.058249,1436.876929,1463.229872,26339289
2025-12-31,1465.697376,1469.497332,1419.209601,1419.209601,24874618
2026-01-05,1440.035334,1558.327476,1426.266662,1529.852480,54904746
2026-01-06,1509.520247,1589.072576,1509.224147,1552.849617,44669532
2026-01-07,1542.190000,1573.379251,1497.774928,1519.933114,41773404
2026-01-08,1518.896762,1534.195287,1455.827360,1459.281866,33799233
2026-01-09,1436.087328,1503.055387,1391.228105,1454.840358,38770047
2026-01-12,1425.773161,1431.152320,1397.989066,1406.477280,38611504
2026-01-13,1387.082699,1433.521124,1371.981574,1376.867232,29593874
2026-01-14,1393.596909,1415.360294,1362.802459,1391.277455,30956895
2026-01-15,1371.981574,1411.412288,1350.020788,1396.952715,31297079
2026-01-16,1411.412288,1421.232954,1382.197041,1387.674900,36023129
2026-01-19,1332.550860,1405.885079,1320.262690,1359.496004,34716065
2026-01-20,1347.306534,1356.140198,1281.522877,1290.504592,37204252
2026-01-21,1287.395537,1334.919664,1283.595581,1320.065290,28856714
2026-01-22,1337.387168,1369.711470,1334.870314,1356.584349,28691990
2026-01-23,1352.586993,1353.277894,1302.842112,1304.371964,26747823
2026-01-26,1317.745836,1330.428807,1305.753767,1310.244624,18931455
2026-01-27,1309.751123,1340.249473,1284.089082,1321.101642,24681563
2026-01-28,1321.447092,1341.039074,1303.236913,1304.766765,25194719
2026-01-29,1307.777120,1310.244624,1269.629508,1271.751562,27889422
2026-01-30,1263.362048,1321.101642,1250.037526,1306.691418,31758973
2026-02-02,1322.631494,1373.412726,1314.241980,1321.101642,38868936
2026-02-03,1343.358528,1346.270182,1277.574871,1309.010872,30523502
2026-02-04,1293.959098,1302.842112,1248.557024,1265.829552,28061300
2026-02-05,1246.138870,1261.388045,1233.752000,1249.247925,16173409
2026-02-06,1233.752000,1312.613428,1205.622454,1272.245062,31371918
2026-02-09,1312.119927,1345.677981,1300.029157,1339.213121,35274179
2026-02-10,1332.452160,1359.002503,1322.582144,1325.049648,21142264
2026-02-11,1314.883532,1332.452160,1294.501948,1299.881107,17415355
2026-02-12,1297.907104,1303.730413,1266.323053,1285.026733,21763609
2026-02-13,1276.686570,1311.873177,1265.286701,1282.509879,17469529
2026-02-24,1302.940812,1339.854672,1275.699568,1320.854891,28643084
2026-02-25,1322.582144,1455.284509,1317.499086,1443.884641,61417669
2026-02-26,1445.957344,1598.103641,1431.152320,1555.761272,79932064
2026-02-27,1500.291782,1518.403261,1471.125885,1500.538532,49350172
2026-03-02,1480.502400,1519.883764,1465.154525,1496.787926,39437841
2026-03-03,1515.590307,1523.930470,1399.025418,1401.542272,44361350
2026-03-04,1382.345091,1458.541614,1371.932224,1414.471993,31592393
2026-03-05,1446.450845,1475.666092,1384.861945,1406.230530,43502394
2026-03-06,1391.672256,1407.908432,1356.683049,1373.856877,29142549
2026-03-09,1332.452160,1341.384524,1284.089082,1332.649560,32894179
2026-03-10,1371.932224,1431.102970,1364.529712,1426.217312,39657754
2026-03-11,1426.167962,1433.866574,1400.555270,1405.490278,26223427
2026-03-12,1396.557914,1410.425286,1349.231187,1384.220394,28215827
2026-03-13,1357.127200,1418.765450,1351.599991,1373.067276,29927862
2026-03-16,1373.067276,1430.658819,1339.854672,1426.464062,37188999
2026-03-17,1505.226790,1525.114872,1381.802240,1381.802240,49920890
2026-03-18,1392.313807,1445.957344,1367.046566,1429.425067,43679791
2026-03-19,1386.737248,1399.469569,1364.036211,1368.379018,32661093
2026-03-20,1386.737248,1415.853795,1370.747822,1375.485430,33151655
2026-03-23,1321.693843,1331.465158,1285.421534,1290.109791,33991964
2026-03-24,1299.042156,1315.179632,1279.055373,1313.008228,20227910
2026-03-25,1336.350816,1341.039074,1307.777120,1314.883532,25685830
2026-03-26,1308.319971,1352.192192,1295.094149,1326.974301,29253126
2026-03-27,1290.504592,1312.662778,1267.704855,1293.465597,22833187
2026-03-30,1268.297056,1288.037088,1246.977821,1269.678858,22176863
2026-03-31,1263.362048,1288.037088,1237.700006,1238.687008,21968499
2026-04-01,1283.102080,1288.037088,1255.466035,1269.086657,23043820
2026-04-02,1263.362048,1301.213559,1254.479034,1268.691857,27430455
2026-04-03,1273.429464,1331.810609,1273.232064,1301.262909,35497029
2026-04-07,1313.649780,1340.200123,1297.956454,1307.184919,21092553
2026-04-08,1352.093492,1410.918787,1332.698910,1410.820087,45769127
2026-04-09,1381.802240,1400.061770,1368.477718,1372.030924,34155418
2026-04-10,1386.737248,1459.775366,1376.817882,1430.017268,48451719
2026-04-13,1406.477280,1490.323066,1406.477280,1471.372635,45079416
2026-04-14,1478.627097,1549.592512,1459.281866,1529.852480,58166562
2026-04-15,1539.736520,1553.594149,1453.064255,1467.418572,45622218
2026-04-16,1483.610640,1522.352398,1455.299356,1507.451722,40017960
2026-04-17,1515.100736,1663.908820,1496.822573,1621.292887,66651210
2026-04-20,1634.107468,1737.369153,1623.676995,1703.643956,54475753
2026-04-21,1639.074360,1683.180361,1614.289569,1643.544563,49938890
2026-04-22,1644.041252,1713.577740,1622.037920,1702.551240,46565572
2026-04-23,1719.090990,1728.478416,1619.206792,1648.759799,50682186
2026-04-24,1615.829305,1657.948550,1542.021290,1567.501446,51592116
2026-04-27,1582.650467,1624.173684,1567.501446,1576.491521,35062042
2026-04-28,1589.405440,1593.279616,1536.160358,1554.935210,28377220
2026-04-29,1519.868952,1704.140645,1509.935168,1658.296232,62582483
2026-04-30,1653.975036,1673.147239,1619.504806,1631.574353,32353363
2026-05-06,1658.991597,1683.230030,1614.239900,1618.809441,52171288
2026-05-07,1639.074360,1693.064476,1639.074360,1679.107510,56266313
2026-05-08,1654.124043,1822.899033,1654.124043,1781.425485,55968176
2026-05-11,1800.349343,1904.852751,1748.345984,1878.677230,62760922
2026-05-12,1876.839480,1911.210373,1832.187121,1864.720264,47503672
2026-05-13,1837.750040,1934.604434,1837.154013,1924.173961,46464484
2026-05-14,1927.154096,1937.087880,1761.259903,1762.402288,74711265
2026-05-15,1762.402288,1797.518215,1669.869090,1689.835996,53579510
2026-05-18,1671.855847,1750.928768,1670.167104,1719.538010,36850975
2026-05-19,1698.677064,1703.643956,1616.325995,1673.743266,37603943
2026-05-20,1668.875712,1684.173739,1639.571049,1659.935306,29541551
2026-05-21,1698.677064,1735.581072,1639.074360,1646.028009,47273232
2026-05-22,1718.743308,1865.067946,1718.743308,1865.067946,80170012
2026-05-25,1937.087880,1942.104441,1848.577865,1904.803082,72181370
2026-05-26,1887.418960,1986.756800,1870.829541,1951.740211,69557825
2026-05-27,1916.624285,1999.670719,1871.971926,1883.942136,58679093
2026-05-28,1852.650716,1880.117629,1807.948688,1864.074568,46747682
2026-05-29,1877.485176,1971.756786,1820.365918,1830.399040,52088472
2026-06-01,1865.365960,1895.763339,1698.677064,1700.415476,49513114
2026-06-02,1703.643956,1769.753289,1659.736631,1733.842659,42082507
2026-06-03,1733.842659,1833.528182,1713.627409,1755.498308,53573264
2026-06-04,1718.544632,1854.140784,1712.087672,1821.458634,51343938
2026-06-05,1787.286417,1788.081120,1671.359158,1683.279699,55328128
2026-06-08,1524.835844,1618.710103,1522.650412,1563.577602,51210669
2026-06-09,1609.273008,1708.561179,1596.557764,1701.408855,49814490
2026-06-10,1681.094266,1688.743280,1616.325995,1640.365752,29918540
2026-06-11,1639.074360,1653.975036,1589.604116,1616.624008,26814730
2026-06-12,1689.041294,1738.412200,1618.213414,1625.216731,37432920
2026-06-15,1670.316111,1712.634031,1618.064407,1711.094294,37928608
2026-06-16,1711.094294,1796.723512,1701.657199,1765.630768,46915270
2026-06-17,1728.478416,1828.312945,1719.041321,1796.524836,44437007
2026-06-18,1827.816256,1850.564621,1782.816214,1832.783148,45193947
2026-06-22,1847.683824,1866.558014,1761.607586,1814.902337,49314810
2026-06-23,1788.081120,1788.081120,1668.428692,1679.802874,52280624
2026-06-24,1681.292942,1714.869132,1644.686948,1705.779720,37910871
2026-06-25,1703.643956,1763.246660,1676.723401,1739.206903,52055670
2026-06-26,1688.743280,1693.710172,1584.339210,1587.170339,55055185
2026-06-29,1575.150460,1634.107468,1529.802736,1566.408730,33037126
2026-06-30,1594.372332,1753.312876,1594.372332,1720.680396,58232168
2026-07-01,1703.494949,1758.130761,1614.239900,1623.478319,43787009
2026-07-02,1559.604088,1612.551157,1508.693445,1520.315972,38831531
2026-07-03,1491.557668,1579.471656,1459.670221,1530.150418,33062586
2026-07-06,1517.435175,1524.835844,1415.564220,1454.156971,34988041
2026-07-07,1449.736437,1466.226518,1375.878753,1415.166869,28082965
2026-07-08,1430.464896,1443.825835,1378.014516,1389.041017,24204450
2026-07-09,1430.464896,1478.991431,1378.312530,1473.676856,38117690
2026-07-10,1476.011296,1517.137161,1349.603894,1350.994624,49283048
2026-07-13,1341.507860,1399.670166,1331.127056,1356.011185,35568340
2026-07-14,1372.302591,1465.183471,1350.448266,1441.789410,41272445
2026-07-15,1445.365572,1454.454984,1370.862192,1374.686699,29465043
2026-07-16,1343.891968,1391.872145,1301.176697,1345.680050,24587301
2026-07-17,1323.925063,1331.623745,1176.954728,1199.504418,44527140
2026-07-20,1225.332256,1233.577297,1059.438064,1113.130166,46072608
2026-07-21,1137.418268,1200.646803,1023.179752,1193.395141,46296919
2026-07-22,1217.434898,1271.474683,1187.087188,1194.040837,40723903
2026-07-23,1226.822324,1240.729622,1177.103735,1186.739506,26911800
2026-07-24,1159.520937,1187.087188,1142.385160,1142.434829,21230436
2026-07-27,1134.984491,1185.398445,1127.981173,1185.398445,21599533
2026-07-28,1126.093754,1144.371917,1038.080428,1043.941361,35163877
2026-07-29,1057.649982,1062.914888,948.676372,1001.375096,43433439
2026-07-30,987.467799,995.762508,883.510749,895.828641,48505094
2026-07-31,1006.093644,1016.971137,945.199548,945.696237,41608167
2026-08-03,948.974386,962.037311,929.752513,940.232656,25733659
2026-08-04,956.126710,1013.196299,949.669750,1002.318806,41457663
2026-08-05,949.173061,1201.987864,948.825379,1173.924924,74046141
2026-08-06,1132.501045,1294.024373,1127.484484,1242.468034,72413948
2026-08-07,1271.524352,1421.276146,1271.027663,1391.723138,72549885
2026-08-10,1392.219828,1420.531112,1364.852253,1420.531112,60544712
2026-08-11,1390.729760,1404.488051,1350.994624,1363.560861,42662933
2026-08-12,1370.862192,1398.676787,1350.994624,1387.699956,39780752
2026-08-13,1420.531112,1428.875491,1347.021110,1347.517800,52204672
2026-08-14,1358.991320,1365.895300,1317.170089,1337.733022,34326871
