date,open,high,low,close,volume
2019-03-14,19.540000,23.440000,19.540000,23.440000,14400
2019-03-15,25.780000,25.780000,25.780000,25.780000,5641
2019-03-18,28.360000,28.360000,28.360000,28.360000,11953
2019-03-19,31.200000,31.200000,31.200000,31.200000,12251
2019-03-20,34.320000,34.320000,34.320000,34.320000,16050
2019-03-21,37.750000,37.750000,37.750000,37.750000,31342
2019-03-22,41.530000,41.530000,41.530000,41.530000,50650
2019-03-25,45.680000,45.680000,45.680000,45.680000,78027
2019-03-26,50.250000,50.250000,50.250000,50.250000,96984
2019-03-27,55.280000,55.280000,55.280000,55.280000,102703
2019-03-28,60.810000,60.810000,60.810000,60.810000,186571
2019-03-29,66.890000,66.890000,66.890000,66.890000,360586
2019-04-01,73.580000,73.580000,73.580000,73.580000,168972
2019-04-02,80.940000,80.940000,80.940000,80.940000,151031
2019-04-03,89.030000,89.030000,89.030000,89.030000,2898950
2019-04-04,96.000000,97.930000,94.120000,97.930000,15126467
2019-04-08,98.000000,98.990000,91.600000,94.900000,17284304
2019-04-09,93.550000,96.970000,88.830000,90.110000,11848229
2019-04-10,91.500000,92.830000,87.170000,88.880000,7653609
2019-04-11,87.200000,92.580000,86.060000,88.980000,7913105
2019-04-12,86.990000,89.600000,85.880000,87.600000,6053131
2019-04-15,87.750000,91.300000,81.380000,81.380000,8638118
2019-04-16,80.010000,81.940000,76.580000,80.300000,8421169
2019-04-17,80.300000,82.680000,80.000000,80.000000,6671797
2019-04-18,78.800000,82.500000,77.500000,79.700000,6407066
2019-04-19,79.880000,81.600000,79.100000,81.080000,5729765
2019-04-22,80.000000,81.850000,79.000000,80.150000,5554602
2019-04-23,79.820000,83.470000,79.380000,79.380000,8195825
2019-04-24,76.500000,77.990000,71.440000,72.100000,9821834
2019-04-25,71.960000,72.800000,69.700000,69.900000,4502734
2019-04-26,69.880000,70.800000,68.490000,68.490000,4090824
2019-04-29,68.060000,68.730000,61.640000,61.640000,5709232
2019-04-30,60.990000,62.100000,60.230000,61.600000,3212351
2019-05-06,59.000000,60.500000,55.770000,56.200000,3860997
2019-05-07,57.380000,60.500000,56.520000,59.600000,4372235
2019-05-08,57.430000,60.900000,57.250000,59.360000,3642818
2019-05-09,58.750000,62.660000,58.750000,60.000000,4179870
2019-05-10,60.910000,62.550000,59.000000,62.400000,5403948
2019-05-13,61.000000,62.110000,60.700000,61.100000,3166031
2019-05-14,60.260000,63.500000,60.010000,61.600000,4075556
2019-05-15,62.680000,62.920000,60.630000,61.320000,3787291
2019-05-16,61.590000,61.600000,60.030000,60.190000,3253876
2019-05-17,60.360000,62.450000,58.200000,58.900000,4509124
2019-05-20,58.100000,58.880000,54.000000,57.200000,4036092
2019-05-21,56.780000,58.280000,56.410000,57.390000,2762291
2019-05-22,56.980000,59.840000,56.680000,57.500000,3489260
2019-05-23,58.000000,58.000000,54.900000,54.980000,3241207
2019-05-24,54.810000,56.500000,54.780000,55.440000,2489283
2019-05-27,56.000000,57.980000,55.200000,57.930000,3295896
2019-05-28,57.830000,59.300000,57.050000,57.670000,3657179
2019-05-29,57.300000,63.440000,57.080000,63.440000,5854721
2019-05-30,63.500000,67.640000,62.510000,65.700000,9970643
2019-05-31,64.590000,70.660000,64.510000,68.760000,9039561
2019-06-03,69.740000,71.660000,64.880000,65.170000,7178882
2019-06-04,64.290000,64.600000,61.760000,62.450000,5415358
2019-06-05,63.450000,63.690000,61.000000,61.000000,4320221
2019-06-06,61.080000,61.400000,54.900000,55.020000,6137150
2019-06-10,55.590000,56.300000,55.000000,55.360000,2682076
2019-06-11,55.360000,58.170000,53.300000,58.000000,4188170
2019-06-12,57.030000,58.550000,56.840000,56.970000,3236649
2019-06-13,57.220000,58.350000,56.600000,57.300000,2694406
2019-06-14,57.110000,59.400000,56.110000,56.130000,3395879
2019-06-17,55.900000,55.900000,54.500000,55.250000,2183106
2019-06-18,55.660000,58.250000,54.540000,57.470000,3463320
2019-06-19,58.960000,59.160000,57.550000,58.510000,4170813
2019-06-20,58.000000,59.990000,57.280000,58.850000,4344128
2019-06-21,59.810000,61.080000,59.300000,60.140000,3655629
2019-06-24,61.000000,61.300000,58.050000,58.590000,3285461
2019-06-25,57.920000,62.620000,57.900000,60.340000,4833940
2019-06-26,59.500000,60.880000,59.300000,60.690000,2929744
2019-06-27,60.250000,62.480000,60.000000,60.940000,3735934
2019-06-28,61.080000,61.100000,58.000000,58.000000,3159665
2019-07-01,59.110000,60.500000,58.680000,59.810000,3189286
2019-07-02,59.810000,61.800000,59.640000,59.960000,2819198
2019-07-03,59.720000,60.500000,58.500000,58.900000,2332425
2019-07-04,59.000000,61.300000,58.990000,60.200000,3481393
2019-07-05,62.000000,64.390000,62.000000,62.300000,6041647
2019-07-08,62.300000,63.500000,59.300000,59.680000,4712879
2019-07-09,58.600000,58.760000,56.420000,57.080000,3755391
2019-07-10,57.670000,57.850000,56.540000,56.650000,2002546
2019-07-11,56.840000,57.300000,55.200000,55.700000,2335676
2019-07-12,55.880000,56.000000,55.190000,55.800000,1350269
2019-07-15,56.030000,57.960000,56.000000,57.960000,2591998
2019-07-16,57.800000,61.390000,57.290000,60.300000,4030523
2019-07-17,59.800000,60.580000,58.700000,59.040000,3182342
2019-07-18,58.430000,58.960000,57.210000,57.300000,2200854
2019-07-19,57.240000,58.300000,57.160000,57.450000,1721070
2019-07-22,57.460000,58.150000,54.020000,54.270000,2495084
2019-07-23,54.080000,55.540000,54.050000,55.260000,1332478
2019-07-24,55.460000,59.290000,55.440000,58.580000,3640279
2019-07-25,58.210000,59.000000,57.500000,58.280000,2951337
2019-07-26,58.320000,60.890000,58.320000,58.980000,3339512
2019-07-29,58.760000,59.980000,58.300000,59.470000,2490500
2019-07-30,59.300000,59.650000,58.500000,58.520000,2330471
2019-07-31,58.490000,58.840000,57.910000,58.550000,1883499
2019-08-01,58.500000,58.500000,56.510000,57.300000,2444880
2019-08-02,56.000000,56.480000,55.390000,56.180000,2383771
2019-08-05,55.980000,58.110000,55.980000,56.550000,2489154
2019-08-06,55.200000,57.840000,54.410000,57.350000,3211609
2019-08-07,57.800000,58.090000,55.100000,55.100000,2731001
2019-08-08,55.180000,56.330000,55.010000,55.490000,2066364
2019-08-09,55.800000,55.940000,53.580000,53.650000,2329450
2019-08-12,53.930000,55.480000,53.710000,55.450000,1626752
2019-08-13,55.110000,55.660000,54.600000,55.270000,1381051
2019-08-14,56.000000,56.400000,55.440000,55.520000,1558318
2019-08-15,53.900000,55.430000,53.800000,55.170000,1689646
2019-08-16,55.130000,56.280000,55.060000,55.380000,2035088
2019-08-19,56.100000,57.820000,55.710000,57.790000,3310488
2019-08-20,57.820000,58.480000,57.410000,58.180000,3450281
2019-08-21,57.800000,58.100000,57.480000,57.530000,2062261
2019-08-22,57.610000,62.800000,57.610000,60.420000,5689531
2019-08-23,60.630000,61.450000,59.680000,61.000000,3991119
2019-08-26,59.980000,61.930000,59.710000,61.000000,3354749
2019-08-27,61.640000,62.620000,61.060000,62.240000,3689673
2019-08-28,61.730000,64.570000,61.530000,64.410000,5346347
2019-08-29,65.020000,65.500000,62.760000,62.760000,4858403
2019-08-30,63.700000,64.800000,61.510000,61.750000,4290851
2019-09-02,62.000000,66.660000,62.000000,65.740000,4908067
2019-09-03,65.020000,68.430000,64.550000,67.490000,5964300
2019-09-04,67.000000,68.140000,65.670000,66.930000,3935436
2019-09-05,66.930000,67.980000,66.060000,66.880000,3978663
2019-09-06,67.260000,69.490000,66.620000,67.600000,4049397
2019-09-09,68.120000,68.580000,66.510000,68.370000,3440876
2019-09-10,67.900000,69.650000,66.380000,66.430000,3820052
2019-09-11,67.310000,67.660000,66.180000,66.200000,2696163
2019-09-12,66.820000,66.900000,65.070000,66.150000,2577398
2019-09-16,66.400000,67.230000,65.280000,65.880000,2590251
2019-09-17,65.800000,65.850000,62.500000,63.210000,3502266
2019-09-18,63.670000,63.880000,62.000000,62.600000,2240556
2019-09-19,62.640000,63.880000,62.300000,63.510000,2069963
2019-09-20,63.480000,64.400000,62.480000,62.520000,2600017
2019-09-23,62.550000,63.480000,61.030000,63.240000,2184577
2019-09-24,63.000000,63.990000,63.000000,63.500000,2319882
2019-09-25,63.500000,63.500000,60.560000,60.560000,2536184
2019-09-26,60.990000,61.200000,57.440000,57.670000,2958257
2019-09-27,57.330000,58.460000,57.310000,57.720000,1541079
2019-09-30,57.560000,58.350000,56.200000,56.200000,1219752
2019-10-08,57.000000,58.900000,56.570000,56.970000,1543128
2019-10-09,57.000000,59.800000,56.500000,59.570000,2184370
2019-10-10,59.600000,61.060000,59.190000,60.580000,1868331
2019-10-11,60.500000,60.780000,59.220000,59.800000,1274506
2019-10-14,60.570000,60.900000,60.030000,60.900000,1330675
2019-10-15,59.000000,59.000000,57.190000,57.890000,2252420
2019-10-16,58.480000,59.260000,57.900000,57.900000,1225068
2019-10-17,58.270000,58.840000,57.500000,57.920000,882205
2019-10-18,57.770000,58.400000,56.900000,56.900000,1113912
2019-10-21,56.510000,56.910000,55.310000,56.800000,1245025
2019-10-22,57.000000,57.590000,56.520000,57.550000,887400
2019-10-23,57.450000,57.800000,57.070000,57.100000,764648
2019-10-24,56.860000,57.360000,56.550000,57.010000,681386
2019-10-25,57.010000,57.850000,56.820000,57.540000,788509
2019-10-28,57.030000,58.380000,56.800000,57.590000,1683036
2019-10-29,57.500000,57.780000,55.330000,55.460000,1937927
2019-10-30,55.110000,55.800000,54.600000,55.100000,946802
2019-10-31,55.000000,55.600000,54.670000,54.740000,936000
2019-11-01,54.680000,55.020000,53.630000,54.730000,955584
2019-11-04,54.980000,55.600000,54.630000,54.770000,666987
2019-11-05,55.130000,55.360000,54.550000,54.950000,786207
2019-11-06,54.970000,55.770000,54.700000,54.900000,1007130
2019-11-07,54.780000,55.380000,54.250000,55.040000,736079
2019-11-08,55.090000,55.880000,54.810000,55.670000,1303207
2019-11-11,55.300000,55.300000,52.900000,52.970000,1520966
2019-11-12,53.200000,53.300000,50.500000,51.740000,1582980
2019-11-13,51.250000,51.960000,51.240000,51.500000,619399
2019-11-14,52.150000,53.760000,51.930000,52.900000,1267979
2019-11-15,52.680000,53.480000,52.400000,52.400000,907746
2019-11-18,52.040000,52.500000,51.500000,51.900000,800314
2019-11-19,51.950000,52.820000,51.600000,52.700000,807591
2019-11-20,52.480000,53.700000,52.480000,52.670000,1048916
2019-11-21,52.500000,53.500000,52.200000,52.630000,806316
2019-11-22,52.200000,53.190000,51.500000,51.900000,1012453
2019-11-25,51.900000,52.190000,50.300000,50.310000,1075217
2019-11-26,50.350000,51.510000,49.790000,49.920000,657935
2019-11-27,50.050000,50.340000,49.580000,49.920000,558671
2019-11-28,50.120000,50.460000,49.680000,49.700000,556411
2019-11-29,49.510000,49.600000,45.320000,48.440000,910087
2019-12-02,48.390000,48.830000,47.800000,47.930000,632717
2019-12-03,47.870000,48.400000,47.500000,48.390000,504219
2019-12-04,48.350000,48.450000,47.700000,48.450000,550433
2019-12-05,48.700000,49.360000,48.500000,49.300000,734183
2019-12-06,49.440000,50.700000,49.100000,50.220000,928704
2019-12-09,50.330000,50.560000,49.800000,50.410000,734726
2019-12-10,49.990000,50.740000,49.750000,50.700000,887971
2019-12-11,50.700000,50.700000,49.900000,50.000000,676550
2019-12-12,50.010000,50.580000,49.870000,49.870000,667133
2019-12-13,50.030000,50.800000,50.020000,50.500000,1084027
2019-12-16,50.900000,52.990000,50.620000,52.720000,1767877
2019-12-17,52.520000,53.950000,52.520000,53.060000,1524172
2019-12-18,53.160000,53.680000,52.750000,53.060000,1238760
2019-12-19,53.100000,53.520000,52.590000,53.200000,981887
2019-12-20,53.200000,53.450000,51.910000,52.090000,995766
2019-12-23,52.270000,52.380000,50.460000,50.490000,1102703
2019-12-24,50.540000,51.770000,50.540000,51.510000,733202
2019-12-25,51.760000,52.420000,51.280000,52.350000,923179
2019-12-26,52.400000,52.440000,51.620000,52.170000,759354
2019-12-27,52.150000,52.270000,51.110000,51.310000,775765
2019-12-30,50.950000,51.090000,49.420000,50.700000,1225220
2019-12-31,50.580000,54.880000,50.580000,53.900000,2770308
2020-01-02,54.090000,54.290000,53.520000,54.080000,2238936
2020-01-03,54.120000,54.970000,53.860000,54.120000,2010312
2020-01-06,54.930000,55.840000,54.190000,54.300000,2434871
2020-01-07,53.830000,54.830000,53.610000,54.730000,1308067
2020-01-08,54.300000,56.430000,54.290000,55.910000,2883936
2020-01-09,54.950000,55.600000,54.700000,55.300000,1973510
2020-01-10,55.200000,55.530000,53.900000,54.220000,1424716
2020-01-13,53.990000,55.110000,53.110000,55.090000,1288057
2020-01-14,54.730000,55.370000,53.880000,53.950000,1107031
2020-01-15,53.850000,54.620000,53.560000,54.430000,914752
2020-01-16,54.540000,57.460000,54.200000,56.980000,3716295
2020-01-17,56.890000,57.330000,56.120000,56.320000,1854136
2020-01-20,56.260000,56.790000,55.290000,56.430000,1506493
2020-01-21,56.430000,57.190000,55.580000,55.600000,1485925
2020-01-22,55.050000,56.290000,54.330000,55.780000,1523708
2020-01-23,55.100000,56.560000,52.660000,53.640000,1599470
2020-02-03,48.280000,48.280000,48.280000,48.280000,255200
2020-02-04,43.500000,46.810000,43.500000,45.860000,2386282
2020-02-05,46.000000,48.800000,45.510000,48.080000,1933462
2020-02-06,47.660000,48.900000,47.600000,48.280000,1761358
2020-02-07,48.390000,49.400000,48.200000,49.000000,1561550
2020-02-10,48.900000,49.930000,48.760000,49.690000,1364831
2020-02-11,49.730000,49.990000,48.830000,49.050000,1225912
2020-02-12,49.050000,49.970000,48.180000,49.850000,1412895
2020-02-13,50.190000,50.200000,49.090000,49.480000,1420762
2020-02-14,49.280000,51.890000,49.110000,50.510000,2370996
2020-02-17,50.730000,52.870000,50.500000,52.810000,2193639
2020-02-18,52.400000,55.150000,52.210000,54.980000,2752846
2020-02-19,54.850000,57.440000,53.950000,55.220000,3751182
2020-02-20,54.930000,60.740000,54.580000,60.400000,7254822
2020-02-21,59.000000,61.450000,57.530000,59.620000,6493349
2020-02-24,58.900000,61.970000,58.000000,60.800000,5046789
2020-02-25,58.480000,59.970000,55.390000,58.920000,4743459
2020-02-26,57.590000,58.400000,55.460000,55.970000,3158240
2020-02-27,56.000000,56.850000,54.660000,55.340000,2165506
2020-02-28,53.100000,53.880000,50.670000,50.800000,2886294
2020-03-02,51.350000,53.290000,51.350000,52.900000,1680005
2020-03-03,53.980000,56.680000,53.810000,54.810000,2633637
2020-03-04,54.300000,55.750000,53.550000,55.600000,1836374
2020-03-05,56.430000,58.620000,56.220000,57.660000,3281966
2020-03-06,56.030000,57.770000,56.000000,57.700000,2084741
2020-03-09,56.950000,59.090000,56.190000,57.580000,2808198
2020-03-10,55.990000,60.090000,55.510000,60.080000,4952668
2020-03-11,60.230000,60.410000,58.730000,58.770000,3281601
2020-03-12,56.830000,57.580000,54.230000,54.680000,2991329
2020-03-13,50.680000,55.600000,50.680000,54.850000,2438037
2020-03-16,55.500000,60.200000,54.850000,57.360000,6021888
2020-03-17,59.110000,60.760000,57.080000,59.600000,5554162
2020-03-18,57.950000,61.500000,53.640000,54.400000,7206401
2020-03-19,54.310000,55.220000,49.900000,51.970000,5673970
2020-03-20,52.600000,52.780000,48.110000,49.910000,3909523
2020-03-23,48.200000,49.220000,46.250000,46.310000,2667723
2020-03-24,47.500000,47.870000,44.810000,47.260000,2126882
2020-03-25,48.210000,49.520000,47.630000,48.990000,2125809
2020-03-26,48.880000,51.150000,48.350000,49.300000,2007109
2020-03-27,50.000000,50.300000,48.210000,48.490000,1200196
2020-03-30,48.000000,48.000000,46.030000,47.250000,1225994
2020-03-31,48.480000,49.200000,47.230000,48.000000,999859
2020-04-01,47.050000,48.650000,47.050000,47.510000,778637
2020-04-02,47.060000,48.660000,47.000000,48.640000,1086701
2020-04-03,48.470000,49.430000,47.680000,47.850000,973337
2020-04-07,48.560000,49.290000,48.480000,49.150000,1194188
2020-04-08,48.900000,49.880000,48.700000,49.250000,1454995
2020-04-09,49.400000,50.180000,49.000000,49.940000,1416100
2020-04-10,49.420000,49.900000,47.440000,47.660000,1704061
2020-04-13,47.000000,47.390000,45.980000,46.740000,847077
2020-04-14,47.260000,47.550000,46.660000,47.420000,584401
2020-04-15,47.760000,47.770000,47.120000,47.220000,688152
2020-04-16,46.900000,47.640000,46.600000,47.300000,668523
2020-04-17,47.380000,47.990000,47.320000,47.360000,859311
2020-04-20,47.800000,48.900000,47.380000,48.590000,989112
2020-04-21,48.290000,48.290000,47.780000,48.140000,699278
2020-04-22,47.810000,48.580000,47.260000,48.150000,738419
2020-04-23,48.390000,48.860000,47.870000,48.280000,932589
2020-04-24,48.560000,48.940000,48.010000,48.440000,1079628
2020-04-27,48.940000,49.180000,47.080000,47.360000,949182
2020-04-28,47.370000,47.800000,42.680000,45.320000,2203191
2020-04-29,44.680000,47.040000,44.440000,46.030000,1221089
2020-04-30,46.300000,48.880000,46.300000,48.600000,1736300
2020-05-06,48.180000,49.720000,48.180000,49.140000,1723444
2020-05-07,49.700000,49.940000,49.000000,49.180000,1402016
2020-05-08,49.660000,51.450000,49.660000,50.390000,1898679
2020-05-11,50.390000,51.840000,50.130000,51.050000,1973473
2020-05-12,51.040000,51.430000,50.600000,51.100000,1477506
2020-05-13,51.110000,51.600000,50.620000,51.110000,1274755
2020-05-14,50.910000,52.740000,50.000000,51.520000,2225005
2020-05-15,51.430000,51.950000,51.070000,51.550000,1477550
2020-05-18,51.180000,52.520000,51.000000,51.100000,1685112
2020-05-19,51.560000,51.750000,50.580000,51.580000,1696689
2020-05-20,51.560000,52.500000,51.280000,51.970000,2049332
2020-05-21,51.800000,52.090000,50.110000,50.870000,2024100
2020-05-22,50.870000,51.120000,49.040000,49.590000,1246477
2020-05-25,49.850000,50.080000,48.500000,48.650000,920347
2020-05-26,48.880000,49.800000,48.670000,49.720000,783219
2020-05-27,50.000000,50.000000,48.800000,48.860000,913916
2020-05-28,48.970000,49.210000,47.280000,48.470000,1156266
2020-05-29,48.010000,48.730000,47.950000,48.050000,1036444
2020-06-01,48.110000,50.180000,48.110000,49.680000,1670300
2020-06-02,50.610000,51.470000,50.260000,50.800000,1932224
2020-06-03,50.920000,51.250000,50.400000,50.660000,1256810
2020-06-04,50.780000,50.870000,50.350000,50.610000,819266
2020-06-05,50.700000,50.950000,50.360000,50.740000,1281253
2020-06-08,51.268704,51.589133,49.922901,50.083115,2483067
2020-06-09,50.083115,52.662572,49.698600,52.550422,3858323
2020-06-10,52.085799,53.031066,50.948275,52.374185,3520081
2020-06-11,52.390207,54.392891,52.374185,53.095152,4614680
2020-06-12,52.406228,55.113857,52.069778,53.736010,5160217
2020-06-15,54.873535,54.873535,51.525048,51.557090,3993527
2020-06-16,52.021713,54.136547,52.021713,53.287409,3742126
2020-06-17,53.607839,53.912247,52.806765,53.591817,2550933
2020-06-18,53.383538,53.463645,52.229992,52.950958,2156879
2020-06-19,52.950958,53.351495,52.710636,52.966980,1553892
2020-06-22,53.079130,53.976332,52.902894,52.999023,1986141
2020-06-23,52.790744,53.143216,51.733327,52.534400,2770360
2020-06-24,52.342142,52.534400,49.666557,51.428919,2742958
2020-06-29,51.268704,52.342142,50.531716,50.723974,2807390
2020-06-30,51.028382,51.509026,50.467630,51.108489,1850030
2020-07-01,51.236661,56.219338,50.996339,56.219338,11421937
2020-07-02,56.027081,59.231375,55.434286,58.093850,10350418
2020-07-03,57.228691,59.375568,57.116541,59.119224,6191014
2020-07-06,59.231375,61.378252,58.430301,60.881586,6915120
2020-07-07,60.881586,63.669322,59.936319,60.545135,6707586
2020-07-08,60.240727,65.992435,60.016427,65.175340,6711214
2020-07-09,64.614589,65.672006,63.220721,64.886954,6324476
2020-07-10,64.710717,66.441036,63.765451,64.085880,4594415
2020-07-13,63.861579,66.296843,63.845558,64.646631,3993032
2020-07-14,64.790825,69.132643,64.790825,68.571892,7277195
2020-07-15,68.828235,68.828235,64.886954,65.399641,5198840
2020-07-16,65.415662,68.700063,62.243411,65.303512,5103112
2020-07-17,65.303512,67.113938,62.499754,65.511791,4244735
2020-07-20,66.841573,68.091247,65.367598,67.642646,3740790
2020-07-21,67.642646,70.975112,66.681358,69.949738,6188649
2020-07-22,69.164686,71.391670,68.267484,69.228772,3804983
2020-07-23,69.020493,73.025860,68.700063,71.936400,6413828
2020-07-24,72.657366,76.069940,67.274153,70.911026,7242143
2020-07-27,68.988450,70.430382,66.344907,66.825551,4393419
2020-07-28,67.386303,68.075226,65.287490,67.001788,3057001
2020-07-29,67.097916,69.485115,67.097916,69.292858,2721953
2020-07-30,69.693394,70.302210,67.802861,68.075226,2941607
2020-07-31,67.915011,68.732106,66.344907,67.498453,2979727
2020-08-03,68.251462,71.519842,68.251462,71.199413,5248873
2020-08-04,72.096615,72.096615,69.228772,70.622640,3655034
2020-08-05,72.096615,74.275535,70.350275,73.410376,4676710
2020-08-06,73.458440,74.099299,71.776186,72.577259,2916713
2020-08-07,72.112636,74.291556,70.542532,72.705431,3829718
2020-08-10,71.455756,75.284888,70.895005,72.096615,4055437
2020-08-11,71.936400,74.499836,70.494468,71.824250,4056095
2020-08-12,71.776186,72.401023,68.251462,70.414361,3162901
2020-08-13,70.718769,71.391670,69.725437,69.805545,1842932
2020-08-14,69.853609,71.071241,68.796192,70.590597,1998551
2020-08-17,71.119305,76.021875,70.895005,74.531878,4666752
2020-08-18,74.980480,76.470476,73.778869,76.182090,3174284
2020-08-19,76.358326,78.441117,74.435750,74.531878,4174604
2020-08-20,74.692093,75.749510,70.510489,70.911026,3667240
2020-08-21,71.167370,73.282204,70.830919,71.231456,2524119
2020-08-24,72.096615,73.186075,70.782854,71.151348,1791029
2020-08-25,71.167370,75.669403,70.830919,73.939084,3753507
2020-08-26,74.980480,75.188759,71.776186,72.513173,2993194
2020-08-27,70.494468,74.435750,70.478447,73.073925,2375948
2020-08-28,73.298225,75.845639,72.641345,74.676072,2424620
2020-08-31,75.429081,80.828316,75.284888,79.786921,5382368
2020-09-01,79.626706,80.668101,78.505203,80.027243,3197383
2020-09-02,80.107350,80.107350,76.903056,79.306276,3091960
2020-09-03,79.786921,79.947135,76.470476,76.999185,2590589
2020-09-04,75.941768,77.095314,74.980480,76.101983,1735357
2020-09-07,76.662734,76.710798,72.897689,73.346290,2417729
2020-09-08,73.554569,74.692093,72.096615,74.451771,1986857
2020-09-09,73.666719,74.275535,68.203398,68.876300,4206247
2020-09-10,68.908342,70.446404,65.223404,65.607920,2911455
2020-09-11,65.896306,66.793508,63.925665,66.457058,1994710
2020-09-14,66.457058,69.052536,66.441036,67.386303,1653467
2020-09-15,66.985766,68.347591,65.992435,66.489101,1627431
2020-09-16,66.216736,67.001788,64.406309,64.790825,1876562
2020-09-17,64.246095,66.328886,64.246095,65.575877,1411093
2020-09-18,65.575877,66.745444,64.918996,66.264800,1341279
2020-09-21,66.200714,68.892321,65.495769,66.200714,2435109
2020-09-22,65.623941,66.617272,64.278138,65.191361,1355112
2020-09-23,65.303512,67.594582,64.726739,66.633294,1793731
2020-09-24,66.953723,67.162002,63.541150,63.733408,1646793
2020-09-25,63.925665,64.454374,62.483733,63.284807,1321760
2020-09-28,63.284807,63.765451,60.849543,61.842874,1857128
2020-09-29,61.890939,64.165987,61.490402,63.749429,2071315
2020-09-30,63.204699,64.406309,62.804162,62.964377,1257122
2020-10-09,64.085880,65.287490,63.412978,63.909644,2062368
2020-10-12,64.342224,65.832220,64.342224,65.607920,2021218
2020-10-13,65.447705,65.864263,64.742760,65.399641,972967
2020-10-14,65.399641,66.649315,64.149966,65.207383,2210040
2020-10-15,64.582546,65.031147,62.371583,62.611905,1891700
2020-10-16,62.147282,63.268785,59.279439,60.705350,3541260
2020-10-19,61.522445,62.900291,61.041801,61.153951,2057635
2020-10-20,60.721371,62.611905,60.208684,62.307497,2232783
2020-10-21,62.483733,63.236742,60.256749,60.721371,1284846
2020-10-22,60.529114,61.009758,59.471697,60.400942,1349498
2020-10-23,60.320835,61.185994,58.606537,58.766752,1508945
2020-10-26,58.718688,59.343525,57.372884,58.494387,1219859
2020-10-27,58.173958,59.872233,57.757399,58.718688,1591151
2020-10-28,58.350194,58.910945,57.597185,58.510408,1272823
2020-10-29,57.949657,59.279439,57.116541,58.846859,1460390
2020-10-30,59.279439,60.753414,57.677292,59.279439,2276187
2020-11-02,58.910945,58.926967,56.716004,57.885571,2127125
2020-11-03,57.901593,59.615890,57.244712,59.615890,1997063
2020-11-04,60.641264,60.785457,57.549120,58.238043,3067667
2020-11-05,58.238043,60.673307,58.238043,60.432985,3126339
2020-11-06,60.881586,61.522445,59.647933,61.073844,2411296
2020-11-09,61.234058,67.754797,60.881586,67.610603,6094420
2020-11-10,66.489101,70.334253,66.360929,70.093931,6248092
2020-11-11,69.292858,69.965759,67.145981,68.555870,3925444
2020-11-12,68.732106,69.773502,67.434367,69.292858,3031345
2020-11-13,68.748128,71.792207,68.379634,70.782854,4135248
2020-11-16,71.535864,75.076608,71.535864,74.051234,4958996
2020-11-17,73.810912,74.531878,70.814897,72.673388,3301503
2020-11-18,71.728121,72.304894,69.629309,70.670704,2901869
2020-11-19,70.494468,74.820265,69.821566,73.907041,4062803
2020-11-20,74.595964,75.829618,72.897689,73.394354,3311163
2020-11-23,73.378333,73.858977,71.391670,72.897689,3024123
2020-11-24,72.849624,74.964458,71.776186,73.506504,3493957
2020-11-25,74.451771,77.463807,73.362311,73.362311,2831792
2020-11-26,72.721452,74.003170,71.471778,71.503821,2975660
2020-11-27,72.096615,73.234139,70.446404,72.657366,2574006
2020-11-30,72.705431,73.698762,70.494468,70.927048,2451235
2020-12-01,71.295541,74.660050,70.927048,73.138011,2553828
2020-12-02,72.705431,74.179406,71.792207,72.401023,1505782
2020-12-03,71.648014,72.385001,70.093931,70.093931,1858130
2020-12-04,70.302210,71.055219,68.748128,70.830919,1625872
2020-12-07,70.830919,75.092630,70.174039,73.618655,3718753
2020-12-08,74.387685,74.499836,72.897689,73.714783,1769826
2020-12-09,74.259513,74.756179,70.991134,71.007155,2035235
2020-12-10,70.462425,73.666719,69.853609,72.657366,1648319
2020-12-11,72.000486,72.577259,67.194045,68.796192,3427771
2020-12-14,68.892321,69.981781,67.674689,69.212750,1691436
2020-12-15,69.372965,70.318232,68.411677,69.356944,1085376
2020-12-16,69.677373,69.693394,67.290174,68.411677,1427731
2020-12-17,68.091247,73.378333,67.450389,72.801560,3360782
2020-12-18,73.378333,76.262197,73.378333,73.698762,3748774
2020-12-21,73.618655,74.579943,70.414361,71.119305,3863823
2020-12-22,70.814897,71.567906,66.489101,66.809530,3386992
2020-12-23,66.793508,68.219419,65.655984,67.290174,2369886
2020-12-24,67.402324,69.453072,66.681358,67.931033,2662725
2020-12-25,67.418346,67.578560,63.813515,65.688027,2156515
2020-12-28,64.790825,65.848242,62.163304,63.204699,3080012
2020-12-29,62.323518,66.809530,62.179325,64.165987,2421316
2020-12-30,64.085880,68.892321,63.140613,67.498453,3439683
2020-12-31,67.498453,69.773502,67.129959,69.372965,2943164
2021-01-04,70.606618,83.247558,70.590597,83.247558,8987748
2021-01-05,87.749591,99.573436,86.756260,90.248941,15842505
2021-01-06,87.268947,89.720232,84.833684,86.996582,10715458
2021-01-07,86.676153,91.066035,84.433147,90.040661,11162021
2021-01-08,88.118085,94.927210,87.477226,91.482594,8701364
2021-01-11,88.935180,97.538709,88.935180,90.841735,7929962
2021-01-12,93.164848,95.455918,90.200876,92.187538,6840877
2021-01-13,92.187538,93.853771,86.836367,88.118085,7257437
2021-01-14,88.903137,92.123452,85.714865,85.875079,7237976
2021-01-15,84.929812,88.390450,84.929812,87.092711,4502052
2021-01-18,88.118085,90.953885,86.884432,89.576039,4103026
2021-01-19,88.774965,88.887116,84.929812,84.945834,5669456
2021-01-20,86.035294,90.329048,84.721533,90.232919,6188765
2021-01-21,89.399803,90.200876,86.836367,88.390450,4360086
2021-01-22,88.118085,88.118085,85.394435,86.515938,3377688
2021-01-25,86.035294,87.765613,83.632073,84.961855,4210081
2021-01-26,84.160782,84.369061,76.438433,77.992516,6323969
2021-01-27,77.383700,79.065954,76.903056,78.344988,2616602
2021-01-28,76.854992,83.792288,76.726820,80.267565,3975287
2021-01-29,80.443801,82.302291,77.752194,79.114019,2161947
2021-02-01,79.626706,83.535945,79.130040,82.590678,2850526
2021-02-02,82.927129,82.943150,81.228853,81.757561,1880897
2021-02-03,81.469175,84.096696,78.665418,78.681439,2264314
2021-02-04,78.505203,80.027243,76.582627,78.985847,1848874
2021-02-05,78.729504,79.562620,73.506504,73.666719,3168919
2021-02-08,73.939084,74.579943,71.920379,72.945753,2132990
2021-02-09,73.378333,77.223485,72.737474,76.550584,2042990
2021-02-10,76.422412,76.582627,74.115320,75.445102,1606928
2021-02-18,76.230154,78.168752,74.852308,75.509188,2135520
2021-02-19,75.509188,76.614670,74.355642,76.582627,2260241
2021-02-22,76.134025,77.223485,74.467793,74.467793,3007382
2021-02-23,74.435750,76.790906,71.696078,75.925746,3135271
2021-02-24,78.489182,78.985847,72.897689,73.923063,3071186
2021-02-25,74.003170,75.909725,72.096615,72.609302,2878183
2021-02-26,71.872314,73.346290,71.135327,71.263499,2341551
2021-03-01,71.904357,75.493167,71.567906,73.538547,2484742
2021-03-02,73.554569,74.067256,72.336937,73.698762,1717514
2021-03-03,73.073925,74.243492,72.689409,73.858977,1750377
2021-03-04,73.858977,74.756179,71.696078,71.856293,2086271
2021-03-05,71.263499,72.272851,70.366296,71.039198,1688287
2021-03-08,71.199413,71.936400,69.020493,70.350275,2812229
2021-03-09,70.430382,70.430382,64.886954,65.207383,3824478
2021-03-10,66.328886,67.129959,62.483733,63.893622,3416041
2021-03-11,63.461043,66.937702,63.316849,66.376950,2916105
2021-03-12,66.809530,67.354260,63.909644,64.854911,2544111
2021-03-15,64.101901,65.159318,63.509107,63.861579,1307728
2021-03-16,64.406309,64.678674,63.172656,63.541150,1627006
2021-03-17,63.605236,64.870932,63.060506,64.310181,1355566
2021-03-18,64.566524,64.854911,63.332871,63.573193,1475243
2021-03-19,63.557171,64.902975,63.284807,63.605236,1859579
2021-03-22,63.364914,64.550503,62.291475,64.406309,1652953
2021-03-23,64.278138,64.614589,63.028463,63.637279,1321203
2021-03-24,63.605236,63.605236,61.906960,62.131261,1481565
2021-03-25,62.195347,63.380935,61.522445,62.419647,1084504
2021-03-26,62.788141,64.502438,62.099218,64.182009,1705893
2021-03-29,64.182009,65.207383,63.781472,64.935018,1579324
2021-03-30,66.553186,67.818883,64.214052,65.880285,3721555
2021-03-31,65.239426,65.928349,62.259432,62.323518,3186691
2021-04-01,62.243411,67.722754,62.243411,66.344907,3749277
2021-04-02,66.312864,67.434367,65.431683,67.418346,1885515
2021-04-06,67.530496,69.068557,67.418346,67.610603,1830188
2021-04-07,67.498453,68.844257,66.697380,68.732106,1814303
2021-04-08,68.091247,68.828235,67.386303,67.898990,1029556
2021-04-09,67.754797,68.187376,66.985766,67.834904,1027643
2021-04-12,68.075226,69.597266,67.049852,67.450389,1491632
2021-04-13,67.306195,68.235441,66.296843,66.809530,1444323
2021-04-14,67.097916,69.340922,67.001788,68.988450,1714427
2021-04-15,68.732106,69.581244,67.770818,69.453072,1359396
2021-04-16,68.892321,70.254146,68.555870,69.020493,1824677
2021-04-19,69.100600,71.135327,68.780171,70.318232,1911686
2021-04-20,70.766833,72.000486,70.222103,71.263499,1831257
2021-04-21,71.151348,71.680057,69.741459,71.295541,1424970
2021-04-22,71.567906,73.586612,70.686726,72.817581,1955496
2021-04-23,72.753495,74.355642,71.952422,72.689409,1984077
2021-04-26,72.689409,72.945753,69.693394,69.853609,2275859
2021-04-27,70.975112,71.199413,68.732106,70.286189,1674993
2021-04-28,70.510489,72.385001,70.158017,71.583928,1530471
2021-04-29,71.840271,72.096615,68.091247,68.427698,2429814
2021-04-30,68.539849,69.388987,66.585229,67.850925,2310135
2021-05-06,67.770818,69.517158,67.578560,69.036514,1671648
2021-05-07,69.100600,69.597266,67.786840,67.898990,1038329
2021-05-10,67.626625,67.770818,64.422331,64.822868,2361713
2021-05-11,64.710717,65.623941,63.765451,65.047168,1617263
2021-05-12,64.662653,66.569208,64.262116,66.296843,1009932
2021-05-13,66.184693,68.411677,65.800177,66.809530,1161317
2021-05-14,66.777487,68.411677,66.569208,68.219419,863941
2021-05-17,68.155333,69.533180,67.931033,69.372965,1682248
2021-05-18,68.892321,69.885652,68.427698,68.892321,1185382
2021-05-19,68.876300,70.478447,68.876300,69.885652,1430658
2021-05-20,69.228772,69.885652,68.363612,68.764149,1218405
2021-05-21,68.764149,69.469094,68.251462,68.299527,825786
2021-05-24,68.379634,69.677373,67.482432,69.292858,1222838
2021-05-25,69.100600,70.013824,68.267484,69.693394,1522536
2021-05-26,69.997802,72.096615,69.597266,69.741459,1866225
2021-05-27,69.837588,71.023177,69.340922,70.398339,1524206
2021-05-28,70.302210,70.798876,69.501137,69.693394,1115422
2021-05-31,69.388987,70.718769,69.292858,70.510489,2621911
2021-06-01,70.750812,74.644029,70.702747,73.057903,5107162
2021-06-02,72.705431,73.666719,68.892321,69.372965,3750109
2021-06-03,69.321609,71.401257,68.910814,69.039188,3666738
2021-06-04,68.808116,68.910814,64.956915,67.139262,4268057
2021-06-07,68.037875,72.813364,67.396009,72.787689,7597025
2021-06-08,72.659316,73.249834,71.016137,72.582292,5099008
2021-06-09,73.686303,75.226783,70.168873,70.990463,6748894
2021-06-10,70.399945,72.530943,69.783753,72.402569,5106065
2021-06-11,72.453919,72.505268,66.754142,69.039188,8427947
2021-06-15,68.602718,71.118836,68.012201,69.835102,4115325
2021-06-16,69.835102,70.708041,67.370334,67.550057,3546028
2021-06-17,67.473033,68.756766,66.754142,67.986526,3116706
2021-06-18,67.960851,72.659316,67.498707,72.043124,7161181
2021-06-21,71.940425,73.943050,71.529631,72.864713,7168690
2021-06-22,74.045748,74.045748,71.503956,73.172809,6177016
2021-06-23,73.172809,80.310368,72.351220,77.024010,13782200
2021-06-24,77.024010,77.486154,74.533567,75.175434,7720553
2021-06-25,75.226783,75.329482,72.813364,73.532255,5618754
2021-06-28,73.455231,75.047060,72.916063,73.378207,4914735
2021-06-29,73.095785,74.122772,70.297246,71.041812,5339944
2021-06-30,71.041812,72.530943,70.708041,72.530943,3597549
2021-07-01,72.505268,72.505268,68.705417,68.885140,5144878
2021-07-02,68.833790,69.552681,67.216286,67.293310,2884449
2021-07-05,67.550057,68.397321,66.882515,68.243273,2545829
2021-07-06,68.268948,68.654068,67.293310,67.909502,2775708
2021-07-07,67.318985,70.810740,67.267635,70.220222,4003380
2021-07-08,69.706729,74.918687,69.321609,72.839039,7598037
2021-07-09,72.710665,73.172809,71.555305,71.786377,4795104
2021-07-12,71.940425,73.634954,71.272884,72.428244,4557457
2021-07-13,72.094473,73.506580,70.502644,71.478281,4465322
2021-07-14,70.733716,72.094473,69.321609,69.424308,4198370
2021-07-15,69.501332,70.040500,66.754142,68.551369,4771205
2021-07-16,67.524382,69.501332,66.831166,68.602718,3759865
2021-07-19,68.474345,69.835102,67.524382,69.064862,3192874
2021-07-20,69.244585,69.886452,68.371646,69.578356,3077219
2021-07-21,69.578356,70.322921,68.756766,69.013513,3905529
2021-07-22,68.833790,69.449982,67.704105,68.628393,3655394
2021-07-23,68.962164,68.987838,63.365086,64.520446,8564610
2021-07-26,64.931240,77.434805,64.520446,77.434805,25500488
2021-07-27,77.819925,82.107595,74.815988,77.819925,31098231
2021-07-28,75.226783,76.433493,68.577044,73.917375,16867311
2021-07-29,75.997023,81.645451,74.790314,79.925248,21286701
2021-07-30,80.104970,91.350476,78.821237,88.064118,26728801
2021-08-02,87.293878,94.226039,86.292566,88.397889,24892318
2021-08-03,90.041068,91.376151,84.212918,85.060182,22270165
2021-08-04,84.983158,91.093729,84.212918,86.138518,19492324
2021-08-05,85.316928,93.712546,82.672437,91.093729,27001247
2021-08-06,88.962732,89.296502,83.699424,88.320865,16750342
2021-08-09,89.476225,89.887020,85.008832,86.138518,11046344
2021-08-10,85.368278,93.045004,85.239904,89.732972,18243086
2021-08-11,87.396577,90.297814,86.574987,87.165505,11205726
2021-08-12,86.266891,86.729035,83.006208,83.956171,13334237
2021-08-13,83.211605,85.239904,82.184619,82.261643,10241976
2021-08-16,82.158944,84.110219,80.977909,81.696800,7866587
2021-08-17,81.902197,82.929184,77.794250,79.077984,11186003
2021-08-18,77.948298,83.648075,77.845599,82.415691,11683451
2021-08-19,83.339979,86.087169,80.053621,83.904822,14451046
2021-08-20,82.492715,86.780385,80.336042,86.164193,16550692
2021-08-23,86.574987,92.942305,86.574987,88.757334,17783213
2021-08-24,85.008832,86.010144,82.184619,84.598038,18114818
2021-08-25,85.368278,85.702048,81.594101,82.569739,8906608
2021-08-26,82.672437,84.033195,81.594101,83.185931,7804021
2021-08-27,82.107595,84.084544,79.334730,83.083232,8481527
2021-08-30,82.158944,89.553249,82.158944,85.779072,15136248
2021-08-31,85.958795,85.984470,82.929184,85.188555,8287054
2021-09-01,85.214230,85.214230,72.607967,78.487466,17727703
2021-09-02,77.614527,82.569739,75.740276,81.311680,9125852
2021-09-03,80.490090,81.953547,78.128021,80.104970,7380103
2021-09-06,79.848224,82.184619,78.179370,80.618464,5448639
2021-09-07,79.591477,84.598038,79.591477,82.800811,7417432
2021-09-08,82.903509,84.187243,79.899573,80.669813,5801656
2021-09-09,80.823861,85.933120,78.359093,85.265579,13261910
2021-09-10,84.315616,85.188555,81.850848,82.749461,9111448
2021-09-13,82.107595,82.107595,77.306431,78.718538,9245529
2021-09-14,79.000960,79.899573,75.483530,76.125397,10147222
2021-09-15,75.714602,77.306431,74.302495,76.253770,5308750
2021-09-16,76.253770,76.767263,70.245897,70.451294,12166890
2021-09-17,70.964788,72.274196,70.091849,71.041812,5058537
2021-09-22,70.476969,73.172809,70.091849,71.503956,4460759
2021-09-23,71.221535,72.274196,70.939113,71.580980,3967744
2021-09-24,71.889076,71.889076,69.372958,69.475657,5106321
2021-09-27,69.501332,70.579668,66.497395,67.447358,5060562
2021-09-28,67.986526,68.679742,66.779817,68.037875,3836821
2021-09-29,68.037875,68.037875,65.367710,65.470409,3566369
2021-09-30,66.035251,66.574419,65.598782,65.829854,3167586
2021-10-08,66.548745,67.909502,65.881203,66.112275,3168303
2021-10-11,66.625769,69.218910,65.958227,67.164937,4449781
2021-10-12,66.702793,67.216286,64.161000,64.828542,3909201
2021-10-13,64.571795,66.060926,64.238024,65.547433,2389557
2021-10-14,65.547433,66.985214,65.470409,66.369022,2394011
2021-10-15,66.137950,67.396009,65.983902,66.497395,3374450
2021-10-18,66.112275,67.318985,66.112275,66.548745,2674841
2021-10-19,66.882515,68.679742,66.497395,67.986526,3680653
2021-10-20,68.551369,69.244585,67.473033,67.986526,3032148
2021-10-21,67.729779,68.474345,66.497395,66.677118,2842805
2021-10-22,66.754142,67.935177,66.035251,66.343347,2523212
2021-10-25,66.831166,68.294622,66.291998,68.140574,3380978
2021-10-26,67.806803,70.476969,67.729779,69.835102,4329265
2021-10-27,70.374270,70.605343,67.010889,67.087913,4166189
2021-10-28,67.396009,70.040500,67.139262,67.447358,3260700
2021-10-29,66.317673,66.317673,61.747581,64.982590,7460063
2021-11-01,64.777192,68.422996,64.648819,67.729779,4976893
2021-11-02,67.729779,70.117524,67.729779,69.218910,6513132
2021-11-03,69.578356,69.578356,66.163625,66.959539,4936651
2021-11-04,66.754142,67.550057,65.547433,67.164937,3775696
2021-11-05,67.036563,67.473033,64.854216,65.059614,4582809
2021-11-08,65.213662,65.213662,63.288062,64.725843,2655971
2021-11-09,64.725843,66.523070,64.366398,65.958227,3630767
2021-11-10,65.470409,68.243273,65.162312,66.754142,4643080
2021-11-11,66.677118,67.370334,64.854216,66.471721,3908221
2021-11-12,66.189299,72.633641,66.163625,71.349908,14682021
2021-11-15,71.041812,72.864713,65.855529,68.705417,20347636
2021-11-16,67.421683,70.605343,67.267635,67.858153,11235372
2021-11-17,68.294622,68.448670,65.855529,67.678430,8206298
2021-11-18,67.370334,68.602718,66.266323,67.318985,8535963
2021-11-19,66.933865,67.755454,66.369022,66.754142,7780067
2021-11-22,66.754142,68.910814,66.369022,68.037875,10601344
2021-11-23,68.551369,70.990463,66.446046,68.962164,15883347
2021-11-24,68.551369,70.605343,68.294622,70.220222,14417687
2021-11-25,70.322921,70.682367,68.885140,69.116212,9993255
2021-11-26,69.064862,69.655380,68.089225,68.654068,6138914
2021-11-29,67.524382,69.706729,67.010889,69.321609,7690994
2021-11-30,69.552681,76.946986,69.347284,74.148447,27457629
2021-12-01,74.456543,74.738964,72.864713,73.378207,10825728
2021-12-02,73.378207,74.199796,71.298559,71.889076,8902789
2021-12-03,72.197172,75.894325,72.197172,75.098410,12989190
2021-12-06,75.868650,76.484842,73.737652,74.815988,11708877
2021-12-07,74.867338,75.380831,70.297246,71.991775,10803516
2021-12-08,71.709353,73.172809,71.709353,72.171497,5835405
2021-12-09,72.120148,72.787689,71.067487,71.760703,5735012
2021-12-10,71.735028,72.505268,70.913439,72.017449,5064511
2021-12-13,71.658004,72.787689,70.862089,72.171497,5459161
2021-12-14,72.094473,73.301183,71.375583,72.659316,5518994
2021-12-15,72.171497,74.199796,71.940425,71.940425,5164778
2021-12-16,72.094473,74.379519,71.966100,73.994399,7912504
2021-12-17,73.994399,74.045748,71.247209,71.452607,7428865
2021-12-20,71.170185,71.452607,69.270260,69.321609,5202437
2021-12-21,69.090537,70.502644,69.090537,69.989150,3081388
2021-12-22,70.091849,70.605343,69.783753,69.835102,3100985
2021-12-23,69.860777,70.091849,68.294622,68.525694,5422212
2021-12-24,68.577044,69.116212,67.293310,67.421683,3978350
2021-12-27,67.190611,68.474345,67.164937,67.498707,1842251
2021-12-28,67.550057,69.578356,67.524382,69.321609,3407214
2021-12-29,69.578356,70.014825,68.654068,68.705417,3567945
2021-12-30,68.577044,70.425620,68.551369,69.835102,4647172
2021-12-31,70.066174,71.324233,69.912126,70.399945,3566591
2022-01-04,69.937801,70.759391,69.578356,70.553993,3375930
2022-01-05,70.297246,70.733716,68.885140,69.758078,4126861
2022-01-06,69.193236,70.040500,68.833790,69.732404,2730585
2022-01-07,69.732404,70.040500,68.525694,68.705417,3168206
2022-01-10,68.679742,69.116212,67.498707,68.936489,2732213
2022-01-11,68.756766,70.117524,67.755454,68.191924,4507337
2022-01-12,68.628393,68.859465,67.960851,68.345972,2488710
2022-01-13,68.551369,68.731092,66.369022,66.420371,4995463
2022-01-14,66.394697,67.113587,66.137950,66.291998,2470274
2022-01-17,65.932553,67.678430,65.932553,67.575731,3738237
2022-01-18,67.601406,68.628393,67.293310,67.575731,3905792
2022-01-19,67.267635,67.960851,66.060926,66.574419,3186550
2022-01-20,66.471721,66.959539,62.363773,62.389448,8052842
2022-01-21,62.569171,63.185363,61.542184,62.877267,3746564
2022-01-24,62.877267,64.597470,62.415123,64.315048,3300707
2022-01-25,64.520446,65.290686,62.055677,62.158376,3343843
2022-01-26,62.671869,63.647507,62.030003,62.312424,1775901
2022-01-27,62.415123,62.774568,57.922056,57.922056,4901663
2022-01-28,58.666621,59.642258,56.766695,58.307176,3759712
2022-02-07,59.026066,59.821981,58.178802,58.512573,2622036
2022-02-08,58.512573,59.051741,57.819357,59.051741,3033924
2022-02-09,59.026066,60.207101,58.820669,60.078728,3186352
2022-02-10,60.232776,60.232776,58.820669,59.334162,2177670
2022-02-11,59.744957,59.744957,57.126141,57.511261,3143721
2022-02-14,57.536935,58.846344,57.151815,57.588285,2731082
2022-02-15,57.716658,58.538248,57.536935,58.101778,1994780
2022-02-16,58.563922,58.563922,57.639634,58.332850,2000624
2022-02-17,58.281501,59.385512,57.639634,59.231464,3376771
2022-02-18,58.743645,59.308488,58.281501,59.128765,2687556
2022-02-21,59.128765,60.463848,58.949042,60.155752,3013185
2022-02-22,60.027378,60.540872,59.128765,59.436861,2664551
2022-02-23,59.847656,60.925992,59.565234,60.746269,3204658
2022-02-24,61.388136,62.261075,59.359837,60.925992,7649096
2022-02-25,60.386824,60.977341,59.231464,59.385512,3626483
2022-02-28,59.565234,60.053053,58.538248,58.666621,3051169
2022-03-01,58.820669,60.181426,58.538248,59.539560,3027790
2022-03-02,60.001704,60.001704,58.794994,59.231464,2195074
2022-03-03,59.077416,59.565234,57.382887,57.459911,4782038
2022-03-04,57.459911,57.896381,56.946418,57.023442,2507373
2022-03-07,56.997767,57.331538,54.995143,55.508637,3669905
2022-03-08,55.739709,55.842407,53.916807,54.199228,4330174
2022-03-09,54.378951,54.815420,48.935921,52.016881,5045492
2022-03-10,52.684423,53.865458,52.324977,52.812796,2744043
2022-03-11,51.888508,55.072167,51.657436,54.712722,3933545
2022-03-14,54.558674,56.330226,53.634386,54.404626,3302329
2022-03-15,54.122204,54.738396,51.631761,51.683111,2766037
2022-03-16,52.453351,56.278877,51.811484,55.534311,4670586
2022-03-17,55.816733,56.484274,54.892444,55.200541,3458324
2022-03-18,54.712722,55.200541,54.070855,54.687047,2126190
2022-03-21,51.529063,52.581724,49.962908,50.193980,11633353
2022-03-22,50.219655,50.425052,49.346716,49.706161,6527378
2022-03-23,49.680486,50.168305,49.269692,49.937233,5219673
2022-03-24,49.783185,49.783185,48.781873,49.244017,4603872
2022-03-25,49.346716,49.937233,48.268380,48.448102,4367905
2022-03-28,48.371078,49.346716,47.523814,49.166993,3633856
2022-03-29,48.858897,49.552113,47.806236,47.960284,2605328
2022-03-30,48.473777,48.473777,47.549489,48.396753,3540231
2022-03-31,48.037308,48.730524,47.652188,47.677862,2408744
2022-04-01,47.703537,47.754886,46.804923,46.907622,3347359
2022-04-06,46.676550,47.498140,46.548177,47.087345,2465108
2022-04-07,46.958971,47.754886,44.622576,44.750950,5822556
2022-04-08,45.238769,45.880635,43.826662,44.340155,4185654
2022-04-11,44.314480,44.314480,42.055109,42.363205,4146642
2022-04-12,42.388880,43.261819,41.541616,43.210470,3092100
2022-04-13,43.056422,43.133446,41.798363,41.952411,2297623
2022-04-14,42.311856,42.568603,41.901061,42.337531,2111300
2022-04-15,41.567291,42.696976,41.207845,42.029435,3321758
2022-04-18,42.029435,43.313168,41.336219,43.184795,2934425
2022-04-19,43.133446,43.569915,42.722651,43.056422,2619318
2022-04-20,43.056422,43.698288,42.260507,42.542928,2564264
2022-04-21,42.337531,43.082096,40.848400,40.899749,4038959
2022-04-22,40.874075,41.053797,39.590341,40.155184,2524274
2022-04-25,39.821413,39.847088,36.021562,36.098586,5524015
2022-04-26,36.252634,36.766127,34.147311,34.609455,5666727
2022-04-27,34.147311,39.538992,33.710842,38.589029,7988485
2022-04-28,37.947162,39.282245,37.690416,38.691728,6009005
2022-04-29,38.897125,41.002448,38.537680,40.488955,4983082
2022-05-05,40.283557,41.695664,39.770064,40.540304,4157739
2022-05-06,39.795738,40.822725,39.410618,40.386256,2941839
2022-05-09,40.026811,41.182171,40.026811,40.514629,2407506
2022-05-10,40.103835,41.490267,39.590341,41.310544,2909411
2022-05-11,41.515941,42.363205,41.079472,41.079472,3683481
2022-05-12,40.771376,41.541616,40.360581,41.336219,2870065
2022-05-13,41.644315,42.055109,41.079472,42.003760,3303394
2022-05-16,42.440230,43.313168,41.926736,42.671302,4815452
2022-05-17,42.671302,43.852336,41.978085,43.133446,4238551
2022-05-18,43.133446,43.569915,42.774000,42.979398,3097577
2022-05-19,42.029435,43.390192,42.003760,43.261819,3616815
2022-05-20,43.621264,44.314480,43.492891,44.186107,3783672
2022-05-23,44.571227,44.673926,43.467216,44.109083,2550174
2022-05-24,44.109083,44.519878,42.568603,42.568603,4404192
2022-05-25,42.825350,43.184795,41.721339,42.234832,3337016
2022-05-26,42.311856,43.903686,41.644315,42.953723,3917432
2022-05-27,43.390192,43.878011,42.234832,42.696976,2359895
2022-05-30,42.696976,43.184795,42.363205,43.005072,2389444
2022-05-31,42.928048,44.417179,42.671302,44.314480,4653895
2022-06-01,44.160432,45.444166,43.980710,44.827974,4262946
2022-06-02,45.136070,45.957659,44.673926,45.829286,3911920
2022-06-06,45.854961,48.833222,45.572539,47.677862,8959124
2022-06-07,47.677862,47.908934,45.649563,45.829286,8050367
2022-06-08,45.392817,45.957659,43.492891,44.314480,7251390
2022-06-09,44.314480,44.314480,42.876699,43.159120,3821045
2022-06-10,42.928048,45.931985,42.774000,45.033371,6837174
2022-06-13,45.059046,46.086033,44.750950,45.598214,4523995
2022-06-14,45.084721,45.084721,42.876699,44.288806,5217858
2022-06-15,44.750950,45.187419,43.775312,43.826662,3779399
2022-06-16,43.826662,44.699600,43.672614,43.980710,2856836
2022-06-17,43.698288,44.442854,43.184795,44.391504,2706150
2022-06-20,44.622576,47.190043,44.622576,46.445478,6662627
2022-06-21,46.445478,46.779249,45.829286,46.214406,4050702
2022-06-22,45.983334,46.265755,44.879323,45.110395,4060951
2022-06-23,44.904998,46.086033,44.596902,46.034683,3998629
2022-06-24,46.323187,47.518358,45.746208,47.147443,8528286
2022-06-27,47.930486,47.930486,46.446826,46.941379,6892707
2022-06-28,47.353507,47.971699,46.817741,47.435933,7268379
2022-06-29,47.435933,47.600784,46.117123,46.158336,6719988
2022-06-30,46.158336,46.941379,45.746208,45.869846,7684192
2022-07-01,45.704995,46.240762,45.210442,45.498931,5446184
2022-07-04,46.405613,49.702637,45.128016,49.249296,19022440
2022-07-05,49.249296,54.112406,49.084445,54.029981,33183101
2022-07-06,53.494214,53.988768,52.175405,53.411789,21100839
2022-07-07,53.288150,55.637280,52.958448,55.390003,19771936
2022-07-08,55.019088,56.708813,54.153619,55.183939,14151864
2022-07-11,55.183939,55.225152,52.917235,54.936662,11115151
2022-07-12,54.565747,57.903984,54.400896,56.461536,15731808
2022-07-13,56.131834,56.667600,54.936662,55.348790,9011756
2022-07-14,55.637280,57.327005,54.483322,55.925770,8197674
2022-07-15,56.173046,58.934304,55.925770,57.697920,13881210
2022-07-18,57.491856,57.739133,55.843344,56.585174,7990904
2022-07-19,56.543962,57.409430,55.637280,56.708813,7801688
2022-07-20,56.667600,57.739133,56.131834,57.079728,7340161
2022-07-21,57.120941,57.120941,54.936662,55.225152,7923779
2022-07-22,55.266365,56.914877,54.813024,55.431216,7206391
2022-07-25,55.596067,55.966982,52.752384,52.958448,8118138
2022-07-26,52.958448,53.246938,52.340256,52.628746,4638339
2022-07-27,52.958448,55.513642,52.628746,54.854237,8234873
2022-07-28,54.854237,57.656707,54.813024,56.997302,8905599
2022-07-29,56.956090,58.110048,55.760918,56.750026,7198969
2022-08-01,56.750026,58.563389,56.379110,57.244579,6764911
2022-08-02,56.626387,58.068835,55.637280,56.255472,10332554
2022-08-03,55.925770,59.099155,55.925770,58.439750,13977791
2022-08-04,58.316112,58.851878,56.873664,57.656707,7902449
2022-08-05,57.656707,58.934304,56.956090,57.491856,5873604
2022-08-08,57.697920,60.253114,57.203366,58.893091,9294658
2022-08-09,58.522176,59.140368,57.903984,58.769453,6734784
2022-08-10,58.934304,62.643456,58.769453,61.365859,13789525
2022-08-11,60.706454,61.736774,60.088262,61.036157,7289659
2022-08-12,61.036157,61.324646,57.079728,57.120941,11151455
2022-08-15,57.903984,58.728240,57.285792,57.615494,6286516
2022-08-16,57.574282,60.376752,57.533069,58.975517,7723435
2022-08-17,58.563389,59.264006,57.697920,58.851878,4933316
2022-08-18,58.357325,60.541603,58.357325,59.882198,5714276
2022-08-19,59.717347,60.170688,57.697920,57.986410,4492606
2022-08-22,58.110048,59.305219,56.914877,58.522176,5592239
2022-08-23,59.758560,62.231328,58.728240,61.365859,14889520
2022-08-24,60.994944,61.242221,54.648173,55.678493,16176055
2022-08-25,56.255472,58.687027,55.719706,56.461536,14226560
2022-08-26,56.337898,58.233686,55.225152,55.554854,7330228
2022-08-29,54.318470,58.027622,54.153619,57.409430,8909013
2022-08-30,57.450643,57.697920,56.337898,56.667600,4585415
2022-08-31,56.585174,57.203366,53.700278,53.947555,7418709
2022-09-01,53.659066,54.977875,53.411789,53.659066,4864426
2022-09-02,53.823917,55.348790,53.288150,54.153619,7197148
2022-09-05,54.194832,55.142726,53.288150,53.823917,4866829
2022-09-06,54.112406,54.977875,53.535427,54.400896,4387416
2022-09-07,54.318470,54.565747,51.516000,52.546320,11583869
2022-09-08,52.628746,53.494214,51.433574,51.804490,7661403
2022-09-09,52.092979,52.752384,50.939021,52.175405,5605082
2022-09-13,52.175405,53.906342,51.804490,52.876022,6581815
2022-09-14,52.051766,54.112406,51.845702,53.288150,4685363
2022-09-15,53.700278,53.906342,49.991126,50.691744,7950901
2022-09-16,50.691744,51.722064,50.114765,50.238403,4704951
2022-09-19,50.155978,50.980234,48.919594,49.496573,4765482
2022-09-20,49.661424,51.103872,49.414147,50.362042,4024925
2022-09-21,50.485680,50.897808,49.084445,50.526893,3644469
2022-09-22,50.568106,51.928128,50.073552,51.309936,8417245
2022-09-23,51.062659,51.763277,48.218976,48.301402,9381910
2022-09-26,47.930486,48.878381,46.570464,46.900166,10701699
2022-09-27,47.477146,47.765635,46.240762,47.518358,8900107
2022-09-28,47.435933,48.383827,45.663782,45.828634,8742424
2022-09-29,46.199549,46.570464,45.334080,45.746208,6365336
2022-09-30,45.787421,46.488038,44.963165,45.045590,6128651
2022-10-10,45.334080,45.334080,42.407971,42.614035,8895214
2022-10-11,43.767994,43.809206,41.995843,43.067376,6819603
2022-10-12,43.108589,44.509824,42.614035,44.468611,8364024
2022-10-13,44.386186,46.199549,44.097696,45.746208,8521069
2022-10-14,45.911059,46.611677,45.498931,46.199549,5442449
2022-10-17,46.199549,47.600784,45.869846,47.353507,6233114
2022-10-18,47.477146,47.559571,46.776528,47.023805,4783075
2022-10-19,47.353507,47.477146,46.364400,46.611677,4739319
2022-10-20,46.488038,47.600784,45.622570,46.611677,7001022
2022-10-21,46.364400,47.023805,45.787421,46.446826,3517396
2022-10-24,46.941379,48.012912,46.488038,47.023805,8919338
2022-10-25,47.559571,48.837168,46.364400,48.507466,17482768
2022-10-26,47.641997,48.754742,46.446826,47.765635,20387251
2022-10-27,47.600784,48.260189,46.982592,47.229869,10062581
2022-10-28,47.023805,47.683210,45.540144,45.952272,10468108
2022-10-31,45.416506,50.897808,45.251654,50.032339,19578050
2022-11-01,51.021446,52.134192,50.114765,51.474787,18215379
2022-11-02,51.103872,51.722064,50.526893,50.691744,11278228
2022-11-03,50.897808,51.598426,50.032339,51.103872,9966246
2022-11-04,51.351149,51.928128,50.732957,51.763277,9305693
2022-11-07,51.186298,53.823917,51.145085,52.752384,18284650
2022-11-08,52.463894,53.453002,51.639638,53.164512,9730105
2022-11-09,53.082086,53.535427,52.051766,52.422682,6381121
2022-11-10,52.092979,52.917235,51.268723,51.804490,8946634
2022-11-11,52.587533,53.288150,51.722064,51.928128,6595830
2022-11-14,52.216618,52.299043,50.897808,51.474787,5504787
2022-11-15,51.433574,52.299043,50.897808,52.175405,5513099
2022-11-16,51.928128,52.876022,51.598426,52.257830,6025634
2022-11-17,52.134192,52.876022,51.351149,52.876022,5538427
2022-11-18,52.917235,55.678493,52.711171,53.205725,18241186
2022-11-21,54.277258,54.771811,52.958448,54.318470,9468851
2022-11-22,53.617853,55.554854,53.453002,54.277258,10962842
2022-11-23,53.617853,54.359683,51.886915,53.123299,7200336
2022-11-24,52.917235,53.535427,52.134192,52.175405,4962447
2022-11-25,52.010554,52.834810,51.186298,51.474787,3602217
2022-11-28,51.103872,51.722064,50.320829,51.186298,5423266
2022-11-29,51.474787,52.793597,51.103872,52.299043,4084468
2022-11-30,52.340256,52.711171,50.939021,51.062659,4460024
2022-12-01,51.433574,55.348790,51.227510,55.225152,18072459
2022-12-02,54.813024,56.379110,54.400896,55.183939,13272836
2022-12-05,55.183939,55.513642,53.617853,53.865130,8396232
2022-12-06,53.782704,53.988768,52.669958,53.576640,8825007
2022-12-07,51.845702,53.700278,51.557213,52.834810,7805741
2022-12-08,52.876022,53.453002,52.051766,52.876022,4805549
2022-12-09,52.546320,53.865130,51.886915,52.257830,9017083
2022-12-12,52.257830,53.865130,51.928128,53.205725,6102478
2022-12-13,53.411789,55.019088,53.370576,54.318470,10174331
2022-12-14,54.318470,58.851878,53.988768,57.409430,18358445
2022-12-15,56.956090,58.233686,56.214259,57.491856,10216325
2022-12-16,56.956090,58.027622,55.843344,56.296685,7516765
2022-12-19,56.337898,57.079728,55.019088,55.183939,5093698
2022-12-20,55.390003,56.131834,54.153619,54.689386,4966900
2022-12-21,54.400896,55.266365,53.535427,53.988768,4956246
2022-12-22,54.400896,54.895450,53.370576,53.782704,4955151
2022-12-23,53.453002,54.236045,52.999661,53.906342,3818529
2022-12-26,54.318470,55.307578,53.782704,55.183939,4470652
2022-12-27,55.183939,55.637280,53.411789,54.483322,5701582
2022-12-28,54.689386,54.689386,52.175405,53.123299,6179736
2022-12-29,53.082086,55.307578,52.546320,54.771811,8208713
2022-12-30,54.771811,55.060301,53.535427,54.318470,5053457
2023-01-03,54.277258,56.997302,53.700278,56.585174,9747786
2023-01-04,56.379110,57.285792,55.760918,56.173046,5339432
2023-01-05,56.173046,56.379110,55.060301,55.431216,4485546
2023-01-06,55.431216,56.255472,54.442109,55.142726,6607631
2023-01-09,55.183939,55.596067,53.700278,53.988768,7643864
2023-01-10,53.988768,54.153619,52.546320,52.752384,8120908
2023-01-11,52.546320,52.999661,50.279616,50.526893,10854799
2023-01-12,50.526893,51.186298,49.743850,50.032339,8539053
2023-01-13,50.032339,50.362042,49.084445,49.702637,7304581
2023-01-16,49.702637,50.774170,49.702637,50.362042,5158762
2023-01-17,50.568106,51.186298,50.114765,50.320829,4094524
2023-01-18,50.403254,50.774170,49.414147,50.320829,7615727
2023-01-19,50.238403,52.422682,49.826275,51.969341,11489124
2023-01-20,51.886915,57.656707,51.722064,55.925770,23676291
2023-01-30,56.502749,58.522176,56.337898,57.285792,23058350
2023-01-31,57.821558,57.862771,55.513642,56.131834,14384568
2023-02-01,56.543962,59.057942,55.884557,58.480963,22149550
2023-02-02,58.398538,59.140368,57.533069,57.945197,10321810
2023-02-03,57.615494,58.522176,56.914877,58.110048,11175580
2023-02-06,58.110048,58.851878,57.120941,57.697920,9927732
2023-02-07,57.697920,58.728240,56.997302,58.563389,9856403
2023-02-08,58.398538,58.893091,57.945197,58.110048,6541857
2023-02-09,57.409430,59.057942,57.409430,58.893091,7674326
2023-02-10,58.398538,59.140368,57.821558,58.110048,6178653
2023-02-13,58.357325,58.645814,57.285792,57.615494,11142563
2023-02-14,57.986410,57.986410,56.873664,56.956090,6146334
2023-02-15,57.079728,57.491856,56.543962,57.203366,6018211
2023-02-16,57.244579,57.450643,54.730598,55.513642,7759970
2023-02-17,55.678493,55.966982,54.236045,54.689386,6926128
2023-02-20,55.019088,55.060301,53.741491,54.730598,6827551
2023-02-21,54.854237,56.379110,54.813024,55.884557,8045386
2023-02-22,55.884557,56.173046,55.060301,55.596067,4270135
2023-02-23,55.142726,55.802131,54.524534,54.977875,4870506
2023-02-24,55.142726,56.337898,54.606960,55.719706,7168093
2023-02-27,55.596067,55.843344,54.400896,54.771811,6557755
2023-02-28,54.606960,56.379110,54.606960,55.760918,6480119
2023-03-01,55.307578,57.409430,55.225152,57.203366,7451619
2023-03-02,57.409430,59.264006,57.162154,57.615494,10383851
2023-03-03,58.192474,59.140368,57.038515,58.398538,12627228
2023-03-06,58.728240,63.261648,58.439750,62.025264,29826212
2023-03-07,62.190115,62.602243,59.511283,59.840986,18088408
2023-03-08,59.799773,60.994944,59.428858,60.335539,11479064
2023-03-09,59.882198,60.417965,59.057942,59.758560,8404659
2023-03-10,59.346432,62.478605,59.099155,60.541603,17740740
2023-03-13,60.129475,62.272541,59.840986,61.860413,15629477
2023-03-14,61.365859,62.231328,59.758560,60.624029,12343161
2023-03-15,61.159795,62.107690,59.676134,60.088262,13309666
2023-03-16,58.975517,60.170688,57.450643,57.945197,15337714
2023-03-17,58.522176,59.264006,57.162154,57.574282,13773403
2023-03-20,57.574282,58.068835,56.585174,56.914877,10831087
2023-03-21,57.038515,59.470070,56.708813,58.357325,11653637
2023-03-22,58.233686,59.428858,57.533069,59.264006,10840343
2023-03-23,59.099155,62.231328,58.769453,61.777987,18417055
2023-03-24,61.407072,62.354966,60.417965,61.489498,14860640
2023-03-27,61.489498,62.272541,60.088262,61.613136,13982855
2023-03-28,61.613136,62.519818,60.706454,60.830093,11193776
2023-03-29,60.624029,61.201008,59.882198,60.211901,7137503
2023-03-30,60.253114,60.747667,58.604602,60.005837,8876599
2023-03-31,59.552496,60.376752,59.305219,59.799773,4732420
2023-04-03,59.840986,61.407072,58.893091,60.994944,12676305
2023-04-04,60.830093,62.231328,59.717347,61.571923,16146166
2023-04-06,61.571923,64.291968,61.036157,62.725882,20090350
2023-04-07,62.890733,65.033798,62.107690,63.838627,17963281
2023-04-10,63.550138,63.838627,61.407072,61.736774,13066493
2023-04-11,61.407072,62.066477,60.459178,61.365859,9621150
2023-04-12,61.365859,63.302861,60.871306,62.808307,14182100
2023-04-13,62.643456,62.643456,60.665242,61.077370,10745334
2023-04-14,61.077370,61.448285,59.758560,60.665242,9657146
2023-04-17,60.459178,60.582816,59.057942,59.552496,9286576
2023-04-18,59.552496,61.324646,58.851878,60.912518,10598560
2023-04-19,60.706454,62.725882,60.500390,61.283434,10148023
2023-04-20,61.077370,62.190115,60.253114,60.665242,9998341
2023-04-21,60.706454,62.725882,59.016730,59.346432,16056272
2023-04-24,57.903984,57.945197,52.958448,54.648173,27780741
2023-04-25,54.813024,54.936662,52.175405,52.917235,15319389
2023-04-26,53.040874,53.288150,49.455360,49.867488,18049971
2023-04-27,50.197190,51.268723,49.496573,50.650531,12332326
2023-04-28,50.939021,52.051766,50.279616,51.598426,9170645
2023-05-04,51.598426,51.639638,50.320829,50.691744,10935663
2023-05-05,50.691744,50.732957,48.919594,49.166870,10499660
2023-05-08,49.249296,50.032339,49.125658,49.702637,7019518
2023-05-09,49.496573,50.032339,47.889274,48.054125,10127459
2023-05-10,48.136550,48.548678,47.147443,48.466253,9676926
2023-05-11,48.425040,48.631104,47.806848,47.848061,5968308
2023-05-12,47.806848,48.672317,47.518358,47.724422,6423677
2023-05-15,47.848061,49.414147,47.559571,49.414147,8211403
2023-05-16,49.002019,49.455360,47.889274,47.930486,7102505
2023-05-17,47.930486,48.837168,47.435933,48.754742,5565586
2023-05-18,48.713530,49.991126,48.713530,49.455360,7159046
2023-05-19,49.455360,49.949914,49.043232,49.743850,5626229
2023-05-22,49.455360,50.032339,49.372934,49.949914,4132403
2023-05-23,49.949914,50.032339,49.084445,49.084445,4508700
2023-05-24,49.125658,49.908701,48.837168,49.043232,4844012
2023-05-25,49.331722,50.073552,48.466253,49.166870,6283123
2023-05-26,49.249296,49.372934,48.218976,48.548678,7655805
2023-05-29,48.919594,49.249296,48.218976,48.342614,5461102
2023-05-30,48.589891,49.249296,47.806848,48.878381,7432724
2023-05-31,48.631104,49.620211,48.466253,49.125658,6476168
2023-06-01,49.125658,50.279616,48.919594,50.032339,8399096
2023-06-02,50.279813,50.279813,48.877422,49.001163,9786096
2023-06-05,49.001163,49.949838,48.794929,49.413630,6610814
2023-06-06,49.331137,49.372384,47.681266,47.763760,7460507
2023-06-07,48.011240,48.588695,47.475032,48.382461,5382647
2023-06-08,48.258721,48.341214,46.732590,46.815084,8622372
2023-06-09,46.856331,47.969994,46.608850,47.887500,8522346
2023-06-12,47.846253,48.093734,46.113889,46.443863,13086143
2023-06-13,46.443863,46.732590,45.701421,46.155136,8084372
2023-06-14,46.443863,47.928747,45.577681,47.062565,13490684
2023-06-15,46.856331,48.712435,46.691344,48.299968,11395719
2023-06-16,48.134981,49.001163,48.052487,48.506202,8326224
2023-06-19,48.299968,51.063501,48.299968,50.568540,15032940
2023-06-20,50.527293,51.187242,49.908592,50.981008,10497242
2023-06-21,50.156072,51.269735,49.537371,49.702358,9319214
2023-06-26,49.124903,49.949838,47.640019,47.928747,9245465
2023-06-27,47.722513,48.423708,47.227552,48.258721,7006216
2023-06-28,48.052487,48.464955,46.237629,47.351292,8379185
2023-06-29,47.516279,47.887500,47.021318,47.557526,8058635
2023-06-30,47.516279,48.629942,47.268798,48.547448,10125372
2023-07-03,48.341214,48.836176,47.805006,48.052487,9306251
2023-07-04,47.887500,48.671189,47.846253,48.547448,5986158
2023-07-05,48.877422,53.455814,48.588695,51.764696,36515020
2023-07-06,51.558462,52.259658,50.444800,51.475969,21771297
2023-07-07,51.145995,51.517216,49.372384,50.733527,17467357
2023-07-10,53.620801,55.559399,51.558462,52.919606,43495105
2023-07-11,53.662048,56.466828,52.300904,52.878359,37929915
2023-07-12,53.414567,53.620801,51.352229,51.599709,22220283
2023-07-13,50.857267,51.970930,50.486046,50.774774,17369155
2023-07-14,50.981008,51.970930,50.486046,50.733527,13287695
2023-07-17,50.692280,51.104748,50.114826,50.981008,9878991
2023-07-18,50.609787,51.104748,49.702358,50.032332,8769337
2023-07-19,50.032332,50.197319,48.464955,48.753682,10539287
2023-07-20,48.588695,49.001163,47.186305,47.268798,11152864
2023-07-21,47.021318,47.475032,46.567603,46.732590,7302164
2023-07-24,46.485110,47.640019,46.196382,47.186305,6679299
2023-07-25,47.598773,55.971867,46.980071,55.064438,42703979
2023-07-26,55.435659,57.745478,54.321996,55.229425,45926425
2023-07-27,54.940698,56.838049,53.744541,55.930620,35301136
2023-07-28,57.415504,61.663921,56.796802,59.972804,61526381
2023-07-31,58.776647,60.880233,58.157946,59.436596,33660414
2023-08-01,59.601583,61.911402,58.116699,60.591505,29882648
2023-08-02,59.849063,60.838986,59.436596,59.849063,14543994
2023-08-03,60.261531,62.901324,59.684076,61.705168,33710427
2023-08-04,62.158882,63.726260,60.756492,61.251453,22541295
2023-08-07,61.292700,61.828908,60.137791,60.385271,12942476
2023-08-08,60.921479,61.045220,59.395349,60.467765,9819009
2023-08-09,60.261531,61.416441,59.024128,59.189115,12043652
2023-08-10,59.477842,60.055297,58.941634,59.477842,6961860
2023-08-11,60.014050,62.571350,59.601583,60.591505,19774982
2023-08-14,60.467765,60.467765,58.199192,59.807817,14543423
2023-08-15,59.972804,62.488857,58.817894,59.106621,12225906
2023-08-16,58.776647,59.395349,57.456751,58.075452,9640327
2023-08-17,57.580491,58.817894,56.961789,58.034205,11613579
2023-08-18,58.116699,58.240439,56.466828,56.549322,11906230
2023-08-21,56.384335,57.539244,55.476906,55.476906,8481180
2023-08-22,55.889373,57.168023,55.353165,56.466828,8817423
2023-08-23,56.301841,56.796802,54.363243,54.404490,8043188
2023-08-24,54.775711,55.559399,54.280749,55.105685,8220234
2023-08-25,54.981944,54.981944,52.383398,52.960853,14135763
2023-08-28,56.796802,56.796802,51.847190,52.135917,16857168
2023-08-29,52.589632,58.157946,51.970930,57.333010,22092989
2023-08-30,59.354102,66.324806,59.024128,65.458624,69678641
2023-08-31,65.293637,65.582364,62.488857,62.942571,29635569
2023-09-01,63.231298,64.509948,61.911402,63.107558,22073262
2023-09-04,65.169897,65.953585,62.571350,63.726260,27593484
2023-09-05,63.932493,69.830782,63.932493,66.654780,55757363
2023-09-06,66.861014,68.015924,64.468702,67.314729,44842307
2023-09-07,70.078262,72.470575,66.861014,67.685950,55607132
2023-09-08,67.149742,71.274419,65.458624,69.170833,51806609
2023-09-11,69.748288,71.356912,67.149742,68.469638,49232299
2023-09-12,66.654780,68.799612,66.036079,67.149742,34736573
2023-09-13,66.118572,66.778521,63.808753,65.169897,29975048
2023-09-14,64.344961,65.747351,63.231298,64.551195,14232295
2023-09-15,64.551195,64.551195,62.406363,63.313792,14896006
2023-09-18,63.107558,63.643766,61.416441,62.406363,12345449
2023-09-19,61.870155,62.282623,59.560336,60.302778,14850625
2023-09-20,60.344025,62.695090,59.560336,61.333947,16236482
2023-09-21,61.787661,62.901324,61.045220,61.993895,15287098
2023-09-22,62.035142,67.273482,61.705168,66.778521,30358439
2023-09-25,67.273482,69.088340,65.788598,68.180911,28840934
2023-09-26,67.603456,68.139664,66.324806,67.108495,14901222
2023-09-27,67.273482,67.355975,65.211143,66.283559,17851078
2023-09-28,65.376130,69.129587,65.376130,68.387145,20904694
2023-10-09,69.830782,74.202939,68.387145,72.429328,32943775
2023-10-10,71.810627,73.048030,70.408236,70.985691,17625633
2023-10-11,70.531977,72.016860,70.119509,70.738211,17272524
2023-10-12,70.944444,72.759302,69.748288,69.748288,24296666
2023-10-13,69.047093,72.181848,68.469638,68.882106,28211165
2023-10-16,68.964599,70.820704,67.355975,69.542054,20854424
2023-10-17,69.913275,72.965536,68.593379,71.934367,28977277
2023-10-18,70.531977,71.026938,68.758366,68.964599,16936152
2023-10-19,69.129587,72.223094,67.727196,68.263404,28275118
2023-10-20,68.015924,68.015924,64.592442,65.128650,23184612
2023-10-23,64.716182,69.212080,64.633689,67.397222,25495874
2023-10-24,66.077326,67.809690,65.087403,66.654780,22281203
2023-10-25,66.819767,69.129587,65.087403,67.933430,23123547
2023-10-26,67.190988,73.419251,67.190988,71.769380,47329814
2023-10-27,72.800549,75.192862,70.037015,73.872965,54333701
2023-10-30,73.666731,80.431202,72.016860,77.791408,72696140
2023-10-31,79.358785,79.565019,73.460497,74.780394,53713970
2023-11-01,76.059044,86.535723,75.481589,86.453230,134992380
2023-11-02,82.493540,83.730943,69.170833,69.170833,128504539
2023-11-03,65.994832,70.985691,65.994832,69.377067,72183996
2023-11-06,68.964599,72.223094,68.057170,70.119509,52999533
2023-11-07,69.913275,73.336757,69.212080,71.026938,49154139
2023-11-08,71.563146,71.810627,68.469638,69.707041,39496301
2023-11-09,69.500807,70.325743,66.819767,67.232235,43068403
2023-11-10,67.232235,71.893120,66.654780,70.738211,55672322
2023-11-13,70.160756,77.048966,70.160756,74.079199,65116864
2023-11-14,73.790472,75.687823,73.213017,74.821641,35538162
2023-11-15,74.697900,75.192862,71.975614,74.862888,35831281
2023-11-16,74.409173,75.894057,73.419251,73.831718,25024549
2023-11-17,73.213017,75.687823,72.223094,75.605329,31229333
2023-11-20,73.625484,79.936240,73.254264,78.740084,50688424
2023-11-21,78.575097,79.853747,74.656654,76.842733,45667194
2023-11-22,75.687823,76.636499,71.934367,72.058107,34719081
2023-11-23,72.800549,73.213017,70.944444,71.769380,21185175
2023-11-24,72.759302,73.213017,69.995769,70.449483,19541655
2023-11-27,70.531977,72.718056,69.212080,71.439406,24990372
2023-11-28,71.439406,73.790472,71.398159,72.718056,20272195
2023-11-29,72.553068,74.120446,72.099354,72.305588,16887498
2023-11-30,72.223094,72.470575,69.500807,71.439406,18858965
2023-12-01,71.480652,71.975614,69.954522,71.068185,13470079
2023-12-04,70.985691,71.026938,61.828908,63.025065,66487891
2023-12-05,62.571350,62.736337,60.632752,61.333947,34995706
2023-12-06,61.045220,61.911402,59.436596,59.642829,23528819
2023-12-07,59.684076,59.684076,57.827972,58.487920,29594251
2023-12-08,58.652907,59.106621,57.374257,58.611660,28365755
2023-12-11,58.405426,59.849063,57.992959,59.436596,23824900
2023-12-12,59.395349,62.612597,58.982881,61.870155,40392851
2023-12-13,61.540181,64.757429,61.168960,61.870155,28360010
2023-12-14,61.787661,63.107558,60.261531,60.632752,18532230
2023-12-15,60.261531,61.375194,59.931557,60.220284,14224290
2023-12-18,60.055297,61.045220,59.189115,59.230362,10871764
2023-12-19,59.230362,59.849063,58.900388,59.395349,9669618
2023-12-20,59.271608,60.014050,55.971867,56.136854,24271130
2023-12-21,55.641893,56.466828,54.321996,56.178101,18874743
2023-12-22,56.095607,56.920543,55.311919,55.641893,13187132
2023-12-25,55.105685,60.220284,55.064438,59.024128,24480877
2023-12-26,58.859141,59.024128,57.168023,57.497997,11040414
2023-12-27,57.580491,58.405426,57.126776,58.034205,11575491
2023-12-28,59.436596,60.344025,57.621738,59.230362,17357045
2023-12-29,58.982881,63.355039,58.859141,62.200129,27173469
2024-01-02,62.158882,63.025065,60.467765,60.632752,17002394
2024-01-03,60.137791,60.921479,56.796802,58.281686,20952288
2024-01-04,58.529167,59.230362,57.786725,57.992959,9753418
2024-01-05,57.827972,57.869218,53.620801,53.827035,28634031
2024-01-08,53.703295,54.899451,52.630879,52.754619,16778992
2024-01-09,53.167087,53.703295,51.558462,52.342151,15994976
2024-01-10,52.218411,53.125840,50.568540,51.599709,14044569
2024-01-11,51.805943,53.950775,51.558462,53.414567,14415297
2024-01-12,53.538307,53.538307,51.558462,52.383398,19092795
2024-01-15,52.012177,53.373320,51.723450,52.713372,16980587
2024-01-16,52.548385,52.878359,51.145995,52.342151,14179650
2024-01-17,52.053424,52.300904,50.403553,50.403553,12533495
2024-01-18,49.784851,51.022254,48.794929,50.651034,18659752
2024-01-19,50.444800,50.857267,49.001163,49.207397,14971803
2024-01-22,49.207397,49.619864,45.453941,45.866408,19345105
2024-01-23,45.618928,47.021318,45.288953,46.567603,16371230
2024-01-24,46.526357,47.103811,43.639083,45.742668,25219586
2024-01-25,45.990149,49.743605,45.783915,49.331137,41113454
2024-01-26,48.506202,48.629942,46.938824,47.227552,27683658
2024-01-29,47.268798,47.805006,45.288953,45.412694,18955114
2024-01-30,45.082720,46.485110,44.010304,44.175291,14368806
2024-01-31,43.474096,44.958979,41.576744,42.030459,24994920
2024-02-01,41.246770,41.989212,40.174354,40.504328,20359751
2024-02-02,40.875549,42.814147,36.874612,38.277003,30915312
2024-02-05,37.699548,38.235756,31.553779,32.254974,40553752
2024-02-06,31.553779,35.307235,30.110142,34.069832,37776824
2024-02-07,34.688534,36.915859,33.863598,35.265988,39893482
2024-02-08,36.338404,42.319186,35.802196,42.112952,39774688
2024-02-19,42.154199,42.690407,39.885627,41.617991,43831232
2024-02-20,41.947965,48.877422,41.617991,47.475032,70700270
2024-02-21,45.288953,49.001163,44.876486,47.145058,60306715
2024-02-22,47.310045,50.403553,46.608850,49.702358,43394418
2024-02-23,49.496124,51.517216,48.877422,51.145995,36627458
2024-02-26,51.558462,52.672125,49.826098,51.269735,37145240
2024-02-27,53.249580,55.270672,51.145995,54.486983,45079279
2024-02-28,53.373320,54.445736,47.640019,48.176227,56415129
2024-02-29,47.516279,51.434722,47.516279,51.434722,31073646
2024-03-01,51.187242,54.404490,51.063501,53.744541,32531081
2024-03-04,53.620801,55.105685,52.878359,53.703295,23678949
2024-03-05,52.878359,55.930620,52.672125,54.115762,33043502
2024-03-06,53.497061,54.486983,51.517216,53.703295,24732954
2024-03-07,53.703295,56.755556,53.455814,53.785788,29035223
2024-03-08,53.290827,55.518152,52.878359,55.188178,25256893
2024-03-11,54.528230,55.394412,53.538307,54.816957,24078593
2024-03-12,54.899451,56.343088,54.363243,55.683140,26004117
2024-03-13,56.466828,61.045220,55.064438,59.312855,45399985
2024-03-14,58.075452,59.271608,57.126776,58.364180,28248039
2024-03-15,58.570413,63.313792,57.539244,62.365116,50534705
2024-03-18,62.365116,62.860077,60.014050,62.117636,46779478
2024-03-19,61.333947,62.158882,59.807817,60.014050,31824907
2024-03-20,59.436596,60.467765,58.487920,59.766570,24632302
2024-03-21,59.601583,62.695090,59.230362,61.210207,32104550
2024-03-22,60.632752,61.210207,58.487920,59.807817,27958991
2024-03-25,58.941634,61.622674,58.900388,59.436596,26032746
2024-03-26,58.982881,60.921479,57.497997,58.199192,25095121
2024-03-27,58.776647,58.776647,54.528230,54.816957,29653504
2024-03-28,54.693217,58.652907,54.033269,57.209270,31229187
2024-03-29,57.374257,58.199192,55.683140,57.662984,20952208
2024-04-01,58.529167,59.890310,57.126776,59.642829,22000989
2024-04-02,59.312855,59.312855,57.333010,57.704231,16916913
2024-04-03,57.333010,57.333010,53.909528,54.115762,24346304
2024-04-08,54.280749,54.528230,52.754619,52.837112,14956008
2024-04-09,53.208333,54.157009,52.383398,53.332074,10061830
2024-04-10,53.167087,53.414567,49.908592,50.774774,18023388
2024-04-11,50.444800,51.269735,49.248643,49.537371,16257888
2024-04-12,49.537371,51.228488,49.413630,49.949838,11437018
2024-04-15,49.908592,50.238566,45.907655,46.897577,25294731
2024-04-16,46.980071,47.186305,43.061628,43.515342,26178054
2024-04-17,44.134044,48.011240,43.927810,47.969994,21138035
2024-04-18,48.052487,49.372384,46.485110,48.011240,17006080
2024-04-19,47.763760,48.671189,47.062565,48.258721,11431150
2024-04-22,50.733527,52.795866,48.671189,51.434722,33438171
2024-04-23,50.692280,52.383398,50.114826,50.898514,26072800
2024-04-24,50.857267,51.847190,50.114826,51.393475,18221924
2024-04-25,51.104748,51.475969,49.784851,50.156072,15972645
2024-04-26,50.197319,53.909528,50.032332,52.919606,21155245
2024-04-29,53.084593,56.260594,53.002099,55.435659,23401045
2024-04-30,55.683140,59.312855,54.610723,55.064438,30637034
2024-05-06,55.518152,57.250517,54.858204,56.673062,20438893
2024-05-07,57.951712,68.015924,57.291764,65.829845,96795066
2024-05-08,69.005846,72.140601,66.819767,70.119509,122203521
2024-05-09,68.015924,69.913275,65.664858,66.902261,79269920
2024-05-10,68.015924,70.037015,65.087403,65.953585,69213570
2024-05-13,64.344961,68.057170,62.612597,65.953585,55248962
2024-05-14,65.582364,67.397222,63.808753,64.633689,39410023
2024-05-15,64.633689,68.882106,63.520026,65.747351,46336685
2024-05-16,64.839922,67.026001,64.839922,66.077326,34551599
2024-05-17,65.623611,69.789535,63.973740,67.026001,50267846
2024-05-20,67.026001,74.079199,66.201066,71.480652,69454172
2024-05-21,71.934367,76.512758,70.037015,73.295510,78198549
2024-05-22,72.511822,76.636499,71.109431,73.254264,68646588
2024-05-23,72.181848,74.697900,68.057170,68.964599,56936504
2024-05-24,68.469638,68.717119,65.334884,65.458624,45585894
2024-05-27,65.252390,67.809690,63.726260,66.696027,44118592
2024-05-28,66.077326,72.511822,66.077326,69.872028,66313304
2024-05-29,73.171770,75.399096,66.819767,68.799612,80818201
2024-05-30,66.324806,72.099354,65.829845,69.954522,65655415
2024-05-31,69.418314,79.193798,69.005846,76.059044,98413891
2024-06-03,74.161692,75.852810,71.934367,74.409173,66207489
2024-06-04,72.965536,73.914212,70.325743,71.686886,44106196
2024-06-05,71.026938,74.244186,69.872028,69.872028,37381748
2024-06-06,69.500807,70.696964,66.118572,67.149742,43387215
2024-06-07,68.469638,69.542054,65.293637,65.994832,28592444
2024-06-11,65.788598,69.500807,64.344961,68.469638,29061287
2024-06-12,68.057170,70.449483,67.685950,69.088340,24166836
2024-06-13,68.964599,70.325743,67.768443,69.088340,24951964
2024-06-14,68.840859,68.882106,66.283559,68.015924,21602324
2024-06-17,68.015924,69.047093,67.232235,67.603456,17264588
2024-06-18,67.479716,73.006783,67.232235,71.604393,41582741
2024-06-19,71.191925,72.924289,70.119509,70.366990,29179300
2024-06-20,70.696964,70.944444,66.984754,67.273482,29010068
2024-06-21,67.273482,69.294574,66.489793,67.520962,17339960
2024-06-24,67.933430,70.449483,65.912338,66.407300,24496608
2024-06-25,67.520962,68.634625,65.169897,66.737274,24007499
2024-06-26,66.943508,71.480652,64.674935,70.944444,37735188
2024-06-27,70.202003,73.213017,70.202003,71.068185,35201624
2024-06-28,70.531977,75.069121,70.490730,73.872965,45439698
2024-07-01,73.542991,74.244186,69.665795,72.058107,41228760
2024-07-02,71.893120,74.574160,71.563146,73.089276,31848849
2024-07-03,72.181848,72.718056,70.408236,72.099354,19920310
2024-07-04,72.099354,72.718056,66.819767,66.819767,30939535
2024-07-05,67.520962,70.449483,65.829845,69.335820,34195574
2024-07-08,69.088340,69.253327,64.716182,65.458624,34071086
2024-07-09,65.211143,65.829845,61.292700,64.757429,37759072
2024-07-10,64.592442,65.994832,63.561273,64.138727,20031180
2024-07-11,65.376130,66.902261,63.891247,65.541118,23454001
2024-07-12,64.344961,67.149742,63.107558,65.994832,19692830
2024-07-15,65.912338,67.892183,63.025065,63.396285,21208944
2024-07-16,63.726260,64.716182,61.045220,63.396285,22920537
2024-07-17,63.520026,64.097481,59.312855,59.312855,25420114
2024-07-18,59.312855,59.560336,56.095607,58.694154,34496761
2024-07-19,58.281686,61.787661,57.951712,60.385271,24634181
2024-07-22,60.302778,70.531977,60.096544,67.479716,47070222
2024-07-23,68.717119,69.500807,66.613534,66.819767,31665102
2024-07-24,67.232235,70.738211,66.778521,67.603456,38125831
2024-07-25,66.943508,69.418314,65.334884,68.222158,33622419
2024-07-26,69.170833,73.419251,68.057170,73.006783,56287212
2024-07-29,74.244186,78.368863,72.883043,74.697900,76013476
2024-07-30,74.697900,76.554005,73.419251,74.656654,58637036
2024-07-31,73.872965,75.729070,72.140601,74.409173,65075941
2024-08-01,73.831718,78.245123,73.831718,75.729070,62777211
2024-08-02,75.069121,76.141537,72.553068,73.048030,51988879
2024-08-05,72.841796,75.316602,66.696027,66.902261,64777846
2024-08-06,69.377067,70.160756,65.829845,67.232235,55203623
2024-08-07,66.407300,77.131460,66.407300,73.707978,91869046
2024-08-08,73.419251,74.409173,63.891247,64.509948,87305062
2024-08-09,64.633689,65.912338,62.323869,62.530103,37404464
2024-08-12,61.045220,62.365116,59.312855,61.375194,26376800
2024-08-13,61.705168,63.726260,61.581428,62.818831,30023946
2024-08-14,63.107558,63.272545,61.457687,62.076389,19987993
2024-08-15,61.168960,62.530103,60.014050,61.705168,24191797
2024-08-16,63.355039,63.808753,59.395349,59.436596,28841038
2024-08-19,58.982881,60.509012,58.570413,60.467765,19067228
2024-08-20,60.014050,60.261531,58.322933,60.055297,21396053
2024-08-21,59.807817,60.550258,57.662984,57.745478,21063220
2024-08-22,57.333010,59.147868,57.003036,57.704231,18965660
2024-08-23,57.704231,57.910465,55.889373,56.260594,18947452
2024-08-26,56.095607,56.343088,55.270672,55.641893,15089885
2024-08-27,55.270672,55.559399,53.703295,53.909528,17749156
2024-08-28,53.620801,54.816957,53.414567,54.239503,11091140
2024-08-29,54.157009,56.631815,53.620801,56.095607,21731628
2024-08-30,55.683140,59.354102,55.518152,58.199192,35761953
2024-09-02,57.992959,58.240439,54.239503,54.321996,24655616
2024-09-03,54.363243,55.765633,53.414567,55.476906,21405850
2024-09-04,54.775711,56.095607,53.992022,55.023191,15346060
2024-09-05,54.734464,57.374257,54.734464,56.838049,18730052
2024-09-06,56.879296,57.168023,54.569477,54.775711,13217100
2024-09-09,54.651970,55.435659,53.662048,53.992022,10713824
2024-09-10,53.950775,55.353165,53.785788,55.105685,10183146
2024-09-11,55.229425,55.229425,54.115762,54.445736,7609502
2024-09-12,54.651970,55.518152,54.239503,54.321996,9752989
2024-09-13,54.157009,54.610723,53.002099,53.002099,10847408
2024-09-18,53.497061,53.827035,51.228488,53.579554,16935509
2024-09-19,54.074515,54.816957,52.919606,53.538307,16168980
2024-09-20,53.868282,54.528230,52.548385,52.919606,13228120
2024-09-23,52.919606,55.311919,52.795866,53.785788,20190302
2024-09-24,53.950775,56.714309,53.002099,56.631815,33518746
2024-09-25,57.126776,60.921479,56.920543,58.900388,41736700
2024-09-26,58.240439,60.838986,58.116699,60.838986,27245288
2024-09-27,63.107558,66.778521,62.282623,66.283559,44276349
2024-09-30,69.995769,77.255200,67.850937,75.687823,69285949
2024-10-08,89.876712,90.247933,77.915149,88.721802,82814915
2024-10-09,84.060917,88.309335,74.367926,80.554942,97430751
2024-10-10,82.493540,88.185594,79.317539,83.318475,73068738
2024-10-11,82.369800,83.318475,72.305588,74.656654,59013593
2024-10-14,76.512758,81.214890,74.697900,80.802422,58989133
2024-10-15,79.647513,84.885853,77.915149,79.606266,62483410
2024-10-16,76.718992,78.038889,74.079199,74.986628,49351576
2024-10-17,76.224031,79.358785,75.646576,76.842733,44423406
2024-10-18,76.306524,82.493540,75.275355,80.389955,63800832
2024-10-21,80.843669,85.793282,80.224968,84.927099,90417944
2024-10-22,86.329490,91.361596,82.493540,83.153488,98765983
2024-10-23,82.906008,92.805233,82.906008,86.948191,106866050
2024-10-24,85.298320,85.834528,81.421124,82.534787,63555488
2024-10-25,82.906008,84.308398,81.668605,82.287306,44512136
2024-10-28,82.081072,83.318475,80.059981,81.379877,41411565
2024-10-29,80.967410,83.235982,80.183721,80.224968,41807403
2024-10-30,80.018734,87.443152,79.730006,83.359722,66495138
2024-10-31,83.442216,88.886789,81.256137,86.494477,68178528
2024-11-01,86.205749,86.288243,77.543928,78.451357,61065328
2024-11-04,78.781331,85.793282,78.781331,84.184658,50763211
2024-11-05,85.793282,100.559625,84.597125,97.589858,109612655
2024-11-06,96.641182,101.673288,93.052713,98.084819,84452017
2024-11-07,98.043572,107.654070,94.578844,100.023417,84331580
2024-11-08,106.292926,120.028101,102.291990,120.028101,146636517
2024-11-11,124.977713,129.102390,114.212306,122.420413,152149973
2024-11-12,120.770543,127.370026,113.428618,116.398385,113453266
2024-11-13,115.490956,122.131686,111.613760,114.707267,87178330
2024-11-14,112.933656,118.708204,110.128876,113.634851,74067327
2024-11-15,113.057397,114.171059,107.324096,108.272771,67492582
2024-11-18,109.716408,112.562435,101.755782,111.490019,73515444
2024-11-19,109.386434,111.984981,103.446899,109.798902,59976201
2024-11-20,110.582590,121.925452,110.417603,115.408462,103161558
2024-11-21,115.490956,115.820930,109.633915,113.016150,73599955
2024-11-22,110.252616,110.623837,104.478068,104.931783,59069902
2024-11-25,105.509238,108.149031,100.972093,102.910691,48494318
2024-11-26,102.704457,104.560562,97.053650,97.136143,60838652
2024-11-27,96.806169,101.467054,93.547674,100.229651,70392010
2024-11-28,98.167313,98.662274,95.486273,95.568766,64705701
2024-11-29,95.610013,100.600872,94.166376,97.631105,56068678
2024-12-02,99.280975,101.508301,95.692506,99.528456,73746847
2024-12-03,98.249806,98.992248,95.486273,96.228714,47386901
2024-12-04,95.898740,96.228714,92.475258,93.588921,40850712
2024-12-05,93.960142,97.754845,93.836402,96.352455,51197559
2024-12-06,97.259884,97.672351,94.455103,94.950065,42029252
2024-12-09,94.867571,98.786014,93.630168,97.012403,49915134
2024-12-10,99.487209,108.808979,97.342377,106.705394,113251396
2024-12-11,105.839212,110.953811,104.808043,108.520252,72334679
2024-12-12,107.241602,113.139890,105.138017,112.521189,72946581
2024-12-13,109.345187,112.149968,106.746641,106.829134,55175331
2024-12-16,105.674225,109.262694,102.993185,104.148094,40061127
2024-12-17,104.148094,105.715472,96.517442,97.301130,47178806
2024-12-18,98.084819,98.868508,95.197545,98.002326,27917434
2024-12-19,96.146221,100.312145,95.733753,98.868508,25383983
2024-12-20,98.579780,104.478068,97.466118,101.467054,35093924
2024-12-23,98.579780,99.033495,94.661337,94.702584,38149908
2024-12-24,94.867571,96.847416,93.630168,95.486273,20735466
2024-12-25,95.280039,95.280039,88.680555,91.732816,40255916
2024-12-26,92.104037,92.805233,90.412920,90.742894,25170209
2024-12-27,91.279102,92.763986,89.794218,90.082946,22858933
2024-12-30,90.784141,93.712661,88.268088,92.763986,29774297
2024-12-31,92.640245,92.928973,86.659464,86.741957,27266041
2025-01-02,86.783204,87.690633,82.782267,84.514632,23527355
2025-01-03,84.927099,85.422061,79.400032,80.348708,25021116
2025-01-06,80.637435,81.379877,77.791408,78.740084,20213068
2025-01-07,79.193798,80.637435,78.368863,80.554942,16681364
2025-01-08,80.018734,81.462371,77.131460,80.884916,23152164
2025-01-09,80.059981,83.318475,79.977487,82.081072,21436260
2025-01-10,81.916085,83.937177,79.441279,79.482526,18139120
2025-01-13,78.368863,84.349645,77.090213,83.483462,30035376
2025-01-14,83.648450,90.536660,82.534787,90.454167,42098291
2025-01-15,89.587984,90.165439,87.236919,87.814373,22630060
2025-01-16,88.804296,89.711725,85.875775,87.690633,23390407
2025-01-17,86.618217,89.835465,85.999515,88.268088,22828924
2025-01-20,89.381751,91.444089,86.824451,87.319412,20015516
2025-01-21,87.649386,88.804296,87.113178,88.020607,16498486
2025-01-22,86.948191,91.155362,86.948191,87.773127,26709336
2025-01-23,87.855620,91.320349,86.700711,86.824451,25593486
2025-01-24,86.989438,89.629231,86.741957,89.299257,23093034
2025-01-27,89.299257,89.711725,85.215827,85.215827,18117356
2025-02-05,86.535723,90.082946,85.669541,88.350581,24518843
2025-02-06,88.639309,95.733753,87.443152,94.908818,43403953
2025-02-07,94.455103,98.992248,93.423934,95.692506,44231907
2025-02-10,95.898740,98.786014,95.238792,98.249806,35466620
2025-02-11,97.466118,99.280975,95.362532,96.929909,27039416
2025-02-12,97.177390,99.734690,96.228714,98.084819,26814410
2025-02-13,97.796092,98.002326,95.032558,95.073805,24676941
2025-02-14,94.537597,95.445026,93.011466,94.661337,22943200
2025-02-17,93.918895,95.898740,91.939050,92.928973,28663722
2025-02-18,92.763986,95.280039,89.587984,90.412920,29291094
2025-02-19,90.124192,93.382687,89.794218,92.928973,19894416
2025-02-20,92.763986,96.806169,92.104037,96.682429,41066019
2025-02-21,94.867571,98.703521,94.166376,97.589858,39208754
2025-02-24,98.744767,100.023417,95.115052,98.249806,35974561
2025-02-25,96.311208,98.951001,96.228714,96.682429,28622748
2025-02-26,96.723676,97.589858,95.692506,96.434948,24231321
2025-02-27,96.929909,96.929909,91.650323,93.877649,30869356
2025-02-28,93.630168,93.795155,87.360659,87.525646,24442526
2025-03-03,87.814373,89.917959,86.123256,87.278165,18711100
2025-03-04,86.411983,90.949128,86.329490,90.082946,20271773
2025-03-05,91.155362,102.621964,91.155362,98.373546,73515914
2025-03-06,98.414793,101.714535,96.599935,99.982170,57706349
2025-03-07,99.940924,102.168249,97.837338,98.868508,40156442
2025-03-10,98.579780,105.509238,98.579780,102.209496,55281563
2025-03-11,99.817183,104.890536,99.487209,103.116925,42668675
2025-03-12,104.189341,104.519315,101.219574,101.425807,34697745
2025-03-13,101.260820,102.415730,98.084819,99.487209,29809800
2025-03-14,99.404716,101.054586,97.218637,99.652196,26968020
2025-03-17,100.394638,100.559625,98.167313,98.456040,19144799
2025-03-18,98.291053,99.982170,97.466118,98.043572,17746515
2025-03-19,97.878585,97.961079,94.620090,95.156298,23884875
2025-03-20,94.785077,97.424871,94.083882,95.445026,16688912
2025-03-21,95.280039,99.610950,94.537597,97.424871,37958880
2025-03-24,96.723676,98.167313,90.412920,93.052713,34713461
2025-03-25,92.681492,95.610013,91.980297,92.351518,20640145
2025-03-26,91.980297,93.795155,90.866634,91.114115,15575782
2025-03-27,91.114115,93.135207,89.093023,90.742894,16226864
2025-03-28,90.742894,91.774063,88.928036,89.093023,12022864
2025-03-31,88.763049,89.835465,87.071931,88.969283,12709970
2025-04-01,89.464244,91.567829,89.381751,89.876712,13122721
2025-04-02,90.124192,93.836402,88.804296,92.763986,23672622
2025-04-03,91.856557,94.455103,90.041699,90.371673,18995400
2025-04-07,84.597125,87.401906,72.305588,72.305588,35917082
2025-04-08,72.800549,78.616344,72.800549,75.770316,33340099
2025-04-09,74.244186,80.513695,70.944444,79.853747,32641401
2025-04-10,82.081072,83.813437,80.101227,80.183721,26080895
2025-04-11,79.606266,86.618217,79.193798,84.225904,30765964
2025-04-14,85.422061,87.649386,83.524709,84.308398,23079401
2025-04-15,84.349645,86.741957,82.823514,83.730943,14128725
2025-04-16,83.524709,84.060917,80.266214,81.462371,16619000
2025-04-17,80.431202,83.112242,80.348708,80.389955,12441766
2025-04-18,80.843669,82.452293,80.513695,81.132397,14266729
2025-04-21,80.967410,82.906008,80.307461,82.617280,13010960
2025-04-22,82.287306,82.617280,81.256137,81.338630,10965980
2025-04-23,81.998579,83.318475,81.091150,81.503618,12988288
2025-04-24,81.503618,85.669541,78.327616,82.617280,35831541
2025-04-25,81.503618,82.493540,80.513695,80.637435,19366722
2025-04-28,79.936240,80.183721,77.502681,78.162629,17806564
2025-04-29,80.431202,82.287306,80.224968,81.214890,20651462
2025-04-30,81.668605,85.174580,81.256137,84.349645,20344611
2025-05-06,84.308398,88.350581,84.143411,87.938114,22868132
2025-05-07,89.216764,89.835465,87.443152,88.474322,22268073
2025-05-08,88.185594,89.752972,87.443152,89.670478,20642826
2025-05-09,94.290116,96.146221,89.587984,91.320349,46367544
2025-05-12,90.742894,99.569703,90.536660,96.104974,57238813
2025-05-13,94.867571,95.403779,92.062791,92.269024,47064980
2025-05-14,92.104037,92.970220,90.165439,90.701647,24530600
2025-05-15,91.279102,92.104037,88.268088,88.391828,19307679
2025-05-16,88.433075,89.835465,87.608139,87.731880,15086520
2025-05-19,87.443152,88.515568,86.618217,87.979360,15066283
2025-05-20,87.566893,88.309335,86.865698,87.731880,13123260
2025-05-21,87.896867,89.587984,86.618217,86.824451,19755139
2025-05-22,86.329490,88.598062,85.958269,86.535723,16513139
2025-05-23,86.123256,86.948191,84.102164,84.184658,16696048
2025-05-26,84.762112,85.958269,83.895930,85.587048,10905016
2025-05-27,85.504554,87.360659,84.019670,86.948191,20857786
2025-05-28,85.999515,86.741957,84.885853,84.968346,13336200
2025-05-29,85.669541,90.247933,85.174580,88.350581,32363088
2025-05-30,88.639309,90.247933,87.154425,89.422997,28263865
2025-06-03,89.959205,91.897804,88.763049,89.010530,29659626
2025-06-04,90.206686,92.722739,89.134270,89.629231,28114359
2025-06-05,89.629231,93.712661,89.629231,93.423934,44237968
2025-06-06,93.423934,94.743831,91.320349,92.351518,31065307
2025-06-09,93.011466,93.423934,91.155362,91.774063,24054554
2025-06-10,94.950065,95.775000,91.815310,92.887726,44027341
2025-06-11,91.774063,92.186531,90.660400,91.980297,24428618
2025-06-12,91.237855,91.526583,89.711725,89.959205,20519677
2025-06-13,89.752972,90.577907,87.979360,88.226841,20594168
2025-06-16,87.979360,89.711725,87.484399,89.093023,12932280
2025-06-17,89.340504,90.495413,87.896867,90.000452,17723141
2025-06-18,89.216764,90.536660,89.093023,90.206686,13632469
2025-06-19,89.505491,89.917959,86.989438,87.608139,18126355
2025-06-20,87.319412,87.608139,86.082009,86.205749,12868342
2025-06-23,85.628295,88.103101,85.339567,87.855620,12676080
2025-06-24,87.360659,89.381751,86.824451,88.845543,14604200
2025-06-25,88.928036,91.856557,88.804296,91.485336,29497011
2025-06-26,91.485336,93.753908,91.072868,91.897804,29843401
2025-06-27,91.939050,93.465181,91.402842,91.485336,22085868
2025-06-30,91.939050,94.125129,91.526583,93.341441,24330620
2025-07-01,93.052713,93.836402,92.145284,92.640245,20023962
2025-07-02,92.640245,92.805233,90.082946,90.660400,19047874
2025-07-03,91.196608,98.043572,91.114115,93.712661,49704996
2025-07-04,93.300194,93.712661,90.784141,91.031621,27798836
2025-07-07,91.031621,91.732816,89.835465,91.402842,17024437
2025-07-08,90.907881,95.156298,90.371673,94.290116,36539091
2025-07-09,94.125129,94.248869,92.186531,92.475258,18797809
2025-07-10,92.557752,92.722739,91.031621,91.815310,13352576
2025-07-11,91.815310,93.300194,91.526583,92.928973,16719649
2025-07-14,92.928973,93.836402,91.815310,92.392765,14131780
2025-07-15,92.392765,92.928973,90.742894,91.939050,16069000
2025-07-16,91.567829,92.598999,91.031621,91.485336,11463880
2025-07-17,91.526583,93.423934,91.279102,93.135207,18187939
2025-07-18,92.763986,93.836402,92.104037,93.258947,14941788
2025-07-21,93.176453,93.712661,92.557752,93.093960,14474788
2025-07-22,93.093960,94.001389,91.691570,92.475258,19909811
2025-07-23,92.722739,95.486273,90.825388,93.836402,44959615
2025-07-24,93.217700,97.961079,92.434012,96.311208,46146705
2025-07-25,96.269961,97.012403,94.537597,96.682429,28320826
2025-07-28,96.558689,98.827261,95.939987,98.579780,35550636
2025-07-29,98.167313,98.951001,97.548611,98.497287,24530467
2025-07-30,98.992248,100.229651,96.022481,97.136143,34225773
2025-07-31,97.136143,101.219574,96.517442,97.672351,39310402
2025-08-01,98.291053,100.807106,95.816247,99.817183,42570783
2025-08-04,99.198482,102.910691,98.992248,102.663211,42705369
2025-08-05,103.034431,105.426744,101.137080,103.240665,55329052
2025-08-06,102.704457,105.344251,101.962015,104.106847,39945822
2025-08-07,104.106847,112.067474,102.745704,108.932720,67943058
2025-08-08,107.860304,117.965762,107.860304,112.974903,83951009
2025-08-11,114.872254,116.274645,109.592668,110.623837,87734093
2025-08-12,112.191214,112.273708,106.416667,108.520252,65390797
2025-08-13,108.520252,111.655006,107.654070,108.973966,53407750
2025-08-14,108.932720,110.912565,104.601809,104.725549,56375906
2025-08-15,105.509238,110.747577,105.509238,108.726486,57918450
2025-08-18,108.149031,110.871318,106.870381,109.881395,48958050
2025-08-19,110.376357,111.778747,108.066537,108.479005,40582553
2025-08-20,109.015213,111.531266,107.324096,109.922642,47993301
2025-08-21,108.726486,110.128876,106.499160,107.365342,38799488
2025-08-22,107.447836,109.963889,107.035368,109.510174,39402807
2025-08-25,109.510174,124.441505,108.808979,120.481815,103810848
2025-08-26,120.481815,122.544154,117.223320,118.378230,75368520
2025-08-27,116.357138,119.574386,113.057397,113.057397,71418307
2025-08-28,117.553295,119.574386,112.067474,115.903424,79364660
2025-08-29,114.377293,120.358075,114.171059,114.872254,55821268
2025-09-01,114.789761,114.954748,110.582590,111.861240,46853386
2025-09-02,111.160045,111.242539,104.313081,105.096770,48554006
2025-09-03,105.426744,106.210433,100.848353,101.467054,32143706
2025-09-04,101.054586,102.951938,97.919832,98.951001,28814381
2025-09-05,99.487209,101.879522,98.208559,101.137080,23498124
2025-09-08,103.529393,106.664147,101.467054,105.674225,43747857
2025-09-09,105.179264,106.334173,100.600872,100.683366,33821694
2025-09-10,100.188404,104.973030,100.188404,102.704457,26972952
2025-09-11,101.879522,107.117862,101.054586,105.880459,33575123
2025-09-12,105.179264,107.241602,104.271835,104.354328,29120415
2025-09-15,104.024354,104.024354,101.137080,101.467054,24111582
2025-09-16,101.054586,104.973030,100.559625,103.323159,22791003
2025-09-17,102.745704,103.941860,101.632041,102.910691,17875530
2025-09-18,102.828198,105.055523,99.899677,101.095833,31395468
2025-09-19,101.467054,102.498223,98.662274,98.662274,21463021
2025-09-22,97.961079,99.445962,97.424871,98.579780,19160743
2025-09-23,98.497287,98.868508,94.166376,96.641182,25752459
2025-09-24,95.898740,98.456040,95.321285,98.373546,18752423
2025-09-25,98.167313,100.765859,97.631105,99.363469,20697745
2025-09-26,99.033495,99.693443,96.723676,96.764922,15416735
2025-09-29,97.301130,100.023417,96.146221,99.322222,17927053
2025-09-30,99.610950,102.498223,99.363469,102.250743,23039890
2025-10-09,101.673288,105.138017,100.807106,103.570639,25033994
2025-10-10,103.116925,103.446899,100.394638,100.518378,19222559
2025-10-13,96.146221,102.374483,95.898740,101.838275,21146539
2025-10-14,102.745704,105.138017,101.054586,101.714535,27359437
2025-10-15,102.291990,104.560562,100.435885,104.024354,25006799
2025-10-16,103.529393,104.354328,100.930846,103.116925,19274099
2025-10-17,103.116925,106.664147,101.797028,102.044509,38341184
2025-10-20,108.272771,108.272771,100.023417,102.291990,38407237
2025-10-21,102.745704,105.591731,101.879522,102.291990,28345018
2025-10-22,101.095833,102.291990,98.414793,99.322222,24947202
2025-10-23,98.497287,98.909754,94.785077,96.682429,20151512
2025-10-24,101.095833,104.931783,100.229651,102.828198,46084546
2025-10-27,101.095833,104.271835,101.095833,103.900614,34694642
2025-10-28,102.704457,105.797965,102.456977,104.024354,27616925
2025-10-29,103.941860,106.210433,103.488146,105.880459,27309651
2025-10-30,105.591731,109.757655,105.138017,107.035368,45298653
2025-10-31,107.282849,107.406589,105.179264,105.179264,25747708
2025-11-03,104.601809,108.025291,103.653133,107.035368,26826996
2025-11-04,106.334173,106.664147,103.034431,103.611886,20529543
2025-11-05,101.673288,104.065601,101.260820,102.003262,17519667
2025-11-06,102.209496,103.405652,100.518378,102.085756,17496834
2025-11-07,102.085756,109.922642,101.095833,108.272771,55001057
2025-11-10,110.871318,111.283785,107.241602,107.489083,36331285
2025-11-11,107.571576,110.046382,105.715472,106.911628,26713022
2025-11-12,106.169186,112.026227,103.158172,110.170123,42737779
2025-11-13,109.757655,113.222384,108.932720,110.170123,54521598
2025-11-14,108.891473,111.778747,107.654070,110.170123,32057219
2025-11-17,110.170123,113.346124,109.386434,111.737500,36614327
2025-11-18,110.788824,111.077552,107.489083,109.675161,33391217
2025-11-19,109.303940,110.582590,106.829134,107.860304,21077922
2025-11-20,107.860304,111.242539,106.746641,109.056460,27007093
2025-11-21,107.571576,108.479005,102.745704,102.745704,33035900
2025-11-24,104.313081,108.025291,103.199419,106.829134,33147765
2025-11-25,106.622900,112.521189,105.344251,109.716408,45076523
2025-11-26,112.191214,112.809916,107.241602,107.901550,36987442
2025-11-27,106.622900,110.458850,104.849289,108.891473,35620432
2025-11-28,109.551421,112.191214,108.808979,110.953811,40734681
2025-12-01,111.325032,116.315891,110.376357,114.872254,62195151
2025-12-02,113.016150,117.512048,111.448773,114.336046,58878466
2025-12-03,114.913501,137.186757,111.572513,125.802649,165163845
2025-12-04,122.502907,134.464470,121.884205,127.493766,154094504
2025-12-05,129.349871,142.301356,127.411273,138.671641,156110212
2025-12-08,142.301356,149.932009,135.619380,136.650549,177715949
2025-12-09,136.114341,139.702810,132.979586,135.206912,132422616
2025-12-10,132.443378,139.125355,132.154651,135.908107,82668278
2025-12-11,139.867797,146.426033,138.176680,139.579070,116442069
2025-12-12,139.620316,147.663437,136.114341,141.352681,147589766
2025-12-15,141.146447,151.911854,138.877875,147.292216,137985605
2025-12-16,140.321512,141.476421,133.722028,136.774289,110934638
2025-12-17,136.279328,145.188630,135.825614,141.888889,96222843
2025-12-18,140.239018,160.367442,138.712888,147.085982,144157300
2025-12-19,149.478294,155.335336,147.044735,150.303230,110378932
2025-12-22,154.840375,157.933882,148.612112,152.654296,112767213
2025-12-23,152.530555,153.850452,135.495639,136.774289,154247490
2025-12-24,135.248159,148.488372,134.423223,146.797254,120893011
2025-12-25,147.250969,164.368378,145.807332,158.635077,132404222
2025-12-26,157.067700,164.945833,156.242765,161.233624,125152898
2025-12-29,156.737726,168.616796,154.716634,161.728585,102084053
2025-12-30,159.212532,168.286822,157.686402,159.831234,109599634
2025-12-31,159.831234,173.236434,157.975129,171.916537,123123881
2026-01-05,172.947707,187.796544,165.523288,177.773579,131005248
2026-01-06,173.236434,183.754360,169.111757,182.723191,119760570
2026-01-07,176.866150,178.227293,169.895446,171.339083,108453671
2026-01-08,167.049419,183.548126,166.966925,182.558204,118690905
2026-01-09,185.899192,219.061595,180.743346,210.358527,162505854
2026-01-12,220.835207,243.273449,212.008398,229.332041,145612259
2026-01-13,220.670220,239.973708,200.046834,217.164244,147451591
2026-01-14,223.145026,250.656621,218.236660,229.868249,157418573
2026-01-15,219.102842,228.713340,199.964341,203.346576,123683768
2026-01-16,210.358527,219.927778,202.892862,203.429070,92543712
2026-01-19,202.521641,209.533592,196.747093,197.200807,84129910
2026-01-20,202.109173,207.842474,186.105426,189.735142,81016955
2026-01-21,186.352907,190.931298,181.279554,182.516957,75166586
2026-01-22,181.238307,187.177842,178.598514,186.187920,80953817
2026-01-23,187.384076,209.492345,186.682881,202.439147,129504062
2026-01-26,200.418055,200.418055,179.423450,180.330878,100428659
2026-01-27,176.701163,182.269477,174.968798,178.845995,59143925
2026-01-28,179.052229,183.548126,174.803811,176.412435,48902121
2026-01-29,174.061369,183.135659,171.174095,176.164955,58310848
2026-01-30,173.236434,176.494929,167.255652,170.967862,49165941
2026-02-02,171.586563,176.948643,166.966925,167.090665,41249070
2026-02-03,170.596641,175.257526,165.399548,174.803811,55229254
2026-02-04,173.236434,177.031137,169.276744,172.329005,43820317
2026-02-05,169.235497,175.298773,168.286822,170.761628,30776196
2026-02-06,169.647965,175.257526,168.493055,168.534302,38386307
2026-02-09,171.256589,174.556331,169.977939,172.906460,38581413
2026-02-10,173.525161,174.102616,166.100743,168.781783,33347839
2026-02-11,167.791860,173.937629,167.173159,167.420639,35249794
2026-02-12,165.605782,168.823030,164.285885,164.409625,32514877
2026-02-13,164.657106,166.018249,161.027390,161.192377,30012126
2026-02-24,162.512274,166.595704,160.779909,163.130975,29300237
2026-02-25,163.667183,170.349160,162.553521,170.101679,39987003
2026-02-26,169.400484,176.041214,167.090665,173.607655,50168348
2026-02-27,171.669057,178.598514,171.421576,174.968798,44180737
2026-03-02,180.042151,183.960594,174.473837,179.010982,71641896
2026-03-03,183.135659,183.135659,162.759754,162.842248,60225970
2026-03-04,159.913727,166.183236,158.305103,161.439858,29798646
2026-03-05,164.987080,165.812015,155.912791,160.119961,41890741
2026-03-06,157.232687,165.523288,156.778973,161.068637,30071079
2026-03-09,155.912791,158.923805,152.324322,157.892636,32702249
2026-03-10,160.119961,165.193314,159.872481,163.254716,31553681
2026-03-11,163.089729,163.955911,158.346350,158.800064,24887608
2026-03-12,158.428844,159.418766,154.757881,156.036531,19871283
2026-03-13,155.294089,156.448999,149.849515,150.468217,23652167
2026-03-16,150.303230,151.705620,147.498450,151.293152,19040896
2026-03-17,151.994347,153.850452,146.673514,147.003488,17946231
2026-03-18,148.364632,155.087855,146.838501,154.675387,31125742
2026-03-19,150.633204,154.469154,149.643282,150.261983,20930706
2026-03-20,151.540633,151.746867,144.363695,144.569929,20780416
2026-03-23,142.301356,147.044735,137.557978,138.506654,29634012
2026-03-24,141.888889,142.301356,134.711951,139.414083,22366977
2026-03-25,140.527745,143.415019,140.486499,141.435174,19128882
2026-03-26,143.868734,144.322448,138.547900,140.940213,24357488
2026-03-27,137.475484,142.301356,137.063017,140.692732,18477944
2026-03-30,138.589147,147.457203,137.970446,146.632267,32423978
2026-03-31,147.168475,157.067700,146.384787,150.138243,44804483
2026-04-01,152.613049,153.190504,146.302293,149.725775,29467361
2026-04-02,149.684528,154.262920,147.539696,150.303230,28637834
2026-04-03,152.324322,154.551647,140.239018,143.951227,32904758
2026-04-07,144.611176,147.250969,143.043798,144.611176,21502645
2026-04-08,148.900840,153.850452,148.694606,153.809205,34185325
2026-04-09,151.086919,153.602971,149.643282,150.468217,22680997
2026-04-10,151.375646,153.767959,148.529619,148.653359,25357116
2026-04-13,146.426033,151.829360,144.322448,149.107074,22199699
2026-04-14,150.963178,159.707493,149.148320,158.428844,47596082
2026-04-15,159.418766,166.554457,158.758818,161.398611,52682092
2026-04-16,161.398611,164.863340,160.821156,162.099806,30447545
2026-04-17,161.192377,164.904586,159.542506,163.873417,32670880
2026-04-20,162.512274,172.988953,162.182300,172.452745,63640787
2026-04-21,171.009108,178.598514,169.317991,177.567345,59852245
2026-04-22,174.061369,180.330878,171.256589,177.278617,48400774
2026-04-23,176.742409,177.319864,168.740536,170.761628,44343594
2026-04-24,170.060433,171.834044,162.924742,164.492119,34107951
2026-04-27,162.924742,164.368378,158.717571,160.821156,30347218
2026-04-28,155.789050,162.058559,153.149257,158.140116,37646012
2026-04-29,156.572739,160.862403,155.995284,157.356428,22860178
2026-04-30,157.810142,183.053165,157.810142,179.093475,84018300
2026-05-06,177.938566,189.693895,177.361111,185.321738,63402542
2026-05-07,185.321738,192.539922,182.186983,189.281428,55097327
2026-05-08,186.435400,190.147610,185.651712,189.033947,55755589
2026-05-11,190.848805,203.924031,188.827713,198.644444,82104387
2026-05-12,197.159561,197.159561,189.858882,191.797481,48718651
2026-05-13,190.890052,193.364858,188.002778,189.075194,37653494
2026-05-14,189.281428,190.807558,179.877164,179.959658,43762798
2026-05-15,180.495866,181.485788,173.607655,175.834981,32941188
2026-05-18,175.917474,183.878101,175.711240,176.948643,34889230
2026-05-19,176.577422,176.783656,168.781783,172.329005,32075556
2026-05-20,169.235497,171.999031,167.668120,170.761628,23969356
2026-05-21,171.256589,173.566408,162.965988,163.337209,33758902
2026-05-22,165.894509,166.224483,160.367442,165.729522,22160852
2026-05-25,168.658043,168.658043,161.439858,163.625937,30142695
2026-05-26,162.099806,162.883495,151.128165,153.974192,34311497
2026-05-27,157.026453,157.768895,147.704683,149.230814,25260593
2026-05-28,149.395801,154.469154,146.962242,150.756944,25147484
2026-05-29,150.756944,150.839438,137.021770,138.712888,38747749
2026-06-01,139.042862,139.744057,132.649612,132.814599,30965464
2026-06-02,134.711951,141.393928,129.226130,138.341667,40990870
2026-06-03,138.382913,150.096996,136.939276,145.889825,44581610
2026-06-04,143.992474,148.488372,142.590084,143.827487,24399849
2026-06-05,150.344477,158.016376,146.426033,152.365568,53586464
2026-06-08,148.818346,158.717571,146.673514,146.879748,46983141
2026-06-09,148.694606,152.613049,143.250032,152.118088,33358272
2026-06-10,156.242765,163.213469,153.396738,153.932946,42754202
2026-06-11,152.324322,157.562661,147.250969,156.242765,37967344
2026-06-12,160.862403,161.893572,150.138243,151.210659,39596795
2026-06-15,151.458139,151.788114,144.817409,148.983333,31317529
2026-06-16,151.953101,154.345413,145.106137,145.188630,32083884
2026-06-17,148.694606,166.801938,148.694606,160.284948,67263231
2026-06-18,155.541570,172.411499,155.541570,168.699289,56238000
2026-06-22,168.699289,171.132849,158.800064,164.162145,46336378
2026-06-23,161.687338,170.885368,158.800064,163.543443,36214792
2026-06-24,163.543443,174.556331,159.171285,171.999031,51265634
2026-06-25,169.647965,171.834044,162.636014,166.801938,42415445
2026-06-26,163.337209,193.364858,162.182300,186.641634,87189819
2026-06-29,185.692959,188.167765,178.557267,181.073320,46642725
2026-06-30,186.022933,191.096285,183.011918,188.291505,50732832
2026-07-01,185.197997,190.395090,182.021996,188.580232,48802612
2026-07-02,185.033010,189.817636,181.032074,181.485788,41384916
2026-07-03,181.568282,195.922157,181.568282,191.385013,58236364
2026-07-06,194.272287,196.252132,169.771705,170.019186,60443223
2026-07-07,172.493992,177.814825,167.131912,171.132849,32568140
2026-07-08,169.153004,179.794670,164.450872,164.574612,39287657
2026-07-09,165.440794,177.691085,162.306040,176.206201,40796709
2026-07-10,175.175032,205.986369,170.349160,187.384076,94725193
2026-07-13,183.713114,185.569218,159.212532,164.780846,60256544
2026-07-14,161.728585,164.120898,146.756008,151.540633,47104628
2026-07-15,151.664373,155.087855,146.797254,147.745930,30276207
2026-07-16,144.569929,150.303230,139.785304,140.857720,26199520
2026-07-17,139.826550,141.476421,124.771479,124.771479,35524474
2026-07-20,129.721092,130.587274,113.511111,118.048256,36003370
2026-07-21,119.615633,123.534076,108.272771,122.791634,41537013
2026-07-22,121.265504,124.771479,118.873191,120.028101,31890572
2026-07-23,119.615633,122.090439,117.965762,119.491893,21334911
2026-07-24,117.099580,119.368152,113.222384,113.222384,20143420
2026-07-27,116.315891,125.761402,115.490956,123.121608,33528699
2026-07-28,122.007946,125.101453,117.058333,118.130749,21493894
2026-07-29,119.244412,120.028101,113.964826,119.821867,23443389
2026-07-30,119.574386,121.183010,113.717345,114.583527,19910627
2026-07-31,119.945607,124.441505,118.790698,119.863114,26194072
2026-08-03,119.821867,125.390181,118.460723,123.699063,24488033
2026-08-04,125.472674,128.896156,123.451583,127.246285,24610449
2026-08-05,127.370026,134.010756,126.668831,132.319638,28028192
2026-08-06,130.669767,135.454393,129.968572,132.484625,23877547
2026-08-07,133.639535,136.568055,130.587274,135.825614,28505865
2026-08-10,138.135433,138.135433,130.381040,136.650549,29573448
2026-08-11,129.349871,131.164729,126.586337,128.318701,35580758
2026-08-12,127.947481,131.824677,127.122545,130.793508,22557189
2026-08-13,132.402132,135.289406,130.628521,130.669767,21509329
2026-08-14,131.659690,133.639535,128.483689,133.227067,17671405
