date,open,high,low,close,volume
2017-06-16,9.770000,9.840000,9.760000,9.830000,103600
2017-06-19,9.800000,9.810000,9.780000,9.790000,50600
2017-06-20,9.770000,9.770000,9.710000,9.740000,91000
2017-06-21,9.600000,9.600000,9.440000,9.470000,510800
2017-06-22,9.350000,9.350000,9.250000,9.280000,408216
2017-06-23,9.370000,9.400000,9.350000,9.350000,150400
2017-06-26,9.470000,9.550000,9.470000,9.530000,233600
2017-06-27,9.500000,9.560000,9.490000,9.560000,60200
2017-06-28,9.630000,9.670000,9.570000,9.590000,252000
2017-06-29,9.690000,9.900000,9.690000,9.880000,274800
2017-06-30,9.860000,9.900000,9.860000,9.890000,133400
2017-07-03,10.080000,10.120000,10.060000,10.080000,496200
2017-07-04,10.200000,10.240000,10.180000,10.220000,471400
2017-07-05,10.260000,10.260000,10.220000,10.260000,445600
2017-07-06,10.160000,10.160000,9.850000,9.910000,815200
2017-07-07,9.770000,9.820000,9.750000,9.750000,179800
2017-07-10,9.640000,9.730000,9.620000,9.630000,125400
2017-07-11,9.650000,10.280000,9.650000,9.690000,122000
2017-07-12,9.940000,10.000000,9.940000,10.000000,246200
2017-07-13,9.880000,9.890000,9.850000,9.860000,36000
2017-07-14,10.000000,10.020000,9.990000,10.000000,57200
2017-07-17,10.140000,10.180000,10.120000,10.180000,411216
2017-07-18,10.020000,10.040000,10.000000,10.000000,226400
2017-07-19,10.060000,10.080000,10.060000,10.080000,43600
2017-07-20,10.220000,10.240000,10.220000,10.220000,196400
2017-07-21,10.160000,10.180000,10.140000,10.180000,37800
2017-07-24,9.900000,9.930000,9.850000,9.880000,146000
2017-07-25,10.100000,10.100000,10.080000,10.080000,103000
2017-07-26,10.300000,10.500000,10.300000,10.480000,692200
2017-07-27,10.500000,10.560000,10.500000,10.500000,252000
2017-07-28,10.560000,10.600000,10.560000,10.600000,351200
2017-07-31,10.740000,10.780000,10.740000,10.780000,167000
2017-08-01,10.800000,10.880000,10.800000,10.860000,308600
2017-08-02,10.580000,10.580000,10.520000,10.520000,46400
2017-08-03,10.680000,10.680000,10.640000,10.640000,27600
2017-08-04,10.540000,10.560000,10.520000,10.520000,67600
2017-08-07,10.680000,10.700000,10.640000,10.640000,143600
2017-08-08,10.620000,10.720000,10.620000,10.720000,168800
2017-08-09,10.600000,10.600000,10.560000,10.600000,66200
2017-08-10,10.680000,10.740000,10.680000,10.740000,41400
2017-08-11,10.480000,10.500000,10.380000,10.400000,97200
2017-08-14,10.500000,10.540000,10.500000,10.500000,45400
2017-08-15,10.320000,10.320000,10.240000,10.240000,45800
2017-08-16,10.280000,10.340000,10.280000,10.340000,13000
2017-08-17,10.140000,10.260000,10.100000,10.120000,110200
2017-08-18,10.180000,10.220000,10.160000,10.220000,146400
2017-08-21,10.460000,10.480000,10.440000,10.440000,72400
2017-08-22,10.280000,10.300000,10.260000,10.300000,13800
2017-08-23,10.300000,10.300000,10.300000,10.300000,0
2017-08-24,10.380000,10.400000,10.380000,10.400000,19800
2017-08-25,10.280000,10.300000,10.280000,10.280000,42200
2017-08-28,10.280000,10.280000,10.200000,10.200000,199800
2017-08-29,10.100000,10.100000,10.060000,10.080000,198400
2017-08-30,10.020000,10.020000,9.980000,9.980000,162000
2017-08-31,9.920000,10.000000,9.900000,9.900000,131600
2017-09-01,10.140000,10.140000,10.100000,10.100000,51200
2017-09-04,10.200000,10.220000,10.180000,10.180000,139800
2017-09-05,10.220000,10.240000,10.200000,10.240000,37400
2017-09-06,10.380000,10.500000,10.380000,10.500000,160800
2017-09-07,10.560000,10.620000,10.540000,10.620000,349400
2017-09-08,10.600000,10.600000,10.540000,10.540000,34200
2017-09-11,10.320000,10.320000,10.280000,10.280000,62400
2017-09-12,10.280000,10.360000,10.280000,10.360000,168400
2017-09-13,10.380000,10.380000,10.380000,10.380000,121800
2017-09-14,10.400000,10.600000,10.400000,10.580000,195200
2017-09-15,10.700000,10.700000,10.640000,10.640000,128600
2017-09-18,10.720000,10.800000,10.720000,10.800000,96600
2017-09-19,10.720000,10.800000,10.700000,10.780000,166000
2017-09-20,10.700000,10.700000,10.680000,10.720000,52200
2017-09-21,10.780000,10.820000,10.760000,10.760000,82400
2017-09-22,10.780000,10.780000,10.760000,10.780000,55600
2017-09-25,10.760000,10.760000,10.720000,10.740000,110000
2017-09-26,10.960000,11.140000,10.960000,11.060000,299000
2017-09-27,11.100000,11.140000,11.080000,11.100000,107800
2017-09-28,11.100000,11.100000,11.040000,11.060000,147800
2017-09-29,10.960000,10.980000,10.920000,10.960000,125400
2017-10-03,10.740000,10.780000,10.720000,10.780000,18400
2017-10-04,10.660000,10.700000,10.660000,10.700000,26000
2017-10-06,10.800000,10.820000,10.760000,10.760000,13400
2017-10-09,10.540000,10.560000,10.520000,10.560000,29600
2017-10-10,10.540000,10.600000,10.540000,10.600000,65000
2017-10-11,10.840000,10.880000,10.840000,10.880000,22000
2017-10-12,10.880000,10.880000,10.820000,10.840000,16000
2017-10-13,10.820000,10.920000,10.820000,10.880000,29600
2017-10-16,11.000000,11.080000,11.000000,11.060000,36800
2017-10-17,10.980000,11.040000,10.960000,11.040000,27000
2017-10-18,11.040000,11.080000,11.040000,11.060000,24400
2017-10-19,11.060000,11.060000,10.960000,10.980000,54200
2017-10-20,10.880000,10.920000,10.880000,10.920000,4800
2017-10-23,11.000000,11.020000,10.900000,11.020000,12200
2017-10-24,10.980000,11.000000,10.980000,10.960000,7000
2017-10-25,11.060000,11.080000,11.060000,11.060000,9000
2017-10-26,11.020000,11.020000,11.020000,11.000000,2000
2017-10-27,11.120000,11.120000,11.100000,11.120000,53800
2017-10-30,11.220000,11.420000,11.220000,11.420000,223800
2017-10-31,11.400000,11.420000,11.400000,11.420000,12000
2017-11-01,11.440000,11.600000,11.440000,11.600000,181400
2017-11-02,11.600000,11.600000,11.440000,11.460000,5000
2017-11-03,11.600000,11.600000,11.540000,11.540000,25000
2017-11-06,11.780000,11.880000,11.740000,11.880000,109200
2017-11-07,12.020000,12.120000,12.020000,12.080000,91600
2017-11-08,12.080000,12.080000,11.980000,12.000000,460000
2017-11-09,12.000000,12.020000,11.980000,11.980000,663000
2017-11-10,12.000000,12.060000,12.000000,12.040000,35800
2017-11-13,11.980000,11.980000,11.960000,11.960000,10600
2017-11-14,11.920000,11.920000,11.920000,11.920000,1130200
2017-11-15,11.660000,11.660000,11.580000,11.600000,26000
2017-11-16,11.680000,11.700000,11.640000,11.700000,25000
2017-11-17,11.680000,11.680000,11.620000,11.640000,1000
2017-11-20,11.900000,11.940000,11.880000,11.880000,20000
2017-11-21,11.840000,11.900000,11.820000,11.900000,533800
2017-11-22,12.000000,12.200000,12.000000,12.180000,32600
2017-11-23,12.180000,12.180000,12.140000,12.140000,23000
2017-11-24,12.240000,12.300000,12.240000,12.280000,23800
2017-11-27,12.280000,12.320000,12.260000,12.280000,114200
2017-11-28,12.120000,12.140000,12.100000,12.140000,17200
2017-11-29,12.100000,12.120000,12.100000,12.120000,61000
2017-11-30,12.020000,12.080000,12.020000,12.080000,15800
2017-12-01,12.100000,12.100000,12.100000,12.100000,0
2017-12-04,12.200000,12.200000,12.140000,12.160000,5600
2017-12-05,12.060000,12.060000,12.060000,12.040000,1000
2017-12-06,12.060000,12.060000,12.020000,12.040000,8200
2017-12-07,11.900000,11.900000,11.740000,11.740000,32800
2017-12-08,11.860000,11.900000,11.860000,11.880000,305000
2017-12-11,12.000000,12.020000,12.000000,12.020000,16200
2017-12-12,12.180000,12.240000,12.180000,12.240000,17000
2017-12-13,12.080000,12.080000,12.080000,12.080000,2400
2017-12-14,11.920000,11.920000,11.880000,11.900000,37000
2017-12-15,11.980000,12.040000,11.980000,12.040000,12400
2017-12-18,12.040000,12.080000,12.020000,12.080000,109800
2017-12-19,12.060000,12.060000,12.060000,12.060000,0
2017-12-20,12.080000,12.100000,12.080000,12.100000,30400
2017-12-21,12.140000,12.180000,12.140000,12.180000,13400
2017-12-22,12.200000,12.200000,12.180000,12.200000,7400
2017-12-27,12.480000,12.540000,12.480000,12.540000,44000
2017-12-28,12.520000,12.560000,12.500000,12.540000,25200
2017-12-29,12.580000,12.660000,12.580000,12.600000,22000
2018-01-02,12.700000,12.700000,12.700000,12.700000,11600
2018-01-03,12.680000,12.680000,12.640000,12.640000,15800
2018-01-04,12.940000,13.040000,12.940000,13.040000,46800
2018-01-05,13.020000,13.020000,12.960000,12.960000,13600
2018-01-08,12.860000,12.940000,12.860000,12.920000,9800
2018-01-09,13.000000,13.040000,13.000000,13.020000,28400
2018-01-10,13.320000,13.320000,13.280000,13.300000,41600
2018-01-11,13.300000,13.300000,13.260000,13.280000,25400
2018-01-12,13.300000,13.360000,13.280000,13.280000,149000
2018-01-15,13.800000,13.800000,13.480000,13.480000,55600
2018-01-16,13.520000,13.520000,13.480000,13.480000,50000
2018-01-17,13.400000,13.400000,13.300000,13.340000,9800
2018-01-18,13.420000,13.460000,13.420000,13.420000,65200
2018-01-19,13.220000,13.220000,13.220000,13.220000,0
2018-01-22,13.260000,13.300000,13.260000,13.300000,48400
2018-01-23,13.400000,13.400000,13.400000,13.400000,0
2018-01-24,13.500000,13.540000,13.460000,13.520000,49800
2018-01-25,13.820000,13.900000,13.820000,13.880000,116200
2018-01-26,13.740000,13.780000,13.680000,13.760000,73600
2018-01-29,13.880000,13.940000,13.880000,13.920000,22600
2018-01-30,13.680000,13.680000,13.580000,13.600000,79800
2018-01-31,13.420000,13.440000,13.380000,13.440000,19600
2018-02-01,13.580000,13.580000,13.560000,13.560000,11600
2018-02-02,13.840000,13.880000,13.840000,13.880000,62200
2018-02-05,13.580000,13.620000,13.560000,13.600000,77000
2018-02-06,13.040000,13.440000,13.000000,13.340000,473600
2018-02-07,13.380000,13.460000,13.360000,13.380000,366800
2018-02-08,12.900000,12.940000,12.860000,12.920000,235200
2018-02-09,12.720000,12.720000,12.660000,12.680000,303800
2018-02-12,12.500000,12.580000,12.500000,12.560000,105800
2018-02-13,12.500000,12.520000,12.440000,12.520000,54000
2018-02-14,12.440000,12.440000,12.400000,12.400000,95000
2018-02-15,12.800000,12.880000,12.800000,12.880000,10600
2018-02-20,13.080000,13.120000,13.080000,13.080000,121800
2018-02-21,12.900000,12.900000,12.840000,12.840000,13400
2018-02-22,12.800000,12.860000,12.800000,12.820000,59800
2018-02-23,13.180000,13.220000,13.180000,13.220000,26200
2018-02-26,13.360000,13.440000,13.360000,13.400000,14000
2018-02-27,13.440000,13.440000,13.400000,13.420000,18600
2018-02-28,13.180000,13.180000,13.180000,13.180000,600
2018-03-01,13.000000,13.000000,12.940000,12.980000,8200
2018-03-02,12.900000,12.900000,12.800000,12.800000,41800
2018-03-05,12.920000,12.920000,12.920000,12.920000,5000
2018-03-06,13.020000,13.180000,13.020000,13.180000,33200
2018-03-07,13.040000,13.080000,13.040000,13.060000,15800
2018-03-08,12.940000,12.940000,12.880000,12.880000,12000
2018-03-09,12.760000,12.760000,12.680000,12.700000,43000
2018-03-12,13.060000,13.060000,13.040000,13.040000,15800
2018-03-13,12.860000,12.900000,12.860000,12.880000,1600
2018-03-14,12.800000,12.800000,12.760000,12.760000,800
2018-03-15,12.840000,12.880000,12.840000,12.880000,5000
2018-03-16,12.900000,12.900000,12.900000,12.900000,7200
2018-03-19,13.040000,13.080000,13.040000,13.080000,10600
2018-03-20,13.120000,13.180000,13.120000,13.180000,31000
2018-03-21,13.400000,13.400000,13.360000,13.380000,85000
2018-03-22,13.720000,13.720000,13.700000,13.700000,23200
2018-03-23,13.660000,13.680000,13.640000,13.680000,80200
2018-03-26,13.880000,13.920000,13.760000,13.760000,81000
2018-03-27,13.840000,13.880000,13.800000,13.820000,115200
2018-03-28,13.660000,13.680000,13.580000,13.580000,142600
2018-03-29,13.620000,13.620000,13.600000,13.600000,15600
2018-04-03,13.320000,13.320000,13.240000,13.280000,266200
2018-04-04,13.340000,13.340000,13.260000,13.300000,151600
2018-04-06,13.280000,13.280000,13.280000,13.280000,0
2018-04-09,13.120000,13.120000,13.040000,13.100000,175200
2018-04-10,13.340000,13.480000,13.340000,13.480000,101600
2018-04-11,13.740000,13.760000,13.680000,13.700000,97000
2018-04-12,14.040000,14.120000,13.980000,14.020000,23400
2018-04-13,14.020000,14.080000,14.020000,14.080000,618800
2018-04-16,14.060000,14.060000,13.960000,13.960000,459400
2018-04-17,9.100000,14.000000,9.100000,13.960000,18000
2018-04-18,14.060000,14.120000,14.000000,14.080000,39600
2018-04-19,14.420000,14.540000,14.400000,14.520000,71800
2018-04-20,14.320000,14.380000,14.280000,14.320000,46200
2018-04-23,14.280000,14.360000,14.280000,14.320000,12200
2018-04-24,14.420000,14.540000,14.420000,14.540000,17600
2018-04-25,14.480000,14.480000,14.180000,14.220000,375200
2018-04-26,14.340000,14.380000,14.300000,14.320000,130800
2018-04-27,14.300000,14.300000,14.260000,14.260000,36000
2018-04-30,14.240000,14.260000,14.160000,14.160000,99600
2018-05-02,14.180000,14.240000,14.160000,14.240000,28800
2018-05-03,14.240000,14.240000,14.240000,14.280000,4800
2018-05-04,14.380000,14.380000,14.340000,14.340000,31000
2018-05-07,14.340000,14.800000,14.340000,14.740000,190800
2018-05-08,14.720000,14.740000,14.680000,14.680000,33400
2018-05-09,14.800000,14.920000,14.800000,14.860000,35400
2018-05-10,15.020000,15.060000,15.020000,15.020000,12800
2018-05-11,14.960000,15.000000,14.940000,14.960000,21200
2018-05-14,14.840000,14.840000,14.780000,14.780000,74600
2018-05-15,14.900000,14.940000,14.900000,14.900000,14400
2018-05-16,14.920000,14.920000,14.920000,14.920000,1400
2018-05-17,15.040000,15.100000,15.040000,15.100000,10000
2018-05-18,15.080000,15.080000,15.040000,15.080000,8000
2018-05-21,15.100000,15.100000,15.060000,15.060000,21200
2018-05-23,15.100000,15.140000,15.060000,15.060000,296600
2018-05-24,15.040000,15.060000,15.040000,15.060000,1600
2018-05-25,14.820000,14.820000,14.760000,14.760000,41200
2018-05-28,13.940000,14.040000,13.820000,14.000000,202000
2018-05-29,14.040000,14.060000,14.000000,14.020000,26600
2018-05-30,13.980000,13.980000,13.940000,14.040000,9200
2018-05-31,14.260000,14.300000,14.260000,14.300000,57200
2018-06-01,14.060000,14.060000,14.060000,14.060000,0
2018-06-04,13.800000,13.840000,13.800000,13.820000,31200
2018-06-05,13.780000,13.780000,13.640000,13.700000,40600
2018-06-06,13.840000,13.840000,13.800000,13.800000,35800
2018-06-07,13.640000,13.640000,13.640000,13.640000,0
2018-06-08,12.500000,13.860000,12.500000,13.780000,55400
2018-06-11,13.760000,13.760000,13.760000,13.760000,3800
2018-06-12,13.900000,13.960000,13.880000,13.960000,34400
2018-06-13,13.900000,13.900000,13.820000,13.840000,15000
2018-06-14,13.980000,13.980000,13.940000,13.980000,21000
2018-06-15,14.020000,14.020000,14.020000,14.020000,0
2018-06-19,13.740000,13.820000,13.700000,13.700000,16200
2018-06-20,13.640000,13.740000,13.640000,13.720000,18000
2018-06-21,13.740000,13.800000,13.720000,13.700000,8800
2018-06-22,13.920000,13.960000,13.920000,13.920000,27400
2018-06-25,14.380000,14.420000,14.340000,14.420000,65400
2018-06-26,14.320000,14.320000,14.320000,14.340000,8800
2018-06-27,14.840000,14.900000,14.840000,14.860000,36000
2018-06-28,14.900000,15.260000,14.900000,15.260000,68600
2018-06-29,15.380000,15.380000,15.340000,15.340000,27200
2018-07-03,15.320000,15.680000,15.320000,15.680000,36000
2018-07-04,15.660000,15.660000,15.600000,15.500000,19400
2018-07-05,15.500000,15.600000,15.480000,15.560000,86600
2018-07-06,15.260000,15.360000,15.260000,15.360000,93800
2018-07-09,15.520000,15.560000,15.500000,15.480000,60000
2018-07-10,15.540000,15.640000,15.520000,15.560000,92200
2018-07-11,15.400000,15.500000,15.380000,15.460000,12200
2018-07-12,15.480000,15.480000,14.800000,14.880000,116800
2018-07-13,14.800000,14.860000,14.780000,14.780000,17200
2018-07-16,14.920000,14.920000,14.840000,14.840000,17200
2018-07-17,14.380000,14.380000,14.300000,14.380000,41200
2018-07-18,14.300000,14.300000,14.280000,14.280000,19800
2018-07-19,14.500000,14.500000,14.400000,14.400000,65400
2018-07-20,14.560000,14.640000,14.540000,14.660000,33200
2018-07-23,14.560000,14.560000,14.560000,14.580000,9000
2018-07-24,14.500000,14.540000,14.480000,14.520000,9400
2018-07-25,14.700000,14.720000,14.700000,14.700000,13400
2018-07-26,14.860000,14.860000,14.860000,14.860000,0
2018-07-27,14.900000,14.920000,14.880000,14.880000,18000
2018-07-30,14.780000,14.820000,14.760000,14.820000,8600
2018-07-31,14.980000,15.000000,14.920000,14.920000,14800
2018-08-01,14.640000,14.660000,14.600000,14.600000,15600
2018-08-02,14.600000,14.600000,14.460000,14.460000,39600
2018-08-03,14.720000,14.820000,14.720000,14.720000,16800
2018-08-06,14.660000,14.740000,14.660000,14.720000,17600
2018-08-07,14.720000,14.820000,14.720000,14.820000,47000
2018-08-08,14.820000,14.820000,14.820000,14.820000,0
2018-08-09,14.380000,14.380000,14.260000,14.260000,143000
2018-08-10,14.300000,14.300000,14.140000,14.160000,17000
2018-08-13,14.460000,14.480000,14.440000,14.440000,64200
2018-08-14,14.460000,14.500000,14.420000,14.500000,29400
2018-08-15,14.260000,14.260000,14.240000,14.260000,14200
2018-08-16,13.900000,13.940000,13.880000,13.920000,12400
2018-08-17,14.000000,14.020000,14.000000,14.020000,13400
2018-08-20,14.120000,14.120000,14.120000,14.120000,200
2018-08-21,14.160000,14.160000,14.120000,14.120000,14600
2018-08-22,14.300000,14.300000,14.260000,14.300000,23800
2018-08-23,14.640000,14.660000,14.620000,14.620000,21000
2018-08-24,14.680000,14.800000,14.680000,14.800000,16800
2018-08-27,14.800000,14.800000,14.780000,14.780000,2200
2018-08-28,14.880000,14.880000,14.880000,14.880000,0
2018-08-29,14.880000,14.880000,14.880000,14.880000,0
2018-08-30,15.280000,15.280000,15.000000,15.100000,32800
2018-08-31,15.140000,15.180000,15.140000,15.160000,16800
2018-09-03,15.060000,15.060000,15.020000,15.060000,9800
2018-09-04,15.100000,15.240000,15.100000,15.260000,29400
2018-09-05,15.000000,15.000000,14.900000,14.900000,18800
2018-09-06,14.820000,14.820000,14.820000,14.820000,10000
2018-09-07,14.640000,14.640000,14.620000,14.680000,9200
2018-09-10,14.720000,14.780000,14.720000,14.740000,13200
2018-09-11,14.620000,14.620000,14.620000,14.620000,1000
2018-09-12,15.040000,15.080000,15.040000,15.080000,42800
2018-09-13,15.100000,15.100000,15.080000,15.080000,6200
2018-09-14,14.900000,14.900000,14.900000,14.900000,5400
2018-09-17,14.900000,14.940000,14.900000,14.940000,9000
2018-09-18,14.840000,14.860000,14.820000,14.820000,14800
2018-09-19,15.060000,15.100000,15.060000,15.100000,23400
2018-09-20,15.440000,15.440000,15.380000,15.400000,39800
2018-09-21,15.180000,15.200000,15.160000,15.200000,248800
2018-09-24,15.440000,15.560000,15.440000,15.540000,52200
2018-09-26,15.640000,15.660000,15.620000,15.660000,92000
2018-09-27,15.680000,15.680000,15.680000,15.680000,0
2018-09-28,15.640000,15.640000,15.640000,15.640000,0
2018-10-02,16.360001,16.420000,16.340000,16.379999,66400
2018-10-03,16.260000,16.320000,16.260000,16.299999,110800
2018-10-04,16.440001,16.540001,16.440001,16.540001,7800
2018-10-05,16.160000,16.219999,16.160000,16.180000,24600
2018-10-08,15.920000,15.960000,15.900000,15.900000,8400
2018-10-09,16.100000,16.200001,16.059999,16.200001,25000
2018-10-10,16.180000,16.180000,16.180000,16.180000,0
2018-10-11,15.620000,15.680000,15.540000,15.640000,136200
2018-10-12,15.420000,15.520000,15.400000,15.520000,43800
2018-10-15,15.620000,15.620000,15.480000,15.460000,23000
2018-10-16,15.560000,15.600000,15.440000,15.440000,23000
2018-10-18,15.120000,15.120000,15.080000,15.120000,6400
2018-10-19,14.980000,14.980000,14.940000,14.940000,15600
2018-10-22,15.100000,15.140000,15.100000,15.140000,12000
2018-10-23,15.000000,15.000000,14.980000,14.980000,2400
2018-10-24,14.360000,14.460000,14.360000,14.420000,226800
2018-10-25,14.320000,14.420000,14.320000,14.420000,24000
2018-10-26,14.500000,14.500000,14.460000,14.460000,23000
2018-10-29,14.660000,14.700000,14.620000,14.620000,19200
2018-10-30,14.540000,14.540000,14.540000,14.540000,0
2018-10-31,14.380000,14.500000,14.380000,14.480000,17400
2018-11-01,14.100000,14.140000,14.080000,14.100000,33600
2018-11-02,13.740000,13.860000,13.700000,13.780000,50400
2018-11-05,13.640000,13.680000,13.560000,13.680000,534200
2018-11-06,13.680000,13.680000,13.640000,13.660000,55800
2018-11-07,13.700000,13.700000,13.420000,13.500000,440000
2018-11-08,13.440000,13.500000,13.420000,13.500000,372800
2018-11-09,13.480000,13.480000,13.140000,13.160000,283200
2018-11-12,13.160000,13.340000,13.160000,13.340000,215000
2018-11-13,13.020000,13.020000,12.820000,12.920000,268800
2018-11-14,12.500000,12.500000,12.020000,12.140000,401000
2018-11-15,12.220000,12.260000,12.140000,12.240000,125000
2018-11-16,12.320000,12.400000,12.320000,12.440000,139200
2018-11-19,12.480000,12.480000,12.380000,12.440000,31000
2018-11-20,12.400000,12.400000,12.300000,12.340000,114000
2018-11-21,11.820000,11.820000,11.700000,11.820000,343600
2018-11-22,11.820000,11.820000,11.800000,11.800000,9200
2018-11-23,11.740000,11.740000,11.500000,11.580000,227000
2018-11-26,11.200000,11.200000,10.960000,11.100000,464000
2018-11-27,11.100000,11.200000,11.080000,11.160000,61600
2018-11-28,11.220000,11.440000,11.220000,11.380000,228600
2018-11-29,11.140000,11.440000,10.960000,11.020000,254800
2018-11-30,11.200000,11.260000,11.180000,11.220000,83200
2018-12-03,11.480000,11.700000,11.460000,11.680000,439000
2018-12-04,11.640000,11.680000,11.620000,11.660000,134000
2018-12-05,11.680000,11.680000,11.340000,11.420000,90600
2018-12-06,11.420000,11.580000,11.340000,11.500000,112600
2018-12-07,11.140000,11.160000,11.080000,11.120000,181400
2018-12-10,11.400000,11.460000,11.360000,11.400000,52600
2018-12-11,11.140000,11.140000,11.060000,11.080000,86200
2018-12-12,11.300000,11.320000,11.280000,11.300000,125400
2018-12-13,11.160000,11.180000,11.080000,11.140000,54800
2018-12-14,11.380000,11.400000,11.280000,11.280000,117000
2018-12-17,11.180000,11.180000,11.120000,11.120000,183400
2018-12-18,11.000000,11.000000,10.600000,10.620000,481600
2018-12-19,10.120000,10.240000,10.040000,10.120000,1208800
2018-12-20,10.340000,10.340000,10.180000,10.240000,154000
2018-12-21,10.040000,10.140000,9.990000,10.040000,208200
2018-12-24,10.040000,10.040000,10.040000,10.040000,0
2018-12-27,9.940000,10.040000,9.890000,9.910000,101400
2018-12-28,9.960000,9.960000,9.860000,9.920000,48200
2018-12-31,9.910000,9.910000,9.820000,9.890000,74600
2019-01-02,9.940000,9.940000,9.680000,9.710000,142600
2019-01-03,9.970000,9.970000,9.820000,9.840000,220000
2019-01-04,10.180000,10.360000,10.100000,10.360000,156800
2019-01-07,10.500000,10.600000,10.480000,10.600000,90800
2019-01-08,10.560000,10.560000,10.460000,10.480000,42200
2019-01-09,10.820000,10.920000,10.820000,10.920000,127000
2019-01-10,11.000000,11.240000,11.000000,11.140000,152200
2019-01-11,11.240000,11.380000,11.220000,11.380000,687000
2019-01-14,11.120000,11.120000,10.940000,10.960000,63200
2019-01-15,10.980000,11.040000,10.980000,11.020000,29200
2019-01-16,11.120000,11.260000,11.120000,11.220000,120400
2019-01-17,11.180000,11.180000,11.180000,11.180000,0
2019-01-18,11.280000,11.340000,11.280000,11.300000,66200
2019-01-21,11.460000,11.640000,11.460000,11.560000,106000
2019-01-22,11.560000,11.560000,11.420000,11.460000,75000
2019-01-23,11.380000,11.380000,11.360000,11.380000,49800
2019-01-24,11.220000,11.220000,11.220000,11.220000,0
2019-01-25,11.440000,11.540000,11.440000,11.520000,87400
2019-01-28,11.500000,11.500000,11.360000,11.360000,12400
2019-01-29,11.200000,11.220000,11.160000,11.160000,28600
2019-01-30,11.200000,11.440000,11.160000,11.440000,105000
2019-01-31,11.620000,11.720000,11.620000,11.660000,65800
2019-02-01,11.540000,11.540000,11.480000,11.480000,14600
2019-02-04,11.740000,11.840000,11.740000,11.800000,102800
2019-02-08,11.680000,11.700000,11.120000,11.140000,110600
2019-02-11,11.160000,11.180000,11.120000,11.160000,117600
2019-02-12,11.160000,11.300000,11.160000,11.260000,68000
2019-02-13,11.480000,11.520000,11.480000,11.500000,109800
2019-02-14,11.640000,11.680000,11.600000,11.680000,213600
2019-02-15,11.700000,11.700000,11.600000,11.600000,245200
2019-02-18,11.800000,12.000000,11.800000,12.000000,82800
2019-02-19,11.860000,11.920000,11.860000,11.940000,34200
2019-02-20,11.920000,12.000000,11.920000,12.000000,62400
2019-02-21,12.060000,12.200000,12.060000,12.180000,59800
2019-02-22,12.040000,12.140000,12.040000,12.140000,97400
2019-02-25,12.060000,12.160000,12.060000,12.140000,48800
2019-02-26,11.720000,11.740000,11.660000,11.720000,138400
2019-02-27,11.940000,11.940000,11.840000,11.840000,30400
2019-02-28,11.960000,12.120000,11.960000,12.020000,28400
2019-03-01,12.200000,12.200000,12.160000,12.200000,52000
2019-03-04,12.000000,12.000000,11.880000,11.880000,77400
2019-03-05,11.940000,11.940000,11.940000,11.940000,0
2019-03-06,11.880000,11.920000,11.880000,11.900000,12600
2019-03-07,11.900000,11.940000,11.900000,11.940000,2800
2019-03-08,11.940000,11.940000,11.940000,11.940000,12200
2019-03-11,11.940000,12.000000,11.940000,11.980000,22000
2019-03-12,12.080000,12.100000,12.060000,12.080000,33000
2019-03-13,12.100000,12.140000,12.100000,12.140000,11000
2019-03-14,12.300000,12.400000,12.300000,12.400000,41600
2019-03-15,12.380000,12.460000,12.380000,12.420000,291600
2019-03-18,12.320000,12.360000,12.320000,12.360000,25800
2019-03-19,12.500000,12.520000,12.480000,12.500000,41200
2019-03-20,12.460000,12.500000,12.460000,12.500000,10600
2019-03-21,12.600000,12.700000,12.600000,12.640000,159000
2019-03-22,12.600000,12.600000,12.600000,12.620000,2000
2019-03-25,12.300000,12.340000,12.260000,12.360000,328600
2019-03-26,12.500000,12.500000,12.500000,12.500000,0
2019-03-27,12.640000,12.660000,12.600000,12.640000,50200
2019-03-28,12.440000,12.480000,12.420000,12.440000,101000
2019-03-29,12.520000,12.560000,12.520000,12.520000,42600
2019-04-01,12.700000,12.760000,12.700000,12.760000,35600
2019-04-02,13.000000,13.040000,12.980000,13.000000,710400
2019-04-03,13.120000,13.240000,13.120000,13.200000,323600
2019-04-04,13.100000,13.140000,13.100000,13.100000,74000
2019-04-08,13.200000,13.400000,13.200000,13.360000,23400
2019-04-09,13.560000,13.580000,13.520000,13.560000,231000
2019-04-10,13.440000,13.460000,13.440000,13.480000,14400
2019-04-11,13.540000,13.560000,13.480000,13.480000,31800
2019-04-12,13.440000,13.440000,13.440000,13.440000,42400
2019-04-15,13.360000,13.380000,13.360000,13.380000,9400
2019-04-16,13.360000,13.360000,13.320000,13.340000,42000
2019-04-17,13.580000,13.620000,13.560000,13.580000,23600
2019-04-18,13.380000,13.380000,13.380000,13.380000,0
2019-04-23,13.820000,13.900000,13.820000,13.840000,357600
2019-04-24,13.860000,13.860000,13.840000,13.840000,27400
2019-04-25,13.800000,13.860000,13.780000,13.880000,50000
2019-04-26,13.640000,13.640000,13.640000,13.640000,0
2019-04-29,13.220000,13.240000,13.220000,13.240000,45400
2019-04-30,13.340000,13.400000,13.320000,13.400000,151000
2019-05-02,13.360000,13.360000,13.300000,13.300000,22200
2019-05-03,13.000000,13.000000,12.940000,12.940000,92400
2019-05-06,12.680000,12.740000,12.640000,12.740000,40000
2019-05-07,13.120000,13.140000,13.060000,13.060000,101200
2019-05-08,13.040000,13.040000,13.000000,13.000000,19000
2019-05-09,12.980000,12.980000,12.920000,12.920000,118000
2019-05-10,12.980000,13.060000,12.980000,13.060000,4400
2019-05-14,12.880000,12.880000,12.840000,12.860000,10800
2019-05-15,12.980000,12.980000,12.920000,12.880000,62200
2019-05-16,13.120000,13.160000,13.120000,13.140000,37400
2019-05-17,13.300000,13.300000,13.220000,13.280000,70600
2019-05-20,13.380000,13.380000,13.360000,13.360000,18000
2019-05-21,13.320000,13.360000,13.320000,13.340000,13200
2019-05-22,13.120000,13.120000,13.100000,13.100000,13600
2019-05-23,12.780000,12.780000,12.780000,12.780000,0
2019-05-24,12.260000,12.340000,12.220000,12.280000,94800
2019-05-27,12.320000,12.320000,12.240000,12.240000,21600
2019-05-28,12.380000,12.460000,12.360000,12.380000,47400
2019-05-29,12.280000,12.280000,12.240000,12.240000,9000
2019-05-30,12.420000,12.420000,12.380000,12.480000,26800
2019-05-31,11.880000,11.920000,11.720000,11.740000,118000
2019-06-03,11.500000,11.500000,11.040000,11.100000,119000
2019-06-04,11.200000,11.200000,11.160000,11.200000,50800
2019-06-05,11.220000,11.220000,11.140000,11.140000,116400
2019-06-06,11.140000,11.140000,10.860000,10.880000,71200
2019-06-10,11.380000,11.440000,11.380000,11.420000,78600
2019-06-11,11.200000,11.300000,11.200000,11.280000,42000
2019-06-12,11.040000,11.040000,10.940000,10.980000,123200
2019-06-13,10.800000,11.140000,10.720000,11.020000,130400
2019-06-14,11.080000,11.100000,10.960000,10.960000,251400
2019-06-17,10.920000,11.080000,10.920000,11.000000,224600
2019-06-18,10.900000,10.900000,10.880000,10.880000,15800
2019-06-19,11.340000,11.360000,11.300000,11.340000,307600
2019-06-20,11.420000,11.620000,11.380000,11.560000,66000
2019-06-21,12.000000,12.020000,11.860000,12.000000,98000
2019-06-24,12.100000,12.160000,12.060000,12.100000,143800
2019-06-25,11.980000,12.080000,11.940000,12.060000,45600
2019-06-26,12.260000,12.320000,12.260000,12.280000,43200
2019-06-27,12.340000,12.360000,12.340000,12.360000,20000
2019-06-28,12.380000,12.380000,12.380000,12.380000,0
2019-07-02,12.280000,12.380000,12.260000,12.340000,24800
2019-07-03,11.780000,11.800000,11.760000,11.780000,22800
2019-07-04,11.920000,11.920000,11.780000,11.820000,10400
2019-07-05,11.840000,11.860000,11.820000,11.820000,12400
2019-07-08,12.020000,12.060000,12.020000,12.060000,17600
2019-07-09,12.000000,12.000000,12.000000,12.000000,400
2019-07-10,12.260000,12.320000,12.260000,12.320000,13200
2019-07-11,12.660000,12.700000,12.620000,12.680000,42600
2019-07-12,12.620000,12.680000,12.620000,12.640000,49000
2019-07-15,12.520000,12.540000,12.500000,12.560000,22000
2019-07-16,12.400000,12.420000,12.360000,12.400000,140000
2019-07-17,12.040000,12.060000,12.040000,12.060000,101600
2019-07-18,11.880000,11.900000,11.820000,11.860000,13600
2019-07-19,11.720000,11.800000,11.680000,11.700000,147000
2019-07-22,11.720000,11.780000,11.700000,11.820000,29000
2019-07-23,11.740000,11.800000,11.720000,11.760000,110800
2019-07-24,11.880000,11.880000,11.880000,11.880000,0
2019-07-25,11.720000,11.760000,11.660000,11.760000,19200
2019-07-26,11.720000,11.720000,11.720000,11.720000,0
2019-07-29,11.700000,11.700000,11.700000,11.700000,5000
2019-07-30,11.920000,11.940000,11.920000,11.940000,78400
2019-07-31,12.160000,12.200000,12.160000,12.200000,33000
2019-08-01,12.040000,12.080000,12.000000,12.040000,20600
2019-08-02,11.420000,11.480000,11.400000,11.440000,83400
2019-08-05,11.480000,11.500000,11.460000,11.460000,8000
2019-08-06,11.460000,11.540000,11.460000,11.500000,86200
2019-08-07,11.200000,11.200000,11.140000,11.160000,82000
2019-08-08,11.000000,11.120000,10.980000,11.000000,137600
2019-08-09,10.980000,11.000000,10.960000,11.000000,125600
2019-08-12,11.300000,11.360000,11.300000,11.360000,55000
2019-08-13,11.400000,11.400000,11.400000,11.400000,0
2019-08-14,11.700000,11.820000,11.700000,11.740000,31800
2019-08-15,11.600000,11.600000,11.420000,11.520000,221800
2019-08-16,11.520000,11.540000,11.500000,11.520000,31400
2019-08-19,11.600000,11.620000,11.580000,11.620000,49200
2019-08-20,11.700000,11.780000,11.700000,11.740000,16600
2019-08-21,11.640000,11.780000,11.640000,11.780000,22400
2019-08-22,11.640000,11.660000,11.620000,11.660000,8200
2019-08-23,11.540000,11.560000,11.540000,11.560000,37000
2019-08-26,11.180000,11.340000,11.140000,11.340000,36000
2019-08-27,11.280000,11.300000,11.260000,11.280000,7800
2019-08-28,11.580000,11.640000,11.580000,11.640000,14800
2019-08-29,11.580000,11.620000,11.580000,11.640000,29000
2019-08-30,11.780000,11.820000,11.740000,11.740000,89200
2019-09-02,11.520000,11.520000,11.520000,11.500000,3000
2019-09-03,11.380000,11.380000,11.380000,11.380000,0
2019-09-04,11.360000,11.380000,11.360000,11.360000,6000
2019-09-05,11.700000,11.780000,11.680000,11.680000,19800
2019-09-06,11.740000,11.760000,11.740000,11.740000,62000
2019-09-09,11.900000,11.940000,11.900000,11.920000,28000
2019-09-10,12.140000,12.200000,12.100000,12.100000,50400
2019-09-11,12.080000,12.080000,12.020000,12.040000,49400
2019-09-12,11.760000,11.760000,11.660000,11.660000,39600
2019-09-13,11.500000,11.500000,11.500000,11.500000,0
2019-09-16,12.200000,12.660000,12.200000,12.360000,335800
2019-09-17,12.800000,13.020000,12.800000,12.960000,273800
2019-09-18,12.260000,12.380000,12.220000,12.260000,80400
2019-09-19,12.180000,12.180000,12.120000,12.140000,93600
2019-09-20,12.300000,12.300000,12.280000,12.300000,18800
2019-09-23,12.300000,12.300000,12.200000,12.200000,98000
2019-09-24,12.180000,12.220000,12.160000,12.160000,69400
2019-09-25,11.860000,11.880000,11.840000,11.840000,67600
2019-09-26,11.840000,11.840000,11.780000,11.780000,106000
2019-09-27,11.820000,11.820000,11.740000,11.760000,54600
2019-09-30,11.720000,11.740000,11.640000,11.640000,36800
2019-10-02,11.360000,11.360000,11.260000,11.260000,265400
2019-10-03,11.080000,11.080000,11.000000,11.020000,193600
2019-10-04,11.000000,11.020000,10.960000,11.040000,86800
2019-10-08,11.100000,11.140000,11.080000,11.040000,196800
2019-10-09,10.980000,11.020000,10.940000,11.000000,44800
2019-10-10,10.960000,10.980000,10.960000,10.980000,105600
2019-10-11,11.140000,11.420000,11.140000,11.400000,46400
2019-10-14,11.400000,11.400000,11.280000,11.280000,170800
2019-10-15,11.200000,11.200000,11.120000,11.120000,51000
2019-10-16,11.100000,11.120000,11.040000,11.060000,109200
2019-10-17,11.100000,11.100000,11.100000,11.100000,0
2019-10-18,11.300000,11.300000,11.240000,11.280000,50400
2019-10-21,11.240000,11.260000,11.220000,11.260000,189600
2019-10-22,11.220000,11.220000,11.160000,11.160000,4600
2019-10-23,11.300000,11.300000,11.300000,11.300000,0
2019-10-24,11.560000,11.620000,11.560000,11.620000,77000
2019-10-25,11.620000,11.680000,11.620000,11.680000,19200
2019-10-28,11.780000,11.800000,11.760000,11.780000,134200
2019-10-29,11.600000,11.620000,11.560000,11.560000,118400
2019-10-30,11.560000,11.560000,11.500000,11.540000,47400
2019-10-31,11.500000,11.520000,11.460000,11.520000,49000
2019-11-01,11.340000,11.340000,11.320000,11.320000,24600
2019-11-04,11.640000,11.700000,11.640000,11.680000,76800
2019-11-05,11.800000,11.820000,11.740000,11.820000,65000
2019-11-06,11.840000,11.880000,11.840000,11.860000,29200
2019-11-07,11.840000,11.840000,11.840000,11.840000,0
2019-11-08,11.860000,11.880000,11.840000,11.820000,20600
2019-11-11,11.860000,11.860000,11.820000,11.840000,15200
2019-11-12,11.880000,11.880000,11.880000,11.880000,0
2019-11-13,11.820000,11.820000,11.820000,11.820000,0
2019-11-14,11.960000,12.000000,11.940000,11.980000,41000
2019-11-15,11.920000,11.920000,11.920000,11.920000,0
2019-11-18,12.060000,12.100000,12.040000,12.080000,36400
2019-11-19,11.880000,11.880000,11.840000,11.840000,234000
2019-11-20,11.600000,11.600000,11.520000,11.520000,11400
2019-11-21,11.840000,11.880000,11.840000,11.880000,32000
2019-11-22,12.120000,12.140000,12.100000,12.140000,21600
2019-11-25,12.080000,12.080000,12.040000,12.080000,12200
2019-11-26,12.060000,12.060000,12.060000,12.060000,4000
2019-11-27,12.140000,12.140000,12.140000,12.140000,5000
2019-11-28,12.040000,12.080000,12.040000,12.040000,12600
2019-11-29,12.080000,12.080000,12.080000,12.080000,15400
2019-12-02,11.680000,11.700000,11.680000,11.680000,22600
2019-12-03,11.700000,11.700000,11.700000,11.700000,0
2019-12-04,11.760000,11.760000,11.720000,11.720000,94000
2019-12-05,12.120000,12.120000,12.100000,12.120000,24600
2019-12-06,12.120000,12.120000,12.120000,12.120000,0
2019-12-09,12.220000,12.300000,12.220000,12.280000,10600
2019-12-10,12.280000,12.280000,12.280000,12.280000,0
2019-12-11,12.260000,12.260000,12.220000,12.220000,34400
2019-12-12,12.220000,12.220000,12.220000,12.220000,0
2019-12-13,12.380000,12.400000,12.360000,12.360000,54200
2019-12-16,12.440000,12.460000,12.420000,12.460000,292400
2019-12-17,12.500000,12.520000,12.500000,12.520000,14200
2019-12-18,12.620000,12.620000,12.580000,12.600000,19400
2019-12-19,12.660000,12.680000,12.660000,12.680000,6200
2019-12-20,12.720000,12.740000,12.720000,12.740000,22000
2019-12-23,12.580000,12.580000,12.520000,12.540000,30200
2019-12-24,12.580000,12.580000,12.580000,12.580000,10000
2019-12-27,12.900000,12.900000,12.860000,12.900000,12800
2019-12-30,12.860000,12.880000,12.840000,12.880000,103000
2019-12-31,12.880000,12.880000,12.880000,12.880000,0
2020-01-02,12.760000,12.780000,12.740000,12.760000,37600
2020-01-03,12.820000,13.300000,12.820000,13.140000,453800
2020-01-06,13.340000,13.460000,13.340000,13.380000,115400
2020-01-07,13.140000,13.140000,12.980000,13.100000,93600
2020-01-08,13.520000,13.560000,13.140000,13.180000,123600
2020-01-09,12.520000,12.520000,12.400000,12.400000,46600
2020-01-10,12.400000,12.400000,12.400000,12.400000,4000
2020-01-13,12.280000,12.320000,12.280000,12.320000,23200
2020-01-14,12.140000,12.160000,12.100000,12.120000,26600
2020-01-15,12.120000,12.140000,12.100000,12.120000,30000
2020-01-16,12.140000,12.180000,12.100000,12.160000,206400
2020-01-17,12.200000,12.260000,12.200000,12.260000,169200
2020-01-20,12.380000,12.380000,12.360000,12.360000,12000
2020-01-21,12.260000,12.260000,12.140000,12.140000,17000
2020-01-22,12.160000,12.160000,12.120000,12.120000,70600
2020-01-23,11.660000,11.700000,11.600000,11.640000,157400
2020-01-24,11.620000,11.640000,11.580000,11.640000,145000
2020-01-29,11.300000,11.360000,11.260000,11.280000,185800
2020-01-30,11.200000,11.220000,10.960000,10.960000,289200
2020-01-31,11.160000,11.160000,11.060000,11.060000,56600
2020-02-03,11.060000,11.060000,10.720000,10.760000,237400
2020-02-04,10.580000,10.620000,10.520000,10.580000,119200
2020-02-05,10.540000,10.540000,10.420000,10.440000,380000
2020-02-06,10.760000,10.920000,10.760000,10.880000,179200
2020-02-07,10.900000,10.900000,10.640000,10.640000,287800
2020-02-10,10.500000,10.580000,10.480000,10.520000,213800
2020-02-11,10.520000,10.540000,10.480000,10.480000,282600
2020-02-12,10.580000,10.640000,10.580000,10.620000,112200
2020-02-13,10.800000,10.800000,10.680000,10.700000,164000
2020-02-14,10.700000,10.820000,10.700000,10.820000,64400
2020-02-17,10.900000,10.920000,10.880000,10.900000,90600
2020-02-18,10.840000,10.840000,10.780000,10.780000,76400
2020-02-19,10.860000,11.060000,10.860000,11.060000,183400
2020-02-20,11.260000,11.260000,11.160000,11.180000,237400
2020-02-21,11.200000,11.200000,11.080000,11.080000,277400
2020-02-24,10.780000,10.840000,10.780000,10.800000,220600
2020-02-25,10.540000,10.820000,10.540000,10.800000,103800
2020-02-26,10.480000,10.500000,10.340000,10.380000,312000
2020-02-27,10.100000,10.380000,9.970000,10.020000,903000
2020-02-28,9.900000,9.900000,9.510000,9.560000,856401
2020-03-02,9.600000,9.750000,9.400000,9.640000,1289820
2020-03-03,9.950000,10.100000,9.850000,9.890000,771830
2020-03-04,9.910000,9.960000,9.850000,9.850000,53230
2020-03-05,9.890000,9.890000,9.780000,9.800000,124830
2020-03-06,9.800000,9.800000,9.400000,9.420000,455850
2020-03-09,9.420000,9.420000,9.420000,9.420000,0
2020-03-10,6.330000,6.330000,6.330000,6.330000,0
2020-03-11,6.830000,6.830000,6.830000,6.830000,0
2020-03-12,7.140000,7.140000,7.140000,7.140000,0
2020-03-13,6.570000,6.570000,6.570000,6.570000,0
2020-03-16,6.900000,6.900000,6.900000,6.900000,0
2020-03-17,6.420000,6.420000,6.420000,6.420000,0
2020-03-18,6.300000,6.300000,6.300000,6.300000,0
2020-03-19,4.900000,5.200000,4.600000,4.760000,28085300
2020-03-20,5.350000,5.780000,5.320000,5.710000,16993250
2020-03-23,4.780000,4.960000,4.700000,4.770000,46410801
2020-03-24,5.000000,5.110000,4.970000,5.060000,18239400
2020-03-25,5.140000,5.240000,5.120000,5.170000,14453600
2020-03-26,5.120000,5.120000,4.890000,4.900000,18883400
2020-03-27,4.840000,4.870000,4.710000,4.730000,38244200
2020-03-30,4.360000,4.450000,4.190000,4.220000,100607208
2020-03-31,4.340000,4.520000,4.310000,4.430000,74392600
2020-04-01,4.260000,4.330000,4.170000,4.240000,61909860
2020-04-02,4.350000,4.730000,4.330000,4.630000,124144455
2020-04-03,4.900000,5.340000,4.880000,5.290000,176893000
2020-04-06,5.450000,5.860000,5.390000,5.750000,131580290
2020-04-07,5.620000,5.650000,5.510000,5.590000,68652400
2020-04-08,5.250000,5.290000,5.050000,5.100000,110766100
2020-04-09,5.400000,5.460000,5.280000,5.430000,103239800
2020-04-14,5.000000,5.100000,4.860000,4.880000,161285150
2020-04-15,4.550000,4.600000,4.360000,4.360000,253249850
2020-04-16,4.460000,4.490000,4.320000,4.340000,187199000
2020-04-17,4.410000,4.430000,4.150000,4.180000,287273300
2020-04-20,3.850000,3.950000,3.840000,3.870000,499824300
2020-04-21,3.590000,3.650000,3.310000,3.320000,488276213
2020-04-22,1.910000,1.950000,1.610000,1.790000,719857120
2020-04-23,1.860000,2.050000,1.860000,1.950000,333819002
2020-04-24,1.990000,2.000000,1.890000,1.920000,133195600
2020-04-27,1.860000,1.860000,1.760000,1.780000,128912450
2020-04-28,1.770000,1.790000,1.710000,1.720000,109909630
2020-04-29,1.760000,1.810000,1.730000,1.770000,62529200
2020-05-04,1.780000,1.840000,1.770000,1.800000,69182000
2020-05-05,1.910000,2.000000,1.910000,1.980000,57156535
2020-05-06,2.080000,2.100000,2.050000,2.080000,70977200
2020-05-07,2.040000,2.050000,2.000000,2.010000,44239200
2020-05-08,2.050000,2.080000,2.020000,2.060000,33197650
2020-05-11,2.070000,2.090000,2.050000,2.060000,33877500
2020-05-12,2.040000,2.040000,2.010000,2.020000,22639200
2020-05-13,2.010000,2.020000,1.980000,1.980000,25979800
2020-05-14,1.970000,2.010000,1.960000,1.970000,20192800
2020-05-15,2.060000,2.130000,2.050000,2.120000,56920000
2020-05-18,2.220000,2.250000,2.200000,2.250000,50142900
2020-05-19,2.340000,2.350000,2.270000,2.310000,68577800
2020-05-20,2.300000,2.330000,2.290000,2.300000,25312400
2020-05-21,2.390000,2.450000,2.390000,2.420000,63474300
2020-05-22,2.410000,2.430000,2.230000,2.270000,115065600
2020-05-25,2.330000,2.400000,2.330000,2.400000,45473600
2020-05-26,2.430000,2.460000,2.420000,2.440000,37613000
2020-05-27,2.450000,2.460000,2.390000,2.410000,26221000
2020-05-28,2.320000,2.320000,2.260000,2.300000,33883200
2020-05-29,2.350000,2.380000,2.330000,2.330000,17320500
2020-06-01,2.458000,2.510000,2.458000,2.498000,41668600
2020-06-02,2.520000,2.524000,2.500000,2.524000,22016200
2020-06-03,2.626000,2.660000,2.616000,2.638000,66874700
2020-06-04,2.600000,2.630000,2.564000,2.580000,33517800
2020-06-05,2.612000,2.670000,2.606000,2.670000,27366800
2020-06-08,2.772000,2.806000,2.726000,2.794000,60236005
2020-06-09,2.712000,2.712000,2.636000,2.642000,55878000
2020-06-10,2.674000,2.690000,2.660000,2.670000,20898000
2020-06-11,2.696000,2.698000,2.650000,2.650000,37586800
2020-06-12,2.432000,2.522000,2.432000,2.504000,76484000
2020-06-15,2.480000,2.496000,2.430000,2.450000,36013000
2020-06-16,2.530000,2.626000,2.530000,2.620000,34505400
2020-06-17,2.620000,2.682000,2.600000,2.670000,24754800
2020-06-18,2.628000,2.652000,2.602000,2.652000,15954200
2020-06-19,2.700000,2.762000,2.700000,2.760000,44634250
2020-06-22,2.750000,2.768000,2.724000,2.754000,25352800
2020-06-23,2.780000,2.826000,2.748000,2.824000,44460100
2020-06-24,2.788000,2.800000,2.758000,2.770000,20683400
2020-06-26,2.710000,2.720000,2.682000,2.702000,29652600
2020-06-29,2.636000,2.648000,2.604000,2.622000,21772800
2020-06-30,2.728000,2.730000,2.708000,2.710000,20118600
2020-07-02,2.734000,2.782000,2.734000,2.776000,18394600
2020-07-03,2.782000,2.800000,2.766000,2.772000,26872200
2020-07-06,2.782000,2.836000,2.782000,2.832000,55124610
2020-07-07,2.830000,2.830000,2.762000,2.776000,21750400
2020-07-08,2.778000,2.810000,2.778000,2.800000,16810800
2020-07-09,2.810000,2.824000,2.804000,2.806000,31211800
2020-07-10,2.744000,2.744000,2.692000,2.712000,19353800
2020-07-13,2.750000,2.794000,2.750000,2.776000,22088200
2020-07-14,2.740000,2.748000,2.714000,2.730000,17210400
2020-07-15,2.768000,2.826000,2.768000,2.820000,34777200
2020-07-16,2.832000,2.846000,2.816000,2.820000,39516205
2020-07-17,2.808000,2.824000,2.794000,2.798000,23574401
2020-07-20,2.792000,2.798000,2.774000,2.786000,8726200
2020-07-21,2.802000,2.838000,2.802000,2.838000,16561800
2020-07-22,2.842000,2.886000,2.842000,2.864000,17999600
2020-07-23,2.888000,2.904000,2.878000,2.898000,9980400
2020-07-24,2.840000,2.840000,2.806000,2.828000,19878400
2020-07-27,2.832000,2.850000,2.826000,2.834000,15782000
2020-07-28,2.880000,2.884000,2.856000,2.862000,6948000
2020-07-29,2.842000,2.856000,2.828000,2.852000,4122600
2020-07-30,2.850000,2.856000,2.820000,2.824000,10312600
2020-07-31,2.792000,2.800000,2.770000,2.794000,10918800
2020-08-03,2.790000,2.790000,2.746000,2.756000,11780400
2020-08-04,2.816000,2.836000,2.810000,2.820000,11473200
2020-08-05,2.860000,2.902000,2.860000,2.898000,14474600
2020-08-06,2.904000,2.934000,2.904000,2.908000,15315500
2020-08-07,2.898000,2.914000,2.882000,2.900000,13823000
2020-08-10,2.890000,2.900000,2.872000,2.892000,4286000
2020-08-11,2.898000,2.930000,2.898000,2.924000,8987200
2020-08-12,2.920000,2.920000,2.880000,2.908000,15132600
2020-08-13,2.938000,2.946000,2.930000,2.940000,8610400
2020-08-14,2.914000,2.930000,2.902000,2.912000,5839400
2020-08-17,2.912000,2.938000,2.920000,2.924000,5950800
2020-08-18,2.950000,2.966000,2.944000,2.962000,10282500
2020-08-19,2.946000,2.946000,2.936000,2.944000,2509200
2020-08-20,2.942000,2.942000,2.924000,2.934000,4538800
2020-08-21,2.934000,2.942000,2.924000,2.928000,4408400
2020-08-24,2.912000,2.926000,2.896000,2.920000,4725200
2020-08-25,2.920000,2.928000,2.910000,2.910000,4949800
2020-08-26,2.966000,2.978000,2.966000,2.974000,7987400
2020-08-27,2.974000,2.980000,2.966000,2.978000,4153000
2020-08-28,2.924000,2.954000,2.924000,2.938000,6698400
2020-08-31,2.942000,2.976000,2.942000,2.974000,8603600
2020-09-01,2.970000,2.970000,2.936000,2.958000,5587400
2020-09-02,2.950000,2.964000,2.950000,2.960000,5011800
2020-09-03,2.930000,2.930000,2.828000,2.840000,19379400
2020-09-04,2.822000,2.864000,2.812000,2.858000,6185000
2020-09-07,2.844000,2.844000,2.688000,2.704000,19503800
2020-09-08,2.700000,2.704000,2.674000,2.682000,7030800
2020-09-09,2.550000,2.596000,2.510000,2.596000,17440400
2020-09-10,2.610000,2.632000,2.590000,2.596000,10318800
2020-09-11,2.576000,2.584000,2.552000,2.560000,5240000
2020-09-14,2.574000,2.592000,2.570000,2.572000,3798200
2020-09-15,2.570000,2.576000,2.554000,2.560000,4087200
2020-09-16,2.584000,2.692000,2.584000,2.682000,10309400
2020-09-17,2.730000,2.752000,2.696000,2.720000,5777000
2020-09-18,2.780000,2.828000,2.780000,2.806000,8759400
2020-09-21,2.788000,2.810000,2.742000,2.744000,4473400
2020-09-22,2.694000,2.702000,2.670000,2.690000,4005000
2020-09-23,2.680000,2.696000,2.666000,2.692000,3344000
2020-09-24,2.682000,2.698000,2.670000,2.692000,5245000
2020-09-25,2.730000,2.752000,2.720000,2.736000,6420600
2020-09-28,2.750000,2.750000,2.696000,2.706000,2770400
2020-09-29,2.706000,2.742000,2.706000,2.736000,6619600
2020-09-30,2.686000,2.686000,2.634000,2.646000,4703200
2020-10-05,2.630000,2.638000,2.554000,2.568000,11152220
2020-10-06,2.638000,2.686000,2.638000,2.666000,4758400
2020-10-07,2.698000,2.734000,2.692000,2.722000,7292000
2020-10-08,2.720000,2.740000,2.698000,2.740000,3856800
2020-10-09,2.770000,2.800000,2.770000,2.798000,10335800
2020-10-12,2.728000,2.738000,2.716000,2.718000,3030836
2020-10-14,2.718000,2.722000,2.704000,2.710000,3314400
2020-10-15,2.778000,2.780000,2.750000,2.750000,6998600
2020-10-16,2.750000,2.758000,2.730000,2.750000,3958400
2020-10-19,2.754000,2.778000,2.742000,2.758000,3530200
2020-10-20,2.744000,2.758000,2.730000,2.754000,1738400
2020-10-21,2.778000,2.788000,2.756000,2.764000,4858600
2020-10-22,2.710000,2.710000,2.668000,2.700000,4585200
2020-10-23,2.702000,2.738000,2.702000,2.722000,4562800
2020-10-27,2.668000,2.668000,2.594000,2.610000,6804200
2020-10-28,2.612000,2.618000,2.576000,2.582000,4349000
2020-10-29,2.576000,2.576000,2.506000,2.512000,10941800
2020-10-30,2.500000,2.500000,2.390000,2.420000,13762200
2020-11-02,2.350000,2.358000,2.316000,2.340000,9783400
2020-11-03,2.400000,2.498000,2.400000,2.482000,9030600
2020-11-04,2.550000,2.608000,2.516000,2.530000,10800600
2020-11-05,2.604000,2.616000,2.578000,2.596000,9603800
2020-11-06,2.596000,2.596000,2.530000,2.576000,7157100
2020-11-09,2.568000,2.578000,2.558000,2.560000,5744000
2020-11-10,2.700000,2.718000,2.662000,2.702000,25528200
2020-11-11,2.722000,2.846000,2.722000,2.834000,20279600
2020-11-12,2.806000,2.808000,2.762000,2.780000,6852600
2020-11-13,2.750000,2.750000,2.696000,2.716000,4121000
2020-11-16,2.718000,2.740000,2.710000,2.740000,2269800
2020-11-17,2.770000,2.782000,2.758000,2.762000,3665200
2020-11-18,2.754000,2.772000,2.744000,2.770000,3376800
2020-11-19,2.764000,2.790000,2.762000,2.788000,4353200
2020-11-20,2.780000,2.784000,2.768000,2.768000,4032700
2020-11-23,2.806000,2.852000,2.804000,2.850000,12078200
2020-11-24,2.880000,2.894000,2.848000,2.876000,7750000
2020-11-25,2.970000,3.020000,2.970000,3.000000,33028800
2020-11-26,3.014000,3.044000,3.004000,3.008000,8650600
2020-11-27,2.968000,2.982000,2.952000,2.954000,7401000
2020-11-30,2.972000,2.992000,2.942000,2.960000,8337800
2020-12-01,2.964000,2.982000,2.964000,2.976000,3348200
2020-12-02,2.918000,2.938000,2.906000,2.936000,4617200
2020-12-03,2.984000,3.000000,2.972000,2.996000,3255800
2020-12-04,3.000000,3.072000,3.000000,3.062000,11938000
2020-12-07,3.054000,3.054000,3.034000,3.034000,6167600
2020-12-08,3.008000,3.014000,2.988000,3.004000,3649210
2020-12-09,3.012000,3.024000,2.998000,3.022000,3306000
2020-12-10,3.020000,3.028000,3.010000,3.014000,3715200
2020-12-11,3.100000,3.118000,3.076000,3.104000,8475800
2020-12-14,3.074000,3.114000,3.072000,3.112000,8687400
2020-12-15,3.108000,3.108000,3.074000,3.076000,1968600
2020-12-16,3.120000,3.140000,3.120000,3.130000,5461600
2020-12-17,3.158000,3.204000,3.158000,3.202000,6512105
2020-12-18,3.184000,3.186000,3.170000,3.180000,7781600
2020-12-21,3.180000,3.180000,3.126000,3.138000,4365400
2020-12-22,3.114000,3.144000,3.062000,3.092000,21997600
2020-12-23,3.060000,3.064000,3.038000,3.064000,3479000
2020-12-24,3.174000,3.174000,3.174000,3.174000,0
2020-12-28,3.172000,3.172000,3.144000,3.172000,3495800
2020-12-29,3.172000,3.172000,3.138000,3.166000,15718000
2020-12-30,3.168000,3.182000,3.164000,3.172000,2694200
2020-12-31,3.170000,3.170000,3.170000,3.170000,0
2021-01-04,3.192000,3.262000,3.192000,3.254000,12016000
2021-01-05,3.190000,3.190000,3.114000,3.122000,3782200
2021-01-06,3.230000,3.292000,3.230000,3.280000,10778800
2021-01-07,3.300000,3.354000,3.300000,3.340000,22517000
2021-01-08,3.338000,3.358000,3.334000,3.348000,5633400
2021-01-11,3.400000,3.416000,3.368000,3.382000,4466000
2021-01-12,3.408000,3.452000,3.408000,3.450000,21507800
2021-01-13,3.460000,3.524000,3.460000,3.504000,10971200
2021-01-14,3.496000,3.496000,3.452000,3.484000,5080000
2021-01-15,3.484000,3.510000,3.460000,3.470000,7238600
2021-01-18,3.400000,3.418000,3.386000,3.410000,5063800
2021-01-19,3.450000,3.450000,3.410000,3.428000,6297200
2021-01-20,3.450000,3.490000,3.450000,3.486000,4538400
2021-01-21,3.490000,3.490000,3.454000,3.466000,4148800
2021-01-22,3.466000,3.466000,3.416000,3.418000,4886000
2021-01-25,3.408000,3.434000,3.402000,3.434000,6848800
2021-01-26,3.450000,3.450000,3.414000,3.420000,3752000
2021-01-27,3.420000,3.460000,3.420000,3.454000,9229800
2021-01-28,3.448000,3.448000,3.416000,3.428000,8491000
2021-01-29,3.430000,3.430000,3.398000,3.402000,5157800
2021-02-01,3.400000,3.436000,3.398000,3.432000,5199200
2021-02-02,3.500000,3.536000,3.418000,3.522000,11076600
2021-02-03,3.580000,3.598000,3.568000,3.596000,10966800
2021-02-04,3.630000,3.662000,3.630000,3.650000,22208900
2021-02-05,3.662000,3.698000,3.662000,3.682000,10251200
2021-02-08,3.720000,3.750000,3.720000,3.748000,12963400
2021-02-09,3.782000,3.816000,3.782000,3.806000,8919100
2021-02-10,3.800000,3.806000,3.784000,3.794000,7166200
2021-02-11,3.798000,3.798000,3.798000,3.798000,0
2021-02-16,3.900000,3.930000,3.900000,3.918000,24864600
2021-02-17,3.918000,3.948000,3.888000,3.946000,10481600
2021-02-18,4.000000,4.028000,3.996000,4.002000,23088000
2021-02-19,3.950000,3.950000,3.824000,3.884000,10397400
2021-02-22,3.904000,3.928000,3.896000,3.900000,6758800
2021-02-23,4.004000,4.102000,4.004000,4.070000,31310800
2021-02-24,4.070000,4.070000,3.980000,4.004000,25471200
2021-02-25,4.122000,4.158000,4.112000,4.156000,32100200
2021-02-26,4.102000,4.126000,4.072000,4.086000,13748600
2021-03-01,4.088000,4.092000,4.064000,4.088000,5626800
2021-03-02,3.910000,3.924000,3.880000,3.904000,6975800
2021-03-03,3.900000,3.930000,3.886000,3.914000,2655200
2021-03-04,3.930000,4.044000,3.930000,4.034000,7998200
2021-03-05,4.156000,4.242000,4.156000,4.242000,37210000
2021-03-08,4.390000,4.436000,4.366000,4.366000,30227600
2021-03-09,4.350000,4.350000,4.214000,4.234000,21210000
2021-03-10,4.210000,4.212000,4.140000,4.154000,5656200
2021-03-11,4.200000,4.264000,4.200000,4.244000,3335100
2021-03-12,4.300000,4.320000,4.290000,4.290000,4623200
2021-03-15,4.300000,4.354000,4.300000,4.348000,3543100
2021-03-16,4.262000,4.274000,4.246000,4.266000,1902600
2021-03-17,4.250000,4.298000,4.250000,4.292000,2526000
2021-03-18,4.240000,4.240000,4.208000,4.210000,2381596
2021-03-19,3.962000,3.996000,3.910000,3.968000,8446600
2021-03-22,3.982000,4.048000,3.982000,4.002000,2083000
2021-03-23,4.002000,4.026000,4.002000,4.016000,2161400
2021-03-24,3.888000,3.888000,3.806000,3.876000,5069400
2021-03-25,3.902000,3.994000,3.902000,3.986000,5095800
2021-03-26,3.980000,3.980000,3.900000,3.952000,2011000
2021-03-29,4.008000,4.026000,3.930000,3.970000,5464200
2021-03-30,4.048000,4.086000,4.044000,4.070000,4058800
2021-03-31,4.012000,4.036000,3.994000,4.010000,3571600
2021-04-01,3.934000,4.000000,3.920000,4.000000,2117400
2021-04-07,3.986000,3.986000,3.922000,3.946000,2093800
2021-04-08,3.928000,3.946000,3.916000,3.922000,3046000
2021-04-09,3.954000,3.962000,3.924000,3.928000,1130200
2021-04-12,3.944000,3.946000,3.892000,3.896000,889600
2021-04-13,3.946000,3.982000,3.940000,3.966000,3307000
2021-04-14,3.996000,4.040000,3.996000,4.030000,1781800
2021-04-15,4.110000,4.194000,4.110000,4.158000,6277400
2021-04-16,4.140000,4.220000,4.140000,4.208000,6995800
2021-04-19,4.142000,4.180000,4.142000,4.180000,2284600
2021-04-20,4.158000,4.238000,4.158000,4.236000,4907200
2021-04-21,4.124000,4.128000,4.094000,4.126000,2251000
2021-04-22,4.040000,4.040000,4.010000,4.022000,3491400
2021-04-23,4.072000,4.096000,4.066000,4.088000,2346200
2021-04-26,4.098000,4.108000,4.050000,4.058000,1115230
2021-04-27,4.060000,4.130000,4.060000,4.120000,2470800
2021-04-28,4.148000,4.172000,4.134000,4.150000,3908630
2021-04-29,4.188000,4.238000,4.188000,4.232000,5799800
2021-04-30,4.238000,4.270000,4.238000,4.238000,6358000
2021-05-03,4.050000,4.202000,4.050000,4.170000,1578400
2021-05-04,4.200000,4.272000,4.200000,4.272000,2926200
2021-05-05,4.350000,4.392000,4.350000,4.380000,26385400
2021-05-06,4.328000,4.354000,4.326000,4.354000,2680000
2021-05-07,4.278000,4.310000,4.274000,4.284000,1869800
2021-05-10,4.338000,4.344000,4.302000,4.316000,1462600
2021-05-11,4.314000,4.314000,4.250000,4.254000,1629200
2021-05-12,4.324000,4.364000,4.300000,4.358000,4748000
2021-05-13,4.356000,4.356000,4.288000,4.294000,3324400
2021-05-14,4.270000,4.270000,4.200000,4.230000,16299600
2021-05-17,4.322000,4.338000,4.302000,4.320000,16808200
2021-05-18,4.380000,4.420000,4.374000,4.412000,8431400
2021-05-20,4.228000,4.228000,4.184000,4.212000,19934000
2021-05-21,4.148000,4.148000,4.092000,4.098000,3844600
2021-05-24,4.162000,4.264000,4.162000,4.264000,2442600
2021-05-25,4.374000,4.374000,4.330000,4.334000,18368400
2021-05-26,4.356000,4.380000,4.340000,4.362000,5429400
2021-05-27,4.350000,4.354000,4.332000,4.340000,1231100
2021-05-28,4.426000,4.436000,4.400000,4.406000,9091400
2021-05-31,4.398000,4.428000,4.386000,4.426000,1952400
2021-06-01,4.438000,4.486000,4.438000,4.486000,8304800
2021-06-02,4.486000,4.500000,4.470000,4.484000,3280200
2021-06-03,4.550000,4.574000,4.548000,4.550000,7302800
2021-06-04,4.516000,4.562000,4.508000,4.552000,2106000
2021-06-07,4.574000,4.600000,4.544000,4.562000,1871200
2021-06-08,4.530000,4.546000,4.522000,4.536000,2308000
2021-06-09,4.620000,4.652000,4.620000,4.636000,6577700
2021-06-10,4.636000,4.636000,4.570000,4.598000,722000
2021-06-11,4.606000,4.640000,4.588000,4.638000,2312400
2021-06-15,4.654000,4.698000,4.652000,4.682000,3629400
2021-06-16,4.744000,4.770000,4.744000,4.748000,4836400
2021-06-17,4.738000,4.734000,4.690000,4.722000,1920600
2021-06-18,4.722000,4.722000,4.602000,4.630000,2008200
2021-06-21,4.700000,4.728000,4.678000,4.702000,2902400
2021-06-22,4.780000,4.798000,4.758000,4.760000,3266600
2021-06-23,4.760000,4.820000,4.760000,4.814000,6233200
2021-06-24,4.814000,4.834000,4.800000,4.832000,3925600
2021-06-25,4.838000,4.846000,4.820000,4.840000,1348800
2021-06-28,4.830000,4.882000,4.830000,4.862000,2245800
2021-06-29,4.810000,4.810000,4.768000,4.802000,2641600
2021-06-30,4.810000,4.844000,4.810000,4.812000,2083600
2021-07-02,4.900000,4.942000,4.900000,4.920000,5530000
2021-07-05,4.904000,4.950000,4.904000,4.940000,3007200
2021-07-06,4.982000,5.040000,4.982000,5.040000,7741800
2021-07-07,4.850000,4.876000,4.800000,4.850000,3583400
2021-07-08,4.818000,4.818000,4.698000,4.700000,16216600
2021-07-09,4.800000,4.826000,4.782000,4.822000,2123000
2021-07-12,4.882000,4.904000,4.850000,4.850000,14002800
2021-07-13,4.882000,4.908000,4.876000,4.908000,1424400
2021-07-14,4.946000,4.970000,4.942000,4.950000,2290200
2021-07-15,4.876000,4.876000,4.756000,4.766000,15335800
2021-07-16,4.764000,4.774000,4.732000,4.764000,1778600
2021-07-19,4.702000,4.736000,4.688000,4.710000,3782000
2021-07-20,4.596000,4.596000,4.442000,4.500000,8311000
2021-07-21,4.498000,4.518000,4.446000,4.516000,1836400
2021-07-22,4.686000,4.692000,4.656000,4.678000,1912000
2021-07-23,4.766000,4.792000,4.764000,4.784000,2190800
2021-07-26,4.798000,4.804000,4.742000,4.750000,6976400
2021-07-27,4.750000,4.836000,4.750000,4.804000,4954800
2021-07-28,4.820000,4.828000,4.806000,4.810000,4097600
2021-07-29,4.810000,4.880000,4.810000,4.880000,7574600
2021-07-30,4.886000,4.896000,4.874000,4.894000,14649800
2021-08-02,4.878000,4.894000,4.850000,4.874000,1131200
2021-08-03,4.800000,4.800000,4.744000,4.774000,14478800
2021-08-04,4.742000,4.742000,4.696000,4.736000,1855600
2021-08-05,4.650000,4.650000,4.550000,4.578000,2165600
2021-08-06,4.636000,4.680000,4.632000,4.668000,1285600
2021-08-09,4.580000,4.580000,4.462000,4.462000,2606400
2021-08-10,4.504000,4.580000,4.488000,4.564000,2174000
2021-08-11,4.584000,4.626000,4.584000,4.616000,864400
2021-08-12,4.680000,4.682000,4.650000,4.676000,589300
2021-08-13,4.658000,4.658000,4.600000,4.628000,1258600
2021-08-16,4.548000,4.560000,4.510000,4.530000,1201400
2021-08-17,4.550000,4.550000,4.500000,4.512000,1692600
2021-08-18,4.488000,4.520000,4.480000,4.502000,890900
2021-08-19,4.486000,4.486000,4.292000,4.296000,4660800
2021-08-20,4.296000,4.326000,4.286000,4.292000,2149200
2021-08-23,4.242000,4.304000,4.240000,4.304000,2329400
2021-08-24,4.430000,4.484000,4.430000,4.474000,1533600
2021-08-25,4.544000,4.570000,4.536000,4.554000,1445800
2021-08-26,4.590000,4.606000,4.568000,4.566000,939400
2021-08-27,4.574000,4.646000,4.574000,4.638000,1553400
2021-08-30,4.634000,4.670000,4.610000,4.612000,1576300
2021-08-31,4.664000,4.686000,4.648000,4.656000,12040000
2021-09-01,4.650000,4.688000,4.650000,4.684000,1438600
2021-09-02,4.604000,4.644000,4.598000,4.644000,1724400
2021-09-03,4.720000,4.744000,4.720000,4.736000,3217200
2021-09-06,4.652000,4.660000,4.632000,4.650000,3500600
2021-09-07,4.668000,4.700000,4.668000,4.686000,6063400
2021-09-08,4.686000,4.686000,4.630000,4.654000,679000
2021-09-09,4.672000,4.704000,4.670000,4.674000,27247400
2021-09-10,4.608000,4.672000,4.608000,4.670000,1179600
2021-09-13,4.742000,4.764000,4.732000,4.744000,3366800
2021-09-14,4.778000,4.806000,4.776000,4.804000,2341600
2021-09-15,4.804000,4.822000,4.780000,4.814000,3248200
2021-09-16,4.852000,4.920000,4.852000,4.888000,18904000
2021-09-17,4.890000,4.904000,4.870000,4.872000,3258800
2021-09-20,4.840000,4.840000,4.790000,4.806000,5966000
2021-09-21,4.784000,4.830000,4.784000,4.826000,14922200
2021-09-23,4.880000,4.922000,4.880000,4.906000,4212800
2021-09-24,4.966000,4.998000,4.952000,4.972000,17795000
2021-09-27,5.065000,5.105000,5.060000,5.065000,9611000
2021-09-28,5.100000,5.195000,5.100000,5.165000,11105800
2021-09-29,5.120000,5.120000,5.000000,5.045000,2331600
2021-09-30,5.100000,5.100000,5.055000,5.095000,3621200
2021-10-04,5.115000,5.150000,5.115000,5.150000,3283400
2021-10-05,5.255000,5.300000,5.255000,5.290000,5195000
2021-10-06,5.355000,5.405000,5.345000,5.355000,13565400
2021-10-07,5.290000,5.290000,5.155000,5.160000,2396200
2021-10-08,5.400000,5.400000,5.350000,5.385000,5891200
2021-10-11,5.445000,5.460000,5.405000,5.460000,4118800
2021-10-12,5.460000,5.460000,5.400000,5.445000,2868800
2021-10-15,5.500000,5.550000,5.500000,5.540000,7413000
2021-10-18,5.555000,5.615000,5.555000,5.590000,3305200
2021-10-19,5.600000,5.600000,5.500000,5.565000,1168200
2021-10-20,5.570000,5.570000,5.520000,5.520000,2091000
2021-10-21,5.595000,5.650000,5.590000,5.600000,2596400
2021-10-22,5.580000,5.595000,5.515000,5.560000,1304200
2021-10-25,5.650000,5.685000,5.650000,5.660000,1526000
2021-10-26,5.660000,5.660000,5.605000,5.610000,780600
2021-10-27,5.660000,5.660000,5.605000,5.605000,1316200
2021-10-28,5.455000,5.515000,5.425000,5.510000,2495000
2021-10-29,5.520000,5.590000,5.520000,5.570000,883000
2021-11-01,5.570000,5.570000,5.520000,5.520000,825400
2021-11-02,5.610000,5.640000,5.605000,5.615000,1452200
2021-11-03,5.550000,5.560000,5.515000,5.530000,11520800
2021-11-04,5.480000,5.450000,5.355000,5.450000,1409200
2021-11-05,5.405000,5.405000,5.320000,5.335000,1004000
2021-11-08,5.540000,5.550000,5.525000,5.540000,1460600
2021-11-09,5.500000,5.530000,5.500000,5.520000,1223200
2021-11-10,5.635000,5.655000,5.625000,5.630000,2647000
2021-11-11,5.500000,5.500000,5.450000,5.475000,1087400
2021-11-12,5.460000,5.470000,5.435000,5.440000,918001
2021-11-15,5.415000,5.415000,5.385000,5.405000,533200
2021-11-16,5.405000,5.505000,5.405000,5.475000,327400
2021-11-17,5.425000,5.430000,5.400000,5.430000,868400
2021-11-18,5.350000,5.350000,5.255000,5.265000,2176200
2021-11-19,5.395000,5.450000,5.390000,5.435000,1788200
2021-11-22,5.260000,5.260000,5.190000,5.250000,1796800
2021-11-23,5.275000,5.285000,5.240000,5.260000,1014800
2021-11-24,5.420000,5.455000,5.410000,5.425000,5592300
2021-11-25,5.425000,5.425000,5.410000,5.410000,587600
2021-11-26,5.375000,5.375000,5.170000,5.180000,3581400
2021-11-29,5.090000,5.090000,4.908000,4.966000,10611800
2021-11-30,4.966000,4.966000,4.666000,4.738000,11943800
2021-12-01,4.700000,4.766000,4.654000,4.764000,4929400
2021-12-02,4.738000,4.738000,4.564000,4.642000,3734200
2021-12-03,4.642000,4.730000,4.626000,4.730000,1201800
2021-12-06,4.728000,4.746000,4.710000,4.734000,500000
2021-12-07,4.860000,4.930000,4.860000,4.922000,1667400
2021-12-08,4.996000,5.015000,4.968000,4.982000,1672000
2021-12-09,5.050000,5.105000,5.050000,5.065000,1010400
2021-12-10,5.000000,5.000000,4.922000,4.932000,900600
2021-12-13,5.050000,5.080000,5.050000,5.050000,1517400
2021-12-14,4.954000,4.980000,4.922000,4.976000,1145400
2021-12-15,4.900000,4.900000,4.850000,4.872000,1698800
2021-12-16,4.992000,5.000000,4.972000,4.980000,665200
2021-12-17,5.005000,5.015000,4.964000,4.982000,444200
2021-12-20,4.826000,4.830000,4.736000,4.766000,849600
2021-12-21,4.766000,4.860000,4.766000,4.814000,2004000
2021-12-22,4.976000,4.996000,4.958000,4.960000,902000
2021-12-23,5.050000,5.090000,5.050000,5.055000,1084800
2021-12-24,5.080000,5.125000,5.080000,5.100000,510000
2021-12-28,5.210000,5.285000,5.210000,5.250000,2154000
2021-12-29,5.275000,5.290000,5.270000,5.290000,1299000
2021-12-30,5.300000,5.350000,5.300000,5.300000,2234800
2021-12-31,5.290000,5.325000,5.285000,5.320000,723000
2022-01-03,5.280000,5.280000,5.250000,5.285000,879600
2022-01-04,5.320000,5.335000,5.275000,5.300000,982200
2022-01-05,5.300000,5.365000,5.300000,5.360000,1031800
2022-01-06,5.360000,5.380000,5.330000,5.375000,844600
2022-01-07,5.510000,5.560000,5.510000,5.535000,4807600
2022-01-10,5.485000,5.500000,5.440000,5.490000,1017800
2022-01-11,5.450000,5.470000,5.445000,5.470000,493400
2022-01-12,5.630000,5.640000,5.610000,5.625000,4981000
2022-01-13,5.715000,5.715000,5.670000,5.685000,2191700
2022-01-14,5.660000,5.700000,5.660000,5.690000,2057600
2022-01-17,5.810000,5.830000,5.785000,5.810000,13239100
2022-01-18,5.810000,5.910000,5.810000,5.905000,6295200
2022-01-19,5.970000,5.990000,5.910000,5.920000,2095000
2022-01-20,5.890000,5.960000,5.880000,5.910000,2773060
2022-01-21,5.790000,5.870000,5.770000,5.865000,1834800
2022-01-24,5.955000,5.975000,5.935000,5.950000,1012600
2022-01-25,5.925000,5.925000,5.800000,5.830000,10643200
2022-01-26,5.900000,5.945000,5.890000,5.935000,1138000
2022-01-27,6.010000,6.020000,5.955000,5.995000,12177800
2022-01-28,6.000000,6.025000,5.985000,6.020000,1841000
2022-01-31,6.050000,6.050000,6.050000,6.050000,0
2022-02-04,6.200000,6.230000,6.200000,6.230000,2917400
2022-02-07,6.325000,6.355000,6.285000,6.320000,1930200
2022-02-08,6.265000,6.295000,6.230000,6.240000,1189000
2022-02-09,6.230000,6.230000,5.535000,6.110000,2306200
2022-02-10,6.195000,6.215000,6.180000,6.215000,630800
2022-02-11,6.175000,6.190000,6.140000,6.175000,1394000
2022-02-14,6.450000,6.455000,6.410000,6.430000,5506200
2022-02-15,6.430000,6.450000,6.410000,6.420000,4117200
2022-02-16,6.335000,6.335000,6.205000,6.290000,12694400
2022-02-17,6.230000,6.310000,6.210000,6.300000,741000
2022-02-18,6.290000,6.290000,6.190000,6.205000,1655200
2022-02-21,6.250000,6.260000,6.215000,6.235000,1246800
2022-02-22,6.450000,6.525000,6.440000,6.520000,4131400
2022-02-23,6.470000,6.470000,6.400000,6.430000,783400
2022-02-24,6.490000,6.825000,6.485000,6.765000,6389800
2022-02-25,6.690000,6.690000,6.530000,6.585000,4033700
2022-02-28,6.600000,6.725000,6.585000,6.610000,3680600
2022-03-01,6.600000,6.725000,6.600000,6.705000,2022300
2022-03-02,7.115000,7.520000,7.115000,7.475000,20799200
2022-03-03,7.590000,7.850000,7.590000,7.810000,8422900
2022-03-04,7.690000,7.690000,7.380000,7.400000,14542600
2022-03-07,8.285000,8.550000,8.285000,8.470000,21984700
2022-03-08,8.140000,8.390000,8.000000,8.295000,4396600
2022-03-09,8.500000,8.590000,8.425000,8.460000,5051000
2022-03-10,7.480000,7.580000,7.230000,7.530000,18899200
2022-03-11,7.480000,7.480000,7.155000,7.455000,4118200
2022-03-14,7.445000,7.445000,7.280000,7.290000,3399200
2022-03-15,6.995000,6.995000,6.795000,6.825000,6538200
2022-03-16,6.800000,6.970000,6.800000,6.925000,2861600
2022-03-17,6.925000,6.925000,6.745000,6.890000,5209000
2022-03-18,7.325000,7.460000,7.310000,7.370000,3521900
2022-03-21,7.500000,7.640000,7.500000,7.635000,3298200
2022-03-22,7.980000,8.025000,7.895000,7.910000,4341600
2022-03-23,7.890000,7.895000,7.765000,7.835000,1229200
2022-03-24,8.200000,8.250000,8.010000,8.125000,12582400
2022-03-25,8.075000,8.075000,7.850000,7.850000,1622800
2022-03-28,7.850000,7.890000,7.730000,7.750000,563800
2022-03-29,7.500000,7.605000,7.430000,7.600000,13252400
2022-03-30,7.300000,7.650000,7.300000,7.600000,2731600
2022-03-31,7.415000,7.450000,7.265000,7.400000,1724800
2022-04-01,7.235000,7.275000,7.080000,7.200000,2267000
2022-04-04,7.200000,7.310000,7.170000,7.280000,659800
2022-04-06,7.380000,7.480000,7.380000,7.470000,1138400
2022-04-07,7.385000,7.385000,7.070000,7.080000,1487000
2022-04-08,7.100000,7.125000,7.010000,7.120000,1384000
2022-04-11,7.020000,7.120000,7.020000,7.080000,9420400
2022-04-12,7.050000,7.200000,7.035000,7.135000,3871000
2022-04-13,7.425000,7.425000,7.355000,7.375000,859600
2022-04-14,7.505000,7.620000,7.505000,7.540000,3289800
2022-04-19,7.830000,7.905000,7.780000,7.790000,2046200
2022-04-20,7.650000,7.650000,7.505000,7.505000,786500
2022-04-21,7.565000,7.675000,7.565000,7.650000,498400
2022-04-22,7.590000,7.615000,7.530000,7.605000,893400
2022-04-25,7.420000,7.420000,7.200000,7.210000,692200
2022-04-26,7.210000,7.335000,7.210000,7.210000,343000
2022-04-27,7.500000,7.535000,7.445000,7.470000,651400
2022-04-28,7.460000,7.470000,7.340000,7.450000,243200
2022-04-29,7.580000,7.720000,7.580000,7.685000,2910800
2022-05-03,7.690000,7.690000,7.580000,7.615000,629800
2022-05-04,7.580000,7.685000,7.520000,7.665000,228200
2022-05-05,7.800000,7.940000,7.800000,7.860000,13021000
2022-05-06,7.860000,7.980000,7.860000,7.900000,1045400
2022-05-10,7.470000,7.580000,7.345000,7.580000,14221400
2022-05-11,7.340000,7.500000,7.340000,7.455000,4469000
2022-05-12,7.615000,7.660000,7.495000,7.545000,2226800
2022-05-13,7.545000,7.830000,7.545000,7.765000,14156800
2022-05-16,7.930000,7.940000,7.810000,7.855000,1190200
2022-05-17,8.105000,8.200000,8.100000,8.140000,2857200
2022-05-18,8.140000,8.140000,8.000000,8.090000,701800
2022-05-19,7.960000,7.960000,7.780000,7.810000,12266600
2022-05-20,7.950000,7.975000,7.870000,7.960000,200200
2022-05-23,8.060000,8.095000,8.040000,8.090000,11129800
2022-05-24,8.000000,8.020000,7.935000,7.995000,10957200
2022-05-25,8.100000,8.125000,8.075000,8.100000,1017000
2022-05-26,8.065000,8.120000,8.055000,8.115000,1495600
2022-05-27,8.300000,8.370000,8.290000,8.330000,12966400
2022-05-30,8.405000,8.485000,8.405000,8.440000,1968800
2022-05-31,8.530000,8.720000,8.530000,8.685000,2343900
2022-06-01,8.420000,8.525000,8.375000,8.515000,960600
2022-06-02,8.400000,8.400000,8.240000,8.270000,12454600
2022-06-06,8.625000,8.800000,8.625000,8.745000,14060000
2022-06-07,8.720000,8.770000,8.700000,8.700000,1079200
2022-06-08,8.760000,8.855000,8.760000,8.835000,2144000
2022-06-09,9.000000,9.015000,8.940000,8.945000,1610500
2022-06-10,8.945000,8.945000,8.830000,8.870000,221000
2022-06-13,8.845000,8.845000,8.650000,8.685000,982200
2022-06-14,8.845000,8.925000,8.830000,8.920000,289800
2022-06-15,8.890000,8.890000,8.670000,8.705000,420800
2022-06-16,8.600000,8.600000,8.525000,8.550000,580200
2022-06-17,8.750000,8.750000,8.550000,8.675000,14685600
2022-06-20,8.550000,8.550000,8.075000,8.140000,1371600
2022-06-21,8.275000,8.325000,8.230000,8.290000,764200
2022-06-22,8.130000,8.130000,7.780000,7.855000,4245400
2022-06-23,7.750000,7.900000,7.710000,7.840000,619400
2022-06-24,7.825000,7.830000,7.730000,7.775000,740400
2022-06-27,7.800000,8.040000,7.950000,8.020000,508200
2022-06-28,8.080000,8.290000,8.080000,8.230000,1025400
2022-06-29,8.460000,8.460000,8.265000,8.315000,235400
2022-06-30,8.200000,8.225000,8.145000,8.165000,463000
2022-07-04,7.990000,8.100000,7.970000,8.040000,290600
2022-07-05,8.235000,8.265000,8.140000,8.190000,308600
2022-07-06,7.730000,7.730000,7.340000,7.345000,3821000
2022-07-07,7.275000,7.310000,7.100000,7.190000,1429400
2022-07-08,7.500000,7.635000,7.500000,7.555000,1157600
2022-07-11,7.795000,7.795000,7.575000,7.555000,434800
2022-07-12,7.605000,7.655000,7.500000,7.500000,466600
2022-07-13,7.100000,7.250000,7.100000,7.210000,1015800
2022-07-14,7.205000,7.245000,7.125000,7.150000,883800
2022-07-15,7.110000,7.195000,7.045000,7.070000,1267400
2022-07-18,7.140000,7.440000,7.140000,7.395000,1142200
2022-07-19,7.560000,7.620000,7.515000,7.600000,479800
2022-07-20,7.600000,7.640000,7.500000,7.530000,382200
2022-07-21,7.575000,7.600000,7.435000,7.445000,303800
2022-07-22,7.400000,7.480000,7.335000,7.345000,369200
2022-07-25,7.345000,7.345000,7.180000,7.190000,419000
2022-07-26,7.495000,7.600000,7.490000,7.550000,642400
2022-07-27,7.530000,7.530000,7.325000,7.425000,371800
2022-07-28,7.600000,7.680000,7.600000,7.655000,789800
2022-07-29,7.570000,7.605000,7.495000,7.615000,287800
2022-08-01,7.615000,7.615000,7.550000,7.595000,173600
2022-08-02,7.280000,7.355000,7.235000,7.310000,2192400
2022-08-03,7.360000,7.410000,7.330000,7.335000,227400
2022-08-04,7.200000,7.200000,7.100000,7.135000,816400
2022-08-05,7.085000,7.085000,6.950000,7.010000,1035400
2022-08-08,6.965000,7.085000,6.960000,7.020000,351600
2022-08-09,7.055000,7.150000,7.055000,7.070000,530800
2022-08-10,7.070000,7.120000,7.050000,7.070000,531800
2022-08-11,7.200000,7.255000,7.200000,7.220000,150000
2022-08-12,7.395000,7.440000,7.375000,7.430000,814200
2022-08-15,7.240000,7.250000,7.150000,7.150000,461200
2022-08-16,7.000000,7.070000,6.990000,7.000000,1018000
2022-08-17,6.980000,6.980000,6.900000,6.900000,371800
2022-08-18,7.000000,7.015000,6.975000,7.000000,229400
2022-08-19,7.100000,7.195000,7.100000,7.145000,417800
2022-08-22,7.145000,7.170000,7.100000,7.105000,134000
2022-08-23,7.230000,7.325000,7.230000,7.300000,627300
2022-08-24,7.420000,7.525000,7.420000,7.525000,2086200
2022-08-25,7.600000,7.620000,7.565000,7.610000,739600
2022-08-26,7.550000,7.550000,7.430000,7.490000,336600
2022-08-29,7.450000,7.490000,7.435000,7.480000,268000
2022-08-30,7.645000,7.715000,7.635000,7.695000,613000
2022-08-31,7.525000,7.525000,7.270000,7.280000,525200
2022-09-01,7.250000,7.250000,7.050000,7.085000,765200
2022-09-02,7.000000,7.080000,6.985000,7.060000,1255800
2022-09-05,7.060000,7.115000,7.020000,7.090000,617800
2022-09-06,7.150000,7.155000,7.060000,7.130000,533000
2022-09-07,7.020000,7.020000,6.810000,6.865000,1834200
2022-09-08,6.710000,6.710000,6.570000,6.585000,2288000
2022-09-09,6.660000,6.750000,6.650000,6.750000,798800
2022-09-13,6.970000,7.070000,6.915000,7.050000,993200
2022-09-14,7.040000,7.040000,6.880000,6.920000,261800
2022-09-15,7.020000,7.065000,7.020000,7.060000,323000
2022-09-16,6.810000,6.835000,6.760000,6.765000,490600
2022-09-19,6.840000,6.840000,6.700000,6.710000,264600
2022-09-20,6.800000,6.855000,6.800000,6.850000,225600
2022-09-21,6.700000,6.930000,6.700000,6.905000,350200
2022-09-22,6.660000,6.715000,6.640000,6.715000,1778000
2022-09-23,6.715000,6.715000,6.600000,6.620000,288600
2022-09-26,6.500000,6.500000,6.215000,6.280000,1519400
2022-09-27,6.180000,6.255000,6.160000,6.240000,690200
2022-09-28,6.240000,6.240000,6.120000,6.190000,413000
2022-09-29,6.450000,6.555000,6.410000,6.450000,770400
2022-09-30,6.500000,6.550000,6.440000,6.550000,299600
2022-10-03,6.515000,6.620000,6.495000,6.605000,414600
2022-10-05,6.810000,6.885000,6.810000,6.860000,842600
2022-10-06,6.980000,7.030000,6.960000,7.020000,620400
2022-10-07,7.060000,7.075000,7.030000,7.075000,577800
2022-10-10,7.270000,7.335000,7.260000,7.280000,1103600
2022-10-11,7.240000,7.240000,7.080000,7.085000,810200
2022-10-12,6.995000,7.110000,6.990000,7.060000,383200
2022-10-13,6.940000,6.955000,6.900000,6.960000,307400
2022-10-14,7.065000,7.100000,7.065000,7.100000,223600
2022-10-17,6.880000,6.910000,6.855000,6.920000,152200
2022-10-18,6.860000,6.880000,6.815000,6.870000,131000
2022-10-19,6.720000,6.740000,6.650000,6.650000,263000
2022-10-20,6.815000,6.925000,6.815000,6.925000,572200
2022-10-21,6.800000,6.830000,6.770000,6.770000,147000
2022-10-24,6.900000,6.920000,6.750000,6.775000,234400
2022-10-25,6.830000,6.875000,6.795000,6.790000,137000
2022-10-26,6.850000,6.870000,6.810000,6.870000,87100
2022-10-27,7.105000,7.120000,7.050000,7.060000,318000
2022-10-28,7.110000,7.135000,7.050000,7.085000,419800
2022-10-31,7.060000,7.060000,6.990000,7.025000,120800
2022-11-01,6.975000,7.100000,6.970000,7.090000,215600
2022-11-02,7.115000,7.230000,7.115000,7.215000,301000
2022-11-03,7.215000,7.225000,7.165000,7.185000,214100
2022-11-04,7.145000,7.310000,7.145000,7.300000,325600
2022-11-07,7.335000,7.400000,7.335000,7.380000,489600
2022-11-08,7.435000,7.435000,7.375000,7.380000,403600
2022-11-09,7.200000,7.220000,7.170000,7.195000,348800
2022-11-10,7.050000,7.050000,6.925000,6.925000,415800
2022-11-11,7.040000,7.200000,7.030000,7.190000,305800
2022-11-14,7.245000,7.270000,7.170000,7.220000,157400
2022-11-15,7.000000,7.005000,6.955000,6.985000,463000
2022-11-16,7.080000,7.095000,7.040000,7.065000,201800
2022-11-17,6.930000,6.945000,6.890000,6.940000,298000
2022-11-18,6.800000,6.815000,6.750000,6.775000,665600
2022-11-21,6.590000,6.645000,6.565000,6.625000,844600
2022-11-22,6.675000,6.690000,6.635000,6.690000,418000
2022-11-23,6.740000,6.755000,6.695000,6.755000,162200
2022-11-24,6.510000,6.510000,6.465000,6.490000,1257400
2022-11-25,6.520000,6.570000,6.520000,6.550000,158200
2022-11-28,6.400000,6.400000,6.180000,6.230000,1039200
2022-11-29,6.425000,6.605000,6.425000,6.570000,1183600
2022-11-30,6.575000,6.600000,6.550000,6.585000,312600
2022-12-01,6.695000,6.745000,6.680000,6.690000,245800
2022-12-02,6.745000,6.780000,6.730000,6.775000,509000
2022-12-05,6.800000,6.800000,6.690000,6.705000,522400
2022-12-06,6.490000,6.500000,6.445000,6.475000,320400
2022-12-07,6.350000,6.350000,6.195000,6.215000,1141600
2022-12-08,6.200000,6.200000,6.075000,6.105000,1660000
2022-12-09,6.090000,6.090000,5.995000,6.005000,1542800
2022-12-12,6.005000,6.010000,5.970000,5.975000,426600
2022-12-13,6.145000,6.225000,6.145000,6.195000,1811200
2022-12-14,6.275000,6.285000,6.250000,6.280000,526200
2022-12-15,6.280000,6.415000,6.280000,6.360000,718200
2022-12-16,6.315000,6.360000,6.290000,6.285000,445000
2022-12-19,6.295000,6.295000,6.225000,6.225000,112400
2022-12-20,6.305000,6.350000,6.250000,6.250000,246600
2022-12-21,6.340000,6.360000,6.310000,6.320000,222400
2022-12-22,6.510000,6.540000,6.505000,6.520000,605000
2022-12-23,6.465000,6.520000,6.465000,6.500000,438200
2022-12-28,6.550000,6.640000,6.550000,6.590000,4430400
2022-12-29,6.540000,6.555000,6.490000,6.490000,106800
2022-12-30,6.550000,6.570000,6.520000,6.520000,169400
2023-01-03,6.640000,6.730000,6.610000,6.725000,538200
2023-01-04,6.410000,6.440000,6.370000,6.390000,693800
2023-01-05,6.300000,6.350000,6.155000,6.160000,1605200
2023-01-06,6.230000,6.250000,6.200000,6.195000,517800
2023-01-09,6.230000,6.300000,6.220000,6.300000,459000
2023-01-10,6.300000,6.300000,6.215000,6.210000,110800
2023-01-11,6.230000,6.250000,6.220000,6.245000,152600
2023-01-12,6.495000,6.500000,6.465000,6.490000,575800
2023-01-13,6.535000,6.585000,6.525000,6.585000,459000
2023-01-16,6.640000,6.660000,6.615000,6.615000,414400
2023-01-17,6.600000,6.645000,6.590000,6.610000,654200
2023-01-18,6.610000,6.795000,6.610000,6.750000,1129500
2023-01-19,6.600000,6.600000,6.550000,6.595000,124400
2023-01-20,6.600000,6.770000,6.600000,6.765000,845200
2023-01-26,6.725000,6.725000,6.700000,6.720000,257400
2023-01-27,6.720000,6.800000,6.720000,6.775000,513000
2023-01-30,6.695000,6.695000,6.590000,6.600000,220200
2023-01-31,6.550000,6.550000,6.460000,6.480000,254400
2023-02-01,6.600000,6.625000,6.600000,6.625000,157600
2023-02-02,6.635000,6.635000,6.405000,6.405000,626800
2023-02-03,6.395000,6.395000,6.315000,6.320000,536200
2023-02-06,6.200000,6.205000,6.150000,6.200000,1108800
2023-02-07,6.260000,6.330000,6.260000,6.330000,378400
2023-02-08,6.440000,6.480000,6.440000,6.480000,434000
2023-02-09,6.515000,6.565000,6.515000,6.540000,407000
2023-02-10,6.530000,6.510000,6.480000,6.495000,177400
2023-02-13,6.520000,6.610000,6.520000,6.585000,408000
2023-02-14,6.595000,6.645000,6.595000,6.635000,461400
2023-02-15,6.580000,6.585000,6.505000,6.510000,57600
2023-02-16,6.520000,6.620000,6.520000,6.620000,301400
2023-02-17,6.515000,6.530000,6.465000,6.475000,85800
2023-02-20,6.365000,6.450000,6.365000,6.450000,121000
2023-02-21,6.450000,6.450000,6.370000,6.440000,971800
2023-02-22,6.355000,6.380000,6.330000,6.330000,348200
2023-02-23,6.250000,6.250000,6.185000,6.200000,762000
2023-02-24,6.335000,6.360000,6.330000,6.360000,574000
2023-02-27,6.360000,6.375000,6.320000,6.345000,187400
2023-02-28,6.305000,6.360000,6.300000,6.360000,312200
2023-03-01,6.400000,6.475000,6.400000,6.475000,1105200
2023-03-02,6.475000,6.485000,6.440000,6.450000,325600
2023-03-03,6.455000,6.510000,6.455000,6.490000,1771000
2023-03-06,6.615000,6.615000,6.570000,6.610000,589000
2023-03-07,6.685000,6.730000,6.685000,6.710000,1141800
2023-03-08,6.440000,6.475000,6.420000,6.425000,346200
2023-03-09,6.390000,6.395000,6.380000,6.380000,673800
2023-03-10,6.345000,6.345000,6.250000,6.270000,916000
2023-03-13,6.375000,6.420000,6.370000,6.420000,180800
2023-03-14,6.245000,6.245000,6.150000,6.165000,984800
2023-03-15,6.100000,6.100000,6.020000,6.045000,2385000
2023-03-16,5.990000,5.990000,5.660000,5.680000,3480800
2023-03-17,5.720000,5.800000,5.720000,5.785000,728200
2023-03-20,5.720000,5.720000,5.430000,5.440000,1340000
2023-03-21,5.640000,5.655000,5.600000,5.610000,499800
2023-03-22,5.780000,5.790000,5.755000,5.765000,569400
2023-03-23,5.830000,5.885000,5.830000,5.875000,339200
2023-03-24,5.870000,5.875000,5.770000,5.840000,216600
2023-03-27,5.780000,5.845000,5.780000,5.830000,300800
2023-03-28,6.075000,6.100000,6.060000,6.085000,759400
2023-03-29,6.160000,6.170000,6.130000,6.155000,851600
2023-03-30,6.085000,6.115000,6.065000,6.115000,583000
2023-03-31,6.170000,6.220000,6.160000,6.175000,1256000
2023-04-03,6.580000,6.655000,6.570000,6.640000,3473000
2023-04-04,6.680000,6.745000,6.680000,6.735000,1125400
2023-04-06,6.650000,6.680000,6.635000,6.675000,392600
2023-04-11,6.650000,6.690000,6.630000,6.680000,241200
2023-04-12,6.720000,6.795000,6.720000,6.770000,1026400
2023-04-13,6.825000,6.900000,6.825000,6.890000,447200
2023-04-14,6.840000,6.855000,6.795000,6.795000,207600
2023-04-17,6.840000,6.850000,6.835000,6.845000,85000
2023-04-18,6.735000,6.755000,6.730000,6.730000,149200
2023-04-19,6.730000,6.750000,6.665000,6.665000,1612000
2023-04-20,6.565000,6.565000,6.480000,6.490000,261400
2023-04-21,6.415000,6.440000,6.395000,6.435000,363400
2023-04-24,6.450000,6.450000,6.405000,6.440000,141600
2023-04-25,6.560000,6.590000,6.560000,6.585000,393800
2023-04-26,6.450000,6.475000,6.430000,6.430000,137400
2023-04-27,6.225000,6.240000,6.210000,6.235000,406800
2023-04-28,6.250000,6.280000,6.245000,6.245000,188800
2023-05-02,6.320000,6.335000,6.290000,6.290000,124600
2023-05-03,6.100000,6.100000,5.930000,5.935000,1318000
2023-05-04,5.850000,5.850000,5.750000,5.800000,2731200
2023-05-05,5.770000,5.850000,5.760000,5.850000,1028000
2023-05-08,5.970000,6.055000,5.960000,6.055000,641600
2023-05-09,6.095000,6.110000,6.050000,6.050000,1197600
2023-05-10,6.150000,6.150000,6.100000,6.100000,333200
2023-05-11,6.100000,6.145000,6.100000,6.120000,112600
2023-05-12,5.950000,5.950000,5.895000,5.905000,445200
2023-05-15,5.880000,5.885000,5.830000,5.880000,334200
2023-05-16,5.990000,6.015000,5.950000,5.970000,252200
2023-05-17,5.920000,5.955000,5.885000,5.900000,125200
2023-05-18,6.090000,6.110000,6.085000,6.105000,359200
2023-05-19,6.050000,6.110000,6.035000,6.100000,227800
2023-05-22,6.035000,6.035000,5.940000,5.985000,196800
2023-05-23,6.080000,6.090000,6.025000,6.030000,342800
2023-05-24,6.120000,6.205000,6.120000,6.155000,938800
2023-05-25,6.215000,6.250000,6.195000,6.200000,452400
2023-05-29,6.180000,6.185000,6.155000,6.160000,76000
2023-05-30,6.160000,6.160000,6.080000,6.090000,120000
2023-05-31,5.895000,5.895000,5.815000,5.820000,588600
2023-06-01,5.750000,5.800000,5.740000,5.765000,485400
2023-06-02,5.920000,5.985000,5.920000,5.965000,442600
2023-06-05,6.055000,6.170000,6.055000,6.170000,401000
2023-06-06,6.050000,6.055000,5.960000,5.980000,261000
2023-06-07,6.015000,6.025000,6.000000,6.000000,74000
2023-06-08,6.105000,6.140000,6.095000,6.125000,282800
2023-06-09,6.000000,6.020000,5.980000,6.020000,71200
2023-06-12,5.875000,5.880000,5.810000,5.810000,616600
2023-06-13,5.755000,5.755000,5.700000,5.730000,1322300
2023-06-14,5.855000,5.930000,5.850000,5.930000,919000
2023-06-15,5.785000,5.820000,5.765000,5.810000,327000
2023-06-16,5.930000,5.995000,5.930000,5.965000,656600
2023-06-19,6.000000,6.030000,5.970000,6.030000,146400
2023-06-20,6.010000,6.050000,6.000000,6.040000,184800
2023-06-21,6.020000,6.050000,6.020000,6.025000,388200
2023-06-23,5.890000,5.890000,5.780000,5.780000,416600
2023-06-26,5.890000,5.910000,5.855000,5.880000,234200
2023-06-27,5.880000,5.940000,5.880000,5.885000,396000
2023-06-28,5.765000,5.790000,5.755000,5.775000,980900
2023-06-29,5.885000,5.900000,5.855000,5.855000,333400
2023-06-30,5.905000,5.950000,5.905000,5.950000,603800
2023-07-03,5.975000,5.985000,5.960000,5.980000,134000
2023-07-04,5.925000,5.960000,5.925000,5.960000,705400
2023-07-05,5.980000,6.085000,5.980000,6.085000,865600
2023-07-06,6.070000,6.085000,6.050000,6.055000,470000
2023-07-07,6.065000,6.100000,6.050000,6.085000,341600
2023-07-10,6.200000,6.210000,6.165000,6.165000,503600
2023-07-11,6.170000,6.200000,6.170000,6.195000,325000
2023-07-12,6.300000,6.325000,6.285000,6.310000,632600
2023-07-13,6.310000,6.405000,6.310000,6.390000,410400
2023-07-14,6.480000,6.485000,6.445000,6.460000,479200
2023-07-18,6.290000,6.290000,6.235000,6.255000,148800
2023-07-19,6.295000,6.380000,6.295000,6.370000,141200
2023-07-20,6.370000,6.380000,6.360000,6.360000,24400
2023-07-21,6.380000,6.450000,6.380000,6.445000,216400
2023-07-24,6.440000,6.495000,6.440000,6.455000,671200
2023-07-25,6.600000,6.655000,6.600000,6.620000,462000
2023-07-26,6.660000,6.685000,6.660000,6.680000,366800
2023-07-27,6.680000,6.700000,6.675000,6.685000,466800
2023-07-28,6.685000,6.735000,6.685000,6.725000,402200
2023-07-31,6.750000,6.775000,6.740000,6.765000,150000
2023-08-01,6.855000,6.875000,6.825000,6.825000,293200
2023-08-02,6.880000,6.920000,6.865000,6.865000,417600
2023-08-03,6.710000,6.725000,6.635000,6.635000,278400
2023-08-04,6.875000,6.890000,6.850000,6.890000,337600
2023-08-07,6.950000,6.960000,6.935000,6.935000,244400
2023-08-08,6.900000,6.910000,6.830000,6.830000,86200
2023-08-09,6.900000,6.985000,6.900000,6.985000,424800
2023-08-10,7.050000,7.100000,7.045000,7.080000,1437800
2023-08-11,6.975000,6.980000,6.950000,6.970000,96600
2023-08-14,6.965000,6.965000,6.890000,6.925000,293000
2023-08-15,6.930000,6.955000,6.900000,6.900000,77400
2023-08-16,6.805000,6.835000,6.785000,6.825000,379800
2023-08-17,6.700000,6.750000,6.690000,6.750000,154800
2023-08-18,6.785000,6.805000,6.760000,6.775000,467800
2023-08-21,6.865000,6.900000,6.865000,6.890000,90600
2023-08-22,6.800000,6.805000,6.790000,6.775000,108200
2023-08-23,6.775000,6.780000,6.725000,6.730000,124400
2023-08-24,6.690000,6.710000,6.655000,6.655000,171800
2023-08-25,6.730000,6.760000,6.725000,6.755000,347800
2023-08-28,6.790000,6.815000,6.770000,6.810000,76800
2023-08-29,6.780000,6.820000,6.775000,6.820000,77000
2023-08-30,6.900000,6.930000,6.900000,6.930000,147000
2023-08-31,6.935000,6.940000,6.910000,6.940000,103800
2023-09-04,7.200000,7.225000,7.200000,7.220000,844200
2023-09-05,7.200000,7.250000,7.190000,7.195000,553600
2023-09-06,7.320000,7.330000,7.290000,7.300000,352300
2023-09-07,7.350000,7.395000,7.350000,7.360000,318600
2023-09-11,7.340000,7.380000,7.340000,7.380000,352000
2023-09-12,7.380000,7.410000,7.380000,7.410000,133400
2023-09-13,7.500000,7.550000,7.500000,7.535000,571900
2023-09-14,7.510000,7.540000,7.505000,7.530000,252600
2023-09-15,7.600000,7.685000,7.600000,7.655000,230800
2023-09-18,7.655000,7.685000,7.650000,7.680000,349800
2023-09-19,7.680000,7.680000,7.650000,7.660000,129600
2023-09-20,7.620000,7.620000,7.550000,7.565000,409400
2023-09-21,7.500000,7.520000,7.465000,7.490000,182800
2023-09-22,7.590000,7.620000,7.580000,7.590000,181200
2023-09-25,7.550000,7.600000,7.550000,7.550000,388400
2023-09-26,7.530000,7.545000,7.420000,7.450000,232000
2023-09-27,7.450000,7.660000,7.450000,7.650000,246600
2023-09-28,7.870000,7.870000,7.815000,7.815000,440800
2023-09-29,7.680000,7.685000,7.660000,7.660000,136000
2023-10-03,7.600000,7.600000,7.380000,7.440000,310800
2023-10-04,7.480000,7.480000,7.405000,7.405000,122200
2023-10-05,7.200000,7.200000,7.040000,7.070000,358800
2023-10-06,7.000000,6.995000,6.915000,6.965000,188200
2023-10-09,7.205000,7.220000,7.140000,7.215000,961000
2023-10-10,7.215000,7.235000,7.155000,7.210000,330400
2023-10-11,7.220000,7.250000,7.210000,7.230000,331600
2023-10-12,7.040000,7.100000,7.025000,7.110000,501000
2023-10-13,7.110000,7.190000,7.085000,7.190000,39000
2023-10-16,7.300000,7.425000,7.300000,7.395000,413600
2023-10-17,7.395000,7.395000,7.295000,7.340000,179000
2023-10-18,7.475000,7.540000,7.475000,7.485000,165400
2023-10-19,7.500000,7.500000,7.425000,7.435000,199400
2023-10-20,7.600000,7.665000,7.600000,7.635000,468600
2023-10-24,7.430000,7.435000,7.385000,7.420000,388400
2023-10-25,7.300000,7.300000,7.215000,7.230000,164800
2023-10-26,7.390000,7.405000,7.325000,7.385000,117600
2023-10-27,7.200000,7.345000,7.200000,7.330000,136800
2023-10-30,7.345000,7.350000,7.275000,7.290000,69600
2023-10-31,7.290000,7.290000,7.150000,7.170000,220800
2023-11-01,7.170000,7.170000,7.060000,7.090000,152000
2023-11-02,7.105000,7.110000,7.090000,7.100000,27200
2023-11-03,7.200000,7.240000,7.195000,7.235000,183000
2023-11-06,7.090000,7.110000,7.070000,7.100000,563400
2023-11-07,7.050000,7.055000,6.990000,6.990000,249200
2023-11-08,6.800000,6.805000,6.750000,6.790000,629800
2023-11-09,6.695000,6.700000,6.620000,6.655000,473800
2023-11-10,6.665000,6.700000,6.655000,6.680000,211400
2023-11-13,6.735000,6.740000,6.710000,6.730000,75600
2023-11-14,6.800000,6.895000,6.800000,6.880000,173800
2023-11-15,6.885000,6.905000,6.860000,6.880000,95600
2023-11-16,6.800000,6.800000,6.715000,6.735000,243000
2023-11-17,6.650000,6.650000,6.470000,6.480000,460400
2023-11-20,6.715000,6.775000,6.715000,6.750000,1403600
2023-11-21,6.840000,6.865000,6.815000,6.825000,550000
2023-11-22,6.880000,6.880000,6.850000,6.880000,56200
2023-11-23,6.720000,6.770000,6.720000,6.770000,79800
2023-11-24,6.780000,6.785000,6.760000,6.770000,137200
2023-11-27,6.695000,6.700000,6.630000,6.650000,145200
2023-11-28,6.650000,6.675000,6.625000,6.640000,94800
2023-11-29,6.790000,6.790000,6.760000,6.770000,149600
2023-11-30,6.850000,6.940000,6.850000,6.930000,258800
2023-12-01,6.820000,6.820000,6.670000,6.710000,240600
2023-12-04,6.705000,6.705000,6.510000,6.510000,255800
2023-12-05,6.500000,6.520000,6.495000,6.520000,733400
2023-12-06,6.440000,6.450000,6.425000,6.435000,167400
2023-12-07,6.295000,6.295000,6.195000,6.220000,273600
2023-12-08,6.215000,6.305000,6.215000,6.290000,538800
2023-12-11,6.320000,6.380000,6.320000,6.365000,124000
2023-12-12,6.340000,6.390000,6.340000,6.380000,116800
2023-12-13,6.110000,6.130000,6.070000,6.075000,496800
2023-12-14,6.250000,6.250000,6.205000,6.230000,604200
2023-12-15,6.405000,6.420000,6.365000,6.365000,261800
2023-12-18,6.400000,6.440000,6.400000,6.410000,534600
2023-12-19,6.465000,6.475000,6.450000,6.450000,108600
2023-12-20,6.565000,6.585000,6.555000,6.585000,432600
2023-12-21,6.530000,6.575000,6.525000,6.575000,105200
2023-12-22,6.585000,6.605000,6.585000,6.600000,120800
2023-12-27,6.615000,6.690000,6.615000,6.675000,174800
2023-12-28,6.595000,6.595000,6.560000,6.565000,315800
2023-12-29,6.500000,6.500000,6.380000,6.380000,357000
2024-01-02,6.425000,6.475000,6.425000,6.450000,200800
2024-01-03,6.370000,6.370000,6.230000,6.230000,435000
2024-01-04,6.425000,6.500000,6.425000,6.490000,305600
2024-01-05,6.415000,6.435000,6.415000,6.430000,58800
2024-01-08,6.495000,6.495000,6.425000,6.455000,173400
2024-01-09,6.290000,6.300000,6.250000,6.280000,197600
2024-01-10,6.405000,6.430000,6.400000,6.400000,175400
2024-01-11,6.340000,6.375000,6.330000,6.360000,231400
2024-01-12,6.500000,6.530000,6.400000,6.510000,308000
2024-01-15,6.510000,6.510000,6.510000,6.510000,0
2024-01-16,6.410000,6.425000,6.395000,6.415000,58200
2024-01-17,6.365000,6.385000,6.345000,6.355000,307800
2024-01-18,6.420000,6.445000,6.415000,6.440000,153000
2024-01-19,6.500000,6.520000,6.495000,6.515000,497600
2024-01-22,6.435000,6.455000,6.430000,6.440000,66800
2024-01-23,6.550000,6.615000,6.575000,6.615000,266800
2024-01-24,6.560000,6.590000,6.555000,6.590000,87400
2024-01-25,6.630000,6.670000,6.625000,6.670000,693000
2024-01-26,6.775000,6.790000,6.760000,6.765000,724800
2024-01-29,6.850000,6.910000,6.850000,6.890000,1229400
2024-01-30,6.890000,6.890000,6.770000,6.775000,95600
2024-01-31,6.820000,6.830000,6.820000,6.810000,47200
2024-02-01,6.725000,6.740000,6.685000,6.690000,130800
2024-02-02,6.565000,6.570000,6.535000,6.550000,105000
2024-02-05,6.500000,6.425000,6.395000,6.400000,520600
2024-02-06,6.450000,6.465000,6.445000,6.465000,90200
2024-02-07,6.505000,6.515000,6.485000,6.490000,78400
2024-02-08,6.555000,6.570000,6.555000,6.565000,59600
2024-02-09,6.725000,6.725000,6.725000,6.725000,0
2024-02-14,6.750000,6.835000,6.750000,6.835000,886000
2024-02-15,6.700000,6.715000,6.695000,6.700000,112000
2024-02-16,6.815000,6.830000,6.815000,6.825000,214200
2024-02-19,6.845000,6.850000,6.840000,6.845000,153800
2024-02-20,6.880000,6.890000,6.880000,6.890000,133600
2024-02-21,6.785000,6.805000,6.785000,6.785000,264000
2024-02-22,6.840000,6.860000,6.840000,6.860000,10800
2024-02-23,6.860000,6.860000,6.835000,6.855000,145200
2024-02-26,6.710000,6.710000,6.690000,6.695000,35200
2024-02-27,6.815000,6.840000,6.810000,6.840000,48400
2024-02-28,6.880000,6.890000,6.870000,6.875000,172000
2024-02-29,6.865000,6.880000,6.845000,6.845000,43000
2024-03-01,6.865000,6.870000,6.865000,6.865000,79400
2024-03-04,7.000000,7.005000,6.975000,6.990000,437200
2024-03-05,6.910000,6.910000,6.870000,6.870000,284200
2024-03-06,6.840000,6.865000,6.830000,6.860000,92200
2024-03-07,6.860000,6.940000,6.860000,6.920000,123000
2024-03-08,6.955000,6.975000,6.945000,6.960000,192600
2024-03-11,6.805000,6.840000,6.795000,6.855000,76400
2024-03-12,6.885000,6.900000,6.875000,6.905000,38000
2024-03-13,6.885000,6.895000,6.880000,6.875000,28000
2024-03-14,6.920000,7.030000,6.920000,7.030000,285800
2024-03-15,7.105000,7.125000,7.100000,7.100000,251000
2024-03-18,7.135000,7.170000,7.135000,7.170000,111000
2024-03-19,7.240000,7.280000,7.230000,7.230000,195600
2024-03-20,7.275000,7.290000,7.260000,7.260000,173800
2024-03-21,7.205000,7.235000,7.205000,7.215000,225600
2024-03-22,7.120000,7.130000,7.115000,7.140000,60000
2024-03-25,7.175000,7.180000,7.155000,7.160000,35800
2024-03-26,7.270000,7.270000,7.230000,7.230000,65400
2024-03-27,7.160000,7.160000,7.140000,7.145000,21200
2024-03-28,7.145000,7.235000,7.145000,7.220000,111200
2024-04-02,7.360000,7.435000,7.360000,7.435000,457800
2024-04-03,7.435000,7.500000,7.435000,7.500000,373000
2024-04-05,7.610000,7.660000,7.610000,7.630000,642600
2024-04-08,7.640000,7.640000,7.470000,7.570000,187200
2024-04-09,7.615000,7.635000,7.570000,7.625000,1930002
2024-04-10,7.525000,7.550000,7.515000,7.545000,1595600
2024-04-11,7.625000,7.635000,7.590000,7.630000,215000
2024-04-12,7.595000,7.605000,7.580000,7.585000,54400
2024-04-15,7.585000,7.585000,7.485000,7.485000,626400
2024-04-16,7.600000,7.625000,7.580000,7.580000,347200
2024-04-17,7.545000,7.560000,7.530000,7.555000,76200
2024-04-18,7.540000,7.540000,7.305000,7.310000,168800
2024-04-19,7.315000,7.620000,7.315000,7.400000,2029000
2024-04-22,7.290000,7.290000,7.210000,7.215000,518600
2024-04-23,7.315000,7.350000,7.300000,7.350000,91200
2024-04-24,7.410000,7.435000,7.410000,7.420000,142000
2024-04-25,7.380000,7.410000,7.365000,7.410000,71000
2024-04-26,7.455000,7.485000,7.455000,7.470000,209400
2024-04-29,7.415000,7.430000,7.400000,7.430000,121800
2024-04-30,7.370000,7.380000,7.360000,7.395000,71400
2024-05-02,7.080000,7.115000,7.080000,7.115000,373000
2024-05-03,7.110000,7.110000,7.080000,7.100000,248200
2024-05-06,7.040000,7.070000,7.030000,7.065000,244000
2024-05-07,7.065000,7.075000,7.035000,7.035000,97000
2024-05-08,7.015000,7.030000,6.955000,6.955000,180600
2024-05-09,7.090000,7.120000,7.090000,7.120000,128468
2024-05-10,7.135000,7.160000,7.135000,7.145000,106600
2024-05-13,7.060000,7.060000,6.975000,7.030000,150600
2024-05-14,7.080000,7.095000,7.080000,7.075000,20600
2024-05-16,7.075000,7.080000,7.060000,7.070000,185400
2024-05-17,7.095000,7.140000,7.095000,7.130000,267000
2024-05-20,7.175000,7.210000,7.175000,7.210000,389200
2024-05-21,7.165000,7.170000,7.085000,7.095000,109200
2024-05-22,7.045000,7.055000,7.000000,7.000000,208600
2024-05-23,6.930000,6.985000,6.930000,6.985000,82800
2024-05-24,6.950000,6.950000,6.910000,6.920000,128400
2024-05-27,7.010000,7.035000,7.010000,7.030000,59800
2024-05-28,7.100000,7.110000,7.095000,7.105000,220000
2024-05-29,7.225000,7.240000,7.210000,7.235000,267400
2024-05-30,7.160000,7.160000,7.135000,7.125000,89200
2024-05-31,7.020000,7.035000,7.010000,7.025000,156200
2024-06-03,7.010000,7.015000,6.945000,7.000000,224400
2024-06-04,6.850000,6.850000,6.635000,6.640000,1025800
2024-06-05,6.640000,6.665000,6.635000,6.665000,383800
2024-06-06,6.755000,6.765000,6.735000,6.765000,149600
2024-06-07,6.840000,6.850000,6.830000,6.840000,298800
2024-06-11,6.890000,7.030000,6.890000,7.020000,487200
2024-06-12,7.065000,7.090000,7.065000,7.090000,266668
2024-06-13,7.070000,7.085000,7.065000,7.085000,130800
2024-06-14,7.080000,7.090000,7.070000,7.070000,260600
2024-06-17,7.060000,7.075000,7.050000,7.075000,52400
2024-06-18,7.200000,7.210000,7.190000,7.200000,266000
2024-06-19,7.250000,7.305000,7.250000,7.280000,134600
2024-06-20,7.285000,7.290000,7.280000,7.285000,287000
2024-06-21,7.315000,7.340000,7.315000,7.325000,390800
2024-06-24,7.280000,7.295000,7.280000,7.300000,20000
2024-06-25,7.365000,7.380000,7.365000,7.365000,699200
2024-06-26,7.330000,7.355000,7.330000,7.330000,51600
2024-06-27,7.290000,7.310000,7.285000,7.335000,10000
2024-06-28,7.395000,7.430000,7.395000,7.430000,674200
2024-07-02,7.500000,7.520000,7.500000,7.520000,353600
2024-07-03,7.525000,7.525000,7.495000,7.500000,184000
2024-07-04,7.530000,7.545000,7.520000,7.510000,93400
2024-07-05,7.550000,7.590000,7.545000,7.590000,137400
2024-07-08,7.480000,7.485000,7.465000,7.470000,38000
2024-07-09,7.435000,7.435000,7.415000,7.415000,63665
2024-07-10,7.355000,7.355000,7.310000,7.325000,722600
2024-07-11,7.455000,7.455000,7.410000,7.410000,13400
2024-07-12,7.430000,7.455000,7.415000,7.450000,102600
2024-07-15,7.360000,7.380000,7.355000,7.355000,40200
2024-07-16,7.315000,7.315000,7.315000,7.315000,0
2024-07-17,7.315000,7.315000,7.245000,7.285000,150000
2024-07-18,7.415000,7.435000,7.415000,7.425000,82200
2024-07-19,7.320000,7.335000,7.310000,7.325000,312400
2024-07-22,7.170000,7.190000,7.165000,7.175000,152400
2024-07-23,7.160000,7.160000,7.130000,7.130000,210000
2024-07-24,7.120000,7.120000,7.020000,7.035000,101600
2024-07-25,7.010000,7.020000,7.000000,7.020000,145000
2024-07-26,7.135000,7.140000,7.125000,7.115000,54200
2024-07-29,7.015000,7.040000,7.010000,7.025000,73000
2024-07-30,7.000000,7.000000,6.870000,6.905000,315200
2024-07-31,6.900000,6.970000,6.895000,6.950000,239600
2024-08-01,7.150000,7.175000,7.000000,7.155000,367400
2024-08-02,7.000000,7.050000,7.000000,7.050000,141200
2024-08-05,6.870000,6.870000,6.625000,6.670000,1020400
2024-08-06,6.795000,6.800000,6.695000,6.695000,425600
2024-08-07,6.660000,6.730000,6.660000,6.710000,172600
2024-08-08,6.880000,6.885000,6.815000,6.830000,256200
2024-08-09,6.925000,6.950000,6.925000,6.935000,125669
2024-08-12,6.985000,7.035000,6.985000,7.035000,112600
2024-08-13,7.185000,7.190000,7.150000,7.190000,130200
2024-08-14,7.110000,7.140000,7.110000,7.135000,243800
2024-08-15,7.015000,7.030000,7.010000,7.040000,62200
2024-08-16,7.100000,7.100000,7.080000,7.100000,265800
2024-08-19,7.010000,7.010000,6.940000,6.940000,212000
2024-08-20,6.845000,6.845000,6.780000,6.780000,224400
2024-08-21,6.785000,6.790000,6.765000,6.765000,227400
2024-08-22,6.685000,6.685000,6.650000,6.660000,283000
2024-08-23,6.770000,6.790000,6.755000,6.790000,322000
2024-08-26,6.960000,6.975000,6.945000,6.975000,361400
2024-08-27,7.000000,7.105000,7.000000,7.080000,477600
2024-08-28,6.985000,6.985000,6.950000,6.950000,23800
2024-08-29,6.870000,6.880000,6.870000,6.870000,31000
2024-08-30,6.975000,7.015000,6.975000,7.015000,57000
2024-09-02,6.765000,6.785000,6.735000,6.785000,549400
2024-09-03,6.810000,6.835000,6.810000,6.810000,105200
2024-09-04,6.600000,6.600000,6.440000,6.440000,1551201
2024-09-05,6.465000,6.465000,6.430000,6.460000,471800
2024-09-09,6.380000,6.380000,6.335000,6.365000,224400
2024-09-10,6.360000,6.365000,6.320000,6.350000,99876
2024-09-11,6.145000,6.225000,6.130000,6.215000,338600
2024-09-12,6.265000,6.340000,6.260000,6.330000,121000
2024-09-13,6.450000,6.450000,6.400000,6.400000,82200
2024-09-16,6.365000,6.400000,6.340000,6.400000,67800
2024-09-17,6.465000,6.495000,6.460000,6.460000,103600
2024-09-19,6.480000,6.600000,6.480000,6.600000,895200
2024-09-20,6.595000,6.620000,6.595000,6.595000,300200
2024-09-23,6.655000,6.660000,6.600000,6.620000,119600
2024-09-24,6.605000,6.680000,6.600000,6.665000,356300
2024-09-25,6.665000,6.680000,6.650000,6.650000,148800
2024-09-26,6.540000,6.550000,6.310000,6.390000,999800
2024-09-27,6.390000,6.390000,6.305000,6.365000,508800
2024-09-30,6.455000,6.495000,6.400000,6.430000,962200
2024-10-02,6.605000,6.730000,6.605000,6.685000,1574200
2024-10-03,6.380000,6.685000,6.380000,6.645000,768000
2024-10-04,6.800000,6.960000,6.800000,6.945000,977800
2024-10-07,6.930000,7.025000,6.900000,7.005000,1195600
2024-10-08,7.120000,7.160000,7.040000,7.085000,893600
2024-10-09,6.975000,6.975000,6.885000,6.935000,690070
2024-10-10,6.880000,6.900000,6.865000,6.890000,490200
2024-10-14,6.760000,6.990000,6.760000,6.935000,372600
2024-10-15,6.760000,6.760000,6.640000,6.655000,595200
2024-10-16,6.650000,6.680000,6.635000,6.635000,184400
2024-10-17,6.655000,6.660000,6.580000,6.580000,145000
2024-10-18,6.640000,6.665000,6.630000,6.630000,93200
2024-10-21,6.525000,6.565000,6.500000,6.555000,151400
2024-10-22,6.580000,6.620000,6.565000,6.570000,53600
2024-10-23,6.745000,6.770000,6.735000,6.745000,410200
2024-10-24,6.750000,6.795000,6.750000,6.790000,194600
2024-10-25,6.665000,6.665000,6.640000,6.640000,209600
2024-10-28,6.550000,6.550000,6.470000,6.500000,668200
2024-10-29,6.450000,6.450000,6.350000,6.405000,592200
2024-10-30,6.400000,6.425000,6.375000,6.410000,189600
2024-10-31,6.500000,6.520000,6.495000,6.500000,261600
2024-11-01,6.650000,6.690000,6.640000,6.690000,688000
2024-11-04,6.655000,6.705000,6.655000,6.700000,215400
2024-11-05,6.700000,6.775000,6.700000,6.770000,160800
2024-11-06,6.770000,6.785000,6.630000,6.745000,506800
2024-11-07,6.745000,6.830000,6.745000,6.775000,332400
2024-11-08,6.805000,6.810000,6.775000,6.785000,376600
2024-11-11,6.660000,6.690000,6.630000,6.660000,171072
2024-11-12,6.460000,6.495000,6.460000,6.480000,300800
2024-11-13,6.480000,6.510000,6.480000,6.500000,73800
2024-11-14,6.500000,6.500000,6.455000,6.470000,68600
2024-11-15,6.480000,6.480000,6.415000,6.415000,126400
2024-11-18,6.400000,6.425000,6.385000,6.415000,879800
2024-11-19,6.500000,6.620000,6.500000,6.585000,1139400
2024-11-20,6.585000,6.610000,6.585000,6.605000,37000
2024-11-21,6.580000,6.600000,6.580000,6.600000,2800
2024-11-22,6.665000,6.710000,6.665000,6.695000,270400
2024-11-25,6.745000,6.755000,6.685000,6.685000,101000
2024-11-26,6.560000,6.560000,6.550000,6.560000,33600
2024-11-27,6.520000,6.565000,6.515000,6.565000,69000
2024-11-28,6.510000,6.530000,6.510000,6.525000,73400
2024-11-29,6.500000,6.600000,6.500000,6.535000,119400
2024-12-02,6.495000,6.550000,6.495000,6.530000,18400
2024-12-03,6.500000,6.500000,6.480000,6.500000,252000
2024-12-04,6.610000,6.670000,6.610000,6.670000,1169400
2024-12-05,6.530000,6.530000,6.445000,6.445000,67600
2024-12-06,6.485000,6.500000,6.470000,6.485000,82800
2024-12-09,6.450000,6.470000,6.440000,6.470000,176000
2024-12-10,6.500000,6.510000,6.470000,6.475000,230274
2024-12-11,6.520000,6.570000,6.515000,6.515000,129400
2024-12-12,6.660000,6.690000,6.600000,6.665000,379600
2024-12-13,6.630000,6.655000,6.630000,6.660000,28800
2024-12-16,6.660000,6.740000,6.660000,6.730000,343000
2024-12-17,6.700000,6.720000,6.685000,6.720000,714800
2024-12-18,6.675000,6.675000,6.675000,6.675000,32000
2024-12-19,6.635000,6.635000,6.635000,6.635000,0
2024-12-20,6.605000,6.605000,6.555000,6.585000,129200
2024-12-23,6.635000,6.665000,6.625000,6.625000,148600
2024-12-24,6.625000,6.625000,6.625000,6.625000,0
2024-12-27,6.625000,6.650000,6.610000,6.650000,144000
2024-12-30,6.670000,6.730000,6.670000,6.700000,243400
2024-12-31,6.800000,6.800000,6.800000,6.800000,0
2025-01-02,6.820000,6.875000,6.820000,6.865000,313400
2025-01-03,6.880000,6.975000,6.880000,6.930000,250000
2025-01-06,7.005000,7.040000,6.970000,6.990000,502000
2025-01-07,6.955000,6.980000,6.945000,6.970000,108600
2025-01-08,7.010000,7.100000,7.010000,7.090000,634000
2025-01-09,6.925000,6.980000,6.905000,6.950000,99669
2025-01-10,7.015000,7.070000,7.010000,7.070000,133000
2025-01-13,7.330000,7.355000,7.310000,7.320000,640000
2025-01-14,7.300000,7.310000,7.260000,7.275000,643000
2025-01-15,7.275000,7.320000,7.200000,7.310000,903800
2025-01-16,7.450000,7.485000,7.400000,7.460000,269000
2025-01-17,7.380000,7.430000,7.375000,7.420000,115000
2025-01-20,7.350000,7.350000,7.310000,7.310000,273200
2025-01-21,7.300000,7.335000,7.265000,7.295000,444600
2025-01-22,7.295000,7.295000,7.220000,7.220000,141800
2025-01-23,7.220000,7.220000,7.180000,7.195000,83400
2025-01-24,7.140000,7.175000,7.135000,7.150000,314800
2025-01-27,7.100000,7.110000,7.070000,7.100000,109000
2025-01-28,7.010000,7.010000,7.010000,7.010000,0
2025-02-03,7.010000,7.100000,7.010000,7.085000,40800
2025-02-04,7.000000,7.000000,6.920000,6.920000,94600
2025-02-05,7.000000,7.010000,6.990000,7.010000,244000
2025-02-06,6.890000,6.905000,6.880000,6.880000,113400
2025-02-07,6.870000,6.885000,6.850000,6.885000,110200
2025-02-10,6.910000,6.945000,6.900000,6.900000,91600
2025-02-11,6.985000,7.050000,6.985000,7.035000,134600
2025-02-12,7.120000,7.120000,7.060000,7.070000,83800
2025-02-13,7.000000,7.000000,6.870000,6.890000,171800
2025-02-14,6.930000,6.950000,6.855000,6.950000,259400
2025-02-17,6.890000,6.915000,6.865000,6.880000,58000
2025-02-18,6.950000,6.965000,6.940000,6.965000,161200
2025-02-19,7.000000,7.020000,6.970000,7.020000,150200
2025-02-20,6.995000,7.035000,6.985000,7.035000,981800
2025-02-21,7.035000,7.050000,7.015000,7.035000,132400
2025-02-24,6.840000,6.850000,6.820000,6.820000,194200
2025-02-25,6.820000,6.920000,6.820000,6.890000,98200
2025-02-26,6.800000,6.800000,6.720000,6.740000,382200
2025-02-27,6.700000,6.700000,6.670000,6.700000,235800
2025-02-28,6.670000,6.815000,6.670000,6.750000,219000
2025-03-03,6.810000,6.835000,6.775000,6.780000,316800
2025-03-04,6.660000,6.660000,6.585000,6.590000,315600
2025-03-05,6.580000,6.600000,6.550000,6.595000,89400
2025-03-06,6.500000,6.500000,6.445000,6.470000,952400
2025-03-07,6.535000,6.495000,6.445000,6.495000,146000
2025-03-10,6.480000,6.520000,6.470000,6.520000,231600
2025-03-11,6.440000,6.440000,6.380000,6.420000,660200
2025-03-12,6.490000,6.490000,6.455000,6.455000,91000
2025-03-13,6.560000,6.585000,6.550000,6.585000,1365400
2025-03-14,6.515000,6.560000,6.515000,6.560000,87600
2025-03-17,6.620000,6.620000,6.560000,6.590000,118020
2025-03-18,6.590000,6.630000,6.585000,6.630000,422200
2025-03-19,6.580000,6.580000,6.480000,6.495000,318400
2025-03-20,6.560000,6.585000,6.560000,6.580000,143000
2025-03-21,6.600000,6.680000,6.600000,6.645000,385200
2025-03-24,6.645000,6.680000,6.630000,6.680000,129000
2025-03-25,6.700000,6.760000,6.700000,6.760000,198400
2025-03-26,6.765000,6.770000,6.750000,6.750000,38600
2025-03-27,6.750000,6.805000,6.750000,6.765000,53600
2025-03-28,6.815000,6.825000,6.775000,6.775000,161400
2025-03-31,6.730000,6.785000,6.715000,6.785000,98800
2025-04-01,6.825000,6.980000,6.825000,6.955000,358600
2025-04-02,6.920000,6.945000,6.875000,6.890000,68000
2025-04-03,6.810000,6.825000,6.745000,6.775000,199400
2025-04-07,6.400000,6.400000,5.800000,5.850000,914800
2025-04-08,5.900000,6.040000,5.900000,5.935000,315600
2025-04-09,5.840000,5.840000,5.555000,5.660000,583600
2025-04-10,5.890000,6.050000,5.800000,5.910000,1090800
2025-04-11,5.820000,5.930000,5.800000,5.925000,119600
2025-04-14,5.980000,6.010000,5.940000,5.980000,1489200
2025-04-15,6.000000,6.025000,5.995000,6.025000,21200
2025-04-16,5.950000,5.950000,5.900000,5.905000,645600
2025-04-17,6.000000,6.140000,6.000000,6.105000,2199000
2025-04-22,6.140000,6.220000,6.140000,6.185000,196200
2025-04-23,6.305000,6.315000,6.240000,6.310000,2715400
2025-04-24,6.115000,6.140000,6.090000,6.140000,138000
2025-04-25,6.150000,6.200000,6.150000,6.200000,2209600
2025-04-28,6.200000,6.240000,6.200000,6.230000,2181600
2025-04-29,6.100000,6.100000,6.000000,6.000000,1012200
2025-04-30,5.950000,5.950000,5.860000,5.895000,495600
2025-05-02,5.895000,5.915000,5.815000,5.815000,1683600
2025-05-06,5.815000,5.815000,5.695000,5.770000,958000
2025-05-07,5.800000,5.960000,5.800000,5.950000,1278000
2025-05-08,5.800000,5.820000,5.775000,5.805000,220800
2025-05-09,5.960000,5.995000,5.940000,5.985000,179200
2025-05-12,6.050000,6.200000,6.025000,6.160000,543800
2025-05-13,6.180000,6.180000,6.080000,6.120000,162800
2025-05-14,6.200000,6.265000,6.200000,6.250000,380000
2025-05-15,6.255000,6.255000,6.015000,6.060000,192800
2025-05-16,6.070000,6.115000,6.050000,6.090000,31200
2025-05-19,6.130000,6.135000,6.100000,6.110000,51800
2025-05-20,6.120000,6.185000,6.120000,6.160000,684400
2025-05-21,6.165000,6.265000,6.165000,6.230000,374800
2025-05-22,6.085000,6.130000,6.020000,6.055000,399200
2025-05-23,6.040000,6.045000,6.000000,6.000000,536800
2025-05-26,6.100000,6.145000,6.100000,6.145000,481400
2025-05-27,6.090000,6.120000,6.070000,6.090000,681800
2025-05-28,6.065000,6.100000,6.065000,6.100000,17800
2025-05-29,6.175000,6.260000,6.175000,6.250000,803400
2025-05-30,6.100000,6.100000,6.005000,6.055000,937800
2025-06-02,6.120000,6.150000,6.115000,6.150000,82800
2025-06-03,6.210000,6.220000,6.180000,6.215000,1000400
2025-06-04,6.245000,6.275000,6.245000,6.270000,1771800
2025-06-05,6.220000,6.260000,6.190000,6.250000,795600
2025-06-06,6.245000,6.245000,6.230000,6.230000,80600
2025-06-09,6.375000,6.385000,6.330000,6.360000,405600
2025-06-10,6.430000,6.445000,6.425000,6.430000,253800
2025-06-11,6.360000,6.405000,6.360000,6.405000,44000
2025-06-12,6.620000,6.640000,6.595000,6.595000,337200
2025-06-13,7.000000,7.290000,6.900000,6.970000,2923600
2025-06-16,7.295000,7.295000,7.050000,7.050000,1123600
2025-06-17,7.000000,7.110000,6.930000,7.045000,1243800
2025-06-18,7.200000,7.265000,7.170000,7.190000,1170800
2025-06-19,7.190000,7.345000,7.190000,7.300000,1170000
2025-06-20,7.300000,7.310000,7.200000,7.285000,1110200
2025-06-23,7.500000,7.500000,7.300000,7.305000,3437600
2025-06-24,6.745000,6.745000,6.480000,6.610000,2382400
2025-06-25,6.570000,6.570000,6.480000,6.545000,277200
2025-06-26,6.490000,6.520000,6.445000,6.455000,627200
2025-06-27,6.450000,6.540000,6.450000,6.530000,416400
2025-06-30,6.490000,6.490000,6.415000,6.460000,167800
2025-07-02,6.500000,6.520000,6.470000,6.520000,439200
2025-07-03,6.620000,6.640000,6.605000,6.615000,292200
2025-07-04,6.635000,6.655000,6.610000,6.630000,110800
2025-07-07,6.530000,6.590000,6.520000,6.590000,337600
2025-07-08,6.655000,6.710000,6.655000,6.690000,465600
2025-07-09,6.745000,6.800000,6.745000,6.800000,684400
2025-07-10,6.770000,6.800000,6.760000,6.770000,282200
2025-07-11,6.720000,6.720000,6.620000,6.640000,545400
2025-07-14,6.780000,6.855000,6.775000,6.855000,210400
2025-07-15,6.680000,6.680000,6.635000,6.635000,172400
2025-07-16,6.670000,6.670000,6.625000,6.650000,411800
2025-07-17,6.650000,6.650000,6.610000,6.625000,68600
2025-07-18,6.670000,6.780000,6.670000,6.730000,478200
2025-07-21,6.720000,6.750000,6.710000,6.720000,402400
2025-07-22,6.680000,6.690000,6.650000,6.650000,47600
2025-07-23,6.675000,6.685000,6.645000,6.660000,245000
2025-07-24,6.645000,6.750000,6.645000,6.710000,332600
2025-07-25,6.760000,6.780000,6.745000,6.750000,201000
2025-07-28,6.665000,6.700000,6.655000,6.670000,100000
2025-07-29,6.805000,6.820000,6.790000,6.810000,117000
2025-07-30,7.000000,7.085000,7.000000,7.085000,799200
2025-07-31,7.000000,7.110000,7.000000,7.110000,1019800
2025-08-01,6.990000,7.040000,6.990000,7.010000,707400
2025-08-04,6.890000,6.890000,6.790000,6.820000,645600
2025-08-05,6.790000,6.790000,6.690000,6.715000,740800
2025-08-06,6.675000,6.695000,6.650000,6.685000,357000
2025-08-07,6.650000,6.650000,6.575000,6.585000,916000
2025-08-08,6.530000,6.530000,6.470000,6.505000,269200
2025-08-11,6.475000,6.490000,6.450000,6.455000,209200
2025-08-12,6.540000,6.565000,6.520000,6.550000,243673
2025-08-13,6.480000,6.480000,6.445000,6.450000,554200
2025-08-14,6.445000,6.450000,6.430000,6.430000,205400
2025-08-15,6.500000,6.515000,6.445000,6.450000,240202
2025-08-18,6.410000,6.445000,6.395000,6.400000,201000
2025-08-19,6.420000,6.425000,6.390000,6.400000,228600
2025-08-20,6.385000,6.445000,6.380000,6.445000,334800
2025-08-21,6.525000,6.540000,6.495000,6.525000,522000
2025-08-22,6.540000,6.580000,6.535000,6.570000,252400
2025-08-25,6.570000,6.590000,6.565000,6.575000,123600
2025-08-26,6.600000,6.650000,6.600000,6.620000,391600
2025-08-27,6.620000,6.620000,6.480000,6.515000,409800
2025-08-28,6.545000,6.570000,6.535000,6.560000,179002
2025-08-29,6.585000,6.615000,6.570000,6.605000,636800
2025-09-01,6.550000,6.610000,6.540000,6.605000,119400
2025-09-02,6.680000,6.705000,6.665000,6.700000,485600
2025-09-03,6.720000,6.780000,6.710000,6.780000,159000
2025-09-04,6.670000,6.670000,6.515000,6.515000,248400
2025-09-05,6.580000,6.580000,6.510000,6.540000,67000
2025-09-08,6.500000,6.505000,6.450000,6.480000,351600
2025-09-09,6.450000,6.485000,6.450000,6.480000,259200
2025-09-10,6.510000,6.535000,6.510000,6.520000,648200
2025-09-11,6.565000,6.565000,6.565000,6.565000,0
2025-09-12,6.415000,6.420000,6.385000,6.420000,951000
2025-09-15,6.495000,6.525000,6.495000,6.500000,792400
2025-09-16,6.450000,6.555000,6.450000,6.520000,127000
2025-09-17,6.600000,6.630000,6.600000,6.610000,394200
2025-09-18,6.545000,6.560000,6.540000,6.550000,160600
2025-09-19,6.550000,6.550000,6.505000,6.540000,42200
2025-09-22,6.465000,6.485000,6.460000,6.480000,581400
2025-09-23,6.410000,6.420000,6.390000,6.420000,2763600
2025-09-24,6.550000,6.570000,6.545000,6.570000,591000
2025-09-25,6.615000,6.675000,6.615000,6.650000,983800
2025-09-26,6.700000,6.725000,6.690000,6.710000,272600
2025-09-29,6.710000,6.740000,6.695000,6.740000,332400
2025-09-30,6.525000,6.535000,6.480000,6.485000,295200
2025-10-02,6.420000,6.440000,6.390000,6.410000,1320600
2025-10-03,6.380000,6.380000,6.285000,6.320000,610200
2025-10-06,6.400000,6.415000,6.370000,6.380000,333800
2025-10-08,6.425000,6.450000,6.425000,6.445000,475600
2025-10-09,6.425000,6.470000,6.400000,6.465000,762400
2025-10-10,6.400000,6.400000,6.315000,6.330000,572800
2025-10-13,6.200000,6.210000,6.175000,6.190000,457600
2025-10-14,6.185000,6.190000,6.060000,6.070000,371400
2025-10-15,6.070000,6.090000,6.060000,6.075000,338600
2025-10-16,6.090000,6.195000,6.065000,6.110000,330245
2025-10-17,6.010000,6.000000,5.890000,5.915000,677800
2025-10-20,5.955000,5.975000,5.935000,5.935000,230600
2025-10-21,5.940000,5.980000,5.940000,5.940000,320200
2025-10-22,6.000000,6.105000,6.000000,6.075000,401400
2025-10-23,6.200000,6.310000,6.200000,6.280000,811800
2025-10-24,6.361400,6.361400,6.361400,6.361400,0
2025-10-27,6.380000,6.395000,6.350000,6.360000,337200
2025-10-28,6.330000,6.345000,6.270000,6.270000,441200
2025-10-30,6.260000,6.270000,6.220000,6.220000,207600
2025-10-31,6.255000,6.270000,6.235000,6.270000,119400
2025-11-03,6.300000,6.380000,6.300000,6.355000,282000
2025-11-04,6.340000,6.340000,6.305000,6.305000,258600
2025-11-05,6.260000,6.310000,6.260000,6.300000,85600
2025-11-06,6.235000,6.255000,6.220000,6.245000,188800
2025-11-07,6.230000,6.250000,6.230000,6.265000,18800
2025-11-10,6.275000,6.295000,6.270000,6.290000,143800
2025-11-11,6.275000,6.280000,6.250000,6.250000,103349
2025-11-12,6.360000,6.370000,6.355000,6.355000,572000
2025-11-13,6.110000,6.130000,6.100000,6.125000,496800
2025-11-14,6.125000,6.295000,6.125000,6.215000,358000
2025-11-17,6.215000,6.215000,6.200000,6.215000,52400
2025-11-18,6.395000,6.395000,6.200000,6.215000,62275
2025-11-19,6.300000,6.325000,6.295000,6.295000,534600
2025-11-20,6.210000,6.210000,6.190000,6.195000,397200
2025-11-21,6.100000,6.100000,6.050000,6.050000,247400
2025-11-24,6.060000,6.065000,6.050000,6.050000,198800
2025-11-25,6.120000,6.130000,6.110000,6.110000,126000
2025-11-26,6.080000,6.085000,6.045000,6.045000,437200
2025-11-27,6.190000,6.190000,6.090000,6.120000,348669
2025-11-28,6.150000,6.160000,6.150000,6.160000,64400
2025-12-01,6.195000,6.245000,6.195000,6.235000,756800
2025-12-02,6.210000,6.210000,6.190000,6.200000,149400
2025-12-03,6.120000,6.150000,6.100000,6.155000,1039000
2025-12-04,6.170000,6.190000,6.170000,6.190000,38400
2025-12-05,6.215000,6.225000,6.200000,6.215000,57400
2025-12-08,6.260000,6.290000,6.260000,6.285000,79800
2025-12-09,6.150000,6.150000,6.135000,6.150000,274800
2025-12-10,6.120000,6.120000,6.110000,6.110000,112000
2025-12-11,6.165000,6.165000,6.075000,6.080000,353200
2025-12-12,6.080000,6.085000,6.065000,6.070000,191800
2025-12-15,6.060000,6.060000,6.035000,6.035000,438600
2025-12-16,6.000000,6.025000,5.920000,5.920000,531313
2025-12-17,5.880000,5.895000,5.850000,5.885000,412200
2025-12-18,5.965000,5.965000,5.880000,5.920000,145400
2025-12-19,5.870000,5.880000,5.860000,5.865000,264600
2025-12-22,6.100000,6.100000,5.975000,5.990000,413600
2025-12-23,6.070000,6.090000,6.070000,6.075000,693800
2025-12-24,6.120000,6.120000,6.120000,6.120000,0
2025-12-29,6.120000,6.120000,5.990000,6.010000,720600
2025-12-30,6.015000,6.100000,6.015000,6.090000,187800
2025-12-31,6.075000,6.075000,6.075000,6.075000,0
2026-01-02,6.080000,6.080000,6.040000,6.070000,70200
2026-01-05,6.065000,6.065000,5.955000,5.970000,624400
2026-01-06,6.100000,6.110000,6.085000,6.090000,644400
2026-01-07,5.880000,6.035000,5.880000,5.930000,762200
2026-01-08,5.935000,5.950000,5.915000,5.920000,107600
2026-01-09,6.090000,6.160000,6.090000,6.150000,1150803
2026-01-12,6.200000,6.235000,6.180000,6.200000,756800
2026-01-13,6.280000,6.310000,6.260000,6.300000,867400
2026-01-14,6.375000,6.405000,6.360000,6.365000,468800
2026-01-15,6.355000,6.360000,6.305000,6.320000,314000
2026-01-16,6.315000,6.315000,6.220000,6.260000,111400
2026-01-19,6.260000,6.270000,6.235000,6.235000,83800
2026-01-20,6.220000,6.280000,6.220000,6.220000,147200
2026-01-21,6.290000,6.310000,6.280000,6.285000,160000
2026-01-22,6.395000,6.405000,6.390000,6.375000,288000
2026-01-23,6.315000,6.330000,6.295000,6.300000,143200
2026-01-26,6.410000,6.495000,6.410000,6.430000,469473
2026-01-27,6.265000,6.430000,6.265000,6.375000,139400
2026-01-28,6.500000,6.620000,6.500000,6.575000,833000
2026-01-29,6.680000,6.765000,6.680000,6.735000,700523
2026-01-30,6.805000,6.845000,6.695000,6.740000,1109000
2026-02-02,6.630000,6.640000,6.470000,6.510000,880000
2026-02-03,6.565000,6.565000,6.490000,6.520000,813200
2026-02-04,6.650000,6.750000,6.650000,6.670000,375000
2026-02-05,6.750000,6.775000,6.700000,6.745000,377400
2026-02-06,6.600000,6.780000,6.400000,6.775000,355600
2026-02-09,6.675000,6.685000,6.640000,6.640000,80400
2026-02-10,6.650000,6.820000,6.650000,6.805000,293800
2026-02-11,6.805000,6.840000,6.800000,6.825000,375400
2026-02-12,6.850000,6.875000,6.845000,6.860000,162200
2026-02-13,6.660000,6.675000,6.630000,6.635000,320400
2026-02-16,6.660000,6.660000,6.660000,6.660000,0
2026-02-20,6.975000,7.100000,6.975000,7.035000,1009000
2026-02-23,7.035000,7.035000,6.950000,6.965000,482200
2026-02-24,7.030000,7.105000,7.030000,7.065000,411000
2026-02-25,7.065000,7.075000,7.000000,7.005000,1253800
2026-02-26,7.000000,7.000000,6.940000,6.940000,266600
2026-02-27,6.910000,6.995000,6.905000,6.990000,1477900
2026-03-02,7.500000,7.705000,7.330000,7.700000,10808930
2026-03-03,7.700000,7.755000,7.520000,7.740000,4312100
2026-03-04,7.800000,7.965000,7.740000,7.935000,6506800
2026-03-05,7.900000,8.030000,7.840000,7.955000,4191550
2026-03-06,8.100000,8.210000,8.000000,8.200000,5170500
2026-03-09,9.430000,11.400000,9.430000,10.150000,15283350
2026-03-10,8.630000,9.155000,8.060000,8.830000,10598053
2026-03-11,8.580000,8.900000,8.580000,8.870000,13283600
2026-03-12,9.600000,9.830000,9.310000,9.355000,8269600
2026-03-13,9.800000,10.050000,9.755000,10.020000,5978101
2026-03-16,10.020000,10.260000,10.010000,10.190000,4834200
2026-03-17,9.985000,10.140000,9.800000,10.010000,3602648
2026-03-18,9.955000,9.955000,9.635000,9.775000,2086900
2026-03-19,10.260000,10.370000,10.100000,10.220000,3569900
2026-03-20,9.895000,10.050000,9.800000,9.960000,1988130
2026-03-23,10.290000,10.660000,10.260000,10.620000,4742533
2026-03-24,9.900000,9.900000,9.530000,9.530000,4717680
2026-03-25,9.230000,9.510000,9.230000,9.395000,3725350
2026-03-26,9.620000,9.880000,9.620000,9.850000,1671200
2026-03-27,9.850000,10.060000,9.745000,10.020000,2445650
2026-03-30,10.610000,10.620000,10.240000,10.380000,2966750
2026-03-31,10.550000,10.550000,10.160000,10.320000,2222100
2026-04-01,10.100000,10.150000,9.550000,9.710000,4977280
2026-04-02,9.995000,10.380000,9.995000,10.310000,2685867
2026-04-08,9.360000,9.530000,9.200000,9.445000,4449323
2026-04-09,9.660000,9.840000,9.650000,9.815000,2594800
2026-04-10,9.830000,9.830000,9.650000,9.790000,1046630
2026-04-13,10.410000,10.410000,10.000000,10.150000,2315810
2026-04-14,10.000000,10.010000,9.890000,9.970000,1169200
2026-04-15,9.620000,9.775000,9.600000,9.740000,1434200
2026-04-16,9.610000,9.825000,9.610000,9.650000,1626603
2026-04-17,9.850000,9.850000,9.710000,9.770000,2129700
2026-04-20,9.800000,9.800000,9.510000,9.650000,2559300
2026-04-21,9.535000,9.610000,9.450000,9.530000,522000
2026-04-22,9.700000,9.795000,9.640000,9.775000,670400
2026-04-23,10.030000,10.220000,10.020000,10.100000,2563400
2026-04-24,10.390000,10.450000,10.240000,10.380000,1453400
2026-04-27,10.380000,10.440000,10.260000,10.440000,863200
2026-04-28,10.440000,10.660000,10.440000,10.660000,10866400
2026-04-29,10.680000,10.900000,10.610000,10.800000,1851610
2026-04-30,11.120000,11.590000,11.120000,11.380000,2569000
2026-05-04,11.000000,11.100000,10.790000,11.100000,1516400
2026-05-05,11.330000,11.430000,11.270000,11.380000,512600
2026-05-06,10.970000,11.040000,10.770000,10.790000,912200
2026-05-07,10.440000,10.460000,10.070000,10.250000,1097200
2026-05-08,10.360000,10.600000,10.290000,10.380000,706800
2026-05-11,10.750000,10.920000,10.750000,10.810000,1534600
2026-05-12,10.870000,11.030000,10.840000,11.020000,557382
2026-05-13,11.020000,11.120000,11.010000,11.080000,644800
2026-05-14,11.000000,11.060000,10.850000,11.050000,233000
2026-05-15,11.050000,11.160000,11.050000,11.150000,562000
2026-05-18,11.600000,11.660000,11.420000,11.480000,1078048
2026-05-19,11.480000,11.650000,11.480000,11.580000,1004800
2026-05-20,11.690000,11.710000,11.560000,11.570000,223000
2026-05-21,11.450000,11.450000,11.160000,11.250000,555100
2026-05-22,11.210000,11.290000,11.130000,11.260000,171200
2026-05-26,10.600000,10.690000,10.530000,10.670000,942600
2026-05-27,10.670000,10.670000,10.440000,10.450000,323600
2026-05-28,10.400000,10.630000,10.390000,10.530000,393600
2026-05-29,10.300000,10.390000,10.220000,10.380000,1005400
2026-06-01,10.450000,10.560000,10.430000,10.520000,842400
2026-06-02,10.600000,10.610000,10.460000,10.480000,471800
2026-06-03,10.940000,11.010000,10.840000,10.990000,611000
2026-06-04,10.920000,10.990000,10.890000,10.980000,78400
2026-06-05,10.530000,10.790000,10.530000,10.680000,152800
2026-06-08,10.910000,11.000000,10.810000,10.980000,254400
2026-06-09,10.840000,10.660000,10.530000,10.550000,75400
2026-06-10,10.420000,10.520000,10.370000,10.410000,805600
2026-06-11,10.520000,10.790000,10.520000,10.560000,307800
2026-06-12,10.400000,10.400000,10.080000,10.090000,278600
2026-06-15,9.625000,9.770000,9.550000,9.600000,1174200
2026-06-16,9.600000,9.680000,9.500000,9.500000,3037400
2026-06-17,9.260000,9.260000,9.100000,9.190000,2408400
2026-06-18,9.185000,9.185000,9.000000,9.095000,636800
2026-06-22,9.200000,9.275000,9.165000,9.245000,330000
2026-06-23,9.080000,9.085000,8.890000,8.960000,536800
2026-06-24,8.950000,8.960000,8.845000,8.845000,350000
2026-06-25,8.710000,8.710000,8.530000,8.570000,1188600
2026-06-26,8.815000,8.815000,8.640000,8.640000,446400
2026-06-29,8.640000,8.675000,8.600000,8.605000,157656
2026-06-30,8.690000,8.740000,8.645000,8.690000,228604
2026-07-02,8.520000,8.520000,8.410000,8.465000,239000
2026-07-03,8.555000,8.605000,8.530000,8.530000,685400
2026-07-06,8.645000,8.645000,8.455000,8.460000,148800
2026-07-07,8.575000,8.660000,8.575000,8.635000,122000
2026-07-08,9.000000,9.065000,8.900000,8.920000,2325400
2026-07-09,9.150000,9.305000,8.980000,8.990000,1973498
2026-07-10,8.940000,8.980000,8.860000,8.895000,165800
2026-07-13,9.075000,9.300000,9.075000,9.175000,374000
2026-07-14,9.705000,9.800000,9.630000,9.800000,860400
2026-07-15,9.755000,9.765000,9.655000,9.750000,1289200
2026-07-16,9.750000,9.780000,9.670000,9.695000,1261000
2026-07-17,9.770000,9.770000,9.600000,9.685000,1109800
2026-07-20,10.100000,10.200000,9.995000,10.000000,1017200
2026-07-21,10.000000,10.090000,9.980000,9.985000,804800
2026-07-22,10.260000,10.400000,10.170000,10.380000,401000
2026-07-23,10.400000,10.520000,10.380000,10.500000,857400
2026-07-24,10.520000,10.620000,10.440000,10.450000,1369000
2026-07-27,10.080000,10.120000,9.905000,9.995000,565800
2026-07-28,9.830000,9.900000,9.725000,9.730000,1414800
2026-07-29,9.900000,9.945000,9.815000,9.855000,1130600
2026-07-30,9.990000,10.180000,9.990000,10.090000,188800
2026-07-31,9.895000,9.900000,9.725000,9.825000,825200
2026-08-03,9.525000,9.680000,9.525000,9.600000,911000
2026-08-04,9.710000,9.775000,9.700000,9.720000,497200
2026-08-05,9.410000,9.405000,9.135000,9.310000,741000
2026-08-06,9.285000,9.285000,9.190000,9.265000,183000
2026-08-07,9.535000,9.600000,9.530000,9.530000,357200
2026-08-11,9.995000,10.140000,9.995000,10.120000,94400
