date,open,high,low,close,volume
2017-06-16,2.104258,2.114502,2.095721,2.099990,242180063
2017-06-19,2.100843,2.133282,2.100843,2.131575,258861173
2017-06-20,2.134135,2.139257,2.115355,2.119623,178760870
2017-06-21,2.132428,2.142672,2.113648,2.141818,314425160
2017-06-22,2.137550,2.181086,2.128160,2.154623,526239123
2017-06-23,2.150355,2.171697,2.140965,2.170843,288116856
2017-06-26,2.171696,2.193891,2.169989,2.180233,338375282
2017-06-27,2.176818,2.192184,2.169135,2.188769,313123076
2017-06-28,2.183647,2.193891,2.174257,2.175111,258574419
2017-06-29,2.177672,2.190476,2.171696,2.189623,188914556
2017-06-30,2.178526,2.188769,2.174257,2.183648,179664471
2017-07-03,2.187063,2.187916,2.162307,2.170843,176384655
2017-07-04,2.169135,2.173404,2.149501,2.151209,242204084
2017-07-05,2.150355,2.190476,2.149501,2.187915,245548173
2017-07-06,2.182793,2.200720,2.175964,2.191330,215517415
2017-07-07,2.187915,2.193037,2.177672,2.186208,238047727
2017-07-10,2.184501,2.204135,2.180233,2.198160,245710897
2017-07-11,2.196452,2.240842,2.195598,2.222915,374132073
2017-07-12,2.220354,2.250232,2.209257,2.216939,330030316
2017-07-13,2.220354,2.252793,2.216939,2.251939,317856711
2017-07-14,2.253647,2.275842,2.245964,2.274988,248372460
2017-07-17,2.277549,2.309134,2.251086,2.278403,741421246
2017-07-18,2.271574,2.287793,2.249379,2.269866,501216693
2017-07-19,2.270720,2.307427,2.269867,2.306574,413717813
2017-07-20,2.303159,2.314256,2.293769,2.313403,431109086
2017-07-21,2.304866,2.308281,2.284378,2.287793,372423635
2017-07-24,2.282672,2.313403,2.282672,2.304867,311506410
2017-07-25,2.304866,2.313403,2.288647,2.290354,374252478
2017-07-26,2.289500,2.309134,2.270720,2.285232,460048131
2017-07-27,2.281817,2.292061,2.267305,2.285232,233115920
2017-07-28,2.281817,2.292915,2.274988,2.287793,161068264
2017-07-31,2.286086,2.298037,2.280110,2.289500,230753867
2017-08-01,2.291208,2.326208,2.288647,2.325354,314403858
2017-08-02,2.326208,2.340720,2.321939,2.328768,330842399
2017-08-03,2.325354,2.336451,2.295476,2.295476,433976751
2017-08-04,2.293769,2.304012,2.279257,2.280110,224558853
2017-08-07,2.276696,2.295476,2.269866,2.286939,193812021
2017-08-08,2.286939,2.292915,2.275842,2.289500,145122573
2017-08-09,2.286086,2.287793,2.272427,2.274135,203857942
2017-08-10,2.273281,2.289500,2.250232,2.266452,347841237
2017-08-11,2.252793,2.259623,2.228037,2.230598,327199901
2017-08-14,2.234867,2.257062,2.230598,2.249379,342343730
2017-08-15,2.251940,2.277549,2.249379,2.263037,352219318
2017-08-16,2.258769,2.261330,2.245964,2.253647,177978171
2017-08-17,2.256208,2.266452,2.251086,2.263891,142533558
2017-08-18,2.257062,2.279257,2.254501,2.274135,277155932
2017-08-21,2.275842,2.286939,2.267305,2.273281,230313435
2017-08-22,2.277549,2.296330,2.273281,2.295476,399565654
2017-08-23,2.295476,2.322793,2.292915,2.311696,303389092
2017-08-24,2.312549,2.325354,2.296330,2.303159,245009889
2017-08-25,2.302305,2.355232,2.300598,2.353524,489901366
2017-08-28,2.360354,2.405597,2.360354,2.379988,555476865
2017-08-29,2.378281,2.387671,2.370598,2.380842,351996925
2017-08-30,2.379988,2.401329,2.365475,2.368036,364944001
2017-08-31,2.371451,2.379134,2.350110,2.361207,584238327
2017-09-01,2.360354,2.377427,2.349256,2.356085,404497028
2017-09-04,2.354378,2.361207,2.343280,2.359500,296871501
2017-09-05,2.358646,2.384256,2.358646,2.374866,317520271
2017-09-06,2.368890,2.371451,2.353524,2.359500,309191976
2017-09-07,2.362061,2.366329,2.339012,2.341573,267544288
2017-09-08,2.342427,2.350110,2.330476,2.337305,190675141
2017-09-11,2.342427,2.357793,2.327061,2.330476,386435942
2017-09-12,2.334744,2.346695,2.327061,2.344134,378796132
2017-09-13,2.342427,2.344134,2.330476,2.338159,307060583
2017-09-14,2.339012,2.344134,2.317671,2.323647,279469617
2017-09-15,2.322793,2.329622,2.314256,2.323647,261055082
2017-09-18,2.325354,2.344988,2.325354,2.329622,319970691
2017-09-19,2.331330,2.337305,2.313403,2.321939,309547000
2017-09-20,2.320232,2.327915,2.315110,2.319379,221019452
2017-09-21,2.318525,2.341573,2.315110,2.328768,276094952
2017-09-22,2.324500,2.336451,2.316817,2.329622,274585065
2017-09-25,2.323647,2.333037,2.319378,2.329622,344747300
2017-09-26,2.327915,2.334744,2.325354,2.331329,248984480
2017-09-27,2.330476,2.330476,2.313403,2.314256,648228100
2017-09-28,2.314256,2.318525,2.308281,2.317671,265998872
2017-09-29,2.319378,2.334744,2.318524,2.327061,470840324
2017-10-09,2.379988,2.389378,2.341574,2.347549,575367164
2017-10-10,2.346695,2.359500,2.328768,2.344134,595061455
2017-10-11,2.344988,2.362915,2.344134,2.357793,333377202
2017-10-12,2.356086,2.370598,2.350964,2.367183,203575404
2017-10-13,2.366330,2.368891,2.361208,2.365476,161877110
2017-10-16,2.364622,2.384256,2.364622,2.374012,312720349
2017-10-17,2.373159,2.378280,2.366329,2.372305,242466318
2017-10-18,2.372305,2.394500,2.370597,2.391939,673569832
2017-10-19,2.391086,2.396208,2.387671,2.395354,327686441
2017-10-20,2.390232,2.390232,2.379988,2.381695,182730139
2017-10-23,2.380842,2.383403,2.375720,2.382549,238330478
2017-10-24,2.377427,2.401330,2.377427,2.395354,556614444
2017-10-25,2.394500,2.397914,2.388524,2.391939,359967879
2017-10-26,2.397061,2.426939,2.393646,2.413280,521254366
2017-10-27,2.413280,2.453402,2.409866,2.452548,333262936
2017-10-30,2.450841,2.455110,2.420110,2.442305,520035030
2017-10-31,2.434622,2.434622,2.424378,2.433768,218165928
2017-11-01,2.433768,2.449987,2.420963,2.426085,378125364
2017-11-02,2.422670,2.431207,2.413280,2.430353,410226675
2017-11-03,2.427793,2.437183,2.412427,2.433768,551914902
2017-11-06,2.429500,2.431207,2.415841,2.426939,285482550
2017-11-07,2.426939,2.461085,2.426939,2.454256,621831860
2017-11-08,2.453402,2.474743,2.447426,2.453402,571053240
2017-11-09,2.450841,2.463646,2.445719,2.462792,426942919
2017-11-10,2.461085,2.494377,2.458524,2.490963,637270253
2017-11-13,2.493524,2.508889,2.490963,2.499499,299033178
2017-11-14,2.500353,2.505475,2.484134,2.486695,471873253
2017-11-15,2.480719,2.490109,2.472182,2.476451,518571985
2017-11-16,2.471329,2.505475,2.469621,2.502914,431172492
2017-11-17,2.496939,2.554987,2.495231,2.552426,921008932
2017-11-20,2.541329,2.557548,2.520841,2.557548,598059178
2017-11-21,2.548157,2.621572,2.544743,2.600230,807246390
2017-11-22,2.607913,2.641206,2.600230,2.618157,652107908
2017-11-23,2.613889,2.625840,2.533645,2.553279,1010756587
2017-11-24,2.549865,2.564377,2.529377,2.552426,594197303
2017-11-27,2.546451,2.551573,2.508890,2.531939,693788536
2017-11-28,2.529330,2.530199,2.500637,2.518026,508575010
2017-11-29,2.524113,2.534547,2.484986,2.512810,404488235
2017-11-30,2.504115,2.519766,2.478030,2.484986,635741908
2017-12-01,2.486725,2.492812,2.462380,2.467597,463945591
2017-12-04,2.458902,2.493681,2.451946,2.484986,293800199
2017-12-05,2.478030,2.538894,2.475422,2.528461,892369859
2017-12-06,2.520635,2.520635,2.471944,2.496289,466055560
2017-12-07,2.495420,2.501506,2.457162,2.472813,597012135
2017-12-08,2.468466,2.498898,2.462380,2.491073,489059588
2017-12-11,2.491073,2.520635,2.483247,2.519766,387045892
2017-12-12,2.518026,2.523243,2.473683,2.474552,394161835
2017-12-13,2.478030,2.502376,2.465857,2.495420,543399404
2017-12-14,2.495420,2.502376,2.471074,2.478030,456691339
2017-12-15,2.471944,2.476292,2.446729,2.448468,452294042
2017-12-18,2.447599,2.471944,2.447599,2.458902,456137110
2017-12-19,2.459771,2.496289,2.458902,2.495420,518890547
2017-12-20,2.495420,2.508462,2.487595,2.500637,407217149
2017-12-21,2.495420,2.528460,2.486725,2.515418,574287641
2017-12-22,2.510201,2.519766,2.498898,2.502376,410117075
2017-12-25,2.501506,2.533677,2.491942,2.500637,504269783
2017-12-26,2.501506,2.518896,2.491942,2.515418,492768034
2017-12-27,2.511071,2.515418,2.458032,2.464118,858237684
2017-12-28,2.467597,2.495420,2.459771,2.482378,451675680
2017-12-29,2.484986,2.498898,2.476291,2.484986,274105661
2018-01-02,2.490203,2.529330,2.488464,2.527591,477697012
2018-01-03,2.529330,2.560631,2.526721,2.531938,570874297
2018-01-04,2.532808,2.549328,2.529330,2.538024,308413084
2018-01-05,2.539763,2.554545,2.535416,2.550197,322008830
2018-01-08,2.544981,2.565848,2.543242,2.559762,312553092
2018-01-09,2.558023,2.582368,2.557153,2.582368,309711243
2018-01-10,2.579760,2.604975,2.573674,2.603236,477905689
2018-01-11,2.598019,2.612800,2.590194,2.600627,322739287
2018-01-12,2.600628,2.625843,2.600628,2.624104,318776174
2018-01-15,2.626712,2.664969,2.624103,2.645841,585266717
2018-01-16,2.639754,2.664970,2.638015,2.664100,470250218
2018-01-17,2.664100,2.718877,2.656275,2.670186,838391612
2018-01-18,2.686706,2.714530,2.679750,2.700618,612352357
2018-01-19,2.709313,2.730181,2.691923,2.706705,767921220
2018-01-22,2.698009,2.729311,2.688445,2.720616,608078275
2018-01-23,2.727572,2.760613,2.727572,2.758874,935563894
2018-01-24,2.768438,2.778002,2.735398,2.758004,849642627
2018-01-25,2.751918,2.757135,2.713661,2.738876,642486865
2018-01-26,2.734528,2.778002,2.731050,2.757135,597438041
2018-01-29,2.765830,2.776264,2.698010,2.707574,741525838
2018-01-30,2.700618,2.716269,2.671056,2.673664,450105801
2018-01-31,2.664100,2.710183,2.662361,2.706705,573769304
2018-02-01,2.708443,2.726703,2.691923,2.724964,701066553
2018-02-02,2.704096,2.737137,2.674534,2.734528,729215706
2018-02-05,2.700618,2.765830,2.694532,2.764960,826498116
2018-02-06,2.722356,2.735398,2.685837,2.704096,1729886045
2018-02-07,2.731919,2.749309,2.619756,2.628451,1388927408
2018-02-08,2.608453,2.622365,2.527591,2.555414,1206013478
2018-02-09,2.478900,2.502376,2.358911,2.437164,1848601312
2018-02-12,2.435426,2.453685,2.408472,2.434556,782889674
2018-02-13,2.459771,2.507593,2.458902,2.476291,603550338
2018-02-14,2.483247,2.498028,2.466727,2.491942,259654865
2018-02-22,2.527591,2.555414,2.516288,2.543242,363241017
2018-02-23,2.551067,2.575412,2.542372,2.569326,351074427
2018-02-26,2.582369,2.598889,2.544981,2.578021,651191347
2018-02-27,2.584977,2.587585,2.531938,2.538894,638534203
2018-02-28,2.519766,2.523243,2.484986,2.496289,604360811
2018-03-01,2.479769,2.524983,2.477161,2.507593,450512759
2018-03-02,2.488464,2.507593,2.474552,2.483247,342488511
2018-03-05,2.484986,2.511940,2.466727,2.482378,484453943
2018-03-06,2.499767,2.511940,2.460641,2.511071,532161449
2018-03-07,2.511071,2.536286,2.485856,2.496289,692903517
2018-03-08,2.498028,2.519765,2.486725,2.515418,338225401
2018-03-09,2.521504,2.532808,2.508462,2.524113,415786355
2018-03-12,2.535416,2.541503,2.516288,2.525852,524250859
2018-03-13,2.526721,2.535416,2.494550,2.498028,611026319
2018-03-14,2.490203,2.498898,2.480639,2.489334,307910846
2018-03-15,2.483247,2.513679,2.479769,2.512810,332744795
2018-03-16,2.513679,2.525852,2.487595,2.488464,429644043
2018-03-19,2.489333,2.515418,2.478030,2.514549,418328198
2018-03-20,2.500637,2.522374,2.496290,2.517157,309561253
2018-03-21,2.538894,2.542372,2.496290,2.507593,438675217
2018-03-22,2.508462,2.519765,2.471074,2.484116,446799997
2018-03-23,2.417167,2.429339,2.384996,2.418036,657713836
2018-03-26,2.403255,2.406733,2.349347,2.377170,615811633
2018-03-27,2.404124,2.411949,2.362389,2.381518,594417612
2018-03-28,2.356302,2.382387,2.328479,2.337174,680253180
2018-03-29,2.340652,2.393691,2.305003,2.377170,705585541
2018-03-30,2.376301,2.378040,2.354564,2.358911,519739819
2018-04-02,2.356303,2.391951,2.343260,2.349347,570173005
2018-04-03,2.331957,2.354564,2.326741,2.341522,412658967
2018-04-04,2.349346,2.369344,2.337173,2.342390,426019022
2018-04-09,2.345868,2.361519,2.332826,2.357172,445749735
2018-04-10,2.358911,2.413688,2.351955,2.412819,698182792
2018-04-11,2.412819,2.430209,2.400646,2.412819,702535327
2018-04-12,2.412819,2.415427,2.382387,2.384126,462988709
2018-04-13,2.395430,2.403255,2.359781,2.362389,438486254
2018-04-16,2.354564,2.363258,2.304134,2.308481,686090525
2018-04-17,2.313698,2.328479,2.279788,2.283266,742739670
2018-04-18,2.311089,2.314567,2.276310,2.298047,833165288
2018-04-19,2.305872,2.337174,2.300655,2.326740,548797150
2018-04-20,2.317176,2.324132,2.281527,2.292830,732609220
2018-04-23,2.282397,2.317176,2.282397,2.311090,583220768
2018-04-24,2.315437,2.375431,2.315437,2.363258,1036373400
2018-04-25,2.350217,2.358042,2.338913,2.341522,576526197
2018-04-26,2.351086,2.357172,2.298917,2.308481,512949185
2018-04-27,2.317176,2.319784,2.263268,2.297178,826336630
2018-05-02,2.305872,2.314567,2.285874,2.300655,525424412
2018-05-03,2.294569,2.318045,2.275441,2.307612,499165604
2018-05-04,2.302394,2.313698,2.288483,2.290222,424955968
2018-05-07,2.297178,2.329349,2.285005,2.325001,561054257
2018-05-08,2.325870,2.371084,2.324132,2.359780,780850730
2018-05-09,2.358041,2.362389,2.344999,2.357172,348634432
2018-05-10,2.361520,2.377170,2.349347,2.367606,521580369
2018-05-11,2.372823,2.376301,2.358911,2.361520,410360233
2018-05-14,2.369345,2.394560,2.369345,2.386734,567599142
2018-05-15,2.392821,2.394560,2.366736,2.382387,396704066
2018-05-16,2.375431,2.378039,2.349346,2.351955,678681505
2018-05-17,2.357172,2.360650,2.337174,2.338043,366116950
2018-05-18,2.338913,2.377170,2.331957,2.376300,653961477
2018-05-21,2.391951,2.398038,2.371953,2.378909,671915295
2018-05-22,2.378909,2.379779,2.347608,2.362389,609091559
2018-05-23,2.357172,2.357172,2.321524,2.323262,787236155
2018-05-24,2.324132,2.332827,2.307612,2.308481,334519522
2018-05-25,2.311090,2.325871,2.298917,2.307612,361552052
2018-05-28,2.311089,2.330218,2.302394,2.319784,534919871
2018-05-29,2.318045,2.322393,2.291091,2.308481,528008132
2018-05-30,2.287613,2.288483,2.260659,2.261529,609194736
2018-05-31,2.278049,2.310220,2.275441,2.305003,513940884
2018-06-01,2.298916,2.311089,2.288483,2.298047,343515815
2018-06-04,2.310220,2.338043,2.302395,2.335435,492216145
2018-06-05,2.334565,2.350216,2.324131,2.344130,371805052
2018-06-06,2.340652,2.343260,2.331957,2.335435,274974197
2018-06-07,2.344129,2.362388,2.339782,2.342390,452097492
2018-06-08,2.340652,2.340652,2.296308,2.305872,447201474
2018-06-11,2.300655,2.320654,2.293700,2.315437,376837470
2018-06-12,2.315437,2.344130,2.306742,2.337174,496906815
2018-06-13,2.332827,2.336305,2.318915,2.323262,318187240
2018-06-14,2.313698,2.344999,2.313698,2.325871,503593883
2018-06-15,2.326740,2.338913,2.319784,2.328479,436938078
2018-06-19,2.308481,2.314567,2.245878,2.271093,867108553
2018-06-20,2.262398,2.278919,2.246748,2.269354,473411288
2018-06-21,2.270224,2.296308,2.252834,2.253704,614492167
2018-06-22,2.247617,2.265007,2.235444,2.258920,514507067
2018-06-25,2.266746,2.272832,2.213707,2.215446,545113043
2018-06-26,2.205012,2.205012,2.158930,2.191101,689694561
2018-06-27,2.186753,2.199795,2.131106,2.143278,752661854
2018-06-28,2.131106,2.156321,2.115455,2.122411,468016423
2018-06-29,2.131106,2.173711,2.128498,2.169363,573563438
2018-07-02,2.165016,2.165016,2.075459,2.088501,788283471
2018-07-03,2.097196,2.101543,2.044157,2.095457,749829769
2018-07-04,2.090240,2.106761,2.072851,2.078068,427974871
2018-07-05,2.078068,2.103283,2.061548,2.078937,480674236
2018-07-06,2.085893,2.125889,2.060678,2.108500,749159142
2018-07-09,2.118064,2.171102,2.117194,2.170233,610786106
2018-07-10,2.169363,2.174580,2.149365,2.167624,416367825
2018-07-11,2.125889,2.143279,2.111977,2.133714,504294445
2018-07-12,2.131976,2.193709,2.131976,2.178058,539826260
2018-07-13,2.185014,2.188492,2.171972,2.181536,334776399
2018-07-16,2.180667,2.194579,2.154582,2.165016,398141205
2018-07-17,2.164147,2.166755,2.138062,2.151974,420874939
2018-07-18,2.157190,2.178058,2.139801,2.141540,562709840
2018-07-19,2.151104,2.173711,2.141540,2.151104,396676268
2018-07-20,2.151104,2.219793,2.131975,2.208490,907777227
2018-07-23,2.197187,2.242400,2.195448,2.233705,776137376
2018-07-24,2.239792,2.283266,2.239792,2.269354,665471379
2018-07-25,2.277179,2.278918,2.258920,2.268485,390885052
2018-07-26,2.272832,2.282397,2.237183,2.238922,379358365
2018-07-27,2.238922,2.252834,2.228488,2.238922,406461617
2018-07-30,2.232836,2.269354,2.230227,2.249356,554179899
2018-07-31,2.246748,2.265876,2.237183,2.256312,477061620
2018-08-01,2.266746,2.278918,2.202404,2.205882,628102705
2018-08-02,2.198056,2.204143,2.138931,2.159799,721197256
2018-08-03,2.159799,2.172841,2.135454,2.136323,449223512
2018-08-06,2.137193,2.168494,2.119803,2.134584,610752393
2018-08-07,2.140670,2.200665,2.134584,2.199795,674778966
2018-08-08,2.195448,2.199796,2.163277,2.168494,504680345
2018-08-09,2.161538,2.225011,2.158930,2.218055,562950387
2018-08-10,2.218055,2.231966,2.202404,2.218055,530356297
2018-08-13,2.198926,2.206751,2.165016,2.196317,508858678
2018-08-14,2.193709,2.201534,2.175450,2.189361,401333810
2018-08-15,2.187622,2.187622,2.129367,2.133714,520405387
2018-08-16,2.113716,2.157191,2.094588,2.132845,737608091
2018-08-17,2.151973,2.154582,2.098935,2.104152,622378515
2018-08-20,2.110239,2.138932,2.102413,2.137192,597188762
2018-08-21,2.138931,2.182405,2.135453,2.170233,734320029
2018-08-22,2.181536,2.181536,2.158930,2.172841,571211615
2018-08-23,2.173711,2.193709,2.158060,2.181536,482829452
2018-08-24,2.173711,2.213707,2.160669,2.193709,460293248
2018-08-27,2.203273,2.236313,2.199795,2.235444,460496784
2018-08-28,2.238922,2.245878,2.219793,2.225880,290231114
2018-08-29,2.223271,2.229358,2.216316,2.219794,235411696
2018-08-30,2.222402,2.234575,2.198057,2.202404,342579006
2018-08-31,2.182406,2.208490,2.176319,2.191970,565830265
2018-09-03,2.180667,2.191101,2.166755,2.184145,349966838
2018-09-04,2.185883,2.224141,2.172841,2.217185,587169878
2018-09-05,2.205882,2.211099,2.160668,2.162407,616296250
2018-09-06,2.159799,2.175450,2.137192,2.144148,445022413
2018-09-07,2.151104,2.182406,2.144148,2.165885,472138295
2018-09-10,2.160668,2.169363,2.142409,2.144148,547395925
2018-09-11,2.142409,2.152843,2.121542,2.129367,748356209
2018-09-12,2.125020,2.131106,2.109369,2.114586,538663869
2018-09-13,2.140670,2.148495,2.116325,2.144148,719113453
2018-09-14,2.146757,2.161538,2.138932,2.151974,477495105
2018-09-17,2.138931,2.146757,2.129367,2.131975,358750701
2018-09-18,2.125020,2.186753,2.122411,2.185014,625716566
2018-09-19,2.179797,2.223271,2.175450,2.206751,1134662770
2018-09-20,2.209360,2.221533,2.204143,2.209360,563091483
2018-09-21,2.213707,2.292830,2.208490,2.288482,1252601911
2018-09-25,2.261529,2.271093,2.251964,2.260659,879392109
2018-09-26,2.267615,2.317175,2.266745,2.293699,1250934054
2018-09-27,2.286744,2.294569,2.274571,2.285005,709197260
2018-09-28,2.290222,2.325001,2.290222,2.311959,935788393
2018-10-08,2.260659,2.269354,2.199796,2.202404,1381296013
2018-10-09,2.205012,2.225010,2.197187,2.212837,685726992
2018-10-10,2.215446,2.233705,2.192839,2.212837,923727540
2018-10-11,2.143279,2.171102,2.099804,2.120672,1720144797
2018-10-12,2.126759,2.178059,2.123281,2.168494,1191445090
2018-10-15,2.171972,2.172841,2.138062,2.141540,711162797
2018-10-16,2.144149,2.182406,2.132845,2.145018,1028953987
2018-10-17,2.172841,2.178928,2.113716,2.153713,1509539747
2018-10-18,2.138931,2.142409,2.101544,2.103282,856099287
2018-10-19,2.085023,2.173711,2.081546,2.165885,1407597770
2018-10-22,2.199795,2.278918,2.183275,2.259789,2173907449
2018-10-23,2.253703,2.259790,2.171972,2.183275,1742997572
2018-10-24,2.178928,2.242400,2.178928,2.195448,1711930721
2018-10-25,2.147626,2.205881,2.139801,2.200665,1073078521
2018-10-26,2.205882,2.217185,2.166755,2.187623,915634076
2018-10-29,2.182405,2.195447,2.105021,2.113716,1305305726
2018-10-30,2.107630,2.170233,2.105891,2.141540,1395994824
2018-10-31,2.149365,2.180666,2.137192,2.170233,1128913271
2018-11-01,2.191100,2.215446,2.175450,2.179797,1097287485
2018-11-02,2.234575,2.257181,2.205012,2.255442,1720034522
2018-11-05,2.237183,2.237183,2.207621,2.224141,750637426
2018-11-06,2.219793,2.224141,2.197186,2.213707,727151239
2018-11-07,2.217185,2.235444,2.194578,2.198056,752480172
2018-11-08,2.218055,2.226749,2.199795,2.205882,657737637
2018-11-09,2.191100,2.191100,2.156321,2.156321,1244108931
2018-11-12,2.153713,2.169363,2.145018,2.165016,760810324
2018-11-13,2.139801,2.194578,2.137192,2.181536,930177652
2018-11-14,2.179797,2.180667,2.148496,2.151974,673156650
2018-11-15,2.151974,2.178928,2.151104,2.178058,663693258
2018-11-16,2.178928,2.199795,2.164147,2.179797,865175374
2018-11-19,2.183275,2.208490,2.183275,2.208490,882122136
2018-11-20,2.193709,2.201534,2.165885,2.171972,745093907
2018-11-21,2.156321,2.176319,2.152843,2.171103,675945054
2018-11-22,2.174580,2.177188,2.147626,2.158929,603705721
2018-11-23,2.158060,2.164146,2.119803,2.123281,755789130
2018-11-26,2.132845,2.147626,2.118933,2.130237,917185216
2018-11-27,2.132845,2.140670,2.114586,2.120672,792300029
2018-11-28,2.121542,2.149365,2.120672,2.144148,923785222
2018-11-29,2.155452,2.161538,2.131106,2.132845,509437704
2018-11-30,2.130237,2.155452,2.128498,2.151104,630339499
2018-12-03,2.208762,2.212311,2.184812,2.201666,742989187
2018-12-04,2.201667,2.214085,2.195457,2.208763,516692455
2018-12-05,2.187473,2.207876,2.185699,2.199005,643724257
2018-12-06,2.177716,2.182151,2.156426,2.158201,1032601649
2018-12-07,2.164410,2.167071,2.151104,2.151104,701526423
2018-12-10,2.139572,2.150217,2.127154,2.136024,816643914
2018-12-11,2.136024,2.144008,2.132476,2.140460,718079777
2018-12-12,2.153765,2.156426,2.139572,2.145782,621019924
2018-12-13,2.147556,2.185699,2.147556,2.175942,895802476
2018-12-14,2.168845,2.168845,2.148443,2.149330,604436766
2018-12-17,2.144894,2.153765,2.135137,2.146669,959718517
2018-12-18,2.136024,2.149330,2.116509,2.120944,815781227
2018-12-19,2.123605,2.127154,2.092558,2.097881,679428965
2018-12-20,2.093446,2.101430,2.050868,2.067722,888966224
2018-12-21,2.059738,2.062399,2.025142,2.041996,796032229
2018-12-24,2.030465,2.049093,2.023368,2.043771,819904426
2018-12-25,2.025143,2.045545,1.996757,2.033126,1670367488
2018-12-26,2.030465,2.037561,2.014498,2.018046,1151572234
2018-12-27,2.043771,2.048206,2.011837,2.018046,693608954
2018-12-28,2.019820,2.042883,2.017159,2.027803,950515186
2019-01-02,2.032239,2.034900,1.992322,2.000305,757076490
2019-01-03,2.000305,2.026030,1.995870,2.005627,623733184
2019-01-04,1.994096,2.050867,1.992322,2.049093,1094084985
2019-01-07,1.994096,2.055302,2.039335,2.046432,589783489
2019-01-08,2.046432,2.046432,2.034900,2.040222,390830538
2019-01-09,2.051754,2.087236,2.049980,2.062399,1027410889
2019-01-10,2.062399,2.075704,2.052641,2.065060,541955927
2019-01-11,2.067722,2.089011,2.065060,2.081914,614010416
2019-01-14,2.077479,2.081027,2.061511,2.062399,435158841
2019-01-15,2.066834,2.104090,2.065060,2.102316,1155168237
2019-01-16,2.100542,2.108525,2.090784,2.105864,477096226
2019-01-17,2.109413,2.120944,2.095220,2.097881,396594289
2019-01-18,2.106752,2.141347,2.104978,2.136912,625110481
2019-01-21,2.135137,2.161749,2.134250,2.150217,536180315
2019-01-22,2.149330,2.149330,2.120057,2.125380,618466058
2019-01-23,2.119170,2.136024,2.114735,2.121831,550387686
2019-01-24,2.124492,2.135137,2.108526,2.131589,548431505
2019-01-25,2.139572,2.168845,2.135137,2.158201,842665198
2019-01-28,2.170619,2.186586,2.147556,2.155539,463932676
2019-01-29,2.151991,2.176829,2.144008,2.171506,578963955
2019-01-30,2.159975,2.177716,2.156427,2.161749,451049530
2019-01-31,2.171507,2.198118,2.167071,2.194570,706825845
2019-02-01,2.208763,2.212311,2.190134,2.210537,507108860
2019-02-11,2.201666,2.233600,2.195457,2.231826,624269617
2019-02-12,2.232713,2.243358,2.222955,2.238922,414054900
2019-02-13,2.239809,2.289484,2.234487,2.280614,700800792
2019-02-14,2.275292,2.286823,2.268195,2.277066,711301960
2019-02-15,2.270856,2.272631,2.222069,2.227391,852506753
2019-02-18,2.243358,2.282388,2.243358,2.280614,1173911571
2019-02-19,2.284162,2.309887,2.268195,2.277066,1078871306
2019-02-20,2.288597,2.295694,2.270856,2.285936,491632735
2019-02-21,2.284162,2.309887,2.269083,2.276179,1024101132
2019-02-22,2.272630,2.324079,2.258438,2.322305,840918533
2019-02-25,2.346256,2.509474,2.341821,2.497942,1887359641
2019-02-26,2.483749,2.483749,2.410124,2.419881,1795176019
2019-02-27,2.420768,2.467782,2.401253,2.426978,1352810647
2019-02-28,2.426978,2.446493,2.416333,2.426978,728176467
2019-03-01,2.439396,2.489071,2.424317,2.485523,1011650146
2019-03-04,2.502377,2.569793,2.481975,2.497055,1557076967
2019-03-05,2.494394,2.503264,2.475765,2.495281,893755703
2019-03-06,2.494394,2.512135,2.463347,2.501490,1280907536
2019-03-07,2.491733,2.491733,2.444719,2.459799,1088030446
2019-03-08,2.418107,2.430526,2.369319,2.372867,1144230752
2019-03-11,2.371094,2.395931,2.355127,2.386173,1044634372
2019-03-12,2.408349,2.434074,2.383512,2.395931,1323173371
2019-03-13,2.406576,2.424317,2.379077,2.400366,1314682856
2019-03-14,2.395930,2.426977,2.394156,2.403914,1035568752
2019-03-15,2.410124,2.454476,2.410124,2.430526,1282166470
2019-03-18,2.433187,2.496168,2.425204,2.494394,1331152647
2019-03-19,2.497055,2.508587,2.468669,2.474879,822864510
2019-03-20,2.469556,2.498829,2.457137,2.478427,1051982052
2019-03-21,2.482862,2.489958,2.466895,2.469556,808093944
2019-03-22,2.469556,2.481975,2.442058,2.463347,740931037
2019-03-25,2.428752,2.439397,2.393270,2.396818,1374166740
2019-03-26,2.412785,2.416333,2.377303,2.387947,892731016
2019-03-27,2.396818,2.424317,2.395044,2.415446,1045899947
2019-03-28,2.406576,2.418107,2.387060,2.411011,592513265
2019-03-29,2.419881,2.511248,2.419881,2.500603,1393717572
2019-04-01,2.519231,2.568019,2.519231,2.549391,1203807976
2019-04-02,2.554713,2.562697,2.537859,2.547617,915298260
2019-04-03,2.534311,2.582212,2.528102,2.573341,810614646
2019-04-04,2.583099,2.612372,2.572455,2.607049,756670685
2019-04-08,2.625678,2.655837,2.589308,2.610598,934205562
2019-04-09,2.614146,2.631000,2.598179,2.615920,905129790
2019-04-10,2.607937,2.645193,2.591082,2.629226,1192674585
2019-04-11,2.627452,2.648741,2.573342,2.583099,789417527
2019-04-12,2.574229,2.589308,2.563584,2.577777,751556277
2019-04-15,2.621242,2.645193,2.576003,2.577777,1331960262
2019-04-16,2.570680,2.669143,2.565358,2.668256,1392616244
2019-04-17,2.666482,2.680675,2.640757,2.658499,1058154603
2019-04-18,2.656724,2.662934,2.640757,2.649628,607874723
2019-04-19,2.658498,2.688658,2.634548,2.682449,1520293034
2019-04-22,2.685997,2.691319,2.609710,2.623903,1459809379
2019-04-23,2.616807,2.653176,2.616807,2.628339,943950004
2019-04-24,2.635435,2.645193,2.584873,2.623903,1007245578
2019-04-25,2.612372,2.623903,2.582212,2.583986,1239752641
2019-04-26,2.572454,2.588421,2.551165,2.554713,1162013435
2019-05-06,2.519231,2.534311,2.441171,2.472218,1954852008
2019-05-07,2.483749,2.498829,2.450041,2.474879,1206167605
2019-05-08,2.434961,2.467782,2.426978,2.434961,950339446
2019-05-09,2.424317,2.427865,2.367545,2.382625,1232912318
2019-05-10,2.411011,2.468669,2.376415,2.463347,2599899959
2019-05-13,2.434961,2.439396,2.411898,2.417220,750804629
2019-05-14,2.398592,2.434961,2.395044,2.402140,1168621298
2019-05-15,2.419881,2.466008,2.418107,2.452702,1095432562
2019-05-16,2.447380,2.463347,2.440283,2.460685,653211932
2019-05-17,2.459799,2.464234,2.408350,2.415446,1374025325
2019-05-20,2.408350,2.426091,2.379077,2.394157,1307078120
2019-05-21,2.395931,2.438509,2.394157,2.414559,1445258776
2019-05-22,2.415446,2.419882,2.392383,2.403028,961271582
2019-05-23,2.394156,2.400366,2.366658,2.374641,824092521
2019-05-24,2.382625,2.408349,2.378190,2.387060,625547871
2019-05-27,2.386173,2.417220,2.358674,2.407462,798351730
2019-05-28,2.405688,2.440283,2.402140,2.424316,1114518631
2019-05-29,2.413672,2.461573,2.409237,2.437623,700003574
2019-05-30,2.432300,2.435848,2.410124,2.427865,443490553
2019-05-31,2.423429,2.448267,2.416333,2.419881,453367859
2019-06-03,2.427865,2.450041,2.414559,2.430526,629966450
2019-06-04,2.429639,2.436735,2.406576,2.414559,582347167
2019-06-05,2.430526,2.436735,2.407463,2.411011,526969478
2019-06-06,2.412785,2.419881,2.396818,2.398592,459376939
2019-06-10,2.411011,2.437622,2.403915,2.429639,933096006
2019-06-11,2.439396,2.498829,2.437622,2.496168,1173800602
2019-06-12,2.489958,2.491733,2.479314,2.485523,569217724
2019-06-13,2.482862,2.492620,2.463347,2.480201,609471690
2019-06-14,2.483749,2.500603,2.470443,2.474879,451575822
2019-06-17,2.473104,2.497055,2.473104,2.482862,391323312
2019-06-18,2.484636,2.494394,2.473991,2.492620,475932968
2019-06-19,2.553826,2.566245,2.530763,2.533424,821325143
2019-06-20,2.531650,2.636322,2.531650,2.620355,1734115287
2019-06-21,2.620356,2.634549,2.610598,2.619469,1140271568
2019-06-24,2.619468,2.634548,2.611485,2.624790,541740259
2019-06-25,2.623903,2.624791,2.561810,2.589308,1527385577
2019-06-26,2.579551,2.596405,2.573342,2.586648,575624222
2019-06-27,2.594631,2.630113,2.594631,2.621242,609819065
2019-06-28,2.618581,2.619468,2.599953,2.618581,742859610
2019-07-01,2.661160,2.687771,2.656724,2.680675,1321848424
2019-07-02,2.674466,2.679788,2.665595,2.675353,450813091
2019-07-03,2.667369,2.670030,2.640757,2.649628,810184385
2019-07-04,2.647854,2.659386,2.626565,2.639871,711496284
2019-07-05,2.637209,2.654950,2.630112,2.649628,641184984
2019-07-08,2.638096,2.638096,2.575116,2.593744,775801425
2019-07-09,2.591083,2.602614,2.576003,2.584873,566011936
2019-07-10,2.595518,2.599066,2.573342,2.583099,426533483
2019-07-11,2.595517,2.619468,2.582212,2.591969,512322071
2019-07-12,2.589308,2.620355,2.587534,2.610598,732078529
2019-07-15,2.599066,2.630113,2.561810,2.609711,962297719
2019-07-16,2.607049,2.615920,2.592857,2.594630,523155126
2019-07-17,2.584874,2.601728,2.576890,2.586648,380458175
2019-07-18,2.579551,2.585760,2.570680,2.576890,446754544
2019-07-19,2.586647,2.615033,2.586647,2.607936,650914374
2019-07-22,2.604388,2.615919,2.582212,2.591969,667265511
2019-07-23,2.593744,2.600840,2.585760,2.592857,842527169
2019-07-24,2.605275,2.632774,2.605275,2.618581,1001807866
2019-07-25,2.618581,2.641645,2.615033,2.640758,552814469
2019-07-26,2.629226,2.651402,2.627452,2.646080,416322973
2019-07-29,2.642532,2.646080,2.631887,2.641645,314517230
2019-07-30,2.643419,2.662934,2.643419,2.650515,397992194
2019-07-31,2.641644,2.642532,2.620355,2.625678,656064663
2019-08-01,2.612372,2.622130,2.593744,2.603502,502313891
2019-08-02,2.552052,2.569793,2.549391,2.563584,701454298
2019-08-05,2.548504,2.551165,2.511248,2.514796,752235247
2019-08-06,2.472217,2.496168,2.453589,2.488184,1169417735
2019-08-07,2.494394,2.497942,2.474879,2.476653,735060652
2019-08-08,2.495281,2.514796,2.493507,2.511248,591657638
2019-08-09,2.523667,2.526328,2.496168,2.500603,313877075
2019-08-12,2.509474,2.546730,2.508587,2.544956,395812403
2019-08-13,2.528102,2.535198,2.513909,2.519231,320757995
2019-08-14,2.550278,2.553826,2.526328,2.527215,348221205
2019-08-15,2.488184,2.540521,2.484636,2.535198,506209923
2019-08-16,2.540521,2.565358,2.528989,2.545843,435790890
2019-08-19,2.562697,2.597292,2.548504,2.597292,557901864
2019-08-20,2.590196,2.599066,2.584873,2.591083,443612444
2019-08-21,2.589308,2.593744,2.583986,2.589308,268865193
2019-08-22,2.592857,2.597292,2.578664,2.592857,280942492
2019-08-23,2.592857,2.634548,2.590196,2.628339,707421624
2019-08-26,2.597292,2.601727,2.576890,2.584873,796433834
2019-08-27,2.598179,2.627452,2.595518,2.602614,741528430
2019-08-28,2.593744,2.604389,2.579551,2.583099,862573076
2019-08-29,2.583099,2.586647,2.560036,2.574229,488934957
2019-08-30,2.592857,2.601728,2.572455,2.586648,549481640
2019-09-02,2.584873,2.615920,2.580438,2.608824,408459484
2019-09-03,2.607937,2.612372,2.595518,2.607049,282452585
2019-09-04,2.606162,2.639871,2.605275,2.637209,479411457
2019-09-05,2.649628,2.700190,2.649628,2.664708,638513313
2019-09-06,2.681562,2.695755,2.669143,2.693980,452729840
2019-09-09,2.714383,2.718818,2.685110,2.689545,475055774
2019-09-10,2.689545,2.698416,2.670917,2.679788,641686275
2019-09-11,2.688658,2.690432,2.659386,2.668256,870649148
2019-09-12,2.673578,2.708174,2.673578,2.704625,495192595
2019-09-16,2.705513,2.709061,2.678014,2.691320,411185136
2019-09-17,2.684223,2.685997,2.639870,2.649628,785906825
2019-09-18,2.655837,2.675353,2.654950,2.663821,798078728
2019-09-19,2.670917,2.674466,2.651402,2.667369,394183855
2019-09-20,2.675353,2.678901,2.667369,2.670918,383008067
2019-09-23,2.662047,2.663821,2.633661,2.644306,556005523
2019-09-24,2.646080,2.663821,2.642531,2.649628,599430440
2019-09-25,2.642532,2.653176,2.634548,2.640758,632663748
2019-09-26,2.649628,2.661159,2.638096,2.642531,458625739
2019-09-27,2.640758,2.646080,2.631000,2.641645,338713027
2019-09-30,2.638983,2.645193,2.611485,2.612372,446730770
2019-10-08,2.612372,2.648741,2.611485,2.632774,600325910
2019-10-09,2.623903,2.642531,2.610597,2.635435,429870798
2019-10-10,2.635435,2.654063,2.624790,2.649628,295143504
2019-10-11,2.660273,2.696642,2.654950,2.689545,568682566
2019-10-14,2.707287,2.740108,2.701077,2.715270,473974950
2019-10-15,2.712609,2.721479,2.709948,2.716157,265660905
2019-10-16,2.717931,2.744543,2.701077,2.706399,410241811
2019-10-17,2.709060,2.722366,2.703738,2.713496,339864184
2019-10-18,2.718818,2.728576,2.669143,2.673578,514196769
2019-10-21,2.669143,2.680675,2.661160,2.675353,341373272
2019-10-22,2.682449,2.686885,2.666482,2.678014,348624635
2019-10-23,2.676239,2.684223,2.653176,2.661160,435389558
2019-10-24,2.664708,2.681562,2.654950,2.668256,380310479
2019-10-25,2.664708,2.678901,2.645193,2.673578,508151438
2019-10-28,2.677127,2.693094,2.670031,2.686885,367472173
2019-10-29,2.687771,2.687771,2.674466,2.675353,226378887
2019-10-30,2.671805,2.680675,2.655838,2.660273,295160213
2019-10-31,2.667369,2.671805,2.657612,2.663821,261958783
2019-11-01,2.661160,2.708174,2.655837,2.707287,503862802
2019-11-04,2.711721,2.725027,2.710834,2.722366,438774470
2019-11-05,2.722366,2.764945,2.715270,2.736559,657056870
2019-11-06,2.732124,2.742769,2.724141,2.731237,354006558
2019-11-07,2.727689,2.746317,2.722366,2.731237,369210881
2019-11-08,2.748978,2.750752,2.713496,2.714383,354070792
2019-11-11,2.701965,2.701965,2.669144,2.672692,755956605
2019-11-12,2.678901,2.683336,2.662047,2.676240,393558887
2019-11-13,2.670031,2.679788,2.662047,2.674466,321767703
2019-11-14,2.677127,2.684224,2.670918,2.672692,301451351
2019-11-15,2.678901,2.683336,2.662047,2.663821,383950687
2019-11-18,2.663821,2.692207,2.659385,2.685997,356986400
2019-11-19,2.682449,2.702851,2.678014,2.701964,424623600
2019-11-20,2.700190,2.700190,2.666482,2.671804,357529500
2019-11-21,2.663821,2.666482,2.650515,2.656724,581601875
2019-11-22,2.660273,2.674466,2.623017,2.631887,753554568
2019-11-25,2.634548,2.658499,2.634548,2.655838,408473761
2019-11-26,2.662934,2.670030,2.650515,2.654950,572617114
2019-11-27,2.653176,2.659386,2.640758,2.650515,446469247
2019-11-28,2.651402,2.658499,2.635435,2.641645,342094174
2019-11-29,2.634548,2.638983,2.596405,2.606162,757251811
2019-12-02,2.609768,2.622389,2.607965,2.611571,286432479
2019-12-03,2.606163,2.621488,2.591739,2.620586,272341338
2019-12-04,2.611571,2.616980,2.600754,2.615177,250216259
2019-12-05,2.621488,2.637714,2.621488,2.631404,407737415
2019-12-06,2.637714,2.647630,2.632305,2.646729,290401988
2019-12-09,2.650335,2.652138,2.635010,2.642222,355812374
2019-12-10,2.635911,2.645827,2.633207,2.644024,233462533
2019-12-11,2.653039,2.659350,2.640419,2.656645,421521949
2019-12-12,2.656645,2.661152,2.644926,2.647630,347398169
2019-12-13,2.671068,2.708930,2.671068,2.704423,626228958
2019-12-16,2.703522,2.704423,2.686394,2.698113,739498409
2019-12-17,2.699014,2.749497,2.693605,2.726960,693591337
2019-12-18,2.723354,2.738679,2.718847,2.719748,485361758
2019-12-19,2.723354,2.725157,2.709832,2.713438,379325108
2019-12-20,2.715241,2.727861,2.706226,2.708930,472381515
2019-12-23,2.707128,2.721552,2.681887,2.686394,553635111
2019-12-24,2.686394,2.697212,2.681886,2.693606,359686606
2019-12-25,2.690000,2.690901,2.674675,2.687295,497845498
2019-12-26,2.686394,2.708931,2.685492,2.706226,507531462
2019-12-27,2.708931,2.740482,2.706226,2.712537,615384398
2019-12-30,2.708931,2.756709,2.703522,2.750398,571400064
2019-12-31,2.745891,2.758512,2.738679,2.756709,434376711
2020-01-02,2.768428,2.794571,2.767527,2.777443,515432997
2020-01-03,2.783753,2.785556,2.762118,2.765724,335949392
2020-01-06,2.752202,2.778344,2.730566,2.749497,584398594
2020-01-07,2.754906,2.771132,2.750398,2.761216,396497844
2020-01-08,2.734172,2.734172,2.734172,2.734172,442180042
2020-01-09,2.750398,2.761216,2.745891,2.755807,310053452
2020-01-10,2.764822,2.768428,2.751300,2.759413,245525788
2020-01-13,2.761216,2.777443,2.744990,2.776541,361624037
2020-01-14,2.781049,2.794571,2.766625,2.772935,376813274
2020-01-15,2.770231,2.775640,2.744989,2.745891,409759623
2020-01-16,2.754004,2.756709,2.728763,2.736876,386871970
2020-01-17,2.743187,2.761216,2.734172,2.742285,569829948
2020-01-20,2.754906,2.758512,2.744990,2.756709,459768122
2020-01-21,2.740482,2.743187,2.708029,2.710733,574211412
2020-01-22,2.704423,2.716142,2.664758,2.709832,737727346
2020-01-23,2.688197,2.693605,2.617882,2.636812,767631284
2020-02-03,2.429473,2.482660,2.404232,2.440291,1562732580
2020-02-04,2.447503,2.512409,2.442996,2.510607,817873004
2020-02-05,2.515114,2.544862,2.497084,2.525030,674451001
2020-02-06,2.535847,2.578217,2.524128,2.561990,479625871
2020-02-07,2.547566,2.561990,2.534044,2.561089,382974745
2020-02-10,2.539453,2.563793,2.533143,2.559286,467001796
2020-02-11,2.567399,2.598951,2.562892,2.587231,362941829
2020-02-12,2.584527,2.602556,2.571005,2.598950,266144903
2020-02-13,2.598951,2.612473,2.580020,2.586330,244340724
2020-02-14,2.579118,2.605261,2.579118,2.600754,329803160
2020-02-17,2.603458,2.651236,2.601655,2.649433,437866984
2020-02-18,2.642221,2.644024,2.616980,2.625995,360176674
2020-02-19,2.622389,2.642221,2.618783,2.625995,356549566
2020-02-20,2.630502,2.677379,2.619685,2.674675,684324337
2020-02-21,2.663857,2.689098,2.658448,2.666561,366806228
2020-02-24,2.651236,2.655743,2.622389,2.635911,438213959
2020-02-25,2.609768,2.618783,2.580019,2.613374,658357515
2020-02-26,2.585429,2.631404,2.579118,2.608867,713226475
2020-02-27,2.608867,2.626897,2.607064,2.612473,381077635
2020-02-28,2.569202,2.592640,2.529537,2.536749,695878639
2020-03-02,2.550271,2.627798,2.550271,2.613374,570019408
2020-03-03,2.641320,2.651236,2.614276,2.620586,564810949
2020-03-04,2.618783,2.650335,2.616980,2.649433,394532331
2020-03-05,2.663857,2.717044,2.655744,2.708029,792807008
2020-03-06,2.690000,2.694508,2.659350,2.660251,493335273
2020-03-09,2.617882,2.620586,2.574611,2.579118,786540298
2020-03-10,2.578217,2.637714,2.561089,2.624192,955126963
2020-03-11,2.624192,2.628699,2.589936,2.590837,546955787
2020-03-12,2.564695,2.574611,2.538552,2.556581,601465453
2020-03-13,2.455616,2.540355,2.434882,2.520523,859776185
2020-03-16,2.510606,2.510606,2.416853,2.422262,728598617
2020-03-17,2.433981,2.460124,2.364567,2.411444,888395013
2020-03-18,2.422262,2.445700,2.357356,2.360060,766396589
2020-03-19,2.351947,2.378090,2.258194,2.311380,1166555611
2020-03-20,2.329410,2.369976,2.318592,2.365469,1075398984
2020-03-23,2.290647,2.325804,2.286139,2.301464,763646843
2020-03-24,2.343833,2.371779,2.327607,2.368173,1016356174
2020-03-25,2.422262,2.432178,2.405134,2.422262,1196416027
2020-03-26,2.404232,2.439390,2.399725,2.413247,446033246
2020-03-27,2.442094,2.456518,2.424966,2.426769,519413847
2020-03-30,2.397020,2.420459,2.390710,2.415951,458744289
2020-03-31,2.433981,2.440291,2.406937,2.411444,457193375
2020-04-01,2.407838,2.442996,2.403331,2.407838,478444952
2020-04-02,2.394316,2.441193,2.390710,2.439390,364541550
2020-04-03,2.432178,2.441192,2.420458,2.428572,330872317
2020-04-07,2.470040,2.479055,2.461926,2.472744,424902768
2020-04-08,2.461025,2.470941,2.454715,2.461025,261926302
2020-04-09,2.470040,2.475449,2.465533,2.469139,251002425
2020-04-10,2.469139,2.499789,2.461927,2.468237,425705171
2020-04-13,2.461926,2.465532,2.451109,2.457419,268395656
2020-04-14,2.472745,2.497986,2.464631,2.497986,342569895
2020-04-15,2.493478,2.501591,2.479055,2.479956,303144211
2020-04-16,2.471843,2.485365,2.470040,2.481759,234502641
2020-04-17,2.501592,2.534045,2.494380,2.517818,530009621
2020-04-20,2.521424,2.530438,2.509705,2.526833,289171883
2020-04-21,2.521424,2.522326,2.484464,2.497986,296662605
2020-04-22,2.490774,2.516015,2.483562,2.515114,343428312
2020-04-23,2.519621,2.530439,2.507902,2.512409,266170705
2020-04-24,2.501592,2.502493,2.487168,2.492577,256785600
2020-04-27,2.495281,2.527734,2.495281,2.515114,470276294
2020-04-28,2.521424,2.539453,2.495281,2.533143,315689970
2020-04-29,2.527734,2.557483,2.525030,2.550271,320438412
2020-04-30,2.558385,2.587232,2.553877,2.571005,262312238
2020-05-06,2.542158,2.571906,2.534045,2.567399,309426848
2020-05-07,2.564695,2.569202,2.553877,2.562892,217451585
2020-05-08,2.576414,2.592640,2.570104,2.580921,259022738
2020-05-11,2.582724,2.605261,2.574611,2.580921,317849095
2020-05-12,2.578216,2.589034,2.569202,2.578216,276043953
2020-05-13,2.571005,2.580921,2.559285,2.578216,129350769
2020-05-14,2.569202,2.569202,2.549370,2.552074,238101400
2020-05-15,2.555680,2.563793,2.533143,2.534946,360934663
2020-05-18,2.533143,2.561990,2.533143,2.553877,324552388
2020-05-19,2.573710,2.582724,2.566498,2.571005,261512471
2020-05-20,2.571005,2.577315,2.562892,2.568301,264967771
2020-05-21,2.572808,2.578217,2.556582,2.558385,266474698
2020-05-22,2.551172,2.552975,2.493478,2.495281,526393100
2020-05-25,2.497084,2.507902,2.484463,2.506099,275189275
2020-05-26,2.517818,2.526833,2.512409,2.525931,451492925
2020-05-27,2.526833,2.531340,2.509705,2.516917,244796971
2020-05-28,2.515114,2.547567,2.503394,2.525030,344819253
2020-05-29,2.506099,2.532242,2.506099,2.525931,248904504
2020-06-01,2.551172,2.586330,2.549370,2.581823,360043706
2020-06-02,2.577315,2.603458,2.575512,2.595345,259134405
2020-06-03,2.609769,2.631404,2.598951,2.599853,396536323
2020-06-04,2.611571,2.612473,2.589936,2.594443,190374093
2020-06-05,2.596246,2.609768,2.584527,2.607064,162544519
2020-06-08,2.611572,2.632305,2.611572,2.618783,266152097
2020-06-09,2.621488,2.637714,2.616079,2.635010,234882499
2020-06-10,2.635010,2.635010,2.617882,2.621488,145840148
2020-06-11,2.614276,2.623291,2.587231,2.594443,227138005
2020-06-12,2.566497,2.607965,2.561089,2.606162,207355786
2020-06-15,2.585429,2.592640,2.561089,2.566498,217522287
2020-06-16,2.584527,2.595345,2.580020,2.593542,232229908
2020-06-17,2.592640,2.598049,2.580921,2.597148,219333376
2020-06-18,2.589034,2.610670,2.578217,2.609768,330840064
2020-06-19,2.607064,2.648532,2.605261,2.638616,343200099
2020-06-22,2.638615,2.659349,2.626896,2.635911,295088652
2020-06-23,2.628699,2.643123,2.616980,2.641320,215215341
2020-06-24,2.648532,2.670167,2.642221,2.666561,329540029
2020-06-29,2.658448,2.664759,2.632305,2.647630,376772660
2020-06-30,2.654842,2.675576,2.653940,2.664758,428844681
2020-07-01,2.671069,2.729665,2.664759,2.728763,464423279
2020-07-02,2.721551,2.807191,2.721551,2.797275,687646308
2020-07-03,2.808994,2.875703,2.808994,2.872999,787174681
2020-07-06,2.911762,3.138032,2.911762,3.127215,2339053083
2020-07-07,3.178599,3.190318,3.065013,3.066816,1819728182
2020-07-08,3.062308,3.145244,3.056899,3.107382,988535773
2020-07-09,3.106481,3.129919,3.083043,3.118200,759348351
2020-07-10,3.087550,3.101072,3.028954,3.040673,784248398
2020-07-13,3.033461,3.117298,3.023545,3.079436,841174565
2020-07-14,3.072225,3.091156,3.011826,3.046983,747200569
2020-07-15,3.067717,3.080338,3.012727,3.019939,673905863
2020-07-16,3.025348,3.037969,2.884718,2.890127,1269468698
2020-07-17,2.902748,2.944216,2.880211,2.910861,693396748
2020-07-20,2.938806,3.010924,2.915368,3.002811,756395566
2020-07-21,3.011827,3.016334,2.985684,3.001009,705225417
2020-07-22,2.999205,3.071323,2.988388,3.005516,921931166
2020-07-23,2.981176,3.022643,2.946018,3.002811,634768634
2020-07-24,2.991092,2.991994,2.867590,2.884718,769536901
2020-07-27,2.900945,2.925285,2.872098,2.894634,421671756
2020-07-28,2.918974,2.931595,2.897339,2.912664,420878797
2020-07-29,2.909959,2.973063,2.899142,2.966752,483308548
2020-07-30,2.972161,2.985683,2.953230,2.954132,362218412
2020-07-31,2.955033,3.008220,2.924383,2.970358,872622932
2020-08-03,2.986585,3.010023,2.973964,3.000107,436063993
2020-08-04,3.008220,3.046082,3.000107,3.028052,843609342
2020-08-05,3.019038,3.019038,2.974865,3.007318,656266687
2020-08-06,3.015432,3.031658,2.963146,3.009122,613640321
2020-08-07,2.992895,3.009122,2.943314,2.982078,450541914
2020-08-10,2.971260,3.027151,2.952329,3.004614,456127861
2020-08-11,3.002811,3.049688,2.975767,2.981176,764764325
2020-08-12,2.977570,2.990190,2.925284,2.972161,678060440
2020-08-13,2.978471,2.982979,2.953230,2.962245,365243136
2020-08-14,2.961344,3.016333,2.954132,3.013629,483047598
2020-08-17,3.021742,3.110988,3.018136,3.081239,998561281
2020-08-18,3.083944,3.089353,3.059604,3.076732,616600600
2020-08-19,3.075831,3.079437,3.019038,3.020841,625511274
2020-08-20,3.001910,3.005516,2.970358,2.985683,464592274
2020-08-21,3.004614,3.021742,2.982077,3.007318,401735624
2020-08-24,3.019038,3.040673,3.009122,3.016333,675876600
2020-08-25,3.026250,3.051491,3.016333,3.028052,419978533
2020-08-26,3.024447,3.042476,2.986585,2.995600,421744124
2020-08-27,2.999205,3.013629,2.978471,3.012727,224394530
2020-08-28,3.008220,3.090254,3.002811,3.086648,517650192
2020-08-31,3.096565,3.120904,3.055097,3.060506,522450877
2020-09-01,3.051491,3.069520,3.046082,3.068619,313469098
2020-09-02,3.077634,3.084845,3.031658,3.060506,557717032
2020-09-03,3.059604,3.088451,3.038870,3.053294,293789238
2020-09-04,3.017235,3.033462,3.004614,3.025348,306289737
2020-09-07,3.019038,3.042476,2.968555,2.975767,341779252
2020-09-08,2.989289,3.014530,2.974865,3.007318,401768855
2020-09-09,2.977570,2.990190,2.943314,2.961343,434571230
2020-09-10,2.980275,2.992895,2.964950,2.971260,408338579
2020-09-11,2.960442,2.992895,2.956836,2.986585,269912773
2020-09-14,2.999205,3.015432,2.995599,3.011826,280336520
2020-09-15,3.012727,3.038870,2.998304,3.035264,339804522
2020-09-16,3.031658,3.039772,3.008220,3.016333,250042394
2020-09-17,3.011826,3.011826,2.981176,2.987486,254680304
2020-09-18,2.989289,3.073126,2.987486,3.070422,719479850
2020-09-21,3.074929,3.082141,3.028954,3.030757,482392161
2020-09-22,3.012728,3.037969,2.982979,2.994698,540055829
2020-09-23,2.994698,3.005516,2.979373,2.997403,409635195
2020-09-24,2.979373,2.987486,2.946018,2.948723,294713447
2020-09-25,2.957737,2.971259,2.945117,2.958639,320318247
2020-09-28,2.966752,2.991994,2.964949,2.976669,228523832
2020-09-29,2.992895,2.995599,2.969457,2.970358,287012615
2020-09-30,2.983880,2.993796,2.943314,2.957737,388025725
2020-10-09,2.999205,3.019939,2.997402,3.008220,469678103
2020-10-12,3.019939,3.104678,3.019939,3.102875,544969092
2020-10-13,3.090254,3.105579,3.079437,3.098368,271994295
2020-10-14,3.092959,3.092959,3.075830,3.086648,228471577
2020-10-15,3.082141,3.109185,3.077634,3.087550,494940923
2020-10-16,3.087550,3.114594,3.072225,3.093860,393686559
2020-10-19,3.112791,3.142540,3.062309,3.073126,535620901
2020-10-20,3.063210,3.077633,3.059604,3.075830,426396432
2020-10-21,3.082141,3.095663,3.067718,3.094762,433257663
2020-10-22,3.085747,3.094762,3.046983,3.083042,438333102
2020-10-23,3.083042,3.109185,3.066816,3.072225,534227894
2020-10-26,3.046984,3.051491,3.011826,3.023545,535554337
2020-10-27,3.019038,3.023545,3.002811,3.016333,337718901
2020-10-28,3.016333,3.039772,3.007318,3.032560,632950855
2020-10-29,3.006417,3.067717,3.001008,3.049688,471322600
2020-10-30,3.042477,3.049688,2.993797,3.001009,385778133
2020-11-02,3.004614,3.020841,2.976669,2.990191,394402626
2020-11-03,3.002811,3.042476,3.001910,3.024447,389458760
2020-11-04,3.028954,3.060505,3.019038,3.046983,376762310
2020-11-05,3.081239,3.101072,3.060506,3.081239,548497978
2020-11-06,3.090254,3.091155,3.053294,3.072225,384234455
2020-11-09,3.096565,3.138934,3.096565,3.126313,469912381
2020-11-10,3.147047,3.147949,3.110988,3.124510,429095468
2020-11-11,3.120904,3.141638,3.119102,3.122707,261744222
2020-11-12,3.123608,3.130820,3.097466,3.107382,296467827
2020-11-13,3.092959,3.092959,3.038870,3.054195,543852196
2020-11-16,3.074028,3.092959,3.060505,3.091156,385094339
2020-11-17,3.087550,3.097466,3.076732,3.092057,323618833
2020-11-18,3.092057,3.117298,3.083043,3.096565,626648067
2020-11-19,3.086649,3.126313,3.083043,3.119102,411932902
2020-11-20,3.120904,3.126313,3.105579,3.123609,352204402
2020-11-23,3.129919,3.191219,3.129018,3.174091,756216358
2020-11-24,3.174091,3.181303,3.147047,3.148850,723999385
2020-11-25,3.159668,3.177697,3.125412,3.126313,595775601
2020-11-26,3.126313,3.154259,3.123609,3.152456,307163558
2020-11-27,3.153358,3.210151,3.150653,3.206545,843676667
2020-11-30,3.215690,3.269651,3.175448,3.176363,1467464876
2020-12-01,3.179107,3.258676,3.179107,3.253188,811632065
2020-12-02,3.254103,3.267822,3.223922,3.242213,541549798
2020-12-03,3.241299,3.248615,3.220263,3.235811,545270803
2020-12-04,3.233067,3.245872,3.201971,3.240384,442716436
2020-12-07,3.241299,3.245872,3.193741,3.211118,486309440
2020-12-08,3.219349,3.229409,3.190082,3.200142,436983773
2020-12-09,3.207459,3.219349,3.169046,3.173619,512286103
2020-12-10,3.165388,3.180021,3.145267,3.160815,458333410
2020-12-11,3.172705,3.180936,3.112342,3.136121,540670655
2020-12-14,3.145267,3.169961,3.137036,3.165388,303408537
2020-12-15,3.162644,3.174534,3.143438,3.168132,300402396
2020-12-16,3.172705,3.189167,3.167217,3.184594,382326587
2020-12-17,3.189167,3.237640,3.184594,3.234896,631899791
2020-12-18,3.225751,3.233982,3.189167,3.205630,726989190
2020-12-21,3.206545,3.226666,3.175448,3.212947,538736687
2020-12-22,3.208373,3.216605,3.162644,3.168132,821657506
2020-12-23,3.171790,3.210203,3.171790,3.192826,778427723
2020-12-24,3.196484,3.212032,3.173619,3.187338,342027162
2020-12-25,3.175448,3.212032,3.165388,3.209288,507738096
2020-12-28,3.207459,3.236726,3.196484,3.218434,437031367
2020-12-29,3.225751,3.234897,3.206545,3.212032,288187752
2020-12-30,3.209288,3.259590,3.204715,3.258676,535168542
2020-12-31,3.265993,3.331843,3.265993,3.323611,668195485
2021-01-04,3.325441,3.342818,3.290687,3.321783,570759818
2021-01-05,3.315380,3.361110,3.299832,3.357451,844943674
2021-01-06,3.359280,3.409583,3.348305,3.407753,651523191
2021-01-07,3.417814,3.481835,3.404095,3.478177,588820087
2021-01-08,3.484579,3.501956,3.425131,3.458971,814331223
2021-01-11,3.462629,3.512931,3.429704,3.443423,619308303
2021-01-12,3.437935,3.570551,3.434277,3.565978,714697993
2021-01-13,3.576038,3.588842,3.507444,3.532138,648591116
2021-01-14,3.526650,3.527565,3.467202,3.477262,562724773
2021-01-15,3.489152,3.527565,3.452569,3.480006,699719411
2021-01-18,3.469031,3.535796,3.464458,3.509273,551065080
2021-01-19,3.517504,3.522077,3.457141,3.472689,432457525
2021-01-20,3.472689,3.500127,3.451654,3.475433,485005290
2021-01-21,3.490981,3.537625,3.476348,3.512017,532673073
2021-01-22,3.508358,3.522077,3.484579,3.505615,462417806
2021-01-25,3.502871,3.561404,3.487323,3.557746,1048827430
2021-01-26,3.541283,3.543113,3.472689,3.475433,664673144
2021-01-27,3.475433,3.494639,3.458056,3.480921,766624223
2021-01-28,3.440679,3.446166,3.394949,3.412326,731226749
2021-01-29,3.426960,3.434277,3.348306,3.387633,657338669
2021-02-01,3.390376,3.414156,3.376657,3.412326,509476743
2021-02-02,3.421472,3.435191,3.405010,3.431533,641496022
2021-02-03,3.431533,3.458970,3.412326,3.442508,380828212
2021-02-04,3.426045,3.482750,3.426045,3.463543,497927696
2021-02-05,3.479091,3.533967,3.474518,3.506529,356766657
2021-02-08,3.519333,3.552258,3.493725,3.544027,458774035
2021-02-09,3.555002,3.603475,3.527565,3.602561,347031586
2021-02-10,3.612621,3.685788,3.608048,3.669326,382168884
2021-02-18,3.741578,3.748895,3.640973,3.664753,579603469
2021-02-19,3.651034,3.665667,3.609878,3.656522,742446617
2021-02-22,3.660180,3.662924,3.535796,3.542198,853631895
2021-02-23,3.520248,3.591586,3.516590,3.554088,594569639
2021-02-24,3.555003,3.563234,3.431533,3.464458,859755074
2021-02-25,3.497383,3.532137,3.479091,3.514760,540372102
2021-02-26,3.454398,3.482750,3.421472,3.423302,769832381
2021-03-01,3.454398,3.457141,3.417814,3.450739,400600102
2021-03-02,3.470860,3.471775,3.358366,3.390377,643368721
2021-03-03,3.383974,3.480921,3.382145,3.479091,517148432
2021-03-04,3.443423,3.449825,3.362939,3.382145,715951650
2021-03-05,3.338245,3.394950,3.307149,3.363854,625701694
2021-03-08,3.382145,3.399522,3.252274,3.256847,791825886
2021-03-09,3.256847,3.278797,3.185509,3.205630,1118752371
2021-03-10,3.244042,3.257761,3.213861,3.222092,445455959
2021-03-11,3.236726,3.308064,3.235811,3.305320,500166304
2021-03-12,3.320868,3.321782,3.276967,3.308064,729295454
2021-03-15,3.293430,3.307149,3.224836,3.254103,396806646
2021-03-16,3.261420,3.288857,3.240384,3.276053,420298125
2021-03-17,3.270565,3.296174,3.232153,3.270565,348177666
2021-03-18,3.274224,3.295260,3.269651,3.284285,321935472
2021-03-19,3.247701,3.255932,3.184594,3.197398,753210725
2021-03-22,3.192826,3.246786,3.192826,3.222092,411897499
2021-03-23,3.223007,3.233068,3.170876,3.204715,484198283
2021-03-24,3.190082,3.217519,3.147096,3.158986,643580882
2021-03-25,3.147096,3.171790,3.136121,3.157157,313949402
2021-03-26,3.169046,3.223922,3.169046,3.213861,466843998
2021-03-29,3.223922,3.243128,3.200142,3.220263,467377310
2021-03-30,3.221178,3.261420,3.219349,3.256847,295522870
2021-03-31,3.255018,3.255018,3.202886,3.225751,155181641
2021-04-01,3.235811,3.269651,3.230324,3.262334,278829509
2021-04-02,3.276053,3.295259,3.261420,3.293430,268663210
2021-04-06,3.296174,3.298917,3.261419,3.272394,248361461
2021-04-07,3.274224,3.276053,3.224836,3.239470,157320215
2021-04-08,3.232152,3.265078,3.214775,3.254103,220107742
2021-04-09,3.244957,3.244957,3.194655,3.206544,222900205
2021-04-12,3.196484,3.209288,3.158986,3.171790,742060106
2021-04-13,3.166302,3.191911,3.142523,3.155328,649756429
2021-04-14,3.157156,3.176363,3.136121,3.160815,639346007
2021-04-15,3.153498,3.153498,3.096794,3.126975,385693490
2021-04-16,3.130634,3.150755,3.105940,3.140694,457364401
2021-04-19,3.137036,3.204715,3.121488,3.201057,562866585
2021-04-20,3.184594,3.215690,3.176363,3.193740,397561241
2021-04-21,3.176363,3.208373,3.176363,3.199228,576098944
2021-04-22,3.208374,3.219349,3.171790,3.183680,474319143
2021-04-23,3.176363,3.221178,3.176363,3.213861,528040558
2021-04-26,3.223007,3.240384,3.156242,3.162644,730601406
2021-04-27,3.160815,3.178192,3.149840,3.169961,475711945
2021-04-28,3.155327,3.173619,3.139779,3.170875,683757117
2021-04-29,3.179107,3.214776,3.167217,3.212947,518687394
2021-04-30,3.210203,3.216605,3.164473,3.184594,712682901
2021-05-06,3.166302,3.208373,3.138865,3.149840,665838728
2021-05-07,3.159900,3.164473,3.100452,3.108683,452238441
2021-05-10,3.125146,3.125146,3.074844,3.108683,478090638
2021-05-11,3.083075,3.144352,3.079417,3.136121,489605374
2021-05-12,3.127890,3.155328,3.120573,3.148011,318194217
2021-05-13,3.124232,3.137036,3.096794,3.116000,484668486
2021-05-14,3.125146,3.201057,3.111427,3.199228,603058065
2021-05-17,3.201057,3.248615,3.196484,3.228494,566063703
2021-05-18,3.235811,3.240384,3.212032,3.226665,252170545
2021-05-19,3.217519,3.219349,3.195569,3.204715,483006168
2021-05-20,3.203800,3.224836,3.187338,3.215690,301916251
2021-05-21,3.222092,3.237640,3.168132,3.178192,534415380
2021-05-24,3.177277,3.191911,3.153498,3.190996,325345793
2021-05-25,3.194655,3.329099,3.194655,3.324526,1206307810
2021-05-26,3.336416,3.359280,3.324526,3.336416,684458256
2021-05-27,3.332758,3.390377,3.309893,3.345562,569428938
2021-05-28,3.344647,3.370256,3.308978,3.339160,491940578
2021-05-31,3.334587,3.334587,3.296174,3.328185,544967107
2021-06-01,3.322697,3.332757,3.288857,3.329099,467828359
2021-06-02,3.335501,3.342818,3.287028,3.304405,476427429
2021-06-03,3.299832,3.320868,3.272395,3.277882,371426764
2021-06-04,3.265993,3.338245,3.260505,3.293430,725410302
2021-06-07,3.296174,3.298003,3.265078,3.286114,314777235
2021-06-08,3.284284,3.319953,3.246786,3.266907,748174597
2021-06-09,3.265078,3.283370,3.257761,3.276053,435996400
2021-06-10,3.276053,3.319953,3.271480,3.293430,494729956
2021-06-11,3.300747,3.304405,3.261420,3.265993,487356718
2021-06-15,3.268736,3.271480,3.206545,3.221178,438608600
2021-06-16,3.220263,3.224836,3.177278,3.188253,569671858
2021-06-17,3.185509,3.201971,3.169961,3.181851,375637500
2021-06-18,3.182765,3.193740,3.137950,3.159900,647635703
2021-06-21,3.149840,3.163559,3.120573,3.141608,587713074
2021-06-22,3.149840,3.172705,3.142523,3.168132,699930444
2021-06-23,3.173619,3.197399,3.162644,3.172705,986137874
2021-06-24,3.176363,3.190996,3.162644,3.190082,392603306
2021-06-25,3.190997,3.252274,3.190997,3.238555,616350042
2021-06-28,3.244042,3.246786,3.210203,3.225751,479293260
2021-06-29,3.224836,3.224836,3.187338,3.198313,378334184
2021-06-30,3.199228,3.219349,3.197399,3.214776,535123927
2021-07-01,3.224836,3.245872,3.192826,3.244957,912383447
2021-07-02,3.216605,3.228495,3.125146,3.130634,609549653
2021-07-05,3.126975,3.141609,3.103196,3.127890,426280181
2021-07-06,3.127890,3.138865,3.100452,3.137950,662336674
2021-07-07,3.123317,3.160815,3.116000,3.148011,499901108
2021-07-08,3.150754,3.158071,3.094050,3.105025,574155624
2021-07-09,3.094965,3.106855,3.062954,3.093136,541821300
2021-07-12,3.111427,3.143438,3.093135,3.118744,499814342
2021-07-13,3.122403,3.149840,3.116001,3.128805,374690818
2021-07-14,3.127890,3.127890,3.069356,3.080331,608260479
2021-07-15,3.080331,3.149840,3.076673,3.146182,677168306
2021-07-16,3.144353,3.150755,3.106855,3.112342,599545713
2021-07-19,3.100452,3.131548,3.065698,3.124231,823050020
2021-07-20,3.102281,3.123317,3.100452,3.116915,416582252
2021-07-21,3.123317,3.153499,3.115086,3.128805,614545335
2021-07-22,3.132463,3.152584,3.125146,3.132463,473804139
2021-07-23,3.132463,3.134292,3.095879,3.098623,486565879
2021-07-26,3.083075,3.085819,2.949545,2.980641,1077822309
2021-07-27,2.980641,2.993445,2.876378,2.886439,916395520
2021-07-28,2.882780,2.926681,2.859001,2.911133,1375378402
2021-07-29,2.953204,2.955948,2.916620,2.937656,1027235063
2021-07-30,2.917535,2.917535,2.877293,2.892841,525898205
2021-08-02,2.880951,2.972410,2.853513,2.965093,1170401857
2021-08-03,2.952289,2.988872,2.938570,2.976068,556312598
2021-08-04,2.969666,2.994360,2.964179,2.985214,578407947
2021-08-05,2.969666,3.017225,2.957776,2.979726,286971842
2021-08-06,2.972410,2.973324,2.943143,2.955947,275368020
2021-08-09,2.935826,3.008993,2.929424,2.988872,386442029
2021-08-10,2.982471,3.042833,2.953204,3.038260,423944846
2021-08-11,3.030029,3.048321,3.013566,3.013566,327959112
2021-08-12,3.008079,3.015395,2.979726,2.982470,230336724
2021-08-13,2.972410,2.999848,2.958691,2.976068,291691610
2021-08-16,2.976983,3.004421,2.963264,2.983385,334998304
2021-08-17,2.981556,2.999847,2.905645,2.910218,664909946
2021-08-18,2.910218,2.966923,2.902901,2.948631,646778110
2021-08-19,2.944972,2.944972,2.893755,2.906559,584118800
2021-08-20,2.889182,2.893755,2.817845,2.842538,1493245755
2021-08-23,2.855343,2.880037,2.843453,2.868147,1047652598
2021-08-24,2.877293,2.927595,2.875464,2.912962,980087102
2021-08-25,2.918449,2.936741,2.902901,2.923937,839718678
2021-08-26,2.923937,2.925766,2.859001,2.860830,429417725
2021-08-27,2.858086,2.914791,2.858086,2.889182,582399354
2021-08-30,2.903816,2.908389,2.859001,2.880037,387592703
2021-08-31,2.868147,2.893756,2.827905,2.869976,711120530
2021-09-01,2.861745,2.950460,2.838880,2.933083,1154777365
2021-09-02,2.936741,2.955033,2.914791,2.930339,650014335
2021-09-03,2.934912,2.967837,2.905645,2.937656,792382328
2021-09-06,2.938570,2.990702,2.932168,2.969666,751347932
2021-09-07,2.971495,3.018139,2.951374,3.003506,560195102
2021-09-08,3.002591,3.013566,2.964178,2.971495,499630258
2021-09-09,2.958691,2.970581,2.946801,2.963264,385845928
2021-09-10,2.959606,3.023627,2.957777,3.010823,636237931
2021-09-13,3.000762,3.028200,2.980641,3.000762,389688432
2021-09-14,2.998019,3.016310,2.942229,2.952289,591318184
2021-09-15,2.949545,2.950460,2.895584,2.913876,661102013
2021-09-16,2.912047,2.923937,2.879122,2.896499,794308582
2021-09-17,2.896499,2.926680,2.875464,2.925766,816152658
2021-09-22,2.879122,2.897413,2.868147,2.888268,951987488
2021-09-23,2.906559,2.926680,2.882780,2.893755,546689846
2021-09-24,2.890097,2.933997,2.889182,2.913876,665822814
2021-09-27,2.926680,2.975154,2.924851,2.969666,1253036127
2021-09-28,2.966008,2.986129,2.940399,2.969666,507399219
2021-09-29,2.949545,2.981555,2.922107,2.970580,767053532
2021-09-30,2.970581,2.972410,2.946801,2.955033,521097066
2021-10-08,2.983385,3.018139,2.979727,3.013566,734601345
2021-10-11,3.026371,3.066613,3.023627,3.029115,881909167
2021-10-12,3.018139,3.038260,2.991616,3.013566,703599890
2021-10-13,3.010823,3.057467,2.999848,3.042833,700594561
2021-10-14,3.038260,3.056552,3.017225,3.023627,632867438
2021-10-15,3.019969,3.054723,3.008994,3.047406,540417897
2021-10-18,3.049235,3.049235,2.972410,2.988872,1165545048
2021-10-19,2.984299,3.018139,2.984299,3.009908,820705592
2021-10-20,3.018139,3.036431,2.998019,3.011737,341818099
2021-10-21,3.018139,3.048321,3.008994,3.030944,425964351
2021-10-22,3.039175,3.085819,3.038260,3.065698,554788742
2021-10-25,3.051979,3.070271,3.044662,3.063868,518292544
2021-10-26,3.069356,3.083075,3.036431,3.044662,656111500
2021-10-27,3.033687,3.033687,2.997104,3.006250,698626192
2021-10-28,2.999848,3.012652,2.986129,3.005335,581631648
2021-10-29,3.008079,3.022712,3.000762,3.021798,616219745
2021-11-01,3.003506,3.021798,2.988872,3.008079,736783701
2021-11-02,3.008079,3.025456,2.952289,2.972410,757041022
2021-11-03,2.972410,2.980641,2.937655,2.944058,459409889
2021-11-04,2.955947,2.974239,2.951374,2.967837,519586084
2021-11-05,2.961435,2.987958,2.952289,2.966008,446083316
2021-11-08,2.963264,2.978812,2.946801,2.955033,580408266
2021-11-09,2.968752,2.976983,2.936741,2.948631,488921429
2021-11-10,2.947716,2.947716,2.891012,2.932168,638780752
2021-11-11,2.926681,2.997104,2.926681,2.995275,566481920
2021-11-12,2.999848,3.003506,2.977898,2.983385,632386532
2021-11-15,2.988873,3.004421,2.972410,2.985214,521550952
2021-11-16,2.987043,3.002591,2.969666,2.985214,558113910
2021-11-17,2.977898,2.987958,2.961435,2.966923,680852230
2021-11-18,2.960520,2.961435,2.929424,2.936741,528235208
2021-11-19,2.933082,2.981556,2.931253,2.972410,628170573
2021-11-22,2.977897,2.986129,2.967837,2.970580,517612628
2021-11-23,2.966008,2.993445,2.963264,2.982470,716076454
2021-11-24,2.982471,3.008079,2.973325,2.993446,569230394
2021-11-25,2.997104,2.998933,2.972410,2.976068,364599800
2021-11-26,2.969666,2.971496,2.943143,2.947716,531486900
2021-11-29,2.941232,2.952348,2.927336,2.947716,519448946
2021-11-30,2.950495,2.959759,2.917146,2.931041,398169552
2021-12-01,2.931041,2.947716,2.930115,2.942158,306678124
2021-12-02,2.938452,2.962538,2.928262,2.953274,347492118
2021-12-03,2.956980,2.979213,2.951422,2.978286,502028120
2021-12-06,2.982918,3.011636,2.982918,2.987550,613975123
2021-12-07,3.005151,3.020899,2.995887,3.011636,549913271
2021-12-08,3.019047,3.062586,3.003299,3.057955,594824960
2021-12-09,3.064439,3.143181,3.061660,3.105200,1402651241
2021-12-10,3.094083,3.106126,3.087598,3.102420,911015916
2021-12-13,3.126506,3.167266,3.105199,3.107052,811171143
2021-12-14,3.095009,3.112610,3.082966,3.091304,813245704
2021-12-15,3.086672,3.099641,3.059807,3.060733,419777830
2021-12-16,3.060733,3.072776,3.049617,3.070924,651653500
2021-12-17,3.068144,3.072776,3.022752,3.024605,830208899
2021-12-20,3.014415,3.032016,2.994961,3.004225,845681649
2021-12-21,3.000519,3.022752,3.000519,3.018120,529556333
2021-12-22,3.021826,3.031090,3.002372,3.005151,885583531
2021-12-23,3.011635,3.035721,2.995887,3.033869,541819157
2021-12-24,3.033869,3.046838,3.020899,3.032016,647059066
2021-12-27,3.031090,3.040353,3.011636,3.027384,913087911
2021-12-28,3.030163,3.051470,3.025531,3.044059,895735662
2021-12-29,3.044985,3.049617,2.985697,2.987550,693683483
2021-12-30,2.987550,3.021826,2.983844,3.007930,460235661
2021-12-31,3.015341,3.028311,3.008857,3.016268,478245088
2022-01-04,3.029237,3.029237,2.969022,3.007930,555264359
2022-01-05,3.003299,3.035721,2.988477,3.002372,629308389
2022-01-06,2.991256,2.999593,2.945863,2.957906,781909436
2022-01-07,2.963464,2.985697,2.963464,2.970875,546725999
2022-01-10,2.971802,2.985697,2.950495,2.979213,480625329
2022-01-11,2.979212,2.994961,2.956979,2.960685,550484021
2022-01-12,2.969949,2.992182,2.962538,2.982918,531375250
2022-01-13,2.988477,2.995888,2.931042,2.932894,791741595
2022-01-14,2.927336,2.929189,2.889355,2.890281,728869966
2022-01-17,2.888428,2.911588,2.887502,2.900471,564491350
2022-01-18,2.900471,2.947716,2.890281,2.935673,1133838823
2022-01-19,2.942158,2.951422,2.923630,2.935673,486995679
2022-01-20,2.934747,2.998666,2.934747,2.977360,741549141
2022-01-21,2.974581,2.982918,2.954200,2.969949,624296582
2022-01-24,2.956980,2.967170,2.931968,2.959759,696507280
2022-01-25,2.944937,2.946790,2.894913,2.898618,743175714
2022-01-26,2.905103,2.919925,2.883796,2.912514,843365639
2022-01-27,2.913440,2.913440,2.869901,2.878238,969817557
2022-01-28,2.887502,2.894913,2.805981,2.812466,1199419308
2022-02-07,2.855079,2.881944,2.847668,2.867122,740435734
2022-02-08,2.868974,2.874532,2.816171,2.869901,653342323
2022-02-09,2.871754,2.898618,2.862490,2.890281,815928435
2022-02-10,2.892133,2.898618,2.877311,2.897692,502039403
2022-02-11,2.889355,2.922704,2.882870,2.893060,547767071
2022-02-14,2.885649,2.888428,2.850447,2.860637,525543800
2022-02-15,2.857858,2.881017,2.853226,2.871753,419853873
2022-02-16,2.884723,2.899545,2.880091,2.886575,427968140
2022-02-17,2.882870,2.908809,2.882870,2.889355,411764586
2022-02-18,2.881017,2.915293,2.873606,2.912514,396213097
2022-02-21,2.907882,2.908809,2.880091,2.899545,517077600
2022-02-22,2.871754,2.873606,2.837478,2.854153,640069840
2022-02-23,2.861563,2.872680,2.845815,2.871753,528840760
2022-02-24,2.856932,2.856932,2.799496,2.818950,645242258
2022-02-25,2.830067,2.860637,2.822656,2.830993,690413511
2022-02-28,2.828214,2.838404,2.807834,2.835625,318337866
2022-03-01,2.846741,2.882870,2.846741,2.876385,545882088
2022-03-02,2.864343,2.867122,2.853226,2.860637,323335065
2022-03-03,2.872680,2.880091,2.843036,2.851373,360368446
2022-03-04,2.825435,2.834699,2.807834,2.821729,598176941
2022-03-07,2.803202,2.805055,2.729092,2.737429,747523153
2022-03-08,2.746693,2.765221,2.685553,2.700375,1236647336
2022-03-09,2.713344,2.728166,2.584578,2.674436,1242148393
2022-03-10,2.725387,2.730945,2.694816,2.698522,1078132803
2022-03-11,2.668878,2.713344,2.623486,2.706859,1036180901
2022-03-14,2.667952,2.687405,2.621633,2.623486,930174051
2022-03-15,2.593842,2.605885,2.485457,2.489162,1506534000
2022-03-16,2.519732,2.614222,2.476193,2.603106,1625101981
2022-03-17,2.654982,2.685553,2.631823,2.646645,1079191326
2022-03-18,2.636455,2.695743,2.627191,2.678142,883087633
2022-03-21,2.684626,2.685553,2.639234,2.662394,874342004
2022-03-22,2.654056,2.692037,2.652203,2.669804,490337674
2022-03-23,2.679068,2.694816,2.661467,2.685553,627502990
2022-03-24,2.667952,2.688332,2.657762,2.671657,291579030
2022-03-25,2.667952,2.682773,2.627191,2.629044,425799462
2022-03-28,2.606811,2.641087,2.576241,2.627191,676007366
2022-03-29,2.632750,2.645719,2.612369,2.615149,349506851
2022-03-30,2.632750,2.685553,2.632750,2.684626,743308576
2022-03-31,2.677215,2.682774,2.665173,2.668878,549268286
2022-04-01,2.652203,2.722607,2.647571,2.707786,776568840
2022-04-06,2.690185,2.705933,2.676289,2.696669,825594959
2022-04-07,2.685553,2.714270,2.667025,2.671657,532291355
2022-04-08,2.672583,2.700375,2.661467,2.694816,535844031
2022-04-11,2.683700,2.683700,2.615148,2.623486,715207200
2022-04-12,2.623486,2.666099,2.604959,2.664246,834140464
2022-04-13,2.650351,2.681847,2.645719,2.654982,510781312
2022-04-14,2.677216,2.712418,2.668878,2.696669,763366163
2022-04-15,2.681847,2.712418,2.677215,2.699448,847805536
2022-04-18,2.676289,2.677215,2.645718,2.659614,660440474
2022-04-19,2.656835,2.669805,2.615149,2.634603,611713866
2022-04-20,2.636455,2.639234,2.603106,2.608664,541970290
2022-04-21,2.597547,2.620707,2.559566,2.575314,830824207
2022-04-22,2.554934,2.601253,2.548450,2.589210,609422117
2022-04-25,2.538260,2.554934,2.464150,2.466002,1243437148
2022-04-26,2.464150,2.513247,2.454886,2.467855,1232214896
2022-04-27,2.466003,2.517879,2.462297,2.514174,1386674794
2022-04-28,2.506763,2.551229,2.503984,2.546597,1080532144
2022-04-29,2.557714,2.600327,2.524364,2.587358,875763675
2022-05-05,2.587358,2.604959,2.576241,2.576241,775703581
2022-05-06,2.541039,2.545671,2.498426,2.503984,976821346
2022-05-09,2.489162,2.500278,2.465076,2.479898,690934326
2022-05-10,2.453960,2.519732,2.434506,2.502131,851965852
2022-05-11,2.496573,2.548450,2.496573,2.521585,927450234
2022-05-12,2.510468,2.521585,2.497499,2.503057,518862021
2022-05-13,2.519732,2.541039,2.511395,2.528069,398697264
2022-05-16,2.542891,2.544744,2.492867,2.503057,592281858
2022-05-17,2.511395,2.536407,2.508615,2.535480,467528842
2022-05-18,2.544744,2.544744,2.503057,2.527143,568912702
2022-05-19,2.500278,2.532701,2.497499,2.525290,446115159
2022-05-20,2.540113,2.589210,2.538260,2.587358,892272637
2022-05-23,2.591989,2.591989,2.548449,2.559566,709371006
2022-05-24,2.560492,2.565124,2.516027,2.519732,712111290
2022-05-25,2.520659,2.532701,2.511395,2.524364,608997328
2022-05-26,2.528996,2.550303,2.499352,2.524364,545805917
2022-05-27,2.544744,2.568830,2.533628,2.541965,539618699
2022-05-30,2.561419,2.568830,2.547524,2.554935,631044523
2022-05-31,2.554934,2.594768,2.549376,2.586431,536254632
2022-06-01,2.589210,2.589210,2.562345,2.577167,512684341
2022-06-02,2.563272,2.574388,2.555861,2.572536,367202688
2022-06-06,2.573462,2.603106,2.543818,2.603106,544327021
2022-06-07,2.601253,2.641087,2.593842,2.620707,577668873
2022-06-08,2.628117,2.663320,2.625338,2.652203,562627170
2022-06-09,2.649424,2.667952,2.635529,2.642940,539818538
2022-06-10,2.626265,2.681847,2.620706,2.673510,470239185
2022-06-13,2.643866,2.649424,2.608664,2.626265,593110772
2022-06-14,2.602179,2.664246,2.592916,2.662394,775588093
2022-06-15,2.660541,2.744841,2.659614,2.698522,1227122390
2022-06-16,2.706859,2.713344,2.667952,2.673510,463996393
2022-06-17,2.661467,2.719829,2.659614,2.713344,715297731
2022-06-20,2.717049,2.736503,2.688332,2.707786,699088936
2022-06-21,2.708712,2.733724,2.692037,2.713344,571003821
2022-06-22,2.716123,2.718902,2.682774,2.684626,397350263
2022-06-23,2.687405,2.728166,2.686479,2.722607,448679489
2022-06-24,2.734650,2.769853,2.729092,2.758736,540159716
2022-06-27,2.770779,2.816171,2.770779,2.793938,758064811
2022-06-28,2.794864,2.872680,2.777263,2.818950,432187074
2022-06-29,2.805981,2.830067,2.786527,2.795791,455801545
2022-06-30,2.794865,2.871753,2.794865,2.843036,566487474
2022-07-01,2.851373,2.856932,2.820803,2.832846,418434782
2022-07-04,2.820803,2.839331,2.798570,2.837478,305782009
2022-07-05,2.849521,2.868048,2.804128,2.837478,560218641
2022-07-06,2.830067,2.831920,2.773558,2.789306,442604829
2022-07-07,2.780969,2.797644,2.763368,2.780969,382975367
2022-07-08,2.799497,2.815245,2.782822,2.784675,292043110
2022-07-11,2.769852,2.770779,2.732798,2.742988,434107610
2022-07-12,2.738356,2.755957,2.717976,2.727240,412520935
2022-07-13,2.727240,2.735577,2.708712,2.718902,291652335
2022-07-14,2.715197,2.721681,2.688332,2.700375,418512189
2022-07-15,2.696669,2.731871,2.659614,2.660541,802783877
2022-07-18,2.666099,2.704080,2.653130,2.696669,485984054
2022-07-19,2.692037,2.695743,2.659614,2.685553,496141886
2022-07-20,2.700375,2.706859,2.686479,2.693890,435637687
2022-07-21,2.685553,2.692037,2.660541,2.662394,433289188
2022-07-22,2.668878,2.697596,2.654056,2.674436,689478056
2022-07-25,2.670731,2.674436,2.656835,2.666099,394892422
2022-07-26,2.669804,2.690185,2.669804,2.678142,397074059
2022-07-27,2.671657,2.674436,2.651277,2.655909,624651117
2022-07-28,2.667025,2.691111,2.653130,2.654982,811806264
2022-07-29,2.659615,2.679995,2.614222,2.619781,609826461
2022-08-01,2.613296,2.623486,2.595695,2.610517,425615415
2022-08-02,2.590136,2.590136,2.542891,2.566051,594022441
2022-08-03,2.571609,2.587357,2.541965,2.547523,573368276
2022-08-04,2.560493,2.579947,2.553082,2.572536,867555204
2022-08-05,2.582726,2.612369,2.570683,2.607738,617502953
2022-08-08,2.598474,2.606811,2.583652,2.593842,413307897
2022-08-09,2.592915,2.600326,2.585504,2.594768,329196384
2022-08-10,2.591063,2.600326,2.554934,2.564198,434408976
2022-08-11,2.576241,2.620707,2.569756,2.617928,683506979
2022-08-12,2.614222,2.633676,2.608664,2.627191,460106467
2022-08-15,2.616075,2.642940,2.610517,2.612369,298468615
2022-08-16,2.616075,2.626265,2.595695,2.600327,314701764
2022-08-17,2.600327,2.623486,2.582726,2.615149,377994845
2022-08-18,2.612369,2.615148,2.583652,2.591063,382914737
2022-08-19,2.586431,2.604958,2.582725,2.586431,393969886
2022-08-22,2.579020,2.601253,2.573462,2.587358,619756423
2022-08-23,2.588284,2.593842,2.562345,2.569756,502269652
2022-08-24,2.574388,2.586431,2.541039,2.543818,768517748
2022-08-25,2.550303,2.592916,2.544744,2.587358,795526749
2022-08-26,2.589210,2.599400,2.582726,2.588284,463561063
2022-08-29,2.565124,2.576241,2.556787,2.567904,363504852
2022-08-30,2.570683,2.576241,2.542891,2.564198,363078114
2022-08-31,2.553081,2.615148,2.551229,2.594768,791750381
2022-09-01,2.588283,2.595695,2.566051,2.570683,590774029
2022-09-02,2.574388,2.578093,2.535480,2.549376,808352821
2022-09-05,2.541039,2.544744,2.516027,2.539186,503100027
2022-09-06,2.542891,2.563272,2.541039,2.560493,590997388
2022-09-07,2.549376,2.557713,2.542891,2.551229,464349161
2022-09-08,2.554008,2.563272,2.544744,2.545671,434148124
2022-09-09,2.552155,2.599400,2.551229,2.593842,687876810
2022-09-13,2.602179,2.616075,2.587357,2.601253,648762465
2022-09-14,2.578093,2.597547,2.575314,2.582725,908188895
2022-09-15,2.588283,2.603105,2.566977,2.579020,1202453200
2022-09-16,2.569756,2.576241,2.521585,2.523438,1593629071
2022-09-19,2.516953,2.533628,2.510469,2.518806,804965420
2022-09-20,2.528996,2.531775,2.506763,2.514174,623272006
2022-09-21,2.505837,2.513248,2.483604,2.492867,562331057
2022-09-22,2.481751,2.491015,2.467855,2.473414,658247437
2022-09-23,2.469708,2.492867,2.463223,2.475266,622487335
2022-09-26,2.463223,2.491941,2.455813,2.458592,774939204
2022-09-27,2.461371,2.487309,2.453033,2.483603,741885615
2022-09-28,2.472487,2.478972,2.453033,2.455812,737843151
2022-09-29,2.471561,2.485456,2.441917,2.455812,732951806
2022-09-30,2.458592,2.477119,2.452107,2.454886,751490841
2022-10-10,2.454886,2.457665,2.390040,2.395598,778160642
2022-10-11,2.397451,2.402083,2.382629,2.388187,503306753
2022-10-12,2.390040,2.406715,2.332605,2.403009,809394556
2022-10-13,2.386334,2.391893,2.366881,2.375218,641402188
2022-10-14,2.395598,2.442843,2.391893,2.431727,1052343312
2022-10-17,2.422463,2.432653,2.410420,2.429874,522893256
2022-10-18,2.441917,2.446549,2.412273,2.415978,490499310
2022-10-19,2.414126,2.421537,2.367807,2.368733,638567636
2022-10-20,2.354838,2.388187,2.347427,2.356690,729632680
2022-10-21,2.362249,2.367807,2.327973,2.340942,632097017
2022-10-24,2.334458,2.350206,2.245526,2.259421,1774811332
2022-10-25,2.248305,2.289065,2.239041,2.252011,1093038077
2022-10-26,2.252010,2.296476,2.251084,2.259421,1345018971
2022-10-27,2.270538,2.291845,2.239968,2.240894,1088537745
2022-10-28,2.226073,2.240894,2.186238,2.190870,1117953598
2022-10-31,2.171416,2.190870,2.150110,2.161226,1219580393
2022-11-01,2.169564,2.258495,2.169564,2.256643,1377024150
2022-11-02,2.243673,2.293698,2.237189,2.275170,1567254472
2022-11-03,2.258495,2.266833,2.234409,2.246452,972230044
2022-11-04,2.243673,2.333531,2.243673,2.321489,1313377697
2022-11-07,2.305740,2.344648,2.302961,2.329826,1110673676
2022-11-08,2.330752,2.338163,2.299256,2.313151,660571167
2022-11-09,2.313151,2.326120,2.289991,2.295550,664332911
2022-11-10,2.282581,2.309446,2.272391,2.299256,1167814521
2022-11-11,2.362249,2.398377,2.335384,2.366881,1697369272
2022-11-14,2.408567,2.425242,2.380776,2.386334,1548630557
2022-11-15,2.377997,2.440990,2.375218,2.431727,1222614349
2022-11-16,2.427095,2.442843,2.415978,2.422463,780640392
2022-11-17,2.412273,2.417831,2.381703,2.408567,1027870002
2022-11-18,2.413199,2.421537,2.391893,2.399304,752479919
2022-11-21,2.378924,2.380776,2.340016,2.368733,826805929
2022-11-22,2.366881,2.407641,2.358544,2.380776,940862267
2022-11-23,2.377071,2.403936,2.371512,2.385408,933057340
2022-11-24,2.397451,2.411346,2.365028,2.369660,711970000
2022-11-25,2.366881,2.403936,2.364102,2.394672,631289133
2022-11-28,2.350206,2.360396,2.314077,2.352985,1028846094
2022-11-29,2.377071,2.454886,2.377071,2.453033,1404322671
2022-11-30,2.443770,2.466929,2.440064,2.450254,700599410
2022-12-01,2.499109,2.522597,2.471863,2.472803,773566205
2022-12-02,2.470924,2.476561,2.454952,2.458710,820538549
2022-12-05,2.487835,2.518839,2.475621,2.517900,1083021613
2022-12-06,2.511323,2.543266,2.500988,2.525415,816630494
2022-12-07,2.517899,2.546085,2.500988,2.509444,912756491
2022-12-08,2.506625,2.522597,2.502867,2.515081,452715710
2022-12-09,2.516960,2.551722,2.502867,2.544206,789658964
2022-12-12,2.526355,2.537629,2.509444,2.514141,483170464
2022-12-13,2.515081,2.529174,2.510383,2.516960,355155997
2022-12-14,2.516960,2.541387,2.506625,2.532932,704453064
2022-12-15,2.531053,2.543266,2.506625,2.519778,540083591
2022-12-16,2.511323,2.534811,2.508504,2.530113,550495679
2022-12-19,2.533871,2.541387,2.483137,2.492532,793180681
2022-12-20,2.484077,2.487835,2.428645,2.449315,814017176
2022-12-21,2.450254,2.463408,2.449315,2.454012,548689697
2022-12-22,2.472803,2.490653,2.455891,2.469984,584074487
2022-12-23,2.455891,2.477500,2.447436,2.463408,767832774
2022-12-26,2.464347,2.473742,2.450254,2.454012,462343676
2022-12-27,2.479379,2.489714,2.467165,2.482198,731285962
2022-12-28,2.478440,2.495351,2.469984,2.488774,711606830
2022-12-29,2.474682,2.479379,2.454952,2.475621,652941918
2022-12-30,2.485956,2.499109,2.483137,2.488774,573213231
2023-01-03,2.480319,2.498170,2.456831,2.490654,699409077
2023-01-04,2.491593,2.506625,2.485956,2.499109,681150478
2023-01-05,2.517899,2.550782,2.514141,2.546085,767349284
2023-01-06,2.547964,2.565815,2.545146,2.560178,520734419
2023-01-09,2.568633,2.591181,2.565814,2.583665,576704074
2023-01-10,2.583665,2.591182,2.574270,2.576149,370396361
2023-01-11,2.579908,2.602456,2.576149,2.581786,550124071
2023-01-12,2.590242,2.594000,2.576149,2.587423,376002541
2023-01-13,2.594940,2.630641,2.591181,2.629702,621151642
2023-01-16,2.631581,2.706742,2.630641,2.674798,1494268546
2023-01-17,2.672919,2.677617,2.653189,2.666343,774535597
2023-01-18,2.667282,2.677617,2.645673,2.648492,437414496
2023-01-19,2.640976,2.659766,2.625004,2.657887,1060896108
2023-01-20,2.666343,2.685133,2.659766,2.675738,515337134
2023-01-30,2.724593,2.729290,2.671040,2.676677,722228977
2023-01-31,2.677617,2.691710,2.643794,2.648492,1002308679
2023-02-01,2.655069,2.659766,2.618427,2.658827,880146750
2023-02-02,2.667282,2.668221,2.635339,2.653189,605065895
2023-02-03,2.636278,2.644734,2.593060,2.614669,718604961
2023-02-06,2.589302,2.590242,2.559238,2.573331,802640840
2023-02-07,2.581786,2.592121,2.571452,2.580847,538588991
2023-02-08,2.583665,2.601516,2.570512,2.574270,411614645
2023-02-09,2.570512,2.608093,2.568633,2.601516,741944608
2023-02-10,2.594940,2.597758,2.579907,2.590242,447068384
2023-02-13,2.579907,2.610911,2.572391,2.607153,691453884
2023-02-14,2.608093,2.618427,2.599637,2.617488,369811437
2023-02-15,2.616548,2.622185,2.588363,2.593060,462919140
2023-02-16,2.596818,2.627822,2.565814,2.583665,928407263
2023-02-17,2.578968,2.599637,2.553601,2.556419,828617857
2023-02-20,2.563935,2.631581,2.557359,2.628762,1616301226
2023-02-21,2.627823,2.645673,2.619367,2.641915,1257125373
2023-02-22,2.628762,2.635339,2.604335,2.607153,906876700
2023-02-23,2.609972,2.627823,2.594940,2.606214,549270788
2023-02-24,2.605274,2.605274,2.562056,2.570512,584589873
2023-02-27,2.558298,2.578968,2.554540,2.567693,375352871
2023-02-28,2.573331,2.582726,2.544206,2.579907,574726981
2023-03-01,2.578028,2.623125,2.571452,2.609032,1075249163
2023-03-02,2.604335,2.621246,2.599637,2.608093,491163888
2023-03-03,2.616548,2.623125,2.595879,2.610911,510575754
2023-03-06,2.610911,2.611851,2.574270,2.582726,671582365
2023-03-07,2.578028,2.599637,2.550782,2.553601,849608115
2023-03-08,2.544206,2.546085,2.522597,2.533871,650647222
2023-03-09,2.534811,2.537629,2.502867,2.516020,925180900
2023-03-10,2.500049,2.512262,2.480319,2.482198,782545231
2023-03-13,2.480319,2.516960,2.480319,2.507565,579290238
2023-03-14,2.504746,2.504746,2.473742,2.490654,665310467
2023-03-15,2.508504,2.516960,2.490653,2.491593,679853158
2023-03-16,2.477500,2.494411,2.466226,2.468105,644852726
2023-03-17,2.485956,2.517899,2.464347,2.477500,1107669000
2023-03-20,2.480319,2.490653,2.459649,2.461528,559014917
2023-03-21,2.470924,2.491593,2.469045,2.486896,877468974
2023-03-22,2.493472,2.509444,2.486895,2.495351,779656882
2023-03-23,2.486895,2.512262,2.486895,2.511323,421821049
2023-03-24,2.507565,2.509444,2.492533,2.499109,422413587
2023-03-27,2.494411,2.500988,2.473742,2.483137,497208843
2023-03-28,2.488774,2.496290,2.477500,2.484077,481423217
2023-03-29,2.499109,2.502867,2.476561,2.480319,437034380
2023-03-30,2.480319,2.511323,2.473742,2.510383,581113590
2023-03-31,2.513202,2.525415,2.501928,2.507565,582710375
2023-04-03,2.507565,2.517899,2.497230,2.510383,577560034
2023-04-04,2.513202,2.520718,2.501928,2.519778,527752513
2023-04-06,2.509444,2.516960,2.500988,2.508504,510222258
2023-04-07,2.508504,2.535750,2.507565,2.526355,439409862
2023-04-10,2.531053,2.533871,2.515081,2.527295,427487549
2023-04-11,2.529173,2.535750,2.512262,2.521657,513475640
2023-04-12,2.523536,2.525415,2.505686,2.507565,352987311
2023-04-13,2.501928,2.517899,2.495351,2.511323,426096748
2023-04-14,2.517899,2.532931,2.512262,2.521657,375875152
2023-04-17,2.521658,2.573331,2.517900,2.572391,826009562
2023-04-18,2.569573,2.589303,2.565815,2.581786,684090031
2023-04-19,2.582726,2.586484,2.556419,2.559238,705940330
2023-04-20,2.559238,2.561117,2.535750,2.542327,992778510
2023-04-21,2.544206,2.545145,2.494411,2.498169,694042756
2023-04-24,2.497230,2.500988,2.454952,2.464347,653784248
2023-04-25,2.467166,2.472803,2.443678,2.463408,684351380
2023-04-26,2.463407,2.470924,2.453073,2.460589,990182884
2023-04-27,2.460589,2.502867,2.458710,2.495351,610672633
2023-04-28,2.495351,2.524476,2.495351,2.517900,538594750
2023-05-04,2.508504,2.534811,2.496291,2.531992,803327390
2023-05-05,2.535750,2.543266,2.513202,2.524476,427609849
2023-05-08,2.527295,2.564875,2.524476,2.559238,771897264
2023-05-09,2.562996,2.585545,2.541387,2.542327,946039158
2023-05-10,2.538568,2.547964,2.511323,2.512262,1267144202
2023-05-11,2.520718,2.527295,2.502867,2.506625,341470901
2023-05-12,2.503807,2.511323,2.470924,2.471863,838146301
2023-05-15,2.470924,2.518839,2.464347,2.517900,736541276
2023-05-16,2.519778,2.525415,2.502867,2.512262,413953680
2023-05-17,2.509444,2.515081,2.483137,2.488774,646383779
2023-05-18,2.494411,2.506625,2.475621,2.485016,500181098
2023-05-19,2.477500,2.493472,2.455891,2.474682,489558932
2023-05-22,2.472803,2.511323,2.470924,2.498169,605754570
2023-05-23,2.501928,2.503807,2.457770,2.458710,567988351
2023-05-24,2.454952,2.457770,2.420190,2.421129,1025572594
2023-05-25,2.417371,2.420190,2.390125,2.409855,567270454
2023-05-26,2.407976,2.418310,2.383549,2.407976,489519797
2023-05-29,2.414553,2.419250,2.387307,2.397642,487439010
2023-05-30,2.396702,2.405158,2.359121,2.387307,773312680
2023-05-31,2.375093,2.376972,2.343149,2.348787,822006916
2023-06-01,2.344089,2.377912,2.344089,2.353484,744160842
2023-06-02,2.367577,2.400460,2.365698,2.393883,634889522
2023-06-05,2.388246,2.394823,2.374154,2.382609,367321899
2023-06-06,2.381670,2.413613,2.368517,2.370396,608887795
2023-06-07,2.379791,2.391065,2.359121,2.369456,419696213
2023-06-08,2.365698,2.403278,2.359121,2.392944,606536452
2023-06-09,2.395763,2.406097,2.391065,2.400460,673689778
2023-06-12,2.399521,2.412674,2.382609,2.400460,698317477
2023-06-13,2.396702,2.411734,2.387307,2.408916,349546745
2023-06-14,2.409855,2.429585,2.407036,2.407976,641937997
2023-06-15,2.414553,2.445556,2.413613,2.444617,475735571
2023-06-16,2.446496,2.471863,2.445556,2.466226,552836286
2023-06-19,2.463407,2.463407,2.432404,2.436162,390464865
2023-06-20,2.432403,2.440859,2.420190,2.424887,331357574
2023-06-21,2.419250,2.427706,2.397642,2.399520,509543580
2023-06-26,2.386367,2.387307,2.366638,2.373214,821192234
2023-06-27,2.373214,2.393883,2.364758,2.387307,602977208
2023-06-28,2.381670,2.396702,2.374153,2.395762,799154314
2023-06-29,2.392004,2.397641,2.376033,2.381670,335843850
2023-06-30,2.380730,2.402339,2.376033,2.388246,423851991
2023-07-03,2.393884,2.427706,2.391065,2.423948,535434731
2023-07-04,2.423948,2.428645,2.417371,2.427706,234890110
2023-07-05,2.423948,2.429585,2.408916,2.413613,290818050
2023-07-06,2.407036,2.419250,2.391065,2.395762,275541600
2023-07-07,2.390125,2.394823,2.378851,2.385428,356969708
2023-07-10,2.396702,2.415492,2.390125,2.397642,349871690
2023-07-11,2.407976,2.417371,2.400460,2.413613,377371480
2023-07-12,2.416432,2.425827,2.407037,2.412674,352103898
2023-07-13,2.425827,2.451194,2.423948,2.451194,538817171
2023-07-14,2.455891,2.459649,2.446496,2.451194,364754590
2023-07-17,2.445557,2.445557,2.419250,2.427706,590652203
2023-07-18,2.430524,2.434283,2.416432,2.424887,283836794
2023-07-19,2.419250,2.434283,2.418311,2.433343,354079301
2023-07-20,2.436161,2.451194,2.417371,2.420190,470657342
2023-07-21,2.422069,2.443678,2.414552,2.429585,733859393
2023-07-24,2.412674,2.427706,2.407976,2.417371,387408549
2023-07-25,2.451194,2.494411,2.451194,2.494411,1531727112
2023-07-26,2.489714,2.495351,2.482198,2.491593,487045821
2023-07-27,2.495351,2.509444,2.482198,2.492532,787883227
2023-07-28,2.477500,2.570512,2.477500,2.562057,1117566551
2023-07-31,2.579907,2.614669,2.558298,2.565814,976585156
2023-08-01,2.562056,2.583665,2.551722,2.558298,711858665
2023-08-02,2.553601,2.565815,2.527295,2.534811,858807185
2023-08-03,2.532932,2.560177,2.527294,2.558298,801584392
2023-08-04,2.581786,2.596819,2.558299,2.560178,963295966
2023-08-07,2.547024,2.552661,2.537629,2.549843,950679046
2023-08-08,2.541387,2.561117,2.527295,2.545146,815814758
2023-08-09,2.536690,2.553601,2.534811,2.545146,956918700
2023-08-10,2.540448,2.547964,2.523537,2.542327,670725015
2023-08-11,2.542327,2.544206,2.480319,2.482198,1316539286
2023-08-14,2.456831,2.469045,2.443678,2.463408,701911640
2023-08-15,2.461528,2.472803,2.439919,2.464347,749605398
2023-08-16,2.450254,2.467165,2.445557,2.446496,691416403
2023-08-17,2.437101,2.459649,2.426766,2.452133,803668166
2023-08-18,2.452133,2.462468,2.423008,2.423948,1009894621
2023-08-21,2.421129,2.427706,2.392944,2.392944,774315443
2023-08-22,2.400460,2.423008,2.382609,2.411734,950797200
2023-08-23,2.404218,2.413613,2.376033,2.381670,988118634
2023-08-24,2.385428,2.416432,2.384488,2.398581,665820605
2023-08-25,2.391065,2.423948,2.388246,2.407976,789969030
2023-08-28,2.542327,2.546085,2.426766,2.438980,1869356610
2023-08-29,2.433343,2.467165,2.430524,2.448375,1078413230
2023-08-30,2.452133,2.458710,2.438040,2.441798,666361036
2023-08-31,2.442738,2.451194,2.425827,2.433343,551369647
2023-09-01,2.443678,2.465287,2.442738,2.452133,807271851
2023-09-04,2.473742,2.500988,2.465287,2.497230,966252600
2023-09-05,2.488774,2.489714,2.476561,2.481258,489619781
2023-09-06,2.471863,2.482198,2.464347,2.477500,452242191
2023-09-07,2.471863,2.473742,2.448375,2.453073,448850982
2023-09-08,2.445556,2.451194,2.432403,2.438980,516845780
2023-09-11,2.438980,2.469984,2.437101,2.454952,484549513
2023-09-12,2.452133,2.456831,2.446496,2.451194,308622816
2023-09-13,2.450254,2.461529,2.427706,2.443678,661502571
2023-09-14,2.446496,2.458710,2.437101,2.450254,565631332
2023-09-15,2.456831,2.466226,2.429585,2.438980,1125926966
2023-09-18,2.434283,2.453073,2.423948,2.452133,511562714
2023-09-19,2.450254,2.454952,2.437101,2.451194,408663268
2023-09-20,2.448375,2.450254,2.438980,2.439919,540767590
2023-09-21,2.433343,2.441799,2.415492,2.416432,636126493
2023-09-22,2.414553,2.475621,2.410795,2.474682,1248614079
2023-09-25,2.468105,2.469044,2.447436,2.451194,630656315
2023-09-26,2.449315,2.454952,2.433343,2.435222,538994312
2023-09-27,2.434283,2.457770,2.434283,2.446496,787717948
2023-09-28,2.451194,2.454012,2.423948,2.426766,901875427
2023-10-09,2.422069,2.424887,2.396702,2.419250,709474087
2023-10-10,2.428646,2.438041,2.402339,2.404218,639330069
2023-10-11,2.417371,2.423948,2.407036,2.411734,499553597
2023-10-12,2.435222,2.445557,2.423948,2.434283,647116806
2023-10-13,2.417371,2.419250,2.405158,2.410795,627382127
2023-10-16,2.412674,2.414553,2.382609,2.389186,545574314
2023-10-17,2.393884,2.401400,2.384488,2.398581,512365204
2023-10-18,2.395762,2.401400,2.385428,2.389186,644857171
2023-10-19,2.376972,2.376972,2.321541,2.324359,1548862072
2023-10-20,2.314964,2.324359,2.302750,2.311206,967334013
2023-10-23,2.306508,2.313085,2.274565,2.293355,1172409582
2023-10-24,2.298992,2.307448,2.280202,2.300871,804466605
2023-10-25,2.325299,2.335633,2.308387,2.312145,1167034112
2023-10-26,2.303690,2.323420,2.301811,2.320601,587775109
2023-10-27,2.314025,2.352545,2.308388,2.343150,674257500
2023-10-30,2.334694,2.347847,2.329996,2.341271,561528580
2023-10-31,2.336573,2.341271,2.326238,2.337512,698390661
2023-11-01,2.375093,2.376972,2.340331,2.345968,1005069241
2023-11-02,2.351605,2.364758,2.341271,2.342210,439605766
2023-11-03,2.345968,2.367577,2.344089,2.361001,445414671
2023-11-06,2.375093,2.384488,2.368517,2.379791,570192870
2023-11-07,2.375093,2.376033,2.361940,2.369456,511293012
2023-11-08,2.362879,2.374153,2.349726,2.361940,498041025
2023-11-09,2.355363,2.369456,2.353484,2.361940,539436775
2023-11-10,2.353484,2.355363,2.334694,2.339391,593862100
2023-11-13,2.343150,2.345968,2.321541,2.333755,496014450
2023-11-14,2.337512,2.345028,2.322480,2.331875,550828933
2023-11-15,2.348787,2.357242,2.343149,2.351605,714949518
2023-11-16,2.349726,2.349726,2.326238,2.328117,797690471
2023-11-17,2.323420,2.328117,2.304630,2.324359,2805425515
2023-11-20,2.322480,2.338452,2.309327,2.329996,706342105
2023-11-21,2.336573,2.357242,2.334694,2.341271,800478683
2023-11-22,2.334694,2.339392,2.320601,2.321541,600905196
2023-11-23,2.320601,2.333754,2.311206,2.329996,540802872
2023-11-24,2.325299,2.328117,2.314025,2.317783,642947107
2023-11-27,2.315874,2.316828,2.282462,2.297736,647522350
2023-11-28,2.293918,2.299645,2.286281,2.296781,510558864
2023-11-29,2.297736,2.301554,2.275780,2.286281,1410266945
2023-11-30,2.284372,2.296782,2.281508,2.292009,549824293
2023-12-01,2.291054,2.291054,2.258597,2.276735,1637229977
2023-12-04,2.279598,2.279598,2.258597,2.259552,602125759
2023-12-05,2.254779,2.255733,2.211822,2.213731,966826721
2023-12-06,2.209912,2.226141,2.201321,2.211821,724291473
2023-12-07,2.208003,2.211822,2.187957,2.202276,845843586
2023-12-08,2.203230,2.217549,2.198457,2.208958,578433581
2023-12-11,2.195593,2.228050,2.173637,2.218503,1388947665
2023-12-12,2.212776,2.233777,2.208958,2.230914,1271068258
2023-12-13,2.224231,2.225186,2.186047,2.187002,916559426
2023-12-14,2.199412,2.207049,2.174592,2.176501,799725472
2023-12-15,2.187002,2.209912,2.170773,2.177456,1194529441
2023-12-18,2.166955,2.187956,2.155500,2.179365,746483124
2023-12-19,2.176501,2.192729,2.166955,2.182229,783445041
2023-12-20,2.187002,2.190820,2.167910,2.169819,711885313
2023-12-21,2.160273,2.200366,2.160273,2.194638,1403494003
2023-12-22,2.192729,2.215640,2.183183,2.202276,1771117299
2023-12-25,2.201321,2.208958,2.195593,2.203230,825443294
2023-12-26,2.203230,2.204185,2.187002,2.194638,1001360975
2023-12-27,2.194639,2.203230,2.181274,2.197502,1140214957
2023-12-28,2.195593,2.252870,2.193684,2.247142,1306719824
2023-12-29,2.243324,2.257643,2.238551,2.248097,917464230
2024-01-02,2.249051,2.249051,2.220413,2.221367,787310141
2024-01-03,2.218504,2.229959,2.214685,2.226141,627676145
2024-01-04,2.225186,2.226141,2.190820,2.208958,906163641
2024-01-05,2.203230,2.226141,2.186047,2.198457,1019415882
2024-01-08,2.195593,2.204185,2.170773,2.174592,888765005
2024-01-09,2.177456,2.182229,2.166001,2.176501,853922969
2024-01-10,2.171728,2.188911,2.163137,2.166955,800237537
2024-01-11,2.166000,2.183183,2.158363,2.171728,751873354
2024-01-12,2.165046,2.183183,2.161227,2.168864,593806006
2024-01-15,2.168864,2.168864,2.168864,2.168864,0
2024-01-16,2.165046,2.181274,2.154545,2.180320,1136526820
2024-01-17,2.171728,2.173637,2.130680,2.132589,1272251876
2024-01-18,2.123998,2.174592,2.096314,2.170773,4825657188
2024-01-19,2.156455,2.183183,2.147863,2.178411,3784481259
2024-01-22,2.170773,2.187956,2.136408,2.158364,2873150176
2024-01-23,2.152636,2.170773,2.134499,2.155500,1430700006
2024-01-24,2.166000,2.195593,2.142135,2.190820,1629979256
2024-01-25,2.191775,2.245233,2.187002,2.240459,1545790266
2024-01-26,2.233777,2.251915,2.226141,2.243323,2431087444
2024-01-29,2.243323,2.255733,2.232823,2.235687,1163352306
2024-01-30,2.224231,2.231868,2.199412,2.201321,1278177869
2024-01-31,2.193684,2.204185,2.172683,2.187956,1949449232
2024-02-01,2.177456,2.200366,2.169819,2.179365,2015125432
2024-02-02,2.180319,2.194639,2.112543,2.165046,2109162682
2024-02-05,2.150727,2.198457,2.132589,2.185093,1635986271
2024-02-06,2.177455,2.251915,2.175546,2.244278,2385726511
2024-02-07,2.248097,2.272916,2.231868,2.271962,2999487701
2024-02-08,2.280553,2.286281,2.258597,2.276735,3290382863
2024-02-19,2.289145,2.294872,2.273871,2.293918,1749353089
2024-02-20,2.290099,2.296781,2.278644,2.292963,988164874
2024-02-21,2.286281,2.362649,2.282462,2.333056,1957688618
2024-02-22,2.329238,2.356922,2.327329,2.354058,873550215
2024-02-23,2.354058,2.370286,2.347376,2.355012,1061144807
2024-02-26,2.352149,2.353103,2.311101,2.315874,1902510775
2024-02-27,2.308237,2.328283,2.306327,2.327329,1248810042
2024-02-28,2.327329,2.342603,2.312055,2.313964,1792847993
2024-02-29,2.307282,2.336875,2.307282,2.333056,1286103554
2024-03-01,2.329238,2.344512,2.320646,2.336875,1191423872
2024-03-04,2.333057,2.346421,2.327329,2.339739,1273564556
2024-03-05,2.331147,2.374104,2.328283,2.368377,2432653629
2024-03-06,2.365513,2.372195,2.355012,2.355967,1500129104
2024-03-07,2.354058,2.368377,2.339739,2.348330,968197064
2024-03-08,2.348330,2.356922,2.332102,2.348330,813179591
2024-03-11,2.348330,2.367422,2.339739,2.366468,1037741034
2024-03-12,2.366468,2.380787,2.359785,2.372195,1606725938
2024-03-13,2.368377,2.369331,2.341648,2.353103,1013191973
2024-03-14,2.352149,2.368377,2.337829,2.347376,852648080
2024-03-15,2.339739,2.354058,2.331147,2.349285,1023426023
2024-03-18,2.347376,2.362649,2.342602,2.358831,895925379
2024-03-19,2.354058,2.363604,2.337829,2.342602,993209300
2024-03-20,2.335920,2.355012,2.331147,2.348330,808470821
2024-03-21,2.353103,2.364559,2.347376,2.348330,608478466
2024-03-22,2.343557,2.345466,2.310146,2.327329,1466630917
2024-03-25,2.322556,2.341648,2.317783,2.326374,706030136
2024-03-26,2.328283,2.338784,2.322556,2.334966,727926049
2024-03-27,2.330193,2.344512,2.321601,2.322556,844524757
2024-03-28,2.320646,2.347376,2.310146,2.327329,1168146185
2024-03-29,2.324465,2.341648,2.323511,2.337830,384769100
2024-04-01,2.343557,2.372195,2.343557,2.362649,964542321
2024-04-02,2.363604,2.368377,2.351194,2.358831,663053245
2024-04-03,2.359785,2.361694,2.345466,2.351194,596610701
2024-04-08,2.344512,2.353103,2.329238,2.338784,945289759
2024-04-09,2.337829,2.341648,2.322556,2.326374,662190812
2024-04-10,2.328283,2.334011,2.311100,2.320647,847010591
2024-04-11,2.313010,2.326374,2.302509,2.318737,650197154
2024-04-12,2.317783,2.323510,2.292008,2.298691,755534934
2024-04-15,2.296781,2.348330,2.295827,2.346421,1448822976
2024-04-16,2.341648,2.352148,2.319692,2.336875,1073800094
2024-04-17,2.333057,2.362649,2.320647,2.360740,1002160007
2024-04-18,2.354058,2.390333,2.352149,2.367422,1174795146
2024-04-19,2.357876,2.367422,2.345466,2.352149,841950347
2024-04-22,2.353103,2.373150,2.344512,2.348330,809244501
2024-04-23,2.345466,2.350239,2.334011,2.335920,546199301
2024-04-24,2.342603,2.350239,2.329238,2.345466,667920561
2024-04-25,2.341648,2.359785,2.334011,2.354058,546700405
2024-04-26,2.355967,2.390333,2.355967,2.382696,1025253325
2024-04-29,2.380787,2.415152,2.376014,2.397015,1274586378
2024-04-30,2.394151,2.404652,2.384605,2.386514,610226600
2024-05-06,2.413243,2.425653,2.405607,2.415153,1029252930
2024-05-07,2.414198,2.422790,2.409425,2.419926,557582653
2024-05-08,2.416107,2.417062,2.403697,2.405606,502589430
2024-05-09,2.404652,2.425653,2.404652,2.420880,480642263
2024-05-10,2.426608,2.434244,2.410379,2.427562,957530338
2024-05-13,2.419926,2.431381,2.405606,2.424699,836587806
2024-05-14,2.423744,2.428517,2.410380,2.416107,561591579
2024-05-15,2.414198,2.419926,2.394151,2.398924,685513669
2024-05-16,2.402743,2.417062,2.395106,2.408470,774059785
2024-05-17,2.408470,2.446654,2.406561,2.444745,943388639
2024-05-20,2.445700,2.462883,2.440927,2.450473,652796901
2024-05-21,2.445700,2.449518,2.435199,2.445700,495562701
2024-05-22,2.441881,2.452382,2.438063,2.446654,576951057
2024-05-23,2.439018,2.440927,2.415152,2.421835,1014816589
2024-05-24,2.414198,2.423744,2.392242,2.394151,926557780
2024-05-27,2.397970,2.418016,2.397970,2.416107,853284829
2024-05-28,2.416107,2.423744,2.405607,2.409425,494623500
2024-05-29,2.407516,2.429472,2.406561,2.410380,547851824
2024-05-30,2.407516,2.419926,2.388424,2.394151,692224690
2024-05-31,2.397970,2.407516,2.383651,2.385560,526007122
2024-06-03,2.382696,2.395106,2.375059,2.388424,610477461
2024-06-04,2.386514,2.408470,2.383650,2.401788,687487300
2024-06-05,2.400834,2.404652,2.390333,2.391288,605581609
2024-06-06,2.396060,2.413243,2.384605,2.392242,717814500
2024-06-07,2.397970,2.401788,2.370286,2.381741,720576002
2024-06-11,2.375059,2.376968,2.344512,2.353103,992243700
2024-06-12,2.349285,2.355012,2.341648,2.350239,695812961
2024-06-13,2.354058,2.354058,2.334011,2.340693,712956419
2024-06-14,2.336875,2.361695,2.330193,2.356922,897068161
2024-06-17,2.341648,2.349285,2.338784,2.342602,991137042
2024-06-18,2.341648,2.353103,2.336875,2.342602,621849600
2024-06-19,2.343557,2.350239,2.336875,2.346421,591825062
2024-06-20,2.343557,2.354058,2.336875,2.339739,760900713
2024-06-21,2.337829,2.343557,2.317783,2.334966,1636597300
2024-06-24,2.319692,2.350239,2.316828,2.334966,1278460961
2024-06-25,2.334966,2.340693,2.313964,2.326374,1033174701
2024-06-26,2.321601,2.336875,2.315874,2.330193,862678961
2024-06-27,2.325420,2.328283,2.311101,2.323510,931118346
2024-06-28,2.317783,2.341648,2.315874,2.330193,742955922
2024-07-01,2.329238,2.343557,2.321601,2.338784,662193191
2024-07-02,2.335920,2.355967,2.334966,2.350239,929069370
2024-07-03,2.351194,2.354058,2.341648,2.350239,377352006
2024-07-04,2.352149,2.362649,2.341648,2.342602,632129170
2024-07-05,2.342603,2.347376,2.303464,2.323510,1193835871
2024-07-08,2.315873,2.326374,2.306327,2.312055,694425011
2024-07-09,2.311101,2.341648,2.295827,2.333056,1005916467
2024-07-10,2.329238,2.339739,2.327329,2.329238,506729401
2024-07-11,2.341648,2.356922,2.334011,2.354058,647689010
2024-07-12,2.355967,2.371241,2.355012,2.368377,1099509223
2024-07-15,2.365513,2.380787,2.362649,2.377923,1144750398
2024-07-16,2.376014,2.390333,2.368377,2.386514,1208825419
2024-07-17,2.384605,2.402743,2.382696,2.396060,1133348143
2024-07-18,2.391288,2.411334,2.385560,2.407516,1317556580
2024-07-19,2.400833,2.432335,2.387469,2.423744,2995549990
2024-07-22,2.421835,2.422790,2.385560,2.400834,1069696754
2024-07-23,2.395106,2.401788,2.366468,2.370286,700216328
2024-07-24,2.363604,2.376014,2.351194,2.361695,985698806
2024-07-25,2.353103,2.358831,2.327329,2.338784,1327787431
2024-07-26,2.339739,2.343557,2.318737,2.333056,1398651626
2024-07-29,2.330193,2.334966,2.320647,2.324465,565222717
2024-07-30,2.319692,2.321601,2.298690,2.312055,1577558841
2024-07-31,2.311100,2.355012,2.310146,2.351194,1015608036
2024-08-01,2.348330,2.353103,2.334011,2.336875,600949600
2024-08-02,2.326374,2.335920,2.314919,2.322556,932429846
2024-08-05,2.314919,2.339739,2.303464,2.307282,2299450902
2024-08-06,2.316828,2.324465,2.271962,2.292009,1326693900
2024-08-07,2.287235,2.305373,2.284371,2.290099,788845064
2024-08-08,2.289145,2.311100,2.282462,2.296781,542083213
2024-08-09,2.307282,2.314919,2.292963,2.293918,710842500
2024-08-12,2.293918,2.301554,2.289145,2.294872,378518101
2024-08-13,2.293918,2.297736,2.281508,2.293918,482987118
2024-08-14,2.294872,2.294872,2.280553,2.281508,553523257
2024-08-15,2.277689,2.321601,2.273871,2.312055,1187768101
2024-08-16,2.311101,2.327329,2.307282,2.323510,1221009830
2024-08-19,2.323510,2.346421,2.323510,2.334011,456978344
2024-08-20,2.337829,2.337829,2.315874,2.327329,1082638005
2024-08-21,2.321601,2.325420,2.302509,2.315874,867594700
2024-08-22,2.317783,2.323511,2.309191,2.319692,949185342
2024-08-23,2.319692,2.337829,2.317783,2.334011,524814883
2024-08-26,2.335920,2.341648,2.320647,2.331147,494272036
2024-08-27,2.330193,2.337829,2.323510,2.333056,765349342
2024-08-28,2.329238,2.332102,2.307282,2.316828,1067530926
2024-08-29,2.311101,2.314919,2.295827,2.297736,483632442
2024-08-30,2.292963,2.335920,2.292008,2.318737,1084734178
2024-09-02,2.306327,2.309191,2.278644,2.281508,739289251
2024-09-03,2.280553,2.283417,2.267189,2.271007,937708300
2024-09-04,2.260506,2.271007,2.248097,2.251915,713782500
2024-09-05,2.252870,2.263370,2.248097,2.254779,689433801
2024-09-06,2.256688,2.271007,2.242369,2.244278,856267943
2024-09-09,2.236641,2.239505,2.207048,2.214685,1002380100
2024-09-10,2.213731,2.222322,2.203230,2.215640,820576957
2024-09-11,2.210867,2.212776,2.195593,2.202276,926664008
2024-09-12,2.203230,2.210867,2.190820,2.192729,699198306
2024-09-13,2.192729,2.207048,2.187002,2.187956,701542499
2024-09-18,2.187957,2.208958,2.186047,2.200366,986296004
2024-09-19,2.203230,2.224231,2.181274,2.213731,1039087381
2024-09-20,2.209912,2.224231,2.194639,2.217549,1892966671
2024-09-23,2.215640,2.236641,2.213731,2.224231,610242399
2024-09-24,2.249051,2.338784,2.238551,2.338784,1994535625
2024-09-25,2.372195,2.409425,2.361695,2.367422,1610607717
2024-09-26,2.364558,2.501067,2.364558,2.499158,2376659669
2024-09-27,2.540206,2.690079,2.489612,2.600346,1515369074
2024-09-30,2.673851,2.810359,2.598437,2.776948,3571868455
2024-10-08,3.054738,3.054738,2.776948,2.842816,3758084309
2024-10-09,2.778858,2.806541,2.632803,2.637576,2232707104
2024-10-10,2.659532,2.787449,2.652849,2.722536,2250743129
2024-10-11,2.712035,2.718717,2.629939,2.667168,1995223206
2024-10-14,2.677669,2.715853,2.651895,2.698670,1887459448
2024-10-15,2.686260,2.704398,2.630893,2.632802,1563030538
2024-10-16,2.614665,2.656668,2.608938,2.628984,1189681882
2024-10-17,2.644258,2.657622,2.587936,2.588891,1545933845
2024-10-18,2.591755,2.732082,2.567890,2.668123,2067426708
2024-10-21,2.670032,2.683397,2.641394,2.663350,1369032790
2024-10-22,2.662395,2.689124,2.655713,2.673851,1267692289
2024-10-23,2.673851,2.711080,2.664305,2.689124,1452292388
2024-10-24,2.676714,2.681488,2.650940,2.662395,1072730596
2024-10-25,2.662396,2.688170,2.651895,2.666214,944324741
2024-10-28,2.665259,2.669078,2.638530,2.668123,820462517
2024-10-29,2.670987,2.695807,2.646167,2.652849,1105529001
2024-10-30,2.643304,2.657623,2.607028,2.618484,1015042714
2024-10-31,2.618484,2.637576,2.597482,2.616574,1068979936
2024-11-01,2.610847,2.656668,2.610847,2.636621,1380755868
2024-11-04,2.639485,2.660486,2.616574,2.658577,710692644
2024-11-05,2.651895,2.712990,2.642349,2.712035,1547429477
2024-11-06,2.711080,2.727309,2.672896,2.690079,1328726061
2024-11-07,2.670032,2.795086,2.669078,2.792222,1970369910
2024-11-08,2.802723,2.816087,2.737809,2.751174,1856141137
2024-11-11,2.726354,2.737809,2.692943,2.733991,1206051001
2024-11-12,2.728263,2.762629,2.681488,2.693897,1340968801
2024-11-13,2.681488,2.719672,2.679578,2.709171,1154336900
2024-11-14,2.700580,2.726354,2.680533,2.686260,1277206161
2024-11-15,2.680533,2.692943,2.650940,2.651895,1394418910
2024-11-18,2.662396,2.706307,2.649986,2.663350,1199619816
2024-11-19,2.659532,2.666214,2.618484,2.651895,919468916
2024-11-20,2.646167,2.667168,2.638530,2.657622,854979945
2024-11-21,2.653804,2.668123,2.646167,2.664304,738982704
2024-11-22,2.660486,2.665259,2.581254,2.586982,1313065600
2024-11-25,2.588891,2.603210,2.550706,2.565026,1322431600
2024-11-26,2.555480,2.590800,2.554525,2.574572,839971050
2024-11-27,2.574572,2.607028,2.565026,2.605119,1104712619
2024-11-28,2.607028,2.611801,2.578390,2.592709,913282800
2024-11-29,2.593664,2.641394,2.592709,2.607983,1162631173
2024-12-02,2.608957,2.627467,2.594344,2.618699,799280265
2024-12-03,2.618699,2.640132,2.606034,2.632338,801204634
2024-12-04,2.629416,2.642080,2.617725,2.629416,924946202
2024-12-05,2.620648,2.630390,2.609931,2.617725,413820520
2024-12-06,2.618699,2.665462,2.611880,2.645977,967932149
2024-12-09,2.643055,2.669359,2.637210,2.648900,669583470
2024-12-10,2.726838,2.737554,2.664487,2.673255,1298444788
2024-12-11,2.666436,2.676178,2.651823,2.655720,673784940
2024-12-12,2.657668,2.686894,2.649874,2.685920,873553639
2024-12-13,2.670333,2.671307,2.612854,2.620648,1717695328
2024-12-16,2.620648,2.624545,2.610906,2.616751,835376507
2024-12-17,2.612854,2.651823,2.612854,2.630390,1087102930
2024-12-18,2.639158,2.657668,2.639158,2.648900,843209274
2024-12-19,2.630390,2.648900,2.617725,2.639158,562015517
2024-12-20,2.635261,2.651823,2.625519,2.631364,948753866
2024-12-23,2.631364,2.670333,2.631364,2.653771,1446043377
2024-12-24,2.657668,2.687869,2.646952,2.682024,858261891
2024-12-25,2.688843,2.706379,2.682023,2.692740,1027326336
2024-12-26,2.691766,2.693714,2.677152,2.685920,631320236
2024-12-27,2.682998,2.697611,2.669359,2.682998,611745894
2024-12-30,2.682998,2.706379,2.682998,2.701508,777244919
2024-12-31,2.700534,2.707353,2.665462,2.667410,1560391119
2025-01-02,2.662539,2.667410,2.576808,2.598241,1240283327
2025-01-03,2.594344,2.603112,2.561220,2.572911,934897349
2025-01-06,2.572911,2.577782,2.539788,2.562195,1073726962
2025-01-07,2.561220,2.579731,2.552452,2.576808,657002305
2025-01-08,2.573885,2.598241,2.551478,2.582653,1218275306
2025-01-09,2.580705,2.582653,2.559272,2.569988,773678884
2025-01-10,2.568040,2.582653,2.545633,2.547581,930070680
2025-01-13,2.535891,2.548556,2.519329,2.539788,723067395
2025-01-14,2.543685,2.593370,2.536865,2.583627,1187705304
2025-01-15,2.577782,2.591421,2.571937,2.577782,650967623
2025-01-16,2.583627,2.602138,2.557324,2.569014,894962989
2025-01-17,2.562195,2.582653,2.548556,2.569014,618677585
2025-01-20,2.581679,2.596292,2.569014,2.574859,649137394
2025-01-21,2.583627,2.585576,2.564143,2.571937,474730245
2025-01-22,2.570963,2.571937,2.530045,2.539788,1147586736
2025-01-23,2.555375,2.595318,2.550504,2.555375,1328941637
2025-01-24,2.554401,2.585576,2.550504,2.569988,974716877
2025-01-27,2.573885,2.586550,2.569988,2.574859,1162083729
2025-02-05,2.586550,2.589473,2.545633,2.551478,1129019112
2025-02-06,2.551478,2.576808,2.544659,2.569988,892169839
2025-02-07,2.568040,2.615776,2.559272,2.599215,1345050213
2025-02-10,2.599215,2.617725,2.595318,2.608957,604463923
2025-02-11,2.613828,2.614802,2.595318,2.602138,772063815
2025-02-12,2.601163,2.634287,2.596292,2.628441,717588663
2025-02-13,2.626493,2.653771,2.622596,2.632338,927506361
2025-02-14,2.628442,2.652797,2.623571,2.648900,934572447
2025-02-17,2.654745,2.661565,2.634287,2.652797,1070211311
2025-02-18,2.649874,2.667410,2.632338,2.643055,1041517081
2025-02-19,2.637209,2.663513,2.630390,2.651823,671784058
2025-02-20,2.648900,2.648900,2.629416,2.638184,571853314
2025-02-21,2.645977,2.677152,2.637209,2.673255,960707839
2025-02-24,2.669359,2.679101,2.647926,2.660591,1067669144
2025-02-25,2.647926,2.651823,2.624545,2.633313,756265852
2025-02-26,2.637210,2.657668,2.633313,2.655720,682919074
2025-02-27,2.654745,2.671307,2.644029,2.669359,726797855
2025-02-28,2.661565,2.679101,2.629415,2.635261,999051264
2025-03-03,2.634287,2.645003,2.607983,2.616751,766095121
2025-03-04,2.606034,2.616751,2.596292,2.608957,533622465
2025-03-05,2.609931,2.632338,2.606035,2.627467,727997432
2025-03-06,2.639158,2.679101,2.638184,2.669359,1192574641
2025-03-07,2.667410,2.682998,2.662539,2.668385,701240610
2025-03-10,2.668384,2.670333,2.639158,2.656694,1276371343
2025-03-11,2.640132,2.669359,2.635261,2.668385,616194298
2025-03-12,2.668384,2.675204,2.653771,2.659616,546302832
2025-03-13,2.658642,2.671307,2.642080,2.652797,572465155
2025-03-14,2.657668,2.736580,2.657668,2.730734,1551468313
2025-03-17,2.739502,2.745348,2.720992,2.725863,649356298
2025-03-18,2.734631,2.740477,2.724889,2.727812,453365959
2025-03-19,2.724889,2.746322,2.721966,2.736580,621957127
2025-03-20,2.737554,2.738528,2.700534,2.707353,775311589
2025-03-21,2.700534,2.710276,2.655720,2.663513,1013360003
2025-03-24,2.662539,2.683972,2.661565,2.681049,636681140
2025-03-25,2.683972,2.686894,2.674230,2.681049,595996025
2025-03-26,2.680075,2.685920,2.662539,2.665462,791287339
2025-03-27,2.664487,2.693714,2.661565,2.679101,678026306
2025-03-28,2.678127,2.682024,2.659616,2.667410,545554555
2025-03-31,2.662539,2.681049,2.645978,2.654745,842143480
2025-04-01,2.655720,2.664487,2.647926,2.650848,457242281
2025-04-02,2.647926,2.658642,2.641106,2.645977,375959813
2025-04-03,2.626493,2.660591,2.623570,2.649874,689607319
2025-04-07,2.552452,2.591421,2.425804,2.504716,3704080052
2025-04-08,2.504716,2.561220,2.497896,2.560246,3556315317
2025-04-09,2.542710,2.584602,2.527123,2.579731,1503722613
2025-04-10,2.606034,2.609931,2.579731,2.603112,876924622
2025-04-11,2.592395,2.610906,2.583627,2.607983,1105871129
2025-04-14,2.609931,2.623570,2.600189,2.615777,460198204
2025-04-15,2.611880,2.626493,2.602137,2.621622,1020705703
2025-04-16,2.620648,2.650848,2.604086,2.645003,2312658038
2025-04-17,2.632338,2.675204,2.629416,2.647926,1166330905
2025-04-18,2.640132,2.656694,2.635261,2.649874,1301806702
2025-04-21,2.645003,2.661565,2.641106,2.641106,630351348
2025-04-22,2.640132,2.656694,2.639158,2.645977,610666215
2025-04-23,2.652797,2.655720,2.634287,2.638184,495159980
2025-04-24,2.638184,2.655720,2.637209,2.645003,594161105
2025-04-25,2.646952,2.653771,2.632338,2.640132,665365946
2025-04-28,2.635261,2.647926,2.624545,2.641106,519959272
2025-04-29,2.640132,2.645003,2.630390,2.636235,384683681
2025-04-30,2.636235,2.643055,2.622596,2.623570,556827770
2025-05-06,2.639158,2.640132,2.624545,2.637209,505829535
2025-05-07,2.668385,2.674230,2.645003,2.660591,1220931662
2025-05-08,2.653771,2.685920,2.650848,2.671307,797600557
2025-05-09,2.667410,2.679101,2.666436,2.673255,512043246
2025-05-12,2.679101,2.702482,2.673256,2.691766,726418144
2025-05-13,2.702482,2.702482,2.690792,2.697611,575800924
2025-05-14,2.699559,2.758987,2.697611,2.744373,1254648913
2025-05-15,2.740477,2.748270,2.725863,2.730734,811279532
2025-05-16,2.725864,2.731709,2.695663,2.706379,690061920
2025-05-19,2.698585,2.706379,2.690792,2.697611,465527214
2025-05-20,2.698585,2.720992,2.697611,2.708327,366660806
2025-05-21,2.708327,2.731709,2.708327,2.720992,428172019
2025-05-22,2.716121,2.729760,2.709301,2.723915,247053766
2025-05-23,2.729760,2.729760,2.701508,2.703456,505854295
2025-05-26,2.698585,2.713198,2.684946,2.692740,473676185
2025-05-27,2.691766,2.699559,2.676178,2.679101,417125746
2025-05-28,2.679101,2.682998,2.672281,2.676178,334195700
2025-05-29,2.677152,2.697611,2.670333,2.682998,882087471
2025-05-30,2.682024,2.686895,2.659617,2.678127,884995116
2025-06-03,2.669359,2.689817,2.663513,2.677152,501260254
2025-06-04,2.680075,2.692740,2.677152,2.683972,318023306
2025-06-05,2.688843,2.689817,2.674230,2.682998,416479500
2025-06-06,2.686895,2.696637,2.680075,2.684946,506736659
2025-06-09,2.686895,2.695663,2.676178,2.684946,709788198
2025-06-10,2.686894,2.695662,2.664487,2.671307,917943537
2025-06-11,2.671307,2.704431,2.670333,2.690792,585072791
2025-06-12,2.686894,2.694688,2.670333,2.688843,392650273
2025-06-13,2.683972,2.688843,2.665462,2.675204,651201333
2025-06-16,2.666436,2.685920,2.664487,2.682024,578828372
2025-06-17,2.681049,2.684946,2.669359,2.682024,571268034
2025-06-18,2.681049,2.688843,2.668384,2.679101,427677032
2025-06-19,2.675204,2.677152,2.656694,2.662539,806218699
2025-06-20,2.664488,2.683972,2.663513,2.678127,788226011
2025-06-23,2.672281,2.699559,2.662539,2.690792,755015613
2025-06-24,2.690792,2.737554,2.689817,2.720018,958847700
2025-06-25,2.721966,2.760935,2.716121,2.758987,974126991
2025-06-26,2.757038,2.760935,2.749245,2.753141,591542718
2025-06-27,2.756064,2.765806,2.720018,2.722941,735136118
2025-06-30,2.722941,2.736580,2.715147,2.734631,789373449
2025-07-01,2.733657,2.742425,2.727812,2.737554,438817401
2025-07-02,2.738528,2.750219,2.731708,2.743399,413099449
2025-07-03,2.745348,2.750219,2.735606,2.747296,225945711
2025-07-04,2.745348,2.784317,2.736580,2.762884,563123547
2025-07-07,2.758013,2.759961,2.747296,2.755090,288204982
2025-07-08,2.754115,2.776522,2.754115,2.771652,458241093
2025-07-09,2.773600,2.783342,2.763858,2.768729,405370706
2025-07-10,2.765806,2.804775,2.764832,2.784317,559082930
2025-07-11,2.786265,2.842770,2.784316,2.796981,1251123183
2025-07-14,2.796007,2.809646,2.793084,2.795033,521790301
2025-07-15,2.795033,2.801852,2.765806,2.781394,632367442
2025-07-16,2.781394,2.792110,2.765806,2.776523,446635933
2025-07-17,2.775549,2.786265,2.771652,2.785291,381697779
2025-07-18,2.790162,2.814517,2.788213,2.809646,676731019
2025-07-21,2.812569,2.821337,2.805749,2.815491,573545405
2025-07-22,2.817440,2.840821,2.804775,2.838873,658976345
2025-07-23,2.839847,2.870048,2.838873,2.845692,726229354
2025-07-24,2.845692,2.866151,2.837899,2.857383,538146503
2025-07-25,2.857383,2.857383,2.832053,2.840821,572556124
2025-07-28,2.841795,2.857383,2.833027,2.853486,610284995
2025-07-29,2.849589,2.862254,2.840821,2.858357,520820030
2025-07-30,2.854460,2.891480,2.847641,2.867125,826165102
2025-07-31,2.858357,2.858357,2.813543,2.824259,946419985
2025-08-01,2.818414,2.827182,2.795033,2.801852,823513988
2025-08-04,2.794059,2.816466,2.793084,2.815491,479895160
2025-08-05,2.815491,2.840821,2.813543,2.836924,724301836
2025-08-06,2.834976,2.847641,2.832053,2.842770,328782877
2025-08-07,2.844718,2.855434,2.833027,2.845692,404373495
2025-08-08,2.840821,2.847641,2.830105,2.834976,293830872
2025-08-11,2.836924,2.848615,2.830105,2.836924,641217180
2025-08-12,2.837899,2.864202,2.837899,2.856409,613600395
2025-08-13,2.856409,2.877841,2.854460,2.864202,741455374
2025-08-14,2.867125,2.905120,2.866151,2.877841,929751369
2025-08-15,2.871996,2.900248,2.862254,2.888558,1353060946
2025-08-18,2.893429,2.914862,2.879790,2.894403,1099632367
2025-08-19,2.892455,2.908042,2.859331,2.861280,802699002
2025-08-20,2.858357,2.899274,2.845692,2.898300,1003750690
2025-08-21,2.902197,2.921681,2.899274,2.912913,874023648
2025-08-22,2.914862,2.987928,2.914862,2.986954,1265864867
2025-08-25,2.999619,3.047356,2.994748,3.043459,1188379707
2025-08-26,3.040536,3.040536,3.014232,3.021052,727485594
2025-08-27,3.023000,3.035665,2.968444,2.972341,992806302
2025-08-28,2.967470,3.017155,2.956753,3.015206,1151366620
2025-08-29,3.005464,3.041510,3.001567,3.031768,1242740893
2025-09-01,3.034691,3.041510,3.016180,3.032742,947105873
2025-09-02,3.034691,3.060020,3.020077,3.047355,779798030
2025-09-03,3.047356,3.056124,2.985005,3.007412,1119035771
2025-09-04,3.003516,3.006438,2.925578,2.955779,1495711421
2025-09-05,2.954805,3.000593,2.948959,2.992799,649923624
2025-09-08,2.990851,3.003515,2.972341,2.987928,535238452
2025-09-09,2.981109,3.000593,2.965521,2.980134,851887505
2025-09-10,2.977212,3.008387,2.975263,2.992799,460363432
2025-09-11,2.981109,3.043459,2.967470,3.041510,1308600325
2025-09-12,3.043459,3.055149,3.017154,3.023974,694971852
2025-09-15,3.028845,3.037613,3.009361,3.017154,542322395
2025-09-16,3.020077,3.027871,2.995722,3.002541,645047199
2025-09-17,2.998645,3.014232,2.987928,3.008387,579748039
2025-09-18,3.012284,3.027871,2.942140,2.969418,1304857521
2025-09-19,2.961624,2.985980,2.959676,2.966495,655665965
2025-09-22,2.965521,2.982083,2.953830,2.975263,633104475
2025-09-23,2.973315,2.990851,2.945062,2.975263,1108592600
2025-09-24,2.965521,2.997670,2.963573,2.992799,808978400
2025-09-25,2.994748,3.017155,2.992799,3.007412,557976225
2025-09-26,2.997670,3.016180,2.992799,2.997670,465569300
2025-09-29,2.992799,3.057098,2.975263,3.028845,1264089496
2025-09-30,3.036639,3.047355,3.031768,3.045407,553634686
2025-10-09,3.056124,3.087298,3.040536,3.079505,675390755
2025-10-10,3.063917,3.067814,3.022026,3.031768,931234621
2025-10-13,2.972341,3.027871,2.972341,3.021052,537714800
2025-10-14,3.034691,3.051252,3.006438,3.020077,1135122366
2025-10-15,3.022026,3.061969,3.014232,3.057098,803921165
2025-10-16,3.053201,3.086324,3.049304,3.077556,849296886
2025-10-17,3.076582,3.081453,3.018129,3.029819,1047601211
2025-10-20,3.040536,3.053201,3.023000,3.030794,906814037
2025-10-21,3.037613,3.070737,3.033716,3.062943,852424800
2025-10-22,3.046381,3.071711,3.041510,3.066840,793070110
2025-10-23,3.063917,3.090221,3.040536,3.085350,576569281
2025-10-27,3.125293,3.141854,3.117499,3.133087,946697220
2025-10-28,3.129190,3.139906,3.107757,3.113602,784301490
2025-10-29,3.115551,3.129190,3.111654,3.127241,630345860
2025-10-30,3.122370,3.139906,3.105808,3.110680,986908581
2025-10-31,3.111654,3.114577,3.074633,3.078531,1060663918
2025-11-03,3.071711,3.082427,3.051252,3.079505,1006200674
2025-11-04,3.078530,3.091195,3.060020,3.074633,991841576
2025-11-05,3.052226,3.082427,3.044433,3.068788,572868819
2025-11-06,3.076582,3.112628,3.072685,3.107757,641061413
2025-11-07,3.100937,3.113602,3.098989,3.103860,445456256
2025-11-10,3.106783,3.120422,3.092169,3.118473,441121842
2025-11-11,3.122370,3.125293,3.087298,3.098015,511249302
2025-11-12,3.096066,3.123345,3.096066,3.114577,553594448
2025-11-13,3.108731,3.141855,3.107757,3.137958,501223694
2025-11-14,3.127241,3.139906,3.099963,3.100938,427387153
2025-11-17,3.099963,3.100938,3.064891,3.077556,764881578
2025-11-18,3.070737,3.086324,3.058072,3.068788,662614119
2025-11-19,3.064891,3.096066,3.064891,3.083401,711760532
2025-11-20,3.095092,3.103860,3.068788,3.074633,386372977
2025-11-21,3.056124,3.091195,3.015206,3.021052,792638672
2025-11-24,3.024948,3.029819,3.006438,3.014232,618348200
2025-11-25,3.023974,3.037613,3.016180,3.029819,570056530
2025-11-26,3.032742,3.166210,3.030794,3.033716,465589180
2025-11-27,3.037613,3.053201,3.028845,3.031768,651239353
2025-11-28,3.030794,3.037613,3.017154,3.032742,589190200
2025-12-01,3.036639,3.057098,3.033716,3.056123,755812430
2025-12-02,3.056123,3.057098,3.034691,3.041510,479126144
2025-12-03,3.039562,3.047355,3.020077,3.027871,477834475
2025-12-04,3.031768,3.044433,3.022026,3.035665,430639879
2025-12-05,3.035665,3.076582,3.032742,3.063917,663713699
2025-12-08,3.070737,3.096066,3.069762,3.082427,789410436
2025-12-09,3.078530,3.080479,3.054175,3.060994,557029393
2025-12-10,3.057098,3.060995,3.032742,3.051252,552226066
2025-12-11,3.056123,3.060994,3.028845,3.039562,492066877
2025-12-12,3.044433,3.058072,3.029819,3.053201,631028000
2025-12-15,3.045407,3.081453,3.041510,3.052226,520007272
2025-12-16,3.050278,3.051252,3.009361,3.023000,787803800
2025-12-17,3.025000,3.074000,3.014000,3.058000,886313093
2025-12-18,3.053000,3.069000,3.046000,3.064000,377578753
2025-12-19,3.065000,3.090000,3.058000,3.078000,866072240
2025-12-22,3.083000,3.100000,3.082000,3.092000,543950813
2025-12-23,3.096000,3.113000,3.089000,3.098000,722707219
2025-12-24,3.097000,3.105000,3.084000,3.099000,662037106
2025-12-25,3.096000,3.113000,3.090000,3.107000,446623813
2025-12-26,3.108000,3.134000,3.106000,3.120000,716197258
2025-12-29,3.120000,3.130000,3.101000,3.109000,487016493
2025-12-30,3.100000,3.123000,3.094000,3.108000,524257565
2025-12-31,3.110000,3.124000,3.097000,3.105000,911474675
2026-01-05,3.116000,3.182000,3.116000,3.174000,799217865
2026-01-06,3.180000,3.236000,3.177000,3.235000,644410202
2026-01-07,3.236000,3.238000,3.206000,3.220000,612968172
2026-01-08,3.212000,3.218000,3.182000,3.198000,512542924
2026-01-09,3.197000,3.223000,3.188000,3.209000,601376095
2026-01-12,3.215000,3.225000,3.200000,3.218000,544302509
2026-01-13,3.223000,3.256000,3.200000,3.214000,915113992
2026-01-14,3.216000,3.249000,3.179000,3.187000,1187016390
2026-01-15,3.180000,3.205000,3.170000,3.180000,3638507692
2026-01-16,3.193000,3.207000,3.142000,3.160000,3476366733
2026-01-19,3.153000,3.174000,3.142000,3.153000,2269318806
2026-01-20,3.152000,3.167000,3.135000,3.150000,2457644589
2026-01-21,3.147000,3.175000,3.136000,3.145000,5365876228
2026-01-22,3.153000,3.166000,3.124000,3.131000,2846785448
2026-01-23,3.135000,3.141000,3.094000,3.106000,3969981224
2026-01-26,3.115000,3.166000,3.111000,3.129000,5361942668
2026-01-27,3.130000,3.158000,3.123000,3.131000,2890246501
2026-01-28,3.141000,3.152000,3.123000,3.138000,6847066475
2026-01-29,3.145000,3.203000,3.128000,3.196000,3693594492
2026-01-30,3.175000,3.186000,3.116000,3.147000,1143916151
2026-02-02,3.130000,3.154000,3.071000,3.080000,1693065318
2026-02-03,3.098000,3.111000,3.063000,3.108000,971969838
2026-02-04,3.107000,3.148000,3.103000,3.147000,716319935
2026-02-05,3.129000,3.145000,3.106000,3.137000,710542701
2026-02-06,3.110000,3.135000,3.092000,3.115000,706855756
2026-02-09,3.140000,3.162000,3.135000,3.161000,622505637
2026-02-10,3.165000,3.171000,3.159000,3.170000,442620952
2026-02-11,3.165000,3.174000,3.156000,3.170000,369356456
2026-02-12,3.171000,3.176000,3.158000,3.161000,255903636
2026-02-13,3.149000,3.150000,3.111000,3.114000,933877556
2026-02-24,3.150000,3.154000,3.118000,3.119000,416578566
2026-02-25,3.121000,3.162000,3.121000,3.134000,847064266
2026-02-26,3.136000,3.140000,3.101000,3.115000,477638593
2026-02-27,3.108000,3.128000,3.104000,3.123000,558160575
2026-03-02,3.113000,3.131000,3.086000,3.125000,1092505206
2026-03-03,3.122000,3.137000,3.089000,3.096000,867607396
2026-03-04,3.070000,3.077000,3.030000,3.051000,662091928
2026-03-05,3.066000,3.078000,3.054000,3.066000,580639119
2026-03-06,3.055000,3.079000,3.047000,3.068000,601413989
2026-03-09,3.040000,3.050000,3.005000,3.041000,863208865
2026-03-10,3.047000,3.064000,3.047000,3.060000,439311296
2026-03-11,3.060000,3.066000,3.048000,3.062000,398393610
2026-03-12,3.058000,3.061000,3.030000,3.047000,533160906
2026-03-13,3.038000,3.055000,3.027000,3.035000,446963900
2026-03-16,3.030000,3.032000,3.003000,3.028000,643145395
2026-03-17,3.030000,3.072000,3.028000,3.039000,701699631
2026-03-18,3.045000,3.050000,3.015000,3.035000,591383337
2026-03-19,3.010000,3.018000,2.983000,2.993000,766470849
2026-03-20,2.990000,3.001000,2.955000,2.957000,907053000
2026-03-23,2.924000,2.931000,2.851000,2.868000,1398570497
2026-03-24,2.880000,2.902000,2.862000,2.900000,975682304
2026-03-25,2.911000,2.935000,2.910000,2.930000,1194121967
2026-03-26,2.927000,2.935000,2.890000,2.897000,415458612
2026-03-27,2.877000,2.919000,2.876000,2.909000,650635173
2026-03-30,2.886000,2.908000,2.875000,2.905000,545261840
2026-03-31,2.912000,2.939000,2.900000,2.902000,601687723
2026-04-01,2.930000,2.957000,2.929000,2.951000,457511494
2026-04-02,2.945000,2.947000,2.911000,2.926000,419338035
2026-04-03,2.930000,2.932000,2.898000,2.901000,283025691
2026-04-07,2.901000,2.915000,2.895000,2.900000,401667333
2026-04-08,2.940000,2.982000,2.938000,2.978000,846513732
2026-04-09,2.964000,2.964000,2.950000,2.958000,375617671
2026-04-10,2.967000,2.989000,2.966000,2.972000,485004157
2026-04-13,2.966000,2.975000,2.956000,2.972000,269499293
2026-04-14,2.988000,2.999000,2.972000,2.997000,422466502
2026-04-15,3.008000,3.027000,3.005000,3.008000,395736369
2026-04-16,3.010000,3.024000,3.004000,3.014000,521758730
2026-04-17,2.999000,3.004000,2.980000,2.982000,827049922
2026-04-20,2.982000,3.011000,2.981000,3.007000,648753428
2026-04-21,3.006000,3.010000,2.992000,3.006000,690185884
2026-04-22,2.998000,3.010000,2.996000,3.005000,978006909
2026-04-23,3.006000,3.014000,2.984000,3.001000,1310505281
2026-04-24,2.995000,3.024000,2.986000,3.018000,989996116
2026-04-27,3.015000,3.031000,3.007000,3.013000,1015724512
2026-04-28,3.008000,3.037000,3.006000,3.024000,1238367402
2026-04-29,3.019000,3.046000,3.014000,3.041000,1287005615
2026-04-30,3.042000,3.065000,3.037000,3.062000,1751207462
2026-05-06,3.079000,3.116000,3.077000,3.100000,1873728353
2026-05-07,3.107000,3.115000,3.094000,3.103000,1613551283
2026-05-08,3.092000,3.093000,3.061000,3.075000,1807909313
2026-05-11,3.090000,3.123000,3.081000,3.116000,1776177894
2026-05-12,3.116000,3.131000,3.108000,3.119000,1178872890
2026-05-13,3.107000,3.127000,3.093000,3.123000,1377046933
2026-05-14,3.131000,3.133000,3.072000,3.074000,1042284056
2026-05-15,3.065000,3.076000,3.018000,3.035000,1109066192
2026-05-18,3.020000,3.030000,2.992000,3.008000,870984563
2026-05-19,3.005000,3.028000,2.990000,3.026000,1645348227
2026-05-20,3.012000,3.037000,3.010000,3.029000,1282018780
2026-05-21,3.043000,3.072000,2.992000,2.994000,955267514
2026-05-22,3.005000,3.010000,2.982000,2.995000,1252153748
2026-05-25,3.003000,3.041000,3.000000,3.039000,1353849176
2026-05-26,3.033000,3.049000,3.019000,3.046000,874975533
2026-05-27,3.042000,3.051000,2.993000,3.008000,981673720
2026-05-28,3.000000,3.003000,2.966000,2.985000,493506764
2026-05-29,2.988000,3.013000,2.984000,2.997000,630675307
2026-06-01,2.999000,2.999000,2.961000,2.968000,798242529
2026-06-02,2.970000,3.008000,2.966000,2.993000,771941230
2026-06-03,2.992000,3.014000,2.981000,2.996000,915449633
2026-06-04,2.980000,2.993000,2.957000,2.964000,636881569
2026-06-05,2.958000,2.985000,2.934000,2.940000,681720904
2026-06-08,2.909000,2.923000,2.881000,2.901000,795171868
2026-06-09,2.904000,2.918000,2.888000,2.917000,825314052
2026-06-10,2.904000,2.941000,2.904000,2.931000,356980319
2026-06-11,2.927000,2.935000,2.910000,2.928000,461414698
2026-06-12,2.945000,2.993000,2.936000,2.982000,1322889929
2026-06-15,3.002000,3.035000,2.999000,3.024000,1556219340
2026-06-16,3.022000,3.022000,2.984000,2.993000,652825496
2026-06-17,2.988000,3.016000,2.983000,3.015000,1130865163
2026-06-18,3.005000,3.036000,3.003000,3.017000,826191101
2026-06-22,3.014000,3.098000,2.998000,3.097000,1417508353
2026-06-23,3.089000,3.103000,2.992000,3.005000,1047313563
2026-06-24,2.998000,3.027000,2.998000,3.024000,1293619668
2026-06-25,3.023000,3.073000,3.018000,3.059000,657604765
2026-06-26,3.041000,3.055000,2.977000,3.000000,712155915
2026-06-29,2.995000,3.083000,2.993000,3.083000,650427782
2026-06-30,3.070000,3.087000,3.054000,3.083000,425483785
2026-07-01,3.074000,3.109000,3.056000,3.074000,573706570
2026-07-02,3.038000,3.053000,2.994000,3.003000,624175625
2026-07-03,3.003000,3.048000,3.003000,3.023000,536339530
2026-07-06,3.037000,3.057000,3.012000,3.046000,484833635
2026-07-07,3.025000,3.044000,3.000000,3.012000,456475539
2026-07-08,3.017000,3.047000,3.006000,3.009000,478647907
2026-07-09,3.014000,3.094000,3.012000,3.089000,677928223
2026-07-10,3.088000,3.125000,3.053000,3.057000,571879597
2026-07-13,3.042000,3.051000,3.000000,3.011000,719356951
2026-07-14,3.008000,3.058000,2.970000,3.058000,966396645
2026-07-15,3.044000,3.086000,3.044000,3.064000,927302808
2026-07-16,3.030000,3.051000,2.990000,3.004000,1233555073
2026-07-17,2.985000,2.996000,2.916000,2.931000,1452574991
2026-07-20,2.956000,3.012000,2.956000,3.007000,1522780728
2026-07-21,3.051000,3.079000,3.008000,3.079000,1579527764
2026-07-22,3.057000,3.118000,3.056000,3.086000,949096724
2026-07-23,3.104000,3.107000,3.074000,3.084000,585833130
2026-07-24,3.070000,3.078000,3.046000,3.050000,952270696
2026-07-27,3.068000,3.099000,3.026000,3.054000,597003627
2026-07-28,3.025000,3.036000,3.005000,3.022000,764818631
2026-07-29,3.033000,3.048000,2.991000,3.023000,1022378083
2026-07-30,3.006000,3.039000,2.987000,3.026000,771987749
2026-07-31,3.050000,3.059000,3.026000,3.033000,672576064
2026-08-03,3.018000,3.029000,2.980000,2.990000,624441077
2026-08-04,2.999000,3.000000,2.975000,2.983000,524443529
2026-08-05,2.980000,3.039000,2.979000,3.029000,850326335
2026-08-06,3.016000,3.032000,3.014000,3.029000,498073193
2026-08-07,3.021000,3.067000,3.018000,3.066000,513471237
2026-08-10,,,,,99217700
