date,open,high,low,close,volume
2017-06-16,3.020853,3.034510,3.011463,3.015731,102395662
2017-06-19,3.017438,3.052435,3.017438,3.049875,141314249
2017-06-20,3.052435,3.058410,3.033656,3.040485,129832010
2017-06-21,3.060118,3.079750,3.040485,3.078897,202666097
2017-06-22,3.072921,3.117308,3.071214,3.082311,190007357
2017-06-23,3.079750,3.113894,3.066093,3.112186,97993376
2017-06-26,3.112186,3.153159,3.112186,3.150598,107394592
2017-06-27,3.148891,3.157427,3.132673,3.152305,80665111
2017-06-28,3.149745,3.149745,3.126698,3.130966,79248790
2017-06-29,3.131819,3.154013,3.130966,3.149745,86837702
2017-06-30,3.139501,3.154012,3.129258,3.144623,82475091
2017-07-03,3.145477,3.148037,3.118162,3.130966,96518891
2017-07-04,3.130112,3.130966,3.098530,3.105358,135215496
2017-07-05,3.103651,3.151452,3.103651,3.145477,133333806
2017-07-06,3.145477,3.149745,3.120723,3.142916,161832079
2017-07-07,3.138648,3.145477,3.124991,3.141209,82642695
2017-07-10,3.140355,3.158280,3.136941,3.144623,95092105
2017-07-11,3.141209,3.194985,3.140355,3.170231,131419688
2017-07-12,3.165109,3.182181,3.137795,3.151452,117476077
2017-07-13,3.152305,3.186449,3.152305,3.183888,111237938
2017-07-14,3.184742,3.208642,3.175352,3.205228,85576653
2017-07-17,3.202667,3.210350,3.137795,3.161695,194210589
2017-07-18,3.156573,3.167670,3.134380,3.163402,160845690
2017-07-19,3.162548,3.233396,3.159134,3.229128,174118048
2017-07-20,3.226568,3.245347,3.221446,3.244493,97697579
2017-07-21,3.235957,3.247054,3.218032,3.228275,97761450
2017-07-24,3.224860,3.251322,3.218885,3.244493,64264258
2017-07-25,3.243640,3.245347,3.213764,3.219739,96998398
2017-07-26,3.219739,3.234250,3.188156,3.201814,154254047
2017-07-27,3.202667,3.218885,3.180474,3.211203,146357436
2017-07-28,3.206935,3.226568,3.200960,3.223153,74148654
2017-07-31,3.223153,3.247054,3.215471,3.235104,119463626
2017-08-01,3.235104,3.264126,3.233396,3.260711,122451036
2017-08-02,3.262418,3.277783,3.255590,3.260711,118097968
2017-08-03,3.255590,3.263272,3.221446,3.228275,107292854
2017-08-04,3.228275,3.240225,3.207789,3.208642,104071614
2017-08-07,3.202667,3.234250,3.200106,3.228275,106249074
2017-08-08,3.229982,3.235957,3.219739,3.229128,121129512
2017-08-09,3.226568,3.236811,3.215471,3.226568,96191652
2017-08-10,3.220593,3.244493,3.195839,3.219739,138679903
2017-08-11,3.199253,3.206082,3.154013,3.158281,181664345
2017-08-14,3.159134,3.203521,3.159134,3.197546,148955883
2017-08-15,3.198399,3.218885,3.194131,3.206082,238628000
2017-08-16,3.202667,3.206935,3.183034,3.200960,88139928
2017-08-17,3.206082,3.226568,3.204374,3.225714,70331808
2017-08-18,3.215471,3.235104,3.205228,3.227421,72499742
2017-08-21,3.235957,3.248761,3.228275,3.241079,49078814
2017-08-22,3.240225,3.253029,3.231689,3.246200,72334729
2017-08-23,3.246200,3.268393,3.241078,3.254736,56394516
2017-08-24,3.254736,3.262419,3.233397,3.237664,76400150
2017-08-25,3.236811,3.294855,3.235957,3.294001,202389591
2017-08-28,3.296562,3.352899,3.296562,3.331559,229744938
2017-08-29,3.332413,3.334974,3.318755,3.324730,121835533
2017-08-30,3.323877,3.339242,3.319609,3.321316,83783479
2017-08-31,3.321316,3.329852,3.296562,3.315341,116677103
2017-09-01,3.315341,3.330706,3.307659,3.319609,90011878
2017-09-04,3.319609,3.334120,3.303391,3.331559,128022660
2017-09-05,3.331560,3.349485,3.328999,3.343510,70319888
2017-09-06,3.335827,3.344363,3.321316,3.333266,78784301
2017-09-07,3.335827,3.346070,3.317902,3.318755,51305517
2017-09-08,3.320463,3.332413,3.301684,3.315341,58651566
2017-09-11,3.319609,3.343510,3.312780,3.320463,76006016
2017-09-12,3.328998,3.340095,3.315341,3.328998,62323672
2017-09-13,3.330706,3.335827,3.316195,3.331559,59311179
2017-09-14,3.329852,3.341802,3.312780,3.320463,62545471
2017-09-15,3.318755,3.329852,3.309366,3.325584,92683628
2017-09-18,3.323023,3.354606,3.320462,3.338388,110703771
2017-09-19,3.339241,3.341802,3.305098,3.317048,88757581
2017-09-20,3.315341,3.336681,3.313634,3.332413,69777749
2017-09-21,3.332413,3.342656,3.321316,3.333266,120840286
2017-09-22,3.320463,3.328145,3.308512,3.323877,74723487
2017-09-25,3.319609,3.321316,3.303391,3.310220,84546032
2017-09-26,3.305951,3.313633,3.304244,3.311926,60566307
2017-09-27,3.311073,3.323877,3.306806,3.314488,54881178
2017-09-28,3.314488,3.323023,3.305952,3.319609,49663885
2017-09-29,3.319609,3.345216,3.319609,3.330705,88762589
2017-10-09,3.390457,3.401553,3.363996,3.365703,165313691
2017-10-10,3.363142,3.377653,3.346070,3.369971,141763845
2017-10-11,3.369970,3.387896,3.363995,3.382774,108213609
2017-10-12,3.381921,3.398139,3.376800,3.397286,110217642
2017-10-13,3.389603,3.404968,3.389603,3.404114,54857403
2017-10-16,3.404114,3.416918,3.391310,3.392164,105285388
2017-10-17,3.392164,3.398993,3.382775,3.390457,73448262
2017-10-18,3.389603,3.415211,3.389603,3.410943,95552332
2017-10-19,3.412650,3.412650,3.397286,3.401553,95638856
2017-10-20,3.398993,3.403261,3.391311,3.399847,51650766
2017-10-23,3.403261,3.412650,3.393871,3.410089,88406936
2017-10-24,3.402407,3.433136,3.400700,3.432283,93931730
2017-10-25,3.427161,3.447647,3.423747,3.443379,64082799
2017-10-26,3.444233,3.480084,3.437404,3.468134,140318002
2017-10-27,3.463866,3.486059,3.462159,3.485206,69986193
2017-10-30,3.487766,3.491181,3.430576,3.469841,155769168
2017-10-31,3.458744,3.471548,3.450208,3.467280,67683593
2017-11-01,3.466426,3.489473,3.451916,3.455330,129829402
2017-11-02,3.455330,3.462159,3.440819,3.461305,98210650
2017-11-03,3.457890,3.465573,3.429722,3.451915,112590577
2017-11-06,3.446794,3.484352,3.440819,3.482645,60852136
2017-11-07,3.481790,3.525324,3.480083,3.516788,103209215
2017-11-08,3.513373,3.546663,3.502277,3.509105,99446750
2017-11-09,3.505691,3.536421,3.501424,3.535567,121757350
2017-11-10,3.528738,3.572271,3.521910,3.567150,126033530
2017-11-13,3.568003,3.585075,3.565443,3.574832,88966535
2017-11-14,3.576540,3.579100,3.544103,3.547518,132724100
2017-11-15,3.541542,3.550078,3.515935,3.521910,255412300
2017-11-16,3.521056,3.558614,3.517641,3.555199,193305451
2017-11-17,3.549225,3.563736,3.535568,3.559468,188891042
2017-11-20,3.549225,3.588490,3.520203,3.587636,140347463
2017-11-21,3.582514,3.660191,3.576539,3.658484,172888221
2017-11-22,3.659337,3.691774,3.627754,3.657630,154947659
2017-11-23,3.652508,3.652508,3.533006,3.541542,299273363
2017-11-24,3.533006,3.561175,3.513374,3.544957,216014969
2017-11-27,3.533860,3.539835,3.485205,3.487766,273105200
2017-11-28,3.483498,3.508252,3.474108,3.503984,104832040
2017-11-29,3.507399,3.516788,3.457891,3.500570,119168219
2017-11-30,3.497156,3.504838,3.451915,3.460451,117615115
2017-12-01,3.459597,3.486912,3.448501,3.463012,84713268
2017-12-04,3.459598,3.492034,3.445087,3.477523,77888620
2017-12-05,3.468987,3.504838,3.468134,3.498863,81856493
2017-12-06,3.491181,3.491181,3.436551,3.472401,90833542
2017-12-07,3.468134,3.479230,3.421186,3.433136,89747869
2017-12-08,3.433136,3.475816,3.428868,3.466426,94170770
2017-12-11,3.465573,3.525324,3.465573,3.523617,92127790
2017-12-12,3.520203,3.520203,3.466426,3.468134,109485456
2017-12-13,3.468134,3.500570,3.462159,3.492888,115979105
2017-12-14,3.493741,3.503131,3.468134,3.481791,155910158
2017-12-15,3.472401,3.474109,3.432283,3.435697,92548743
2017-12-18,3.438258,3.463012,3.425454,3.436551,102803098
2017-12-19,3.439965,3.483498,3.439965,3.481791,105296944
2017-12-20,3.479231,3.489473,3.466426,3.474109,93004698
2017-12-21,3.467279,3.528738,3.465572,3.516788,241553329
2017-12-22,3.515081,3.519349,3.497156,3.500570,129764867
2017-12-25,3.503130,3.530445,3.475815,3.484351,170234108
2017-12-26,3.486912,3.503131,3.469841,3.494595,208995198
2017-12-27,3.495448,3.498009,3.433136,3.436551,208485856
2017-12-28,3.440819,3.480937,3.432283,3.468134,193950965
2017-12-29,3.470695,3.485206,3.460451,3.479231,108315943
2018-01-02,3.487766,3.532153,3.486059,3.530446,168876561
2018-01-03,3.530445,3.573125,3.527031,3.549224,126793328
2018-01-04,3.549225,3.568003,3.542396,3.560321,92220709
2018-01-05,3.567150,3.582515,3.555200,3.573978,127131673
2018-01-08,3.573125,3.597026,3.562028,3.588490,105696705
2018-01-09,3.588490,3.620073,3.582515,3.617512,107946072
2018-01-10,3.614097,3.636290,3.603000,3.632876,144965698
2018-01-11,3.626901,3.632876,3.612390,3.627755,98475059
2018-01-12,3.627755,3.650802,3.623487,3.647387,103574919
2018-01-15,3.647387,3.678970,3.637145,3.640559,157364726
2018-01-16,3.640558,3.679824,3.636291,3.677263,123183954
2018-01-17,3.678117,3.693481,3.654216,3.666167,158939722
2018-01-18,3.671288,3.701163,3.668727,3.690066,125086310
2018-01-19,3.691773,3.725917,3.689213,3.700309,218506460
2018-01-22,3.689213,3.749818,3.689213,3.747257,139873365
2018-01-23,3.755021,3.786076,3.752433,3.785213,158466266
2018-01-24,3.785213,3.795564,3.757609,3.787801,161345725
2018-01-25,3.785213,3.786938,3.744670,3.763647,154871983
2018-01-26,3.752433,3.807641,3.748120,3.782625,98413154
2018-01-29,3.791251,3.795565,3.701538,3.711027,214053187
2018-01-30,3.702400,3.717928,3.670483,3.673071,161687140
2018-01-31,3.662719,3.697224,3.657544,3.684285,166736854
2018-02-01,3.683423,3.698950,3.636841,3.658406,439073590
2018-02-02,3.631665,3.686010,3.612687,3.680835,212796141
2018-02-05,3.648055,3.681698,3.631665,3.677384,230839513
2018-02-06,3.623039,3.634253,3.567831,3.573869,313173133
2018-02-07,3.623039,3.630803,3.484156,3.489332,339517812
2018-02-08,3.485018,3.512622,3.434123,3.460865,312348562
2018-02-09,3.368563,3.382365,3.246933,3.301278,416837179
2018-02-12,3.309042,3.368564,3.298691,3.348723,193558868
2018-02-13,3.378915,3.434123,3.378915,3.389267,162462468
2018-02-14,3.399618,3.425497,3.387541,3.419458,93035624
2018-02-22,3.464315,3.496232,3.452238,3.490194,189064057
2018-02-23,3.497095,3.517799,3.478980,3.509172,157657247
2018-02-26,3.535051,3.565242,3.493645,3.554028,202772259
2018-02-27,3.560929,3.561792,3.497957,3.503133,211823291
2018-02-28,3.474667,3.497957,3.446200,3.467766,239224566
2018-03-01,3.450513,3.508309,3.444475,3.492782,118636949
2018-03-02,3.467766,3.487607,3.457414,3.469491,90614682
2018-03-05,3.472079,3.492782,3.441887,3.461727,96012470
2018-03-06,3.486743,3.514348,3.447925,3.513485,133593823
2018-03-07,3.510898,3.530738,3.477255,3.485018,139728541
2018-03-08,3.486743,3.522112,3.477255,3.520386,93207522
2018-03-09,3.526424,3.551440,3.514347,3.546265,111687110
2018-03-12,3.563517,3.578182,3.551441,3.556617,294989163
2018-03-13,3.554029,3.560067,3.516936,3.518661,143512766
2018-03-14,3.510897,3.523836,3.503133,3.506584,120903364
2018-03-15,3.502271,3.535051,3.495370,3.532463,100079431
2018-03-16,3.528150,3.541089,3.492782,3.493645,88323264
2018-03-19,3.492782,3.515210,3.475529,3.512623,80902013
2018-03-20,3.501408,3.521248,3.479842,3.510897,75493600
2018-03-21,3.524699,3.548853,3.485018,3.492782,129100272
2018-03-22,3.498821,3.510034,3.453101,3.461727,98444017
2018-03-23,3.364250,3.384091,3.299553,3.359075,278976065
2018-03-26,3.332333,3.352173,3.301278,3.343547,233957550
2018-03-27,3.382366,3.390129,3.351311,3.373739,143793379
2018-03-28,3.341822,3.367701,3.303004,3.305592,135099139
2018-03-29,3.318531,3.380640,3.271949,3.365976,193453972
2018-03-30,3.366838,3.377190,3.345273,3.360800,92303130
2018-04-02,3.361663,3.395305,3.346998,3.349586,177505995
2018-04-03,3.328883,3.345273,3.309905,3.328020,140985282
2018-04-04,3.335784,3.360800,3.315081,3.319394,102878409
2018-04-09,3.322844,3.342685,3.302141,3.323707,119199109
2018-04-10,3.327158,3.389267,3.323707,3.388404,159073409
2018-04-11,3.397030,3.413420,3.386679,3.392717,136495500
2018-04-12,3.391854,3.397030,3.356487,3.357349,96730312
2018-04-13,3.377190,3.387542,3.328020,3.334059,121246776
2018-04-16,3.328020,3.338371,3.270223,3.281438,114159639
2018-04-17,3.290927,3.295240,3.230543,3.233131,138299800
2018-04-18,3.261598,3.273674,3.200351,3.240032,212567660
2018-04-19,3.247796,3.294377,3.246933,3.285751,171495153
2018-04-20,3.275399,3.286614,3.228818,3.234856,163178579
2018-04-23,3.228818,3.268499,3.218466,3.248658,106409975
2018-04-24,3.255559,3.325432,3.255559,3.316806,179486723
2018-04-25,3.303003,3.309904,3.289201,3.296965,107213904
2018-04-26,3.301278,3.307317,3.226230,3.231405,127956877
2018-04-27,3.248658,3.251246,3.202076,3.238307,117876195
2018-05-02,3.252109,3.268499,3.227092,3.248658,113098000
2018-05-03,3.240032,3.279713,3.218466,3.267636,150087441
2018-05-04,3.265911,3.277125,3.246933,3.252109,111229369
2018-05-07,3.257284,3.308179,3.252109,3.304729,151975283
2018-05-08,3.308179,3.356486,3.303866,3.347860,188264393
2018-05-09,3.346998,3.347861,3.323707,3.338372,87267325
2018-05-10,3.347860,3.362525,3.331470,3.360800,99489112
2018-05-11,3.366838,3.372876,3.337509,3.340959,85096764
2018-05-14,3.347860,3.378052,3.347860,3.370288,180928713
2018-05-15,3.377190,3.383228,3.350448,3.383228,144488809
2018-05-16,3.371151,3.378915,3.348723,3.355624,87803478
2018-05-17,3.357350,3.361663,3.326295,3.327158,83591034
2018-05-18,3.331470,3.367701,3.315943,3.363387,191679213
2018-05-21,3.385816,3.400480,3.369426,3.379777,158257390
2018-05-22,3.379778,3.379778,3.345273,3.365976,84688776
2018-05-23,3.357349,3.358212,3.321119,3.321981,110004473
2018-05-24,3.321119,3.329745,3.291789,3.295240,121639995
2018-05-25,3.294378,3.311630,3.278851,3.287477,103168428
2018-05-28,3.294378,3.321119,3.278850,3.308180,91613409
2018-05-29,3.303867,3.312493,3.275400,3.277125,126385560
2018-05-30,3.245208,3.249521,3.214153,3.215016,144032281
2018-05-31,3.233131,3.283163,3.227955,3.280575,170193623
2018-06-01,3.265911,3.277125,3.243482,3.258147,121025470
2018-06-04,3.275400,3.293515,3.264186,3.290065,126079681
2018-06-05,3.286614,3.321119,3.280575,3.317668,104885997
2018-06-06,3.313355,3.320256,3.304729,3.311630,83502820
2018-06-07,3.323706,3.337509,3.304729,3.310767,109814321
2018-06-08,3.303866,3.303866,3.250383,3.266773,135333285
2018-06-11,3.252971,3.282300,3.252108,3.275399,76834934
2018-06-12,3.276262,3.319394,3.259872,3.308180,122168366
2018-06-13,3.296965,3.301278,3.269361,3.274537,114881661
2018-06-14,3.265048,3.296103,3.257284,3.265911,137252556
2018-06-15,3.260735,3.279713,3.243482,3.260735,130340300
2018-06-19,3.239170,3.239170,3.114951,3.148594,351576108
2018-06-20,3.137379,3.163258,3.109775,3.148594,249030285
2018-06-21,3.150318,3.188274,3.117538,3.122714,333719959
2018-06-22,3.114088,3.137379,3.081308,3.136516,154260956
2018-06-25,3.146868,3.152044,3.091660,3.092522,115424451
2018-06-26,3.063193,3.080446,3.025237,3.062330,202340188
2018-06-27,3.064918,3.070957,2.982106,2.989870,200894524
2018-06-28,2.976068,3.018337,2.967442,2.972617,162531044
2018-06-29,2.975205,3.056292,2.975205,3.051116,170604955
2018-07-02,3.045940,3.049391,2.937249,2.970029,212198117
2018-07-03,2.969166,2.978655,2.888942,2.958815,361552434
2018-07-04,2.952777,2.967442,2.923447,2.927761,126890878
2018-07-05,2.928623,2.956227,2.898431,2.903607,172621249
2018-07-06,2.908783,2.959678,2.872552,2.928623,235437839
2018-07-09,2.941562,3.016611,2.941562,3.014023,229957247
2018-07-10,3.019199,3.025237,2.992457,3.021787,145734481
2018-07-11,2.967442,2.984694,2.932074,2.971755,195431757
2018-07-12,2.970029,3.058880,2.968304,3.043353,208933958
2018-07-13,3.044215,3.056292,3.033864,3.048528,132747563
2018-07-16,3.045940,3.070094,3.024375,3.035589,126517900
2018-07-17,3.032139,3.035589,2.993320,3.016611,121537372
2018-07-18,3.020924,3.049391,3.001946,3.002809,127613656
2018-07-19,3.018337,3.038177,2.991595,3.004534,141953100
2018-07-20,3.002809,3.075270,2.979518,3.062330,193402166
2018-07-23,3.045078,3.089935,3.036452,3.082171,173776124
2018-07-24,3.089072,3.154632,3.089072,3.139104,260280530
2018-07-25,3.139967,3.144280,3.123577,3.138242,202257308
2018-07-26,3.135654,3.147731,3.089935,3.097698,155486234
2018-07-27,3.093385,3.108912,3.079583,3.089935,87662456
2018-07-30,3.089072,3.111500,3.057154,3.072682,159982013
2018-07-31,3.068369,3.100286,3.064918,3.083896,105773714
2018-08-01,3.101149,3.113226,3.014023,3.014886,269610753
2018-08-02,3.005397,3.007985,2.913959,2.947601,270606239
2018-08-03,2.946738,2.958815,2.905332,2.906195,167573565
2018-08-06,2.906195,2.932936,2.857887,2.876003,222204999
2018-08-07,2.881179,2.957952,2.866514,2.956227,225098060
2018-08-08,2.951052,2.951914,2.901019,2.913096,197563683
2018-08-09,2.902744,2.992458,2.901019,2.982969,229221996
2018-08-10,2.978656,3.003672,2.963991,2.988144,137674358
2018-08-13,2.958815,2.982969,2.926035,2.975205,170754010
2018-08-14,2.972617,2.976930,2.943288,2.962266,97181092
2018-08-15,2.960540,2.962265,2.885491,2.891530,151489700
2018-08-16,2.872552,2.913096,2.839772,2.879453,207748996
2018-08-17,2.900156,2.903607,2.827696,2.835459,180110413
2018-08-20,2.842360,2.868239,2.820794,2.865651,204679525
2018-08-21,2.864788,2.929485,2.864788,2.914821,232249206
2018-08-22,2.919996,2.919996,2.894980,2.909645,116553337
2018-08-23,2.911371,2.935524,2.885492,2.918272,245065534
2018-08-24,2.913096,2.946738,2.888942,2.922585,203133054
2018-08-27,2.928623,2.996771,2.928623,2.995908,224129105
2018-08-28,2.996770,3.005397,2.978655,2.987282,143206281
2018-08-29,2.983831,2.987282,2.968304,2.976068,132357316
2018-08-30,2.976068,2.991595,2.941563,2.946738,162923699
2018-08-31,2.934662,2.953640,2.908783,2.924310,149124071
2018-09-03,2.920859,2.928623,2.890668,2.918272,140562775
2018-09-04,2.917409,2.965716,2.907057,2.952776,174997837
2018-09-05,2.941563,2.946738,2.891530,2.892393,195263963
2018-09-06,2.890667,2.913958,2.858750,2.867376,213334039
2018-09-07,2.876003,2.919134,2.857887,2.886354,185057798
2018-09-10,2.875140,2.883766,2.841498,2.844948,160330584
2018-09-11,2.845811,2.858750,2.824245,2.834597,225378210
2018-09-12,2.833734,2.838910,2.811306,2.814756,206182200
2018-09-13,2.843223,2.859613,2.809580,2.844948,259771423
2018-09-14,2.848399,2.859613,2.836322,2.849261,175624021
2018-09-17,2.833734,2.838909,2.815618,2.822520,115650820
2018-09-18,2.813031,2.880316,2.812168,2.876865,236746841
2018-09-19,2.872552,2.938975,2.866514,2.915684,446329246
2018-09-20,2.915684,2.944151,2.907920,2.913959,244090449
2018-09-21,2.922585,3.007122,2.913096,3.005397,477366017
2018-09-25,2.973480,2.982969,2.958815,2.975205,208980617
2018-09-26,2.976067,3.033001,2.974342,3.007985,301578428
2018-09-27,2.997633,3.007985,2.984694,2.995045,231202883
2018-09-28,2.999359,3.029551,2.995908,3.026100,302266815
2018-10-08,2.959677,2.962265,2.881178,2.882041,429904746
2018-10-09,2.888080,2.907920,2.877728,2.888080,196570044
2018-10-10,2.890667,2.913958,2.858750,2.886354,263664079
2018-10-11,2.803542,2.822520,2.717279,2.737982,667556837
2018-10-12,2.741433,2.802680,2.726768,2.788877,500732547
2018-10-15,2.794053,2.796641,2.745746,2.748334,292629244
2018-10-16,2.751785,2.784564,2.719867,2.730219,493884019
2018-10-17,2.764724,2.773350,2.695713,2.739707,643736526
2018-10-18,2.721592,2.730219,2.678461,2.679324,593291440
2018-10-19,2.665521,2.760411,2.650857,2.747471,673105315
2018-10-22,2.803542,2.907057,2.760411,2.892393,934186388
2018-10-23,2.889805,2.891530,2.779388,2.794916,859975998
2018-10-24,2.791465,2.854437,2.785427,2.799229,530668997
2018-10-25,2.734532,2.817344,2.726768,2.813031,528384552
2018-10-26,2.819069,2.833734,2.762998,2.784564,449965791
2018-10-29,2.776801,2.782839,2.682774,2.700889,408324867
2018-10-30,2.692263,2.762135,2.681049,2.732806,546588034
2018-10-31,2.738845,2.788877,2.729356,2.764724,379812449
2018-11-01,2.795778,2.829421,2.779388,2.784564,517841018
2018-11-02,2.889805,2.913958,2.832009,2.901019,857183305
2018-11-05,2.881178,2.884629,2.834597,2.863926,451180900
2018-11-06,2.853574,2.859613,2.818206,2.845811,337071814
2018-11-07,2.848398,2.877728,2.819932,2.822520,392048742
2018-11-08,2.850124,2.857025,2.816482,2.819932,312186607
2018-11-09,2.804404,2.806130,2.782839,2.784564,300641309
2018-11-12,2.777663,2.819932,2.773350,2.815619,347471891
2018-11-13,2.784564,2.861338,2.780251,2.844948,449938160
2018-11-14,2.836322,2.844085,2.803542,2.810443,341269217
2018-11-15,2.810443,2.848398,2.807855,2.847536,334424552
2018-11-16,2.851849,2.884629,2.827696,2.856162,415306733
2018-11-19,2.855300,2.888942,2.849261,2.888080,365042287
2018-11-20,2.869102,2.876003,2.815619,2.825108,382519118
2018-11-21,2.799228,2.834596,2.797503,2.827695,289117040
2018-11-22,2.833734,2.835459,2.800092,2.819932,322232716
2018-11-23,2.814756,2.817344,2.743158,2.746608,367248738
2018-11-26,2.754372,2.777663,2.737982,2.750921,426056068
2018-11-27,2.761273,2.771625,2.739708,2.748334,279828903
2018-11-28,2.749196,2.793190,2.743158,2.789740,251727744
2018-11-29,2.804404,2.812168,2.760410,2.762136,203787998
2018-11-30,2.760411,2.791465,2.752647,2.790603,269127077
2018-12-03,2.869964,2.880316,2.839772,2.863063,592549035
2018-12-04,2.858750,2.871690,2.848399,2.867376,220401803
2018-12-05,2.836322,2.870827,2.832871,2.854437,269428273
2018-12-06,2.830283,2.830283,2.792328,2.796641,435470972
2018-12-07,2.798366,2.804405,2.790603,2.790603,192426645
2018-12-10,2.771625,2.786289,2.753509,2.764724,260128623
2018-12-11,2.771625,2.778526,2.760411,2.775938,151831888
2018-12-12,2.790602,2.800092,2.775075,2.785427,209047639
2018-12-13,2.790602,2.845810,2.786289,2.832871,417723230
2018-12-14,2.823382,2.824245,2.781114,2.783701,300148418
2018-12-17,2.778526,2.788878,2.757823,2.780251,350731460
2018-12-18,2.766449,2.786289,2.734532,2.745746,327863254
2018-12-19,2.748334,2.754372,2.711241,2.717279,291027768
2018-12-20,2.711241,2.722455,2.676735,2.697439,346518081
2018-12-21,2.690537,2.692263,2.646543,2.663796,386498126
2018-12-24,2.654307,2.672422,2.644818,2.669834,241440710
2018-12-25,2.645681,2.665522,2.610313,2.653445,403131569
2018-12-26,2.645681,2.661208,2.631879,2.638780,216459817
2018-12-27,2.671560,2.675873,2.627566,2.632742,235347582
2018-12-28,2.637917,2.662933,2.627566,2.638780,389266656
2019-01-02,2.648269,2.648269,2.595649,2.602550,350934863
2019-01-03,2.601687,2.640506,2.596511,2.602550,268176241
2019-01-04,2.588747,2.670697,2.585297,2.668972,479847743
2019-01-07,2.588748,2.689675,2.666384,2.680186,416831608
2019-01-08,2.680186,2.682774,2.668972,2.680186,197084842
2019-01-09,2.690538,2.742296,2.689675,2.700027,439688193
2019-01-10,2.699164,2.720729,2.686224,2.702614,247692317
2019-01-11,2.700889,2.730218,2.699164,2.722455,251368241
2019-01-14,2.721592,2.721592,2.693126,2.699164,203912053
2019-01-15,2.702615,2.751785,2.696576,2.750059,351830119
2019-01-16,2.751817,2.752696,2.736876,2.750059,187728100
2019-01-17,2.750059,2.764121,2.733360,2.735117,238176691
2019-01-18,2.743028,2.790488,2.743028,2.782578,388985926
2019-01-21,2.782578,2.812460,2.779941,2.797519,285184899
2019-01-22,2.792246,2.792246,2.755333,2.762364,254310704
2019-01-23,2.755332,2.779062,2.748301,2.755332,225512623
2019-01-24,2.758848,2.783457,2.740391,2.776426,254376976
2019-01-25,2.779062,2.815097,2.779062,2.797519,272285916
2019-01-28,2.809824,2.837948,2.786972,2.794003,296695511
2019-01-29,2.787852,2.815097,2.768516,2.806309,358790006
2019-01-30,2.793125,2.815097,2.785215,2.787851,212926833
2019-01-31,2.798398,2.826522,2.793124,2.814218,334294802
2019-02-01,2.829159,2.862557,2.814218,2.860800,351264883
2019-02-11,2.852010,2.904744,2.840585,2.900350,387253735
2019-02-12,2.899471,2.927596,2.895076,2.921443,372881020
2019-02-13,2.925838,2.997028,2.920564,2.982087,427801646
2019-02-14,2.978571,3.000544,2.970661,2.985603,379756065
2019-02-15,2.971540,2.983844,2.931990,2.936384,447946854
2019-02-18,2.955720,3.023395,2.955720,3.021637,471106363
2019-02-19,3.027790,3.050641,2.997907,3.013727,678230531
2019-02-20,3.020758,3.034821,3.001423,3.021637,611614499
2019-02-21,3.022516,3.065582,3.004059,3.018122,635292922
2019-02-22,3.013727,3.100738,2.997028,3.098980,592121710
2019-02-25,3.146440,3.322218,3.128862,3.317824,1151319843
2019-02-26,3.290579,3.302883,3.228177,3.243119,782003578
2019-02-27,3.242239,3.272122,3.190384,3.225540,599435862
2019-02-28,3.224662,3.240482,3.201811,3.219389,462897908
2019-03-01,3.243118,3.294973,3.214115,3.285305,652737527
2019-03-04,3.313430,3.406593,3.295852,3.319582,660330540
2019-03-05,3.316945,3.352101,3.305520,3.347707,443103496
2019-03-06,3.347707,3.383742,3.316946,3.370558,580495917
2019-03-07,3.366164,3.370558,3.307278,3.333645,618420999
2019-03-08,3.264212,3.304641,3.208841,3.217630,536077631
2019-03-11,3.217631,3.271243,3.205326,3.260696,452305971
2019-03-12,3.285305,3.333645,3.258938,3.282669,530745016
2019-03-13,3.285305,3.294094,3.245755,3.263333,483233618
2019-03-14,3.256302,3.279153,3.223783,3.239603,354622924
2019-03-15,3.248392,3.320461,3.248392,3.282669,387005565
2019-03-18,3.283547,3.385499,3.273879,3.383741,571415655
2019-03-19,3.385499,3.394288,3.344191,3.359132,397086476
2019-03-20,3.355617,3.380226,3.322219,3.359132,327893321
2019-03-21,3.362648,3.387257,3.348585,3.360890,380012707
2019-03-22,3.360011,3.372316,3.315188,3.365284,302384437
2019-03-25,3.311672,3.336281,3.275637,3.281790,435950896
2019-03-26,3.294094,3.302883,3.232571,3.247513,320140031
2019-03-27,3.259818,3.285305,3.252786,3.275638,350739341
2019-03-28,3.264212,3.290578,3.250149,3.266848,256884436
2019-03-29,3.273880,3.408351,3.273880,3.400440,634401638
2019-04-01,3.422413,3.491845,3.422413,3.488330,691035684
2019-04-02,3.490088,3.505029,3.468115,3.482177,383940043
2019-04-03,3.462842,3.541063,3.458447,3.528759,542017944
2019-04-04,3.539306,3.578856,3.521728,3.570067,521370108
2019-04-08,3.601707,3.628074,3.516454,3.547215,763948328
2019-04-09,3.552489,3.582372,3.534032,3.568309,371223765
2019-04-10,3.552489,3.608738,3.529638,3.573582,385994627
2019-04-11,3.573583,3.589403,3.491846,3.512060,502104128
2019-04-12,3.500634,3.513818,3.474268,3.499756,282398882
2019-04-15,3.554247,3.580614,3.476904,3.477783,722580318
2019-04-16,3.461084,3.585008,3.457568,3.583250,669085202
2019-04-17,3.582372,3.600828,3.552489,3.574461,418151517
2019-04-18,3.574461,3.586766,3.556005,3.568309,356951847
2019-04-19,3.570946,3.621042,3.541063,3.621042,457838576
2019-04-22,3.621043,3.621043,3.515576,3.530517,577508653
2019-04-23,3.519970,3.560399,3.510302,3.524364,353200067
2019-04-24,3.532275,3.543700,3.474268,3.529638,463122649
2019-04-25,3.515575,3.524365,3.454932,3.456690,378555556
2019-04-26,3.444385,3.461084,3.402198,3.409229,628809844
2019-05-06,3.320461,3.331008,3.199174,3.228178,1214522745
2019-05-07,3.241360,3.279153,3.222904,3.258060,483599688
2019-05-08,3.214115,3.266849,3.201810,3.215873,475372780
2019-05-09,3.194779,3.209720,3.136772,3.170170,554053021
2019-05-10,3.194779,3.276517,3.140288,3.269485,671996480
2019-05-13,3.238724,3.241361,3.200932,3.209721,425777021
2019-05-14,3.190385,3.231693,3.184232,3.193900,290068555
2019-05-15,3.218509,3.287063,3.218509,3.262454,357513759
2019-05-16,3.258060,3.282669,3.243997,3.278274,247437408
2019-05-17,3.278274,3.281790,3.190385,3.204447,315390766
2019-05-20,3.193900,3.202689,3.142924,3.169291,388224753
2019-05-21,3.168412,3.238724,3.167534,3.208842,350382927
2019-05-22,3.211478,3.219388,3.181596,3.200932,283508032
2019-05-23,3.185991,3.192143,3.144683,3.149956,310608303
2019-05-24,3.151713,3.184232,3.140287,3.155229,299409208
2019-05-27,3.156108,3.207084,3.123589,3.193022,435101077
2019-05-28,3.188627,3.232572,3.185991,3.207963,385067256
2019-05-29,3.199174,3.243119,3.192143,3.209721,292852624
2019-05-30,3.204447,3.211479,3.170171,3.207963,305426373
2019-05-31,3.200931,3.229935,3.189506,3.192142,276030098
2019-06-03,3.203568,3.236087,3.175444,3.199174,330813060
2019-06-04,3.196537,3.203568,3.156987,3.170170,326322903
2019-06-05,3.192143,3.199174,3.160502,3.163139,328564451
2019-06-06,3.163139,3.171049,3.135014,3.135893,366067403
2019-06-10,3.146440,3.194779,3.143803,3.176322,335497545
2019-06-11,3.181596,3.283548,3.181596,3.275638,466796339
2019-06-12,3.271243,3.271243,3.243997,3.251029,259724900
2019-06-13,3.247513,3.261575,3.216751,3.244876,301229173
2019-06-14,3.246634,3.266848,3.214993,3.225540,344513947
2019-06-17,3.220267,3.251029,3.216752,3.228178,235206148
2019-06-18,3.232572,3.244876,3.205326,3.235208,265370585
2019-06-19,3.315188,3.345949,3.280032,3.282669,628901479
2019-06-20,3.281789,3.405713,3.280032,3.377589,660928446
2019-06-21,3.388136,3.410108,3.368800,3.383741,421955172
2019-06-24,3.388136,3.400441,3.367922,3.389015,307454039
2019-06-25,3.388136,3.388136,3.313430,3.354738,505703429
2019-06-26,3.335402,3.366163,3.331008,3.355617,240208406
2019-06-27,3.357374,3.410108,3.357374,3.392530,473076803
2019-06-28,3.392530,3.392530,3.365285,3.391652,386269026
2019-07-01,3.447022,3.484814,3.436475,3.475147,510266004
2019-07-02,3.475146,3.485693,3.460205,3.480420,333843577
2019-07-03,3.472510,3.472510,3.438233,3.451416,251838500
2019-07-04,3.445264,3.461963,3.407471,3.428565,386021727
2019-07-05,3.427686,3.453174,3.417139,3.446143,236203923
2019-07-08,3.430323,3.430323,3.339797,3.367043,422531310
2019-07-09,3.371437,3.378468,3.345070,3.359132,218346083
2019-07-10,3.370558,3.381984,3.348586,3.360011,174479315
2019-07-11,3.373195,3.403077,3.348585,3.360890,234524437
2019-07-12,3.358253,3.401319,3.356495,3.388136,246010770
2019-07-15,3.375832,3.428565,3.331008,3.400440,448461100
2019-07-16,3.395167,3.406593,3.379347,3.386378,182887400
2019-07-17,3.376710,3.397804,3.364406,3.381105,219966800
2019-07-18,3.369679,3.374073,3.357374,3.359132,230549411
2019-07-19,3.367921,3.412745,3.367921,3.394288,319938127
2019-07-22,3.394288,3.403077,3.348586,3.367921,308863238
2019-07-23,3.371437,3.379347,3.359132,3.375831,167029018
2019-07-24,3.387257,3.427686,3.385499,3.403077,297445389
2019-07-25,3.402198,3.434717,3.397803,3.433838,233629586
2019-07-26,3.418897,3.446143,3.416261,3.438233,285790892
2019-07-29,3.436475,3.439990,3.420655,3.432959,247102162
2019-07-30,3.436475,3.470752,3.435596,3.448780,239654855
2019-07-31,3.437354,3.439991,3.416261,3.424170,216422852
2019-08-01,3.409229,3.417139,3.379347,3.392530,312465662
2019-08-02,3.331008,3.348585,3.316066,3.340676,490613929
2019-08-05,3.326613,3.331887,3.278274,3.282669,354214662
2019-08-06,3.230814,3.255423,3.196537,3.248392,583702695
2019-08-07,3.256302,3.261575,3.223782,3.227298,278581169
2019-08-08,3.248392,3.278274,3.248392,3.274759,280984950
2019-08-09,3.286185,3.291458,3.242240,3.249271,210963917
2019-08-12,3.258939,3.302883,3.252786,3.301126,180115577
2019-08-13,3.275637,3.287063,3.262454,3.273001,155348999
2019-08-14,3.312551,3.316945,3.284426,3.285305,193700550
2019-08-15,3.234330,3.303762,3.230814,3.298489,244306152
2019-08-16,3.296731,3.335403,3.287942,3.312551,257412533
2019-08-19,3.338039,3.392530,3.322219,3.391652,327943205
2019-08-20,3.384620,3.396924,3.375831,3.377589,206912094
2019-08-21,3.375831,3.385499,3.371437,3.376710,242245207
2019-08-22,3.385499,3.388136,3.366163,3.383741,264778500
2019-08-23,3.386378,3.420655,3.377589,3.407472,285682076
2019-08-26,3.360011,3.380226,3.353859,3.369679,267490225
2019-08-27,3.382863,3.439991,3.381105,3.404835,366176008
2019-08-28,3.403956,3.412745,3.386378,3.394288,173957985
2019-08-29,3.398683,3.400440,3.364406,3.384620,233928253
2019-08-30,3.406593,3.425049,3.371437,3.393409,276281765
2019-09-02,3.391651,3.447901,3.390773,3.431202,301944194
2019-09-03,3.436475,3.439991,3.421534,3.434717,231345288
2019-09-04,3.435596,3.479541,3.434717,3.477783,293760544
2019-09-05,3.490088,3.557762,3.490088,3.510302,527401698
2019-09-06,3.521728,3.535790,3.508544,3.535790,264029381
2019-09-09,3.557762,3.565673,3.530517,3.548095,282845401
2019-09-10,3.545458,3.550731,3.519970,3.538427,168692850
2019-09-11,3.548974,3.550731,3.510302,3.512939,304195543
2019-09-12,3.524364,3.557762,3.519091,3.548973,217205516
2019-09-16,3.556005,3.556884,3.519091,3.536669,181849801
2019-09-17,3.531396,3.532274,3.461963,3.472510,381079011
2019-09-18,3.485693,3.502392,3.479541,3.487451,201031097
2019-09-19,3.501513,3.505029,3.476904,3.504150,242177803
2019-09-20,3.510302,3.519091,3.502392,3.509423,232504313
2019-09-23,3.499755,3.500634,3.459326,3.478662,289892128
2019-09-24,3.480420,3.512939,3.475147,3.481299,211482034
2019-09-25,3.475146,3.478662,3.455810,3.457568,234976431
2019-09-26,3.470752,3.478662,3.431201,3.433838,317094917
2019-09-27,3.439112,3.447901,3.427686,3.441749,267734088
2019-09-30,3.436475,3.444385,3.396046,3.400440,263288381
2019-10-08,3.404835,3.446143,3.404835,3.422413,323423873
2019-10-09,3.414503,3.433838,3.395167,3.432081,250789659
2019-10-10,3.430323,3.462842,3.418018,3.456690,236335248
2019-10-11,3.463720,3.509423,3.451416,3.498876,306020073
2019-10-14,3.517333,3.559520,3.513817,3.524364,395654617
2019-10-15,3.523486,3.527880,3.511181,3.512939,295000513
2019-10-16,3.517333,3.542821,3.497998,3.500634,314366343
2019-10-17,3.504150,3.517333,3.495361,3.505908,193642784
2019-10-18,3.507665,3.520849,3.446143,3.454932,308143071
2019-10-21,3.447022,3.465479,3.442627,3.462842,184939266
2019-10-22,3.469873,3.483935,3.454053,3.476025,164134229
2019-10-23,3.476904,3.481298,3.447021,3.457568,147826200
2019-10-24,3.458447,3.475146,3.439112,3.461963,202167106
2019-10-25,3.456690,3.487451,3.435596,3.483056,250290767
2019-10-28,3.489209,3.508544,3.482177,3.503271,267434287
2019-10-29,3.505908,3.505908,3.488330,3.491846,209553585
2019-10-30,3.485693,3.489209,3.461963,3.468994,262846100
2019-10-31,3.476904,3.484814,3.459326,3.467236,192782765
2019-11-01,3.462842,3.539305,3.457568,3.538427,320651363
2019-11-04,3.537548,3.556884,3.535790,3.549853,235968262
2019-11-05,3.549853,3.604344,3.543700,3.570067,352935688
2019-11-06,3.568309,3.573583,3.544579,3.555126,205938945
2019-11-07,3.555126,3.580613,3.544579,3.559520,237722500
2019-11-08,3.585887,3.589403,3.541943,3.545458,297216299
2019-11-11,3.527001,3.527001,3.480420,3.486572,347068934
2019-11-12,3.482177,3.497119,3.461084,3.482177,330054660
2019-11-13,3.477783,3.484814,3.464600,3.479541,202016501
2019-11-14,3.479541,3.494482,3.473389,3.482177,238587713
2019-11-15,3.483057,3.497119,3.462842,3.465479,187791494
2019-11-18,3.463721,3.496240,3.455811,3.490088,240875274
2019-11-19,3.488330,3.527001,3.483057,3.525244,237888988
2019-11-20,3.524365,3.524365,3.479541,3.489209,216610292
2019-11-21,3.480420,3.486572,3.460205,3.471631,244840685
2019-11-22,3.479541,3.503271,3.422413,3.434717,354707168
2019-11-25,3.440870,3.460206,3.430323,3.459327,252457634
2019-11-26,3.468994,3.476905,3.448780,3.464600,285821518
2019-11-27,3.462842,3.475147,3.446143,3.459327,211239168
2019-11-28,3.459326,3.473388,3.442627,3.454053,169480950
2019-11-29,3.447022,3.452295,3.399561,3.416260,302917100
2019-12-02,3.419776,3.437354,3.416260,3.423291,174355701
2019-12-03,3.415381,3.439112,3.401319,3.437354,198551900
2019-12-04,3.427686,3.439991,3.417140,3.439112,158939610
2019-12-05,3.446143,3.470752,3.445264,3.464600,219206401
2019-12-06,3.466357,3.486572,3.461963,3.486572,213071653
2019-12-09,3.485693,3.493603,3.464600,3.474268,232220816
2019-12-10,3.468115,3.481298,3.463720,3.476904,186995451
2019-12-11,3.484047,3.485833,3.467082,3.483155,170498912
2019-12-12,3.483154,3.485833,3.468868,3.470654,137151900
2019-12-13,3.503691,3.549228,3.502798,3.542978,436082930
2019-12-16,3.542085,3.560836,3.527799,3.553693,302848303
2019-12-17,3.551907,3.632266,3.548335,3.609051,525630459
2019-12-18,3.609945,3.622445,3.591194,3.594766,363117684
2019-12-19,3.598337,3.601016,3.582265,3.590301,264192000
2019-12-20,3.588515,3.612623,3.584051,3.585836,328779836
2019-12-23,3.584943,3.600123,3.537620,3.539406,447144760
2019-12-24,3.540299,3.565300,3.539406,3.558157,312792100
2019-12-25,3.558156,3.568871,3.547442,3.564407,310578426
2019-12-26,3.561729,3.594765,3.559943,3.590301,332255940
2019-12-27,3.593873,3.632266,3.585836,3.586730,436813014
2019-12-30,3.576908,3.650124,3.571550,3.638517,542381449
2019-12-31,3.633159,3.659946,3.626909,3.657268,352185905
2020-01-02,3.678697,3.726913,3.677804,3.704591,627623614
2020-01-03,3.710841,3.716199,3.690305,3.696555,469673776
2020-01-06,3.684054,3.724234,3.655482,3.681376,666504783
2020-01-07,3.691197,3.714412,3.685839,3.709948,464959514
2020-01-08,3.673339,3.673339,3.673339,3.673339,562852067
2020-01-09,3.694768,3.718876,3.691197,3.712626,394431722
2020-01-10,3.718877,3.728698,3.700126,3.711734,379555000
2020-01-13,3.751914,3.754592,3.751914,3.751914,373639185
2020-01-14,3.735842,3.735842,3.735842,3.735842,409962842
2020-01-15,3.735842,3.741199,3.701019,3.707269,319607409
2020-01-16,3.713519,3.717091,3.692090,3.701912,416297801
2020-01-17,3.707269,3.727806,3.693876,3.706376,321627384
2020-01-20,3.710841,3.734949,3.698341,3.733163,353488249
2020-01-21,3.717091,3.717091,3.660839,3.665303,618294600
2020-01-22,3.651018,3.690305,3.601909,3.677804,907393261
2020-01-23,3.643874,3.651910,3.532263,3.567979,753583400
2020-02-03,3.330471,3.335828,3.246539,3.267076,1471075772
2020-02-04,3.259040,3.371544,3.258147,3.366186,735843705
2020-02-05,3.378686,3.442081,3.364400,3.399223,553287488
2020-02-06,3.413509,3.493869,3.390294,3.479583,527965212
2020-02-07,3.455475,3.475118,3.432260,3.471547,346989051
2020-02-10,3.453689,3.491191,3.438510,3.483155,398519147
2020-02-11,3.490298,3.535835,3.488512,3.520656,422258801
2020-02-12,3.517084,3.551014,3.509048,3.545656,290783451
2020-02-13,3.544763,3.558156,3.516191,3.526906,325961046
2020-02-14,3.522441,3.567086,3.520656,3.551014,313979347
2020-02-17,3.559050,3.634052,3.559050,3.628695,581140084
2020-02-18,3.622445,3.626909,3.582265,3.606373,709950982
2020-02-19,3.603694,3.633160,3.597444,3.607266,440377238
2020-02-20,3.620659,3.700126,3.606373,3.688519,605241099
2020-02-21,3.681376,3.730484,3.676018,3.701019,444470153
2020-02-24,3.681375,3.692983,3.644767,3.671553,372727289
2020-02-25,3.617088,3.675125,3.582265,3.664411,603830762
2020-02-26,3.628695,3.676911,3.614409,3.634053,641793391
2020-02-27,3.645660,3.658160,3.626016,3.634945,475330532
2020-02-28,3.580479,3.588515,3.503691,3.511727,560071042
2020-03-02,3.525120,3.651910,3.525120,3.639410,426683708
2020-03-03,3.676018,3.695662,3.620659,3.636731,408776061
2020-03-04,3.629588,3.664410,3.614409,3.662625,295453297
2020-03-05,3.706376,3.757271,3.670661,3.750128,547831292
2020-03-06,3.718877,3.722448,3.676018,3.679590,249987730
2020-03-09,3.632266,3.632266,3.554585,3.562621,423642354
2020-03-10,3.564407,3.650124,3.520656,3.641196,859648156
2020-03-11,3.641195,3.641195,3.579586,3.581372,703269381
2020-03-12,3.547442,3.549228,3.499226,3.525120,388119218
2020-03-13,3.422438,3.509048,3.348328,3.472440,717892899
2020-03-16,3.468868,3.468868,3.317970,3.326899,571080084
2020-03-17,3.356364,3.382258,3.227789,3.297434,985255849
2020-03-18,3.309041,3.359936,3.237610,3.242075,783304767
2020-03-19,3.244753,3.256361,3.117963,3.210824,1248163833
2020-03-20,3.225110,3.265290,3.198323,3.253682,678689518
2020-03-23,3.160822,3.198323,3.136714,3.148322,807278071
2020-03-24,3.204574,3.234932,3.157251,3.224217,832898539
2020-03-25,3.297434,3.322434,3.276897,3.309041,1010026400
2020-03-26,3.288505,3.323327,3.276897,3.288505,355654180
2020-03-27,3.329578,3.351900,3.301898,3.303684,491544293
2020-03-30,3.267075,3.290291,3.241182,3.273326,497134429
2020-03-31,3.306362,3.309041,3.267968,3.276004,374003032
2020-04-01,3.271540,3.324220,3.262611,3.279576,355438884
2020-04-02,3.266183,3.328685,3.251004,3.324220,463048932
2020-04-03,3.312613,3.325113,3.288505,3.301005,324717000
2020-04-07,3.357257,3.386722,3.355471,3.375115,546740521
2020-04-08,3.362614,3.374222,3.350114,3.361722,221917490
2020-04-09,3.376007,3.382258,3.366186,3.371543,328543624
2020-04-10,3.371543,3.403687,3.344757,3.360829,464247186
2020-04-13,3.348328,3.355471,3.332257,3.342078,246696932
2020-04-14,3.357257,3.400116,3.352793,3.397437,376124777
2020-04-15,3.395652,3.405473,3.376008,3.377794,239200804
2020-04-16,3.366186,3.390294,3.362615,3.379580,227317249
2020-04-17,3.405473,3.433153,3.401902,3.409938,570480887
2020-04-20,3.416188,3.425117,3.404580,3.424224,382296046
2020-04-21,3.410830,3.415295,3.366186,3.388508,292757173
2020-04-22,3.371544,3.419760,3.367972,3.418867,345671032
2020-04-23,3.421545,3.430474,3.403687,3.412616,201520738
2020-04-24,3.399223,3.403687,3.373329,3.384044,305829499
2020-04-27,3.385829,3.422438,3.381365,3.399223,309460942
2020-04-28,3.410830,3.432260,3.353686,3.420652,422865548
2020-04-29,3.416188,3.451010,3.413509,3.438510,277834908
2020-04-30,3.453689,3.496547,3.449224,3.489404,527998051
2020-05-06,3.451011,3.505477,3.446546,3.498334,383453463
2020-05-07,3.498333,3.504584,3.481369,3.492083,274638833
2020-05-08,3.508155,3.546549,3.506370,3.529585,370674288
2020-05-11,3.534942,3.564407,3.513512,3.523334,412309647
2020-05-12,3.524227,3.535835,3.497441,3.522441,586605193
2020-05-13,3.511727,3.535835,3.500119,3.530477,278396942
2020-05-14,3.517977,3.517977,3.497441,3.501012,300179639
2020-05-15,3.507262,3.517977,3.483154,3.484047,543570346
2020-05-18,3.483155,3.516191,3.475119,3.494762,302052954
2020-05-19,3.526906,3.533156,3.510834,3.520656,278121100
2020-05-20,3.517977,3.521549,3.500119,3.506370,197561343
2020-05-21,3.511727,3.517977,3.481369,3.483155,236523366
2020-05-22,3.480476,3.480476,3.404580,3.406366,532861629
2020-05-25,3.403687,3.418866,3.390294,3.408152,250559675
2020-05-26,3.423331,3.451903,3.423331,3.449224,475110838
2020-05-27,3.449225,3.450118,3.422438,3.433153,231199608
2020-05-28,3.434938,3.467975,3.406366,3.437617,284073116
2020-05-29,3.419759,3.452796,3.413509,3.451903,246295720
2020-06-01,3.483155,3.550121,3.477797,3.542978,350928902
2020-06-02,3.542978,3.561728,3.535835,3.552799,162838185
2020-06-03,3.569764,3.589408,3.550121,3.551907,365752469
2020-06-04,3.563514,3.567086,3.540299,3.553693,281384424
2020-06-05,3.552800,3.575122,3.540299,3.574229,201359632
2020-06-08,3.589408,3.613516,3.582265,3.591194,285603662
2020-06-09,3.592980,3.616195,3.583158,3.615302,294492489
2020-06-10,3.611730,3.612623,3.595658,3.607266,318357157
2020-06-11,3.601016,3.616195,3.557264,3.574229,305193298
2020-06-12,3.537620,3.592086,3.519763,3.583158,309073335
2020-06-15,3.555478,3.579586,3.531370,3.532263,280526100
2020-06-16,3.567086,3.588515,3.563515,3.587623,247695273
2020-06-17,3.589408,3.592087,3.567979,3.591194,279025595
2020-06-18,3.583158,3.620659,3.576015,3.618873,343002705
2020-06-19,3.617087,3.683161,3.617087,3.665303,369563643
2020-06-22,3.665304,3.696554,3.658160,3.668875,521244200
2020-06-23,3.660839,3.690304,3.648338,3.685839,398167830
2020-06-24,3.694768,3.720662,3.692983,3.717983,457942198
2020-06-29,3.705483,3.714412,3.666196,3.685839,212654964
2020-06-30,3.703697,3.742984,3.701912,3.730484,542468494
2020-07-01,3.738520,3.817987,3.734948,3.814415,574064113
2020-07-02,3.812630,3.906383,3.806380,3.901918,550437787
2020-07-03,3.916205,3.985850,3.901026,3.979599,586768714
2020-07-06,4.042101,4.284967,4.025137,4.271574,929317489
2020-07-07,4.304611,4.330504,4.218001,4.228715,1074501897
2020-07-08,4.226930,4.319790,4.203715,4.284075,903486859
2020-07-09,4.282289,4.360863,4.250145,4.350148,642434179
2020-07-10,4.319790,4.336755,4.252823,4.272467,564416770
2020-07-13,4.269788,4.399257,4.265324,4.361756,824378259
2020-07-14,4.354612,4.374256,4.254609,4.323361,737641416
2020-07-15,4.339433,4.370684,4.254609,4.271574,662402942
2020-07-16,4.276931,4.310861,4.062639,4.067996,1289918063
2020-07-17,4.080496,4.155499,4.054602,4.111747,904292349
2020-07-20,4.149248,4.232287,4.093890,4.220680,724976202
2020-07-21,4.240323,4.253716,4.206393,4.231394,465350652
2020-07-22,4.225143,4.335861,4.221572,4.278717,705437207
2020-07-23,4.234073,4.276039,4.162642,4.255502,430577055
2020-07-24,4.219787,4.234073,4.042102,4.066210,648282022
2020-07-27,4.092104,4.121569,4.051031,4.091211,311101401
2020-07-28,4.120675,4.143890,4.095675,4.122461,374257289
2020-07-29,4.111747,4.243894,4.106390,4.240323,488385416
2020-07-30,4.241216,4.247467,4.204608,4.209073,297474433
2020-07-31,4.205500,4.293896,4.171570,4.241216,518524684
2020-08-03,4.276931,4.311753,4.260859,4.308182,434393304
2020-08-04,4.329611,4.339433,4.289431,4.311754,311402501
2020-08-05,4.305504,4.326040,4.251038,4.313540,300697444
2020-08-06,4.313539,4.332290,4.238537,4.297468,224666976
2020-08-07,4.288539,4.290325,4.196572,4.254610,343055100
2020-08-10,4.226037,4.301932,4.192107,4.268896,240425812
2020-08-11,4.272467,4.331398,4.219787,4.226930,248052945
2020-08-12,4.218893,4.232286,4.126926,4.198357,424060538
2020-08-13,4.209965,4.218001,4.176928,4.184964,197805792
2020-08-14,4.185857,4.268003,4.169785,4.266217,422185608
2020-08-17,4.285861,4.384078,4.270682,4.354613,563474986
2020-08-18,4.359077,4.368006,4.325147,4.348362,349311764
2020-08-19,4.345684,4.349255,4.277824,4.280503,405819093
2020-08-20,4.259073,4.268895,4.217107,4.234965,344280792
2020-08-21,4.256395,4.292110,4.235858,4.270681,289329087
2020-08-24,4.290324,4.313539,4.266216,4.297468,415934500
2020-08-25,4.309076,4.348362,4.288539,4.305504,216133255
2020-08-26,4.302825,4.329612,4.238537,4.252823,334981700
2020-08-27,4.258181,4.286753,4.232287,4.284967,207431486
2020-08-28,4.279610,4.397471,4.266217,4.390328,554996485
2020-08-31,4.415329,4.435865,4.348362,4.351934,488697161
2020-09-01,4.344791,4.384078,4.339434,4.382292,240533025
2020-09-02,4.393900,4.397471,4.334076,4.378720,385904700
2020-09-03,4.373363,4.410865,4.340327,4.360863,229830280
2020-09-04,4.294789,4.327826,4.277824,4.311754,375102467
2020-09-07,4.303718,4.334969,4.205501,4.225144,445746642
2020-09-08,4.232287,4.259074,4.200143,4.246573,485820300
2020-09-09,4.196572,4.204608,4.120676,4.147463,515494651
2020-09-10,4.182285,4.201929,4.137641,4.151034,423536864
2020-09-11,4.134070,4.190321,4.131391,4.183178,279946274
2020-09-14,4.202822,4.218001,4.183178,4.207286,263594672
2020-09-15,4.201036,4.245681,4.191214,4.238538,292860603
2020-09-16,4.236751,4.240323,4.198357,4.213536,188912654
2020-09-17,4.199250,4.227823,4.167106,4.187643,408145361
2020-09-18,4.192107,4.297468,4.190321,4.295682,873517831
2020-09-21,4.299254,4.330505,4.241216,4.246573,381620413
2020-09-22,4.218894,4.264431,4.177821,4.195679,578513427
2020-09-23,4.199251,4.222466,4.182286,4.208179,466006228
2020-09-24,4.183178,4.193000,4.129605,4.139427,344502320
2020-09-25,4.145677,4.166214,4.126033,4.142106,325369201
2020-09-28,4.144784,4.179607,4.138534,4.151034,304679600
2020-09-29,4.169785,4.184964,4.153713,4.160856,315881012
2020-09-30,4.172463,4.192107,4.125140,4.148355,454910191
2020-10-09,4.215322,4.254609,4.214429,4.231394,359609638
2020-10-12,4.254609,4.368898,4.252823,4.363541,360952774
2020-10-13,4.361756,4.387650,4.339434,4.377828,320043929
2020-10-14,4.366220,4.372470,4.342112,4.356399,278946496
2020-10-15,4.351934,4.376042,4.337648,4.345684,330528322
2020-10-16,4.343005,4.368006,4.307290,4.333184,283570693
2020-10-19,4.357291,4.392114,4.289432,4.305504,601869622
2020-10-20,4.295682,4.334076,4.292111,4.332291,273913000
2020-10-21,4.334969,4.343005,4.301932,4.337647,348894700
2020-10-22,4.323361,4.338541,4.278717,4.323361,257148347
2020-10-23,4.314433,4.345684,4.268896,4.273360,776805715
2020-10-26,4.247466,4.264431,4.201929,4.241216,507147375
2020-10-27,4.229608,4.259073,4.226036,4.253716,299348813
2020-10-28,4.251930,4.301932,4.238537,4.289432,482829143
2020-10-29,4.245681,4.349255,4.243002,4.328719,371024766
2020-10-30,4.319790,4.327826,4.239430,4.247466,384587845
2020-11-02,4.249252,4.289432,4.249252,4.272467,200166029
2020-11-03,4.285860,4.342112,4.285860,4.318004,356112935
2020-11-04,4.326041,4.370685,4.312647,4.351042,344738845
2020-11-05,4.393006,4.422472,4.376934,4.418900,375894391
2020-11-06,4.427830,4.430508,4.382292,4.420687,354123679
2020-11-09,4.446580,4.530512,4.446580,4.507297,597987950
2020-11-10,4.518011,4.520690,4.457295,4.483188,384784687
2020-11-11,4.471581,4.489439,4.436759,4.441223,394072600
2020-11-12,4.446580,4.459080,4.425151,4.438544,258032875
2020-11-13,4.420686,4.422472,4.363542,4.393007,432927885
2020-11-16,4.415329,4.442116,4.384971,4.440330,285050760
2020-11-17,4.434973,4.437651,4.405508,4.432294,298769617
2020-11-18,4.428722,4.448366,4.405507,4.426044,360698687
2020-11-19,4.416222,4.475152,4.409079,4.463545,270079501
2020-11-20,4.464438,4.482296,4.451938,4.476938,284503346
2020-11-23,4.491225,4.558191,4.472474,4.528726,521147087
2020-11-24,4.526047,4.531404,4.492117,4.500153,346142109
2020-11-25,4.513546,4.533190,4.443008,4.444794,425196010
2020-11-26,4.443008,4.455509,4.408186,4.451045,395838615
2020-11-27,4.451044,4.518011,4.443901,4.514440,378780759
2020-11-30,4.526047,4.580514,4.489439,4.492118,535115737
2020-12-01,4.488546,4.598371,4.487653,4.591228,475283650
2020-12-02,4.593906,4.611764,4.560869,4.581406,292946878
2020-12-03,4.576941,4.595692,4.556405,4.579620,248986842
2020-12-04,4.571584,4.595692,4.535869,4.589442,330154760
2020-12-07,4.589442,4.591228,4.533190,4.550155,359375330
2020-12-08,4.550155,4.571584,4.528725,4.535868,361251873
2020-12-09,4.549262,4.559977,4.474260,4.482296,568550630
2020-12-10,4.473367,4.493011,4.457295,4.473367,318844690
2020-12-11,4.482295,4.495688,4.391221,4.423365,403011950
2020-12-14,4.428722,4.466223,4.418008,4.462652,251887731
2020-12-15,4.462652,4.482295,4.434079,4.476045,284133598
2020-12-16,4.482296,4.491225,4.468010,4.484975,284081500
2020-12-17,4.484081,4.551941,4.476938,4.548369,466230890
2020-12-18,4.544798,4.549262,4.502832,4.522476,460711300
2020-12-21,4.519797,4.572477,4.495689,4.562656,445896144
2020-12-22,4.552834,4.568906,4.487653,4.493903,515397033
2020-12-23,4.500153,4.551941,4.497475,4.530511,338687208
2020-12-24,4.530511,4.551048,4.509082,4.530511,383376749
2020-12-25,4.513546,4.570691,4.502832,4.568013,403356129
2020-12-28,4.564441,4.607299,4.556405,4.580513,447130014
2020-12-29,4.587656,4.600157,4.559084,4.566227,342717900
2020-12-30,4.562655,4.625157,4.559976,4.623372,340671518
2020-12-31,4.632301,4.726054,4.630515,4.720696,861799157
2021-01-04,4.714447,4.791235,4.696589,4.762663,506705639
2021-01-05,4.751055,4.861773,4.736768,4.851058,622830794
2021-01-06,4.863558,4.923382,4.836772,4.894809,374945107
2021-01-07,4.901953,5.000170,4.895702,4.999278,470659227
2021-01-08,5.007314,5.027850,4.927847,4.974277,697564767
2021-01-11,4.979634,5.018028,4.890345,4.918025,635965163
2021-01-12,4.907309,5.064458,4.903738,5.060886,596280782
2021-01-13,5.075172,5.102852,5.009099,5.041243,552434398
2021-01-14,5.035886,5.035886,4.944811,4.949276,696047994
2021-01-15,4.949276,4.978741,4.875166,4.934096,709049177
2021-01-18,4.931382,5.018231,4.898814,4.987472,396768553
2021-01-19,4.991996,5.002852,4.899719,4.919622,417009672
2021-01-20,4.917813,4.971189,4.912385,4.946763,422385751
2021-01-21,4.960332,5.055323,4.960332,5.031802,511620315
2021-01-22,5.027279,5.039039,4.981140,5.034516,554309326
2021-01-25,5.029992,5.110509,5.003757,5.094224,450177153
2021-01-26,5.072512,5.075226,4.978426,4.985663,392744995
2021-01-27,4.980235,5.004662,4.930478,4.994710,591541591
2021-01-28,4.939524,4.939524,4.852676,4.871674,469951845
2021-01-29,4.891577,4.906051,4.778493,4.838201,622113874
2021-02-01,4.838201,4.897910,4.836392,4.895195,436288063
2021-02-02,4.903338,4.970284,4.895196,4.967570,573156921
2021-02-03,4.967570,4.998329,4.943144,4.962142,281969488
2021-02-04,4.935001,4.984758,4.899719,4.952190,300084150
2021-02-05,4.963046,5.018231,4.953999,4.959427,560000491
2021-02-08,4.993805,5.041753,4.959428,5.024564,475013428
2021-02-09,5.043562,5.151219,5.020946,5.149409,418299845
2021-02-10,5.162074,5.276968,5.153932,5.253447,341909857
2021-02-18,5.358389,5.367436,5.200072,5.214546,470765736
2021-02-19,5.194643,5.248018,5.130411,5.243495,709064650
2021-02-22,5.233544,5.234449,5.051705,5.056228,776075991
2021-02-23,5.020946,5.099653,5.018232,5.042658,591250364
2021-02-24,5.055323,5.066179,4.859009,4.909671,1011269033
2021-02-25,4.958523,4.996519,4.923241,4.955809,669305438
2021-02-26,4.875293,4.903338,4.813775,4.821012,837070336
2021-03-01,4.868055,4.903338,4.838201,4.901528,558208540
2021-03-02,4.926859,4.931383,4.801109,4.839106,433859754
2021-03-03,4.824631,4.937715,4.809251,4.934096,361154593
2021-03-04,4.885244,4.885244,4.756780,4.783016,644981648
2021-03-05,4.706119,4.804728,4.685311,4.764018,593632850
2021-03-08,4.794777,4.817393,4.586701,4.595748,563722005
2021-03-09,4.593035,4.609318,4.456429,4.504376,931719068
2021-03-10,4.556848,4.578560,4.507995,4.523375,636535760
2021-03-11,4.545087,4.642791,4.536944,4.640078,620676884
2021-03-12,4.654552,4.660885,4.595748,4.651838,448201493
2021-03-15,4.630126,4.631031,4.517042,4.559561,386572405
2021-03-16,4.561370,4.601176,4.534230,4.589415,323236064
2021-03-17,4.576750,4.632839,4.535135,4.610223,306294597
2021-03-18,4.621079,4.667218,4.619270,4.646410,319610130
2021-03-19,4.588510,4.602985,4.507994,4.520660,492195605
2021-03-22,4.518852,4.588512,4.514328,4.572227,423486762
2021-03-23,4.567703,4.575845,4.493520,4.531516,491638773
2021-03-24,4.512518,4.550514,4.443763,4.462761,755052862
2021-03-25,4.438335,4.479045,4.422051,4.459142,284908649
2021-03-26,4.478141,4.574037,4.474522,4.553229,556534950
2021-03-29,4.563181,4.595749,4.527899,4.562276,639256772
2021-03-30,4.559562,4.617461,4.550515,4.602081,268283890
2021-03-31,4.598463,4.599367,4.535135,4.568608,230812676
2021-04-01,4.574037,4.631935,4.570418,4.624698,322996435
2021-04-02,4.640982,4.672645,4.621984,4.669026,280334645
2021-04-06,4.678979,4.683502,4.631936,4.643696,234635544
2021-04-07,4.648220,4.650029,4.583988,4.612033,175217273
2021-04-08,4.596652,4.640982,4.574940,4.621984,140755921
2021-04-09,4.609318,4.609318,4.545991,4.557752,222329800
2021-04-12,4.546896,4.567703,4.466379,4.481759,663938234
2021-04-13,4.474522,4.517946,4.459142,4.475426,453545245
2021-04-14,4.479950,4.513423,4.471808,4.500757,527184200
2021-04-15,4.487187,4.491710,4.427478,4.475426,493540700
2021-04-16,4.486283,4.500757,4.449191,4.489901,499764030
2021-04-19,4.486283,4.611128,4.465475,4.603891,567369226
2021-04-20,4.587606,4.628316,4.579464,4.596653,369851557
2021-04-21,4.567703,4.621079,4.565894,4.607509,414321361
2021-04-22,4.614747,4.630126,4.582179,4.603891,448399160
2021-04-23,4.596653,4.659076,4.596653,4.650029,322992630
2021-04-26,4.659981,4.696168,4.587607,4.592130,538061634
2021-04-27,4.595749,4.612033,4.571322,4.603891,317792609
2021-04-28,4.587606,4.640982,4.574036,4.638268,301245972
2021-04-29,4.639173,4.686216,4.631935,4.679883,380984480
2021-04-30,4.669027,4.678978,4.608414,4.639173,404241300
2021-05-06,4.621984,4.651838,4.555038,4.578559,407574566
2021-05-07,4.589416,4.611128,4.519756,4.523375,338289245
2021-05-10,4.526993,4.545992,4.482664,4.522470,369199148
2021-05-11,4.493521,4.563181,4.461857,4.545992,397926530
2021-05-12,4.536040,4.580369,4.519755,4.574036,253971232
2021-05-13,4.537849,4.547800,4.501662,4.524279,472543935
2021-05-14,4.541468,4.640078,4.516137,4.638268,848963043
2021-05-17,4.634650,4.717880,4.629222,4.693454,667255521
2021-05-18,4.703404,4.715165,4.674455,4.695262,283458826
2021-05-19,4.686216,4.700691,4.661789,4.682597,393359467
2021-05-20,4.678978,4.709737,4.660885,4.695262,270139103
2021-05-21,4.701595,4.728736,4.634649,4.645505,541063511
2021-05-24,4.645506,4.671741,4.610223,4.670836,349612789
2021-05-25,4.670836,4.829154,4.670836,4.819203,1536160149
2021-05-26,4.822822,4.842725,4.809252,4.820108,486861122
2021-05-27,4.812870,4.879816,4.791158,4.837296,530753500
2021-05-28,4.836392,4.860819,4.794777,4.823727,345621858
2021-05-31,4.821012,4.830059,4.785730,4.829154,328603031
2021-06-01,4.824632,4.840011,4.768542,4.836392,454422825
2021-06-02,4.840915,4.846343,4.773065,4.797491,577607087
2021-06-03,4.794777,4.815584,4.758590,4.760399,443276399
2021-06-04,4.749543,4.841820,4.734163,4.790253,558117757
2021-06-07,4.790253,4.792967,4.750448,4.784825,265277430
2021-06-08,4.784826,4.830964,4.716070,4.746830,454203706
2021-06-09,4.734163,4.764017,4.732354,4.754066,259513156
2021-06-10,4.748638,4.816489,4.747734,4.784825,404112579
2021-06-11,4.788444,4.801109,4.736877,4.740496,337555800
2021-06-15,4.740496,4.749543,4.662694,4.687120,431236597
2021-06-16,4.681692,4.688930,4.608414,4.622889,557301699
2021-06-17,4.613841,4.653647,4.611127,4.632839,342210455
2021-06-18,4.631935,4.663599,4.603891,4.637363,523765660
2021-06-21,4.621079,4.663600,4.602081,4.631031,449263050
2021-06-22,4.650029,4.659980,4.623793,4.654552,678314191
2021-06-23,4.660885,4.707023,4.646410,4.682597,586465223
2021-06-24,4.686216,4.695262,4.663599,4.694358,217509708
2021-06-25,4.697977,4.784826,4.696167,4.767637,619258662
2021-06-28,4.774874,4.785730,4.755876,4.775778,445496481
2021-06-29,4.775778,4.775778,4.717879,4.726926,290185647
2021-06-30,4.727831,4.764923,4.726926,4.754971,371170976
2021-07-01,4.770350,4.780302,4.724212,4.753162,564373863
2021-07-02,4.722403,4.724212,4.623794,4.625603,442235989
2021-07-05,4.625602,4.642791,4.604795,4.631935,257570313
2021-07-06,4.631935,4.640982,4.587606,4.638268,381688734
2021-07-07,4.618365,4.706119,4.611128,4.686216,349465134
2021-07-08,4.694358,4.700691,4.632840,4.646410,328035047
2021-07-09,4.631935,4.639173,4.574037,4.624698,426231921
2021-07-12,4.659076,4.712452,4.633745,4.686216,596692894
2021-07-13,4.685311,4.716975,4.675359,4.700690,346440364
2021-07-14,4.696167,4.696167,4.639173,4.649124,382469318
2021-07-15,4.641887,4.716975,4.635554,4.710642,355286695
2021-07-16,4.704309,4.708832,4.660885,4.664504,370235145
2021-07-19,4.656361,4.693453,4.619270,4.684406,332046158
2021-07-20,4.650029,4.685311,4.641887,4.672646,306679327
2021-07-21,4.686215,4.726926,4.678978,4.707928,578430257
2021-07-22,4.708833,4.734163,4.702500,4.712451,269684073
2021-07-23,4.713356,4.714261,4.654552,4.665409,268144135
2021-07-26,4.647314,4.648219,4.453714,4.507090,915273374
2021-07-27,4.504376,4.523375,4.345154,4.350582,807205216
2021-07-28,4.345154,4.381341,4.283636,4.359628,913347342
2021-07-29,4.432002,4.448286,4.394910,4.438335,640206355
2021-07-30,4.417527,4.418432,4.361438,4.407576,225870235
2021-08-02,4.393101,4.526993,4.364151,4.517042,375203941
2021-08-03,4.497139,4.540563,4.482664,4.518851,233009764
2021-08-04,4.508900,4.559561,4.507090,4.558657,248645287
2021-08-05,4.526993,4.575845,4.506185,4.531516,209871649
2021-08-06,4.523374,4.527898,4.488997,4.517042,112699204
2021-08-09,4.496234,4.583988,4.479950,4.566799,229090628
2021-08-10,4.555943,4.621080,4.525184,4.618366,324122381
2021-08-11,4.612033,4.635554,4.591225,4.593939,239129600
2021-08-12,4.577655,4.596653,4.555943,4.564990,133971695
2021-08-13,4.553228,4.583083,4.514327,4.540563,202566401
2021-08-16,4.535135,4.563180,4.524278,4.537848,186203629
2021-08-17,4.532421,4.561370,4.428383,4.436525,352300896
2021-08-18,4.436525,4.510709,4.425669,4.484473,384771032
2021-08-19,4.469094,4.484473,4.433811,4.453714,240311000
2021-08-20,4.443763,4.444667,4.331583,4.372293,418441340
2021-08-23,4.381340,4.442858,4.378626,4.437430,352961261
2021-08-24,4.441953,4.503471,4.441953,4.484473,317705413
2021-08-25,4.491711,4.498948,4.467285,4.497139,207656406
2021-08-26,4.494425,4.495330,4.405767,4.420242,194840259
2021-08-27,4.413909,4.472713,4.411195,4.432003,232236414
2021-08-30,4.442858,4.452810,4.395815,4.415718,215532211
2021-08-31,4.416623,4.430193,4.351487,4.413909,245032607
2021-09-01,4.414814,4.512519,4.378627,4.477236,386518269
2021-09-02,4.487188,4.494425,4.451001,4.473618,224004834
2021-09-03,4.473617,4.495329,4.441048,4.449191,348367264
2021-09-06,4.449191,4.537849,4.445572,4.525184,494535866
2021-09-07,4.523375,4.603891,4.510709,4.582179,457495603
2021-09-08,4.585796,4.607508,4.548704,4.563179,236943077
2021-09-09,4.551419,4.562275,4.525183,4.561370,182545189
2021-09-10,4.556847,4.638267,4.554132,4.605699,389334975
2021-09-13,4.600272,4.621984,4.555038,4.581274,320015733
2021-09-14,4.582178,4.597557,4.502567,4.521565,327711994
2021-09-15,4.514328,4.515233,4.448286,4.473618,270735874
2021-09-16,4.473618,4.482664,4.415718,4.422956,429348425
2021-09-17,4.422050,4.463665,4.403957,4.458237,513992694
2021-09-22,4.396720,4.443763,4.389483,4.428383,491629600
2021-09-23,4.448286,4.482664,4.438335,4.454619,286973255
2021-09-24,4.458238,4.500757,4.449191,4.460952,464771190
2021-09-27,4.473617,4.521565,4.451905,4.489901,359893578
2021-09-28,4.482664,4.505281,4.456428,4.481759,263635257
2021-09-29,4.452810,4.477236,4.413004,4.451905,592261073
2021-09-30,4.453714,4.480855,4.451905,4.464571,312959671
2021-10-08,4.503472,4.536944,4.497139,4.528802,244624120
2021-10-11,4.536040,4.577655,4.524279,4.527898,260322371
2021-10-12,4.511613,4.521565,4.444668,4.480855,330606824
2021-10-13,4.473617,4.545991,4.471808,4.531516,253573666
2021-10-14,4.526088,4.548705,4.497138,4.507090,199808658
2021-10-15,4.504376,4.538754,4.487187,4.528802,217970095
2021-10-18,4.526088,4.526993,4.447382,4.476331,251260474
2021-10-19,4.469094,4.523374,4.466380,4.518851,288469796
2021-10-20,4.523374,4.543277,4.497139,4.506186,156696300
2021-10-21,4.505281,4.547801,4.488997,4.526088,224085516
2021-10-22,4.532422,4.588512,4.532422,4.555943,334597340
2021-10-25,4.543277,4.578560,4.533326,4.571322,265374504
2021-10-26,4.573132,4.602986,4.544182,4.555943,247909532
2021-10-27,4.545087,4.545087,4.485378,4.496234,278104300
2021-10-28,4.487188,4.502567,4.456429,4.477236,441341200
2021-10-29,4.474522,4.507090,4.463666,4.506186,426484699
2021-11-01,4.484473,4.512518,4.468189,4.491711,195002345
2021-11-02,4.488996,4.518850,4.409385,4.444667,429413513
2021-11-03,4.441953,4.465475,4.413908,4.426574,340635107
2021-11-04,4.444668,4.479045,4.443763,4.469094,284423300
2021-11-05,4.460047,4.493520,4.452809,4.453714,265600790
2021-11-08,4.451001,4.476332,4.434716,4.450096,312485200
2021-11-09,4.464570,4.479950,4.425670,4.448286,262840000
2021-11-10,4.444667,4.444667,4.365961,4.425669,489426383
2021-11-11,4.416622,4.500757,4.414813,4.498043,352364995
2021-11-12,4.501662,4.515232,4.481759,4.496234,272906704
2021-11-15,4.499853,4.515232,4.471808,4.490806,335915381
2021-11-16,4.492615,4.519755,4.478140,4.487187,351870307
2021-11-17,4.480855,4.499853,4.469999,4.486283,226981757
2021-11-18,4.475427,4.479951,4.434717,4.446477,360601200
2021-11-19,4.441953,4.501662,4.437430,4.496234,275920589
2021-11-22,4.499853,4.518851,4.493520,4.507995,353647489
2021-11-23,4.501662,4.523374,4.492615,4.510709,317267246
2021-11-24,4.510708,4.537848,4.499852,4.520660,178594706
2021-11-25,4.521565,4.522470,4.496234,4.503472,137259970
2021-11-26,4.491710,4.492615,4.457333,4.465475,204637800
2021-11-29,4.432907,4.467285,4.432907,4.459142,233856000
2021-11-30,4.461856,4.477235,4.422050,4.442858,183680000
2021-12-01,4.442858,4.459142,4.439240,4.454619,211626158
2021-12-02,4.451001,4.473618,4.435621,4.463666,161035147
2021-12-03,4.463666,4.505281,4.456429,4.504376,219632143
2021-12-06,4.507090,4.537849,4.495330,4.499853,332899117
2021-12-07,4.518851,4.531516,4.503472,4.525184,212426758
2021-12-08,4.529707,4.594844,4.513423,4.590320,341191710
2021-12-09,4.593939,4.707928,4.592130,4.666313,633221175
2021-12-10,4.652743,4.659076,4.634649,4.652743,396126046
2021-12-13,4.674455,4.728736,4.658171,4.664504,429033771
2021-12-14,4.647315,4.663599,4.627412,4.636459,362687781
2021-12-15,4.631935,4.646410,4.591225,4.594844,203583199
2021-12-16,4.597557,4.620174,4.582178,4.619269,377304328
2021-12-17,4.612033,4.614747,4.551420,4.553229,622618900
2021-12-20,4.526088,4.540563,4.475426,4.485378,851825300
2021-12-21,4.480855,4.516137,4.477236,4.504376,517133515
2021-12-22,4.516137,4.526993,4.496233,4.507090,666046188
2021-12-23,4.517042,4.546896,4.503472,4.541468,302305260
2021-12-24,4.546895,4.552323,4.503471,4.520660,260396101
2021-12-27,4.520660,4.539658,4.496234,4.524279,504491326
2021-12-28,4.524278,4.556847,4.516137,4.547800,639914174
2021-12-29,4.545991,4.551419,4.486283,4.487187,403865556
2021-12-30,4.487188,4.538754,4.482664,4.519756,474498019
2021-12-31,4.532421,4.549610,4.517946,4.530612,351416595
2022-01-04,4.545991,4.547800,4.470903,4.514327,486355276
2022-01-05,4.504376,4.516137,4.455524,4.471807,464073106
2022-01-06,4.453714,4.462761,4.394005,4.421146,517272800
2022-01-07,4.432907,4.460047,4.426574,4.432003,478519700
2022-01-10,4.422051,4.453714,4.395816,4.443763,491122307
2022-01-11,4.443763,4.454619,4.400339,4.403053,412218898
2022-01-12,4.418432,4.462762,4.418432,4.450096,511332582
2022-01-13,4.460047,4.461856,4.375008,4.376817,488272297
2022-01-14,4.365056,4.378626,4.334297,4.337011,410029000
2022-01-17,4.340630,4.388578,4.339725,4.374103,498349057
2022-01-18,4.371389,4.430193,4.356010,4.415718,624167062
2022-01-19,4.423988,4.446039,4.369779,4.391830,522439260
2022-01-20,4.387235,4.453388,4.386316,4.426743,541278488
2022-01-21,4.419393,4.423987,4.377129,4.395504,781436980
2022-01-24,4.373454,4.409287,4.362428,4.397342,460574013
2022-01-25,4.375291,4.389073,4.296275,4.299950,595270865
2022-01-26,4.313732,4.328433,4.272387,4.323839,521842100
2022-01-27,4.311894,4.317407,4.241147,4.249416,607621674
2022-01-28,4.260443,4.280656,4.180508,4.184183,858391702
2022-02-07,4.249416,4.284331,4.231959,4.250335,484586760
2022-02-08,4.250335,4.250335,4.148349,4.230122,448141306
2022-02-09,4.231959,4.275143,4.217259,4.265955,458938095
2022-02-10,4.272386,4.275142,4.231959,4.255848,495383095
2022-02-11,4.239310,4.279737,4.220015,4.222772,461743608
2022-02-14,4.208071,4.220934,4.158456,4.177751,329967908
2022-02-15,4.178669,4.220015,4.176832,4.216340,604314440
2022-02-16,4.235635,4.257686,4.224609,4.235635,449800548
2022-02-17,4.231041,4.266874,4.225528,4.244823,629040692
2022-02-18,4.226447,4.267793,4.221853,4.266874,304105215
2022-02-21,4.259523,4.260442,4.231040,4.251254,324195053
2022-02-22,4.217259,4.223690,4.179588,4.196126,315316769
2022-02-23,4.208071,4.242985,4.199802,4.240228,446903932
2022-02-24,4.217259,4.228285,4.124461,4.162132,591236542
2022-02-25,4.183263,4.236553,4.183263,4.194289,384466069
2022-02-28,4.191533,4.201640,4.154781,4.199802,269317076
2022-03-01,4.215421,4.242066,4.201639,4.234716,326162903
2022-03-02,4.216340,4.217259,4.182345,4.202558,194601292
2022-03-03,4.217259,4.226447,4.166725,4.175913,200689920
2022-03-04,4.139162,4.165807,4.116192,4.129055,405376626
2022-03-07,4.096897,4.096897,3.976535,3.993074,583112990
2022-03-08,3.993992,4.016043,3.903032,3.917732,691708074
2022-03-09,3.925083,3.945296,3.739487,3.880981,786748812
2022-03-10,3.950809,3.974698,3.934271,3.936108,552846528
2022-03-11,3.884656,3.967347,3.835960,3.961834,397342208
2022-03-14,3.904869,3.926920,3.832285,3.833203,433100428
2022-03-15,3.799208,3.825853,3.645770,3.650364,1044477802
2022-03-16,3.707329,3.831366,3.621881,3.809315,1325138541
2022-03-17,3.880062,3.945296,3.863524,3.886493,1147561626
2022-03-18,3.868117,3.928758,3.848823,3.912219,403021732
2022-03-21,3.916814,3.932433,3.869955,3.906707,372016391
2022-03-22,3.888331,3.934271,3.887412,3.903032,250422476
2022-03-23,3.912220,3.937946,3.895681,3.926001,308244671
2022-03-24,3.904869,3.923245,3.870874,3.901194,220641762
2022-03-25,3.900275,3.908544,3.828609,3.830447,356808307
2022-03-28,3.798289,3.835041,3.751431,3.807477,415593846
2022-03-29,3.817584,3.834122,3.784507,3.790939,231033117
2022-03-30,3.816665,3.906707,3.816665,3.903951,500257530
2022-03-31,3.894763,3.899357,3.868118,3.875468,424278996
2022-04-01,3.846985,3.940702,3.845147,3.922326,375247241
2022-04-06,3.898438,3.922326,3.884656,3.911301,339893770
2022-04-07,3.892925,3.921408,3.860767,3.863523,278398351
2022-04-08,3.866280,3.892006,3.835960,3.889249,320271297
2022-04-11,3.863524,3.864442,3.756025,3.767969,580058497
2022-04-12,3.769807,3.836879,3.745000,3.832285,806475900
2022-04-13,3.813909,3.846985,3.799208,3.802883,387260208
2022-04-14,3.836879,3.869955,3.815746,3.843310,573689243
2022-04-15,3.822178,3.864443,3.812990,3.841473,532237966
2022-04-18,3.808396,3.825853,3.782670,3.823096,279709272
2022-04-19,3.822178,3.846067,3.776239,3.798289,313996240
2022-04-20,3.796451,3.801964,3.728461,3.733974,390343438
2022-04-21,3.722949,3.749593,3.652201,3.671496,792508456
2022-04-22,3.643013,3.709167,3.631069,3.680684,617378397
2022-04-25,3.624637,3.637501,3.497844,3.503357,1654284344
2022-04-26,3.506113,3.558484,3.467524,3.475793,1543759738
2022-04-27,3.464767,3.575023,3.454661,3.573185,1372583856
2022-04-28,3.557565,3.615449,3.554809,3.597074,1072926129
2022-04-29,3.609937,3.692628,3.576860,3.688953,763121189
2022-05-05,3.656795,3.703654,3.647607,3.675171,736095393
2022-05-06,3.606261,3.622800,3.583292,3.586048,520669718
2022-05-09,3.563078,3.588804,3.537352,3.556647,318700633
2022-05-10,3.521732,3.613612,3.498763,3.597992,547467162
2022-05-11,3.591561,3.699060,3.591561,3.648526,629011561
2022-05-12,3.633825,3.655877,3.613612,3.630150,307105783
2022-05-13,3.664146,3.674252,3.631069,3.658633,279973247
2022-05-16,3.675171,3.688034,3.620044,3.630150,442584342
2022-05-17,3.638419,3.676090,3.628313,3.675171,300849564
2022-05-18,3.681603,3.690791,3.638420,3.662308,264017324
2022-05-19,3.626475,3.672415,3.616369,3.670577,324962036
2022-05-20,3.693547,3.748674,3.684359,3.747756,600461424
2022-05-23,3.747756,3.747756,3.694466,3.718354,512091273
2022-05-24,3.717436,3.720192,3.638419,3.643013,415664500
2022-05-25,3.638419,3.660470,3.627394,3.658633,457684097
2022-05-26,3.659551,3.693547,3.612693,3.667821,481614068
2022-05-27,3.695384,3.727542,3.661389,3.677008,553297211
2022-05-30,3.693547,3.714680,3.681603,3.698141,450531920
2022-05-31,3.698141,3.769807,3.689872,3.756944,452258118
2022-06-01,3.756944,3.763376,3.730299,3.751431,377434508
2022-06-02,3.735811,3.765213,3.728461,3.761537,290132608
2022-06-06,3.759700,3.837798,3.734893,3.836879,423835904
2022-06-07,3.823096,3.860767,3.817584,3.842391,380864188
2022-06-08,3.845148,3.886494,3.826772,3.880981,427291052
2022-06-09,3.872712,3.890169,3.834122,3.849742,291614828
2022-06-10,3.821259,3.914058,3.820341,3.903032,648069142
2022-06-13,3.868118,3.880062,3.831366,3.855255,579900248
2022-06-14,3.826772,3.895681,3.780832,3.892006,624902550
2022-06-15,3.889250,4.009612,3.889250,3.937027,1121885205
2022-06-16,3.948971,3.966428,3.903950,3.912219,507512036
2022-06-17,3.896600,3.984804,3.891087,3.970103,715647404
2022-06-20,3.979291,4.031663,3.958159,3.989398,732434457
2022-06-21,3.989398,4.022475,3.955403,3.987561,422401546
2022-06-22,3.987561,3.993992,3.934271,3.941621,361964272
2022-06-23,3.942540,4.012368,3.936108,4.010530,405693924
2022-06-24,4.019718,4.066577,4.008693,4.054633,414833849
2022-06-27,4.069333,4.133649,4.069333,4.098734,455981050
2022-06-28,4.097817,4.158457,4.073009,4.146513,374882378
2022-06-29,4.132730,4.159375,4.082196,4.095978,544835604
2022-06-30,4.092303,4.175913,4.091384,4.141918,568051561
2022-07-01,4.152943,4.157537,4.110679,4.128136,445571244
2022-07-04,4.114354,4.155699,4.087709,4.153862,387421725
2022-07-05,4.158456,4.194289,4.099653,4.144674,392115820
2022-07-06,4.134567,4.143756,4.063820,4.090466,318962717
2022-07-07,4.084034,4.123542,4.062901,4.105166,403045946
2022-07-08,4.126299,4.146512,4.095059,4.101491,208249030
2022-07-11,4.084953,4.084953,4.015124,4.031662,452207498
2022-07-12,4.026150,4.049120,3.985723,3.998586,343539200
2022-07-13,4.001342,4.023394,3.976535,4.005018,295600301
2022-07-14,4.001343,4.032581,3.983885,4.005937,326414269
2022-07-15,3.996748,4.042688,3.944377,3.946215,737307108
2022-07-18,3.961834,4.005018,3.926921,3.988480,389115108
2022-07-19,3.984804,3.984804,3.937027,3.968266,353527001
2022-07-20,3.987561,4.005936,3.967347,3.979291,299838373
2022-07-21,3.964591,3.985723,3.937027,3.937946,310492643
2022-07-22,3.951728,3.982967,3.913138,3.940702,314768801
2022-07-25,3.937027,3.939784,3.907626,3.924164,251676078
2022-07-26,3.929677,3.969185,3.926920,3.950809,376254537
2022-07-27,3.941621,3.948052,3.921407,3.928758,257178619
2022-07-28,3.943459,3.978373,3.927840,3.931515,369581028
2022-07-29,3.935190,3.955403,3.869037,3.877306,471265353
2022-08-01,3.864442,3.903032,3.841473,3.893844,298391483
2022-08-02,3.868118,3.868118,3.796452,3.828609,543973256
2022-08-03,3.840554,3.867199,3.777157,3.787264,376662823
2022-08-04,3.802884,3.824016,3.787265,3.815747,261750872
2022-08-05,3.818503,3.880981,3.815746,3.875468,393385248
2022-08-08,3.859849,3.876387,3.852498,3.862605,157282357
2022-08-09,3.860767,3.876386,3.849742,3.869036,241824356
2022-08-10,3.860768,3.873631,3.811152,3.827691,203763174
2022-08-11,3.843310,3.914058,3.836879,3.908545,348050252
2022-08-12,3.906707,3.919570,3.893844,3.909463,205589752
2022-08-15,3.897519,3.937946,3.893844,3.900275,232822800
2022-08-16,3.904870,3.925083,3.883738,3.891088,168483356
2022-08-17,3.892006,3.938865,3.869036,3.928758,281022766
2022-08-18,3.923245,3.926921,3.890169,3.894763,199968110
2022-08-19,3.891088,3.905788,3.865361,3.867199,289441065
2022-08-22,3.858930,3.903032,3.855255,3.892006,310932370
2022-08-23,3.889250,3.904869,3.861686,3.879143,275877595
2022-08-24,3.890169,3.893844,3.800127,3.808396,403161100
2022-08-25,3.815747,3.846067,3.789102,3.841473,332510691
2022-08-26,3.839635,3.859849,3.829528,3.835960,226855432
2022-08-29,3.804721,3.823097,3.790020,3.812990,234594502
2022-08-30,3.816665,3.818503,3.772563,3.804721,232094792
2022-08-31,3.789101,3.842391,3.778995,3.804721,555279634
2022-09-01,3.794614,3.815746,3.765213,3.773482,320251600
2022-09-02,3.776238,3.784507,3.733974,3.752350,263737445
2022-09-05,3.744080,3.751431,3.711923,3.750512,215865010
2022-09-06,3.762456,3.781751,3.743162,3.777157,264101508
2022-09-07,3.764294,3.795533,3.761538,3.784508,183572795
2022-09-08,3.788183,3.795533,3.767050,3.767969,171632183
2022-09-09,3.773482,3.828610,3.772563,3.821259,392975947
2022-09-13,3.827691,3.854336,3.824016,3.834122,327431190
2022-09-14,3.798289,3.817584,3.779913,3.791858,429913863
2022-09-15,3.798289,3.810233,3.734893,3.757863,588844446
2022-09-16,3.745918,3.755106,3.671496,3.675171,725780900
2022-09-19,3.669658,3.688953,3.652201,3.665065,397790449
2022-09-20,3.680684,3.696303,3.656795,3.666902,301514995
2022-09-21,3.656795,3.665983,3.622800,3.639338,363488622
2022-09-22,3.624637,3.642094,3.601668,3.612693,279846800
2022-09-23,3.612693,3.630150,3.575941,3.605343,520249045
2022-09-26,3.583292,3.636582,3.577779,3.582373,756033583
2022-09-27,3.592480,3.635663,3.575942,3.628313,519160341
2022-09-28,3.615450,3.618206,3.574104,3.576860,530081606
2022-09-29,3.597993,3.617287,3.558485,3.577779,506083627
2022-09-30,3.578698,3.597074,3.551134,3.553890,638378801
2022-10-10,3.552972,3.555728,3.470280,3.481306,684109248
2022-10-11,3.483144,3.495088,3.463849,3.478550,491380691
2022-10-12,3.479468,3.538271,3.416990,3.535515,731512983
2022-10-13,3.506113,3.534596,3.496925,3.505195,345140276
2022-10-14,3.539190,3.604424,3.530920,3.586048,749629133
2022-10-17,3.578698,3.588804,3.554809,3.585129,388760090
2022-10-18,3.605343,3.610856,3.571348,3.578698,431134380
2022-10-19,3.574104,3.585129,3.522651,3.524489,288162283
2022-10-20,3.509788,3.561241,3.483143,3.513463,372305013
2022-10-21,3.525408,3.527246,3.476712,3.493250,327572110
2022-10-24,3.490494,3.521733,3.386670,3.403208,629793970
2022-10-25,3.392183,3.435366,3.363700,3.388508,823516971
2022-10-26,3.390346,3.462011,3.389427,3.414234,686287021
2022-10-27,3.435366,3.445473,3.389427,3.390346,512397050
2022-10-28,3.378401,3.383914,3.303060,3.311329,738137151
2022-10-31,3.289278,3.322355,3.263552,3.275496,597656387
2022-11-01,3.293872,3.404127,3.289278,3.402290,1069157204
2022-11-02,3.385751,3.461092,3.379320,3.433528,751646303
2022-11-03,3.415153,3.428935,3.389426,3.405965,488110710
2022-11-04,3.404127,3.538271,3.403209,3.522652,1129245726
2022-11-07,3.500600,3.541946,3.499682,3.522652,534073373
2022-11-08,3.522652,3.530921,3.479468,3.501519,801257895
2022-11-09,3.501520,3.513464,3.461093,3.464768,520923983
2022-11-10,3.445473,3.460174,3.424341,3.445473,506496368
2022-11-11,3.530002,3.581454,3.500600,3.535515,1376702267
2022-11-14,3.581454,3.600749,3.528164,3.537352,850966866
2022-11-15,3.530002,3.614531,3.523570,3.606261,767183469
2022-11-16,3.599830,3.618206,3.575023,3.579617,537797213
2022-11-17,3.570429,3.570429,3.523570,3.563997,791622815
2022-11-18,3.566753,3.585129,3.545621,3.552053,649194923
2022-11-21,3.525408,3.525408,3.482224,3.521733,518248908
2022-11-22,3.516220,3.556647,3.496007,3.519895,649025638
2022-11-23,3.509788,3.542865,3.504276,3.522652,548791595
2022-11-24,3.537352,3.553891,3.500600,3.506113,482148926
2022-11-25,3.508870,3.541027,3.496007,3.525408,549215773
2022-11-28,3.465687,3.490494,3.427097,3.484062,626091449
2022-11-29,3.504276,3.598911,3.504276,3.590642,720706845
2022-11-30,3.581454,3.608099,3.578698,3.593399,459485800
2022-12-01,3.656795,3.684359,3.633825,3.634744,635412583
2022-12-02,3.633825,3.642094,3.611774,3.613612,1030421029
2022-12-05,3.651283,3.681603,3.635663,3.678847,876177074
2022-12-06,3.667821,3.721111,3.664146,3.699979,765807260
2022-12-07,3.693547,3.735811,3.675171,3.688953,682075053
2022-12-08,3.688953,3.705491,3.677927,3.697222,509409492
2022-12-09,3.696303,3.738568,3.682521,3.728461,647455186
2022-12-12,3.716517,3.716517,3.686197,3.689872,466857524
2022-12-13,3.691709,3.700897,3.675171,3.679765,363674333
2022-12-14,3.684359,3.705491,3.670577,3.688953,621907353
2022-12-15,3.689872,3.698141,3.664146,3.687116,530751298
2022-12-16,3.685278,3.699060,3.667821,3.690791,908368692
2022-12-19,3.695384,3.705491,3.621881,3.637501,745196491
2022-12-20,3.624638,3.627394,3.558485,3.579617,815565496
2022-12-21,3.584211,3.593399,3.566754,3.576860,523055800
2022-12-22,3.597992,3.623719,3.565835,3.584211,687820977
2022-12-23,3.568591,3.594318,3.557566,3.575023,1084791027
2022-12-26,3.574104,3.601668,3.572266,3.583292,651193684
2022-12-27,3.620043,3.631988,3.600749,3.626475,582048797
2022-12-28,3.619125,3.624637,3.598911,3.614531,649268983
2022-12-29,3.600749,3.613612,3.579617,3.603505,721271003
2022-12-30,3.617287,3.630150,3.614531,3.618206,630228576
2023-01-03,3.617287,3.639338,3.574104,3.628313,656310782
2023-01-04,3.627394,3.643013,3.611774,3.632907,980799721
2023-01-05,3.652201,3.707329,3.649445,3.701816,774502293
2023-01-06,3.702735,3.732136,3.699060,3.716517,541080825
2023-01-09,3.734893,3.754187,3.722949,3.739487,780959941
2023-01-10,3.737649,3.759700,3.732136,3.744999,744262224
2023-01-11,3.745918,3.771644,3.738567,3.744999,571511439
2023-01-12,3.751431,3.762456,3.737649,3.750512,325587208
2023-01-13,3.756944,3.811152,3.756944,3.807477,655908997
2023-01-16,3.812144,3.904531,3.810277,3.866270,1716375927
2023-01-17,3.866270,3.874668,3.846672,3.862537,601513127
2023-01-18,3.869069,3.874668,3.850405,3.854138,445690058
2023-01-19,3.845738,3.882133,3.828941,3.880267,607432404
2023-01-20,3.894265,3.913862,3.886800,3.901731,570082196
2023-01-30,3.975454,3.981987,3.917595,3.924128,801347080
2023-01-31,3.926928,3.935326,3.874668,3.881200,1139222231
2023-02-01,3.885867,3.911996,3.856937,3.910130,715651962
2023-02-02,3.921328,3.924128,3.884933,3.900798,1001852833
2023-02-03,3.876535,3.879335,3.827075,3.860671,960052104
2023-02-06,3.828941,3.829875,3.786947,3.807477,731459703
2023-02-07,3.813076,3.827074,3.798145,3.816809,553988104
2023-02-08,3.818676,3.834540,3.793479,3.800945,462871301
2023-02-09,3.795346,3.855071,3.791613,3.851338,595888582
2023-02-10,3.852271,3.852271,3.813077,3.828941,520522436
2023-02-13,3.816809,3.864403,3.810277,3.858804,828010137
2023-02-14,3.864403,3.870002,3.843873,3.867203,332632366
2023-02-15,3.864403,3.876535,3.833607,3.841073,645506758
2023-02-16,3.844805,3.889600,3.790679,3.814010,792510051
2023-02-17,3.812144,3.827075,3.756151,3.759884,743394922
2023-02-20,3.764550,3.860670,3.758951,3.857870,1049525486
2023-02-21,3.857871,3.872802,3.839206,3.862537,560902494
2023-02-22,3.847606,3.857870,3.818676,3.825208,452945439
2023-02-23,3.828941,3.849472,3.808411,3.825208,465559533
2023-02-24,3.824275,3.824275,3.770149,3.788813,808776154
2023-02-27,3.770149,3.791613,3.758951,3.774815,456957503
2023-02-28,3.786014,3.803745,3.751485,3.799078,484545431
2023-03-01,3.795346,3.859737,3.788813,3.844806,1180480952
2023-03-02,3.835474,3.857871,3.832674,3.840140,439132860
2023-03-03,3.850405,3.859737,3.820542,3.848539,420175727
2023-03-06,3.849472,3.851338,3.807477,3.825208,929302452
2023-03-07,3.821475,3.842939,3.769216,3.772016,674649418
2023-03-08,3.760817,3.765483,3.742153,3.757084,431315362
2023-03-09,3.762683,3.766416,3.725355,3.747752,407936491
2023-03-10,3.723489,3.736554,3.694560,3.696426,498112925
2023-03-13,3.696426,3.740286,3.696426,3.737487,467452924
2023-03-14,3.732821,3.732821,3.681495,3.714157,463541570
2023-03-15,3.738420,3.747752,3.712291,3.713224,393301056
2023-03-16,3.695493,3.713224,3.667497,3.670296,433143817
2023-03-17,3.695493,3.736554,3.672163,3.689893,1123501196
2023-03-20,3.689894,3.710424,3.663764,3.669363,570954757
2023-03-21,3.679628,3.713224,3.677762,3.709491,556743661
2023-03-22,3.718823,3.741219,3.713224,3.726288,581756157
2023-03-23,3.714157,3.762684,3.712290,3.761750,534472929
2023-03-24,3.754285,3.764550,3.745886,3.757084,254895254
2023-03-27,3.756151,3.756151,3.717890,3.737487,491254674
2023-03-28,3.738420,3.749619,3.723489,3.730021,507206125
2023-03-29,3.749619,3.750552,3.724422,3.730021,616336308
2023-03-30,3.730955,3.771082,3.715090,3.770149,557206977
2023-03-31,3.774815,3.791613,3.769216,3.779481,671162479
2023-04-03,3.779482,3.817743,3.774815,3.807477,551339698
2023-04-04,3.807478,3.828008,3.800012,3.826142,480308724
2023-04-06,3.812143,3.819609,3.800945,3.814943,378286841
2023-04-07,3.814943,3.853205,3.813077,3.842006,329585683
2023-04-10,3.852271,3.853205,3.824275,3.828008,474361579
2023-04-11,3.830808,3.837340,3.805611,3.818676,535954987
2023-04-12,3.819609,3.824275,3.807477,3.814943,335833687
2023-04-13,3.806544,3.812144,3.786014,3.791613,402190738
2023-04-14,3.802811,3.820542,3.799078,3.811210,456032644
2023-04-17,3.808410,3.870002,3.807477,3.868136,632547999
2023-04-18,3.867202,3.884933,3.859737,3.874668,416054295
2023-04-19,3.876535,3.876535,3.840140,3.843873,408573024
2023-04-20,3.842939,3.846672,3.816810,3.828941,607308636
2023-04-21,3.828941,3.831741,3.755218,3.760817,683648627
2023-04-24,3.759884,3.762684,3.698293,3.713224,594093664
2023-04-25,3.714157,3.721622,3.661897,3.695493,966426771
2023-04-26,3.693626,3.704825,3.671230,3.687094,903465326
2023-04-27,3.684294,3.732821,3.676829,3.719756,467769671
2023-04-28,3.730021,3.760817,3.724422,3.756151,451806234
2023-05-04,3.744953,3.758017,3.729088,3.756151,337861124
2023-05-05,3.757084,3.768283,3.722556,3.741220,337949905
2023-05-08,3.747752,3.792546,3.743086,3.783214,684815156
2023-05-09,3.787880,3.812144,3.750552,3.750552,566890688
2023-05-10,3.748686,3.750552,3.714157,3.721622,916593316
2023-05-11,3.730955,3.740287,3.714157,3.716957,321615029
2023-05-12,3.716023,3.729088,3.667497,3.669363,518774522
2023-05-15,3.671229,3.729088,3.660964,3.728155,810757396
2023-05-16,3.727222,3.732821,3.697359,3.712290,406820310
2023-05-17,3.705758,3.716023,3.677762,3.687094,640580508
2023-05-18,3.693626,3.712290,3.668430,3.686161,700600219
2023-05-19,3.676829,3.701092,3.660031,3.680562,341712585
2023-05-22,3.679628,3.718823,3.667497,3.699226,500375723
2023-05-23,3.702025,3.705758,3.645100,3.646033,611757337
2023-05-24,3.641367,3.642300,3.594707,3.596573,767277616
2023-05-25,3.590974,3.600306,3.557378,3.588174,491856745
2023-05-26,3.586308,3.603106,3.558312,3.592840,446203660
2023-05-29,3.600306,3.611504,3.563911,3.577909,403013549
2023-05-30,3.570443,3.590040,3.536848,3.581642,572097944
2023-05-31,3.572310,3.572310,3.532182,3.548046,733875712
2023-06-01,3.545247,3.583508,3.540581,3.555512,674975697
2023-06-02,3.574176,3.614304,3.574176,3.604972,692978097
2023-06-05,3.599373,3.603105,3.578842,3.588174,361154926
2023-06-06,3.589107,3.615237,3.549913,3.553646,411569703
2023-06-07,3.564844,3.571376,3.530315,3.542447,372176673
2023-06-08,3.542447,3.586308,3.530315,3.572310,383488893
2023-06-09,3.573243,3.590041,3.566711,3.587241,527068856
2023-06-12,3.583508,3.611504,3.569510,3.590974,459659336
2023-06-13,3.583508,3.620836,3.580708,3.618037,350388028
2023-06-14,3.619903,3.643233,3.616170,3.618037,444113622
2023-06-15,3.626436,3.679629,3.620837,3.678695,508430549
2023-06-16,3.685228,3.721623,3.685228,3.713224,602148804
2023-06-19,3.713224,3.713224,3.680561,3.685227,400307379
2023-06-20,3.677762,3.694560,3.673096,3.678695,353892342
2023-06-21,3.672163,3.675895,3.625502,3.627369,489353700
2023-06-26,3.607771,3.611504,3.575109,3.586308,640495600
2023-06-27,3.585375,3.619903,3.578842,3.610571,397102074
2023-06-28,3.604972,3.618970,3.580708,3.618037,462745613
2023-06-29,3.618037,3.619903,3.590040,3.601239,300262647
2023-06-30,3.600306,3.639501,3.595640,3.622703,529918250
2023-07-03,3.630169,3.675895,3.628302,3.664697,473909707
2023-07-04,3.662830,3.673096,3.657231,3.671229,252121289
2023-07-05,3.665630,3.671230,3.640434,3.646033,271215241
2023-07-06,3.639500,3.658164,3.615237,3.619903,346743884
2023-07-07,3.616170,3.624569,3.601239,3.609638,302277670
2023-07-10,3.626436,3.648833,3.613371,3.624569,428486811
2023-07-11,3.636701,3.653498,3.627369,3.648833,587438934
2023-07-12,3.652565,3.658165,3.621770,3.631102,389410768
2023-07-13,3.648833,3.692693,3.648833,3.689893,572286552
2023-07-14,3.695493,3.699226,3.686161,3.688027,363262103
2023-07-17,3.682428,3.682428,3.646966,3.661897,448612566
2023-07-18,3.662831,3.669363,3.644166,3.656298,266670716
2023-07-19,3.648833,3.661897,3.634834,3.654432,501240659
2023-07-20,3.660964,3.678695,3.621770,3.628302,871507069
2023-07-21,3.628302,3.655365,3.616170,3.630168,727250149
2023-07-24,3.611504,3.636701,3.605905,3.614304,454981986
2023-07-25,3.658165,3.719756,3.658165,3.718823,1140982393
2023-07-26,3.714157,3.716023,3.696426,3.710424,588038574
2023-07-27,3.718823,3.730955,3.695493,3.706691,602465765
2023-07-28,3.688960,3.802811,3.688960,3.796279,1496488403
2023-07-31,3.826141,3.864403,3.801878,3.811210,1790634998
2023-08-01,3.807477,3.830808,3.784147,3.794413,1135981581
2023-08-02,3.787880,3.807477,3.757084,3.767349,789439831
2023-08-03,3.761750,3.802811,3.761750,3.800945,737931112
2023-08-04,3.840139,3.856004,3.807477,3.820542,1422357458
2023-08-07,3.803745,3.803745,3.778548,3.791613,1281422408
2023-08-08,3.777615,3.802811,3.765483,3.777615,1116579062
2023-08-09,3.768283,3.784147,3.764550,3.770149,1332507901
2023-08-10,3.768283,3.779481,3.745886,3.774815,938250908
2023-08-11,3.774815,3.777615,3.684294,3.686161,1288559813
2023-08-14,3.657231,3.669363,3.624569,3.660964,1038600330
2023-08-15,3.664697,3.672162,3.621769,3.657231,816519410
2023-08-16,3.641367,3.660031,3.627369,3.629235,855849476
2023-08-17,3.612437,3.647899,3.597506,3.641367,1156118339
2023-08-18,3.643233,3.652565,3.593773,3.594707,1275546546
2023-08-21,3.586308,3.596573,3.543380,3.546180,1100924357
2023-08-22,3.562978,3.584441,3.520050,3.567644,1331528873
2023-08-23,3.555512,3.565777,3.507919,3.516317,1082419722
2023-08-24,3.522850,3.564844,3.520050,3.537781,952654779
2023-08-25,3.523783,3.554579,3.516317,3.531248,1174535468
2023-08-28,3.743086,3.743086,3.555512,3.580709,2822011765
2023-08-29,3.564844,3.628302,3.562978,3.601239,2194052531
2023-08-30,3.605905,3.624569,3.592840,3.600306,1036132286
2023-08-31,3.600306,3.606838,3.574176,3.582575,838468826
2023-09-01,3.599373,3.620836,3.592840,3.604038,792692488
2023-09-04,3.630168,3.667497,3.615237,3.658165,1185523274
2023-09-05,3.648833,3.650699,3.625502,3.632968,629770096
2023-09-06,3.620837,3.632968,3.607772,3.623636,715176127
2023-09-07,3.616170,3.617104,3.570443,3.574176,941034963
2023-09-08,3.560178,3.572310,3.542447,3.554579,818635834
2023-09-11,3.555512,3.603106,3.548980,3.580709,816650788
2023-09-12,3.577909,3.589107,3.569510,3.576042,594936910
2023-09-13,3.575110,3.585375,3.534048,3.552712,1032133123
2023-09-14,3.551779,3.562978,3.532182,3.549913,928283035
2023-09-15,3.556445,3.562978,3.517251,3.534048,1190622112
2023-09-18,3.525649,3.556445,3.512584,3.546180,985926393
2023-09-19,3.542447,3.544314,3.520050,3.541514,727006269
2023-09-20,3.532182,3.539647,3.524716,3.524716,634135498
2023-09-21,3.517250,3.530315,3.491121,3.492054,899197017
2023-09-22,3.486455,3.562978,3.485522,3.562044,1247116554
2023-09-25,3.551779,3.554579,3.529382,3.535915,700905651
2023-09-26,3.533115,3.543380,3.514451,3.516317,862908481
2023-09-27,3.515384,3.550846,3.514451,3.525650,1078053958
2023-09-28,3.532182,3.537781,3.505119,3.512584,1120612353
2023-10-09,3.506052,3.516317,3.464991,3.503252,875213072
2023-10-10,3.514451,3.525650,3.475256,3.478056,927932376
2023-10-11,3.494854,3.510718,3.478056,3.485522,893498708
2023-10-12,3.518184,3.532182,3.501386,3.519117,933521569
2023-10-13,3.499520,3.500453,3.475256,3.486455,1135095339
2023-10-16,3.486455,3.488321,3.436062,3.446327,1138980584
2023-10-17,3.452859,3.464991,3.440728,3.457525,888060300
2023-10-18,3.451926,3.455659,3.429529,3.431396,810270594
2023-10-19,3.415531,3.415531,3.354873,3.359539,1690368777
2023-10-20,3.343674,3.359539,3.326877,3.342741,1740446164
2023-10-23,3.329676,3.331543,3.277417,3.307279,2710241709
2023-10-24,3.315678,3.325010,3.284882,3.311945,1535012975
2023-10-25,3.348340,3.362338,3.328743,3.330609,1383351568
2023-10-26,3.317545,3.346474,3.311012,3.342741,1143609497
2023-10-27,3.335275,3.405266,3.326877,3.393134,1647662397
2023-10-30,3.380069,3.418331,3.378203,3.408066,961401373
2023-10-31,3.401533,3.406199,3.380069,3.400600,839660029
2023-11-01,3.434196,3.434196,3.389402,3.398734,811983400
2023-11-02,3.404333,3.423930,3.381936,3.382869,1075381583
2023-11-03,3.388468,3.422997,3.387535,3.408999,1057822683
2023-11-06,3.429529,3.457525,3.428596,3.453793,1176649562
2023-11-07,3.445394,3.453793,3.430463,3.443527,657529091
2023-11-08,3.436995,3.449127,3.413665,3.433262,1135321220
2023-11-09,3.425796,3.448193,3.423930,3.436062,818569445
2023-11-10,3.422997,3.422997,3.399667,3.410865,784176792
2023-11-13,3.414598,3.421130,3.387535,3.406199,674463335
2023-11-14,3.409932,3.424863,3.392201,3.406199,753317217
2023-11-15,3.434195,3.444461,3.418331,3.429529,994063130
2023-11-16,3.424863,3.427663,3.394067,3.395934,881556665
2023-11-17,3.387535,3.395001,3.370737,3.391268,1198450872
2023-11-20,3.394068,3.412732,3.368871,3.401533,858430360
2023-11-21,3.410865,3.439795,3.396867,3.406199,931605485
2023-11-22,3.397801,3.402466,3.368871,3.369804,762202706
2023-11-23,3.367938,3.389402,3.354873,3.387535,774971808
2023-11-24,3.383802,3.384735,3.357672,3.364205,743453294
2023-11-27,3.363272,3.363272,3.319411,3.341808,776295648
2023-11-28,3.336209,3.350207,3.327810,3.345541,727483741
2023-11-29,3.346474,3.349273,3.308213,3.320344,759056998
2023-11-30,3.316611,3.333409,3.310079,3.324077,667810076
2023-12-01,3.323144,3.328743,3.283949,3.311012,860468131
2023-12-04,3.313812,3.316611,3.287682,3.288615,692522952
2023-12-05,3.283949,3.283949,3.226090,3.227024,1008789571
2023-12-06,3.223291,3.250354,3.213959,3.231690,1001944865
2023-12-07,3.229823,3.236356,3.201827,3.223291,934505826
2023-12-08,3.224224,3.241022,3.219558,3.229823,709198592
2023-12-11,3.210226,3.263419,3.186896,3.252220,998247834
2023-12-12,3.243822,3.261553,3.241022,3.259686,640724215
2023-12-13,3.249421,3.253154,3.202760,3.205560,708815211
2023-12-14,3.220491,3.233556,3.185963,3.190629,741533123
2023-12-15,3.200894,3.223291,3.177564,3.184096,899976785
2023-12-18,3.171031,3.190629,3.154234,3.171031,847303752
2023-12-19,3.170098,3.185963,3.154234,3.172898,1098536629
2023-12-20,3.176631,3.181297,3.140236,3.143969,1034717610
2023-12-21,3.130904,3.183163,3.128104,3.172898,1592448074
2023-12-22,3.170098,3.200894,3.156100,3.178497,2076526541
2023-12-25,3.177564,3.191562,3.173831,3.186896,1004146545
2023-12-26,3.185030,3.185030,3.158900,3.168232,777169320
2023-12-27,3.169165,3.183163,3.152367,3.177564,836172465
2023-12-28,3.173831,3.264352,3.172898,3.255953,2383299192
2023-12-29,3.255020,3.270885,3.249421,3.265285,2518873484
2024-01-02,3.268085,3.268085,3.220491,3.222358,942930578
2024-01-03,3.215825,3.228890,3.199028,3.213026,1061750273
2024-01-04,3.212092,3.212092,3.160766,3.185029,1666152481
2024-01-05,3.176631,3.209293,3.151434,3.169165,1699669666
2024-01-08,3.162632,3.175697,3.122505,3.125304,1730424386
2024-01-09,3.127171,3.145835,3.115972,3.132770,1131217813
2024-01-10,3.126238,3.155167,3.109440,3.117839,958254057
2024-01-11,3.117839,3.154234,3.111306,3.135570,1266237158
2024-01-12,3.127171,3.151434,3.122505,3.125304,841327273
2024-01-15,3.125304,3.125304,3.125304,3.125304,0
2024-01-16,3.116905,3.143035,3.103840,3.142102,1768952352
2024-01-17,3.132770,3.132770,3.070245,3.072112,1286215182
2024-01-18,3.067346,3.121677,3.017780,3.115005,4754351134
2024-01-19,3.096895,3.131209,3.090222,3.121677,3694452124
2024-01-22,3.112146,3.121677,3.043516,3.055908,4647056467
2024-01-23,3.049235,3.094988,3.036844,3.076877,1392480372
2024-01-24,3.087363,3.126443,3.038750,3.125490,2278936853
2024-01-25,3.116911,3.183634,3.108333,3.178868,1648701409
2024-01-26,3.172196,3.193166,3.156945,3.173149,2183305124
2024-01-29,3.175056,3.188400,3.143601,3.144554,1011393030
2024-01-30,3.127396,3.143601,3.089269,3.091176,1889262338
2024-01-31,3.081644,3.096895,3.047329,3.071158,1909099700
2024-02-01,3.050188,3.095941,3.040657,3.067346,1890997581
2024-02-02,3.067346,3.080690,2.956776,3.038750,2538694215
2024-02-05,3.010155,3.082597,2.965355,3.057814,2660178739
2024-02-06,3.035891,3.158851,3.033031,3.155992,2008918168
2024-02-07,3.155039,3.185540,3.133115,3.183634,3465814670
2024-02-08,3.195072,3.208417,3.176962,3.204604,2394261979
2024-02-19,3.216042,3.233200,3.197932,3.230340,1486187642
2024-02-20,3.224621,3.245591,3.214136,3.241778,980166818
2024-02-21,3.229387,3.332331,3.223668,3.287531,1600958050
2024-02-22,3.285625,3.314220,3.279906,3.312314,944635129
2024-02-23,3.312314,3.333284,3.301829,3.315174,1090877384
2024-02-26,3.313267,3.318986,3.276093,3.281812,1117236848
2024-02-27,3.274187,3.322799,3.272281,3.320893,1046884914
2024-02-28,3.323752,3.349488,3.284672,3.286578,2854997884
2024-02-29,3.278953,3.342816,3.276093,3.339003,1483585030
2024-03-01,3.337097,3.374271,3.331378,3.364739,1225639313
2024-03-04,3.360926,3.371411,3.343769,3.361880,1014654993
2024-03-05,3.350441,3.399054,3.343769,3.389522,2799101870
2024-03-06,3.384756,3.404773,3.372365,3.376178,1299527425
2024-03-07,3.375224,3.393335,3.350441,3.358067,1058948004
2024-03-08,3.359973,3.374271,3.339956,3.367599,862187698
2024-03-11,3.365692,3.416211,3.364739,3.413352,1120761515
2024-03-12,3.415258,3.430509,3.400960,3.418118,1105839572
2024-03-13,3.417164,3.417164,3.388569,3.398101,685870558
2024-03-14,3.393335,3.419071,3.369505,3.385709,701881148
2024-03-15,3.376177,3.399054,3.357114,3.394288,849023790
2024-03-18,3.394288,3.424790,3.394288,3.423836,787332932
2024-03-19,3.418117,3.431462,3.398101,3.401913,654875208
2024-03-20,3.394288,3.414305,3.391428,3.404773,537962049
2024-03-21,3.412398,3.425743,3.398101,3.402866,619733207
2024-03-22,3.400007,3.400960,3.347582,3.373318,1450637754
2024-03-25,3.364739,3.388569,3.352348,3.355207,630542664
2024-03-26,3.355207,3.372365,3.347582,3.365692,879103283
2024-03-27,3.360926,3.366646,3.328518,3.329471,874647452
2024-03-28,3.327565,3.378084,3.318033,3.345675,1031925094
2024-03-29,3.342816,3.364739,3.341863,3.360926,319229143
2024-04-01,3.374271,3.425743,3.373318,3.416211,1093262535
2024-04-02,3.415258,3.419070,3.394288,3.404773,583191382
2024-04-03,3.402867,3.404773,3.381897,3.391428,598346410
2024-04-08,3.383803,3.389522,3.359020,3.363786,709948668
2024-04-09,3.361879,3.368552,3.347582,3.358067,534537135
2024-04-10,3.359020,3.359020,3.317080,3.333284,681671142
2024-04-11,3.318033,3.348535,3.312314,3.330425,539115871
2024-04-12,3.330425,3.340910,3.295157,3.303735,740512912
2024-04-15,3.303735,3.379037,3.301829,3.373318,1099953730
2024-04-16,3.359020,3.369505,3.327565,3.342816,913229847
2024-04-17,3.342816,3.390475,3.327565,3.386662,996466434
2024-04-18,3.378084,3.425743,3.375224,3.392382,930219267
2024-04-19,3.379037,3.387616,3.353301,3.365692,644275741
2024-04-22,3.364739,3.385709,3.353301,3.359020,725182362
2024-04-23,3.359020,3.364739,3.329471,3.335191,942847430
2024-04-24,3.340910,3.352348,3.325659,3.348535,594231908
2024-04-25,3.339003,3.371411,3.331378,3.358067,664755214
2024-04-26,3.359020,3.413352,3.359020,3.405726,1374313959
2024-04-29,3.409539,3.467683,3.404773,3.446713,1530322426
2024-04-30,3.445760,3.454338,3.427649,3.429556,823109014
2024-05-06,3.469589,3.492466,3.464823,3.477215,1309061067
2024-05-07,3.474355,3.484840,3.466730,3.479121,686018359
2024-05-08,3.472449,3.473402,3.448619,3.451479,638775858
2024-05-09,3.450526,3.490559,3.449572,3.484840,650202324
2024-05-10,3.491513,3.498185,3.461011,3.486747,865095400
2024-05-13,3.466730,3.494372,3.449573,3.483887,741159442
2024-05-14,3.483887,3.498185,3.467683,3.478168,587666800
2024-05-15,3.476262,3.480075,3.447666,3.453385,855946284
2024-05-16,3.460058,3.480074,3.451479,3.464823,1051197527
2024-05-17,3.464823,3.506763,3.453385,3.503904,932046931
2024-05-20,3.509623,3.526780,3.498185,3.511529,936535896
2024-05-21,3.506763,3.510576,3.488653,3.500091,496983882
2024-05-22,3.498185,3.516295,3.491513,3.507717,676684556
2024-05-23,3.499138,3.501998,3.461011,3.472449,698806053
2024-05-24,3.461964,3.479121,3.429556,3.433368,841274200
2024-05-27,3.436228,3.463870,3.432415,3.461964,669622487
2024-05-28,3.461011,3.462917,3.433368,3.440041,531753198
2024-05-29,3.439088,3.462917,3.432415,3.440994,615245082
2024-05-30,3.434322,3.455292,3.420024,3.427649,777925303
2024-05-31,3.433368,3.446713,3.412398,3.414305,723218340
2024-06-03,3.412398,3.430509,3.398101,3.419070,707511590
2024-06-04,3.417164,3.454339,3.411445,3.442900,681737902
2024-06-05,3.443853,3.452432,3.428602,3.430509,583939433
2024-06-06,3.437181,3.460058,3.417164,3.430509,1026699323
2024-06-07,3.433368,3.440994,3.388569,3.408586,1028127109
2024-06-11,3.400007,3.401913,3.367599,3.384756,879916985
2024-06-12,3.378084,3.389522,3.370458,3.380943,569835311
2024-06-13,3.388569,3.391428,3.359973,3.368552,548803711
2024-06-14,3.361880,3.391428,3.352348,3.387615,674103954
2024-06-17,3.371411,3.386662,3.366645,3.378083,393017195
2024-06-18,3.382849,3.398100,3.377130,3.388569,549035200
2024-06-19,3.390475,3.394288,3.374271,3.379037,530859528
2024-06-20,3.377130,3.384756,3.351394,3.357114,554655780
2024-06-21,3.352348,3.359973,3.329471,3.351395,1965867737
2024-06-24,3.338050,3.360926,3.329471,3.335191,2087545529
2024-06-25,3.331378,3.339956,3.297063,3.315174,1738458468
2024-06-26,3.307548,3.342816,3.301829,3.335191,1045489522
2024-06-27,3.326612,3.332331,3.311361,3.317080,1433704942
2024-06-28,3.311361,3.346629,3.310408,3.323752,1275543418
2024-07-01,3.323752,3.342816,3.304689,3.337097,853604020
2024-07-02,3.330424,3.346629,3.325659,3.332331,599204907
2024-07-03,3.330424,3.339003,3.317080,3.326612,791424029
2024-07-04,3.329471,3.344722,3.310408,3.312314,1559923712
2024-07-05,3.307548,3.315173,3.267514,3.296110,1636384501
2024-07-08,3.289438,3.296110,3.265608,3.273233,942625516
2024-07-09,3.268467,3.320893,3.257983,3.308501,1068895639
2024-07-10,3.301829,3.318986,3.298016,3.300876,579282100
2024-07-11,3.326612,3.354254,3.314220,3.344722,1052437774
2024-07-12,3.346629,3.359020,3.340910,3.354254,872369380
2024-07-15,3.346629,3.365692,3.343769,3.360926,1255008224
2024-07-16,3.355207,3.388569,3.352348,3.384756,1612508698
2024-07-17,3.382850,3.402866,3.374271,3.389522,2256564400
2024-07-18,3.375224,3.411445,3.366646,3.409539,1961181500
2024-07-19,3.398101,3.437181,3.385709,3.431462,3169662602
2024-07-22,3.426696,3.429556,3.384756,3.403820,1716307285
2024-07-23,3.399054,3.403820,3.334237,3.337097,919533700
2024-07-24,3.331378,3.344722,3.303735,3.316127,1491083494
2024-07-25,3.301829,3.313267,3.279906,3.297063,2045552535
2024-07-26,3.298016,3.319940,3.290391,3.311361,1357970329
2024-07-29,3.307548,3.309454,3.291344,3.292297,594937600
2024-07-30,3.284672,3.284672,3.257029,3.270374,1525086114
2024-07-31,3.270374,3.345676,3.266561,3.343769,1538908320
2024-08-01,3.338050,3.350442,3.318033,3.319940,796540400
2024-08-02,3.298016,3.319939,3.279906,3.285625,1299773300
2024-08-05,3.270374,3.311361,3.247498,3.248451,2018310938
2024-08-06,3.267514,3.277046,3.222715,3.248451,1293627530
2024-08-07,3.241778,3.264655,3.232247,3.241778,612543796
2024-08-08,3.237012,3.268468,3.224621,3.245591,854107231
2024-08-09,3.256076,3.269421,3.233200,3.234153,604053582
2024-08-12,3.232246,3.242731,3.224621,3.230340,510219975
2024-08-13,3.232246,3.238919,3.214136,3.235106,695806300
2024-08-14,3.236059,3.236059,3.211277,3.212230,561099800
2024-08-15,3.207464,3.262749,3.203651,3.248451,1904638108
2024-08-16,3.244638,3.261795,3.238919,3.250357,1640761708
2024-08-19,3.249404,3.282765,3.247498,3.258936,747825318
2024-08-20,3.263702,3.265608,3.229387,3.243685,1594474848
2024-08-21,3.232247,3.246544,3.216043,3.229387,1055369805
2024-08-22,3.231293,3.236059,3.213183,3.220808,1250479415
2024-08-23,3.213183,3.245591,3.213183,3.234153,820342800
2024-08-26,3.236059,3.247497,3.219855,3.235106,1400679914
2024-08-27,3.228434,3.231294,3.209370,3.218902,1214220097
2024-08-28,3.212230,3.218902,3.188400,3.199838,1995580276
2024-08-29,3.192213,3.204604,3.183634,3.190306,1508247743
2024-08-30,3.185541,3.262749,3.185541,3.233200,1785899811
2024-09-02,3.222715,3.224621,3.174102,3.176009,1133306500
2024-09-03,3.174102,3.195072,3.172196,3.187447,1293552308
2024-09-04,3.175056,3.186494,3.165524,3.167430,680305800
2024-09-05,3.170290,3.183634,3.164570,3.174102,1600555757
2024-09-06,3.178868,3.188400,3.145507,3.147413,793315700
2024-09-09,3.137881,3.141694,3.097848,3.108333,1018897104
2024-09-10,3.110239,3.121677,3.087363,3.108333,866655438
2024-09-11,3.100707,3.114052,3.089269,3.101660,780890193
2024-09-12,3.106427,3.118818,3.089269,3.091176,642379317
2024-09-13,3.093081,3.104520,3.075924,3.076877,850468092
2024-09-18,3.075925,3.098801,3.064486,3.086410,1225439069
2024-09-19,3.091176,3.132162,3.065440,3.112146,1634887021
2024-09-20,3.105473,3.125490,3.087363,3.120724,2306561983
2024-09-23,3.115958,3.145507,3.110239,3.129303,897316534
2024-09-24,3.158851,3.268467,3.138835,3.266561,3918516217
2024-09-25,3.325659,3.378084,3.304689,3.311361,3237346937
2024-09-26,3.305642,3.472449,3.304689,3.469589,4442962141
2024-09-27,3.526781,3.748872,3.498185,3.687869,2559461161
2024-09-30,3.819408,4.041499,3.694541,4.034827,6370234083
2024-10-08,4.438025,4.438025,4.010998,4.205448,8629822438
2024-10-09,4.084393,4.084393,3.817502,3.833705,5409196572
2024-10-10,3.879459,3.989075,3.811782,3.894709,3779000075
2024-10-11,3.867067,3.869926,3.739340,3.790812,4090077741
2024-10-14,3.800344,3.869927,3.761264,3.850863,3104931745
2024-10-15,3.826080,3.856582,3.743153,3.746966,2613870743
2024-10-16,3.708839,3.774608,3.700260,3.723136,2161119628
2024-10-17,3.746013,3.774608,3.681196,3.682149,2935435621
2024-10-18,3.677383,3.925211,3.665945,3.827986,3620917893
2024-10-21,3.828940,3.869926,3.793672,3.827986,2529336395
2024-10-22,3.814642,3.856582,3.813689,3.850863,1666924499
2024-10-23,3.850863,3.905194,3.832752,3.865160,2266629209
2024-10-24,3.848957,3.852769,3.806063,3.823221,1598248721
2024-10-25,3.824174,3.887084,3.815595,3.850863,1685265820
2024-10-28,3.846097,3.857535,3.812735,3.856582,1396308141
2024-10-29,3.860395,3.888037,3.815595,3.825127,1794628159
2024-10-30,3.813689,3.823221,3.760311,3.785093,1812859109
2024-10-31,3.783187,3.819408,3.753638,3.785093,1763649256
2024-11-01,3.778421,3.829893,3.775561,3.792719,1817756019
2024-11-04,3.795578,3.845144,3.785093,3.843237,1249314386
2024-11-05,3.835612,3.945228,3.822267,3.943322,2763014444
2024-11-06,3.943322,3.984308,3.893756,3.918539,2173424760
2024-11-07,3.888990,4.051031,3.885178,4.049125,2788718924
2024-11-08,4.081533,4.089159,3.982402,3.997653,2808023160
2024-11-11,3.957619,4.021483,3.936649,4.017670,2304365136
2024-11-12,4.012904,4.068189,3.950947,3.973824,2304166776
2024-11-13,3.955713,4.009091,3.951900,3.998607,1572794347
2024-11-14,3.991934,4.006232,3.924258,3.930930,1443885260
2024-11-15,3.921398,3.940462,3.860395,3.865160,1676993542
2024-11-18,3.880412,3.925211,3.825127,3.848957,1610092584
2024-11-19,3.850863,3.870880,3.794625,3.868020,1670544920
2024-11-20,3.856582,3.893756,3.848957,3.877552,1548530434
2024-11-21,3.869926,3.890896,3.858488,3.882318,1045470681
2024-11-22,3.880412,3.883271,3.761264,3.767936,1757191250
2024-11-25,3.769842,3.786046,3.711698,3.746966,1359085769
2024-11-26,3.730762,3.770795,3.729808,3.739340,784707886
2024-11-27,3.732668,3.805110,3.718370,3.800344,1451987366
2024-11-28,3.797485,3.802251,3.763170,3.772702,1072407289
2024-11-29,3.774608,3.857535,3.771749,3.813689,1529771604
2024-12-02,3.809876,3.853723,3.800344,3.842284,981634781
2024-12-03,3.841331,3.862301,3.817502,3.846097,1524423707
2024-12-04,3.841331,3.851816,3.815595,3.826080,1006947918
2024-12-05,3.818455,3.833706,3.807017,3.819408,759522918
2024-12-06,3.819408,3.893756,3.818455,3.867067,1776229382
2024-12-09,3.864208,3.888990,3.841331,3.864208,1246418685
2024-12-10,3.983355,4.001466,3.882318,3.893756,2482795311
2024-12-11,3.887084,3.902335,3.874693,3.884224,1258715973
2024-12-12,3.886131,3.929024,3.875646,3.924258,1360180433
2024-12-13,3.900429,3.900429,3.824174,3.831799,2346569729
2024-12-16,3.829893,3.832752,3.799391,3.808923,989323074
2024-12-17,3.806063,3.853723,3.804157,3.819408,1364669228
2024-12-18,3.831799,3.849910,3.827033,3.835612,1023609617
2024-12-19,3.812736,3.848957,3.794625,3.841331,990362211
2024-12-20,3.835612,3.855629,3.824174,3.829893,1223061986
2024-12-23,3.828940,3.863254,3.827033,3.833705,1424702200
2024-12-24,3.835612,3.885178,3.833705,3.878505,1456343427
2024-12-25,3.881365,3.902335,3.864207,3.881365,1418137500
2024-12-26,3.881365,3.888037,3.866114,3.882318,947023402
2024-12-27,3.885178,3.907101,3.870880,3.876599,1086963910
2024-12-30,3.875646,3.901382,3.874693,3.894709,1311933462
2024-12-31,3.895662,3.902335,3.831799,3.833705,1843618788
2025-01-02,3.831799,3.832752,3.699307,3.725996,2172980338
2025-01-03,3.725996,3.737434,3.672618,3.687869,1593022599
2025-01-06,3.684056,3.691681,3.648788,3.672618,1298673930
2025-01-07,3.664992,3.700260,3.656414,3.698354,968974000
2025-01-08,3.688822,3.716464,3.636397,3.692635,1409796811
2025-01-09,3.682149,3.698354,3.676430,3.685009,806065805
2025-01-10,3.684056,3.693588,3.643069,3.644022,826572500
2025-01-13,3.623052,3.646881,3.615426,3.629724,949394700
2025-01-14,3.636397,3.734574,3.630677,3.723136,1644546233
2025-01-15,3.713604,3.721230,3.695494,3.701213,742049621
2025-01-16,3.713604,3.748872,3.680243,3.703120,1109005172
2025-01-17,3.693588,3.738387,3.686915,3.715511,847699295
2025-01-20,3.737434,3.764123,3.725043,3.733621,920294300
2025-01-21,3.752685,3.756498,3.722183,3.738387,743926440
2025-01-22,3.732668,3.732668,3.686915,3.704072,1099680655
2025-01-23,3.731715,3.772702,3.711698,3.714558,1038592839
2025-01-24,3.706932,3.758404,3.701213,3.745059,1143647489
2025-01-27,3.751732,3.760310,3.721230,3.724089,1305384964
2025-02-05,3.746013,3.749825,3.697400,3.705026,751549710
2025-02-06,3.702166,3.752685,3.699307,3.747919,1388636482
2025-02-07,3.748872,3.826080,3.742200,3.801297,1930631373
2025-02-10,3.802251,3.812736,3.787953,3.805110,1267264550
2025-02-11,3.809876,3.810829,3.777468,3.789859,999035889
2025-02-12,3.787953,3.830846,3.774608,3.826080,978953664
2025-02-13,3.821314,3.845144,3.810829,3.816548,1175822696
2025-02-14,3.812736,3.850863,3.809876,3.845144,1292428680
2025-02-17,3.854676,3.863254,3.824174,3.851816,1334102006
2025-02-18,3.846097,3.868020,3.808923,3.824174,1246591063
2025-02-19,3.817502,3.851816,3.812736,3.844191,1019076858
2025-02-20,3.840378,3.844191,3.820361,3.832752,1018603498
2025-02-21,3.843238,3.888990,3.831799,3.884224,1437266514
2025-02-24,3.879459,3.897569,3.851816,3.871833,1538578218
2025-02-25,3.846097,3.861348,3.820361,3.832752,892489991
2025-02-26,3.839425,3.865161,3.830846,3.864208,1345658133
2025-02-27,3.866114,3.878505,3.839425,3.876599,1128585642
2025-02-28,3.859441,3.874693,3.795578,3.807016,1329334000
2025-03-03,3.807970,3.838472,3.780327,3.794625,1145768613
2025-03-04,3.774608,3.797485,3.766983,3.790812,1012184770
2025-03-05,3.793672,3.811782,3.782234,3.807016,1191901642
2025-03-06,3.827033,3.871833,3.823221,3.859441,1371007879
2025-03-07,3.850863,3.870880,3.841331,3.849910,1155997084
2025-03-10,3.848004,3.852769,3.811783,3.834659,1442783688
2025-03-11,3.807017,3.847050,3.803204,3.846097,1002917003
2025-03-12,3.848957,3.860395,3.829893,3.836565,609231681
2025-03-13,3.835612,3.844191,3.806063,3.817502,641043804
2025-03-14,3.824174,3.920445,3.822268,3.913773,1903718328
2025-03-17,3.925212,3.929978,3.896616,3.902335,1133042029
2025-03-18,3.915679,3.922352,3.899475,3.910914,811404323
2025-03-19,3.906148,3.928071,3.892803,3.916633,879831286
2025-03-20,3.916633,3.916633,3.877552,3.885178,875142561
2025-03-21,3.872786,3.888037,3.812735,3.822268,1014915677
2025-03-24,3.821314,3.842284,3.816548,3.838471,791222086
2025-03-25,3.839425,3.849910,3.828940,3.840378,611531644
2025-03-26,3.836565,3.850863,3.822268,3.825127,774255385
2025-03-27,3.823221,3.860395,3.807969,3.838471,801525164
2025-03-28,3.838472,3.840378,3.812736,3.820361,704304791
2025-03-31,3.816549,3.835612,3.783187,3.797485,902172863
2025-04-01,3.801297,3.815595,3.792719,3.795578,615015541
2025-04-02,3.796532,3.808923,3.785093,3.792719,629117600
2025-04-03,3.763170,3.793672,3.758404,3.773655,1114330792
2025-04-07,3.622099,3.660226,3.435275,3.522014,6560988000
2025-04-08,3.524874,3.563955,3.499138,3.555376,5853533299
2025-04-09,3.522015,3.597316,3.505810,3.589691,1698201419
2025-04-10,3.638303,3.666898,3.620193,3.649741,1429631663
2025-04-11,3.631631,3.670711,3.622099,3.660226,861984187
2025-04-14,3.678337,3.684056,3.662133,3.667852,941570983
2025-04-15,3.664039,3.676430,3.645928,3.670711,981793477
2025-04-16,3.661179,3.687868,3.632584,3.679290,2177133740
2025-04-17,3.662133,3.689775,3.661180,3.682149,1387340598
2025-04-18,3.676430,3.697400,3.666898,3.691681,1378050739
2025-04-21,3.684056,3.704072,3.676430,3.693588,712631513
2025-04-22,3.693588,3.710745,3.691681,3.696447,752043609
2025-04-23,3.709792,3.724090,3.691681,3.700260,615504094
2025-04-24,3.700260,3.720277,3.689775,3.700260,487361469
2025-04-25,3.705026,3.716464,3.693588,3.700260,577193480
2025-04-28,3.701213,3.704073,3.683103,3.694541,624709030
2025-04-29,3.692635,3.698354,3.681196,3.687869,494734986
2025-04-30,3.688821,3.704072,3.683103,3.685009,500453684
2025-05-06,3.704073,3.723136,3.698354,3.720277,717825309
2025-05-07,3.765077,3.776515,3.726949,3.743153,1047081171
2025-05-08,3.734574,3.780327,3.734574,3.765076,782005719
2025-05-09,3.761264,3.765076,3.747919,3.760310,693374829
2025-05-12,3.777468,3.805110,3.771749,3.803204,836500229
2025-05-13,3.823221,3.824174,3.801297,3.807016,793400917
2025-05-14,3.807970,3.875646,3.805110,3.855629,1214790218
2025-05-15,3.848957,3.851816,3.816548,3.823221,817722375
2025-05-16,3.814642,3.821314,3.790812,3.802251,730283731
2025-05-19,3.797485,3.801297,3.779374,3.796531,556298093
2025-05-20,3.797485,3.827987,3.793672,3.815595,549987479
2025-05-21,3.816549,3.842285,3.815595,3.830846,560603133
2025-05-22,3.829893,3.838472,3.815595,3.828940,491932009
2025-05-23,3.841331,3.842284,3.800344,3.801297,845089070
2025-05-26,3.795578,3.806063,3.770796,3.781281,740485719
2025-05-27,3.779374,3.783187,3.754591,3.761264,578288400
2025-05-28,3.762217,3.770796,3.753638,3.757451,539920166
2025-05-29,3.760310,3.792719,3.754591,3.780327,891039442
2025-05-30,3.773655,3.778421,3.747919,3.773655,737030741
2025-06-03,3.761264,3.786046,3.757451,3.771749,596786798
2025-06-04,3.773655,3.798438,3.772702,3.787953,464543350
2025-06-05,3.791765,3.807016,3.781281,3.797485,531965733
2025-06-06,3.800344,3.811782,3.791765,3.799391,488880795
2025-06-09,3.802251,3.822268,3.797485,3.807970,581098178
2025-06-10,3.809876,3.817502,3.772702,3.786046,771051770
2025-06-11,3.787953,3.835612,3.787953,3.816548,1103509525
2025-06-12,3.810829,3.825127,3.793672,3.818455,690087151
2025-06-13,3.810829,3.814642,3.781280,3.793672,698016832
2025-06-16,3.787953,3.807017,3.785093,3.803204,649326744
2025-06-17,3.804157,3.809876,3.787953,3.802251,482891300
2025-06-18,3.804200,3.811023,3.783732,3.805175,480803410
2025-06-19,3.799327,3.800301,3.765212,3.774959,600788572
2025-06-20,3.773985,3.789580,3.773010,3.779833,423044140
2025-06-23,3.771061,3.803225,3.764238,3.792504,749244714
2025-06-24,3.797377,3.850010,3.797377,3.836365,1224554880
2025-06-25,3.839289,3.901668,3.835390,3.899719,1724116122
2025-06-26,3.893871,3.902643,3.884124,3.885099,937967872
2025-06-27,3.888998,3.911415,3.857808,3.862681,1069691383
2025-06-30,3.860732,3.884124,3.855858,3.881200,1081958996
2025-07-01,3.879251,3.890947,3.868529,3.887048,640686095
2025-07-02,3.884124,3.897770,3.874377,3.890947,518883509
2025-07-03,3.892896,3.918238,3.889972,3.913365,686381903
2025-07-04,3.909466,3.962099,3.902643,3.929935,1052562084
2025-07-07,3.924087,3.929935,3.903618,3.912390,402251440
2025-07-08,3.914339,3.953327,3.911416,3.945529,612248738
2025-07-09,3.945529,3.965998,3.937732,3.942605,647660804
2025-07-10,3.942606,3.986467,3.941631,3.962099,632387667
2025-07-11,3.963074,4.025454,3.962099,3.975745,1264855146
2025-07-14,3.974770,3.990365,3.972821,3.974770,820547885
2025-07-15,3.978669,4.000112,3.950403,3.974770,807481346
2025-07-16,3.975745,3.989390,3.953327,3.965998,479181889
2025-07-17,3.965998,3.999137,3.965023,3.998163,597822533
2025-07-18,4.004011,4.031302,4.001087,4.027403,713129616
2025-07-21,4.032277,4.054694,4.029352,4.051770,767461325
2025-07-22,4.053720,4.096606,4.037150,4.094657,1082109050
2025-07-23,4.097581,4.126821,4.081986,4.092707,994731531
2025-07-24,4.088808,4.120973,4.083935,4.118049,885235951
2025-07-25,4.118049,4.118049,4.086859,4.096606,820085976
2025-07-28,4.096606,4.116099,4.080036,4.107327,602771297
2025-07-29,4.101480,4.128771,4.085884,4.127796,805978553
2025-07-30,4.119999,4.157036,4.100504,4.124872,950252156
2025-07-31,4.114151,4.114151,4.037150,4.049821,1122912575
2025-08-01,4.042998,4.056644,4.013757,4.028378,611567102
2025-08-04,4.017657,4.048846,4.012783,4.046897,435567200
2025-08-05,4.048846,4.079061,4.045922,4.077112,548068072
2025-08-06,4.075163,4.092707,4.070289,4.087833,408944907
2025-08-07,4.089783,4.103429,4.065416,4.086859,533965616
2025-08-08,4.081986,4.094657,4.069315,4.077112,423062400
2025-08-11,4.077112,4.111226,4.077112,4.095631,688151892
2025-08-12,4.093682,4.129745,4.093682,4.120973,482487210
2025-08-13,4.126821,4.163859,4.121948,4.155087,758840813
2025-08-14,4.157036,4.194075,4.140467,4.148264,887934379
2025-08-15,4.134619,4.193100,4.132669,4.186277,1071833947
2025-08-18,4.189201,4.249632,4.176530,4.217467,1009247534
2025-08-19,4.216492,4.236961,4.188226,4.196023,774332431
2025-08-20,4.186277,4.254505,4.158986,4.253530,1378416563
2025-08-21,4.257429,4.282771,4.247682,4.267176,913002468
2025-08-22,4.264252,4.370493,4.263277,4.365619,1360263420
2025-08-25,4.387062,4.456265,4.383164,4.449442,1456091826
2025-08-26,4.438721,4.456265,4.412404,4.426050,1114294146
2025-08-27,4.426050,4.468936,4.359771,4.361721,1412690404
2025-08-28,4.355872,4.445543,4.339303,4.443594,1276415694
2025-08-29,4.434822,4.496227,4.425075,4.484531,1355057364
2025-09-01,4.490379,4.506949,4.464062,4.499151,1193986671
2025-09-02,4.496227,4.525468,4.434822,4.473810,1034412186
2025-09-03,4.475759,4.492329,4.405581,4.433847,918862472
2025-09-04,4.430923,4.439695,4.304214,4.343201,1420822833
2025-09-05,4.337353,4.447493,4.329556,4.438721,1060332474
2025-09-08,4.438721,4.457240,4.409480,4.439695,1034021993
2025-09-09,4.429949,4.448468,4.388037,4.413379,680354536
2025-09-10,4.411429,4.446518,4.392910,4.423126,608658332
2025-09-11,4.412404,4.543987,4.402658,4.542037,978341822
2025-09-12,4.543987,4.545936,4.498176,4.504025,915858027
2025-09-15,4.504999,4.543987,4.497202,4.511822,721191518
2025-09-16,4.514746,4.534240,4.474784,4.503050,788903361
2025-09-17,4.498176,4.541063,4.482581,4.535214,715407882
2025-09-18,4.537164,4.557632,4.438720,4.477708,1187372710
2025-09-19,4.473809,4.515721,4.470885,4.487455,731613811
2025-09-22,4.487455,4.504024,4.466012,4.502075,629276623
2025-09-23,4.509873,4.538139,4.442620,4.505000,1055000135
2025-09-24,4.480632,4.545936,4.479658,4.544961,1004485867
2025-09-25,4.544962,4.598569,4.539114,4.576152,771336231
2025-09-26,4.558607,4.580050,4.532290,4.533265,715305937
2025-09-29,4.530341,4.634633,4.522544,4.608316,1195436520
2025-09-30,4.614165,4.629759,4.600519,4.620987,740380927
2025-10-09,4.633658,4.713582,4.629759,4.694088,897090608
2025-10-10,4.665823,4.672645,4.584923,4.599544,1174642559
2025-10-13,4.481607,4.584924,4.479658,4.573227,965836187
2025-10-14,4.605392,4.620012,4.503050,4.527417,1161909516
2025-10-15,4.530341,4.595646,4.509873,4.586873,997401276
2025-10-16,4.570303,4.626835,4.570303,4.601493,812463337
2025-10-17,4.595645,4.604417,4.495253,4.506949,840058205
2025-10-20,4.533265,4.559582,4.506949,4.522543,764417805
2025-10-21,4.538139,4.603443,4.534240,4.590772,959868519
2025-10-22,4.571278,4.588823,4.549835,4.576152,554484198
2025-10-23,4.568354,4.599544,4.524493,4.593696,699342841
2025-10-27,4.686291,4.708709,4.674595,4.703835,758524912
2025-10-28,4.693114,4.727228,4.670696,4.680443,725949138
2025-10-29,4.688240,4.740873,4.688240,4.738924,679278356
2025-10-30,4.735025,4.750620,4.694088,4.700911,816461854
2025-10-31,4.697012,4.703835,4.634633,4.635607,1432568620
2025-11-03,4.631709,4.646329,4.585898,4.642430,775988137
2025-11-04,4.639506,4.652177,4.586873,4.609291,1201524329
2025-11-05,4.573227,4.630734,4.549835,4.615139,763353285
2025-11-06,4.621962,4.691165,4.621962,4.683367,732664905
2025-11-07,4.668747,4.690190,4.653152,4.673620,539255553
2025-11-10,4.675569,4.689215,4.642430,4.685317,448348844
2025-11-11,4.692139,4.701886,4.636582,4.642430,565193563
2025-11-12,4.633658,4.661924,4.611240,4.644379,523690675
2025-11-13,4.636582,4.693114,4.631708,4.690189,645956059
2025-11-14,4.663873,4.674595,4.619038,4.620987,593631715
2025-11-17,4.610265,4.620012,4.572253,4.590772,752466929
2025-11-18,4.581025,4.597595,4.545936,4.564456,856823933
2025-11-19,4.559582,4.597594,4.559582,4.578101,856961494
2025-11-20,4.604417,4.609291,4.554708,4.557632,561939501
2025-11-21,4.527417,4.536189,4.446518,4.448468,1496400410
2025-11-24,4.463088,4.468936,4.418253,4.441645,1155747722
2025-11-25,4.464062,4.505974,4.463088,4.480632,895940577
2025-11-26,4.483556,4.528392,4.477708,4.508898,914079306
2025-11-27,4.511822,4.555683,4.501101,4.505000,479369411
2025-11-28,4.504025,4.524493,4.486481,4.517671,519234054
2025-12-01,4.528392,4.569329,4.521569,4.568354,578301370
2025-12-02,4.567379,4.567379,4.533265,4.547885,383444900
2025-12-03,4.546911,4.565430,4.517671,4.527417,395034780
2025-12-04,4.530341,4.552759,4.510847,4.539114,402618836
2025-12-05,4.538139,4.590772,4.525468,4.579075,687203054
2025-12-08,4.591746,4.633658,4.589797,4.612215,826343751
2025-12-09,4.607341,4.619037,4.575176,4.588822,700105499
2025-12-10,4.581025,4.589797,4.540088,4.582974,620776436
2025-12-11,4.588823,4.602468,4.543987,4.549835,619944253
2025-12-12,4.559582,4.582975,4.530341,4.575177,867153920
2025-12-15,4.555683,4.592721,4.434822,4.548860,691785514
2025-12-16,4.542037,4.548860,4.484531,4.503050,769355001
2025-12-17,4.502075,4.595645,4.499151,4.580050,1085613318
2025-12-18,4.564455,4.573227,4.543012,4.549835,678018855
2025-12-19,4.561531,4.594671,4.547885,4.569329,831788937
2025-12-22,4.582974,4.615139,4.582974,4.610265,837121964
2025-12-23,4.615139,4.642430,4.606367,4.620012,808340536
2025-12-24,4.620012,4.644379,4.606366,4.636582,533429378
2025-12-25,4.629759,4.656075,4.623911,4.645354,427244304
2025-12-26,4.645354,4.679468,4.634633,4.662899,816080091
2025-12-29,4.659000,4.672646,4.628785,4.642430,852905033
2025-12-30,4.625860,4.668747,4.621962,4.652177,477224225
2025-12-31,4.656076,4.667772,4.621962,4.632683,666829236
2026-01-05,4.661924,4.725279,4.659000,4.721380,1017132485
2026-01-06,4.727228,4.795456,4.725278,4.794481,1052301545
2026-01-07,4.795456,4.802279,4.752570,4.776937,933402554
2026-01-08,4.764266,4.770114,4.720405,4.739899,682719778
2026-01-09,4.734050,4.778886,4.721380,4.761342,1134855258
2026-01-12,4.769140,4.804228,4.737950,4.788633,1333075333
2026-01-13,4.797405,4.839317,4.752570,4.772063,1271783195
2026-01-14,4.772063,4.823722,4.718456,4.742823,2136722288
2026-01-15,4.726253,4.770114,4.720405,4.751595,5217148860
2026-01-16,4.780836,4.794481,4.715531,4.736000,5320166468
2026-01-19,4.737000,4.769000,4.718000,4.738000,2913439864
2026-01-20,4.735000,4.751000,4.688000,4.724000,2886765633
2026-01-21,4.709000,4.764000,4.709000,4.730000,4903973986
2026-01-22,4.741000,4.760000,4.703000,4.727000,4316344208
2026-01-23,4.732000,4.742000,4.687000,4.704000,6769378109
2026-01-26,4.712000,4.760000,4.694000,4.712000,5939852882
2026-01-27,4.712000,4.742000,4.679000,4.710000,4339135015
2026-01-28,4.725000,4.743000,4.704000,4.725000,8497782253
2026-01-29,4.724000,4.779000,4.704000,4.768000,3545664739
2026-01-30,4.736000,4.758000,4.642000,4.711000,1670274801
2026-02-02,4.680000,4.719000,4.591000,4.600000,2651134391
2026-02-03,4.640000,4.668000,4.585000,4.664000,1052944612
2026-02-04,4.652000,4.709000,4.643000,4.707000,1052505916
2026-02-05,4.680000,4.695000,4.645000,4.679000,933982876
2026-02-06,4.643000,4.691000,4.610000,4.649000,881673740
2026-02-09,4.695000,4.730000,4.686000,4.727000,701119504
2026-02-10,4.733000,4.739000,4.720000,4.733000,680461663
2026-02-11,4.727000,4.732000,4.714000,4.723000,372078690
2026-02-12,4.729000,4.735000,4.716000,4.727000,398012411
2026-02-13,4.714000,4.714000,4.667000,4.671000,1367357151
2026-02-24,4.725000,4.736000,4.705000,4.716000,624245587
2026-02-25,4.717000,4.778000,4.716000,4.750000,873403106
2026-02-26,4.751000,4.754000,4.712000,4.735000,766372132
2026-02-27,4.720000,4.732000,4.700000,4.725000,606245261
2026-03-02,4.694000,4.743000,4.674000,4.739000,1242367525
2026-03-03,4.741000,4.751000,4.665000,4.678000,966557866
2026-03-04,4.640000,4.650000,4.587000,4.610000,829224020
2026-03-05,4.647000,4.678000,4.639000,4.654000,568420959
2026-03-06,4.640000,4.682000,4.624000,4.667000,504375859
2026-03-09,4.623000,4.638000,4.560000,4.629000,838098260
2026-03-10,4.642000,4.689000,4.641000,4.683000,546012517
2026-03-11,4.686000,4.719000,4.682000,4.711000,593712221
2026-03-12,4.711000,4.711000,4.665000,4.694000,343383626
2026-03-13,4.672000,4.716000,4.670000,4.677000,325112905
2026-03-16,4.675000,4.686000,4.632000,4.680000,403862701
2026-03-17,4.686000,4.731000,4.645000,4.646000,723337660
2026-03-18,4.652000,4.670000,4.616000,4.662000,770262709
2026-03-19,4.621000,4.641000,4.581000,4.599000,772241809
2026-03-20,4.598000,4.635000,4.573000,4.576000,761273568
2026-03-23,4.528000,4.537000,4.406000,4.430000,1523498110
2026-03-24,4.463000,4.480000,4.405000,4.479000,850435100
2026-03-25,4.510000,4.549000,4.504000,4.544000,867712637
2026-03-26,4.536000,4.547000,4.477000,4.488000,474242414
2026-03-27,4.450000,4.530000,4.445000,4.508000,562690826
2026-03-30,4.462000,4.505000,4.453000,4.500000,543994287
2026-03-31,4.501000,4.529000,4.462000,4.463000,530565553
2026-04-01,4.520000,4.542000,4.501000,4.534000,501228066
2026-04-02,4.521000,4.526000,4.470000,4.489000,466351103
2026-04-03,4.495000,4.506000,4.446000,4.454000,426109595
2026-04-07,4.455000,4.470000,4.431000,4.446000,428568561
2026-04-08,4.519000,4.604000,4.517000,4.602000,996884580
2026-04-09,4.573000,4.586000,4.560000,4.572000,704955323
2026-04-10,4.588000,4.664000,4.588000,4.642000,906387271
2026-04-13,4.629000,4.660000,4.623000,4.652000,392892599
2026-04-14,4.679000,4.712000,4.663000,4.712000,427657077
2026-04-15,4.732000,4.746000,4.684000,4.694000,675980605
2026-04-16,4.704000,4.747000,4.700000,4.746000,853234423
2026-04-17,4.737000,4.750000,4.722000,4.739000,736150074
2026-04-20,4.735000,4.777000,4.728000,4.765000,762457819
2026-04-21,4.764000,4.786000,4.730000,4.776000,636108137
2026-04-22,4.760000,4.813000,4.756000,4.811000,1012592563
2026-04-23,4.820000,4.834000,4.772000,4.801000,1008518112
2026-04-24,4.785000,4.798000,4.750000,4.782000,719322606
2026-04-27,4.786000,4.810000,4.773000,4.782000,928036020
2026-04-28,4.766000,4.790000,4.757000,4.770000,864420229
2026-04-29,4.755000,4.828000,4.755000,4.821000,1279679774
2026-04-30,4.830000,4.841000,4.808000,4.824000,1651786402
2026-05-06,4.866000,4.914000,4.852000,4.888000,1867782757
2026-05-07,4.905000,4.914000,4.879000,4.912000,2094622649
2026-05-08,4.890000,4.902000,4.862000,4.886000,1253564919
2026-05-11,4.911000,4.980000,4.900000,4.966000,2116521779
2026-05-12,4.975000,4.987000,4.944000,4.963000,1002170459
2026-05-13,4.940000,5.023000,4.939000,5.017000,1272615005
2026-05-14,5.037000,5.041000,4.931000,4.941000,1028164563
2026-05-15,4.935000,4.954000,4.852000,4.878000,1047902445
2026-05-18,4.855000,4.885000,4.819000,4.852000,583576370
2026-05-19,4.843000,4.874000,4.789000,4.869000,967499889
2026-05-20,4.845000,4.882000,4.840000,4.871000,959720086
2026-05-21,4.897000,4.954000,4.801000,4.808000,1205577337
2026-05-22,4.828000,4.868000,4.807000,4.862000,1325051845
2026-05-25,4.880000,4.938000,4.872000,4.937000,1625055928
2026-05-26,4.912000,4.975000,4.910000,4.972000,968675161
2026-05-27,4.963000,4.993000,4.913000,4.932000,640521540
2026-05-28,4.917000,4.948000,4.866000,4.932000,439649824
2026-05-29,4.946000,4.978000,4.900000,4.923000,656685445
2026-06-01,4.923000,4.940000,4.861000,4.868000,499092716
2026-06-02,4.867000,4.956000,4.856000,4.936000,680943744
2026-06-03,4.938000,5.016000,4.928000,4.965000,760461891
2026-06-04,4.919000,4.961000,4.910000,4.926000,609728284
2026-06-05,4.909000,4.948000,4.825000,4.843000,618292734
2026-06-08,4.790000,4.808000,4.705000,4.739000,923272364
2026-06-09,4.764000,4.828000,4.741000,4.826000,436164482
2026-06-10,4.790000,4.814000,4.751000,4.784000,393162295
2026-06-11,4.766000,4.793000,4.718000,4.751000,416068768
2026-06-12,4.810000,4.846000,4.789000,4.818000,780885896
2026-06-15,4.858000,4.920000,4.839000,4.919000,1623300671
2026-06-16,4.920000,4.933000,4.893000,4.910000,908529432
2026-06-17,4.898000,4.960000,4.894000,4.958000,1391186980
2026-06-18,4.943000,5.001000,4.941000,4.984000,1293343039
2026-06-22,4.983000,5.095000,4.954000,5.091000,1913157765
2026-06-23,5.079000,5.095000,4.915000,4.942000,2617335439
2026-06-24,4.929000,4.978000,4.916000,4.967000,2590673409
2026-06-25,4.973000,5.055000,4.966000,5.048000,2640608736
2026-06-26,5.008000,5.015000,4.880000,4.907000,958242943
2026-06-29,4.897000,4.966000,4.866000,4.959000,1484805733
2026-06-30,4.947000,5.022000,4.942000,5.019000,2029721263
2026-07-01,5.009000,5.054000,4.957000,4.998000,962619027
2026-07-02,4.955000,4.960000,4.835000,4.850000,1369153610
2026-07-03,4.830000,4.927000,4.828000,4.876000,1998330782
2026-07-06,4.900000,4.914000,4.831000,4.877000,617991815
2026-07-07,4.858000,4.877000,4.796000,4.826000,698696778
2026-07-08,4.836000,4.872000,4.793000,4.798000,484684769
2026-07-09,4.813000,4.925000,4.777000,4.916000,955859248
2026-07-10,4.918000,4.949000,4.827000,4.829000,824280021
2026-07-13,4.802000,4.821000,4.719000,4.744000,1619052968
2026-07-14,4.744000,4.838000,4.696000,4.837000,1808440038
2026-07-15,4.829000,4.870000,4.819000,4.838000,722032704
2026-07-16,4.775000,4.825000,4.724000,4.753000,1657822791
2026-07-17,4.720000,4.730000,4.546000,4.589000,3164775715
2026-07-20,4.630000,4.685000,4.577000,4.650000,4010453802
2026-07-21,4.677000,4.789000,4.617000,4.787000,2738832112
2026-07-22,4.750000,4.823000,4.750000,4.765000,1265037941
2026-07-23,4.774000,4.795000,4.755000,4.787000,581178559
2026-07-24,4.750000,4.759000,4.699000,4.701000,1024763152
2026-07-27,4.702000,4.758000,4.674000,4.753000,971592730
2026-07-28,4.690000,4.700000,4.609000,4.627000,1685398667
2026-07-29,4.624000,4.686000,4.574000,4.657000,1509202712
2026-07-30,4.630000,4.655000,4.536000,4.605000,1512038903
2026-07-31,4.680000,4.703000,4.644000,4.653000,1501626267
2026-08-03,4.624000,4.638000,4.591000,4.599000,926392107
2026-08-04,4.618000,4.672000,4.615000,4.651000,1173042866
2026-08-05,4.620000,4.737000,4.613000,4.714000,1424565836
2026-08-06,4.688000,4.731000,4.668000,4.709000,878355996
2026-08-07,4.706000,4.764000,4.706000,4.751000,943535585
2026-08-10,,,,,174479441
