date,open,high,low,close,volume
2017-06-16,5.206490,5.215562,5.190829,5.199901,21028444
2017-06-19,5.200722,5.245233,5.190829,5.237813,43670972
2017-06-20,5.242760,5.277378,5.240287,5.253475,41008982
2017-06-21,5.256769,5.262537,5.221330,5.262537,40109818
2017-06-22,5.268305,5.284788,5.185061,5.187534,48233549
2017-06-23,5.192481,5.205669,5.129844,5.203196,61710371
2017-06-26,5.202374,5.300450,5.199070,5.297976,52130169
2017-06-27,5.301271,5.307048,5.266663,5.283967,34468128
2017-06-28,5.273252,5.297155,5.258422,5.267485,42306648
2017-06-29,5.268305,5.321880,5.268305,5.298807,45688817
2017-06-30,5.294682,5.328479,5.269127,5.315290,30783238
2017-07-03,5.311986,5.357318,5.308691,5.350729,32421523
2017-07-04,5.347435,5.349077,5.308692,5.328478,25838738
2017-07-05,5.324353,5.365560,5.313638,5.361444,39877769
2017-07-06,5.361444,5.377927,5.320237,5.361444,50518603
2017-07-07,5.349078,5.404304,5.345783,5.395231,16810497
2017-07-10,5.395231,5.410071,5.358970,5.377105,23482852
2017-07-11,5.372980,5.372980,5.314459,5.317763,21221509
2017-07-12,5.306218,5.358970,5.241107,5.310343,76122475
2017-07-13,5.306218,5.344961,5.295503,5.316111,63508763
2017-07-14,5.316933,5.322701,5.283146,5.302102,37145570
2017-07-17,5.285619,5.288093,5.086154,5.094405,108636324
2017-07-18,5.083690,5.142201,5.068850,5.140559,50999351
2017-07-19,5.130665,5.260064,5.118298,5.255948,34490790
2017-07-20,5.251823,5.297977,5.245234,5.280673,36974863
2017-07-21,5.267484,5.312816,5.267484,5.299628,47054129
2017-07-24,5.298808,5.354846,5.297156,5.340837,33088269
2017-07-25,5.342488,5.344961,5.294682,5.339193,19985965
2017-07-26,5.330943,5.340015,5.297156,5.329300,17694646
2017-07-27,5.325174,5.379579,5.287262,5.363086,26921247
2017-07-28,5.346603,5.411723,5.346603,5.392757,28787545
2017-07-31,5.391936,5.470234,5.373801,5.466939,35759612
2017-08-01,5.468592,5.468592,5.433974,5.452109,22861573
2017-08-02,5.452930,5.476833,5.415839,5.427375,32805034
2017-08-03,5.418313,5.464467,5.413366,5.429849,27196991
2017-08-04,5.423259,5.468592,5.392758,5.398535,40045153
2017-08-07,5.386989,5.478476,5.386989,5.475181,31944934
2017-08-08,5.475181,5.490843,5.452109,5.469413,24579364
2017-08-09,5.467761,5.513924,5.457876,5.505673,20601758
2017-08-10,5.497432,5.504031,5.417491,5.460351,37903017
2017-08-11,5.441394,5.452108,5.337540,5.358149,53606772
2017-08-14,5.340836,5.469413,5.340836,5.466939,42039159
2017-08-15,5.456225,5.480128,5.440564,5.470234,27296455
2017-08-16,5.466940,5.487548,5.429849,5.476833,19546309
2017-08-17,5.474360,5.533702,5.470234,5.531229,34669170
2017-08-18,5.507325,5.521335,5.489190,5.507325,35710012
2017-08-21,5.521335,5.562551,5.511451,5.560899,19655007
2017-08-22,5.555131,5.557605,5.525461,5.538649,23274897
2017-08-23,5.527934,5.539470,5.475181,5.495790,19506221
2017-08-24,5.494959,5.500736,5.446331,5.455403,22559143
2017-08-25,5.454573,5.526282,5.453751,5.513093,55662787
2017-08-28,5.522167,5.600464,5.511452,5.575740,77206044
2017-08-29,5.575740,5.590571,5.540291,5.556774,32412166
2017-08-30,5.555131,5.612821,5.547711,5.595517,30625781
2017-08-31,5.596339,5.622715,5.580677,5.614473,24575720
2017-09-01,5.616947,5.675468,5.599633,5.672163,48735379
2017-09-04,5.670521,5.708433,5.658154,5.695245,44175373
2017-09-05,5.695245,5.707612,5.662279,5.699361,27171888
2017-09-06,5.686182,5.738926,5.670521,5.730684,19241546
2017-09-07,5.730684,5.743051,5.680405,5.688656,21590490
2017-09-08,5.687004,5.737284,5.670521,5.706782,25098901
2017-09-11,5.707611,5.777668,5.695244,5.776016,35013048
2017-09-12,5.780964,5.837832,5.752935,5.762828,34786873
2017-09-13,5.757881,5.803214,5.749640,5.801571,21983296
2017-09-14,5.799098,5.821349,5.764480,5.789205,29578492
2017-09-15,5.783437,5.789205,5.720791,5.744694,33163606
2017-09-18,5.743872,5.799920,5.737283,5.799098,27821517
2017-09-19,5.796625,5.810634,5.729863,5.749640,39267730
2017-09-20,5.703486,5.810634,5.703486,5.808982,25516466
2017-09-21,5.804866,5.808982,5.730684,5.741399,30364189
2017-09-22,5.719969,5.724916,5.672163,5.698539,27952340
2017-09-25,5.687004,5.703487,5.622715,5.629304,34708982
2017-09-26,5.628483,5.659806,5.621063,5.654038,27222494
2017-09-27,5.654038,5.717496,5.653207,5.705139,25685556
2017-09-28,5.703487,5.731506,5.678763,5.706782,13486259
2017-09-29,5.706781,5.747167,5.705139,5.741399,16731834
2017-10-09,5.814750,5.851841,5.771070,5.801571,41313530
2017-10-10,5.810634,5.823822,5.779311,5.820528,20803260
2017-10-11,5.822170,5.823822,5.781785,5.788383,28408880
2017-10-12,5.784258,5.797446,5.746346,5.777669,21930668
2017-10-13,5.769428,5.825465,5.769428,5.822992,27665688
2017-10-16,5.827117,5.827117,5.737283,5.738925,39899315
2017-10-17,5.730684,5.769427,5.717496,5.729863,21322466
2017-10-18,5.734809,5.749640,5.693593,5.701013,25647687
2017-10-19,5.697718,5.701834,5.633430,5.643323,34575659
2017-10-20,5.627661,5.702665,5.623536,5.700191,36100765
2017-10-23,5.695245,5.743872,5.687825,5.738925,43281718
2017-10-24,5.734810,5.736452,5.691120,5.733158,33845422
2017-10-25,5.733157,5.775195,5.715023,5.765302,38557178
2017-10-26,5.761176,5.808161,5.744693,5.775195,32566645
2017-10-27,5.775195,5.785079,5.743051,5.762828,26671781
2017-10-30,5.755408,5.756239,5.616125,5.644966,41673741
2017-10-31,5.641671,5.691950,5.630956,5.686182,33290602
2017-11-01,5.685352,5.717496,5.669690,5.672163,32994175
2017-11-02,5.668047,5.668047,5.612821,5.616126,26562228
2017-11-03,5.617768,5.635903,5.544417,5.566668,33814204
2017-11-06,5.567489,5.649091,5.555131,5.644145,30111043
2017-11-07,5.644144,5.677941,5.629304,5.677110,32098868
2017-11-08,5.678762,5.731506,5.669690,5.687825,28227912
2017-11-09,5.687825,5.735631,5.687825,5.734809,26215547
2017-11-10,5.730684,5.769428,5.711728,5.752935,43221509
2017-11-13,5.755408,5.779311,5.741399,5.778490,41561579
2017-11-14,5.782606,5.784258,5.719969,5.736452,40054529
2017-11-15,5.727390,5.728211,5.647440,5.666396,26935564
2017-11-16,5.663101,5.696897,5.648260,5.681236,52867757
2017-11-17,5.681235,5.683708,5.518040,5.530407,43617001
2017-11-20,5.514746,5.579035,5.413366,5.572436,41147731
2017-11-21,5.572436,5.609527,5.540291,5.595517,34958509
2017-11-22,5.595518,5.633430,5.541122,5.571615,39636190
2017-11-23,5.568320,5.571614,5.429027,5.433144,36385261
2017-11-24,5.421607,5.478475,5.415017,5.443858,30845582
2017-11-27,5.439742,5.452930,5.369686,5.371338,23184755
2017-11-28,5.369686,5.458699,5.367213,5.456225,52308524
2017-11-29,5.458698,5.499906,5.410071,5.473538,50880025
2017-11-30,5.464467,5.482602,5.423260,5.436448,29499407
2017-12-01,5.439742,5.495789,5.432322,5.473538,38278260
2017-12-04,5.453752,5.499084,5.430680,5.442216,26541550
2017-12-05,5.424081,5.444689,5.297156,5.323532,49276625
2017-12-06,5.333416,5.348256,5.260886,5.347435,44891843
2017-12-07,5.332594,5.361444,5.311986,5.315290,36253168
2017-12-08,5.316111,5.396883,5.315290,5.373801,44074808
2017-12-11,5.386168,5.456224,5.386168,5.452929,24140011
2017-12-12,5.453751,5.458698,5.402651,5.405945,23222439
2017-12-13,5.406776,5.454572,5.396882,5.452929,23068596
2017-12-14,5.451278,5.469413,5.420786,5.465288,26036204
2017-12-15,5.466119,5.471887,5.391115,5.421607,23351180
2017-12-18,5.421607,5.439742,5.369686,5.380400,24205692
2017-12-19,5.383695,5.428206,5.383695,5.422438,27576061
2017-12-20,5.423260,5.423260,5.378749,5.381222,29523916
2017-12-21,5.366391,5.438921,5.345783,5.411724,55936740
2017-12-22,5.402651,5.447984,5.402651,5.411724,29246304
2017-12-25,5.423259,5.431501,5.354024,5.362265,35682703
2017-12-26,5.363086,5.402651,5.344961,5.397704,38478099
2017-12-27,5.396883,5.405946,5.343309,5.348256,29542403
2017-12-28,5.340015,5.399357,5.339193,5.376275,25724742
2017-12-29,5.376275,5.431501,5.376275,5.430680,26986120
2018-01-02,5.447983,5.505673,5.437269,5.503210,60218074
2018-01-03,5.504852,5.551006,5.494959,5.538649,40264320
2018-01-04,5.538649,5.560079,5.527104,5.560079,49083595
2018-01-05,5.560900,5.582329,5.540291,5.569962,33550358
2018-01-08,5.570793,5.602106,5.549363,5.595517,31900170
2018-01-09,5.592223,5.593865,5.572436,5.590570,26500191
2018-01-10,5.588097,5.588097,5.527934,5.562551,33598562
2018-01-11,5.546891,5.583982,5.531229,5.575740,23681625
2018-01-12,5.568319,5.578203,5.538648,5.547710,36491714
2018-01-15,5.534523,5.544416,5.415018,5.429027,48935208
2018-01-16,5.425733,5.501558,5.421608,5.457877,53224524
2018-01-17,5.458698,5.460350,5.378748,5.426554,69531859
2018-01-18,5.415839,5.470234,5.413366,5.447162,35454779
2018-01-19,5.440564,5.479307,5.424902,5.431501,39055560
2018-01-22,5.424903,5.508978,5.406777,5.500737,77626829
2018-01-23,5.505673,5.526282,5.486717,5.508147,48122814
2018-01-24,5.510620,5.559247,5.489190,5.550184,97517703
2018-01-25,5.551836,5.574087,5.540291,5.541943,65052028
2018-01-26,5.540292,5.560078,5.527934,5.546890,38024753
2018-01-29,5.542764,5.563373,5.464467,5.475181,57122088
2018-01-30,5.475181,5.494958,5.461993,5.474360,33575390
2018-01-31,5.457876,5.457876,5.355675,5.358149,51238949
2018-02-01,5.358149,5.382874,5.192481,5.197427,98984052
2018-02-02,5.184239,5.208964,5.068029,5.194954,145176892
2018-02-05,5.133139,5.208964,5.110057,5.185892,62013617
2018-02-06,5.101816,5.136433,4.941924,4.950987,94759246
2018-02-07,5.030938,5.059787,4.880931,4.956756,84210858
2018-02-08,4.956755,5.024338,4.929557,5.000445,77483033
2018-02-09,4.862796,4.925442,4.771310,4.810053,244009492
2018-02-12,4.829830,4.967470,4.829830,4.940273,79994496
2018-02-13,4.953460,5.014455,4.953460,4.970774,42134034
2018-02-14,4.975712,4.988079,4.945219,4.987257,29613259
2018-02-22,5.018571,5.092753,5.016928,5.091101,43617862
2018-02-23,5.086985,5.111709,5.064725,5.098521,42980989
2018-02-26,5.126540,5.241107,5.122423,5.236161,99663933
2018-02-27,5.236992,5.246054,5.201543,5.212258,66473939
2018-02-28,5.171872,5.247707,5.156221,5.213910,59948248
2018-03-01,5.204848,5.291387,5.167757,5.285619,56429118
2018-03-02,5.262537,5.279020,5.242759,5.260064,40542715
2018-03-05,5.260064,5.283967,5.218857,5.253475,43525377
2018-03-06,5.260886,5.326005,5.255948,5.324353,52478777
2018-03-07,5.327647,5.327647,5.271600,5.274074,41146052
2018-03-08,5.269127,5.324353,5.258421,5.321879,37563547
2018-03-09,5.323532,5.396062,5.316111,5.393588,56742301
2018-03-12,5.420786,5.457877,5.398535,5.452109,154078321
2018-03-13,5.451278,5.455403,5.415839,5.426554,62888096
2018-03-14,5.415839,5.427375,5.352372,5.357318,66922997
2018-03-15,5.340836,5.382874,5.293030,5.347435,79654290
2018-03-16,5.351550,5.379578,5.316111,5.317763,41029918
2018-03-19,5.349077,5.371338,5.301271,5.338362,39489614
2018-03-20,5.288093,5.354846,5.250171,5.340837,45416816
2018-03-21,5.346603,5.393587,5.295502,5.297154,60477324
2018-03-22,5.304575,5.335889,5.258421,5.296334,38292878
2018-03-23,5.180113,5.180113,4.958407,5.021044,110941301
2018-03-26,4.963354,5.133960,4.923790,5.121603,176669737
2018-03-27,5.153747,5.240287,5.151273,5.237813,75969252
2018-03-28,5.159515,5.220500,5.159515,5.178471,82773384
2018-03-29,5.182587,5.239456,5.161988,5.232866,92966611
2018-03-30,5.245234,5.311165,5.245234,5.301271,94393447
2018-04-02,5.316111,5.350729,5.287262,5.294682,53065740
2018-04-03,5.232866,5.265011,5.206490,5.252644,56543366
2018-04-04,5.256769,5.291387,5.202374,5.209785,35208945
2018-04-09,5.204847,5.266662,5.159515,5.218026,47103363
2018-04-10,5.218026,5.261716,5.192481,5.258421,58765036
2018-04-11,5.265833,5.299629,5.260886,5.267485,54258270
2018-04-12,5.265832,5.283146,5.226277,5.239456,52448553
2018-04-13,5.261715,5.281493,5.206490,5.222151,52945289
2018-04-16,5.217205,5.246876,5.162810,5.206490,66966601
2018-04-17,5.214732,5.239456,5.105120,5.113361,70794697
2018-04-18,5.149621,5.189186,5.052367,5.169399,108965594
2018-04-19,5.168578,5.238635,5.163631,5.194133,63240735
2018-04-20,5.190829,5.191660,5.089458,5.102646,90516315
2018-04-23,5.108415,5.132318,4.993846,5.047421,83532262
2018-04-24,5.053188,5.167757,5.053188,5.154568,89534320
2018-04-25,5.147148,5.171051,5.133960,5.159515,47430858
2018-04-26,5.163631,5.167756,5.062261,5.067198,66092096
2018-04-27,5.095226,5.106762,5.042474,5.089458,76670005
2018-05-02,5.099343,5.124076,5.043305,5.076271,44791965
2018-05-03,5.047420,5.134790,5.010329,5.125719,98496553
2018-05-04,5.121603,5.148800,5.106762,5.122424,79620182
2018-05-07,5.124897,5.231214,5.124897,5.221330,69823200
2018-05-08,5.233689,5.246877,5.212259,5.246055,43914607
2018-05-09,5.249350,5.249350,5.209785,5.225447,41584644
2018-05-10,5.227098,5.257591,5.197427,5.246876,39835362
2018-05-11,5.252644,5.255948,5.196606,5.205669,36198876
2018-05-14,5.205669,5.227098,5.162810,5.180944,56708435
2018-05-15,5.184239,5.232867,5.171872,5.230393,79964010
2018-05-16,5.221331,5.246055,5.203196,5.217206,52356612
2018-05-17,5.217205,5.223804,5.175998,5.184239,55947376
2018-05-18,5.181766,5.219679,5.147970,5.217206,59250489
2018-05-21,5.232866,5.289735,5.232866,5.275725,99922029
2018-05-22,5.273251,5.298806,5.248527,5.297154,57963199
2018-05-23,5.293860,5.293860,5.221330,5.227098,83556604
2018-05-24,5.227098,5.242760,5.200722,5.210615,42830427
2018-05-25,5.211437,5.211437,5.131486,5.141380,53916065
2018-05-28,5.138085,5.171872,5.099342,5.131486,59766107
2018-05-29,5.125719,5.154568,5.058956,5.067198,54107078
2018-05-30,5.015276,5.025991,4.945219,4.950987,85998764
2018-05-31,4.977363,5.021044,4.941924,5.009508,81337097
2018-06-01,4.996320,5.002909,4.918843,4.950987,78469112
2018-06-04,4.961702,4.977363,4.921316,4.950166,55738801
2018-06-05,4.948514,5.035885,4.948514,5.034233,63013058
2018-06-06,5.031759,5.034232,5.006213,5.029285,115583217
2018-06-07,5.040000,5.058956,4.987257,5.002088,60198835
2018-06-08,4.994668,4.995499,4.912254,4.941103,81438145
2018-06-11,4.935326,4.944398,4.885877,4.910602,69682091
2018-06-12,4.913075,4.960881,4.877636,4.950987,89186519
2018-06-13,4.944398,4.944398,4.874341,4.880930,74250148
2018-06-14,4.871037,4.913896,4.851259,4.872689,82805741
2018-06-15,4.871868,4.875984,4.739165,4.786150,133891739
2018-06-19,4.726807,4.726807,4.411963,4.482841,229656179
2018-06-20,4.465537,4.547951,4.439982,4.522406,165265981
2018-06-21,4.524048,4.574327,4.435035,4.442455,222232997
2018-06-22,4.417731,4.510038,4.383113,4.500154,113508519
2018-06-25,4.524879,4.538888,4.455643,4.458938,85863160
2018-06-26,4.434213,4.514985,4.408668,4.497681,108645676
2018-06-27,4.497681,4.525700,4.430088,4.436687,87450154
2018-06-28,4.433393,4.498503,4.399596,4.403722,95801282
2018-06-29,4.417731,4.566907,4.409489,4.558666,154605664
2018-07-02,4.557844,4.577622,4.441634,4.485314,128934325
2018-07-03,4.489440,4.548782,4.411132,4.532290,204769475
2018-07-04,4.519111,4.519111,4.453170,4.470474,109087110
2018-07-05,4.465537,4.473778,4.349317,4.351790,115350170
2018-07-06,4.349317,4.425151,4.278439,4.353442,150037387
2018-07-09,4.373220,4.467179,4.372398,4.465537,93668559
2018-07-10,4.467179,4.498502,4.439981,4.489439,51842765
2018-07-11,4.411963,4.434214,4.350969,4.404542,308160984
2018-07-12,4.403721,4.542183,4.403721,4.533120,174116823
2018-07-13,4.532289,4.557844,4.514164,4.544656,63441590
2018-07-16,4.547129,4.566907,4.513333,4.549603,80074047
2018-07-17,4.549603,4.549603,4.480367,4.533941,87716830
2018-07-18,4.541361,4.571853,4.509217,4.512511,66439571
2018-07-19,4.508396,4.530647,4.444928,4.474599,86141075
2018-07-20,4.453170,4.547951,4.444107,4.529825,136246928
2018-07-23,4.507565,4.568559,4.492734,4.563612,90192287
2018-07-24,4.569381,4.659225,4.565265,4.640268,227520737
2018-07-25,4.639437,4.665814,4.627901,4.641089,75884599
2018-07-26,4.641911,4.650152,4.597409,4.613892,87039297
2018-07-27,4.601525,4.626249,4.568559,4.589989,90417600
2018-07-30,4.589989,4.598230,4.511691,4.520753,118364627
2018-07-31,4.519932,4.564434,4.500155,4.530647,79470393
2018-08-01,4.538066,4.587515,4.455643,4.459768,128404452
2018-08-02,4.452348,4.458116,4.270197,4.356736,185564208
2018-08-03,4.354263,4.383934,4.313878,4.314708,185217296
2018-08-06,4.307288,4.317172,4.201792,4.224043,203557082
2018-08-07,4.233106,4.336138,4.198488,4.328718,144496674
2018-08-08,4.311404,4.321297,4.252893,4.273492,102703906
2018-08-09,4.255357,4.401248,4.255357,4.381461,154783990
2018-08-10,4.364157,4.406194,4.362505,4.399596,80042831
2018-08-13,4.368273,4.435866,4.331191,4.426794,125016655
2018-08-14,4.417731,4.421025,4.379818,4.404542,61275626
2018-08-15,4.401248,4.402070,4.307289,4.317173,101242432
2018-08-16,4.285858,4.327066,4.210034,4.279260,94315781
2018-08-17,4.310583,4.327066,4.192720,4.202613,81759181
2018-08-20,4.203435,4.237231,4.152334,4.226516,162865679
2018-08-21,4.226517,4.299868,4.212507,4.269376,87049021
2018-08-22,4.273492,4.273492,4.228159,4.241348,62238614
2018-08-23,4.240526,4.283386,4.212508,4.261956,118347651
2018-08-24,4.244651,4.274322,4.222391,4.246294,74688820
2018-08-27,4.257009,4.355916,4.257009,4.351790,128585376
2018-08-28,4.356736,4.364156,4.331191,4.356736,87245448
2018-08-29,4.343548,4.354263,4.312235,4.334486,94966767
2018-08-30,4.330360,4.335307,4.261956,4.269376,108427138
2018-08-31,4.260304,4.261956,4.204256,4.222392,95501966
2018-09-03,4.214971,4.242999,4.166344,4.242178,156182746
2018-09-04,4.231463,4.298216,4.225686,4.272670,113150853
2018-09-05,4.263607,4.276786,4.214150,4.217444,104842545
2018-09-06,4.203435,4.252062,4.177889,4.198488,91157480
2018-09-07,4.209203,4.270197,4.162228,4.191899,135512500
2018-09-10,4.186952,4.196846,4.118547,4.127610,108784675
2018-09-11,4.130084,4.153987,4.093814,4.121842,130969505
2018-09-12,4.121842,4.148218,4.097118,4.108654,87516501
2018-09-13,4.149039,4.186952,4.074857,4.131735,201710460
2018-09-14,4.137503,4.144914,4.086403,4.088045,115952926
2018-09-17,4.071563,4.071563,4.017989,4.038597,92605927
2018-09-18,4.027061,4.107833,4.014694,4.097939,136699458
2018-09-19,4.086403,4.182836,4.079805,4.146566,177181796
2018-09-20,4.149861,4.172942,4.137503,4.145745,89947946
2018-09-21,4.150691,4.226516,4.135030,4.224864,217458331
2018-09-25,4.192720,4.217445,4.178711,4.201793,121678674
2018-09-26,4.196845,4.252062,4.186952,4.210033,172717674
2018-09-27,4.209203,4.219918,4.158933,4.166344,128136792
2018-09-28,4.167175,4.223222,4.153987,4.221570,141675716
2018-10-08,4.129262,4.158103,4.068268,4.073215,136988523
2018-10-09,4.076509,4.104528,4.042713,4.060848,91454136
2018-10-10,4.063322,4.087224,4.018820,4.060027,115895706
2018-10-11,3.952057,3.952879,3.730341,3.753423,279970251
2018-10-12,3.747655,3.767433,3.632266,3.738583,212570067
2018-10-15,3.750129,3.784737,3.668526,3.674294,128362985
2018-10-16,3.675125,3.697376,3.575397,3.605889,144448222
2018-10-17,3.647097,3.655338,3.548200,3.621551,285848454
2018-10-18,3.600943,3.600943,3.528413,3.541601,213749933
2018-10-19,3.517698,3.632266,3.478133,3.614952,261558873
2018-10-22,3.708912,3.858098,3.667705,3.825954,557597238
2018-10-23,3.825953,3.840784,3.707269,3.733636,322584855
2018-10-24,3.722922,3.774022,3.692429,3.722922,210768242
2018-10-25,3.618257,3.727868,3.586934,3.722100,220325198
2018-10-26,3.728699,3.772380,3.689956,3.703965,231490767
2018-10-29,3.711386,3.713038,3.636382,3.659464,135244236
2018-10-30,3.646276,3.727047,3.593523,3.693251,226079141
2018-10-31,3.698197,3.781442,3.689956,3.749298,319480691
2018-11-01,3.787210,3.844088,3.772379,3.775674,397260427
2018-11-02,3.898483,3.947932,3.835016,3.914966,1161949302
2018-11-05,3.894358,3.925681,3.824302,3.895189,362498709
2018-11-06,3.873759,3.902599,3.837489,3.902599,217416221
2018-11-07,3.903430,3.939691,3.863866,3.865518,243386568
2018-11-08,3.897653,3.901779,3.837490,3.839963,235543622
2018-11-09,3.825123,3.863045,3.816060,3.841615,129145059
2018-11-12,3.834195,3.952879,3.828427,3.942164,382726124
2018-11-13,3.898484,4.045187,3.891885,4.020463,461410689
2018-11-14,4.010569,4.050955,3.985024,4.002328,214468097
2018-11-15,3.999033,4.074858,3.995738,4.073215,241610184
2018-11-16,4.079805,4.139147,4.050133,4.097939,352289585
2018-11-19,4.092171,4.118548,4.047660,4.099591,391019450
2018-11-20,4.061670,4.082277,3.981729,3.990791,384977147
2018-11-21,3.938039,4.020462,3.931449,3.999854,323258233
2018-11-22,4.008105,4.033650,3.974308,3.999854,228853909
2018-11-23,3.990791,3.995738,3.825954,3.830069,380371162
2018-11-26,3.837489,3.877054,3.815238,3.837489,294810589
2018-11-27,3.857267,3.880349,3.835016,3.857267,134301160
2018-11-28,3.858919,3.915788,3.808640,3.914145,193641008
2018-11-29,3.935575,3.959468,3.824302,3.835016,193093683
2018-11-30,3.828426,3.862213,3.783094,3.856446,231273829
2018-12-03,3.961941,3.997390,3.928976,3.979255,452673736
2018-12-04,3.972656,4.003979,3.956173,3.994916,196405150
2018-12-05,3.940512,4.002328,3.926502,3.968541,237716431
2018-12-06,3.935575,3.945459,3.875402,3.882822,232098066
2018-12-07,3.886938,3.905904,3.877875,3.883643,89873370
2018-12-10,3.863866,3.872928,3.828427,3.835837,197181090
2018-12-11,3.848205,3.882822,3.844088,3.877054,131359195
2018-12-12,3.890242,3.901778,3.865518,3.867982,134837460
2018-12-13,3.882001,3.954531,3.861392,3.925681,241091061
2018-12-14,3.917440,3.919083,3.832543,3.840784,248144533
2018-12-17,3.817712,3.838311,3.778148,3.820185,254883822
2018-12-18,3.799577,3.832543,3.754245,3.792157,278313690
2018-12-19,3.794630,3.803703,3.734467,3.736940,239576795
2018-12-20,3.735288,3.769906,3.723752,3.760012,221828483
2018-12-21,3.747655,3.760843,3.705617,3.740235,202440826
2018-12-24,3.733636,3.778969,3.717984,3.772380,202329065
2018-12-25,3.734467,3.754245,3.637213,3.722922,298325943
2018-12-26,3.717984,3.746003,3.689956,3.709743,154665493
2018-12-27,3.765781,3.766611,3.655338,3.663579,184205080
2018-12-28,3.671821,3.703144,3.656169,3.668526,216877909
2019-01-02,3.675946,3.678420,3.631435,3.633909,191192454
2019-01-03,3.638855,3.694081,3.619899,3.624846,210653798
2019-01-04,3.600122,3.726226,3.595996,3.723752,291589027
2019-01-07,3.600121,3.798756,3.595996,3.788041,274123218
2019-01-08,3.782273,3.788041,3.760843,3.779800,147666084
2019-01-09,3.791336,3.849026,3.774853,3.777326,431044839
2019-01-10,3.775674,3.817712,3.770728,3.783916,197086576
2019-01-11,3.783094,3.815239,3.760013,3.803703,202049642
2019-01-14,3.804524,3.816881,3.773201,3.783916,121404913
2019-01-15,3.783094,3.845731,3.766611,3.836668,267944809
2019-01-16,3.836668,3.857267,3.816881,3.830069,180617487
2019-01-17,3.831722,3.840784,3.794631,3.799577,171169439
2019-01-18,3.803703,3.847383,3.788041,3.839963,255735722
2019-01-21,3.845731,3.884474,3.838311,3.853972,247048011
2019-01-22,3.848205,3.849026,3.779800,3.797925,209884274
2019-01-23,3.787210,3.814418,3.782273,3.802051,135486909
2019-01-24,3.802871,3.857267,3.781442,3.828426,214255201
2019-01-25,3.825954,3.852330,3.806997,3.809470,182670114
2019-01-28,3.832543,3.863045,3.788041,3.796283,232971351
2019-01-29,3.790514,3.790514,3.693250,3.746003,318546306
2019-01-30,3.727047,3.768254,3.717984,3.718806,207470155
2019-01-31,3.719627,3.748476,3.662758,3.694902,364434343
2019-02-01,3.705617,3.806997,3.705617,3.806166,425710122
2019-02-11,3.807818,3.891063,3.806166,3.888590,330506209
2019-02-12,3.887769,3.931449,3.882001,3.909199,307332099
2019-02-13,3.910842,3.998212,3.900127,3.980898,360562955
2019-02-14,3.980076,4.024587,3.964415,3.997390,225634865
2019-02-15,3.984202,4.010569,3.961120,3.969362,261954608
2019-02-18,3.989139,4.129263,3.989139,4.125958,374218893
2019-02-19,4.129262,4.163049,4.064143,4.107832,373700196
2019-02-20,4.112770,4.119369,4.068268,4.099591,256264458
2019-02-21,4.103707,4.194372,4.086403,4.103707,354515648
2019-02-22,4.105360,4.236401,4.095466,4.233106,263663936
2019-02-25,4.300690,4.519932,4.266072,4.515807,682640103
2019-02-26,4.508396,4.544656,4.410311,4.455643,521372352
2019-02-27,4.449874,4.488609,4.369925,4.420204,430292961
2019-02-28,4.419373,4.466358,4.395480,4.424320,281513764
2019-03-01,4.443276,4.483662,4.384765,4.477072,379613091
2019-03-04,4.491904,4.630375,4.491904,4.538067,432843221
2019-03-05,4.529825,4.674054,4.518279,4.669939,359948504
2019-03-06,4.687243,4.780381,4.622133,4.761425,675968351
2019-03-07,4.763068,4.867742,4.574327,4.800159,572604933
2019-03-08,4.657572,4.819936,4.632847,4.641910,672812837
2019-03-11,4.650152,4.814999,4.650152,4.811695,528753655
2019-03-12,4.840545,4.925442,4.810873,4.890003,499041997
2019-03-13,4.883404,4.885056,4.744942,4.774613,591417435
2019-03-14,4.730924,4.778729,4.623785,4.663340,369958448
2019-03-15,4.686422,4.781203,4.672412,4.714440,385934504
2019-03-18,4.732576,4.867742,4.698779,4.865269,343323770
2019-03-19,4.868573,4.894119,4.828187,4.856206,222630380
2019-03-20,4.848786,4.868573,4.763068,4.857028,301018541
2019-03-21,4.858679,4.974069,4.857027,4.910602,348057589
2019-03-22,4.916370,4.965828,4.846313,4.963354,324252504
2019-03-25,4.870216,4.953461,4.870216,4.891645,304545728
2019-03-26,4.913075,4.920495,4.730924,4.744942,459756171
2019-03-27,4.775434,4.807579,4.710324,4.803453,312680829
2019-03-28,4.783676,4.833955,4.731754,4.735870,239648795
2019-03-29,4.737523,4.904012,4.718567,4.897414,528407905
2019-04-01,4.932031,5.094405,4.931209,5.091101,352049612
2019-04-02,5.151273,5.152095,5.060609,5.086985,351523429
2019-04-03,5.060608,5.168577,5.055662,5.146327,282534580
2019-04-04,5.175176,5.202374,5.120772,5.193302,276518197
2019-04-08,5.229572,5.240287,5.073797,5.134791,380012568
2019-04-09,5.127371,5.174346,5.105941,5.157042,275919569
2019-04-10,5.134790,5.213089,5.083690,5.144674,271873254
2019-04-11,5.143854,5.162810,5.052367,5.057314,271857171
2019-04-12,5.052367,5.070502,5.001267,5.044126,221234251
2019-04-15,5.108415,5.131487,4.970775,4.977364,331371069
2019-04-16,4.952640,5.100173,4.920495,5.095227,367297927
2019-04-17,5.096048,5.145506,5.063082,5.104289,269732277
2019-04-18,5.103468,5.125719,5.070502,5.086985,163846123
2019-04-19,5.079566,5.133139,5.025170,5.130666,226232942
2019-04-22,5.130665,5.130665,5.030116,5.046599,194100103
2019-04-23,5.034232,5.043304,4.943567,4.951808,210175365
2019-04-24,4.956755,5.015276,4.907306,5.000445,331013841
2019-04-25,4.975712,4.988900,4.818294,4.822411,292837946
2019-04-26,4.819936,4.847964,4.776256,4.777908,316782519
2019-05-06,4.492734,4.533120,4.294921,4.330360,749706095
2019-05-07,4.374872,4.401248,4.311404,4.368273,455971096
2019-05-08,4.294100,4.440803,4.278439,4.349317,345372342
2019-05-09,4.327066,4.369925,4.302342,4.318003,353217784
2019-05-10,4.365809,4.475421,4.264429,4.463885,540592742
2019-05-13,4.393828,4.432562,4.379818,4.398775,350947024
2019-05-14,4.372398,4.421847,4.368273,4.381461,234122819
2019-05-15,4.407837,4.490261,4.405364,4.468831,253398139
2019-05-16,4.466358,4.518280,4.451517,4.509217,527551836
2019-05-17,4.511691,4.520754,4.342728,4.368273,255649334
2019-05-20,4.348495,4.375693,4.269376,4.335307,288682382
2019-05-21,4.336959,4.443276,4.335307,4.407837,317484635
2019-05-22,4.405364,4.419373,4.351790,4.393828,213918039
2019-05-23,4.376524,4.382291,4.296573,4.308931,230911264
2019-05-24,4.305636,4.323771,4.271849,4.285037,286959511
2019-05-27,4.289153,4.401248,4.269376,4.378166,398120052
2019-05-28,4.381461,4.415257,4.358388,4.369103,287699615
2019-05-29,4.360031,4.409489,4.346022,4.370746,330275760
2019-05-30,4.351790,4.361683,4.298216,4.357567,194600790
2019-05-31,4.344379,4.399595,4.328717,4.336138,204031712
2019-06-03,4.354263,4.376524,4.285037,4.302341,221466289
2019-06-04,4.294099,4.299046,4.223221,4.244651,321362419
2019-06-05,4.278439,4.286680,4.227338,4.229811,232172658
2019-06-06,4.230633,4.230633,4.133378,4.135030,315487354
2019-06-10,4.147388,4.213328,4.129262,4.178710,289176888
2019-06-11,4.179532,4.352621,4.178711,4.351790,378212858
2019-06-12,4.339433,4.352621,4.294921,4.305636,265702012
2019-06-13,4.294921,4.339433,4.282564,4.319645,201203105
2019-06-14,4.319645,4.334486,4.244652,4.254536,228765803
2019-06-17,4.252062,4.275965,4.232285,4.252893,206849342
2019-06-18,4.254536,4.271849,4.219918,4.243000,212366277
2019-06-19,4.355916,4.380640,4.294922,4.297395,678674282
2019-06-20,4.294100,4.420204,4.281734,4.387239,607513795
2019-06-21,4.468010,4.475420,4.422677,4.444107,694699901
2019-06-24,4.448223,4.455643,4.414436,4.443276,312407282
2019-06-25,4.439160,4.439981,4.341075,4.399596,404794376
2019-06-26,4.368273,4.424320,4.363336,4.398775,208260350
2019-06-27,4.402890,4.464706,4.402890,4.436687,293008753
2019-06-28,4.426793,4.430088,4.364978,4.394649,287455160
2019-07-01,4.482019,4.528173,4.446580,4.515807,441379901
2019-07-02,4.505922,4.516637,4.486135,4.500154,332441685
2019-07-03,4.490261,4.490261,4.459769,4.474599,259726009
2019-07-04,4.477073,4.500155,4.430919,4.455643,208553834
2019-07-05,4.450697,4.489440,4.435866,4.477894,180881372
2019-07-08,4.454822,4.458938,4.309761,4.319645,343935555
2019-07-09,4.318824,4.339433,4.296573,4.324592,220162944
2019-07-10,4.332012,4.347674,4.289975,4.299868,207931589
2019-07-11,4.313056,4.359210,4.275144,4.301520,225777027
2019-07-12,4.293279,4.331192,4.285859,4.322120,174045495
2019-07-15,4.316351,4.406194,4.245473,4.369103,429787460
2019-07-16,4.358388,4.385586,4.355093,4.379818,180754714
2019-07-17,4.374871,4.400417,4.361683,4.371577,159046078
2019-07-18,4.356737,4.358389,4.308931,4.309762,176532492
2019-07-19,4.320476,4.376523,4.319645,4.336138,275250442
2019-07-22,4.334486,4.346022,4.238874,4.253714,286121596
2019-07-23,4.253714,4.293278,4.252893,4.285037,181814132
2019-07-24,4.299046,4.360862,4.299046,4.325423,263895397
2019-07-25,4.321298,4.355916,4.318003,4.346022,196672342
2019-07-26,4.335307,4.362504,4.321297,4.355915,183840676
2019-07-29,4.354264,4.372398,4.327066,4.351790,154796842
2019-07-30,4.352621,4.416910,4.350969,4.377345,203450493
2019-07-31,4.368273,4.383113,4.352621,4.365809,208221755
2019-08-01,4.349316,4.362504,4.317172,4.336138,207619360
2019-08-02,4.247116,4.282564,4.237232,4.277617,323170100
2019-08-05,4.257831,4.299868,4.228990,4.231463,325831118
2019-08-06,4.163049,4.174585,4.060026,4.131735,606532219
2019-08-07,4.151513,4.158103,4.111127,4.113601,249110651
2019-08-08,4.129262,4.148218,4.120190,4.136672,239821429
2019-08-09,4.150692,4.166344,4.092172,4.097939,256145729
2019-08-12,4.104528,4.174585,4.088045,4.172121,214357579
2019-08-13,4.134200,4.149861,4.119369,4.144914,160434155
2019-08-14,4.186131,4.214150,4.161407,4.163870,247531438
2019-08-15,4.085572,4.195194,4.082277,4.183658,293169187
2019-08-16,4.178710,4.229811,4.178710,4.196014,270852008
2019-08-19,4.230632,4.353441,4.230632,4.350968,305959656
2019-08-20,4.350969,4.378987,4.327887,4.332834,228976175
2019-08-21,4.332012,4.352620,4.319645,4.340253,168437351
2019-08-22,4.346022,4.352621,4.318824,4.345201,244545851
2019-08-23,4.344379,4.364978,4.324592,4.347674,169309484
2019-08-26,4.293279,4.329539,4.266072,4.317173,246960445
2019-08-27,4.334486,4.436687,4.334486,4.381461,300105392
2019-08-28,4.380639,4.397953,4.363335,4.379818,162678058
2019-08-29,4.385586,4.409489,4.365809,4.392176,196626475
2019-08-30,4.416078,4.433392,4.334486,4.355915,190025337
2019-09-02,4.355094,4.477072,4.350147,4.457295,254044279
2019-09-03,4.458938,4.482841,4.445750,4.482019,208412947
2019-09-04,4.478724,4.552898,4.468831,4.548781,280848401
2019-09-05,4.566085,4.640268,4.561139,4.577621,466317418
2019-09-06,4.584220,4.605650,4.555371,4.593283,208406828
2019-09-09,4.621312,4.679823,4.595757,4.678181,296938179
2019-09-10,4.675707,4.685591,4.632026,4.674055,251510950
2019-09-11,4.678180,4.699610,4.632026,4.655098,215334795
2019-09-12,4.656751,4.688895,4.630375,4.667466,202948875
2019-09-16,4.689717,4.699610,4.650152,4.669108,231977109
2019-09-17,4.656751,4.656751,4.561970,4.571854,246686942
2019-09-18,4.572684,4.594104,4.563612,4.575149,180970739
2019-09-19,4.575979,4.619660,4.558666,4.616365,189750639
2019-09-20,4.619659,4.641089,4.606471,4.623785,226789860
2019-09-23,4.616365,4.616365,4.561139,4.604819,241200295
2019-09-24,4.598230,4.667465,4.595756,4.606471,273180376
2019-09-25,4.583390,4.585863,4.530647,4.533941,225986312
2019-09-26,4.542182,4.546308,4.428445,4.430919,345301935
2019-09-27,4.438338,4.476251,4.436686,4.451517,194936529
2019-09-30,4.451517,4.467179,4.369925,4.388881,185534251
2019-10-08,4.402890,4.449054,4.396301,4.398775,189987886
2019-10-09,4.390533,4.443276,4.368273,4.437508,206438529
2019-10-10,4.435035,4.496029,4.425972,4.486135,219420164
2019-10-11,4.493556,4.521574,4.456465,4.509217,262457792
2019-10-14,4.529825,4.589989,4.528995,4.560318,244654167
2019-10-15,4.545477,4.547129,4.498502,4.505092,143325266
2019-10-16,4.512511,4.533120,4.477072,4.478724,151334787
2019-10-17,4.477072,4.498502,4.468831,4.479546,125661067
2019-10-18,4.480367,4.504270,4.407016,4.417730,192991128
2019-10-21,4.414436,4.414436,4.368273,4.409489,181475215
2019-10-22,4.414435,4.465536,4.408668,4.450696,202087410
2019-10-23,4.455643,4.459769,4.407016,4.424320,136417185
2019-10-24,4.421846,4.428445,4.386407,4.416078,204197983
2019-10-25,4.416909,4.458117,4.375693,4.453169,242104556
2019-10-28,4.493556,4.515807,4.471305,4.514163,362130382
2019-10-29,4.514985,4.514985,4.455643,4.458938,192976210
2019-10-30,4.444108,4.445750,4.398775,4.403722,216240164
2019-10-31,4.407016,4.421025,4.374050,4.380640,160434855
2019-11-01,4.374872,4.427625,4.360031,4.422678,230361099
2019-11-04,4.420204,4.462232,4.419373,4.435035,233886107
2019-11-05,4.436687,4.495208,4.422678,4.468010,268309500
2019-11-06,4.463063,4.474599,4.406194,4.429267,239149084
2019-11-07,4.421847,4.475420,4.417730,4.458117,208113149
2019-11-08,4.487788,4.503450,4.438340,4.441634,254583146
2019-11-11,4.417731,4.418552,4.335307,4.339433,281997313
2019-11-12,4.341906,4.354263,4.294100,4.341906,237123022
2019-11-13,4.341075,4.346852,4.316351,4.341906,159752070
2019-11-14,4.334486,4.378987,4.333664,4.367451,183815174
2019-11-15,4.367452,4.397123,4.336959,4.341075,163096947
2019-11-18,4.335307,4.370746,4.325423,4.356736,154471524
2019-11-19,4.356737,4.430919,4.351790,4.426794,241818447
2019-11-20,4.428445,4.440803,4.396301,4.398775,269292261
2019-11-21,4.388881,4.424320,4.376524,4.405364,142344922
2019-11-22,4.405364,4.472947,4.341075,4.360031,300917500
2019-11-25,4.357567,4.376524,4.322949,4.363336,203093121
2019-11-26,4.368273,4.383934,4.340254,4.348495,212279437
2019-11-27,4.336959,4.399596,4.335307,4.368273,205606418
2019-11-28,4.363336,4.382292,4.346022,4.360031,165094712
2019-11-29,4.358389,4.377345,4.317172,4.360031,291615068
2019-12-02,4.369103,4.396301,4.351790,4.374050,197811549
2019-12-03,4.351790,4.393828,4.336959,4.393006,221138654
2019-12-04,4.370746,4.395480,4.364157,4.383934,168114404
2019-12-05,4.393828,4.439160,4.387238,4.425151,250831010
2019-12-06,4.425973,4.469653,4.413606,4.468010,215951991
2019-12-09,4.470473,4.491082,4.458116,4.477072,225807560
2019-12-10,4.468832,4.507565,4.454822,4.499324,197846645
2019-12-11,4.495208,4.499324,4.460590,4.481189,149751381
2019-12-12,4.480367,4.500975,4.466358,4.469653,190312992
2019-12-13,4.508396,4.544656,4.488609,4.533120,336001122
2019-12-16,4.533941,4.613070,4.530647,4.604819,312472935
2019-12-17,4.604820,4.698779,4.599051,4.677350,320549853
2019-12-18,4.668287,4.706199,4.660867,4.673234,236573232
2019-12-19,4.673234,4.696306,4.658393,4.683948,186665617
2019-12-20,4.684770,4.698780,4.630375,4.638616,285504417
2019-12-23,4.621312,4.632848,4.528173,4.532290,321065645
2019-12-24,4.540540,4.606471,4.538067,4.600703,229883764
2019-12-25,4.594105,4.629553,4.590810,4.621312,247448383
2019-12-26,4.615534,4.658393,4.605650,4.655920,213131437
2019-12-27,4.660867,4.688895,4.617187,4.618839,197408969
2019-12-30,4.609766,4.687243,4.575148,4.683127,242549494
2019-12-31,4.674055,4.707851,4.661697,4.702084,196642127
2020-01-02,4.739165,4.804284,4.716914,4.791917,269832060
2020-01-03,4.791096,4.818294,4.780381,4.800159,176955991
2020-01-06,4.786970,4.902360,4.776256,4.854554,254562449
2020-01-07,4.852912,4.918843,4.852912,4.917201,243574436
2020-01-08,4.848786,4.848786,4.848786,4.848786,289226630
2020-01-09,4.885877,4.910602,4.868573,4.909780,268609569
2020-01-10,4.920495,4.928737,4.863626,4.889172,233000042
2020-01-13,4.970774,4.970774,4.970774,4.970774,233137443
2020-01-14,4.949345,4.949345,4.949345,4.949345,215398402
2020-01-15,4.942746,4.951808,4.900708,4.934504,201319943
2020-01-16,4.936978,4.957587,4.921317,4.941103,222997987
2020-01-17,4.946871,4.960880,4.899886,4.913074,297613587
2020-01-20,4.920495,4.997141,4.904834,4.995499,194204737
2020-01-21,4.978185,4.981489,4.915548,4.936978,337780650
2020-01-22,4.912254,5.006213,4.850438,4.974890,312915340
2020-01-23,4.926263,4.955934,4.750711,4.789444,473067947
2020-02-03,4.405364,4.436687,4.368273,4.400417,754330804
2020-02-04,4.400417,4.490261,4.355094,4.474599,617117241
2020-02-05,4.477073,4.615534,4.467179,4.571033,361202382
2020-02-06,4.582569,4.729281,4.538888,4.707021,337056203
2020-02-07,4.702084,4.754826,4.668287,4.752353,258558852
2020-02-10,4.735871,4.800159,4.715272,4.798507,320055085
2020-02-11,4.796865,4.810874,4.748237,4.777087,237869683
2020-02-12,4.768836,4.875162,4.759773,4.874341,220273909
2020-02-13,4.866921,4.883404,4.817472,4.830651,235246193
2020-02-14,4.813347,4.883404,4.798507,4.836429,243148531
2020-02-17,4.857858,5.002909,4.857858,5.000445,449858857
2020-02-18,5.002909,5.044126,4.969122,5.040831,465660729
2020-02-19,5.039179,5.056483,4.991373,5.000445,312223931
2020-02-20,5.002088,5.105941,4.979016,5.094405,308913526
2020-02-21,5.081217,5.202374,5.078743,5.175176,343915374
2020-02-24,5.156221,5.246876,5.124898,5.222973,350663103
2020-02-25,5.140559,5.270779,5.039179,5.257591,354888399
2020-02-26,5.190829,5.238635,5.110888,5.124076,326485096
2020-02-27,5.130665,5.190007,5.082038,5.122424,292613695
2020-02-28,4.995498,5.030116,4.861153,4.867743,624807414
2020-03-02,4.908128,5.071323,4.908128,5.045768,437375174
2020-03-03,5.126540,5.193302,5.035884,5.080386,440770338
2020-03-04,5.045768,5.101816,4.995498,5.096869,212359070
2020-03-05,5.167756,5.177640,5.109235,5.161988,163483399
2020-03-06,5.110058,5.178472,5.101816,5.132318,146535422
2020-03-09,5.052367,5.077091,4.936978,4.942746,210400562
2020-03-10,4.895771,5.056483,4.840545,5.052367,368652318
2020-03-11,5.066377,5.082038,4.976543,4.978185,367302408
2020-03-12,4.918843,4.955112,4.864447,4.913896,186040425
2020-03-13,4.699610,4.918021,4.664992,4.878457,413034548
2020-03-16,4.885877,4.887529,4.627900,4.641910,308283258
2020-03-17,4.697136,4.754005,4.518279,4.650982,421021752
2020-03-18,4.672412,4.755657,4.568559,4.580926,314942653
2020-03-19,4.582568,4.632026,4.472947,4.622133,419847272
2020-03-20,4.646036,4.663340,4.578453,4.655920,250732844
2020-03-23,4.533120,4.575979,4.446580,4.469653,406645176
2020-03-24,4.547129,4.571032,4.430088,4.533120,357518703
2020-03-25,4.624606,4.658393,4.594104,4.642741,318493211
2020-03-26,4.615535,4.653456,4.596578,4.598230,208161582
2020-03-27,4.648510,4.660867,4.575149,4.578453,169635379
2020-03-30,4.533120,4.533120,4.441634,4.490262,313192278
2020-03-31,4.528995,4.537237,4.481189,4.490262,251582460
2020-04-01,4.479546,4.557023,4.469653,4.473778,206980160
2020-04-02,4.463884,4.609766,4.458116,4.606471,273472777
2020-04-03,4.577622,4.595757,4.530647,4.551255,230023978
2020-04-07,4.631196,4.700431,4.630375,4.686422,266259910
2020-04-08,4.669109,4.717736,4.660867,4.700432,177387318
2020-04-09,4.721861,4.759774,4.715272,4.744112,172482505
2020-04-10,4.739165,4.739165,4.636143,4.658393,272736218
2020-04-13,4.624606,4.636963,4.589167,4.610597,205441617
2020-04-14,4.630375,4.715272,4.629553,4.709494,193581807
2020-04-15,4.710325,4.742470,4.695485,4.700432,182618152
2020-04-16,4.685591,4.758952,4.677349,4.737522,184308714
2020-04-17,4.765540,4.800158,4.728449,4.743289,251914044
2020-04-20,4.743290,4.796043,4.735870,4.794391,178948723
2020-04-21,4.773782,4.773782,4.708673,4.763898,266642996
2020-04-22,4.723513,4.812526,4.721039,4.808401,203071237
2020-04-23,4.809221,4.818293,4.775434,4.783675,118951132
2020-04-24,4.765541,4.780381,4.696306,4.712798,212388903
2020-04-27,4.711967,4.739996,4.687243,4.696306,166053952
2020-04-28,4.696306,4.697137,4.558666,4.660046,284687372
2020-04-29,4.656751,4.697958,4.646036,4.669108,174000716
2020-04-30,4.688064,4.799338,4.688064,4.786150,256938128
2020-05-06,4.755658,4.873511,4.744112,4.860322,250250406
2020-05-07,4.860322,4.876814,4.834776,4.854554,251150630
2020-05-08,4.880931,4.937799,4.873511,4.916370,230793909
2020-05-11,4.919674,4.957587,4.876815,4.897414,277781017
2020-05-12,4.892466,4.917200,4.859501,4.909780,339700568
2020-05-13,4.903182,4.943567,4.883404,4.935326,208044995
2020-05-14,4.919673,4.934504,4.898244,4.909780,120596432
2020-05-15,4.910601,4.955934,4.904012,4.918843,236059083
2020-05-18,4.923790,4.938630,4.875984,4.893298,156155313
2020-05-19,4.920495,4.950988,4.914727,4.948514,127549490
2020-05-20,4.941924,4.948514,4.894118,4.909780,191820982
2020-05-21,4.913075,4.924611,4.844670,4.851260,147746919
2020-05-22,4.833125,4.850438,4.752353,4.768015,249215443
2020-05-25,4.765541,4.781203,4.733397,4.748237,161444581
2020-05-26,4.776256,4.842197,4.766372,4.837250,242129960
2020-05-27,4.841366,4.842197,4.786971,4.806758,264391224
2020-05-28,4.802632,4.826535,4.739165,4.793570,168667783
2020-05-29,4.773783,4.838902,4.772962,4.833125,164779814
2020-06-01,4.880931,4.997972,4.880931,4.995499,211858679
2020-06-02,5.011160,5.015276,4.964175,4.990551,125595793
2020-06-03,5.002909,5.026812,4.979837,4.982310,179407154
2020-06-04,4.996320,5.005383,4.964175,4.991373,155282011
2020-06-05,4.991373,5.007035,4.964176,5.002909,98316612
2020-06-08,5.023518,5.044126,4.983953,4.992204,120539104
2020-06-09,4.993026,5.035885,4.979838,5.021875,133559607
2020-06-10,5.021875,5.031759,4.997141,5.028464,117353712
2020-06-11,5.028464,5.093575,4.986427,5.019402,164077153
2020-06-12,4.936978,5.049893,4.932031,5.020223,219046450
2020-06-15,5.015276,5.075439,5.009508,5.014454,269765689
2020-06-16,5.049894,5.107584,5.049894,5.105120,164313513
2020-06-17,5.117477,5.155389,5.102646,5.146327,191203274
2020-06-18,5.145506,5.166105,5.128192,5.159515,207512368
2020-06-19,5.159515,5.217205,5.152095,5.197427,237491753
2020-06-22,5.194954,5.232866,5.187534,5.194133,232787938
2020-06-23,5.194133,5.220500,5.168578,5.217206,227949235
2020-06-24,5.218026,5.235339,5.192480,5.218026,154984731
2020-06-29,5.213089,5.213089,5.168578,5.194954,187914183
2020-06-30,5.203196,5.297977,5.203196,5.271600,261747272
2020-07-01,5.286441,5.298807,5.240287,5.294682,258756429
2020-07-02,5.293030,5.401830,5.277378,5.389463,266560198
2020-07-03,5.393588,5.463645,5.377105,5.461172,350832773
2020-07-06,5.501558,5.761176,5.501558,5.720790,625415011
2020-07-07,5.779312,5.873271,5.707612,5.777669,511038219
2020-07-08,5.764480,5.910362,5.744693,5.893058,300424156
2020-07-09,5.887281,6.061191,5.876566,6.050477,296737736
2020-07-10,6.019983,6.102397,6.001027,6.041413,297265748
2020-07-13,6.047181,6.236743,6.047181,6.233449,254827263
2020-07-14,6.229333,6.229333,6.029046,6.151025,381728690
2020-07-15,6.150204,6.191411,5.965579,6.022457,409494333
2020-07-16,6.013385,6.079326,5.694424,5.721622,448555480
2020-07-17,5.721621,5.820528,5.677941,5.725737,360622548
2020-07-20,5.785910,5.897995,5.728210,5.893879,423309143
2020-07-21,5.907889,5.957337,5.875744,5.926845,225391120
2020-07-22,5.920256,6.070253,5.898826,5.984545,260143699
2020-07-23,5.934265,5.998554,5.811456,5.977945,263742909
2020-07-24,5.959810,5.966409,5.671342,5.694424,342585229
2020-07-27,5.703486,5.739756,5.638376,5.691120,242002010
2020-07-28,5.732336,5.776838,5.700191,5.749640,234588929
2020-07-29,5.716675,5.921077,5.711728,5.912836,245505777
2020-07-30,5.916130,5.945801,5.874923,5.892227,240584502
2020-07-31,5.890585,6.000196,5.839484,5.954043,312093741
2020-08-03,5.990312,6.098281,5.974651,6.097460,270840018
2020-08-04,6.099924,6.113112,6.033992,6.061190,203272235
2020-08-05,6.062012,6.139489,6.011742,6.118890,190899062
2020-08-06,6.119711,6.148561,6.020805,6.134542,159954905
2020-08-07,6.116417,6.119711,5.956516,6.057896,165797560
2020-08-10,6.024930,6.129595,6.008438,6.086745,139508760
2020-08-11,6.071085,6.119712,5.964758,5.977125,133339859
2020-08-12,5.950749,5.967231,5.793321,5.901300,233226051
2020-08-13,5.916951,5.958989,5.893058,5.928497,175177550
2020-08-14,5.929318,6.015858,5.895522,6.012563,272447852
2020-08-17,6.010911,6.108996,5.984545,6.098281,265483457
2020-08-18,6.095808,6.167517,6.094986,6.141962,201132478
2020-08-19,6.141140,6.141962,6.033992,6.038108,165379488
2020-08-20,6.042235,6.045529,5.958990,5.978767,179929606
2020-08-21,5.987839,6.061190,5.968052,6.014215,163394694
2020-08-24,6.033171,6.062012,5.961462,6.046360,170328656
2020-08-25,6.057896,6.101577,6.001849,6.015858,156904743
2020-08-26,6.009269,6.029868,5.885638,5.914478,228348959
2020-08-27,5.914478,5.970525,5.882343,5.967231,188417673
2020-08-28,5.957337,6.076030,5.927666,6.068610,316881183
2020-08-31,6.088387,6.132068,6.035644,6.038108,266992848
2020-09-01,6.024930,6.082620,6.017510,6.080968,168054844
2020-09-02,6.090040,6.103229,6.012564,6.076852,339449336
2020-09-03,6.073557,6.101576,6.023278,6.043886,158679508
2020-09-04,5.977124,6.015857,5.940033,6.002669,208684764
2020-09-07,5.987008,6.048824,5.852672,5.877397,243831002
2020-09-08,5.883986,5.937560,5.839484,5.914478,190783836
2020-09-09,5.854314,5.872449,5.729041,5.766953,249860717
2020-09-10,5.796625,5.812277,5.639198,5.668047,318197617
2020-09-11,5.635082,5.728211,5.628483,5.715853,257732966
2020-09-14,5.750462,5.775195,5.703486,5.759533,272297688
2020-09-15,5.746346,5.794152,5.733979,5.782606,160160685
2020-09-16,5.783437,5.783437,5.736452,5.764481,144800433
2020-09-17,5.744693,5.822170,5.709254,5.776838,213776850
2020-09-18,5.772722,5.883986,5.761176,5.881512,234453659
2020-09-21,5.876565,5.902942,5.829590,5.839484,315295972
2020-09-22,5.806509,5.869155,5.742220,5.766953,215023148
2020-09-23,5.770248,5.812277,5.761176,5.794972,142022612
2020-09-24,5.757060,5.765301,5.660627,5.682878,300677890
2020-09-25,5.683708,5.706781,5.635902,5.665574,205417705
2020-09-28,5.678762,5.687004,5.598812,5.612822,186960122
2020-09-29,5.629304,5.705139,5.616125,5.654038,261787328
2020-09-30,5.658154,5.687825,5.574909,5.615295,265184631
2020-10-09,5.701834,5.785910,5.701834,5.761176,222618688
2020-10-12,5.802393,5.940854,5.800741,5.937560,197356372
2020-10-13,5.921899,5.947453,5.878218,5.939212,223496744
2020-10-14,5.930970,5.934265,5.897995,5.912836,164142439
2020-10-15,5.904594,5.926024,5.865851,5.868324,174315251
2020-10-16,5.877396,5.883164,5.792499,5.836180,171618323
2020-10-19,5.868324,5.891406,5.757060,5.779311,342231858
2020-10-20,5.766123,5.832885,5.743050,5.827117,166360716
2020-10-21,5.818875,5.833706,5.738925,5.779311,190964223
2020-10-22,5.761176,5.768596,5.687825,5.743051,180818907
2020-10-23,5.729863,5.785080,5.638377,5.649092,211804290
2020-10-26,5.644145,5.671342,5.565025,5.644145,214617348
2020-10-27,5.616125,5.655680,5.607053,5.642492,133399654
2020-10-28,5.642493,5.680405,5.597160,5.675467,150321556
2020-10-29,5.613652,5.712549,5.608705,5.683709,192776122
2020-10-30,5.682878,5.719148,5.547711,5.555131,244725825
2020-11-02,5.559248,5.603758,5.546890,5.574909,163005032
2020-11-03,5.597160,5.675468,5.582329,5.662280,171931813
2020-11-04,5.662279,5.683708,5.607053,5.661448,223541070
2020-11-05,5.704307,5.785079,5.687825,5.773543,202956533
2020-11-06,5.776838,5.782606,5.673815,5.730684,196797065
2020-11-09,5.752935,5.863377,5.752114,5.824644,294441597
2020-11-10,5.846895,5.846895,5.746345,5.785079,275123938
2020-11-11,5.769427,5.794972,5.714201,5.715023,116036770
2020-11-12,5.719148,5.763650,5.711728,5.733979,115508815
2020-11-13,5.718327,5.742220,5.668047,5.735631,170546465
2020-11-16,5.746345,5.802392,5.719969,5.801571,153141276
2020-11-17,5.796625,5.798268,5.732336,5.762828,134532859
2020-11-18,5.759533,5.808161,5.736452,5.757881,184151566
2020-11-19,5.748819,5.798268,5.715023,5.790026,144175607
2020-11-20,5.769428,5.850199,5.769428,5.838654,188030173
2020-11-23,5.840306,5.932613,5.815581,5.882343,237582654
2020-11-24,5.880692,5.901300,5.869977,5.880692,155755627
2020-11-25,5.894701,5.903773,5.777669,5.786731,139760946
2020-11-26,5.785910,5.793320,5.726568,5.769427,191517808
2020-11-27,5.771070,5.794973,5.705139,5.793321,168131111
2020-11-30,5.794151,5.827117,5.733157,5.750462,241011554
2020-12-01,5.742220,5.862556,5.737283,5.842779,188225893
2020-12-02,5.844421,5.861735,5.808161,5.847725,247087511
2020-12-03,5.846073,5.883164,5.807339,5.867503,221854300
2020-12-04,5.851841,5.891406,5.821349,5.888932,149484391
2020-12-07,5.886459,5.893880,5.830412,5.846074,213941900
2020-12-08,5.841127,5.873271,5.834537,5.838654,154081058
2020-12-09,5.843600,5.851842,5.742221,5.747998,248941042
2020-12-10,5.719148,5.785079,5.708433,5.757881,139800357
2020-12-11,5.760355,5.780142,5.631778,5.663922,208126068
2020-12-14,5.659806,5.710076,5.631778,5.705960,137581640
2020-12-15,5.693592,5.720790,5.676289,5.711728,181727062
2020-12-16,5.711728,5.719969,5.669690,5.690298,104226746
2020-12-17,5.687003,5.767775,5.650734,5.759533,235339901
2020-12-18,5.752935,5.773544,5.710907,5.739757,223016367
2020-12-21,5.737283,5.846073,5.733979,5.831242,222023843
2020-12-22,5.827938,5.827938,5.703486,5.719148,245755889
2020-12-23,5.719969,5.786731,5.696897,5.749640,212775321
2020-12-24,5.747167,5.748819,5.663922,5.677110,220569269
2020-12-25,5.662279,5.742220,5.654859,5.730684,254208429
2020-12-28,5.721621,5.743872,5.676289,5.695245,245105204
2020-12-29,5.698540,5.744694,5.658154,5.670521,241623732
2020-12-30,5.664752,5.747997,5.650734,5.717495,190383591
2020-12-31,5.735631,5.813929,5.725737,5.804866,236756128
2021-01-04,5.821349,5.934265,5.794973,5.903773,347724584
2021-01-05,5.893880,5.968883,5.874923,5.955695,232056161
2021-01-06,5.958168,6.003500,5.902942,5.949096,160836617
2021-01-07,5.938381,5.991955,5.906236,5.973829,122314235
2021-01-08,5.974650,6.023278,5.918603,5.988660,154781168
2021-01-11,5.982070,5.991954,5.860082,5.896352,174413143
2021-01-12,5.879039,5.974650,5.877396,5.968883,203661805
2021-01-13,5.968051,5.973829,5.898825,5.930970,169881902
2021-01-14,5.917782,5.952400,5.851841,5.888932,167255127
2021-01-15,5.883164,5.893058,5.800740,5.867503,248361121
2021-01-18,5.846073,5.955695,5.842779,5.938381,170611785
2021-01-19,5.938381,5.958990,5.892228,5.906237,129602482
2021-01-20,5.903772,5.968883,5.890584,5.959810,116526171
2021-01-21,5.967230,6.066137,5.967230,6.043886,152037400
2021-01-22,6.031520,6.062843,5.991955,6.052128,189340601
2021-01-25,6.049654,6.122184,6.018331,6.062012,97947339
2021-01-26,6.031519,6.038939,5.956516,5.969704,130252262
2021-01-27,5.957338,5.987839,5.922729,5.984545,147309198
2021-01-28,5.927666,5.950748,5.854314,5.871628,272220380
2021-01-29,5.883986,5.902942,5.711728,5.789205,317919908
2021-02-01,5.787553,5.836180,5.783436,5.829590,119666235
2021-02-02,5.831242,5.888111,5.804866,5.884807,243814484
2021-02-03,5.884807,5.911183,5.849368,5.850199,208824093
2021-02-04,5.827117,5.847725,5.713380,5.786731,403501244
2021-02-05,5.785079,5.818875,5.695245,5.700191,220093194
2021-02-08,5.702665,5.794973,5.678762,5.768597,236341835
2021-02-09,5.765302,5.899647,5.765302,5.885638,310365625
2021-02-10,5.893058,5.966409,5.855136,5.952400,366537034
2021-02-18,6.066137,6.099103,5.983713,6.040582,148511569
2021-02-19,6.030698,6.134542,5.977945,6.127131,215025830
2021-02-22,6.147730,6.222734,6.067789,6.070253,237705192
2021-02-23,6.040582,6.119711,6.035645,6.053771,267209272
2021-02-24,6.037287,6.090861,5.922729,5.976293,395221604
2021-02-25,6.012563,6.031519,5.911183,5.946622,196867384
2021-02-26,5.854314,5.894700,5.794972,5.815580,280577815
2021-03-01,5.835359,5.921077,5.835359,5.918604,208694067
2021-03-02,5.936739,5.942506,5.836180,5.872450,317355349
2021-03-03,5.858440,5.954042,5.858440,5.950747,179697589
2021-03-04,5.926023,5.926023,5.824644,5.850199,322153079
2021-03-05,5.797446,5.889754,5.777669,5.859262,317046688
2021-03-08,5.881512,5.932613,5.710076,5.719148,345812109
2021-03-09,5.710076,5.724095,5.521335,5.590570,586820865
2021-03-10,5.625189,5.653207,5.524639,5.532050,281124362
2021-03-11,5.532050,5.682878,5.512272,5.680405,277544975
2021-03-12,5.687003,5.693593,5.598812,5.684530,252148221
2021-03-15,5.649913,5.690298,5.586455,5.647439,249073527
2021-03-16,5.645797,5.687825,5.599633,5.649912,215072283
2021-03-17,5.638376,5.693593,5.585623,5.682878,189410887
2021-03-18,5.682878,5.759533,5.682878,5.724916,184941869
2021-03-19,5.669690,5.718327,5.636725,5.677941,174760180
2021-03-22,5.668869,5.762007,5.668869,5.751292,200561702
2021-03-23,5.752114,5.763650,5.654859,5.685351,230540644
2021-03-24,5.645797,5.696066,5.609527,5.623536,248141105
2021-03-25,5.598811,5.661448,5.583981,5.636724,245014433
2021-03-26,5.638376,5.724916,5.636724,5.710076,223112074
2021-03-29,5.711728,5.730684,5.670521,5.710076,291972561
2021-03-30,5.705960,5.741399,5.674637,5.730684,171902361
2021-03-31,5.723264,5.729863,5.658154,5.722443,215182243
2021-04-01,5.718327,5.779311,5.698540,5.762007,153638042
2021-04-02,5.769427,5.790857,5.743051,5.775195,141711018
2021-04-06,5.788383,5.826296,5.769427,5.786731,162712173
2021-04-07,5.791677,5.798267,5.738104,5.795794,180720191
2021-04-08,5.790026,5.831243,5.758713,5.813108,177730959
2021-04-09,5.799920,5.817224,5.767776,5.793321,101572358
2021-04-12,5.782606,5.793320,5.675467,5.699361,296252237
2021-04-13,5.686182,5.722443,5.668047,5.681236,188116906
2021-04-14,5.680405,5.752935,5.680405,5.733158,189296773
2021-04-15,5.724916,5.746345,5.677941,5.738925,188426139
2021-04-16,5.754587,5.812277,5.738926,5.810634,286925096
2021-04-19,5.801572,5.883164,5.779311,5.869976,202143400
2021-04-20,5.859262,5.908710,5.853493,5.881512,175700603
2021-04-21,5.856788,5.886459,5.825465,5.865851,104461928
2021-04-22,5.879039,5.913656,5.868324,5.887280,196710750
2021-04-23,5.885638,5.917782,5.858440,5.916130,103381346
2021-04-26,5.912013,5.988660,5.885637,5.891406,180459809
2021-04-27,5.889754,5.916130,5.858440,5.889754,150349384
2021-04-28,5.888111,5.937560,5.852672,5.932613,114290981
2021-04-29,5.931792,5.944158,5.898826,5.934265,115982926
2021-04-30,5.931792,5.951569,5.877397,5.943328,127758278
2021-05-06,5.939211,5.991955,5.890584,5.924371,150346786
2021-05-07,5.931792,5.975472,5.893058,5.898826,224673746
2021-05-10,5.899647,5.946622,5.887280,5.916952,130602319
2021-05-11,5.890584,5.923550,5.810634,5.900468,121089435
2021-05-12,5.887280,5.976293,5.868324,5.965579,121192277
2021-05-13,5.931792,5.949096,5.884807,5.899648,163239659
2021-05-14,5.907888,5.993606,5.883985,5.991133,244841888
2021-05-17,5.991134,6.057075,5.983714,6.021626,190828159
2021-05-18,6.021626,6.049654,6.010911,6.038108,164516521
2021-05-19,6.030698,6.035645,5.991955,6.028225,101946582
2021-05-20,6.025751,6.033171,5.958989,6.005974,110673922
2021-05-21,6.005143,6.024930,5.968052,5.982893,107834638
2021-05-24,5.981240,6.024099,5.946622,6.000196,107518373
2021-05-25,5.999375,6.084272,5.985365,6.064485,163896808
2021-05-26,6.068611,6.082620,6.056244,6.073557,272580354
2021-05-27,6.068611,6.127131,6.059538,6.123827,234806229
2021-05-28,6.125479,6.155150,6.092513,6.121354,193475864
2021-05-31,6.123827,6.167517,6.107344,6.164213,173631245
2021-06-01,6.159275,6.179874,6.099102,6.174106,294200466
2021-06-02,6.170812,6.183169,6.115585,6.136194,177775371
2021-06-03,6.130426,6.185643,6.116417,6.123827,124407999
2021-06-04,6.100755,6.181526,6.083441,6.152677,117756993
2021-06-07,6.164213,6.176580,6.131247,6.169160,191453198
2021-06-08,6.165044,6.206251,6.112291,6.146909,125604171
2021-06-09,6.136194,6.158445,6.116416,6.141140,101268397
2021-06-10,6.144435,6.224385,6.130425,6.219439,111518148
2021-06-11,6.216965,6.228502,6.176580,6.188947,110340687
2021-06-15,6.188947,6.197189,6.105702,6.113944,118381440
2021-06-16,6.113943,6.116416,6.021626,6.039761,179848443
2021-06-17,6.027394,6.086746,6.027394,6.076852,134499826
2021-06-18,6.076852,6.181526,6.061190,6.137846,213011156
2021-06-21,6.123006,6.185642,6.104871,6.161739,153467033
2021-06-22,6.179874,6.208724,6.149382,6.198009,130883424
2021-06-23,6.205429,6.260646,6.183169,6.248289,125718696
2021-06-24,6.248289,6.248289,6.203777,6.226028,225898554
2021-06-25,6.217787,6.292791,6.208724,6.275486,212641784
2021-06-28,6.275486,6.304327,6.259004,6.279602,84487485
2021-06-29,6.279602,6.289496,6.212019,6.231797,201299773
2021-06-30,6.233449,6.280433,6.223555,6.262299,159143006
2021-07-01,6.278781,6.282075,6.185642,6.192241,149375114
2021-07-02,6.179874,6.193884,6.130425,6.139488,140539303
2021-07-05,6.140310,6.188115,6.139488,6.176579,117028505
2021-07-06,6.176579,6.208724,6.115585,6.175758,128436718
2021-07-07,6.140310,6.235101,6.130426,6.231797,125396725
2021-07-08,6.238395,6.262298,6.214492,6.222733,109475001
2021-07-09,6.221912,6.282076,6.171633,6.276308,125417616
2021-07-12,6.307630,6.387571,6.300210,6.365320,172593691
2021-07-13,6.365320,6.432082,6.348838,6.425493,91421571
2021-07-14,6.422189,6.434556,6.364499,6.383455,206762596
2021-07-15,6.372740,6.407358,6.318345,6.398286,164346857
2021-07-16,6.383455,6.455985,6.383455,6.407358,120411366
2021-07-19,6.363678,6.412305,6.345543,6.371088,136563930
2021-07-20,6.338123,6.387571,6.324935,6.378509,153149295
2021-07-21,6.389224,6.468343,6.389224,6.459280,176861462
2021-07-22,6.461753,6.494719,6.436208,6.487309,88744425
2021-07-23,6.497193,6.524390,6.446092,6.474942,141564555
2021-07-26,6.461754,6.475763,6.282076,6.355427,294921880
2021-07-27,6.352132,6.405706,6.224385,6.234269,425861636
2021-07-28,6.184000,6.215313,6.060369,6.140310,563484879
2021-07-29,6.222734,6.260646,6.183169,6.244985,350179742
2021-07-30,6.216144,6.268888,6.198010,6.264771,177887543
2021-08-02,6.263119,6.356258,6.230154,6.349659,333187697
2021-08-03,6.344712,6.355427,6.291148,6.305157,278721995
2021-08-04,6.303505,6.400759,6.292790,6.398286,350009536
2021-08-05,6.385108,6.418073,6.352133,6.390876,168761566
2021-08-06,6.391697,6.422189,6.367794,6.420547,82627912
2021-08-09,6.400760,6.459280,6.371919,6.446092,160176421
2021-08-10,6.438672,6.494719,6.427957,6.489772,101644797
2021-08-11,6.488951,6.544177,6.470816,6.539230,98884469
2021-08-12,6.528515,6.586205,6.506264,6.564775,109862982
2021-08-13,6.560660,6.591973,6.530158,6.566428,96190728
2021-08-16,6.567249,6.579616,6.516979,6.533463,124143796
2021-08-17,6.523569,6.538409,6.370267,6.389224,347262783
2021-08-18,6.385108,6.435377,6.358731,6.416421,224335300
2021-08-19,6.405706,6.452690,6.350489,6.430430,204144078
2021-08-20,6.412305,6.437030,6.342248,6.402412,183964749
2021-08-23,6.413948,6.502961,6.413948,6.494719,179782192
2021-08-24,6.519443,6.571375,6.477415,6.563133,129710984
2021-08-25,6.560660,6.618350,6.528516,6.615877,96517338
2021-08-26,6.613403,6.634833,6.577143,6.587858,94968546
2021-08-27,6.577143,6.649673,6.562303,6.638137,72630118
2021-08-30,6.651325,6.718908,6.641432,6.684291,101161617
2021-08-31,6.681817,6.713131,6.620002,6.710667,88855736
2021-09-01,6.717256,6.726319,6.577143,6.653789,119086813
2021-09-02,6.645547,6.781545,6.632359,6.774125,101513697
2021-09-03,6.799680,6.840887,6.695827,6.739508,154620090
2021-09-06,6.742812,6.799680,6.695006,6.798028,109587208
2021-09-07,6.788965,6.951329,6.787313,6.947213,106249125
2021-09-08,6.947214,6.994189,6.934847,6.991716,122326126
2021-09-09,6.982653,7.061772,6.965339,7.052710,88954883
2021-09-10,7.045289,7.104631,7.000778,7.050236,145138515
2021-09-13,7.030458,7.087327,6.997483,7.074139,139309220
2021-09-14,7.071666,7.128534,6.976885,6.995841,137851425
2021-09-15,6.967812,7.062593,6.962866,7.025512,90880053
2021-09-16,7.030458,7.088148,6.892808,6.897756,151842091
2021-09-17,6.877147,6.926605,6.746927,6.841708,297133630
2021-09-22,6.740338,6.911765,6.740338,6.909292,156505897
2021-09-23,6.929078,6.973580,6.899408,6.947213,169763030
2021-09-24,6.947213,6.947213,6.836762,6.844182,396997083
2021-09-27,6.843360,6.861495,6.614234,6.655441,531230089
2021-09-28,6.641432,6.685934,6.629065,6.659567,179836194
2021-09-29,6.630716,6.632359,6.482362,6.509559,416948194
2021-09-30,6.515327,6.577964,6.515327,6.568080,301038411
2021-10-08,6.633190,6.657914,6.524390,6.559008,243241144
2021-10-11,6.552419,6.587858,6.516980,6.553240,201013864
2021-10-12,6.553240,6.555713,6.387571,6.427135,357280661
2021-10-13,6.418894,6.473289,6.380982,6.455985,194145483
2021-10-14,6.432904,6.498845,6.420546,6.479888,202772544
2021-10-15,6.479889,6.518622,6.454334,6.512855,238353247
2021-10-18,6.494719,6.535936,6.457628,6.532632,315380007
2021-10-19,6.532631,6.591152,6.511202,6.583732,233046885
2021-10-20,6.546651,6.616707,6.533463,6.581259,192780658
2021-10-21,6.577143,6.609287,6.532632,6.563955,155730438
2021-10-22,6.555713,6.578795,6.505434,6.513676,138134328
2021-10-25,6.501318,6.570544,6.490603,6.568080,110532979
2021-10-26,6.573848,6.616707,6.549124,6.577964,186755131
2021-10-27,6.560660,6.572196,6.491424,6.519444,100569219
2021-10-28,6.507907,6.518622,6.425493,6.441976,301169532
2021-10-29,6.441145,6.508728,6.415599,6.507086,166259061
2021-11-01,6.484005,6.556535,6.478237,6.531811,115085098
2021-11-02,6.520274,6.577143,6.416422,6.468343,372821580
2021-11-03,6.457628,6.517801,6.453512,6.489772,174020156
2021-11-04,6.495549,6.546650,6.495549,6.542524,108833145
2021-11-05,6.531810,6.549945,6.484005,6.488951,206653555
2021-11-08,6.473290,6.521096,6.463406,6.508729,144494126
2021-11-09,6.527695,6.558187,6.503792,6.549946,176320108
2021-11-10,6.544177,6.544177,6.440324,6.533463,268771147
2021-11-11,6.525221,6.590331,6.518622,6.587858,154533825
2021-11-12,6.593626,6.637306,6.587858,6.624118,99305200
2021-11-15,6.620823,6.656262,6.556535,6.575491,124792875
2021-11-16,6.572196,6.599394,6.523569,6.530989,114342795
2021-11-17,6.531811,6.572196,6.520274,6.569723,132847257
2021-11-18,6.565607,6.606814,6.535106,6.568902,197244748
2021-11-19,6.560660,6.655441,6.558186,6.647199,249850564
2021-11-22,6.659566,6.713131,6.655441,6.704889,270532298
2021-11-23,6.696648,6.746106,6.690880,6.720551,177257807
2021-11-24,6.708193,6.741981,6.693353,6.714783,98748239
2021-11-25,6.713131,6.726319,6.697479,6.710667,98388543
2021-11-26,6.672745,6.722203,6.659567,6.691711,119606264
2021-11-29,6.634833,6.702426,6.621645,6.698300,185041991
2021-11-30,6.704068,6.739507,6.672745,6.711489,149355553
2021-12-01,6.706542,6.748580,6.690059,6.746107,88014191
2021-12-02,6.734561,6.742812,6.684291,6.705721,106678381
2021-12-03,6.698300,6.774126,6.694175,6.768357,92941203
2021-12-06,6.763410,6.788965,6.703247,6.714783,162662975
2021-12-07,6.733739,6.743633,6.634833,6.673576,104363341
2021-12-08,6.675219,6.772483,6.675219,6.771652,118220368
2021-12-09,6.759294,6.802975,6.750222,6.778250,96674989
2021-12-10,6.752695,6.792260,6.752695,6.775777,168304372
2021-12-13,6.774946,6.814511,6.761768,6.790608,109018495
2021-12-14,6.767535,6.799680,6.763410,6.774125,80632134
2021-12-15,6.764241,6.800502,6.753527,6.765884,82450677
2021-12-16,6.765884,6.830994,6.762589,6.827699,125443685
2021-12-17,6.827699,6.828520,6.766705,6.779893,238847719
2021-12-20,6.707363,6.718908,6.664504,6.673576,472662364
2021-12-21,6.666156,6.751053,6.666156,6.723846,229315983
2021-12-22,6.733739,6.772483,6.722203,6.751874,159557981
2021-12-23,6.763410,6.807922,6.742811,6.789786,122400463
2021-12-24,6.788965,6.788965,6.721382,6.750222,318418972
2021-12-27,6.737033,6.785661,6.726319,6.735391,315030134
2021-12-28,6.739507,6.750222,6.700774,6.740338,225651222
2021-12-29,6.737034,6.746928,6.708194,6.723025,239312223
2021-12-30,6.712310,6.779072,6.711489,6.771652,251004344
2021-12-31,6.771652,6.825225,6.770830,6.806270,223101290
2022-01-04,6.828520,6.831824,6.764241,6.812037,236207824
2022-01-05,6.807922,6.807922,6.668629,6.678523,325358300
2022-01-06,6.641432,6.697479,6.629065,6.686764,233976665
2022-01-07,6.688407,6.713131,6.643905,6.652968,219474549
2022-01-10,6.638958,6.664504,6.602688,6.653789,103190226
2022-01-11,6.657914,6.672745,6.596099,6.615055,178434356
2022-01-12,6.618349,6.666155,6.618349,6.660388,115384871
2022-01-13,6.663683,6.669450,6.577964,6.586205,239166296
2022-01-14,6.552418,6.605993,6.540052,6.554892,256999859
2022-01-17,6.554892,6.642252,6.554061,6.620002,200727743
2022-01-18,6.622475,6.652967,6.595277,6.631538,157523575
2022-01-19,6.626591,6.656262,6.559829,6.593626,289658376
2022-01-20,6.591974,6.614234,6.523569,6.541704,340887993
2022-01-21,6.535936,6.538410,6.458459,6.472469,506332478
2022-01-24,6.432904,6.491424,6.417242,6.464227,211980328
2022-01-25,6.451860,6.459280,6.246636,6.252404,350502121
2022-01-26,6.263941,6.295264,6.231797,6.275486,248526104
2022-01-27,6.270540,6.275487,6.114765,6.125479,272079708
2022-01-28,6.148561,6.188947,6.021626,6.083441,433773510
2022-02-07,6.140310,6.199661,6.140310,6.170812,376216815
2022-02-08,6.176580,6.247458,6.111470,6.244163,179968100
2022-02-09,6.254878,6.337301,6.235100,6.329881,198057403
2022-02-10,6.324935,6.352133,6.296085,6.329060,164378191
2022-02-11,6.310104,6.334828,6.242511,6.253226,222300269
2022-02-14,6.218617,6.273834,6.182348,6.199661,282726922
2022-02-15,6.205429,6.259004,6.188116,6.254057,246903624
2022-02-16,6.279602,6.287844,6.245815,6.267245,204360255
2022-02-17,6.263119,6.301031,6.227680,6.268887,171360057
2022-02-18,6.247458,6.329882,6.236743,6.324935,180741349
2022-02-21,6.325756,6.359552,6.314220,6.352963,186378464
2022-02-22,6.317515,6.319167,6.239217,6.282076,188028825
2022-02-23,6.282075,6.375214,6.282075,6.375214,256733576
2022-02-24,6.348016,6.380982,6.200482,6.265593,377197659
2022-02-25,6.312577,6.391697,6.298558,6.310104,274891718
2022-02-28,6.313399,6.346365,6.267245,6.342248,180806367
2022-03-01,6.351311,6.378509,6.324113,6.358731,228817653
2022-03-02,6.343890,6.366972,6.314220,6.361204,161700219
2022-03-03,6.392518,6.397465,6.329060,6.353785,172900613
2022-03-04,6.315042,6.373562,6.286201,6.310104,185098231
2022-03-07,6.296916,6.296916,6.137846,6.165865,240445309
2022-03-08,6.165865,6.172454,5.935086,5.937560,532276272
2022-03-09,5.958989,5.983713,5.614473,5.834537,719699732
2022-03-10,5.917782,5.984544,5.901299,5.927666,461587670
2022-03-11,5.856788,6.015037,5.802393,6.011742,342609099
2022-03-14,5.954873,6.015858,5.852672,5.854314,359047832
2022-03-15,5.813108,5.835359,5.507325,5.508977,651742819
2022-03-16,5.598812,5.733157,5.384516,5.702665,691701392
2022-03-17,5.769427,5.897995,5.744693,5.795794,398713939
2022-03-18,5.770249,5.862557,5.755409,5.855136,252446811
2022-03-21,5.868324,5.907067,5.807340,5.877397,483258563
2022-03-22,5.865851,5.930140,5.836180,5.879039,169357149
2022-03-23,5.897996,5.949927,5.874923,5.918604,139831036
2022-03-24,5.886459,5.912014,5.847725,5.873271,123083462
2022-03-25,5.871628,5.901299,5.796625,5.798267,128973468
2022-03-28,5.766954,5.859261,5.720790,5.818054,126937961
2022-03-29,5.818876,5.843600,5.770249,5.786731,144149942
2022-03-30,5.806509,5.916130,5.806509,5.912014,261769389
2022-03-31,5.893880,5.906237,5.851020,5.860914,154148084
2022-04-01,5.814751,5.910362,5.814751,5.901300,208623805
2022-04-06,5.893058,5.893058,5.808161,5.888112,147507002
2022-04-07,5.866681,5.890584,5.752935,5.754587,223223110
2022-04-08,5.766123,5.776838,5.658975,5.773543,162422181
2022-04-11,5.736452,5.752934,5.563372,5.589749,215602487
2022-04-12,5.587276,5.691120,5.530407,5.681236,283838788
2022-04-13,5.654038,5.677110,5.596338,5.598812,164075628
2022-04-14,5.629304,5.711728,5.616126,5.672994,168693129
2022-04-15,5.647439,5.677941,5.600464,5.621894,129686554
2022-04-18,5.571614,5.656511,5.532881,5.626841,183148319
2022-04-19,5.625188,5.659806,5.607053,5.644966,139018588
2022-04-20,5.645797,5.656511,5.505673,5.514746,147404940
2022-04-21,5.505673,5.527103,5.323532,5.344961,247617505
2022-04-22,5.324353,5.376275,5.246054,5.312817,271832936
2022-04-25,5.231214,5.240287,4.960059,4.965827,393951965
2022-04-26,4.976542,5.042474,4.845491,4.875162,398566417
2022-04-27,4.873510,5.041652,4.788623,5.039179,479655266
2022-04-28,4.994668,5.062260,4.945219,5.025169,393237382
2022-04-29,5.038358,5.232046,5.035885,5.231215,383951043
2022-05-05,5.212258,5.311165,5.208143,5.267485,262133154
2022-05-06,5.159515,5.214732,5.134791,5.149621,347823101
2022-05-09,5.132318,5.213089,5.123245,5.194954,286851815
2022-05-10,5.134791,5.291387,5.103468,5.282315,219662699
2022-05-11,5.282314,5.444688,5.275725,5.317763,423540824
2022-05-12,5.301271,5.368033,5.272431,5.321879,166146604
2022-05-13,5.335889,5.385347,5.312817,5.382874,161245748
2022-05-16,5.419133,5.435617,5.343309,5.366390,219289505
2022-05-17,5.368034,5.396883,5.313639,5.395231,154927513
2022-05-18,5.392757,5.427375,5.363086,5.377105,184169767
2022-05-19,5.316112,5.428206,5.307870,5.427375,215102312
2022-05-20,5.436448,5.516388,5.424081,5.511451,215344232
2022-05-23,5.522166,5.545238,5.482601,5.534523,157401665
2022-05-24,5.525461,5.536175,5.340836,5.345783,287948565
2022-05-25,5.340836,5.432322,5.335068,5.431501,207138655
2022-05-26,5.424902,5.514746,5.358971,5.494138,220063319
2022-05-27,5.505674,5.541944,5.443037,5.494138,152709406
2022-05-30,5.505673,5.525461,5.452109,5.523808,108872504
2022-05-31,5.514746,5.625188,5.485074,5.610348,291128486
2022-06-01,5.600464,5.627661,5.551837,5.604580,162147970
2022-06-02,5.594696,5.680405,5.573266,5.672163,172652107
2022-06-06,5.657333,5.783437,5.657333,5.762007,277471183
2022-06-07,5.760355,5.776838,5.728211,5.758712,182368931
2022-06-08,5.759533,5.814750,5.702665,5.799098,194522500
2022-06-09,5.785910,5.802393,5.672163,5.729041,172735140
2022-06-10,5.693593,5.842778,5.693593,5.833706,249861808
2022-06-13,5.801571,5.839483,5.758712,5.816402,194963475
2022-06-14,5.771069,5.880691,5.662279,5.875744,295838087
2022-06-15,5.872449,5.991954,5.843600,5.851019,245983566
2022-06-16,5.864208,5.930140,5.843600,5.860083,231658924
2022-06-17,5.834537,5.930140,5.775195,5.916130,262241557
2022-06-20,5.916130,5.956516,5.863377,5.916130,204672214
2022-06-21,5.910362,5.931791,5.825465,5.873271,171136059
2022-06-22,5.868325,5.887281,5.775196,5.781785,225203522
2022-06-23,5.781785,5.915309,5.760355,5.909541,226967390
2022-06-24,5.917782,5.990312,5.905415,5.977945,204923164
2022-06-27,5.987839,6.053770,5.987839,6.002669,228801527
2022-06-28,6.001848,6.115585,5.991955,6.104049,148713826
2022-06-29,6.089209,6.104871,5.982071,6.007617,206791256
2022-06-30,6.000196,6.094156,5.996081,6.054601,236088234
2022-07-01,6.042234,6.085914,6.029046,6.043886,151583061
2022-07-04,6.041413,6.120532,6.001027,6.117238,307904543
2022-07-05,6.127131,6.146909,6.033993,6.108996,256651214
2022-07-06,6.085915,6.101577,5.973830,6.029868,153994987
2022-07-07,6.020805,6.090862,5.997723,6.054601,187083339
2022-07-08,6.078495,6.092514,6.015858,6.019153,129148866
2022-07-11,5.991134,6.001027,5.901300,5.939212,128129419
2022-07-12,5.932612,5.968882,5.860082,5.867503,118275377
2022-07-13,5.869155,5.908710,5.842778,5.888932,212411590
2022-07-14,5.880691,5.962284,5.874092,5.930140,221333331
2022-07-15,5.907889,5.956516,5.825465,5.830412,134392732
2022-07-18,5.835359,5.954873,5.835359,5.938381,159197458
2022-07-19,5.938381,5.974650,5.911183,5.959810,159374604
2022-07-20,5.987839,6.051297,5.980419,6.035645,139241104
2022-07-21,6.029868,6.037288,5.973830,5.977125,109767894
2022-07-22,5.978767,6.007617,5.868324,5.923551,222503795
2022-07-25,5.917782,5.947453,5.843600,5.865029,162627475
2022-07-26,5.865029,5.959810,5.856788,5.935907,133346819
2022-07-27,5.926024,5.978767,5.913657,5.961463,85082068
2022-07-28,5.982893,6.034815,5.964758,5.977125,136367391
2022-07-29,5.989481,6.002670,5.918603,5.929318,128512690
2022-08-01,5.920256,5.983713,5.886459,5.980419,90934751
2022-08-02,5.935907,5.942506,5.743872,5.831242,240762009
2022-08-03,5.832885,5.911184,5.761176,5.782606,158504566
2022-08-04,5.814750,5.822992,5.726568,5.802393,175790053
2022-08-05,5.808161,5.926024,5.808161,5.922729,106796868
2022-08-08,5.908710,5.959811,5.903773,5.955695,105696580
2022-08-09,5.958990,5.977125,5.923551,5.972999,103530996
2022-08-10,5.966410,5.994429,5.934265,5.961463,79053848
2022-08-11,5.987839,6.081799,5.977945,6.079326,134090306
2022-08-12,6.074378,6.099102,6.060369,6.068610,97669925
2022-08-15,6.047182,6.104871,6.033993,6.076852,226509234
2022-08-16,6.085915,6.131247,6.069432,6.092514,125705096
2022-08-17,6.094987,6.142783,6.060369,6.132069,158904410
2022-08-18,6.124658,6.124658,6.082620,6.109818,92601689
2022-08-19,6.099103,6.118059,6.025751,6.029046,136747033
2022-08-22,6.023278,6.113943,5.996080,6.104871,101613370
2022-08-23,6.099102,6.110638,6.066136,6.106523,131729311
2022-08-24,6.106523,6.111469,5.916130,5.931791,180850880
2022-08-25,5.930970,5.967231,5.884807,5.963936,163754847
2022-08-26,6.823480,6.894282,6.792327,6.815927,98183120
2022-08-29,5.853012,5.956855,5.852068,5.947415,198028513
2022-08-30,5.947416,5.956856,5.893606,5.938919,183534979
2022-08-31,5.919094,5.934199,5.795426,5.812418,234010869
2022-09-01,5.805811,5.859620,5.770881,5.791650,98092405
2022-09-02,5.777489,5.834131,5.775601,5.802034,171678561
2022-09-05,5.792594,5.838851,5.769937,5.831299,160317177
2022-09-06,5.834131,5.936087,5.834131,5.931367,164844032
2022-09-07,5.913431,5.960633,5.903046,5.946472,103698198
2022-09-08,5.952135,5.954968,5.919094,5.925703,145157410
2022-09-09,5.923815,5.972904,5.905878,5.961576,162508960
2022-09-13,5.976681,5.995562,5.933255,5.946472,171915915
2022-09-14,5.881333,5.925703,5.867173,5.901158,200417289
2022-09-15,5.913430,5.926647,5.721791,5.766161,184702458
2022-09-16,5.749168,5.767105,5.616059,5.622667,205735741
2022-09-19,5.617003,5.627387,5.548088,5.587738,159073285
2022-09-20,5.595291,5.671757,5.595291,5.616059,144729153
2022-09-21,5.598123,5.666093,5.547145,5.644381,121469500
2022-09-22,5.608507,5.680254,5.600955,5.635884,140979579
2022-09-23,5.624555,5.648156,5.507495,5.568857,205678384
2022-09-26,5.530152,5.599067,5.475399,5.481063,339784319
2022-09-27,5.488615,5.593403,5.487671,5.583962,240423852
2022-09-28,5.565082,5.579242,5.449909,5.452742,203925977
2022-09-29,5.484838,5.537705,5.425365,5.466902,242413769
2022-09-30,5.459350,5.489559,5.391380,5.393268,156307202
2022-10-10,5.400820,5.446134,5.310193,5.330961,168606174
2022-10-11,5.333794,5.394212,5.305472,5.364003,268234684
2022-10-12,5.364947,5.498999,5.278096,5.492391,316516593
2022-10-13,5.465958,5.548088,5.462181,5.506551,162037781
2022-10-14,5.560361,5.672701,5.537705,5.646268,254866515
2022-10-17,5.620779,5.693470,5.617948,5.671757,160442081
2022-10-18,5.697246,5.734063,5.656653,5.697246,183606501
2022-10-19,5.683085,5.705742,5.637772,5.649100,130656328
2022-10-20,5.629276,5.713295,5.551865,5.630220,243198439
2022-10-21,5.635884,5.663261,5.592459,5.630220,204128235
2022-10-24,5.626444,5.739728,5.532040,5.582074,287111935
2022-10-25,5.560361,5.607563,5.466902,5.537705,262057719
2022-10-26,5.550922,5.693471,5.544313,5.651933,258992446
2022-10-27,5.674589,5.698190,5.629275,5.634940,211648155
2022-10-28,5.610395,5.618891,5.431973,5.455573,238438526
2022-10-31,5.446133,5.546201,5.424420,5.488615,196079625
2022-11-01,5.498055,5.631164,5.465958,5.625500,365777499
2022-11-02,5.617004,5.697246,5.602843,5.666093,256482672
2022-11-03,5.633052,5.687806,5.627388,5.668925,232217560
2022-11-04,5.664205,5.829411,5.663261,5.812418,336833282
2022-11-07,5.809586,5.833187,5.762385,5.797314,204903372
2022-11-08,5.790706,5.805810,5.767105,5.802978,176570074
2022-11-09,5.810531,5.849236,5.780322,5.786930,141186767
2022-11-10,5.764273,5.792594,5.727455,5.767105,200492703
2022-11-11,5.919094,5.927590,5.793538,5.801090,425722662
2022-11-14,5.807699,5.862453,5.776545,5.791650,259196662
2022-11-15,5.796370,5.900214,5.784097,5.891717,297730177
2022-11-16,5.888885,5.919094,5.853956,5.864340,208038342
2022-11-17,5.845460,5.879445,5.816194,5.876613,329644622
2022-11-18,5.876613,5.916263,5.851124,5.865284,465058990
2022-11-21,5.819971,5.867173,5.790705,5.858676,413988910
2022-11-22,5.838851,5.856788,5.766160,5.796370,267496937
2022-11-23,5.759553,5.810531,5.717071,5.785986,404002860
2022-11-24,5.796370,5.819971,5.758609,5.786930,199374618
2022-11-25,5.768049,5.785041,5.724623,5.756720,277236804
2022-11-28,5.684030,5.735952,5.639660,5.731232,358876825
2022-11-29,5.746336,5.848292,5.745392,5.825635,380485720
2022-11-30,5.823747,5.838851,5.786930,5.812418,205076321
2022-12-01,5.890773,5.898326,5.839795,5.843572,218641816
2022-12-02,5.847347,5.878501,5.825635,5.829411,205040860
2022-12-05,5.868116,5.884165,5.839795,5.870004,389476546
2022-12-06,5.866228,5.913430,5.841683,5.867172,205020371
2022-12-07,5.859620,5.904934,5.842628,5.859620,251485917
2022-12-08,5.859620,5.867173,5.827523,5.850180,179880280
2022-12-09,5.843572,5.881333,5.817139,5.858676,196236728
2022-12-12,5.848292,5.856788,5.810531,5.836964,195152738
2022-12-13,5.835075,5.837907,5.792594,5.804866,205760053
2022-12-14,5.804867,5.822804,5.763329,5.780322,197150083
2022-12-15,5.775601,5.792594,5.756720,5.779377,171248726
2022-12-16,5.767105,5.768993,5.726512,5.757665,266188643
2022-12-19,5.752944,5.764273,5.609451,5.635884,622390961
2022-12-20,5.616059,5.623611,5.556585,5.575466,428122497
2022-12-21,5.579242,5.588683,5.510328,5.547145,226994690
2022-12-22,5.563194,5.571690,5.453686,5.487671,226980075
2022-12-23,5.459350,5.506551,5.436693,5.466902,422008102
2022-12-26,5.470678,5.549033,5.466902,5.532041,383096612
2022-12-27,5.554697,5.574522,5.518824,5.569802,344807815
2022-12-28,5.556585,5.574522,5.536760,5.554697,228270891
2022-12-29,5.540537,5.590570,5.524488,5.551865,275557197
2022-12-30,5.567913,5.572633,5.534872,5.557529,156259078
2023-01-03,5.543369,5.654764,5.522600,5.635884,244700488
2023-01-04,5.642493,5.650045,5.601899,5.633996,263374163
2023-01-05,5.650045,5.703854,5.633996,5.689694,231775005
2023-01-06,5.689694,5.731231,5.678365,5.701966,199272551
2023-01-09,5.709519,5.750113,5.709519,5.713295,209701416
2023-01-10,5.712350,5.733119,5.692526,5.727455,151506194
2023-01-11,5.727455,5.748224,5.687806,5.701022,231896495
2023-01-12,5.706687,5.733120,5.681198,5.695358,170119873
2023-01-13,5.703855,5.745392,5.695359,5.743505,215455222
2023-01-16,5.750113,5.851124,5.750113,5.799202,390989077
2023-01-17,5.815251,5.820915,5.793538,5.806755,301742127
2023-01-18,5.807698,5.849236,5.807698,5.829411,361235634
2023-01-19,5.821859,5.887941,5.806755,5.883221,301622896
2023-01-20,5.892662,5.928535,5.891718,5.925703,277862983
2023-01-30,5.994617,6.024827,5.939863,5.945528,404446749
2023-01-31,5.943640,5.976681,5.929479,5.950248,263662170
2023-02-01,5.964408,6.026714,5.954024,6.018218,405654876
2023-02-02,6.033322,6.059756,6.003114,6.027658,338292674
2023-02-03,6.013498,6.017274,5.934199,6.001225,258303729
2023-02-06,5.981401,5.988953,5.931367,5.973848,304667698
2023-02-07,5.976680,5.985177,5.932311,5.976680,562754021
2023-02-08,5.981401,5.986121,5.923815,5.933255,467137938
2023-02-09,5.928536,6.024827,5.917207,6.019163,319843191
2023-02-10,6.022938,6.024826,5.954023,6.000281,471355276
2023-02-13,5.983289,6.043707,5.983289,6.036155,509438326
2023-02-14,6.045595,6.064476,6.023882,6.052203,232379421
2023-02-15,6.051259,6.069195,6.020105,6.040874,270255821
2023-02-16,6.045595,6.087132,5.916262,5.960632,309968089
2023-02-17,5.956856,5.975736,5.895493,5.909654,257134866
2023-02-20,5.930423,6.007833,5.886053,6.002169,492217418
2023-02-21,6.018218,6.054092,5.996506,6.037099,186274914
2023-02-22,6.025770,6.054092,6.008778,6.031435,299347953
2023-02-23,6.032378,6.049371,5.983288,6.021049,354664685
2023-02-24,6.011610,6.035211,5.964408,6.007833,196814360
2023-02-27,5.986121,6.005002,5.945527,5.976680,271088592
2023-02-28,5.978569,6.021050,5.951191,6.015386,168964368
2023-03-01,6.013498,6.072028,6.000281,6.052203,184066334
2023-03-02,6.060700,6.071084,6.029547,6.045595,215661977
2023-03-03,6.049371,6.058812,6.001226,6.042763,301792150
2023-03-06,6.047483,6.061644,6.015386,6.044651,265155549
2023-03-07,6.041819,6.048427,5.948360,5.950248,259002383
2023-03-08,5.933254,5.971960,5.929479,5.959688,262204187
2023-03-09,5.964408,5.968185,5.920983,5.953080,252591021
2023-03-10,5.919094,5.932311,5.863396,5.877557,170330943
2023-03-13,5.871893,5.915318,5.850180,5.910598,180849399
2023-03-14,5.892661,5.909654,5.802034,5.862452,201091943
2023-03-15,5.889829,5.922871,5.881333,5.892662,197302154
2023-03-16,5.870004,5.885109,5.806754,5.819971,252010528
2023-03-17,5.854900,5.909654,5.835076,5.853956,421830402
2023-03-20,5.862452,5.875669,5.824691,5.836020,204507186
2023-03-21,5.852068,5.900214,5.849236,5.897382,310253301
2023-03-22,5.904934,5.933255,5.904934,5.929479,152766043
2023-03-23,5.923815,5.963464,5.917207,5.962520,176004304
2023-03-24,5.966296,5.976680,5.945527,5.970072,145644215
2023-03-27,5.969128,5.976680,5.928535,5.967240,191704741
2023-03-28,5.967240,5.985177,5.938919,5.952136,238254843
2023-03-29,5.961576,5.965352,5.913430,5.927590,220384768
2023-03-30,5.927590,5.961576,5.890773,5.958744,419801778
2023-03-31,5.958744,6.007834,5.952136,6.003114,349535045
2023-04-03,6.013498,6.079581,6.009722,6.063532,280398797
2023-04-04,6.069195,6.072028,6.038042,6.067307,161982604
2023-04-06,6.055035,6.079580,6.047483,6.066364,245472012
2023-04-07,6.066364,6.123950,6.062588,6.112621,165722339
2023-04-10,6.119230,6.123006,6.059756,6.072028,296201636
2023-04-11,6.070140,6.086189,6.048428,6.071084,336113026
2023-04-12,6.084300,6.096573,6.063531,6.091853,357708817
2023-04-13,6.087133,6.099405,6.057868,6.065420,278155569
2023-04-14,6.071084,6.103181,6.055979,6.079580,253073142
2023-04-17,6.065420,6.113565,6.064475,6.109789,115124873
2023-04-18,6.107901,6.109789,6.072028,6.097517,198494786
2023-04-19,6.093741,6.106957,6.058812,6.069196,122361672
2023-04-20,6.065420,6.068252,6.039930,6.062587,145962021
2023-04-21,6.062588,6.062588,5.900214,5.918150,262798414
2023-04-24,5.921927,5.929479,5.859620,5.878501,196980054
2023-04-25,5.873780,5.891717,5.723679,5.789761,255490290
2023-04-26,5.781265,5.840739,5.776545,5.814306,305347118
2023-04-27,5.812419,5.867173,5.801091,5.838852,211592316
2023-04-28,5.850180,5.928535,5.834131,5.925703,211176402
2023-05-04,5.909654,5.927591,5.900214,5.926647,162845964
2023-05-05,5.926646,5.929478,5.844515,5.873780,169427065
2023-05-08,5.874725,5.932311,5.870949,5.910598,148333733
2023-05-09,5.911542,5.938919,5.853011,5.856788,258188375
2023-05-10,5.854900,5.884165,5.824691,5.846404,181731559
2023-05-11,5.852067,5.864340,5.824691,5.828466,84753143
2023-05-12,5.822803,5.858676,5.766161,5.771825,146367154
2023-05-15,5.767105,5.844516,5.730288,5.836020,161716103
2023-05-16,5.836019,5.839795,5.781265,5.797314,99594636
2023-05-17,5.783154,5.823747,5.776545,5.799202,153833123
2023-05-18,5.809586,5.833187,5.780321,5.808642,173411166
2023-05-19,5.801090,5.845460,5.772769,5.813363,172916840
2023-05-22,5.812418,5.831299,5.773713,5.804866,115364378
2023-05-23,5.804867,5.809587,5.740672,5.743505,138718265
2023-05-24,5.739728,5.757664,5.693470,5.700078,246137952
2023-05-25,5.701966,5.729343,5.625499,5.683085,195486999
2023-05-26,5.684974,5.747280,5.650989,5.733119,175032983
2023-05-29,5.749169,5.764273,5.704799,5.726512,191794612
2023-05-30,5.723680,5.765217,5.667982,5.757665,210721483
2023-05-31,5.749168,5.762385,5.710463,5.751056,171319304
2023-06-01,5.752944,5.800146,5.720847,5.760497,287510043
2023-06-02,5.777489,5.825635,5.776545,5.809587,243542683
2023-06-05,5.801090,5.810531,5.783153,5.797314,105320370
2023-06-06,5.798258,5.799202,5.684030,5.689694,149959162
2023-06-07,5.693470,5.725568,5.683086,5.693470,136041008
2023-06-08,5.696302,5.709519,5.641548,5.681198,192352457
2023-06-09,5.692526,5.739728,5.682142,5.729343,208167520
2023-06-12,5.735007,5.771825,5.716127,5.746336,187492595
2023-06-13,5.746336,5.770881,5.737840,5.763329,125694910
2023-06-14,5.771825,5.787874,5.759553,5.769937,119556637
2023-06-15,5.777489,5.834131,5.773713,5.820915,195446059
2023-06-16,5.821859,5.882277,5.820915,5.861508,206526990
2023-06-19,5.871892,5.876613,5.848292,5.853956,119261850
2023-06-20,5.855844,5.868117,5.834131,5.851124,76227170
2023-06-21,5.845460,5.845460,5.730288,5.733119,166799278
2023-06-26,5.705743,5.719903,5.626444,5.637772,344323154
2023-06-27,5.638717,5.690639,5.637773,5.680254,317296126
2023-06-28,5.676478,5.695358,5.603787,5.693470,273021272
2023-06-29,5.681198,5.703854,5.664205,5.684974,221543312
2023-06-30,5.674590,5.764273,5.674590,5.753889,197145563
2023-07-03,5.762385,5.801090,5.744448,5.781265,166205776
2023-07-04,5.776545,5.797314,5.774657,5.794482,173412653
2023-07-05,5.788818,5.800147,5.753889,5.765217,232233781
2023-07-06,5.758609,5.791651,5.727456,5.732176,169769132
2023-07-07,5.730288,5.741616,5.686862,5.717072,113652561
2023-07-10,5.737840,5.759553,5.709519,5.736896,118525164
2023-07-11,5.748224,5.785986,5.730288,5.784097,103167702
2023-07-12,5.785986,5.790706,5.718960,5.726512,94053268
2023-07-13,5.748224,5.809586,5.748224,5.805810,178013199
2023-07-14,5.810530,5.812418,5.782209,5.783153,88634806
2023-07-17,5.776545,5.776545,5.737840,5.768993,192122431
2023-07-18,5.768993,5.785041,5.737840,5.760497,157154980
2023-07-19,5.752944,5.774657,5.724624,5.752000,120486972
2023-07-20,5.763329,5.777489,5.684974,5.689694,258153154
2023-07-21,5.687807,5.730288,5.677422,5.692527,257450411
2023-07-24,5.664205,5.721791,5.664205,5.683085,104838247
2023-07-25,5.730287,5.782209,5.730287,5.775601,185267438
2023-07-26,5.774658,5.780322,5.746337,5.765217,104338364
2023-07-27,5.769937,5.776546,5.716127,5.725568,97642469
2023-07-28,5.701966,5.817139,5.701966,5.812418,175933487
2023-07-31,5.820914,5.903045,5.819026,5.849236,226948657
2023-08-01,5.849236,5.877557,5.843572,5.853956,170567104
2023-08-02,5.850180,5.871893,5.815251,5.833188,152078839
2023-08-03,5.830355,5.854900,5.802978,5.853012,234307463
2023-08-04,5.881333,5.928535,5.865284,5.891717,215831469
2023-08-07,5.885109,5.888885,5.840739,5.853012,380764354
2023-08-08,5.843572,5.852068,5.811475,5.833188,294860767
2023-08-09,5.819971,5.832243,5.784098,5.793538,422188480
2023-08-10,5.793538,5.808643,5.768049,5.791650,204947551
2023-08-11,5.792594,5.801090,5.675534,5.677422,291257891
2023-08-14,5.635884,5.694415,5.611339,5.684030,260845764
2023-08-15,5.673646,5.697246,5.604731,5.652877,228484044
2023-08-16,5.632108,5.659485,5.610395,5.612284,226883262
2023-08-17,5.590570,5.658541,5.559417,5.646268,314317963
2023-08-18,5.640604,5.664205,5.556585,5.558473,316070370
2023-08-21,5.542425,5.583018,5.483895,5.485783,326136289
2023-08-22,5.503720,5.527321,5.428197,5.511272,327293343
2023-08-23,5.507495,5.507495,5.407428,5.416868,299712509
2023-08-24,5.420644,5.483895,5.406484,5.431973,252676187
2023-08-25,5.413093,5.436693,5.341346,5.367779,274076915
2023-08-28,5.653821,5.653821,5.407428,5.427253,515948238
2023-08-29,5.420645,5.573578,5.417812,5.545257,1182384406
2023-08-30,5.545257,5.591514,5.524488,5.546201,311284880
2023-08-31,5.540537,5.556585,5.501831,5.518824,223404352
2023-09-01,5.531096,5.553753,5.508439,5.524488,222355302
2023-09-04,5.551865,5.607563,5.530152,5.603787,310054688
2023-09-05,5.595290,5.598122,5.552809,5.563193,328947638
2023-09-06,5.547145,5.583018,5.520712,5.561305,230264068
2023-09-07,5.561305,5.561305,5.477286,5.483894,350551641
2023-09-08,5.470678,5.506551,5.462181,5.482007,327644987
2023-09-11,5.488615,5.579242,5.477287,5.545257,346382028
2023-09-12,5.545257,5.565082,5.534872,5.547145,249467310
2023-09-13,5.546201,5.546201,5.459349,5.491446,329323919
2023-09-14,5.487671,5.493335,5.455574,5.486727,259690199
2023-09-15,5.495224,5.524489,5.458406,5.487671,264264130
2023-09-18,5.475399,5.518824,5.448965,5.498999,574922778
2023-09-19,5.491447,5.498055,5.452742,5.475399,239879269
2023-09-20,5.458406,5.473510,5.435749,5.436693,314278187
2023-09-21,5.424421,5.451798,5.390436,5.393268,283288923
2023-09-22,5.383827,5.487671,5.383827,5.485783,376964568
2023-09-25,5.475399,5.482007,5.438582,5.454630,344278661
2023-09-26,5.448965,5.464070,5.434805,5.436693,213613137
2023-09-27,5.435749,5.486727,5.432917,5.460294,431830275
2023-09-28,5.465958,5.482951,5.459350,5.467846,260336074
2023-10-09,5.465958,5.467846,5.410260,5.437637,207641073
2023-10-10,5.443300,5.467845,5.406484,5.411203,121687633
2023-10-11,5.432917,5.459350,5.395156,5.406484,355273505
2023-10-12,5.433861,5.455573,5.419700,5.447077,223699144
2023-10-13,5.424421,5.424421,5.402708,5.418756,170087285
2023-10-16,5.418756,5.420645,5.344178,5.364947,194104657
2023-10-17,5.371555,5.376275,5.340401,5.375330,198775831
2023-10-18,5.365890,5.366834,5.301696,5.311136,195835502
2023-10-19,5.291312,5.317744,5.238445,5.249774,257756922
2023-10-20,5.230893,5.259215,5.195964,5.213901,243978901
2023-10-23,5.200685,5.204461,5.057191,5.075128,505711261
2023-10-24,5.093065,5.149707,5.076072,5.135546,613668043
2023-10-25,5.175196,5.208237,5.160092,5.161036,315951907
2023-10-26,5.141210,5.197852,5.126106,5.183692,220579915
2023-10-27,5.163867,5.299808,5.161979,5.281871,401735236
2023-10-30,5.262990,5.343233,5.258271,5.324353,290763365
2023-10-31,5.322465,5.332849,5.287535,5.312080,212299768
2023-11-01,5.336625,5.336625,5.278095,5.300752,121710894
2023-11-02,5.305472,5.322464,5.247886,5.252606,144900219
2023-11-03,5.253550,5.326241,5.252606,5.291312,351771209
2023-11-06,5.324353,5.387603,5.324353,5.380995,404905375
2023-11-07,5.368722,5.412148,5.359282,5.389491,199187843
2023-11-08,5.380995,5.412148,5.360227,5.385715,209841519
2023-11-09,5.380995,5.421588,5.362114,5.374386,211794007
2023-11-10,5.362114,5.363058,5.330961,5.355505,202518880
2023-11-13,5.362114,5.387603,5.341345,5.384771,226143951
2023-11-14,5.384771,5.418756,5.376275,5.407428,240446325
2023-11-15,5.449909,5.466902,5.425365,5.442357,218542945
2023-11-16,5.430085,5.432917,5.385715,5.387603,172044133
2023-11-17,5.370611,5.407428,5.368722,5.405540,206916279
2023-11-20,5.408372,5.448965,5.382883,5.435749,214658754
2023-11-21,5.446133,5.474454,5.408372,5.419701,170574268
2023-11-22,5.401763,5.421588,5.348897,5.350786,252113494
2023-11-23,5.344177,5.408372,5.324353,5.398932,226519246
2023-11-24,5.399875,5.399875,5.335681,5.355505,336445563
2023-11-27,5.341345,5.361170,5.307360,5.342289,174435221
2023-11-28,5.339457,5.376275,5.303584,5.366834,178045769
2023-11-29,5.362114,5.370611,5.324353,5.339458,122994324
2023-11-30,5.338514,5.340401,5.286591,5.321521,167008893
2023-12-01,5.315857,5.359283,5.298864,5.347010,148748725
2023-12-04,5.349841,5.369666,5.334737,5.335681,156572665
2023-12-05,5.324353,5.324353,5.249774,5.253551,181560826
2023-12-06,5.246942,5.299808,5.231837,5.264879,190433199
2023-12-07,5.256382,5.288480,5.223341,5.269598,257899824
2023-12-08,5.267711,5.305472,5.264879,5.280927,250044105
2023-12-11,5.257326,5.359282,5.221453,5.339458,403114528
2023-12-12,5.333793,5.353618,5.323409,5.348897,181481656
2023-12-13,5.340401,5.340401,5.285647,5.293200,212535853
2023-12-14,5.311137,5.341346,5.264879,5.275263,281872693
2023-12-15,5.286592,5.301697,5.217677,5.233726,347047229
2023-12-18,5.211069,5.234670,5.166699,5.176139,188401013
2023-12-19,5.176139,5.196908,5.136490,5.167643,237321487
2023-12-20,5.175195,5.178971,5.103448,5.109113,193387015
2023-12-21,5.088344,5.145931,5.049639,5.122330,325304623
2023-12-22,5.117609,5.155371,5.081736,5.107225,335688525
2023-12-25,5.105337,5.132714,5.077016,5.100616,313964385
2023-12-26,5.097784,5.099672,5.031702,5.056247,254351034
2023-12-27,5.059079,5.085512,5.023206,5.071352,256857152
2023-12-28,5.070408,5.185580,5.060967,5.168587,348719375
2023-12-29,5.171419,5.225229,5.164811,5.210124,271335651
2024-01-02,5.214845,5.220509,5.184636,5.189356,309257247
2024-01-03,5.182747,5.208237,5.155371,5.182747,225549747
2024-01-04,5.183692,5.187468,5.113833,5.141211,274755534
2024-01-05,5.133658,5.157259,5.056247,5.075128,203198730
2024-01-08,5.060967,5.063799,4.954291,4.956179,292271227
2024-01-09,4.958068,5.011878,4.944851,4.967508,222079452
2024-01-10,4.950516,5.006214,4.908978,4.955236,209654218
2024-01-11,4.946739,5.036422,4.942019,5.014709,269530893
2024-01-12,4.998661,5.058135,4.992997,4.995829,237771181
2024-01-15,4.995829,4.995829,4.995829,4.995829,0
2024-01-16,4.971284,5.000549,4.918418,4.978837,239041191
2024-01-17,4.959956,4.967508,4.850448,4.853280,198166086
2024-01-18,4.848559,4.864608,4.722058,4.857999,476078766
2024-01-19,4.832511,4.873105,4.809854,4.820239,319621772
2024-01-22,4.803246,4.809854,4.550245,4.597446,374553505
2024-01-23,4.572901,4.692794,4.532308,4.671081,330990310
2024-01-24,4.673913,4.744716,4.568182,4.737164,344663680
2024-01-25,4.737163,4.879713,4.697514,4.876880,344570007
2024-01-26,4.857056,4.878769,4.806078,4.823071,291476644
2024-01-29,4.828734,4.847615,4.731499,4.732443,196604220
2024-01-30,4.713563,4.745660,4.614439,4.636152,188573563
2024-01-31,4.625768,4.642760,4.508707,4.515316,347048353
2024-02-01,4.489827,4.584230,4.445457,4.498323,348202485
2024-02-02,4.497379,4.541748,4.251930,4.377487,384502313
2024-02-05,4.361438,4.418080,4.107492,4.281195,3513023777
2024-02-06,4.232105,4.654088,4.215113,4.638040,1028044408
2024-02-07,4.664473,4.942019,4.628600,4.932579,1324032575
2024-02-08,5.000549,5.168588,4.923139,4.955236,1620518153
2024-02-19,5.003382,5.003382,4.857056,4.923139,1551275500
2024-02-20,4.895761,4.935411,4.860832,4.923139,476352534
2024-02-21,4.891041,5.041142,4.875936,4.920306,600090064
2024-02-22,4.920306,4.975061,4.904258,4.962788,294842333
2024-02-23,4.964676,4.987333,4.903314,4.985445,322514001
2024-02-26,4.975060,5.042087,4.947683,4.976004,386846763
2024-02-27,4.965620,5.097785,4.951459,5.095896,367087177
2024-02-28,5.096841,5.165755,4.962787,4.964675,480342901
2024-02-29,4.947683,5.139322,4.947683,5.127050,634747231
2024-03-01,5.119498,5.171420,5.103450,5.161036,334137323
2024-03-04,5.155371,5.178028,5.100617,5.159147,434066307
2024-03-05,5.129882,5.168587,5.115721,5.133658,1437463361
2024-03-06,5.126106,5.188412,5.080792,5.128938,319771339
2024-03-07,5.127994,5.167643,5.057191,5.062855,250232901
2024-03-08,5.069463,5.147818,5.053415,5.129881,305053565
2024-03-11,5.127994,5.229005,5.119497,5.226173,399184080
2024-03-12,5.225229,5.252606,5.161979,5.196908,417768877
2024-03-13,5.197852,5.238445,5.163867,5.189356,346804749
2024-03-14,5.180859,5.221453,5.128938,5.167643,318194497
2024-03-15,5.157259,5.239390,5.132714,5.238446,511545115
2024-03-18,5.241278,5.309249,5.230894,5.305472,323205440
2024-03-19,5.296032,5.300752,5.245998,5.249774,275607204
2024-03-20,5.250718,5.278095,5.232782,5.262990,188309128
2024-03-21,5.275262,5.285647,5.227117,5.237501,243439887
2024-03-22,5.236558,5.237502,5.132714,5.159147,246963313
2024-03-25,5.153482,5.178027,5.073239,5.082679,270556209
2024-03-26,5.084568,5.105337,5.026982,5.060023,475166784
2024-03-27,5.058135,5.058135,4.940130,4.942963,340223481
2024-03-28,4.945795,5.060967,4.945795,5.006213,355523602
2024-03-29,4.998661,5.028870,4.992053,5.070407,169616616
2024-04-01,5.085513,5.185580,5.084569,5.177084,406410272
2024-04-02,5.176139,5.181803,5.127049,5.156314,332181348
2024-04-03,5.150650,5.160091,5.124217,5.153482,397798545
2024-04-08,5.144986,5.159147,5.074184,5.077960,329327164
2024-04-09,5.073240,5.122330,5.068520,5.120441,178672125
2024-04-10,5.117609,5.117609,5.022262,5.060967,197575440
2024-04-11,5.037366,5.136490,5.026982,5.084568,303801038
2024-04-12,5.084568,5.121386,5.047751,5.057191,312291283
2024-04-15,5.050583,5.158203,5.006213,5.124218,315115758
2024-04-16,5.094009,5.125162,4.968452,4.984501,390514610
2024-04-17,4.992053,5.120441,4.992053,5.117609,383342457
2024-04-18,5.107225,5.192188,5.076072,5.127050,340317599
2024-04-19,5.110057,5.145931,5.069464,5.092121,357334000
2024-04-22,5.084568,5.126105,5.041142,5.049638,195848884
2024-04-23,5.048695,5.073240,4.980724,4.991109,189016313
2024-04-24,4.999604,5.050582,4.965619,5.049638,177145409
2024-04-25,5.031703,5.083625,5.012822,5.042087,192666420
2024-04-26,5.047751,5.168588,5.046807,5.155371,797079505
2024-04-29,5.162922,5.273375,5.159147,5.255438,566641471
2024-04-30,5.253550,5.262990,5.216733,5.219564,276703817
2024-05-06,5.286591,5.314912,5.276207,5.299808,512966950
2024-05-07,5.296032,5.315857,5.279983,5.298864,228932748
2024-05-08,5.296032,5.296032,5.228061,5.231837,397556965
2024-05-09,5.229006,5.346066,5.229006,5.327185,297007902
2024-05-10,5.330962,5.348898,5.269600,5.308305,512157859
2024-05-13,5.273375,5.305472,5.237502,5.280927,327222804
2024-05-14,5.279984,5.320577,5.258271,5.275263,268740363
2024-05-15,5.275263,5.275263,5.217677,5.229005,273196924
2024-05-16,5.244109,5.264878,5.187467,5.204460,238365319
2024-05-17,5.216929,5.282153,5.198705,5.279275,515166666
2024-05-20,5.282153,5.321479,5.267766,5.298460,532273637
2024-05-21,5.281194,5.292704,5.240909,5.260093,280856921
2024-05-22,5.255296,5.268725,5.238031,5.254337,229600047
2024-05-23,5.241868,5.241868,5.143074,5.163216,399242188
2024-05-24,5.142114,5.195828,5.106625,5.113339,209220060
2024-05-27,5.126768,5.167053,5.077850,5.163216,242554687
2024-05-28,5.157460,5.159379,5.106624,5.118134,214628386
2024-05-29,5.112380,5.166094,5.107584,5.128686,314356143
2024-05-30,5.128686,5.155542,5.100869,5.118134,202574800
2024-05-31,5.128686,5.166094,5.114298,5.117176,302109474
2024-06-03,5.111421,5.124849,5.038524,5.077850,297309330
2024-06-04,5.073054,5.162257,5.057707,5.145951,231804831
2024-06-05,5.145950,5.153624,5.087441,5.090319,186286630
2024-06-06,5.106625,5.121972,5.029891,5.053871,253454271
2024-06-07,5.074972,5.087441,4.999197,5.029891,274324557
2024-06-11,5.013586,5.059626,4.986729,5.041402,187721605
2024-06-12,5.030851,5.072095,5.028932,5.055789,189393224
2024-06-13,5.063462,5.067299,5.015504,5.029891,195207821
2024-06-14,5.021259,5.074013,5.001116,5.053871,314198375
2024-06-17,5.032769,5.057707,5.025095,5.036605,144054083
2024-06-18,5.040443,5.079769,5.040443,5.062503,248072931
2024-06-19,5.071136,5.075931,5.004953,5.010708,197302615
2024-06-20,5.005912,5.021259,4.931096,4.935892,173975509
2024-06-21,4.929178,4.969464,4.919587,4.944525,266172134
2024-06-24,4.930138,4.930138,4.830384,4.840935,832073610
2024-06-25,4.843813,4.858200,4.761324,4.798731,541447501
2024-06-26,4.788181,4.874506,4.767079,4.864914,380046941
2024-06-27,4.846690,4.852445,4.780507,4.784344,643405801
2024-06-28,4.774752,4.858200,4.768997,4.792017,414831703
2024-07-01,4.792016,4.870669,4.777629,4.848608,309552714
2024-07-02,4.845731,4.850527,4.786262,4.804486,199828434
2024-07-03,4.798731,4.809282,4.757487,4.763242,187512343
2024-07-04,4.776670,4.785303,4.686508,4.695141,510761294
2024-07-05,4.690345,4.739263,4.660611,4.728712,208454223
2024-07-08,4.714325,4.718161,4.633754,4.650060,234362756
2024-07-09,4.642386,4.754609,4.616489,4.734467,340776622
2024-07-10,4.724875,4.754609,4.705692,4.707610,189594156
2024-07-11,4.761323,4.810241,4.732548,4.802567,285178608
2024-07-12,4.794894,4.802568,4.769956,4.781466,150886840
2024-07-15,4.767078,4.774752,4.738303,4.746936,454559832
2024-07-16,4.737344,4.778588,4.721038,4.763242,218752633
2024-07-17,4.759405,4.769956,4.724875,4.729671,614772692
2024-07-18,4.716242,4.753650,4.667325,4.751732,474545491
2024-07-19,4.726794,4.774753,4.713366,4.744059,617663569
2024-07-22,4.745977,4.762283,4.704732,4.732548,304301393
2024-07-23,4.729671,4.749814,4.596346,4.598265,244209927
2024-07-24,4.592510,4.612652,4.536878,4.543592,325232022
2024-07-25,4.531123,4.587714,4.515776,4.537837,266030282
2024-07-26,4.539755,4.623203,4.538796,4.609775,241519194
2024-07-29,4.604979,4.616489,4.578122,4.580999,146991055
2024-07-30,4.572367,4.593469,4.525368,4.577163,233860704
2024-07-31,4.577163,4.773793,4.562775,4.771874,556947116
2024-08-01,4.771874,4.807364,4.705692,4.728712,350412231
2024-08-02,4.694181,4.752690,4.655814,4.665406,223595554
2024-08-05,4.642387,4.724875,4.568530,4.575244,415275119
2024-08-06,4.622244,4.653897,4.571408,4.624162,261612049
2024-08-07,4.621284,4.663488,4.592509,4.626080,239167673
2024-08-08,4.614571,4.673080,4.580041,4.635673,232784771
2024-08-09,4.659651,4.684590,4.593469,4.596346,216709941
2024-08-12,4.594428,4.619366,4.572367,4.598265,202717348
2024-08-13,4.598264,4.612652,4.557020,4.607856,190088477
2024-08-14,4.609775,4.609775,4.541674,4.543592,216218720
2024-08-15,4.531122,4.628958,4.527285,4.579081,537135070
2024-08-16,4.577163,4.590591,4.546469,4.552224,793005347
2024-08-19,4.547429,4.613611,4.545510,4.559898,275948225
2024-08-20,4.567571,4.567571,4.467817,4.481246,350860297
2024-08-21,4.476450,4.491797,4.466858,4.472613,132002140
2024-08-22,4.474532,4.482205,4.410267,4.418900,402325228
2024-08-23,4.415063,4.437124,4.402594,4.419858,158426320
2024-08-26,4.423695,4.445757,4.408349,4.424654,100972381
2024-08-27,4.409308,4.416981,4.377655,4.380532,233991849
2024-08-28,4.379573,4.416981,4.369022,4.381492,272342430
2024-08-29,4.369982,4.464940,4.362308,4.442879,436529189
2024-08-30,4.439042,4.591551,4.435206,4.519613,698948005
2024-09-02,4.508102,4.516735,4.426573,4.428492,436203651
2024-09-03,4.427532,4.498510,4.426572,4.475490,294458558
2024-09-04,4.450552,4.508102,4.433287,4.463980,221212081
2024-09-05,4.488919,4.515776,4.464940,4.484123,169528240
2024-09-06,4.498511,4.501388,4.416022,4.422736,226819157
2024-09-09,4.412185,4.431369,4.374778,4.391084,180337389
2024-09-10,4.399716,4.415063,4.316268,4.389165,277534623
2024-09-11,4.369982,4.416022,4.363268,4.400675,179262141
2024-09-12,4.408348,4.455348,4.379573,4.383410,242441588
2024-09-13,4.387247,4.395880,4.335452,4.337370,185817537
2024-09-18,4.342166,4.364227,4.280779,4.351758,210092352
2024-09-19,4.360390,4.454389,4.322023,4.412185,429681415
2024-09-20,4.397798,4.402594,4.356553,4.381492,265126032
2024-09-23,4.372859,4.434246,4.364227,4.380532,250389410
2024-09-24,4.431369,4.584836,4.392043,4.583877,862258625
2024-09-25,4.651978,4.727753,4.604979,4.616489,706931216
2024-09-26,4.599223,4.860118,4.598264,4.854362,1178956988
2024-09-27,4.933015,5.338744,4.896567,5.268725,619922303
2024-09-30,5.552639,5.795309,5.276398,5.750228,1986237264
2024-10-08,6.325731,6.325731,5.751187,5.990980,2569826706
2024-10-09,5.794350,5.931512,5.535374,5.623618,1362474439
2024-10-10,5.630332,5.742555,5.466314,5.552639,729227227
2024-10-11,5.497967,5.517150,5.261052,5.329153,786597435
2024-10-14,5.342581,5.483579,5.266807,5.460559,759865177
2024-10-15,5.424111,5.515232,5.313806,5.324357,753137968
2024-10-16,5.272561,5.413559,5.262969,5.319561,572479492
2024-10-17,5.348337,5.403009,5.275439,5.277358,648696583
2024-10-18,5.280235,5.688842,5.272562,5.502762,1139253553
2024-10-21,5.525783,5.650474,5.484538,5.556476,695818015
2024-10-22,5.544007,5.629373,5.523864,5.607312,431980365
2024-10-23,5.607312,5.712821,5.581414,5.629373,487225036
2024-10-24,5.599639,5.613067,5.546884,5.580455,352188600
2024-10-25,5.590047,5.702270,5.583333,5.665822,387343220
2024-10-28,5.659108,5.733923,5.636087,5.731045,532102890
2024-10-29,5.745433,5.767494,5.655271,5.674454,604760363
2024-10-30,5.658148,5.723372,5.626496,5.691719,693021723
2024-10-31,5.684046,5.798187,5.661026,5.755024,624241297
2024-11-01,5.746392,5.780922,5.655271,5.703229,391125913
2024-11-04,5.703229,5.788595,5.699392,5.786677,268483775
2024-11-05,5.787636,5.985225,5.758861,5.962205,575097850
2024-11-06,5.966042,6.049490,5.927675,5.968919,501323548
2024-11-07,5.937267,6.090734,5.918083,6.084020,438040030
2024-11-08,6.139652,6.175141,6.047571,6.067714,562358322
2024-11-11,6.029347,6.172264,6.025511,6.169386,490475345
2024-11-12,6.177059,6.217344,6.051408,6.111836,434782686
2024-11-13,6.075388,6.115673,6.005368,6.093612,281638596
2024-11-14,6.084020,6.084020,5.918083,5.928634,520791857
2024-11-15,5.917124,5.941103,5.773249,5.775167,754145798
2024-11-18,5.783800,5.820248,5.650475,5.688842,645407281
2024-11-19,5.691720,5.782841,5.634169,5.778045,703941083
2024-11-20,5.764616,5.859574,5.745433,5.836554,538751198
2024-11-21,5.826003,5.854778,5.787636,5.831758,189321420
2024-11-22,5.820248,5.826003,5.597720,5.601557,263317898
2024-11-25,5.615945,5.625536,5.521946,5.587170,228601112
2024-11-26,5.572782,5.623618,5.544007,5.548802,189972212
2024-11-27,5.545925,5.665822,5.467273,5.655271,340214303
2024-11-28,5.648556,5.676372,5.600598,5.618822,262295044
2024-11-29,5.614026,5.757902,5.592924,5.701311,404434611
2024-12-02,5.703230,5.814493,5.696515,5.789555,365344838
2024-12-03,5.791473,5.810656,5.732963,5.779963,297041058
2024-12-04,5.774208,5.795309,5.705148,5.736800,264341826
2024-12-05,5.721453,5.776126,5.705147,5.753106,195504675
2024-12-06,5.751187,5.868206,5.724331,5.827921,535886213
2024-12-09,5.826962,5.849023,5.758861,5.796269,403153405
2024-12-10,6.023593,6.026470,5.828881,5.846146,555232638
2024-12-11,5.832717,5.901778,5.829840,5.890267,561392321
2024-12-12,5.889308,5.962205,5.873003,5.943981,429346652
2024-12-13,5.887390,5.909451,5.831758,5.849982,777919598
2024-12-16,5.841350,5.848064,5.741596,5.759820,453326426
2024-12-17,5.755983,5.772289,5.689801,5.698433,441230110
2024-12-18,5.711862,5.772290,5.697474,5.734882,266987395
2024-12-19,5.688841,5.770371,5.665821,5.752147,325478448
2024-12-20,5.742555,5.802983,5.734882,5.763657,414464259
2024-12-23,5.764616,5.779004,5.669658,5.673495,468194897
2024-12-24,5.674454,5.746392,5.673495,5.737760,446985355
2024-12-25,5.738719,5.738719,5.643761,5.689801,482639295
2024-12-26,5.689801,5.743514,5.685005,5.732964,274246605
2024-12-27,5.723372,5.826962,5.723372,5.746392,307620621
2024-12-30,5.743514,5.775167,5.714739,5.744473,188724543
2024-12-31,5.744473,5.754065,5.570864,5.573741,747737923
2025-01-02,5.569905,5.571823,5.351214,5.406846,435166500
2025-01-03,5.402049,5.433702,5.279276,5.297500,446132968
2025-01-06,5.289826,5.340662,5.247623,5.285031,330231052
2025-01-07,5.285990,5.341622,5.260092,5.340662,405535979
2025-01-08,5.323398,5.363683,5.189114,5.318602,423665525
2025-01-09,5.299418,5.351213,5.295581,5.314764,268438973
2025-01-10,5.310928,5.357928,5.233235,5.236113,231356509
2025-01-13,5.190073,5.284072,5.189114,5.244746,298582680
2025-01-14,5.257214,5.443294,5.233235,5.424110,501649585
2025-01-15,5.414519,5.421233,5.370397,5.380948,435364545
2025-01-16,5.403373,5.492096,5.362423,5.398498,506827011
2025-01-17,5.372174,5.480397,5.372174,5.441397,275550483
2025-01-20,5.474546,5.524271,5.453097,5.467721,323408071
2025-01-21,5.489172,5.503796,5.427747,5.487221,345043012
2025-01-22,5.470647,5.478447,5.419948,5.466747,321269528
2025-01-23,5.508671,5.580820,5.440422,5.444322,419264125
2025-01-24,5.429697,5.521346,5.428722,5.510621,500924071
2025-01-27,5.517446,5.533046,5.442372,5.445297,488396060
2025-02-05,5.496971,5.501846,5.442372,5.467721,263992775
2025-02-06,5.457972,5.605195,5.450172,5.596420,467260696
2025-02-07,5.600320,5.748518,5.590570,5.685143,484232327
2025-02-10,5.696844,5.743643,5.684169,5.734868,406918921
2025-02-11,5.733893,5.751443,5.673443,5.712443,271155296
2025-02-12,5.692944,5.794342,5.692944,5.787517,261595754
2025-02-13,5.785567,5.806042,5.738768,5.759243,283625467
2025-02-14,5.743643,5.812867,5.738768,5.804092,323112921
2025-02-17,5.823592,5.832366,5.752418,5.795317,369269204
2025-02-18,5.774842,5.798242,5.664669,5.697818,304785110
2025-02-19,5.687094,5.796292,5.684168,5.788492,318779719
2025-02-20,5.786542,5.825542,5.766068,5.803117,382124186
2025-02-21,5.817741,5.916215,5.790442,5.902565,338448705
2025-02-24,5.896715,5.918165,5.848941,5.885015,403427452
2025-02-25,5.837241,5.884041,5.806042,5.823592,280977591
2025-02-26,5.837241,5.904516,5.815792,5.893791,335621096
2025-02-27,5.883066,5.906465,5.790442,5.878191,301350152
2025-02-28,5.841141,5.849916,5.700743,5.720243,314082054
2025-03-03,5.720243,5.814817,5.704643,5.729992,277348961
2025-03-04,5.692944,5.795317,5.686118,5.780692,202635722
2025-03-05,5.783617,5.805067,5.733893,5.795317,245455110
2025-03-06,5.820666,5.913290,5.816766,5.887940,402933950
2025-03-07,5.870391,5.908415,5.837241,5.862591,315709562
2025-03-10,5.857716,5.880141,5.811892,5.855766,334587808
2025-03-11,5.797267,5.887941,5.794342,5.885015,161729477
2025-03-12,5.897690,5.945465,5.880141,5.888916,204749208
2025-03-13,5.879166,5.896716,5.791417,5.839191,212590985
2025-03-14,5.842116,5.947414,5.822616,5.945465,482488518
2025-03-17,5.957165,5.967889,5.934740,5.947415,383562715
2025-03-18,5.959115,6.011764,5.955215,5.972764,178653636
2025-03-19,5.962040,5.972765,5.916215,5.949365,150833511
2025-03-20,5.946439,5.952289,5.903540,5.908415,262395578
2025-03-21,5.882091,5.914266,5.801167,5.818717,245573684
2025-03-24,5.820667,5.829442,5.735843,5.811892,231564047
2025-03-25,5.807991,5.834316,5.772892,5.792392,197802028
2025-03-26,5.784592,5.833341,5.784592,5.792392,191807836
2025-03-27,5.788492,5.849916,5.736817,5.807016,212254492
2025-03-28,5.804092,5.822617,5.749492,5.761192,199554199
2025-03-31,5.733893,5.760218,5.651019,5.707569,181796333
2025-04-01,5.717318,5.781667,5.712443,5.738768,174093133
2025-04-02,5.731943,5.789467,5.722193,5.745593,178423293
2025-04-03,5.698793,5.759242,5.670518,5.695868,266477150
2025-04-07,5.479421,5.520371,5.126476,5.147926,461780129
2025-04-08,5.179126,5.236650,5.118677,5.180101,3028565373
2025-04-09,5.123551,5.320498,5.010453,5.292224,353824955
2025-04-10,5.365348,5.468697,5.363398,5.396547,266981767
2025-04-11,5.372173,5.487221,5.371198,5.433597,222074304
2025-04-14,5.474546,5.510621,5.459921,5.476496,215062682
2025-04-15,5.474547,5.478447,5.422872,5.454072,320738512
2025-04-16,5.418973,5.441397,5.352673,5.406298,666182501
2025-04-17,5.385823,5.462847,5.381923,5.409222,224761713
2025-04-18,5.401423,5.436523,5.380948,5.411173,295068366
2025-04-21,5.405323,5.499896,5.383873,5.491121,256758926
2025-04-22,5.478446,5.503796,5.466746,5.476496,143407362
2025-04-23,5.497946,5.540846,5.467722,5.487221,233167056
2025-04-24,5.487221,5.502821,5.437497,5.464797,160589173
2025-04-25,5.469672,5.520371,5.452122,5.480396,204146305
2025-04-28,5.479421,5.484296,5.436522,5.455047,202601661
2025-04-29,5.430672,5.481371,5.424822,5.457972,124737396
2025-04-30,5.457972,5.500871,5.456997,5.485271,207391183
2025-05-06,5.513546,5.591545,5.511596,5.589595,185691857
2025-05-07,5.652969,5.698793,5.565220,5.599345,223210103
2025-05-08,5.585695,5.640294,5.580820,5.622745,228896037
2025-05-09,5.615920,5.616895,5.557420,5.576920,168633554
2025-05-12,5.601295,5.651994,5.593495,5.647119,170595269
2025-05-13,5.679294,5.680269,5.619820,5.633470,197788578
2025-05-14,5.630544,5.692944,5.602270,5.652969,241313500
2025-05-15,5.636395,5.642245,5.567171,5.577896,192303290
2025-05-16,5.563270,5.591545,5.560345,5.568145,175381574
2025-05-19,5.567170,5.586670,5.523296,5.581795,141052031
2025-05-20,5.584720,5.619820,5.559371,5.605195,116750308
2025-05-21,5.595445,5.619820,5.587645,5.612020,82851094
2025-05-22,5.589595,5.620794,5.561320,5.568145,139303325
2025-05-23,5.585695,5.586670,5.518421,5.520371,190886125
2025-05-26,5.515496,5.561320,5.503796,5.529146,168177906
2025-05-27,5.530121,5.535971,5.492096,5.515496,207955003
2025-05-28,5.515496,5.528171,5.493071,5.505746,129650353
2025-05-29,5.508671,5.595445,5.507696,5.583745,320495576
2025-05-30,5.567170,5.568145,5.529145,5.551570,334540716
2025-06-03,5.537920,5.586670,5.524271,5.560345,137506282
2025-06-04,5.561321,5.618845,5.561321,5.605195,109525276
2025-06-05,5.612020,5.653944,5.589595,5.639319,168585819
2025-06-06,5.638344,5.649069,5.625669,5.640294,101074678
2025-06-09,5.650044,5.705619,5.644194,5.679294,195862239
2025-06-10,5.679294,5.683194,5.598370,5.632494,182537929
2025-06-11,5.632494,5.701718,5.632494,5.668569,230379588
2025-06-12,5.663694,5.689044,5.641269,5.679294,92233683
2025-06-13,5.668569,5.676369,5.610070,5.631519,159690275
2025-06-16,5.611045,5.666619,5.611045,5.651994,180202095
2025-06-17,5.656869,5.662719,5.624694,5.640294,223506684
2025-06-18,5.641269,5.645169,5.596420,5.631519,150132837
2025-06-19,5.618845,5.640294,5.552546,5.574970,220272397
2025-06-20,5.570095,5.585695,5.535971,5.536946,323643966
2025-06-23,5.526221,5.582770,5.519396,5.569120,191781435
2025-06-24,5.579845,5.662719,5.579845,5.658819,384287385
2025-06-25,5.666618,5.770942,5.662719,5.765092,372460096
2025-06-26,5.757293,5.777767,5.737793,5.740718,234396301
2025-06-27,5.746568,5.808967,5.737793,5.762167,222940718
2025-06-30,5.768992,5.818716,5.768017,5.813841,244497355
2025-07-01,5.801167,5.834317,5.785567,5.832366,138236116
2025-07-02,5.811892,5.816767,5.780692,5.798242,129745489
2025-07-03,5.798242,5.828467,5.786542,5.821642,119755809
2025-07-04,5.808967,5.874291,5.791417,5.813841,162617761
2025-07-07,5.807992,5.816767,5.792392,5.802142,78703810
2025-07-08,5.802142,5.887941,5.799217,5.880141,167485029
2025-07-09,5.881116,5.892816,5.849916,5.854791,153195981
2025-07-10,5.854791,5.909390,5.846991,5.886966,130324299
2025-07-11,5.884040,5.971789,5.866491,5.937665,249118484
2025-07-14,5.935715,5.946440,5.918165,5.926940,116852000
2025-07-15,5.914265,5.958140,5.878191,5.924990,158264921
2025-07-16,5.922065,5.974714,5.903540,5.924015,164137854
2025-07-17,5.923040,5.994214,5.917190,5.992264,118106788
2025-07-18,5.994214,6.028339,5.981540,6.010789,160824639
2025-07-21,6.016639,6.072213,6.015664,6.070263,255011021
2025-07-22,6.073188,6.137537,6.062463,6.134612,223778742
2025-07-23,6.137537,6.175562,6.101463,6.113163,280302729
2025-07-24,6.101462,6.208711,6.100487,6.203836,207037047
2025-07-25,6.207736,6.217486,6.180437,6.205786,317569211
2025-07-28,6.205786,6.242835,6.177511,6.231135,201757214
2025-07-29,6.215536,6.271110,6.176537,6.270135,213192947
2025-07-30,6.247710,6.279885,6.181411,6.229186,188924625
2025-07-31,6.202861,6.229186,6.116087,6.139487,198600924
2025-08-01,6.122913,6.169712,6.093663,6.129737,158195598
2025-08-04,6.102437,6.177511,6.095613,6.176537,104370675
2025-08-05,6.179462,6.218461,6.179462,6.216511,120672484
2025-08-06,6.187261,6.273060,6.187261,6.267210,171976510
2025-08-07,6.267210,6.281835,6.206761,6.247710,161728379
2025-08-08,6.219436,6.261360,6.215536,6.236986,103603518
2025-08-11,6.242836,6.321810,6.242836,6.302310,167228775
2025-08-12,6.304259,6.335459,6.277935,6.334484,106531798
2025-08-13,6.343259,6.431008,6.337409,6.417357,179270542
2025-08-14,6.396883,6.431983,6.326684,6.351059,223896912
2025-08-15,6.338384,6.496332,6.331559,6.491457,229116702
2025-08-18,6.520707,6.630880,6.491457,6.579206,418683346
2025-08-19,6.579206,6.616255,6.543131,6.564581,314765492
2025-08-20,6.546056,6.655255,6.500232,6.653305,337660021
2025-08-21,6.665004,6.684504,6.589930,6.616255,298330596
2025-08-22,6.615280,6.747878,6.615280,6.742028,843778501
2025-08-25,6.787853,6.888277,6.770303,6.860977,881486774
2025-08-26,6.834652,6.924351,6.820027,6.871701,498846423
2025-08-27,6.869752,6.980900,6.770303,6.779078,432327211
2025-08-28,6.779078,6.930200,6.710828,6.926301,389526236
2025-08-29,6.916551,7.000400,6.892176,6.962375,349461915
2025-09-01,6.981875,7.029649,6.945801,7.025749,183081310
2025-09-02,6.995525,7.010150,6.820027,6.878526,245119402
2025-09-03,6.885351,6.906801,6.742028,6.766403,240995450
2025-09-04,6.772253,6.819052,6.521681,6.609430,326897388
2025-09-05,6.609430,6.847327,6.588955,6.835627,307745229
2025-09-08,6.835627,6.906801,6.796628,6.896076,233031742
2025-09-09,6.874626,6.899976,6.790778,6.830752,139590116
2025-09-10,6.819052,6.886327,6.777128,6.827827,121572485
2025-09-11,6.824902,7.048174,6.782977,7.043299,471718308
2025-09-12,7.046225,7.118373,7.028675,7.060849,259377419
2025-09-15,7.070599,7.080349,7.028674,7.045249,356612066
2025-09-16,7.047199,7.111548,6.985775,7.099848,236125505
2025-09-17,7.084248,7.178822,7.061823,7.172972,158683618
2025-09-18,7.168098,7.261696,7.019899,7.109598,338418181
2025-09-19,7.096923,7.142748,7.049149,7.079374,285552255
2025-09-22,7.077424,7.136898,7.045249,7.134948,235618126
2025-09-23,7.134948,7.151523,6.961400,7.094974,262962112
2025-09-24,7.051099,7.249996,7.046225,7.246097,219453482
2025-09-25,7.244146,7.290946,7.229521,7.254871,164025033
2025-09-26,7.215871,7.268521,7.149573,7.152497,221003137
2025-09-29,7.151522,7.303620,7.129097,7.275345,332940029
2025-09-30,7.276320,7.344569,7.276320,7.330920,269331858
2025-10-09,7.364069,7.485943,7.351395,7.457668,247330432
2025-10-10,7.420619,7.428419,7.291921,7.317270,291527723
2025-10-13,7.107648,7.300695,7.107648,7.282170,386537681
2025-10-14,7.322145,7.364069,7.077423,7.106673,426016495
2025-10-15,7.105698,7.213922,7.071573,7.208072,246755725
2025-10-16,7.136898,7.213922,7.113498,7.152497,275073811
2025-10-17,7.134948,7.174922,6.924351,6.936050,301475375
2025-10-20,6.994550,7.052074,6.947750,6.980900,356249384
2025-10-21,7.002350,7.112523,6.997475,7.097898,485106360
2025-10-22,7.068648,7.079373,7.021849,7.043299,271371500
2025-10-23,7.021850,7.072549,6.936051,7.067674,203373365
2025-10-27,7.247071,7.303620,7.216846,7.290946,214285422
2025-10-28,7.281195,7.326045,7.224646,7.254871,170449440
2025-10-29,7.265596,7.405994,7.263646,7.404044,206192267
2025-10-30,7.396244,7.396244,7.288995,7.309470,239775371
2025-10-31,7.306545,7.356269,7.248046,7.249996,239526377
2025-11-03,7.241222,7.261696,7.129098,7.252922,254099006
2025-11-04,7.234396,7.239271,7.086199,7.130073,297882984
2025-11-05,7.019899,7.174922,7.019899,7.146647,143295554
2025-11-06,7.151523,7.277296,7.151523,7.264621,173994728
2025-11-07,7.234397,7.288996,7.198322,7.253896,103751961
2025-11-10,7.288020,7.314345,7.205147,7.261696,112335218
2025-11-11,7.281196,7.307520,7.196372,7.209047,158667471
2025-11-12,7.183697,7.231471,7.105698,7.171997,134217513
2025-11-13,7.153472,7.293870,7.153472,7.278271,188661676
2025-11-14,7.217821,7.249021,7.151522,7.154447,155598971
2025-11-17,7.150547,7.189547,7.125198,7.152497,219804390
2025-11-18,7.127148,7.151522,7.036474,7.080348,265420668
2025-11-19,7.070599,7.110574,7.013075,7.046225,246792384
2025-11-20,7.088149,7.110574,6.983825,6.990650,303240774
2025-11-21,6.920451,6.952625,6.744954,6.748853,755356839
2025-11-24,6.785903,6.830752,6.730328,6.795652,414765702
2025-11-25,6.840502,6.947750,6.838552,6.877551,604358456
2025-11-26,6.878526,6.945801,6.861952,6.888277,413929415
2025-11-27,6.888276,6.975050,6.863901,6.873652,188542552
2025-11-28,6.871702,6.965301,6.865852,6.956526,177333175
2025-12-01,6.973100,7.022824,6.959450,7.021849,132006252
2025-12-02,6.975050,7.008200,6.944826,6.962375,150369654
2025-12-03,6.966275,6.990650,6.900951,6.925326,121324035
2025-12-04,6.922401,6.971150,6.883401,6.946775,122371097
2025-12-05,6.943851,7.038424,6.890226,7.035499,308526062
2025-12-08,7.056949,7.122273,7.048174,7.095948,282808073
2025-12-09,7.074498,7.107648,7.030624,7.043299,192435582
2025-12-10,7.044274,7.097899,6.992600,7.081324,259557832
2025-12-11,7.093023,7.101798,7.015999,7.020875,186138398
2025-12-12,7.036474,7.121298,7.004300,7.102773,375528482
2025-12-15,7.068649,7.116423,7.048174,7.054999,174785848
2025-12-16,7.039399,7.039399,6.899001,6.947750,262901355
2025-12-17,6.941900,7.104723,6.922400,7.077423,299634364
2025-12-18,7.044274,7.112523,7.038424,7.040374,251490101
2025-12-19,7.056949,7.134947,7.050124,7.103748,250967197
2025-12-22,7.136898,7.211972,7.136898,7.183697,281747461
2025-12-23,7.179797,7.231471,7.165172,7.189547,185059492
2025-12-24,7.188572,7.304595,7.178822,7.283145,350367349
2025-12-25,7.282171,7.366019,7.265596,7.345545,286961619
2025-12-26,7.355295,7.425494,7.338720,7.390394,514730074
2025-12-29,7.389419,7.419644,7.342620,7.359194,337804049
2025-12-30,7.324096,7.434269,7.324096,7.391369,241477936
2025-12-31,7.406969,7.420619,7.362120,7.398194,446353437
2026-01-05,7.450844,7.599041,7.448893,7.597091,276371421
2026-01-06,7.601966,7.765764,7.601966,7.761864,356076687
2026-01-07,7.769664,7.838888,7.755039,7.798913,431586803
2026-01-08,7.774539,7.875938,7.772589,7.823288,382231061
2026-01-09,7.823288,8.017310,7.822313,8.010485,525203527
2026-01-12,8.063135,8.236682,8.029009,8.205482,571519856
2026-01-13,8.225957,8.228881,8.052409,8.098233,524033983
2026-01-14,8.100184,8.322481,8.043635,8.155758,1349076212
2026-01-15,8.092384,8.180133,8.058260,8.130408,3167300455
2026-01-16,8.170683,8.205063,8.094064,8.148090,2050754961
2026-01-19,8.123533,8.248283,8.103887,8.200150,1521585687
2026-01-20,8.208009,8.264982,8.055755,8.176577,1614255882
2026-01-21,8.135319,8.285610,8.133355,8.282663,1034094112
2026-01-22,8.310167,8.345530,8.255159,8.319008,480856886
2026-01-23,8.354370,8.570474,8.342583,8.564580,669345592
2026-01-26,8.607801,8.631376,8.366158,8.412326,1666726482
2026-01-27,8.390716,8.516449,8.287576,8.466352,1474651264
2026-01-28,8.491891,8.565563,8.442777,8.537076,2517446639
2026-01-29,8.507608,8.598961,8.422149,8.438848,1373467695
2026-01-30,8.367140,8.441794,8.086206,8.290522,1283877745
2026-02-02,8.182470,8.251230,7.902518,7.906446,1947386933
2026-02-03,8.041020,8.226673,7.987977,8.217833,936602178
2026-02-04,8.211938,8.246319,8.102904,8.239442,1228797031
2026-02-05,8.153001,8.165771,8.002711,8.071471,955243249
2026-02-06,7.961454,8.182470,7.931986,8.067542,939936597
2026-02-09,8.202116,8.248283,8.158894,8.246319,594262763
2026-02-10,8.246319,8.255160,8.181488,8.228638,344342506
2026-02-11,8.207026,8.307220,8.207026,8.262035,295235745
2026-02-12,8.261053,8.375982,8.261053,8.363212,397617091
2026-02-13,8.323920,8.345530,8.212921,8.224709,1017396628
2026-02-24,8.320972,8.382857,8.254177,8.319008,438804915
2026-02-25,8.329813,8.480104,8.328831,8.449653,735884137
2026-02-26,8.470281,8.502696,8.409378,8.477157,805557550
2026-02-27,8.428042,8.584226,8.428042,8.582262,482034893
2026-03-02,8.528236,8.617623,8.467333,8.578332,772395741
2026-03-03,8.585209,8.585209,8.187382,8.226673,679789667
2026-03-04,8.095046,8.316061,8.091118,8.169701,526981471
2026-03-05,8.283645,8.309185,8.163806,8.222744,552164159
2026-03-06,8.162825,8.319008,8.162825,8.271858,317745639
2026-03-09,8.151037,8.231585,7.980118,8.208010,469439650
2026-03-10,8.290521,8.341600,8.242389,8.330795,435573866
2026-03-11,8.338655,8.368123,8.291504,8.318027,385228347
2026-03-12,8.302309,8.344548,8.206045,8.276770,325622423
2026-03-13,8.213903,8.297397,8.143178,8.163806,198229100
2026-03-16,8.151037,8.160859,7.980118,8.112727,392889521
2026-03-17,8.118622,8.143178,7.931004,7.934933,349203593
2026-03-18,7.966366,8.023339,7.880907,8.011552,492148046
2026-03-19,7.897606,7.930022,7.765980,7.804289,391800334
2026-03-20,7.819023,7.870102,7.670697,7.673644,731633951
2026-03-23,7.564610,7.639264,7.327878,7.378957,674801120
2026-03-24,7.454594,7.521389,7.305285,7.516478,591087113
2026-03-25,7.563628,7.739458,7.561663,7.687397,586589336
2026-03-26,7.653998,7.696237,7.544965,7.563628,320184434
2026-03-27,7.445753,7.712936,7.445753,7.664804,396308985
2026-03-30,7.569521,7.697219,7.529248,7.679538,478242199
2026-03-31,7.666768,7.720794,7.543982,7.546929,368399919
2026-04-01,7.676591,7.710971,7.617654,7.670697,356668632
2026-04-02,7.633370,7.670697,7.484062,7.536124,486434169
2026-04-03,7.560681,7.570503,7.446735,7.468346,240776879
2026-04-07,7.482098,7.564610,7.465399,7.493886,328131755
2026-04-08,7.681502,7.886801,7.676591,7.883854,1155004523
2026-04-09,7.820005,7.867155,7.767944,7.822952,642825820
2026-04-10,7.873049,8.004676,7.873049,7.892694,380034904
2026-04-13,7.843580,7.916270,7.836704,7.885818,477728295
2026-04-14,7.966366,8.017445,7.924128,8.014499,436813757
2026-04-15,8.074418,8.089152,7.951632,7.967349,408317989
2026-04-16,7.986013,8.124515,7.981101,8.106834,487968619
2026-04-17,8.086206,8.164789,8.064595,8.143178,462973688
2026-04-20,8.134338,8.245336,8.131391,8.207026,912541634
2026-04-21,8.203098,8.203098,8.109780,8.183453,461344417
2026-04-22,8.136302,8.307220,8.136302,8.305256,638322386
2026-04-23,8.310168,8.323920,8.149072,8.226673,693980301
2026-04-24,8.173630,8.231585,8.096029,8.175594,437159356
2026-04-27,8.172647,8.249266,8.145143,8.219797,627518773
2026-04-28,8.198186,8.208009,8.100940,8.126479,636938696
2026-04-29,8.094064,8.286592,8.088170,8.272840,878967542
2026-04-30,8.261053,8.300344,8.221761,8.280699,779361939
2026-05-06,8.368122,8.547881,8.367140,8.504661,1025448160
2026-05-07,8.547882,8.622536,8.515466,8.615660,1229160085
2026-05-08,8.560652,8.632359,8.537077,8.613695,1111098647
2026-05-11,8.681473,8.786577,8.632358,8.754162,660874404
2026-05-12,8.762021,8.768897,8.664774,8.705049,510398080
2026-05-13,8.644146,8.861232,8.644146,8.849444,515445104
2026-05-14,8.888736,8.888736,8.604854,8.616642,890258803
2026-05-15,8.604855,8.652987,8.401521,8.459476,1313659195
2026-05-18,8.407415,8.541988,8.399556,8.478139,480879098
2026-05-19,8.460458,8.554758,8.330796,8.548864,709789696
2026-05-20,8.498768,8.604855,8.473228,8.593067,506792256
2026-05-21,8.644146,8.729605,8.333743,8.352407,534504910
2026-05-22,8.401521,8.530200,8.359282,8.504661,792937482
2026-05-25,8.553775,8.634323,8.466352,8.630394,608513509
2026-05-26,8.588156,8.613695,8.464387,8.596996,241401903
2026-05-27,8.585208,8.664774,8.428042,8.461440,330242035
2026-05-28,8.423130,8.540023,8.355352,8.495820,332221554
2026-05-29,8.506625,8.527253,8.238461,8.293468,327944724
2026-06-01,8.284628,8.380892,8.206045,8.221762,408369384
2026-06-02,8.219797,8.329813,8.092099,8.257124,458809424
2026-06-03,8.251230,8.413307,8.231584,8.305256,326737654
2026-06-04,8.222744,8.338654,8.222744,8.298380,295929900
2026-06-05,8.265964,8.349459,8.166753,8.191310,432045655
2026-06-08,8.015480,8.087188,7.841615,7.925110,468788369
2026-06-09,7.976189,8.138267,7.915287,8.123533,362274674
2026-06-10,8.039055,8.094063,7.934933,8.026285,279284122
2026-06-11,7.988959,8.046914,7.925110,7.988959,181558049
2026-06-12,8.150055,8.221762,8.065578,8.096028,313357760
2026-06-15,8.174611,8.398573,8.164789,8.392679,776775802
2026-06-16,8.398574,8.514484,8.374016,8.479121,319534963
2026-06-17,8.449653,8.610748,8.428042,8.607800,198642403
2026-06-18,8.571456,8.706030,8.567527,8.671650,252960922
2026-06-22,8.683438,8.850427,8.593067,8.847480,370108740
2026-06-23,8.820958,8.868108,8.602891,8.658880,423346147
2026-06-24,8.620571,8.835693,8.600925,8.825870,282708434
2026-06-25,8.824887,8.926062,8.781666,8.924098,206275576
2026-06-26,8.846497,8.905435,8.639234,8.704065,335195688
2026-06-29,8.683438,8.819976,8.579315,8.815064,284530538
2026-06-30,8.785596,9.040008,8.751216,9.031168,203024921
2026-07-01,9.038044,9.140202,8.938833,9.017416,252069545
2026-07-02,8.929992,8.929992,8.656915,8.692278,414291694
2026-07-03,8.642182,8.854356,8.634323,8.743358,280135216
2026-07-06,8.771843,8.807205,8.572439,8.653969,359963109
2026-07-07,8.604855,8.660845,8.460458,8.503678,277314854
2026-07-08,8.507608,8.558687,8.351423,8.399555,547319350
2026-07-09,8.410361,8.658880,8.294451,8.648075,594252173
2026-07-10,8.650039,8.774790,8.507608,8.543952,435206229
2026-07-13,8.457510,8.483050,8.119603,8.145143,896481229
2026-07-14,8.146125,8.269893,7.972260,8.264000,855502259
2026-07-15,8.269000,8.322000,8.113000,8.151000,345132567
2026-07-16,8.061000,8.158000,7.911000,7.956000,574772368
2026-07-17,7.915000,7.928000,7.485000,7.505000,749802929
2026-07-20,7.614000,7.640000,7.226000,7.426000,1170949174
2026-07-21,7.423000,7.805000,7.277000,7.792000,1186779399
2026-07-22,7.714000,7.887000,7.711000,7.740000,746438721
2026-07-23,7.741000,7.803000,7.661000,7.737000,250147738
2026-07-24,7.651000,7.712000,7.541000,7.545000,340683039
2026-07-27,7.544000,7.739000,7.484000,7.726000,590866128
2026-07-28,7.608000,7.647000,7.429000,7.463000,799075944
2026-07-29,7.460000,7.593000,7.342000,7.540000,701473321
2026-07-30,7.490000,7.557000,7.220000,7.336000,901607123
2026-07-31,7.600000,7.679000,7.491000,7.500000,993636754
2026-08-03,7.461000,7.520000,7.417000,7.420000,299515013
2026-08-04,7.470000,7.665000,7.464000,7.601000,664801376
2026-08-05,7.600000,7.854000,7.575000,7.815000,535909695
2026-08-06,7.750000,7.872000,7.723000,7.832000,593953900
2026-08-07,7.820000,7.993000,7.767000,7.987000,370068852
2026-08-10,,,,,79390931
