date,open,high,low,close,volume
2017-06-16,2.266054,2.274036,2.260736,2.271382,291709
2017-06-19,2.271382,2.282018,2.263400,2.282018,365769
2017-06-20,2.284672,2.297973,2.236799,2.276700,1345005
2017-06-21,2.276700,2.287336,2.266054,2.279354,197251
2017-06-22,2.279354,2.279354,2.239463,2.239463,106338
2017-06-23,2.234144,2.247445,2.212862,2.247445,200102
2017-06-26,2.244781,2.274036,2.236799,2.274036,216990
2017-06-27,2.274036,2.282018,2.260736,2.268718,265828
2017-06-28,2.268718,2.268718,2.252763,2.258081,173673
2017-06-29,2.268718,2.279354,2.260736,2.266054,167714
2017-06-30,2.263400,2.274036,2.260736,2.274036,134047
2017-07-03,2.274036,2.295319,2.266054,2.295319,321318
2017-07-04,2.289991,2.295319,2.282018,2.284672,221852
2017-07-05,2.289991,2.305955,2.284672,2.305955,343763
2017-07-06,2.303291,2.321910,2.292655,2.316592,203355
2017-07-07,2.305955,2.319255,2.305955,2.316592,42842
2017-07-10,2.319255,2.319255,2.300637,2.303291,200248
2017-07-11,2.308610,2.308610,2.274036,2.274036,158247
2017-07-12,2.279354,2.284672,2.236799,2.271382,351147
2017-07-13,2.268718,2.279354,2.268718,2.271382,50446
2017-07-14,2.271382,2.271382,2.260736,2.266054,20361
2017-07-17,2.252763,2.252763,2.138397,2.141052,477591
2017-07-18,2.141052,2.167653,2.135734,2.167653,3682112
2017-07-19,2.162334,2.194243,2.159670,2.194243,248537
2017-07-20,2.167653,2.220844,2.167653,2.204890,320514
2017-07-21,2.202226,2.215526,2.202226,2.204890,97127
2017-07-24,2.202226,2.223498,2.202226,2.220844,133535
2017-07-25,2.220844,2.220844,2.210208,2.220844,112114
2017-07-26,2.215526,2.220844,2.212862,2.218180,272189
2017-07-27,2.218180,2.255417,2.212862,2.255417,381342
2017-07-28,2.250099,2.260736,2.247445,2.258081,367232
2017-07-31,2.250100,2.274036,2.250100,2.274036,312655
2017-08-01,2.274036,2.279354,2.266054,2.274036,748062
2017-08-02,2.274036,2.274036,2.252763,2.258081,146586
2017-08-03,2.258082,2.276700,2.252763,2.266054,464577
2017-08-04,2.263400,2.276700,2.255417,2.255417,513013
2017-08-07,2.255417,2.276700,2.255417,2.276700,119937
2017-08-08,2.276700,2.287336,2.268718,2.284672,244992
2017-08-09,2.276700,2.292655,2.276700,2.289991,341351
2017-08-10,2.289991,2.292655,2.260736,2.274036,161134
2017-08-11,2.268718,2.268718,2.234145,2.236799,333857
2017-08-14,2.236799,2.313937,2.236799,2.313937,2884116
2017-08-15,2.292654,2.297973,2.282018,2.297973,1232708
2017-08-16,2.295319,2.313937,2.287336,2.311273,437198
2017-08-17,2.311273,2.332546,2.311273,2.329892,159892
2017-08-18,2.311273,2.327228,2.311273,2.316592,97054
2017-08-21,2.311273,2.335210,2.311273,2.335210,798434
2017-08-22,2.327228,2.329892,2.316591,2.319255,71831
2017-08-23,2.319255,2.324574,2.295319,2.305955,1740786
2017-08-24,2.305955,2.308609,2.284672,2.292655,919358
2017-08-25,2.289991,2.316592,2.289991,2.316592,293098
2017-08-28,2.319255,2.348510,2.319255,2.332546,834185
2017-08-29,2.335210,2.340528,2.327228,2.332546,1093470
2017-08-30,2.329892,2.343192,2.329892,2.343192,268241
2017-08-31,2.343192,2.351165,2.343192,2.351165,470426
2017-09-01,2.351165,2.372447,2.348511,2.372447,637739
2017-09-04,2.375102,2.391066,2.369783,2.388402,614855
2017-09-05,2.388402,2.388402,2.369783,2.380430,191512
2017-09-06,2.380430,2.401702,2.377766,2.401702,1247362
2017-09-07,2.401702,2.415003,2.391066,2.391066,340437
2017-09-08,2.388402,2.404366,2.380429,2.396384,319856
2017-09-11,2.396384,2.494795,2.393720,2.425639,764694
2017-09-12,2.422985,2.433621,2.393720,2.420321,2452219
2017-09-13,2.420321,2.428303,2.407021,2.425639,176926
2017-09-14,2.425639,2.436276,2.412339,2.415003,365075
2017-09-15,2.415003,2.430957,2.401702,2.412339,1994587
2017-09-18,2.412339,2.433621,2.409685,2.430957,1579688
2017-09-19,2.433621,2.438939,2.415003,2.422985,112334
2017-09-20,2.422985,2.441594,2.417657,2.441594,685114
2017-09-21,2.441594,2.441594,2.412339,2.412339,52127
2017-09-22,2.409685,2.412339,2.391066,2.407021,350745
2017-09-25,2.407020,2.407020,2.367129,2.369783,134559
2017-09-26,2.369783,2.377766,2.361811,2.372447,385801
2017-09-27,2.380430,2.396384,2.380430,2.393720,152434
2017-09-28,2.393720,2.393720,2.380430,2.380430,575229
2017-09-29,2.388402,2.407020,2.388402,2.404366,786006
2017-10-09,2.404366,2.436276,2.404366,2.436276,756177
2017-10-10,2.438939,2.457558,2.430957,2.457558,782898
2017-10-11,2.452240,2.452240,2.444258,2.446922,583893
2017-10-12,2.441594,2.441594,2.422985,2.438939,112772
2017-10-13,2.438939,2.449576,2.430957,2.446922,58086
2017-10-16,2.446922,2.446922,2.399038,2.399038,204598
2017-10-17,2.399038,2.412339,2.388402,2.399038,160257
2017-10-18,2.399038,2.407021,2.377766,2.377766,774856
2017-10-19,2.380430,2.380430,2.345847,2.359147,227628
2017-10-20,2.356493,2.383084,2.353829,2.380430,389420
2017-10-23,2.388402,2.393720,2.385748,2.393720,433725
2017-10-24,2.401702,2.401702,2.361811,2.377766,42513
2017-10-25,2.375102,2.393720,2.372447,2.391066,71282
2017-10-26,2.385748,2.407021,2.385748,2.407021,223314
2017-10-27,2.401702,2.404366,2.391066,2.391066,121289
2017-10-30,2.391066,2.391066,2.316591,2.332546,172357
2017-10-31,2.335210,2.345847,2.329892,2.345847,79142
2017-11-01,2.348511,2.356493,2.348511,2.348511,59402
2017-11-02,2.348510,2.348510,2.324573,2.327228,157771
2017-11-03,2.327228,2.329892,2.297973,2.305955,398998
2017-11-06,2.305955,2.324574,2.297973,2.324574,192097
2017-11-07,2.319255,2.337874,2.319255,2.337874,295620
2017-11-08,2.337874,2.356493,2.335210,2.345847,224850
2017-11-09,2.345847,2.356493,2.345847,2.356493,89962
2017-11-10,2.356493,2.372447,2.353829,2.367129,1314554
2017-11-13,2.369783,2.372447,2.361811,2.369783,244663
2017-11-14,2.364465,2.372447,2.348510,2.351165,588609
2017-11-15,2.359147,2.359147,2.329892,2.335210,72306
2017-11-16,2.327228,2.340528,2.327228,2.329892,94824
2017-11-17,2.324574,2.324574,2.178289,2.186271,1801906
2017-11-20,2.244781,2.266054,2.196907,2.258081,2065613
2017-11-21,2.260736,2.266054,2.242117,2.255417,264914
2017-11-22,2.250099,2.268718,2.234145,2.255417,473899
2017-11-23,2.250099,2.250099,2.204889,2.207544,212750
2017-11-24,2.218180,2.220844,2.196907,2.212862,156236
2017-11-27,2.212862,2.215526,2.186271,2.186271,281802
2017-11-28,2.186271,2.226162,2.186271,2.223498,668591
2017-11-29,2.226162,2.228826,2.204889,2.226162,593763
2017-11-30,2.220844,2.228826,2.210208,2.218180,362626
2017-12-01,2.215526,2.239463,2.212862,2.234145,279317
2017-12-04,2.236799,2.236799,2.207544,2.207544,565469
2017-12-05,2.210208,2.212862,2.143716,2.157006,1191145
2017-12-06,2.175625,2.180953,2.138397,2.178289,609518
2017-12-07,2.170307,2.188925,2.167652,2.175625,459423
2017-12-08,2.178289,2.202225,2.175625,2.183607,1597271
2017-12-11,2.194243,2.215526,2.194243,2.212862,477810
2017-12-12,2.204890,2.215526,2.186271,2.186271,1826946
2017-12-13,2.191589,2.212862,2.186271,2.207544,1498865
2017-12-14,2.207544,2.212862,2.202226,2.212862,865403
2017-12-15,2.204889,2.212862,2.196907,2.207544,1381596
2017-12-18,2.210208,2.210208,2.186271,2.191589,561083
2017-12-19,2.194244,2.207544,2.191589,2.204890,572049
2017-12-20,2.204889,2.204889,2.180953,2.183607,449846
2017-12-21,2.183607,2.191589,2.159670,2.183607,381196
2017-12-22,2.178289,2.194243,2.178289,2.180953,208912
2017-12-25,2.183607,2.186271,2.154352,2.154352,979857
2017-12-26,2.162334,2.180953,2.146370,2.172971,1613830
2017-12-27,2.172971,2.175625,2.159670,2.167653,541489
2017-12-28,2.170307,2.178289,2.157006,2.164988,292915
2017-12-29,2.172971,2.191589,2.167653,2.186271,255958
2018-01-02,2.191589,2.210208,2.188925,2.210208,600489
2018-01-03,2.210208,2.228827,2.210208,2.228827,1274527
2018-01-04,2.231481,2.231481,2.215526,2.228827,334734
2018-01-05,2.223498,2.236799,2.223498,2.231481,1479856
2018-01-08,2.231481,2.236799,2.220844,2.234145,463627
2018-01-09,2.236799,2.239463,2.226163,2.231481,296169
2018-01-10,2.234145,2.236799,2.207544,2.220844,353414
2018-01-11,2.218180,2.236799,2.210208,2.234145,514950
2018-01-12,2.236799,2.236799,2.220844,2.223498,146988
2018-01-15,2.210208,2.210208,2.157006,2.162334,1297227
2018-01-16,2.170307,2.170307,2.157006,2.167653,684675
2018-01-17,2.172970,2.172970,2.133069,2.164988,1444507
2018-01-18,2.157006,2.172970,2.157006,2.164988,636313
2018-01-19,2.164988,2.178289,2.157006,2.157006,1524526
2018-01-22,2.157006,2.199562,2.149034,2.188925,3700280
2018-01-23,2.202226,2.202226,2.183607,2.186271,585757
2018-01-24,2.188925,2.212862,2.175625,2.212862,963115
2018-01-25,2.207544,2.223498,2.204889,2.207544,839486
2018-01-26,2.207544,2.212862,2.202226,2.202226,542842
2018-01-29,2.207544,2.210208,2.172970,2.178289,455402
2018-01-30,2.172971,2.178289,2.167653,2.172971,1868363
2018-01-31,2.159670,2.167652,2.119779,2.119779,1543389
2018-02-01,2.130415,2.133069,2.037322,2.037322,2468632
2018-02-02,2.047958,2.047958,1.973494,2.024022,862296
2018-02-05,2.021368,2.026686,1.994767,2.018703,488484
2018-02-06,1.994767,1.997431,1.920302,1.922956,1218268
2018-02-07,1.933593,1.973494,1.891037,1.922956,1165702
2018-02-08,1.925620,1.954875,1.922956,1.949557,792074
2018-02-09,1.928275,1.928275,1.864446,1.888383,1098697
2018-02-12,1.899020,1.946893,1.899020,1.944239,769008
2018-02-13,1.946893,1.962857,1.944239,1.949557,568430
2018-02-14,1.949557,1.954875,1.933593,1.954875,392893
2018-02-22,1.968176,1.986794,1.960193,1.984130,446117
2018-02-23,1.984130,1.992112,1.973494,1.986794,402763
2018-02-26,1.994767,2.034668,1.994767,2.034668,634485
2018-02-27,2.037322,2.053287,2.032004,2.047959,1693812
2018-02-28,2.047959,2.058605,2.024022,2.050622,407661
2018-03-01,2.050623,2.079878,2.042640,2.079878,691694
2018-03-02,2.071905,2.085196,2.050623,2.071905,606959
2018-03-05,2.071905,2.082542,2.069241,2.082542,293573
2018-03-06,2.082542,2.109133,2.082542,2.103815,1171880
2018-03-07,2.103815,2.106478,2.087860,2.087860,384559
2018-03-08,2.085196,2.101160,2.085196,2.101160,289406
2018-03-09,2.103815,2.143716,2.103815,2.141052,2086304
2018-03-12,2.141052,2.170307,2.141052,2.167653,1050408
2018-03-13,2.172971,2.175625,2.154352,2.157006,591899
2018-03-14,2.154352,2.159670,2.127751,2.130415,820989
2018-03-15,2.127751,2.135734,2.103815,2.127751,620850
2018-03-16,2.130415,2.143716,2.127751,2.130415,248611
2018-03-19,2.130415,2.143716,2.117115,2.130415,283667
2018-03-20,2.127751,2.130415,2.106479,2.127751,284837
2018-03-21,2.133070,2.149034,2.117115,2.117115,455329
2018-03-22,2.119779,2.125097,2.101160,2.111797,298764
2018-03-23,2.095842,2.095842,1.976148,2.005413,2155210
2018-03-26,2.008067,2.037322,1.952211,2.032004,1151117
2018-03-27,2.037322,2.095842,2.037322,2.093178,887373
2018-03-28,2.079878,2.087860,2.066577,2.077223,437198
2018-03-29,2.079878,2.093178,2.074559,2.093178,270946
2018-03-30,2.093178,2.127751,2.093178,2.127751,552712
2018-04-02,2.125097,2.151688,2.119779,2.135733,539479
2018-04-03,2.125097,2.125097,2.098496,2.111797,565981
2018-04-04,2.117115,2.125097,2.093178,2.098496,222839
2018-04-09,2.098496,2.109133,2.071905,2.098496,364563
2018-04-10,2.101160,2.103814,2.074559,2.101160,161537
2018-04-11,2.101160,2.122433,2.101160,2.117115,322452
2018-04-12,2.111796,2.119779,2.101160,2.106478,331883
2018-04-13,2.101160,2.117115,2.098496,2.101160,207157
2018-04-16,2.098496,2.111797,2.085196,2.101160,229090
2018-04-17,2.101160,2.106478,2.050623,2.055941,258188
2018-04-18,2.055941,2.090514,2.029350,2.085196,963151
2018-04-19,2.085196,2.106478,2.079878,2.090514,478980
2018-04-20,2.087860,2.090514,2.047959,2.050622,560644
2018-04-23,2.053287,2.082542,1.997431,2.026686,488046
2018-04-24,2.029350,2.071905,2.024022,2.069241,147463
2018-04-25,2.069241,2.079878,2.061259,2.074559,169944
2018-04-26,2.074559,2.074559,2.037322,2.042640,112553
2018-04-27,2.045304,2.053287,2.029350,2.037322,272920
2018-05-02,2.039986,2.066577,2.021368,2.034668,116830
2018-05-03,2.034668,2.050622,2.005413,2.050622,80275
2018-05-04,2.050622,2.055941,2.042640,2.050622,168774
2018-05-07,2.053287,2.082542,2.050623,2.082542,310133
2018-05-08,2.082542,2.093178,2.079878,2.090514,223048
2018-05-09,2.090514,2.093178,2.085196,2.087860,137838
2018-05-10,2.093178,2.101160,2.090514,2.101160,936283
2018-05-11,2.103815,2.103815,2.082542,2.085196,474374
2018-05-14,2.087860,2.093178,2.066577,2.066577,474886
2018-05-15,2.074559,2.090514,2.063923,2.087860,215090
2018-05-16,2.085196,2.095842,2.074559,2.077223,284800
2018-05-17,2.079878,2.085196,2.066577,2.069241,172795
2018-05-18,2.066577,2.077223,2.055941,2.077223,968452
2018-05-21,2.079878,2.103815,2.079878,2.095842,1824314
2018-05-22,2.095842,2.106478,2.090514,2.106478,446483
2018-05-23,2.106478,2.106478,2.087860,2.087860,419615
2018-05-24,2.079878,2.090514,2.077223,2.079878,297521
2018-05-25,2.074560,2.079878,2.053287,2.053287,230187
2018-05-28,2.055941,2.058605,2.032004,2.037322,221194
2018-05-29,2.034668,2.050622,2.024022,2.024022,211105
2018-05-30,2.010731,2.021368,1.960194,1.962857,432884
2018-05-31,1.965512,1.989449,1.962857,1.989449,313240
2018-06-01,1.989449,1.992113,1.957530,1.968176,2533042
2018-06-04,1.970830,1.978812,1.954875,1.970830,228834
2018-06-05,1.973494,1.992112,1.960193,1.989449,207413
2018-06-06,1.989449,1.992112,1.978812,1.984130,183287
2018-06-07,1.994767,1.994767,1.976148,1.978812,168921
2018-06-08,1.973494,1.973494,1.944239,1.954875,264951
2018-06-11,1.957530,1.973494,1.936257,1.944239,237388
2018-06-12,1.938921,1.957530,1.922956,1.952211,169615
2018-06-13,1.946893,1.949557,1.922956,1.925620,189026
2018-06-14,1.925620,1.930939,1.909656,1.914974,331042
2018-06-15,1.914974,1.917638,1.864446,1.875083,1257236
2018-06-19,1.864446,1.864446,1.715497,1.739434,2795178
2018-06-20,1.739434,1.774017,1.726144,1.766035,341680
2018-06-21,1.755399,1.776671,1.723480,1.726144,543829
2018-06-22,1.723480,1.755399,1.699543,1.750080,389676
2018-06-25,1.752735,1.768699,1.739434,1.742098,329580
2018-06-26,1.731462,1.760717,1.710179,1.755399,660476
2018-06-27,1.758053,1.766035,1.739434,1.742098,632767
2018-06-28,1.742098,1.752735,1.718161,1.723480,882840
2018-06-29,1.723480,1.779335,1.723480,1.779335,624177
2018-07-02,1.779335,1.781990,1.734116,1.750080,3020393
2018-07-03,1.750080,1.774017,1.723480,1.768699,605497
2018-07-04,1.768699,1.768699,1.734116,1.742098,533740
2018-07-05,1.742098,1.742098,1.696889,1.704861,578044
2018-07-06,1.707525,1.726144,1.664970,1.702207,1031436
2018-07-09,1.702207,1.736780,1.702207,1.734116,384339
2018-07-10,1.720825,1.750080,1.720825,1.750080,168263
2018-07-11,1.744762,1.744762,1.683588,1.707525,595079
2018-07-12,1.707525,1.760717,1.707525,1.752735,1121288
2018-07-13,1.758053,1.763381,1.752735,1.763381,147828
2018-07-16,1.766035,1.766035,1.752735,1.760717,230808
2018-07-17,1.768699,1.768699,1.742098,1.768699,372386
2018-07-18,1.771353,1.779336,1.758053,1.760717,433286
2018-07-19,1.763381,1.763381,1.731462,1.739434,412450
2018-07-20,1.734116,1.758053,1.723480,1.752735,356411
2018-07-23,1.752735,1.771353,1.747416,1.771353,559730
2018-07-24,1.771353,1.803272,1.766035,1.800608,1103632
2018-07-25,1.795290,1.808590,1.792636,1.800608,575485
2018-07-26,1.797954,1.803272,1.787318,1.792636,393368
2018-07-27,1.795290,1.795290,1.776671,1.781990,230552
2018-07-30,1.784654,1.784654,1.747416,1.752735,420711
2018-07-31,1.755399,1.763381,1.750080,1.758053,182812
2018-08-01,1.792636,1.792636,1.728798,1.731462,363101
2018-08-02,1.728798,1.728798,1.651669,1.686242,831334
2018-08-03,1.688906,1.694225,1.670288,1.670288,480662
2018-08-06,1.670288,1.670288,1.625068,1.633051,1268312
2018-08-07,1.635715,1.672942,1.622414,1.667624,835428
2018-08-08,1.670288,1.672942,1.643687,1.643687,383352
2018-08-09,1.641033,1.688907,1.638369,1.680924,1280668
2018-08-10,1.675606,1.691561,1.675606,1.691561,692023
2018-08-13,1.686242,1.699543,1.670288,1.699543,522261
2018-08-14,1.694225,1.704861,1.686242,1.699543,138251
2018-08-15,1.702207,1.702207,1.659652,1.664970,505483
2018-08-16,1.659651,1.664970,1.627732,1.643687,328008
2018-08-17,1.646351,1.656987,1.611778,1.614432,575924
2018-08-20,1.611778,1.619750,1.585177,1.619750,428059
2018-08-21,1.617096,1.643687,1.617096,1.638369,346249
2018-08-22,1.633051,1.638369,1.625069,1.625069,340729
2018-08-23,1.627732,1.635715,1.619750,1.633051,231210
2018-08-24,1.630396,1.633051,1.622414,1.625069,212787
2018-08-27,1.635715,1.664970,1.635715,1.664970,1690596
2018-08-28,1.659651,1.664970,1.654333,1.662306,346176
2018-08-29,1.659651,1.659651,1.646351,1.654333,302164
2018-08-30,1.651669,1.651669,1.622414,1.627732,215821
2018-08-31,1.622414,1.622414,1.603796,1.603796,341826
2018-09-03,1.606450,1.606450,1.579859,1.603796,586708
2018-09-04,1.601132,1.627733,1.601132,1.625069,357325
2018-09-05,1.619750,1.625068,1.595813,1.598477,561850
2018-09-06,1.601132,1.609114,1.585177,1.590495,330457
2018-09-07,1.593159,1.614432,1.585177,1.598477,516559
2018-09-10,1.593159,1.598477,1.577195,1.582513,640224
2018-09-11,1.582513,1.582513,1.553258,1.566558,917969
2018-09-12,1.558576,1.577195,1.558576,1.566558,295145
2018-09-13,1.577195,1.579859,1.553258,1.577195,442754
2018-09-14,1.577195,1.577195,1.558576,1.561240,164059
2018-09-17,1.563904,1.563904,1.531985,1.537303,665374
2018-09-18,1.537303,1.561240,1.529321,1.561240,783227
2018-09-19,1.558576,1.590495,1.555922,1.577195,1119789
2018-09-20,1.579859,1.582513,1.571877,1.574541,416398
2018-09-21,1.587841,1.598477,1.571877,1.595814,1585098
2018-09-25,1.590495,1.598477,1.585177,1.593159,527160
2018-09-26,1.593159,1.606450,1.590495,1.593159,567699
2018-09-27,1.598477,1.598477,1.571877,1.574541,1195422
2018-09-28,1.577195,1.587841,1.569222,1.587841,436576
2018-10-08,1.571877,1.571877,1.529321,1.531985,581700
2018-10-09,1.534639,1.545286,1.521349,1.531985,638397
2018-10-10,1.531985,1.537303,1.516021,1.529321,320770
2018-10-11,1.516021,1.521349,1.409637,1.417619,2452767
2018-10-12,1.417619,1.558576,1.353781,1.409637,942607
2018-10-15,1.313890,1.422938,1.313890,1.388364,646950
2018-10-16,1.388364,1.399001,1.348463,1.356445,549897
2018-10-17,1.369746,1.388364,1.337827,1.369746,518642
2018-10-18,1.367082,1.367082,1.327190,1.340481,1204597
2018-10-19,1.316544,1.353781,1.297925,1.351127,1143075
2018-10-22,1.369746,1.430910,1.356445,1.425592,4277812
2018-10-23,1.425592,1.425592,1.385700,1.396337,3542289
2018-10-24,1.383036,1.409637,1.383036,1.393682,1094347
2018-10-25,1.356445,1.383036,1.348463,1.383036,509284
2018-10-26,1.385700,1.406973,1.380382,1.385700,1415921
2018-10-29,1.388364,1.388364,1.359100,1.367082,413437
2018-10-30,1.369746,1.388364,1.343145,1.383036,1445458
2018-10-31,1.385700,1.409637,1.380382,1.399001,2491954
2018-11-01,1.406973,1.430910,1.396337,1.409637,2124174
2018-11-02,1.457511,1.468147,1.425592,1.454857,3182844
2018-11-05,1.462829,1.481448,1.438892,1.462829,4203313
2018-11-06,1.465493,1.468147,1.441556,1.468147,1331918
2018-11-07,1.468147,1.478793,1.457511,1.462829,741043
2018-11-08,1.476129,1.476129,1.452192,1.452192,1773978
2018-11-09,1.446874,1.462829,1.444210,1.452192,1141686
2018-11-12,1.452193,1.497402,1.452193,1.494748,7624020
2018-11-13,1.486766,1.539958,1.476129,1.526667,9566115
2018-11-14,1.526667,1.553258,1.484112,1.526667,12638124
2018-11-15,1.529321,1.553258,1.524003,1.550604,6028468
2018-11-16,1.553258,1.577195,1.547940,1.566558,7024409
2018-11-19,1.571877,1.574541,1.550604,1.574541,4646360
2018-11-20,1.563904,1.569222,1.529321,1.531985,5653743
2018-11-21,1.521349,1.550604,1.505384,1.542622,5806725
2018-11-22,1.545286,1.555922,1.537303,1.545286,5257596
2018-11-23,1.537303,1.537303,1.468147,1.473465,9247757
2018-11-26,1.457511,1.489430,1.457511,1.476129,3872235
2018-11-27,1.476129,1.494748,1.476129,1.489430,2080126
2018-11-28,1.473465,1.505384,1.465493,1.505384,4326796
2018-11-29,1.510703,1.521349,1.468147,1.470811,5118321
2018-11-30,1.470811,1.484111,1.446874,1.481448,2296970
2018-12-03,1.518685,1.537303,1.505384,1.526667,3530043
2018-12-04,1.529321,1.545286,1.518685,1.545286,3855566
2018-12-05,1.518685,1.542622,1.508048,1.531985,3555851
2018-12-06,1.524003,1.531985,1.502730,1.508048,5566924
2018-12-07,1.510703,1.513367,1.500066,1.505384,1892123
2018-12-10,1.500066,1.500066,1.481448,1.489430,2283481
2018-12-11,1.497402,1.502730,1.492084,1.502730,1586195
2018-12-12,1.505384,1.510703,1.500066,1.502730,1318868
2018-12-13,1.510703,1.526667,1.497402,1.518685,1631413
2018-12-14,1.500066,1.516021,1.476129,1.478793,1606921
2018-12-17,1.478793,1.478793,1.454857,1.470811,2226784
2018-12-18,1.465493,1.476129,1.449529,1.462829,3364303
2018-12-19,1.468147,1.468147,1.441556,1.444210,2084695
2018-12-20,1.441556,1.452193,1.433574,1.449529,1179008
2018-12-21,1.444210,1.446874,1.425592,1.438892,1209166
2018-12-24,1.438892,1.452193,1.433574,1.449529,572817
2018-12-25,1.430910,1.438892,1.401655,1.433574,1649837
2018-12-26,1.428256,1.441556,1.425592,1.430910,1497987
2018-12-27,1.460175,1.460175,1.406973,1.406973,4105419
2018-12-28,1.406973,1.478793,1.399001,1.406973,1718633
2019-01-02,1.409637,1.436238,1.399001,1.404319,1834147
2019-01-03,1.404319,1.412301,1.391018,1.393682,807463
2019-01-04,1.388364,1.433574,1.375064,1.433574,2393183
2019-01-07,1.388364,1.465493,1.375064,1.462829,1910986
2019-01-08,1.457511,1.462829,1.452193,1.457511,2530264
2019-01-09,1.465493,1.481448,1.454857,1.460175,1881998
2019-01-10,1.457511,1.470811,1.452193,1.454857,1526902
2019-01-11,1.460175,1.470811,1.454857,1.468147,1635398
2019-01-14,1.462829,1.470811,1.454857,1.460175,1669028
2019-01-15,1.460175,1.478793,1.452192,1.476129,2337217
2019-01-16,1.484112,1.486766,1.473465,1.478793,2019408
2019-01-17,1.476129,1.478793,1.460175,1.460175,840692
2019-01-18,1.460175,1.473465,1.457511,1.473465,1939206
2019-01-21,1.478793,1.486766,1.470811,1.481448,1696006
2019-01-22,1.478793,1.481448,1.460175,1.465493,1955400
2019-01-23,1.462829,1.468147,1.457511,1.465493,1147352
2019-01-24,1.465493,1.481448,1.462829,1.476129,1687964
2019-01-25,1.478793,1.481448,1.465493,1.468147,2570803
2019-01-28,1.470811,1.478793,1.452193,1.454857,1759940
2019-01-29,1.444210,1.446874,1.406973,1.428256,3780262
2019-01-30,1.425592,1.430910,1.406973,1.409637,2602131
2019-01-31,1.404319,1.414955,1.380382,1.388364,4582864
2019-02-01,1.393683,1.428256,1.393683,1.428256,2596794
2019-02-11,1.430910,1.470811,1.422938,1.470811,4661640
2019-02-12,1.470811,1.494748,1.465493,1.489430,7349931
2019-02-13,1.497402,1.521349,1.486766,1.516021,6102674
2019-02-14,1.518685,1.529321,1.502730,1.521349,5608451
2019-02-15,1.516021,1.531985,1.489430,1.516021,6891495
2019-02-18,1.526667,1.577195,1.526667,1.574541,6474804
2019-02-19,1.569222,1.590495,1.558576,1.582513,9387361
2019-02-20,1.579859,1.582513,1.561240,1.579859,6372450
2019-02-21,1.574541,1.611778,1.571877,1.577195,6279893
2019-02-22,1.571877,1.611778,1.566558,1.611778,5287096
2019-02-25,1.646351,1.704861,1.630396,1.704861,8134511
2019-02-26,1.715497,1.742098,1.678270,1.702207,12444528
2019-02-27,1.688906,1.718161,1.670288,1.688906,7182692
2019-02-28,1.688906,1.712843,1.683588,1.696889,3895081
2019-03-01,1.696889,1.715498,1.683588,1.710179,7918361
2019-03-04,1.718161,1.776671,1.718161,1.747416,10868021
2019-03-05,1.742098,1.805936,1.734116,1.805936,5368504
2019-03-06,1.813909,1.861782,1.789972,1.845828,19365779
2019-03-07,1.843164,1.896365,1.832527,1.883065,16687613
2019-03-08,1.859128,1.891037,1.797954,1.816573,19393817
2019-03-11,1.792636,1.883065,1.792636,1.880401,14128325
2019-03-12,1.891037,1.933593,1.883065,1.922956,16201615
2019-03-13,1.912320,1.928275,1.853810,1.869765,11281787
2019-03-14,1.843164,1.869765,1.792636,1.813909,9936051
2019-03-15,1.819227,1.856464,1.819227,1.840509,9491762
2019-03-18,1.840509,1.888383,1.827209,1.885719,7660137
2019-03-19,1.893701,1.901684,1.875083,1.888383,9316992
2019-03-20,1.885719,1.893701,1.845828,1.883065,8976446
2019-03-21,1.880401,1.925620,1.880401,1.912320,12311554
2019-03-22,1.909656,1.920302,1.875083,1.917638,6698887
2019-03-25,1.888383,1.925620,1.875083,1.901683,5376838
2019-03-26,1.904338,1.914974,1.837846,1.845828,11178190
2019-03-27,1.851146,1.864446,1.816573,1.859128,12177298
2019-03-28,1.856464,1.872429,1.829873,1.832527,9448700
2019-03-29,1.832527,1.891037,1.816573,1.888383,10612136
2019-04-01,1.899020,1.965512,1.896365,1.965512,13374195
2019-04-02,1.965512,1.994767,1.957530,1.976148,11087460
2019-04-03,1.973494,1.992113,1.944239,1.992113,8381477
2019-04-04,1.994767,2.010731,1.978812,2.002749,10146571
2019-04-08,2.008067,2.037322,1.954875,1.984130,11549040
2019-04-09,1.970830,1.997431,1.965512,1.992113,8471073
2019-04-10,1.989449,2.008067,1.965512,1.986794,11556717
2019-04-11,1.986794,1.992113,1.941575,1.944239,9539173
2019-04-12,1.946893,1.954875,1.933593,1.949557,11656476
2019-04-15,1.968176,1.984130,1.928275,1.933593,8261064
2019-04-16,1.922956,1.976148,1.907002,1.973494,9434005
2019-04-17,1.968176,2.002749,1.965512,1.992113,10606104
2019-04-18,1.976148,2.000085,1.973494,1.981466,10982986
2019-04-19,1.968176,2.000085,1.957530,2.000085,10908962
2019-04-22,1.989449,2.000085,1.965512,1.973494,9513585
2019-04-23,1.973494,1.973494,1.930939,1.938921,9752582
2019-04-24,1.949557,1.965512,1.920302,1.962857,8948335
2019-04-25,1.954875,1.960194,1.877747,1.883065,11618349
2019-04-26,1.883065,1.888383,1.859128,1.861782,10344151
2019-05-06,1.715498,1.808591,1.654333,1.664970,14803788
2019-05-07,1.675606,1.712843,1.664970,1.694225,11419892
2019-05-08,1.662306,1.718161,1.646351,1.691561,14348715
2019-05-09,1.691561,1.696889,1.643687,1.675606,5363569
2019-05-10,1.702207,1.742098,1.659651,1.742098,12765116
2019-05-13,1.715497,1.739434,1.699543,1.723480,5345694
2019-05-14,1.704861,1.734116,1.686242,1.715497,7871863
2019-05-15,1.726144,1.760717,1.726144,1.755399,5960549
2019-05-16,1.755399,1.771353,1.750080,1.766035,6258801
2019-05-17,1.768699,1.771353,1.696889,1.707525,7692890
2019-05-20,1.694225,1.704861,1.664970,1.699543,9005068
2019-05-21,1.702207,1.739434,1.688907,1.731462,11334170
2019-05-22,1.734116,1.742098,1.710179,1.728798,5630823
2019-05-23,1.715497,1.720825,1.680924,1.688906,5477182
2019-05-24,1.675606,1.691561,1.662306,1.667624,7540492
2019-05-27,1.670288,1.720825,1.659651,1.718161,8656005
2019-05-28,1.715497,1.736780,1.702207,1.715497,10189706
2019-05-29,1.715498,1.736780,1.710179,1.720826,3333779
2019-05-30,1.710179,1.715497,1.688906,1.712843,6081619
2019-05-31,1.712843,1.728798,1.704861,1.710179,3269223
2019-06-03,1.718161,1.720825,1.675606,1.688906,10790451
2019-06-04,1.688906,1.688906,1.649005,1.654333,10821706
2019-06-05,1.667624,1.683588,1.654333,1.659652,2256211
2019-06-06,1.667624,1.670288,1.611778,1.617096,10452975
2019-06-10,1.619750,1.643687,1.614432,1.638369,7852306
2019-06-11,1.638369,1.702207,1.635715,1.702207,13277105
2019-06-12,1.707525,1.710179,1.686242,1.688906,4985736
2019-06-13,1.680924,1.707525,1.680924,1.699543,10040306
2019-06-14,1.699543,1.707525,1.659651,1.662306,6861885
2019-06-17,1.667624,1.670288,1.651669,1.659652,9301529
2019-06-18,1.656988,1.667624,1.649005,1.659652,1872164
2019-06-19,1.702207,1.715497,1.680924,1.683588,10432724
2019-06-20,1.680924,1.723480,1.672942,1.712843,15530867
2019-06-21,1.776671,1.776671,1.720825,1.744762,39207943
2019-06-24,1.744762,1.750080,1.728798,1.739434,11090275
2019-06-25,1.739434,1.739434,1.702207,1.723480,13654682
2019-06-26,1.712843,1.736780,1.702207,1.723480,6980433
2019-06-27,1.723480,1.747416,1.723480,1.739434,9712079
2019-06-28,1.742098,1.742098,1.704861,1.712843,7174833
2019-07-01,1.744762,1.768699,1.736780,1.768699,15231153
2019-07-02,1.768699,1.774017,1.758053,1.768699,6533329
2019-07-03,1.758053,1.763381,1.744762,1.755399,8251816
2019-07-04,1.752735,1.760717,1.734116,1.744762,8217345
2019-07-05,1.744762,1.755399,1.736780,1.752735,9801419
2019-07-08,1.723480,1.747416,1.683588,1.691561,9156699
2019-07-09,1.688906,1.702207,1.683588,1.699543,11903368
2019-07-10,1.688906,1.704861,1.678270,1.686242,5266991
2019-07-11,1.688906,1.704861,1.675606,1.683588,6485478
2019-07-12,1.680924,1.694225,1.675606,1.688906,12477428
2019-07-15,1.680924,1.710179,1.664970,1.702207,5742279
2019-07-16,1.699543,1.712843,1.694225,1.710179,4533734
2019-07-17,1.704861,1.720825,1.702207,1.712843,3963805
2019-07-18,1.712843,1.712843,1.683588,1.686242,7190076
2019-07-19,1.686242,1.710179,1.686242,1.702207,28759171
2019-07-22,1.702207,1.710179,1.649005,1.662306,105387663
2019-07-23,1.664970,1.696889,1.664970,1.696889,76548436
2019-07-24,1.702207,1.731462,1.702207,1.715497,41294392
2019-07-25,1.715497,1.731462,1.715497,1.728798,18876381
2019-07-26,1.728798,1.731462,1.718162,1.731462,3261364
2019-07-29,1.723480,1.736780,1.720825,1.728798,3205581
2019-07-30,1.720825,1.747416,1.720825,1.736780,8101831
2019-07-31,1.731462,1.734116,1.720825,1.723480,5746519
2019-08-01,1.718161,1.728798,1.710179,1.715497,7238511
2019-08-02,1.688906,1.694225,1.672942,1.691561,8373837
2019-08-05,1.680924,1.702207,1.667624,1.672942,8944606
2019-08-06,1.656987,1.656987,1.590495,1.627732,11249618
2019-08-07,1.633051,1.643687,1.625069,1.625069,7855012
2019-08-08,1.630396,1.651669,1.630396,1.646351,54751823
2019-08-09,1.656987,1.664970,1.635715,1.638369,16622034
2019-08-12,1.641033,1.667624,1.633051,1.664970,17869839
2019-08-13,1.654333,1.664970,1.651669,1.659652,8768923
2019-08-14,1.670288,1.683588,1.670288,1.672942,7033145
2019-08-15,1.646351,1.680924,1.630396,1.678270,8600916
2019-08-16,1.672942,1.702207,1.672942,1.691561,9526964
2019-08-19,1.702207,1.747416,1.702207,1.747416,10958092
2019-08-20,1.747416,1.763381,1.739434,1.744762,7583042
2019-08-21,1.744762,1.752735,1.739434,1.747416,3341237
2019-08-22,1.747416,1.755399,1.736780,1.755399,9149790
2019-08-23,1.755399,1.760717,1.744762,1.750080,4063344
2019-08-26,1.718161,1.747416,1.715497,1.742098,5017137
2019-08-27,1.766035,1.781990,1.742098,1.776672,9466941
2019-08-28,1.774017,1.779335,1.758053,1.768699,5443076
2019-08-29,1.776671,1.781990,1.768699,1.771353,5037352
2019-08-30,1.774017,1.781990,1.739434,1.750080,9502436
2019-09-02,1.750080,1.795290,1.742098,1.792636,8753680
2019-09-03,1.789972,1.805936,1.789972,1.805936,6926697
2019-09-04,1.797954,1.824545,1.797954,1.824545,6245568
2019-09-05,1.835191,1.861782,1.816573,1.835191,9386520
2019-09-06,1.840509,1.851146,1.832527,1.845828,5019330
2019-09-09,1.867100,1.901683,1.853810,1.901683,7174028
2019-09-10,1.901683,1.907002,1.880401,1.901683,7431558
2019-09-11,1.912320,1.912320,1.877747,1.880401,5847009
2019-09-12,1.880401,1.896365,1.872428,1.893701,6929878
2019-09-16,1.901684,1.909656,1.883065,1.896365,5649977
2019-09-17,1.893701,1.893701,1.845828,1.859128,6651804
2019-09-18,1.853810,1.861782,1.845828,1.853810,4656559
2019-09-19,1.851146,1.872428,1.843164,1.869765,6407726
2019-09-20,1.875083,1.880401,1.864446,1.872428,3431491
2019-09-23,1.875083,1.875083,1.840509,1.861782,4755806
2019-09-24,1.856464,1.880401,1.853810,1.864446,8129759
2019-09-25,1.861782,1.861782,1.827209,1.829873,7308185
2019-09-26,1.835191,1.835191,1.771353,1.771353,8863527
2019-09-27,1.774017,1.795290,1.771353,1.787318,9511867
2019-09-30,1.792636,1.792636,1.763381,1.763381,9059974
2019-10-08,1.766035,1.784654,1.766035,1.768699,3935840
2019-10-09,1.768699,1.787318,1.755399,1.784654,5199254
2019-10-10,1.784654,1.813909,1.776672,1.811255,7332494
2019-10-11,1.819227,1.821891,1.797954,1.813909,5616530
2019-10-14,1.829873,1.845828,1.824545,1.840509,5789362
2019-10-15,1.835191,1.835191,1.811255,1.816573,7946545
2019-10-16,1.819227,1.824545,1.803272,1.803272,7084615
2019-10-17,1.805936,1.811254,1.797954,1.803272,5384149
2019-10-18,1.808590,1.821891,1.774017,1.781990,6852089
2019-10-21,1.787318,1.795290,1.755399,1.771353,8087684
2019-10-22,1.771353,1.795290,1.771353,1.792636,10921428
2019-10-23,1.795290,1.795290,1.774017,1.779335,5496702
2019-10-24,1.779336,1.781990,1.763381,1.776672,5122233
2019-10-25,1.776671,1.795290,1.763381,1.789972,8926402
2019-10-28,1.808590,1.837846,1.808590,1.837846,11958639
2019-10-29,1.848482,1.848482,1.813909,1.816573,12429943
2019-10-30,1.811254,1.811254,1.792636,1.800608,11570791
2019-10-31,1.800608,1.800608,1.776671,1.779335,6446291
2019-11-01,1.776671,1.797954,1.768699,1.795290,3720604
2019-11-04,1.795290,1.816573,1.795290,1.805936,8461020
2019-11-05,1.805936,1.816573,1.795290,1.813909,4156706
2019-11-06,1.813909,1.813909,1.787318,1.795290,6040604
2019-11-07,1.795290,1.811254,1.789972,1.805936,5027957
2019-11-08,1.819227,1.821891,1.800608,1.805936,15366040
2019-11-11,1.803272,1.803272,1.752735,1.758053,8290857
2019-11-12,1.766035,1.766035,1.736780,1.760717,6959670
2019-11-13,1.774017,1.774017,1.747416,1.755399,3358344
2019-11-14,1.755399,1.771353,1.752735,1.763381,5196439
2019-11-15,1.766035,1.768699,1.744762,1.747416,10245891
2019-11-18,1.742098,1.760717,1.736780,1.758053,8828873
2019-11-19,1.760717,1.797954,1.760717,1.795290,9369302
2019-11-20,1.795290,1.797954,1.779335,1.779335,8963067
2019-11-21,1.779335,1.792636,1.768699,1.781990,7851941
2019-11-22,1.776672,1.800608,1.750081,1.760717,7940623
2019-11-25,1.758053,1.758053,1.734116,1.747416,7660612
2019-11-26,1.744762,1.758053,1.742098,1.747416,4906193
2019-11-27,1.747416,1.755399,1.736780,1.750080,7533181
2019-11-28,1.750080,1.755399,1.742098,1.744762,6529308
2019-11-29,1.744762,1.747416,1.728798,1.742098,8086880
2019-12-02,1.744762,1.755399,1.742098,1.747416,4835093
2019-12-03,1.744762,1.758053,1.731462,1.758053,5390510
2019-12-04,1.755399,1.763381,1.744762,1.760717,6723013
2019-12-05,1.766035,1.784654,1.760717,1.776672,7847006
2019-12-06,1.779335,1.792636,1.776671,1.792636,5435217
2019-12-09,1.795290,1.800608,1.789972,1.795290,10510878
2019-12-10,1.792636,1.808590,1.784654,1.803272,7665766
2019-12-11,1.808590,1.808590,1.797954,1.797954,9295425
2019-12-12,1.800608,1.811254,1.797954,1.797954,11021150
2019-12-13,1.811254,1.827209,1.808590,1.827209,7832567
2019-12-16,1.832527,1.861782,1.827209,1.859128,10847916
2019-12-17,1.864446,1.888383,1.859128,1.880401,8810559
2019-12-18,1.877747,1.896365,1.872428,1.880401,8066117
2019-12-19,1.883065,1.896365,1.880401,1.896365,8589877
2019-12-20,1.891037,1.896365,1.869765,1.869765,7399280
2019-12-23,1.869765,1.869765,1.824545,1.824545,9904906
2019-12-24,1.827209,1.861782,1.827209,1.861782,12683598
2019-12-25,1.853810,1.875083,1.853810,1.875083,7986719
2019-12-26,1.875083,1.891037,1.869764,1.891037,8996295
2019-12-27,1.888383,1.899019,1.869764,1.875083,8231747
2019-12-30,1.875083,1.888383,1.843164,1.888383,9083077
2019-12-31,1.885719,1.901684,1.875083,1.899020,3628267
2020-01-02,1.920302,1.938921,1.904338,1.936257,11501373
2020-01-03,1.941575,1.946893,1.930939,1.944239,4432769
2020-01-06,1.936257,1.978812,1.928275,1.962857,7303397
2020-01-07,1.957530,1.994767,1.957530,1.994767,5494984
2020-01-08,1.970830,1.970830,1.970830,1.970830,6055043
2020-01-09,1.984130,2.000085,1.981466,1.997431,8320942
2020-01-10,2.000085,2.005413,1.984130,1.994767,7294477
2020-01-13,1.994767,2.021368,1.981466,2.021368,5976852
2020-01-14,2.016049,2.016049,2.016049,2.016049,6218883
2020-01-15,2.016049,2.021368,1.978812,2.013385,6083666
2020-01-16,2.018704,2.024022,2.010731,2.016049,7612652
2020-01-17,2.016049,2.024022,2.002749,2.005413,10660315
2020-01-20,2.005413,2.034668,2.002749,2.034668,6326026
2020-01-21,2.034668,2.034668,2.013385,2.013385,10343859
2020-01-22,2.005413,2.032004,1.976148,2.026686,8478494
2020-01-23,2.018704,2.018704,1.930939,1.954875,12790814
2020-02-03,1.776672,1.821891,1.760717,1.760717,6502221
2020-02-04,1.750080,1.848482,1.750080,1.784654,6511725
2020-02-05,1.781990,1.861782,1.781990,1.845828,10479258
2020-02-06,1.848482,1.904338,1.827209,1.896365,7564545
2020-02-07,1.883065,1.920302,1.883065,1.914974,8046121
2020-02-10,1.899020,1.946893,1.899020,1.941575,7169751
2020-02-11,1.941575,1.944239,1.920302,1.936257,6842767
2020-02-12,1.933593,1.981466,1.925620,1.981466,5628885
2020-02-13,1.970830,1.989449,1.962857,1.970830,7271045
2020-02-14,1.968176,1.997431,1.954875,1.978812,8386850
2020-02-17,1.981466,2.055941,1.981466,2.053287,10720960
2020-02-18,2.058605,2.106478,2.053286,2.106478,10992381
2020-02-19,2.106478,2.114461,2.079878,2.090514,13144264
2020-02-20,2.087860,2.125097,2.066577,2.122433,8636667
2020-02-21,2.119779,2.175625,2.117115,2.170306,11281531
2020-02-24,2.162334,2.226162,2.159670,2.212862,19557473
2020-02-25,2.175625,2.228826,2.111797,2.223498,15074039
2020-02-26,2.170306,2.212862,2.143715,2.151688,9684333
2020-02-27,2.159670,2.180953,2.122433,2.151688,10945152
2020-02-28,2.098496,2.103814,2.016049,2.018703,16654019
2020-03-02,2.032004,2.130415,2.024022,2.127751,13898174
2020-03-03,2.167652,2.191589,2.122433,2.143716,11340677
2020-03-04,2.119779,2.159670,2.106478,2.154352,12909947
2020-03-05,2.183607,2.194243,2.164988,2.191589,9965332
2020-03-06,2.167652,2.194243,2.159670,2.178289,6855963
2020-03-09,2.138397,2.149034,2.087860,2.090514,6833482
2020-03-10,2.074559,2.146370,2.032004,2.146370,6996298
2020-03-11,2.151688,2.167653,2.114461,2.117115,6198083
2020-03-12,2.095842,2.127751,2.047959,2.069241,6548483
2020-03-13,2.016049,2.077223,1.965512,2.055941,7694133
2020-03-16,2.063923,2.071905,1.949557,1.954875,8927681
2020-03-17,1.973494,1.984130,1.888383,1.952211,17107850
2020-03-18,1.957530,2.000085,1.920302,1.922956,14310588
2020-03-19,1.907002,1.952211,1.885719,1.941575,8761173
2020-03-20,1.957530,1.968176,1.928275,1.968176,6997833
2020-03-23,1.914974,1.930939,1.867101,1.880401,6902425
2020-03-24,1.909656,1.933593,1.853810,1.909656,6943403
2020-03-25,1.944239,1.957530,1.920302,1.954875,7505144
2020-03-26,1.928275,1.960194,1.928275,1.938921,3813710
2020-03-27,1.957530,1.960194,1.920302,1.928275,4508621
2020-03-30,1.914974,1.917638,1.856464,1.875083,6811512
2020-03-31,1.896365,1.896365,1.872428,1.875083,6854318
2020-04-01,1.875083,1.899020,1.867101,1.869765,6810745
2020-04-02,1.859128,1.917638,1.859128,1.917638,4348729
2020-04-03,1.917638,1.922956,1.893701,1.904338,3030081
2020-04-07,1.936257,1.973494,1.933593,1.973494,6743082
2020-04-08,1.968176,1.986794,1.957530,1.976148,3312651
2020-04-09,1.981466,2.008067,1.981466,2.000085,6298171
2020-04-10,2.005413,2.005413,1.946893,1.968176,10111479
2020-04-13,1.949557,1.949557,1.922956,1.933593,6227583
2020-04-14,1.936257,1.970830,1.936257,1.970830,8105011
2020-04-15,1.970830,1.981466,1.954875,1.954875,6374790
2020-04-16,1.954875,1.981466,1.944239,1.976148,4764798
2020-04-17,1.984130,1.994767,1.973494,1.978812,4588384
2020-04-20,1.981466,2.016049,1.981466,2.016049,7776601
2020-04-21,1.997431,2.008067,1.981466,2.000085,4946038
2020-04-22,1.981466,2.021368,1.978812,2.018703,5060162
2020-04-23,2.021368,2.026686,2.005413,2.008067,4366093
2020-04-24,2.008067,2.008067,1.960194,1.976148,5530077
2020-04-27,1.973494,1.976148,1.952211,1.960194,4137222
2020-04-28,1.960194,1.962857,1.875083,1.933593,6889777
2020-04-29,1.930939,1.946893,1.917638,1.933593,3512643
2020-04-30,1.936257,1.984131,1.936257,1.981466,5655314
2020-05-06,1.960193,2.021368,1.960193,2.018703,5515492
2020-05-07,2.002749,2.032004,2.002749,2.016049,3678054
2020-05-08,2.021368,2.050623,2.021368,2.042640,4077856
2020-05-11,2.045304,2.058605,2.026686,2.037322,3186134
2020-05-12,2.037322,2.042640,2.013385,2.042640,5300548
2020-05-13,2.037322,2.061259,2.029350,2.058605,3255588
2020-05-14,2.058605,2.061259,2.039986,2.042640,2104800
2020-05-15,2.045304,2.063923,2.039986,2.053287,2932186
2020-05-18,2.053287,2.061259,2.034668,2.039986,3315465
2020-05-19,2.047959,2.071905,2.047959,2.071905,4843940
2020-05-20,2.071905,2.071905,2.042640,2.055941,7068311
2020-05-21,2.055941,2.055941,2.016049,2.021368,5610315
2020-05-22,2.021367,2.021367,1.976148,1.984130,3396581
2020-05-25,1.981466,1.989449,1.970830,1.984130,3795359
2020-05-26,1.986794,2.029350,1.984130,2.029350,4989977
2020-05-27,2.029350,2.032004,2.008067,2.016049,4765017
2020-05-28,2.013385,2.021368,1.984130,2.010731,3089994
2020-05-29,2.000085,2.042640,1.994767,2.034668,3473017
2020-06-01,2.037322,2.101160,2.024022,2.101160,5124865
2020-06-02,2.103815,2.111797,2.090514,2.098496,3798540
2020-06-03,2.114461,2.114461,2.095842,2.095842,4984091
2020-06-04,2.098496,2.111797,2.093178,2.109133,6043967
2020-06-05,2.109132,2.111796,2.085196,2.106478,3570108
2020-06-08,2.114460,2.122433,2.101160,2.106478,4640438
2020-06-09,2.106478,2.119779,2.098496,2.119779,8315678
2020-06-10,2.114461,2.117115,2.101160,2.117115,3710990
2020-06-11,2.117115,2.141052,2.101160,2.111797,8853950
2020-06-12,2.085196,2.119779,2.069241,2.114460,4501858
2020-06-15,2.114460,2.138397,2.109132,2.114460,7945887
2020-06-16,2.119779,2.157006,2.119779,2.157006,6085421
2020-06-17,2.154352,2.167652,2.146370,2.164988,6976339
2020-06-18,2.164988,2.164988,2.151688,2.159670,7310671
2020-06-19,2.159670,2.180953,2.157006,2.178289,8979663
2020-06-22,2.183607,2.194244,2.180953,2.188925,3883457
2020-06-23,2.194243,2.194243,2.178289,2.194243,8522652
2020-06-24,2.194244,2.199562,2.178289,2.186271,4491732
2020-06-29,2.188925,2.188925,2.170306,2.183607,2985849
2020-06-30,2.183607,2.220844,2.183607,2.215526,3542618
2020-07-01,2.220844,2.234145,2.202226,2.228827,4920449
2020-07-02,2.228826,2.255417,2.220844,2.255417,5673665
2020-07-03,2.258081,2.284672,2.247445,2.284672,8862687
2020-07-06,2.308609,2.393720,2.295319,2.380430,10079018
2020-07-07,2.407020,2.446922,2.383084,2.409684,8056064
2020-07-08,2.388402,2.462876,2.388402,2.457558,6719649
2020-07-09,2.468195,2.545323,2.460212,2.542669,14185241
2020-07-10,2.524051,2.563942,2.516068,2.534687,9768483
2020-07-13,2.513414,2.659689,2.513414,2.657035,10638090
2020-07-14,2.646398,2.649053,2.555969,2.617134,12029995
2020-07-15,2.587879,2.649053,2.510750,2.529369,9310924
2020-07-16,2.518732,2.550641,2.393720,2.404366,8113236
2020-07-17,2.404366,2.460212,2.380429,2.417657,8717052
2020-07-20,2.433621,2.497450,2.415003,2.497450,8196764
2020-07-21,2.502768,2.526704,2.492131,2.516068,5666610
2020-07-22,2.516068,2.563942,2.505432,2.542669,5867260
2020-07-23,2.516068,2.545323,2.470858,2.540005,5792944
2020-07-24,2.526705,2.550642,2.412339,2.420321,6405789
2020-07-27,2.409684,2.441594,2.396384,2.422985,4906302
2020-07-28,2.433621,2.460212,2.428303,2.449576,5380750
2020-07-29,2.446922,2.529369,2.436276,2.526705,5549122
2020-07-30,2.532023,2.540005,2.508086,2.518732,4755038
2020-07-31,2.518732,2.563942,2.497450,2.561288,5776640
2020-08-03,2.574578,2.649053,2.574578,2.646399,6382008
2020-08-04,2.659689,2.675653,2.614480,2.633098,12120834
2020-08-05,2.627780,2.659689,2.603843,2.654371,6199655
2020-08-06,2.675653,2.675653,2.611815,2.670335,9220450
2020-08-07,2.659689,2.659689,2.579906,2.627780,11437913
2020-08-10,2.614479,2.657035,2.606497,2.641070,6221661
2020-08-11,2.641070,2.646398,2.574578,2.579906,6717310
2020-08-12,2.579906,2.579906,2.476177,2.537351,5592696
2020-08-13,2.537351,2.563942,2.537351,2.547987,3795506
2020-08-14,2.550641,2.585224,2.529369,2.585224,3807825
2020-08-17,2.585224,2.646398,2.582560,2.641070,7035851
2020-08-18,2.649053,2.667671,2.638416,2.667671,5447536
2020-08-19,2.665017,2.665017,2.606497,2.617134,4748641
2020-08-20,2.614480,2.614480,2.566606,2.577242,4029129
2020-08-21,2.585224,2.614479,2.579906,2.601179,13989196
2020-08-24,2.606497,2.641070,2.579906,2.630434,15552617
2020-08-25,2.641071,2.654371,2.622462,2.633098,4963548
2020-08-26,2.630434,2.630434,2.555970,2.563942,5202581
2020-08-27,2.574578,2.601179,2.553305,2.598515,5582204
2020-08-28,2.590543,2.635752,2.582560,2.635752,6701226
2020-08-31,2.649053,2.667671,2.635752,2.635752,7105597
2020-09-01,2.641070,2.651717,2.622462,2.651717,4870113
2020-09-02,2.654371,2.670335,2.633098,2.662353,6166500
2020-09-03,2.662353,2.665017,2.622462,2.633098,4010888
2020-09-04,2.611815,2.633098,2.587879,2.633098,4945965
2020-09-07,2.627780,2.651717,2.574578,2.582561,4825589
2020-09-08,2.579906,2.606497,2.561288,2.606497,5033404
2020-09-09,2.593197,2.593197,2.516068,2.521386,6171763
2020-09-10,2.534687,2.540005,2.425639,2.438939,5345072
2020-09-11,2.425639,2.478831,2.422985,2.476177,5031503
2020-09-14,2.484149,2.524050,2.476177,2.508086,3530884
2020-09-15,2.510750,2.529369,2.502768,2.526705,4731606
2020-09-16,2.526705,2.526705,2.489477,2.505432,4480071
2020-09-17,2.505432,2.537351,2.484149,2.518732,10135239
2020-09-18,2.518732,2.561288,2.516068,2.561288,5291300
2020-09-21,2.561288,2.574578,2.553305,2.561288,4915770
2020-09-22,2.545323,2.558624,2.505432,2.510750,11185135
2020-09-23,2.516068,2.542669,2.500114,2.537351,9951697
2020-09-24,2.524050,2.524050,2.465531,2.470858,23040543
2020-09-25,2.473513,2.518732,2.441594,2.457558,19101340
2020-09-28,2.452240,2.460212,2.422985,2.428303,7411051
2020-09-29,2.425639,2.462876,2.425639,2.452240,9913058
2020-09-30,2.452240,2.462876,2.425639,2.438939,33168837
2020-10-09,2.462876,2.518732,2.462876,2.510750,37120798
2020-10-12,2.513414,2.601179,2.513414,2.598515,22249055
2020-10-13,2.598515,2.611815,2.577242,2.609161,16990362
2020-10-14,2.609161,2.609161,2.577242,2.582561,7232882
2020-10-15,2.582560,2.587879,2.561288,2.561288,3337983
2020-10-16,2.563942,2.585224,2.529368,2.555969,5068095
2020-10-19,2.563942,2.571924,2.529369,2.537351,7336771
2020-10-20,2.537351,2.566606,2.513414,2.566606,8563484
2020-10-21,2.566606,2.569260,2.513414,2.529369,9348905
2020-10-22,2.526705,2.526705,2.486813,2.513414,7934592
2020-10-23,2.513414,2.526704,2.454894,2.468194,8828581
2020-10-26,2.468195,2.473513,2.422985,2.465531,9219573
2020-10-27,2.452240,2.484149,2.452240,2.484149,9541330
2020-10-28,2.484149,2.486813,2.438939,2.481495,10502983
2020-10-29,2.446922,2.489477,2.433621,2.484149,8925488
2020-10-30,2.486813,2.489477,2.417657,2.420321,9261648
2020-11-02,2.446922,2.446922,2.401702,2.420321,9480832
2020-11-03,2.422985,2.476177,2.422985,2.473513,12689739
2020-11-04,2.481495,2.484149,2.444257,2.460212,11572436
2020-11-05,2.473513,2.513414,2.473513,2.508086,10875186
2020-11-06,2.516068,2.516068,2.468194,2.486813,12696685
2020-11-09,2.497450,2.558624,2.497450,2.547987,13940432
2020-11-10,2.558624,2.558624,2.508086,2.521386,11613633
2020-11-11,2.524050,2.524050,2.478831,2.478831,11445846
2020-11-12,2.476177,2.500113,2.476177,2.486813,10779667
2020-11-13,2.484149,2.500114,2.468195,2.492131,11393938
2020-11-16,2.494795,2.524050,2.486813,2.524050,10267130
2020-11-17,2.516068,2.518732,2.476177,2.492131,12820021
2020-11-18,2.494795,2.510750,2.484149,2.497450,10587681
2020-11-19,2.484149,2.513414,2.476177,2.510750,10183309
2020-11-20,2.510750,2.534687,2.500114,2.529369,12797138
2020-11-23,2.529369,2.555970,2.516068,2.550642,14296258
2020-11-24,2.550641,2.550641,2.537351,2.540005,10101389
2020-11-25,2.542669,2.547987,2.500113,2.500113,10001156
2020-11-26,2.500114,2.505432,2.468195,2.481495,12876279
2020-11-27,2.484149,2.489477,2.460213,2.489477,9576240
2020-11-30,2.486813,2.497450,2.462876,2.476177,11527802
2020-12-01,2.476177,2.513414,2.462876,2.513414,11081136
2020-12-02,2.513414,2.521386,2.502768,2.516068,10347880
2020-12-03,2.508086,2.521386,2.494795,2.510750,8327631
2020-12-04,2.508086,2.534687,2.500113,2.532023,11854092
2020-12-07,2.537351,2.537351,2.518732,2.524050,8445558
2020-12-08,2.526705,2.529369,2.516068,2.518732,10837717
2020-12-09,2.518732,2.518732,2.470858,2.476177,7601941
2020-12-10,2.476177,2.489477,2.457558,2.476177,9285445
2020-12-11,2.473513,2.481495,2.417657,2.441594,10744684
2020-12-14,2.436276,2.468195,2.420321,2.462876,12353726
2020-12-15,2.460212,2.473513,2.454894,2.470858,7795317
2020-12-16,2.462876,2.470858,2.446922,2.446922,6582751
2020-12-17,2.446922,2.478831,2.425639,2.473513,9873579
2020-12-18,2.470858,2.484149,2.460212,2.468194,10558912
2020-12-21,2.468195,2.513414,2.462876,2.510750,12996180
2020-12-22,2.510750,2.510750,2.460212,2.462876,20296944
2020-12-23,2.500114,2.500114,2.457558,2.478831,26553918
2020-12-24,2.478831,2.478831,2.438939,2.449576,17567748
2020-12-25,2.433621,2.470858,2.428303,2.460212,48122464
2020-12-28,2.454894,2.462876,2.433621,2.452240,10543047
2020-12-29,2.449576,2.465531,2.433621,2.438939,10768006
2020-12-30,2.436275,2.452240,2.422985,2.444257,10996987
2020-12-31,2.457558,2.497450,2.449576,2.494795,33569882
2021-01-04,2.500114,2.550641,2.494795,2.542669,40997164
2021-01-05,2.537351,2.555970,2.518732,2.547987,24910332
2021-01-06,2.534687,2.553305,2.502768,2.521386,19082112
2021-01-07,2.521386,2.521386,2.457558,2.481495,22483153
2021-01-08,2.478831,2.500113,2.449576,2.468194,17561388
2021-01-11,2.460213,2.470859,2.415003,2.425639,19221789
2021-01-12,2.425639,2.476177,2.409684,2.473513,19324024
2021-01-13,2.473513,2.476176,2.430957,2.444257,15257335
2021-01-14,2.438940,2.468195,2.415003,2.441594,35904723
2021-01-15,2.441594,2.460212,2.415003,2.454894,24206209
2021-01-18,2.446922,2.513414,2.444258,2.508086,23342634
2021-01-19,2.518732,2.521386,2.476177,2.484149,22452264
2021-01-20,2.494795,2.502768,2.473513,2.497450,20326408
2021-01-21,2.489477,2.540005,2.489477,2.526705,21085107
2021-01-22,2.529369,2.529369,2.500114,2.521386,20623454
2021-01-25,2.526705,2.526705,2.492131,2.494795,16628358
2021-01-26,2.486813,2.497449,2.454894,2.460212,15152340
2021-01-27,2.460212,2.462876,2.425639,2.457558,16712763
2021-01-28,2.436275,2.465531,2.409684,2.409684,26703830
2021-01-29,2.425639,2.430957,2.343192,2.375102,23568982
2021-02-01,2.375102,2.393720,2.364465,2.391066,11884286
2021-02-02,2.396384,2.412339,2.372447,2.412339,18131426
2021-02-03,2.412339,2.415003,2.372447,2.375102,14229290
2021-02-04,2.361811,2.367129,2.289991,2.324574,24893260
2021-02-05,2.321910,2.337874,2.279354,2.282018,21709450
2021-02-08,2.287336,2.308609,2.127751,2.292655,22358407
2021-02-09,2.292655,2.367129,2.289991,2.364465,30907399
2021-02-10,2.367129,2.380430,2.348511,2.377766,27049713
2021-02-18,2.415003,2.433621,2.396384,2.428303,33796779
2021-02-19,2.425639,2.473513,2.404366,2.470858,33375958
2021-02-22,2.489477,2.518732,2.460212,2.473513,79184710
2021-02-23,2.436276,2.470858,2.425639,2.446922,47326459
2021-02-24,2.433621,2.468195,2.404366,2.430957,53216477
2021-02-25,2.452240,2.454894,2.407021,2.420321,32482042
2021-02-26,2.391066,2.407020,2.369783,2.383084,32517208
2021-03-01,2.385748,2.449576,2.385748,2.446922,42932532
2021-03-02,2.460212,2.462876,2.420321,2.446922,50001684
2021-03-03,2.444258,2.476177,2.430957,2.476177,36825946
2021-03-04,2.449576,2.468195,2.420321,2.436276,68896927
2021-03-05,2.409684,2.446922,2.399038,2.438939,40146618
2021-03-08,2.457558,2.460213,2.375102,2.377766,38931331
2021-03-09,2.367129,2.380429,2.271382,2.311273,42713750
2021-03-10,2.321910,2.335210,2.284672,2.284672,30401514
2021-03-11,2.287336,2.351165,2.279354,2.348511,35451002
2021-03-12,2.353829,2.356493,2.319255,2.353829,30279567
2021-03-15,2.340528,2.353829,2.308609,2.329892,39397371
2021-03-16,2.332546,2.356493,2.313938,2.356493,38685112
2021-03-17,2.351165,2.369783,2.327228,2.364465,34825035
2021-03-18,2.351165,2.383084,2.351165,2.367129,38545420
2021-03-19,2.345847,2.377766,2.337874,2.361811,43369437
2021-03-22,2.353829,2.404367,2.353829,2.401702,43138446
2021-03-23,2.401702,2.409685,2.361811,2.380430,45116583
2021-03-24,2.359147,2.369783,2.327228,2.329892,37596086
2021-03-25,2.327228,2.353829,2.311273,2.335210,53354275
2021-03-26,2.337874,2.383084,2.337874,2.375102,48232289
2021-03-29,2.383084,2.401702,2.377766,2.380430,34982843
2021-03-30,2.377766,2.383084,2.361811,2.377766,31266149
2021-03-31,2.369783,2.380430,2.359147,2.377766,34269399
2021-04-01,2.375102,2.399038,2.372447,2.391066,34068346
2021-04-02,2.401702,2.404366,2.388402,2.393720,32783328
2021-04-06,2.404366,2.425639,2.396384,2.422985,50583639
2021-04-07,2.425639,2.425639,2.401702,2.422985,47570155
2021-04-08,2.422985,2.425639,2.407020,2.417657,46358210
2021-04-09,2.409685,2.420321,2.404366,2.420321,62058729
2021-04-12,2.417657,2.420321,2.359147,2.361811,49316314
2021-04-13,2.361811,2.372447,2.343192,2.353829,47301439
2021-04-14,2.353829,2.388402,2.348511,2.385748,46972736
2021-04-15,2.383084,2.383084,2.359147,2.380430,35952318
2021-04-16,2.383084,2.415003,2.377766,2.412339,42970805
2021-04-19,2.409685,2.452240,2.401702,2.441594,54152979
2021-04-20,2.441594,2.457558,2.313937,2.436276,50956062
2021-04-21,2.417657,2.444258,2.415003,2.438939,45625685
2021-04-22,2.438939,2.452240,2.438939,2.449576,39735614
2021-04-23,2.452240,2.452240,2.428303,2.441594,43917433
2021-04-26,2.441594,2.468195,2.425639,2.425639,42797351
2021-04-27,2.422985,2.436276,2.396384,2.420321,45005273
2021-04-28,2.409685,2.436276,2.407020,2.433621,46524718
2021-04-29,2.436275,2.441594,2.422985,2.422985,44622981
2021-04-30,2.425639,2.425639,2.401702,2.417657,43150838
2021-05-06,2.404366,2.430957,2.404366,2.425639,48506109
2021-05-07,2.425639,2.428303,2.396384,2.399038,48797343
2021-05-10,2.399038,2.404366,2.385748,2.399038,51379624
2021-05-11,2.383084,2.407020,2.361811,2.399038,56505147
2021-05-12,2.391066,2.446922,2.388402,2.441594,47934316
2021-05-13,2.420321,2.438939,2.412339,2.417657,43697884
2021-05-14,2.425639,2.465531,2.417657,2.462876,49079218
2021-05-17,2.457558,2.468195,2.438939,2.446922,46255966
2021-05-18,2.441594,2.462876,2.436276,2.462876,46124880
2021-05-19,2.454894,2.465531,2.449576,2.457558,41462618
2021-05-20,2.457558,2.470858,2.446922,2.460212,38287232
2021-05-21,2.460212,2.473513,2.454894,2.468194,42200810
2021-05-24,2.460212,2.486813,2.457558,2.486813,40376204
2021-05-25,2.486813,2.521386,2.484149,2.513414,34902019
2021-05-26,2.513414,2.537351,2.510750,2.526705,42344288
2021-05-27,2.524050,2.555969,2.521386,2.555969,51031255
2021-05-28,2.558624,2.569260,2.534687,2.542669,54205765
2021-05-31,2.547987,2.598515,2.542669,2.598515,49948679
2021-06-01,2.598515,2.609161,2.582560,2.606497,46797528
2021-06-02,2.603843,2.609161,2.566606,2.571924,58152268
2021-06-03,2.569260,2.598515,2.563942,2.571924,46981839
2021-06-04,2.561288,2.595861,2.547987,2.587879,43612784
2021-06-07,2.593197,2.625116,2.590543,2.625116,50157810
2021-06-08,2.625116,2.633098,2.582560,2.606497,52183469
2021-06-09,2.593197,2.609161,2.590543,2.603843,47908800
2021-06-10,2.606497,2.649052,2.598515,2.643734,72806411
2021-06-11,2.643734,2.654371,2.614479,2.625116,62166054
2021-06-15,2.609161,2.622462,2.598515,2.606497,65940249
2021-06-16,2.601179,2.603843,2.550641,2.558624,56276167
2021-06-17,2.550642,2.601179,2.550642,2.598515,48930366
2021-06-18,2.587879,2.635752,2.587879,2.625116,57450130
2021-06-21,2.625116,2.680971,2.619798,2.678308,85240155
2021-06-22,2.686290,2.694272,2.659689,2.675653,62230245
2021-06-23,2.680971,2.710227,2.667671,2.707563,49701457
2021-06-24,2.704908,2.704908,2.665017,2.670335,64684913
2021-06-25,2.672989,2.694272,2.659689,2.683626,52039771
2021-06-28,2.688954,2.720863,2.678308,2.704908,60696653
2021-06-29,2.702245,2.715545,2.678308,2.683626,50688333
2021-06-30,2.680972,2.718209,2.641070,2.718209,54925971
2021-07-01,2.718209,2.736827,2.667671,2.672989,43573121
2021-07-02,2.659689,2.670335,2.611815,2.646399,70794460
2021-07-05,2.635752,2.696926,2.635752,2.696926,57001198
2021-07-06,2.694272,2.707563,2.643734,2.683626,78620301
2021-07-07,2.665017,2.726181,2.654371,2.726181,58627238
2021-07-08,2.726181,2.744800,2.720863,2.734164,61161267
2021-07-09,2.731509,2.758100,2.694272,2.744800,63001409
2021-07-12,2.752782,2.808638,2.752782,2.798002,61399715
2021-07-13,2.805974,2.821938,2.792673,2.819274,68725447
2021-07-14,2.824593,2.827256,2.776719,2.782037,83640984
2021-07-15,2.768737,2.782037,2.728845,2.774055,77803077
2021-07-16,2.774055,2.813956,2.760764,2.776719,74320117
2021-07-19,2.763419,2.787355,2.755446,2.774055,67230457
2021-07-20,2.744800,2.798002,2.744800,2.795337,59749623
2021-07-21,2.798002,2.856512,2.795337,2.845875,67759335
2021-07-22,2.851193,2.869812,2.827256,2.859166,52154079
2021-07-23,2.861830,2.875130,2.829911,2.843211,59159077
2021-07-26,2.837893,2.851193,2.744800,2.805974,78394098
2021-07-27,2.808638,2.837893,2.720863,2.726181,89944729
2021-07-28,2.723527,2.723527,2.601179,2.672989,78164606
2021-07-29,2.694272,2.790019,2.688954,2.776719,76115150
2021-07-30,2.776719,2.813956,2.752782,2.805974,74361205
2021-08-02,2.798002,2.869812,2.792674,2.867148,64853359
2021-08-03,2.848529,2.861830,2.803320,2.811292,69245917
2021-08-04,2.803320,2.888431,2.792674,2.883103,61229991
2021-08-05,2.872466,2.888431,2.848529,2.872466,62673278
2021-08-06,2.875130,2.888430,2.856511,2.888430,61093933
2021-08-09,2.883103,2.896403,2.845875,2.891085,72265141
2021-08-10,2.888431,2.917686,2.877784,2.915022,70596003
2021-08-11,2.915021,2.941622,2.888430,2.938958,63272063
2021-08-12,2.938958,2.968213,2.930986,2.960241,71212211
2021-08-13,2.957577,2.984178,2.936304,2.957577,81350923
2021-08-16,2.952259,2.952259,2.912367,2.920340,76699518
2021-08-17,2.909703,2.925658,2.832575,2.837893,80433727
2021-08-18,2.840547,2.875130,2.832575,2.867148,91154383
2021-08-19,2.853848,2.899067,2.829911,2.891085,77209936
2021-08-20,2.880448,2.904385,2.840547,2.901721,83427381
2021-08-23,2.904385,2.968213,2.899067,2.960241,102345523
2021-08-24,2.978859,3.002796,2.941622,2.989496,83496650
2021-08-25,2.984178,2.997478,2.960241,2.997478,80406341
2021-08-26,2.989496,3.002796,2.954923,2.960241,77597857
2021-08-27,2.949595,2.976195,2.928322,2.968213,95729064
2021-08-30,2.965559,3.018751,2.965559,2.981514,100502087
2021-08-31,2.976196,2.989496,2.952259,2.989496,94737327
2021-09-01,2.992150,2.994814,2.891085,2.933640,85278721
2021-09-02,2.928322,2.978859,2.909703,2.978859,73455591
2021-09-03,2.986832,3.005450,2.915021,2.946940,94114284
2021-09-06,2.946941,2.994814,2.912367,2.989496,75724048
2021-09-07,2.986832,3.053324,2.978859,3.045352,87638602
2021-09-08,3.042688,3.066624,3.037369,3.063970,73409897
2021-09-09,3.053324,3.061306,3.024069,3.048006,60227250
2021-09-10,3.048006,3.074607,3.024069,3.069288,93444387
2021-09-13,3.058643,3.077261,3.045352,3.071943,53698564
2021-09-14,3.071943,3.111844,3.050670,3.058643,68450992
2021-09-15,3.045352,3.087907,3.034706,3.085243,60665248
2021-09-16,3.098544,3.106526,2.986832,2.989496,108607829
2021-09-17,2.981514,3.010769,2.920340,2.994814,109689550
2021-09-22,2.962895,3.010769,2.954923,3.008115,60914123
2021-09-23,3.018751,3.037370,3.005451,3.016087,62818305
2021-09-24,3.016087,3.016087,2.962895,2.973541,76691581
2021-09-27,2.965559,2.984178,2.853848,2.877784,84152169
2021-09-28,2.875130,2.896403,2.861830,2.883103,58536472
2021-09-29,2.859166,2.867148,2.782037,2.790019,60101355
2021-09-30,2.795337,2.861830,2.792674,2.856512,60657978
2021-10-08,2.880448,2.904385,2.853848,2.872466,48250699
2021-10-11,2.859166,2.872466,2.835229,2.853848,53969802
2021-10-12,2.840547,2.845875,2.750118,2.782037,57242681
2021-10-13,2.768737,2.819274,2.760764,2.813956,48224217
2021-10-14,2.792674,2.848530,2.792674,2.837893,52678899
2021-10-15,2.829911,2.848529,2.813956,2.840547,37897738
2021-10-18,2.824593,2.869812,2.824593,2.867148,47778920
2021-10-19,2.864494,2.901721,2.853848,2.899067,48425578
2021-10-20,2.888430,2.917686,2.875130,2.909703,58365472
2021-10-21,2.901721,2.915021,2.883102,2.888430,48498359
2021-10-22,2.888431,2.907049,2.864494,2.869812,73189434
2021-10-25,2.875130,2.912367,2.861830,2.912367,47641145
2021-10-26,2.915022,2.930986,2.891085,2.907049,44666993
2021-10-27,2.893749,2.896403,2.859166,2.875130,50168630
2021-10-28,2.867148,2.867148,2.805974,2.811292,48381529
2021-10-29,2.808638,2.859166,2.795337,2.859166,41336065
2021-11-01,2.845875,2.891085,2.837893,2.880449,39103249
2021-11-02,2.875130,2.896403,2.819274,2.851193,45632667
2021-11-03,2.840547,2.856512,2.821938,2.853848,39934071
2021-11-04,2.856512,2.893749,2.856512,2.891085,36494428
2021-11-05,2.891085,2.893749,2.848530,2.851193,42912940
2021-11-08,2.851193,2.869812,2.837893,2.869812,50877139
2021-11-09,2.864494,2.915022,2.864494,2.909703,49768609
2021-11-10,2.909703,2.915021,2.869812,2.912367,54617666
2021-11-11,2.912367,2.946941,2.901721,2.941622,51284764
2021-11-12,2.941622,2.981514,2.933640,2.978859,61973848
2021-11-15,2.997478,3.000132,2.954922,2.968213,78359706
2021-11-16,2.965559,2.976196,2.925658,2.936304,64526703
2021-11-17,2.930986,2.992150,2.928322,2.992150,78174659
2021-11-18,2.989496,3.005450,2.965559,2.981514,89074153
2021-11-19,2.965559,3.021415,2.965559,3.018751,77371180
2021-11-22,3.018751,3.085243,3.018751,3.082579,94045706
2021-11-23,3.079925,3.082579,3.061306,3.074607,63254991
2021-11-24,3.071943,3.082579,3.055988,3.071943,70289709
2021-11-25,3.066624,3.074607,3.053324,3.061306,58075148
2021-11-26,3.055988,3.079925,3.048006,3.069288,55810383
2021-11-29,3.045352,3.098543,3.032051,3.095880,62536174
2021-11-30,3.106526,3.127799,3.087907,3.114498,115036940
2021-12-01,3.109180,3.117162,3.087907,3.117162,101601223
2021-12-02,3.106526,3.109180,3.071943,3.077261,79227808
2021-12-03,3.074607,3.106526,3.066624,3.095880,69617901
2021-12-06,3.095880,3.098543,3.048006,3.050670,100939614
2021-12-07,3.061306,3.087907,2.981514,3.002796,105716256
2021-12-08,3.008115,3.061306,3.008115,3.053324,78579249
2021-12-09,3.053324,3.071943,3.045352,3.071943,68624117
2021-12-10,3.061306,3.125135,3.053324,3.106526,54543131
2021-12-13,3.079925,3.093225,3.063970,3.082579,57811111
2021-12-14,3.069288,3.093225,3.066625,3.090561,64032809
2021-12-15,3.082579,3.098543,3.066624,3.079925,55393948
2021-12-16,3.085243,3.095880,3.071943,3.090561,46879338
2021-12-17,3.087907,3.090561,3.048006,3.050670,59653264
2021-12-20,3.029387,3.032052,2.989496,3.000133,55272732
2021-12-21,3.000132,3.037369,2.994814,3.037369,45783712
2021-12-22,3.045352,3.066624,3.032051,3.061306,68820271
2021-12-23,3.061306,3.074607,3.045352,3.061306,47128717
2021-12-24,3.061306,3.066625,3.005450,3.010769,59372010
2021-12-27,3.000132,3.029387,2.994814,3.010769,35615354
2021-12-28,3.016087,3.042688,3.005450,3.040034,44502276
2021-12-29,3.042688,3.048006,3.029387,3.040034,43246685
2021-12-30,3.034705,3.074607,3.032051,3.063970,43410378
2021-12-31,3.063970,3.106526,3.063970,3.101198,48798110
2022-01-04,3.103862,3.122480,3.071943,3.087907,64545895
2022-01-05,3.087907,3.087907,2.994814,3.008115,80977327
2022-01-06,2.989496,3.045352,2.981514,3.026733,91072469
2022-01-07,3.032051,3.037370,2.962895,2.973541,91756251
2022-01-10,2.954923,2.997478,2.946941,2.986832,71495512
2022-01-11,2.981514,3.000132,2.949595,2.957577,62765191
2022-01-12,2.960241,3.013433,2.960241,3.010769,57828548
2022-01-13,3.002796,3.008115,2.954923,2.954923,65762518
2022-01-14,2.941622,2.978859,2.928322,2.965559,57159811
2022-01-17,2.960241,3.024069,2.960241,3.021415,62338557
2022-01-18,3.018751,3.026733,2.992150,3.005450,67878358
2022-01-19,2.992150,3.000132,2.946940,2.962895,63009488
2022-01-20,2.960241,2.960241,2.896403,2.899067,69227128
2022-01-21,2.888431,2.899067,2.851193,2.853848,64850325
2022-01-24,2.832575,2.885767,2.832575,2.869812,71693677
2022-01-25,2.848529,2.872466,2.755446,2.758100,75860764
2022-01-26,2.760764,2.792673,2.736827,2.776719,89295238
2022-01-27,2.763418,2.782037,2.688954,2.691608,68666301
2022-01-28,2.707563,2.734164,2.649053,2.702245,66386036
2022-02-07,2.723527,2.739482,2.712891,2.728845,69678140
2022-02-08,2.720863,2.750118,2.680972,2.750118,74218055
2022-02-09,2.750118,2.790019,2.726181,2.787355,60543439
2022-02-10,2.792674,2.792674,2.755446,2.779383,73104224
2022-02-11,2.768737,2.768737,2.712890,2.720863,74688043
2022-02-14,2.696926,2.742146,2.686290,2.702245,62280691
2022-02-15,2.702244,2.760764,2.699590,2.758100,71323959
2022-02-16,2.768737,2.787355,2.758100,2.779383,54603885
2022-02-17,2.776719,2.811292,2.755446,2.790019,66575359
2022-02-18,2.776719,2.808638,2.760764,2.800656,53563158
2022-02-21,2.798001,2.840547,2.798001,2.835229,46584119
2022-02-22,2.816610,2.829911,2.790019,2.819274,92742521
2022-02-23,2.824593,2.885767,2.819274,2.885767,65124048
2022-02-24,2.853848,2.888430,2.771401,2.816610,99335434
2022-02-25,2.843211,2.877784,2.829911,2.843211,68654092
2022-02-28,2.845875,2.872466,2.813956,2.867148,66820676
2022-03-01,2.875130,2.885767,2.848529,2.872466,62627196
2022-03-02,2.851193,2.872466,2.837893,2.867148,51083236
2022-03-03,2.877784,2.885767,2.829911,2.837893,62536103
2022-03-04,2.803320,2.845875,2.792673,2.803320,54237421
2022-03-07,2.784701,2.792673,2.720863,2.731509,61645986
2022-03-08,2.731509,2.744800,2.641070,2.649053,84632465
2022-03-09,2.649053,2.672989,2.521386,2.619798,103432994
2022-03-10,2.667671,2.710227,2.662353,2.683626,82928673
2022-03-11,2.638416,2.704908,2.619798,2.702245,83858449
2022-03-14,2.659689,2.696926,2.622461,2.627780,92963423
2022-03-15,2.603843,2.625116,2.497450,2.502768,82555264
2022-03-16,2.532023,2.598515,2.446922,2.585224,116948986
2022-03-17,2.598515,2.675653,2.598515,2.633098,122320560
2022-03-18,2.611815,2.662353,2.611815,2.659689,61648143
2022-03-21,2.680972,2.696926,2.657035,2.688954,72266164
2022-03-22,2.675653,2.702245,2.662353,2.675653,56917414
2022-03-23,2.686290,2.699590,2.667671,2.694272,52326947
2022-03-24,2.672989,2.688954,2.646398,2.659689,58346240
2022-03-25,2.662353,2.680972,2.630434,2.638416,51249818
2022-03-28,2.611815,2.641071,2.587879,2.611815,59117075
2022-03-29,2.625116,2.627780,2.590542,2.595861,45063359
2022-03-30,2.611815,2.662353,2.603843,2.657035,117680415
2022-03-31,2.651717,2.654371,2.614479,2.619798,59400851
2022-04-01,2.590543,2.627780,2.582560,2.622462,52399765
2022-04-06,2.609161,2.617134,2.590543,2.611815,55871247
2022-04-07,2.595861,2.617134,2.558624,2.561288,51007348
2022-04-08,2.561288,2.569260,2.505432,2.542669,57950824
2022-04-11,2.524050,2.524050,2.433621,2.452240,68481698
2022-04-12,2.454894,2.484149,2.417657,2.481495,67701395
2022-04-13,2.457558,2.468195,2.428303,2.436276,86651909
2022-04-14,2.452240,2.470858,2.433621,2.452240,79172516
2022-04-15,2.433621,2.449576,2.404366,2.425639,89378087
2022-04-18,2.407020,2.449576,2.383084,2.446922,60417718
2022-04-19,2.433621,2.462876,2.433621,2.454894,58224016
2022-04-20,2.446922,2.460212,2.399038,2.404366,51036117
2022-04-21,2.393720,2.409684,2.305955,2.308609,64934182
2022-04-22,2.295319,2.308609,2.263400,2.282018,85312425
2022-04-25,2.234145,2.250099,2.095842,2.109133,104685514
2022-04-26,2.095842,2.122433,2.032004,2.042640,156992137
2022-04-27,2.026686,2.149034,1.997431,2.146370,116140145
2022-04-28,2.117115,2.154352,2.098496,2.119779,90966085
2022-04-29,2.141052,2.231481,2.122433,2.220844,98718297
2022-05-05,2.210208,2.279354,2.188925,2.260736,76846471
2022-05-06,2.212862,2.250099,2.202226,2.231481,68583943
2022-05-09,2.212862,2.266054,2.207544,2.260736,66188896
2022-05-10,2.226162,2.305955,2.220844,2.297973,84022070
2022-05-11,2.305955,2.377766,2.297973,2.321910,72047236
2022-05-12,2.300637,2.353829,2.300637,2.335210,62791014
2022-05-13,2.345847,2.369783,2.319255,2.353829,78147060
2022-05-16,2.361811,2.383084,2.340528,2.359147,56558006
2022-05-17,2.351165,2.372447,2.324574,2.369783,60735694
2022-05-18,2.369783,2.393720,2.353829,2.369783,78650897
2022-05-19,2.335210,2.401702,2.327228,2.399038,56202216
2022-05-20,2.393720,2.428303,2.385748,2.420321,75582507
2022-05-23,2.425639,2.462876,2.422985,2.460212,58882099
2022-05-24,2.446922,2.457558,2.351165,2.359147,79912447
2022-05-25,2.356493,2.399038,2.348510,2.399038,83888863
2022-05-26,2.393720,2.433621,2.359147,2.420321,91382034
2022-05-27,2.428303,2.433621,2.385748,2.415003,87779010
2022-05-30,2.407021,2.438940,2.388402,2.436276,62493478
2022-05-31,2.433621,2.470858,2.409684,2.460212,93134269
2022-06-01,2.446922,2.481495,2.441594,2.470858,57650525
2022-06-02,2.468195,2.508086,2.454894,2.497450,79575633
2022-06-06,2.489477,2.569260,2.489477,2.561288,72323373
2022-06-07,2.558623,2.571924,2.537351,2.555969,69321560
2022-06-08,2.550642,2.585224,2.510750,2.563942,79104847
2022-06-09,2.545323,2.558624,2.502768,2.518732,73525119
2022-06-10,2.502768,2.577242,2.497450,2.574578,55441772
2022-06-13,2.561288,2.598515,2.534687,2.593197,65917475
2022-06-14,2.574578,2.595861,2.502768,2.593197,90722930
2022-06-15,2.585224,2.627780,2.579906,2.582561,89290681
2022-06-16,2.579906,2.627780,2.579906,2.606497,70296539
2022-06-17,2.582560,2.638416,2.571924,2.635752,86017554
2022-06-20,2.635752,2.672989,2.630434,2.659689,76021169
2022-06-21,2.657035,2.662353,2.609161,2.630434,95400507
2022-06-22,2.627780,2.646399,2.595861,2.598515,84175271
2022-06-23,2.593197,2.662353,2.582560,2.659689,79690266
2022-06-24,2.659689,2.707563,2.659689,2.688954,102540065
2022-06-27,2.694272,2.728845,2.694272,2.718209,101313808
2022-06-28,2.720863,2.758100,2.707563,2.752782,149009146
2022-06-29,2.744800,2.750118,2.680972,2.694272,105831166
2022-06-30,2.686290,2.734164,2.686290,2.715545,85604718
2022-07-01,2.710227,2.739482,2.702245,2.723527,84949836
2022-07-04,2.723527,2.752782,2.696926,2.747464,85177382
2022-07-05,2.744800,2.763419,2.702245,2.739482,105892012
2022-07-06,2.734163,2.739482,2.680972,2.704908,125316023
2022-07-07,2.704908,2.744800,2.686290,2.736827,116964814
2022-07-08,2.739482,2.752782,2.718209,2.723527,134122964
2022-07-11,2.707563,2.707563,2.654371,2.683626,150445977
2022-07-12,2.680972,2.688954,2.633098,2.635752,133694758
2022-07-13,2.635752,2.665017,2.619798,2.657035,142630555
2022-07-14,2.651717,2.704909,2.646399,2.694272,120883839
2022-07-15,2.686290,2.712891,2.662353,2.665017,137711056
2022-07-18,2.662353,2.710227,2.662353,2.704908,215267497
2022-07-19,2.712891,2.742146,2.699590,2.728845,243253446
2022-07-20,2.739482,2.768737,2.731509,2.768737,327728223
2022-07-21,2.768737,2.779383,2.750118,2.752782,402804506
2022-07-22,2.755446,2.771401,2.707563,2.734164,772077972
2022-07-25,2.728845,2.747464,2.691608,2.696926,504046002
2022-07-26,2.699590,2.742146,2.686290,2.739482,633012261
2022-07-27,2.734164,2.766083,2.723527,2.763418,641626410
2022-07-28,2.768737,2.800656,2.766082,2.784701,843230342
2022-07-29,2.784701,2.795338,2.766083,2.774055,971560238
2022-08-01,2.752782,2.795337,2.739482,2.790019,752039728
2022-08-02,2.763418,2.763418,2.667671,2.712890,876809497
2022-08-03,2.704908,2.752782,2.680971,2.691608,681453704
2022-08-04,2.694272,2.710227,2.659689,2.704908,812527030
2022-08-05,2.696926,2.766083,2.696926,2.766083,594722105
2022-08-08,2.755446,2.795337,2.750118,2.787355,480033570
2022-08-09,2.784701,2.805974,2.766082,2.800656,392656848
2022-08-10,2.782037,2.808638,2.782037,2.800656,456731995
2022-08-11,2.816611,2.840547,2.803320,2.837893,642243940
2022-08-12,2.829911,2.845875,2.808638,2.811292,460043505
2022-08-15,2.800656,2.840547,2.795337,2.829911,495058078
2022-08-16,2.829911,2.864494,2.824593,2.845875,505510351
2022-08-17,2.851193,2.856511,2.827256,2.848529,520742715
2022-08-18,2.837893,2.864494,2.837893,2.861830,481107520
2022-08-19,2.861830,2.869812,2.811292,2.813956,464778905
2022-08-22,2.803320,2.837893,2.784701,2.829911,549695081
2022-08-23,2.821938,2.843211,2.819274,2.843211,560981840
2022-08-24,2.832575,2.843211,2.731509,2.739482,715673790
2022-08-25,2.736827,2.744800,2.696926,2.731509,520056507
2022-08-26,2.726181,2.760764,2.704908,2.715545,461052716
2022-08-29,2.683626,2.734164,2.667671,2.726181,505014892
2022-08-30,2.726181,2.731509,2.699590,2.712890,623296234
2022-08-31,2.699590,2.712890,2.619798,2.627780,813587820
2022-09-01,2.614480,2.649053,2.601179,2.611815,708457065
2022-09-02,2.611815,2.611815,2.611815,2.611815,0
2022-09-05,2.623132,2.657161,2.614382,2.637716,633825069
2022-09-06,2.649383,2.690218,2.634799,2.689245,674322969
2022-09-07,2.682440,2.717441,2.677579,2.705774,555031007
2022-09-08,2.708690,2.714524,2.681467,2.684384,524612733
2022-09-09,2.683412,2.694107,2.665912,2.692163,722136376
2022-09-13,2.696051,2.707718,2.674662,2.683412,580203414
2022-09-14,2.654244,2.663967,2.638688,2.653272,576729775
2022-09-15,2.655217,2.667856,2.540491,2.570631,884034084
2022-09-16,2.553130,2.576465,2.514240,2.518129,763758004
2022-09-19,2.505490,2.527852,2.470489,2.489934,677549607
2022-09-20,2.497712,2.543408,2.489934,2.518129,519368816
2022-09-21,2.514240,2.530769,2.480212,2.518129,679773996
2022-09-22,2.496740,2.551186,2.491879,2.522991,561180024
2022-09-23,2.524935,2.531741,2.451044,2.476322,755488271
2022-09-26,2.456878,2.493823,2.440349,2.442294,739191023
2022-09-27,2.446183,2.491878,2.444238,2.488962,921845703
2022-09-28,2.479239,2.488962,2.414098,2.416043,605384776
2022-09-29,2.435488,2.453961,2.406320,2.424793,714745736
2022-09-30,2.424793,2.429655,2.377153,2.378125,643349605
2022-10-10,2.372292,2.390765,2.315901,2.328541,575005462
2022-10-11,2.326596,2.346041,2.310068,2.334374,565388112
2022-10-12,2.331457,2.404376,2.296456,2.403404,869946595
2022-10-13,2.387848,2.452989,2.382986,2.429655,851156794
2022-10-14,2.442294,2.501601,2.440349,2.494795,573386126
2022-10-17,2.478267,2.520074,2.471461,2.509379,607451069
2022-10-18,2.518129,2.545352,2.500629,2.525907,641022880
2022-10-19,2.517157,2.542436,2.507435,2.511324,545975187
2022-10-20,2.491879,2.541464,2.459794,2.503546,1041066427
2022-10-21,2.498684,2.517157,2.479239,2.498684,601207813
2022-10-24,2.498684,2.555075,2.456877,2.488962,839858763
2022-10-25,2.464656,2.492851,2.426738,2.468545,687043818
2022-10-26,2.468545,2.551186,2.468545,2.527852,1227081460
2022-10-27,2.537574,2.546324,2.507434,2.513268,805151253
2022-10-28,2.494795,2.508407,2.411182,2.420904,810032723
2022-10-31,2.402431,2.471461,2.402431,2.446183,720630389
2022-11-01,2.449100,2.513268,2.437433,2.512296,898203605
2022-11-02,2.508407,2.548269,2.500629,2.536602,643597186
2022-11-03,2.522018,2.558964,2.520074,2.549241,489712102
2022-11-04,2.549241,2.619243,2.546324,2.616327,749760349
2022-11-07,2.612438,2.627994,2.585214,2.605632,645691933
2022-11-08,2.598826,2.605632,2.583270,2.604660,622768123
2022-11-09,2.602715,2.619243,2.585214,2.592993,569279125
2022-11-10,2.580353,2.589104,2.559936,2.568686,770109547
2022-11-11,2.632855,2.641605,2.576465,2.578409,1013156902
2022-11-14,2.578409,2.602715,2.549241,2.560909,921674974
2022-11-15,2.551186,2.622160,2.551186,2.621188,646610979
2022-11-16,2.621188,2.630911,2.597854,2.601743,623646812
2022-11-17,2.595910,2.610493,2.574520,2.607576,657899329
2022-11-18,2.608549,2.623132,2.580353,2.586187,778965695
2022-11-21,2.568686,2.599798,2.558964,2.596882,496754209
2022-11-22,2.589104,2.597854,2.544380,2.559936,1039718963
2022-11-23,2.552158,2.563825,2.506462,2.554103,570618000
2022-11-24,2.555075,2.568686,2.541463,2.557019,534454280
2022-11-25,2.550213,2.552158,2.526880,2.531741,376447658
2022-11-28,2.492851,2.527852,2.484101,2.522019,539533037
2022-11-29,2.526880,2.572575,2.524935,2.560909,719349126
2022-11-30,2.560908,2.569658,2.547297,2.557992,577616931
2022-12-01,2.590076,2.605632,2.577437,2.584242,533170781
2022-12-02,2.571603,2.614382,2.571603,2.592020,509691949
2022-12-05,2.605632,2.613410,2.590076,2.604660,530353874
2022-12-06,2.596882,2.618271,2.585215,2.601743,628237008
2022-12-07,2.599798,2.616327,2.586187,2.599798,536437927
2022-12-08,2.599798,2.601743,2.579381,2.588131,634540634
2022-12-09,2.585215,2.600771,2.571603,2.594937,596585808
2022-12-12,2.595910,2.599798,2.570631,2.585215,464913283
2022-12-13,2.581326,2.588131,2.559936,2.565770,378381746
2022-12-14,2.556047,2.577437,2.544380,2.551186,487192872
2022-12-15,2.545352,2.566742,2.543408,2.559936,455036296
2022-12-16,2.549241,2.557020,2.524935,2.537574,602666839
2022-12-19,2.539519,2.544380,2.477295,2.487017,645523988
2022-12-20,2.484100,2.485073,2.454933,2.460766,663007855
2022-12-21,2.464656,2.468545,2.426738,2.447155,655439849
2022-12-22,2.452989,2.454933,2.395626,2.409237,519880612
2022-12-23,2.397570,2.412154,2.376181,2.391737,697672259
2022-12-26,2.393681,2.441321,2.393681,2.434516,652356606
2022-12-27,2.446183,2.455905,2.426738,2.453961,436343567
2022-12-28,2.449100,2.449100,2.430627,2.437433,590566188
2022-12-29,2.418960,2.454933,2.418960,2.432571,573594865
2022-12-30,2.443266,2.446183,2.429655,2.437433,610750491
2023-01-03,2.435488,2.499657,2.431599,2.492851,833131244
2023-01-04,2.492851,2.500629,2.476323,2.492851,612666890
2023-01-05,2.497712,2.520074,2.488962,2.519102,535760150
2023-01-06,2.518129,2.538547,2.514240,2.522991,471440458
2023-01-09,2.527852,2.551186,2.525907,2.534658,517350798
2023-01-10,2.531741,2.542436,2.522018,2.538547,473122199
2023-01-11,2.536602,2.549241,2.515213,2.520074,631917081
2023-01-12,2.518129,2.539519,2.513268,2.520074,540168574
2023-01-13,2.521046,2.537574,2.515213,2.535630,500134083
2023-01-16,2.537574,2.578409,2.537574,2.562853,1184607389
2023-01-17,2.562853,2.575492,2.556047,2.559936,659066794
2023-01-18,2.565770,2.581326,2.561881,2.567714,573530500
2023-01-19,2.565770,2.598826,2.557992,2.597854,717334792
2023-01-20,2.598826,2.625077,2.598826,2.622160,1180884750
2023-01-30,2.650356,2.662995,2.630911,2.632855,853241942
2023-01-31,2.632855,2.651328,2.625077,2.641605,732282783
2023-02-01,2.644522,2.685357,2.643550,2.684384,716009438
2023-02-02,2.687301,2.710635,2.681467,2.688273,791616745
2023-02-03,2.681467,2.692162,2.648411,2.685356,725193774
2023-02-06,2.673689,2.688273,2.658133,2.679523,652382794
2023-02-07,2.684384,2.688273,2.661050,2.687301,1014239512
2023-02-08,2.689246,2.691190,2.664939,2.668828,671408614
2023-02-09,2.661050,2.725219,2.656189,2.722302,1018207204
2023-02-10,2.719385,2.724246,2.685356,2.708690,778078022
2023-02-13,2.697023,2.735913,2.697023,2.733969,743431290
2023-02-14,2.735913,2.742719,2.725219,2.739803,545651163
2023-02-15,2.740775,2.745636,2.729108,2.738830,475729082
2023-02-16,2.739803,2.756331,2.667856,2.690218,861325554
2023-02-17,2.689245,2.697996,2.660078,2.665911,792904761
2023-02-20,2.663967,2.699940,2.645494,2.697023,878527981
2023-02-21,2.697996,2.721330,2.688273,2.709663,547017391
2023-02-22,2.704802,2.723274,2.692162,2.717441,469224372
2023-02-23,2.716468,2.721330,2.684384,2.704802,462630146
2023-02-24,2.702857,2.712579,2.675634,2.695079,531807226
2023-02-27,2.683412,2.695079,2.663967,2.677578,627338533
2023-02-28,2.677579,2.701885,2.662995,2.698968,470768362
2023-03-01,2.698968,2.721330,2.687301,2.718413,414054621
2023-03-02,2.717441,2.726191,2.698968,2.705774,440234234
2023-03-03,2.705774,2.717441,2.682440,2.701885,529172483
2023-03-06,2.698968,2.718413,2.686329,2.710635,484486630
2023-03-07,2.714524,2.714524,2.658134,2.662023,510571902
2023-03-08,2.645494,2.676606,2.645494,2.669801,447004315
2023-03-09,2.669800,2.678551,2.655217,2.676606,489564284
2023-03-10,2.662022,2.666884,2.635772,2.637716,565825120
2023-03-13,2.631883,2.653272,2.617299,2.650356,490390839
2023-03-14,2.651328,2.651328,2.596882,2.626049,489143398
2023-03-15,2.637716,2.658134,2.632855,2.638689,393010428
2023-03-16,2.632855,2.633827,2.592020,2.598826,458091904
2023-03-17,2.610493,2.634799,2.604659,2.618271,578056341
2023-03-20,2.620216,2.629938,2.597854,2.607576,467905992
2023-03-21,2.606604,2.642577,2.606604,2.640633,479669001
2023-03-22,2.644522,2.655217,2.640633,2.651328,413803888
2023-03-23,2.651328,2.662995,2.644522,2.661050,465545436
2023-03-24,2.662022,2.667856,2.653272,2.662995,373613399
2023-03-27,2.662995,2.675634,2.648411,2.666884,379034396
2023-03-28,2.677578,2.677578,2.645494,2.652300,421252674
2023-03-29,2.659106,2.670773,2.634800,2.642577,482404058
2023-03-30,2.637716,2.645494,2.623132,2.644522,478108319
2023-03-31,2.642577,2.667856,2.642577,2.665911,397977763
2023-04-03,2.668828,2.703829,2.668828,2.701885,555842589
2023-04-04,2.706746,2.706746,2.682440,2.697996,427621294
2023-04-06,2.692162,2.710635,2.687301,2.706746,415909707
2023-04-07,2.706746,2.734941,2.703829,2.730080,295888992
2023-04-10,2.735914,2.737858,2.699940,2.705774,361471759
2023-04-11,2.700913,2.714524,2.696051,2.706746,358809309
2023-04-12,2.710635,2.723274,2.706746,2.721330,385695326
2023-04-13,2.722302,2.723274,2.701885,2.704802,355395657
2023-04-14,2.707718,2.724246,2.698968,2.721330,383831059
2023-04-17,2.721330,2.726191,2.713552,2.723274,293765706
2023-04-18,2.712579,2.725219,2.701885,2.712579,355827023
2023-04-19,2.710635,2.719385,2.697024,2.700913,337729532
2023-04-20,2.697024,2.702857,2.685357,2.700913,362947918
2023-04-21,2.697996,2.699940,2.631883,2.632855,432114674
2023-04-24,2.632855,2.638688,2.600771,2.611465,518596511
2023-04-25,2.607576,2.614382,2.530769,2.564797,764015694
2023-04-26,2.561881,2.586187,2.555075,2.572575,558264968
2023-04-27,2.564798,2.592993,2.563825,2.578409,739413480
2023-04-28,2.578409,2.618271,2.576464,2.617299,570276123
2023-05-04,2.608549,2.618271,2.597854,2.610493,443814543
2023-05-05,2.605632,2.609521,2.565770,2.582298,441953158
2023-05-08,2.577437,2.608549,2.577437,2.597854,538908462
2023-05-09,2.604660,2.604660,2.566742,2.566742,409792439
2023-05-10,2.561881,2.585215,2.555075,2.571603,421829710
2023-05-11,2.573548,2.584242,2.567714,2.569659,368597785
2023-05-12,2.563825,2.578409,2.536602,2.537574,395246383
2023-05-15,2.537574,2.558964,2.512296,2.555075,387321760
2023-05-16,2.556047,2.557019,2.523963,2.531741,387309679
2023-05-17,2.531741,2.549241,2.527852,2.544380,446758677
2023-05-18,2.542436,2.560908,2.542436,2.556047,427341064
2023-05-19,2.554103,2.576464,2.540491,2.566742,442155525
2023-05-22,2.562853,2.571603,2.545352,2.561881,395947267
2023-05-23,2.563825,2.568686,2.535630,2.537574,361608623
2023-05-24,2.537574,2.555075,2.521046,2.531741,403686338
2023-05-25,2.528824,2.548269,2.497712,2.526880,469284898
2023-05-26,2.519102,2.555075,2.507435,2.549241,475297713
2023-05-29,2.556047,2.563825,2.531741,2.544380,367609852
2023-05-30,2.544380,2.558964,2.516185,2.555075,439225440
2023-05-31,2.555075,2.561881,2.536602,2.556047,440932560
2023-06-01,2.553130,2.578409,2.538547,2.561881,434587412
2023-06-02,2.566742,2.586187,2.565770,2.579381,441871369
2023-06-05,2.579381,2.587159,2.572575,2.580353,397150614
2023-06-06,2.579381,2.579381,2.520074,2.525907,479499066
2023-06-07,2.531741,2.541463,2.520074,2.525907,366106271
2023-06-08,2.524935,2.525907,2.494795,2.514240,378516252
2023-06-09,2.513268,2.533685,2.505490,2.531741,389622236
2023-06-12,2.530768,2.553130,2.526879,2.543408,424645539
2023-06-13,2.545352,2.557992,2.542436,2.554103,433508034
2023-06-14,2.554103,2.569658,2.551186,2.562853,390485875
2023-06-15,2.570631,2.584242,2.561881,2.577437,395682286
2023-06-16,2.574520,2.604660,2.574520,2.599798,424174659
2023-06-19,2.598826,2.614382,2.596882,2.608549,502994593
2023-06-20,2.611465,2.620216,2.601743,2.611465,487817151
2023-06-21,2.611466,2.611466,2.558964,2.559936,554687080
2023-06-26,2.549241,2.555075,2.504518,2.514240,807021872
2023-06-27,2.516185,2.545352,2.513268,2.538547,417883013
2023-06-28,2.538547,2.538547,2.488962,2.534658,695990968
2023-06-29,2.530768,2.553130,2.524935,2.545352,626481843
2023-06-30,2.538547,2.588131,2.538547,2.585215,518920117
2023-07-03,2.586187,2.598826,2.567714,2.579381,397924258
2023-07-04,2.573548,2.592020,2.573548,2.591048,458664701
2023-07-05,2.585215,2.597854,2.567714,2.571603,436540748
2023-07-06,2.564797,2.588131,2.559936,2.562853,478225770
2023-07-07,2.561881,2.562853,2.533686,2.552158,412895907
2023-07-10,2.558964,2.565770,2.541464,2.553130,341525216
2023-07-11,2.554103,2.574520,2.548269,2.573548,357822345
2023-07-12,2.572575,2.574520,2.534658,2.536602,383541815
2023-07-13,2.543408,2.565770,2.538547,2.560909,474757164
2023-07-14,2.564797,2.569658,2.557019,2.557992,385560940
2023-07-17,2.550213,2.552158,2.532713,2.549241,425853227
2023-07-18,2.548269,2.557019,2.536602,2.547297,319834099
2023-07-19,2.544380,2.555075,2.527852,2.541464,308499932
2023-07-20,2.542436,2.549241,2.506462,2.509379,672979757
2023-07-21,2.506462,2.524935,2.497712,2.506462,641324572
2023-07-24,2.500629,2.521046,2.494795,2.500629,363666551
2023-07-25,2.517157,2.546325,2.517157,2.540491,617550717
2023-07-26,2.535630,2.540491,2.522019,2.528824,422879215
2023-07-27,2.531741,2.536602,2.504518,2.509379,375110763
2023-07-28,2.498684,2.535630,2.493823,2.530769,603725398
2023-07-31,2.530769,2.566742,2.530769,2.547297,474487462
2023-08-01,2.548269,2.554103,2.536602,2.543408,373502265
2023-08-02,2.543408,2.548269,2.529796,2.538547,431127018
2023-08-03,2.537574,2.542436,2.524935,2.540491,512080773
2023-08-04,2.548269,2.569659,2.542436,2.555075,410551129
2023-08-07,2.552158,2.559936,2.539519,2.543408,376975462
2023-08-08,2.538547,2.544380,2.522991,2.532713,381648363
2023-08-09,2.525907,2.530768,2.509379,2.513268,437763805
2023-08-10,2.513268,2.520074,2.499657,2.511324,365249106
2023-08-11,2.511323,2.515212,2.464655,2.465628,421684266
2023-08-14,2.454933,2.474378,2.429655,2.471461,453411266
2023-08-15,2.468545,2.475350,2.427710,2.452989,462854673
2023-08-16,2.440349,2.450072,2.419932,2.421876,390860354
2023-08-17,2.417015,2.449100,2.396598,2.442294,466398568
2023-08-18,2.448127,2.451044,2.392709,2.394654,372477564
2023-08-21,2.390764,2.409237,2.367430,2.368403,497744779
2023-08-22,2.377153,2.387848,2.340208,2.382987,614011746
2023-08-23,2.373264,2.376181,2.334374,2.338263,580758312
2023-08-24,2.342152,2.367430,2.325624,2.340208,478589231
2023-08-25,2.331457,2.342152,2.289650,2.302290,631859178
2023-08-28,2.437432,2.437432,2.309095,2.316873,918169553
2023-08-29,2.320762,2.400487,2.315901,2.386875,1067364589
2023-08-30,2.386875,2.423821,2.384931,2.398542,612353588
2023-08-31,2.396598,2.399515,2.379097,2.391737,453023451
2023-09-01,2.392709,2.405348,2.379098,2.389792,424165279
2023-09-04,2.393681,2.426738,2.386876,2.425766,490374940
2023-09-05,2.419932,2.427710,2.405348,2.412154,594822110
2023-09-06,2.401459,2.427710,2.388820,2.420904,474258592
2023-09-07,2.419932,2.419932,2.378125,2.380070,612288457
2023-09-08,2.376181,2.394654,2.371319,2.384931,479777540
2023-09-11,2.382014,2.427710,2.377153,2.419932,424147048
2023-09-12,2.412154,2.429654,2.412154,2.417987,309872843
2023-09-13,2.414099,2.416043,2.368403,2.386875,416754091
2023-09-14,2.384931,2.386876,2.362569,2.378125,355002818
2023-09-15,2.378125,2.394654,2.364514,2.379097,445020539
2023-09-18,2.369375,2.391737,2.361597,2.381042,384509593
2023-09-19,2.379098,2.382987,2.352847,2.363542,358977952
2023-09-20,2.358680,2.365486,2.341180,2.342152,417886084
2023-09-21,2.333402,2.348958,2.320763,2.324651,381942832
2023-09-22,2.321735,2.371320,2.318818,2.371320,518623204
2023-09-25,2.362569,2.372292,2.352847,2.358680,469968195
2023-09-26,2.357708,2.361597,2.347985,2.348958,335802775
2023-09-27,2.347986,2.374236,2.344097,2.363542,465902073
2023-09-28,2.363541,2.382014,2.363541,2.381042,501160856
2023-10-09,2.372292,2.379098,2.354791,2.371320,460352477
2023-10-10,2.373264,2.382987,2.359653,2.363542,365041374
2023-10-11,2.372292,2.391737,2.360625,2.368403,621182575
2023-10-12,2.380070,2.387848,2.369375,2.385903,484410211
2023-10-13,2.372292,2.382014,2.372292,2.381042,322873495
2023-10-16,2.382014,2.385903,2.347013,2.354791,486614809
2023-10-17,2.354791,2.357708,2.334374,2.350902,275109810
2023-10-18,2.342152,2.345069,2.308123,2.312012,411499719
2023-10-19,2.303262,2.318818,2.283817,2.287706,410578697
2023-10-20,2.280900,2.291595,2.253677,2.262427,425539777
2023-10-23,2.252705,2.254649,2.192425,2.205064,498342190
2023-10-24,2.207009,2.245899,2.197287,2.233260,417114548
2023-10-25,2.251733,2.272150,2.248816,2.258538,421801524
2023-10-26,2.251733,2.277983,2.239093,2.274094,387000917
2023-10-27,2.267289,2.324651,2.257566,2.316873,308952128
2023-10-30,2.304234,2.356736,2.304234,2.347013,311103295
2023-10-31,2.340207,2.350902,2.321735,2.334374,252147576
2023-11-01,2.340207,2.342152,2.321735,2.331457,240989128
2023-11-02,2.330485,2.342152,2.305206,2.306179,320220578
2023-11-03,2.312984,2.346041,2.311040,2.335346,510581810
2023-11-06,2.347986,2.386875,2.347013,2.382987,402604051
2023-11-07,2.374236,2.399515,2.373264,2.390765,421975476
2023-11-08,2.386876,2.410210,2.382014,2.400487,348417169
2023-11-09,2.394654,2.410210,2.379098,2.384931,303005735
2023-11-10,2.379097,2.384931,2.367430,2.381042,274706012
2023-11-13,2.388820,2.406320,2.382014,2.405348,265241332
2023-11-14,2.403403,2.423821,2.399515,2.417987,285238092
2023-11-15,2.435488,2.438405,2.417988,2.427710,303536441
2023-11-16,2.417988,2.422849,2.401459,2.402431,305777767
2023-11-17,2.400487,2.429655,2.393681,2.428682,299902084
2023-11-20,2.423821,2.449100,2.415071,2.445211,273417415
2023-11-21,2.448127,2.452989,2.425765,2.427710,239389623
2023-11-22,2.423821,2.436460,2.397571,2.401459,223082746
2023-11-23,2.401459,2.426738,2.386875,2.424793,308693605
2023-11-24,2.423821,2.423821,2.383959,2.390765,331931895
2023-11-27,2.392709,2.397570,2.374236,2.391737,241032979
2023-11-28,2.386876,2.405348,2.369375,2.400487,234134126
2023-11-29,2.402431,2.405348,2.384931,2.393681,223892822
2023-11-30,2.391737,2.392709,2.356736,2.378125,273840495
2023-12-01,2.378125,2.405348,2.366458,2.400487,308449417
2023-12-04,2.399515,2.406320,2.387848,2.389792,211407181
2023-12-05,2.382014,2.383959,2.344096,2.347013,255713914
2023-12-06,2.345069,2.374236,2.335346,2.356736,236631085
2023-12-07,2.349930,2.366458,2.337291,2.354791,331540640
2023-12-08,2.354791,2.372292,2.347985,2.349930,392904530
2023-12-11,2.338263,2.383959,2.324651,2.374236,518531517
2023-12-12,2.372292,2.382014,2.367430,2.380070,367244530
2023-12-13,2.381042,2.381042,2.354791,2.357708,273128771
2023-12-14,2.369375,2.380070,2.345069,2.349930,349792903
2023-12-15,2.354791,2.360625,2.321735,2.333402,357672475
2023-12-18,2.324651,2.330485,2.288678,2.296456,219272737
2023-12-19,2.297428,2.307151,2.279928,2.298401,248418461
2023-12-20,2.297428,2.301318,2.256594,2.257566,233749471
2023-12-21,2.244927,2.277983,2.226454,2.269233,299441985
2023-12-22,2.267289,2.278956,2.239093,2.249788,298480841
2023-12-25,2.244927,2.255621,2.230343,2.245899,287112540
2023-12-26,2.242010,2.243955,2.207981,2.216732,317873866
2023-12-27,2.216732,2.235204,2.206037,2.229371,369551147
2023-12-28,2.221593,2.281872,2.214787,2.275067,496755678
2023-12-29,2.273122,2.309095,2.260483,2.308123,365941972
2024-01-02,2.305206,2.310068,2.288678,2.288678,402469698
2024-01-03,2.283817,2.294511,2.262427,2.277983,384850297
2024-01-04,2.274094,2.277983,2.250760,2.264372,371329140
2024-01-05,2.258538,2.268261,2.214787,2.228399,317095440
2024-01-08,2.221593,2.221593,2.168119,2.171036,297593139
2024-01-09,2.175897,2.196315,2.154508,2.171036,299676568
2024-01-10,2.162285,2.186592,2.136035,2.156452,225008281
2024-01-11,2.153535,2.208954,2.153535,2.199231,349064541
2024-01-12,2.188536,2.211870,2.180758,2.180758,296560765
2024-01-15,2.180758,2.180758,2.180758,2.180758,0
2024-01-16,2.172008,2.177841,2.137979,2.168119,284725733
2024-01-17,2.159369,2.164230,2.106867,2.107839,212994328
2024-01-18,2.107840,2.121451,2.039782,2.102006,439518289
2024-01-19,2.090339,2.108812,2.073811,2.075755,456134065
2024-01-22,2.075755,2.075755,1.945474,1.962002,318668890
2024-01-23,1.952279,1.997003,1.925056,1.987280,333266866
2024-01-24,1.991170,2.020337,1.935751,2.018393,338564842
2024-01-25,2.012559,2.088395,1.993114,2.087422,361391460
2024-01-26,2.082561,2.095200,2.053394,2.061172,321305187
2024-01-29,2.060199,2.075755,2.003809,2.004781,297117424
2024-01-30,1.993114,2.014504,1.945474,1.949363,268956322
2024-01-31,1.945474,1.953252,1.869638,1.877416,377708468
2024-02-01,1.866721,1.904639,1.833665,1.860888,548366154
2024-02-02,1.859916,1.881305,1.733523,1.797692,605886708
2024-02-05,1.769496,1.772413,1.634353,1.688800,4937763268
2024-02-06,1.653798,1.823942,1.633381,1.803525,3046341897
2024-02-07,1.787969,1.900750,1.787969,1.884222,2038399961
2024-02-08,1.905611,1.986308,1.894917,1.961030,1471847160
2024-02-19,1.970752,1.993114,1.930890,1.963946,1894857155
2024-02-20,1.946446,1.978530,1.931862,1.968808,577577034
2024-02-21,1.956168,2.037837,1.945473,1.978530,910213593
2024-02-22,1.976586,2.015476,1.975614,2.012559,491282803
2024-02-23,2.013531,2.047560,1.996031,2.046588,578900955
2024-02-26,2.043671,2.084506,2.029087,2.050477,569316011
2024-02-27,2.041726,2.115618,2.035893,2.112701,574771797
2024-02-28,2.112701,2.140896,2.008670,2.010614,1170156894
2024-02-29,1.999920,2.092284,1.996031,2.091311,632387235
2024-03-01,2.088395,2.117562,2.077700,2.114645,639772591
2024-03-04,2.113673,2.125340,2.079644,2.118534,583904098
2024-03-05,2.105895,2.115618,2.085478,2.102978,1970307270
2024-03-06,2.096172,2.125340,2.073811,2.101034,529580815
2024-03-07,2.102006,2.124368,2.068950,2.069922,517124493
2024-03-08,2.074783,2.106867,2.062144,2.097145,372246304
2024-03-11,2.090339,2.139924,2.087423,2.138952,573270518
2024-03-12,2.138952,2.161313,2.124368,2.148674,430820233
2024-03-13,2.146729,2.175897,2.137979,2.155480,373699715
2024-03-14,2.152563,2.166175,2.122423,2.142841,353905632
2024-03-15,2.135063,2.176870,2.131174,2.175897,519997588
2024-03-18,2.177842,2.212843,2.169091,2.211871,515682551
2024-03-19,2.203120,2.210898,2.187564,2.190481,454723718
2024-03-20,2.189509,2.215759,2.187564,2.209926,355711958
2024-03-21,2.214787,2.225482,2.195342,2.208954,304758652
2024-03-22,2.207009,2.210898,2.167147,2.183675,463814102
2024-03-25,2.180758,2.191453,2.134090,2.135063,508632610
2024-03-26,2.133118,2.146729,2.104923,2.125340,487295843
2024-03-27,2.119507,2.125340,2.054366,2.056310,516929025
2024-03-28,2.052421,2.124368,2.052421,2.103951,598000982
2024-03-29,2.098117,2.115618,2.086450,2.126312,283412725
2024-04-01,2.131174,2.174925,2.131174,2.171036,607650966
2024-04-02,2.168119,2.171036,2.142841,2.159369,551754081
2024-04-03,2.159369,2.159369,2.130201,2.152563,522113294
2024-04-08,2.141868,2.143813,2.106867,2.107839,327485929
2024-04-09,2.107840,2.137979,2.102006,2.135063,234948007
2024-04-10,2.131173,2.131173,2.079644,2.097145,246659853
2024-04-11,2.084506,2.127285,2.080617,2.102006,319814171
2024-04-12,2.096172,2.115618,2.080617,2.084506,264939089
2024-04-15,2.078672,2.095200,2.034921,2.066033,325894342
2024-04-16,2.058255,2.064088,1.976586,1.977558,694813597
2024-04-17,1.994086,2.067977,1.992142,2.067005,582402369
2024-04-18,2.056310,2.089367,2.040754,2.064088,620890301
2024-04-19,2.052421,2.075755,2.038810,2.054366,481451974
2024-04-22,2.046588,2.073811,2.022281,2.050477,244087018
2024-04-23,2.046588,2.059227,2.026171,2.036865,281431019
2024-04-24,2.034921,2.075755,2.031032,2.074783,441433130
2024-04-25,2.072839,2.095200,2.061172,2.073811,390309434
2024-04-26,2.074783,2.120479,2.069922,2.116590,816232009
2024-04-29,2.124368,2.172008,2.119506,2.168119,946719740
2024-04-30,2.164230,2.170064,2.139924,2.145757,463797423
2024-05-06,2.174925,2.206037,2.173952,2.185619,775970725
2024-05-07,2.183675,2.199231,2.180758,2.194370,451348615
2024-05-08,2.187564,2.187564,2.157424,2.159369,533688495
2024-05-09,2.156452,2.205065,2.156452,2.197287,381882490
2024-05-10,2.204092,2.207981,2.166175,2.177842,753417650
2024-05-13,2.165202,2.172008,2.137979,2.157424,471790075
2024-05-14,2.158397,2.182703,2.155480,2.167147,394274736
2024-05-15,2.165202,2.171036,2.143813,2.147702,224590190
2024-05-16,2.151591,2.168119,2.138952,2.142841,327578388
2024-05-17,2.143813,2.179786,2.138952,2.177842,479549523
2024-05-20,2.177841,2.195342,2.170064,2.185619,524912797
2024-05-21,2.181731,2.182703,2.154508,2.163258,643007135
2024-05-22,2.160341,2.171036,2.151591,2.166174,210364697
2024-05-23,2.159369,2.159369,2.111728,2.119507,318884183
2024-05-24,2.108812,2.129229,2.094228,2.094228,249685179
2024-05-27,2.099089,2.120479,2.069922,2.118534,272933265
2024-05-28,2.108812,2.117562,2.090339,2.094228,250226857
2024-05-29,2.090339,2.110756,2.084506,2.093256,224647621
2024-05-30,2.083533,2.105895,2.077700,2.092283,267985515
2024-05-31,2.095200,2.111729,2.094228,2.098117,299523757
2024-06-03,2.094228,2.098117,2.054366,2.069922,316898989
2024-06-04,2.061171,2.088394,2.052421,2.083533,305906300
2024-06-05,2.077700,2.090339,2.057282,2.058255,249735687
2024-06-06,2.062144,2.070894,2.006725,2.015476,439262004
2024-06-07,2.032004,2.038810,2.001864,2.023254,464247586
2024-06-11,2.012559,2.047560,1.996031,2.041727,336518195
2024-06-12,2.032976,2.054366,2.031032,2.047560,328636764
2024-06-13,2.052421,2.052421,2.030060,2.034921,213099714
2024-06-14,2.028115,2.046588,2.021309,2.040754,399380049
2024-06-17,2.031032,2.051449,2.028115,2.037838,347731186
2024-06-18,2.037837,2.061171,2.035893,2.056310,599763138
2024-06-19,2.058255,2.063116,2.028115,2.029087,578974899
2024-06-20,2.025198,2.033949,1.986308,1.992142,463710343
2024-06-21,1.985336,2.002836,1.976586,1.989225,340790746
2024-06-24,1.977558,1.978530,1.923112,1.925056,358779485
2024-06-25,1.925057,1.933807,1.894917,1.909500,385462494
2024-06-26,1.905611,1.967835,1.895889,1.965891,498379115
2024-06-27,1.955196,1.960058,1.915334,1.918251,541151610
2024-06-28,1.912417,1.960058,1.911445,1.927973,724061291
2024-07-01,1.924084,1.955196,1.904639,1.945474,643981961
2024-07-02,1.942557,1.952279,1.924084,1.931862,412980640
2024-07-03,1.927973,1.933807,1.913389,1.916306,278729566
2024-07-04,1.920195,1.925057,1.867694,1.878389,727920724
2024-07-05,1.874499,1.905612,1.858943,1.896861,564560726
2024-07-08,1.888111,1.891028,1.843387,1.852138,409753996
2024-07-09,1.847276,1.897833,1.832693,1.892000,1085149865
2024-07-10,1.886166,1.904639,1.881305,1.883250,465797925
2024-07-11,1.906584,1.932834,1.900750,1.930890,627197306
2024-07-12,1.928945,1.932834,1.914362,1.923112,354497044
2024-07-15,1.917278,1.920195,1.897833,1.902695,1067802924
2024-07-16,1.897833,1.911445,1.886166,1.907556,610224502
2024-07-17,1.903667,1.908528,1.889083,1.894917,1655624825
2024-07-18,1.881305,1.904639,1.860888,1.899778,1459805460
2024-07-19,1.884222,1.918251,1.883250,1.900750,920160089
2024-07-22,1.899778,1.912417,1.891028,1.903667,556529307
2024-07-23,1.903667,1.905611,1.851165,1.851165,342062069
2024-07-24,1.849221,1.857971,1.824915,1.825887,520992225
2024-07-25,1.817137,1.849221,1.813248,1.827831,482397162
2024-07-26,1.826859,1.861860,1.825887,1.856999,328499492
2024-07-29,1.856999,1.859916,1.842415,1.848249,190986566
2024-07-30,1.842415,1.864777,1.828804,1.856027,300594535
2024-07-31,1.854082,1.939640,1.850193,1.937696,1463113220
2024-08-01,1.934779,1.951307,1.913389,1.925056,792387991
2024-08-02,1.909500,1.937696,1.893944,1.898806,450951770
2024-08-05,1.884222,1.919223,1.845332,1.848249,1077406211
2024-08-06,1.867694,1.884222,1.852138,1.873527,637120909
2024-08-07,1.867694,1.884222,1.859916,1.871583,601869003
2024-08-08,1.864777,1.888111,1.845332,1.873527,414234878
2024-08-09,1.882277,1.893944,1.855054,1.855054,397003345
2024-08-12,1.851165,1.857971,1.839498,1.848249,284600653
2024-08-13,1.846304,1.857971,1.832693,1.853110,420122175
2024-08-14,1.852138,1.854082,1.833665,1.834637,275502704
2024-08-15,1.827831,1.875472,1.826859,1.851165,864509231
2024-08-16,1.851165,1.857971,1.836582,1.836582,429806582
2024-08-19,1.835609,1.863805,1.832693,1.840471,338032536
2024-08-20,1.841443,1.844360,1.800608,1.808386,752640995
2024-08-21,1.801581,1.815192,1.796719,1.798664,282826769
2024-08-22,1.798664,1.804497,1.773385,1.776302,423494377
2024-08-23,1.774358,1.783108,1.764635,1.777274,477332678
2024-08-26,1.776302,1.792830,1.770469,1.784080,463638211
2024-08-27,1.779219,1.779219,1.758802,1.764635,909830857
2024-08-28,1.761718,1.783108,1.755885,1.766580,734258771
2024-08-29,1.759774,1.803525,1.757829,1.795747,849753165
2024-08-30,1.791858,1.856999,1.791858,1.829776,1606883498
2024-09-02,1.824915,1.832693,1.787969,1.790886,855605888
2024-09-03,1.786997,1.819081,1.786997,1.806442,789162410
2024-09-04,1.792830,1.818109,1.788941,1.799636,472501712
2024-09-05,1.800608,1.825887,1.800608,1.814220,440815184
2024-09-06,1.817137,1.819081,1.779219,1.784080,680900680
2024-09-09,1.774358,1.789914,1.761718,1.769496,408367031
2024-09-10,1.769496,1.783108,1.738384,1.775330,518359972
2024-09-11,1.765607,1.780191,1.760746,1.774358,860700821
2024-09-12,1.777274,1.797692,1.765607,1.768524,617876135
2024-09-13,1.768524,1.771441,1.745190,1.747135,658004769
2024-09-18,1.745190,1.749079,1.716023,1.739357,520586217
2024-09-19,1.743245,1.791858,1.731579,1.773385,1119459924
2024-09-20,1.768524,1.772413,1.749079,1.763663,1537079975
2024-09-23,1.760746,1.786025,1.753940,1.765607,452182556
2024-09-24,1.782136,1.841443,1.763663,1.839498,2090227979
2024-09-25,1.857971,1.898806,1.850193,1.852138,1358595792
2024-09-26,1.844360,1.942557,1.844360,1.938668,2740138630
2024-09-27,1.968808,2.119507,1.951307,2.111728,1415966814
2024-09-30,2.207009,2.322707,2.101034,2.322707,5843265615
2024-10-08,2.555075,2.555075,2.323679,2.458822,3749725644
2024-10-09,2.362569,2.411182,2.239093,2.259511,2371558139
2024-10-10,2.271178,2.328541,2.209926,2.231316,2169131671
2024-10-11,2.217704,2.220621,2.109784,2.141868,2502679746
2024-10-14,2.148674,2.222565,2.109784,2.219648,2108554356
2024-10-15,2.202148,2.253677,2.169091,2.173953,2515340049
2024-10-16,2.139924,2.215760,2.139924,2.181731,1053864856
2024-10-17,2.197287,2.222565,2.171036,2.172980,1552726397
2024-10-18,2.169091,2.346041,2.166175,2.272150,3456522478
2024-10-21,2.282845,2.350902,2.273122,2.312984,1746654036
2024-10-22,2.307151,2.346041,2.295484,2.325624,1608516029
2024-10-23,2.329513,2.372292,2.312012,2.331457,924024337
2024-10-24,2.316873,2.327568,2.295484,2.315901,834214599
2024-10-25,2.316873,2.381042,2.316873,2.369375,1399638980
2024-10-28,2.363542,2.402432,2.352847,2.401459,971647887
2024-10-29,2.411182,2.414099,2.360625,2.365486,1908879250
2024-10-30,2.352847,2.386875,2.344096,2.379097,1007125572
2024-10-31,2.382014,2.439377,2.367430,2.414099,1024828890
2024-11-01,2.401459,2.416043,2.337291,2.344096,1337878196
2024-11-04,2.333402,2.400487,2.332429,2.397570,731579389
2024-11-05,2.395626,2.487989,2.387848,2.478267,2033934909
2024-11-06,2.479239,2.517157,2.464656,2.486045,1116494215
2024-11-07,2.460767,2.535630,2.460767,2.532713,855353700
2024-11-08,2.547297,2.575492,2.522991,2.534658,1087744151
2024-11-11,2.522991,2.596882,2.522991,2.593965,1737884488
2024-11-12,2.595910,2.612438,2.539519,2.567714,999754283
2024-11-13,2.551186,2.569659,2.511324,2.553130,952748801
2024-11-14,2.548269,2.552158,2.474378,2.478267,1566918344
2024-11-15,2.472434,2.499657,2.418960,2.419932,960639711
2024-11-18,2.425765,2.435488,2.340208,2.362569,1171811285
2024-11-19,2.356736,2.424793,2.348958,2.421876,977273193
2024-11-20,2.412154,2.470489,2.406320,2.466600,1415098124
2024-11-21,2.462711,2.482156,2.446183,2.472434,458406920
2024-11-22,2.467572,2.477295,2.377153,2.379097,613174409
2024-11-25,2.392709,2.397570,2.342152,2.389792,413448722
2024-11-26,2.382987,2.408265,2.357708,2.358680,513734609
2024-11-27,2.355764,2.420904,2.312984,2.417015,1200080221
2024-11-28,2.415071,2.435488,2.397570,2.403404,830894212
2024-11-29,2.400487,2.468545,2.384931,2.443266,1563294534
2024-12-02,2.444238,2.501601,2.441322,2.492851,1051509577
2024-12-03,2.493823,2.507435,2.462711,2.486045,1376572659
2024-12-04,2.482156,2.486045,2.436460,2.452989,1022554963
2024-12-05,2.445211,2.489934,2.442294,2.481184,707218251
2024-12-06,2.480212,2.522991,2.455905,2.508407,1969596748
2024-12-09,2.505490,2.517157,2.467573,2.486045,843935845
2024-12-10,2.571603,2.575492,2.505490,2.512296,1954500432
2024-12-11,2.507435,2.547297,2.503546,2.544380,868271679
2024-12-12,2.544380,2.565769,2.521046,2.563825,756605898
2024-12-13,2.547297,2.549241,2.508407,2.513268,1528158133
2024-12-16,2.513268,2.515213,2.471462,2.481184,606244529
2024-12-17,2.472434,2.479239,2.423821,2.427710,914832963
2024-12-18,2.430627,2.464656,2.418960,2.447155,638427221
2024-12-19,2.423821,2.459794,2.411182,2.453961,592509716
2024-12-20,2.446183,2.496740,2.445211,2.478267,606249532
2024-12-23,2.472434,2.476323,2.406321,2.408265,1028065228
2024-12-24,2.411182,2.435488,2.398542,2.434516,613464378
2024-12-25,2.434516,2.434516,2.385903,2.410210,1174241337
2024-12-26,2.406320,2.442294,2.405348,2.433543,926100668
2024-12-27,2.433544,2.471461,2.419932,2.437433,680149674
2024-12-30,2.432571,2.447155,2.411182,2.430627,690278857
2024-12-31,2.429655,2.438405,2.350902,2.352847,1087495498
2025-01-02,2.348958,2.363541,2.267289,2.289650,1190049327
2025-01-03,2.292567,2.299373,2.216732,2.226454,1673134218
2025-01-06,2.221593,2.245899,2.197287,2.213815,1285256049
2025-01-07,2.212843,2.246871,2.202148,2.245899,1334717691
2025-01-08,2.238121,2.255621,2.170064,2.235204,1606924066
2025-01-09,2.220621,2.256594,2.218676,2.240066,914305204
2025-01-10,2.238121,2.259511,2.190481,2.192425,515784461
2025-01-13,2.174925,2.213815,2.158397,2.197287,740220588
2025-01-14,2.200203,2.299373,2.195342,2.298401,1673319625
2025-01-15,2.291487,2.298401,2.271733,2.280622,1160103283
2025-01-16,2.289511,2.335934,2.270745,2.290499,1031537880
2025-01-17,2.281610,2.327044,2.273708,2.307290,715596197
2025-01-20,2.319143,2.343835,2.313216,2.320130,643854281
2025-01-21,2.330995,2.339885,2.302352,2.334946,801171959
2025-01-22,2.325069,2.330007,2.300376,2.316180,705844496
2025-01-23,2.331983,2.369516,2.303339,2.304327,1187863543
2025-01-24,2.300376,2.352725,2.300376,2.350749,1256736920
2025-01-27,2.354700,2.363589,2.305315,2.307290,987521544
2025-02-05,2.325069,2.346798,2.310253,2.323093,861672115
2025-02-06,2.318155,2.391246,2.310253,2.385319,801423388
2025-02-07,2.386307,2.453471,2.384332,2.424828,1332989078
2025-02-10,2.424827,2.458410,2.419889,2.452483,1207204306
2025-02-11,2.449520,2.457422,2.422852,2.447545,683543842
2025-02-12,2.442606,2.487053,2.439643,2.484090,619233588
2025-02-13,2.481127,2.483102,2.452484,2.460385,604225099
2025-02-14,2.455447,2.475201,2.443594,2.469275,623321929
2025-02-17,2.477176,2.491992,2.459397,2.480139,1479497357
2025-02-18,2.474213,2.483103,2.415938,2.430754,899067496
2025-02-19,2.422852,2.487053,2.422852,2.485078,672871165
2025-02-20,2.480139,2.508783,2.477176,2.501869,704008260
2025-02-21,2.505820,2.559156,2.493967,2.549279,564613194
2025-02-24,2.548291,2.568045,2.530512,2.553230,727053148
2025-02-25,2.521623,2.567058,2.514709,2.542365,449202948
2025-02-26,2.544341,2.582861,2.535451,2.581874,390309310
2025-02-27,2.575947,2.586812,2.528537,2.568045,497368873
2025-02-28,2.554218,2.557181,2.472238,2.480139,1270109921
2025-03-03,2.483102,2.520636,2.465324,2.477176,650157255
2025-03-04,2.461373,2.513722,2.459398,2.509771,559809503
2025-03-05,2.508783,2.527549,2.492979,2.526562,565835320
2025-03-06,2.540390,2.592738,2.538414,2.581874,558609064
2025-03-07,2.575947,2.597677,2.556193,2.571009,597475723
2025-03-10,2.571009,2.580886,2.551254,2.573972,662038893
2025-03-11,2.548291,2.592738,2.545328,2.591751,388883356
2025-03-12,2.594714,2.623357,2.589775,2.595701,593555152
2025-03-13,2.589775,2.594714,2.529525,2.556193,680231219
2025-03-14,2.552242,2.600640,2.536439,2.598665,776655292
2025-03-17,2.597677,2.610517,2.588788,2.601628,729597066
2025-03-18,2.606566,2.627308,2.597677,2.612493,313063401
2025-03-19,2.602615,2.607554,2.581873,2.594714,421630537
2025-03-20,2.588787,2.606566,2.576935,2.583849,428796107
2025-03-21,2.575947,2.580886,2.523599,2.530513,586070291
2025-03-24,2.527549,2.531500,2.468287,2.510758,749467375
2025-03-25,2.504832,2.519648,2.485078,2.493967,610761021
2025-03-26,2.488041,2.518660,2.488041,2.501869,491593218
2025-03-27,2.497918,2.528537,2.469275,2.501869,473648281
2025-03-28,2.498906,2.512734,2.472238,2.476188,509594693
2025-03-31,2.466312,2.475201,2.428779,2.461373,766435372
2025-04-01,2.462360,2.490016,2.462360,2.472238,673484839
2025-04-02,2.466311,2.498906,2.465324,2.480139,297233775
2025-04-03,2.461373,2.491004,2.433717,2.451496,538772782
2025-04-07,2.328032,2.366553,2.206544,2.206544,1444303609
2025-04-08,2.171974,2.229261,2.144318,2.191728,6242512707
2025-04-09,2.150244,2.248028,2.067277,2.230249,1575049575
2025-04-10,2.266794,2.328032,2.265806,2.284573,1059578279
2025-04-11,2.268769,2.342848,2.266794,2.314204,590132567
2025-04-14,2.336921,2.363589,2.332971,2.344823,634865302
2025-04-15,2.342848,2.350749,2.320130,2.335934,568829948
2025-04-16,2.324081,2.330995,2.277659,2.306303,1045112276
2025-04-17,2.294450,2.331983,2.291487,2.307290,635311114
2025-04-18,2.301364,2.316179,2.288523,2.303339,740884111
2025-04-21,2.299389,2.352725,2.289511,2.350749,672338119
2025-04-22,2.347786,2.361614,2.338897,2.350749,421360013
2025-04-23,2.362602,2.379393,2.352725,2.364577,664292647
2025-04-24,2.360627,2.364577,2.328032,2.341860,532361487
2025-04-25,2.341860,2.366553,2.331983,2.346798,574595739
2025-04-28,2.345811,2.348774,2.316180,2.322106,613250873
2025-04-29,2.316179,2.342848,2.308278,2.333958,460255596
2025-04-30,2.333958,2.360626,2.332970,2.351737,608756530
2025-05-06,2.365565,2.411987,2.365565,2.411987,611700006
2025-05-07,2.436680,2.464336,2.398159,2.413963,866819883
2025-05-08,2.409024,2.440631,2.407049,2.435693,580838097
2025-05-09,2.434705,2.434705,2.394209,2.407049,417648505
2025-05-12,2.421864,2.441619,2.414950,2.440631,518941195
2025-05-13,2.457422,2.457422,2.425815,2.431741,591370838
2025-05-14,2.431742,2.454459,2.414951,2.437668,516588309
2025-05-15,2.431742,2.432729,2.394209,2.398160,419296284
2025-05-16,2.393221,2.413963,2.392233,2.402110,426175322
2025-05-19,2.393221,2.414950,2.377418,2.412975,350334562
2025-05-20,2.409024,2.436680,2.402110,2.432729,301247842
2025-05-21,2.427791,2.430754,2.416926,2.426803,231360985
2025-05-22,2.419889,2.434705,2.400135,2.403098,359451947
2025-05-23,2.408037,2.408037,2.371491,2.372479,411350175
2025-05-26,2.371491,2.393221,2.368528,2.386307,351348350
2025-05-27,2.378405,2.388282,2.363589,2.379393,438799555
2025-05-28,2.378405,2.389270,2.366553,2.373467,353840980
2025-05-29,2.377418,2.416926,2.374455,2.415938,739721736
2025-05-30,2.407049,2.408036,2.385319,2.393221,807825729
2025-06-03,2.384331,2.414950,2.382356,2.406061,379097052
2025-06-04,2.407049,2.430754,2.404086,2.427791,289313891
2025-06-05,2.428779,2.452483,2.417914,2.447545,346380833
2025-06-06,2.448533,2.448533,2.434705,2.442606,256363514
2025-06-09,2.446557,2.474213,2.443594,2.467299,386489640
2025-06-10,2.469274,2.469274,2.423840,2.445570,394441010
2025-06-11,2.445570,2.472238,2.444582,2.456434,403662009
2025-06-12,2.446557,2.465324,2.439643,2.460385,194088678
2025-06-13,2.453471,2.457422,2.422852,2.428779,355052392
2025-06-16,2.420877,2.447545,2.419889,2.442606,296659480
2025-06-17,2.443594,2.450508,2.431742,2.439643,325780110
2025-06-18,2.438656,2.442606,2.417914,2.436680,248404887
2025-06-19,2.431742,2.442607,2.398159,2.407049,407491799
2025-06-20,2.404086,2.412975,2.386307,2.387295,558996180
2025-06-23,2.375442,2.418901,2.375442,2.417914,500120826
2025-06-24,2.418901,2.465324,2.417913,2.463348,520728892
2025-06-25,2.465324,2.503844,2.464336,2.499893,573239925
2025-06-26,2.496931,2.510758,2.488041,2.489029,645728016
2025-06-27,2.495943,2.517672,2.491004,2.497918,464919102
2025-06-30,2.501869,2.532488,2.501869,2.530513,575762789
2025-07-01,2.530513,2.538414,2.509770,2.537426,388380780
2025-07-02,2.531500,2.532488,2.504832,2.514709,384424270
2025-07-03,2.513722,2.528537,2.504832,2.525574,351904325
2025-07-04,2.518660,2.541377,2.505820,2.515697,333574096
2025-07-07,2.511746,2.522611,2.510758,2.518660,162496460
2025-07-08,2.517672,2.555205,2.512734,2.554218,408341132
2025-07-09,2.556193,2.563107,2.541377,2.546316,443421057
2025-07-10,2.545328,2.564095,2.537427,2.551255,371182948
2025-07-11,2.553230,2.589775,2.544340,2.576935,681163909
2025-07-14,2.578910,2.579898,2.566070,2.574960,474159608
2025-07-15,2.572984,2.581873,2.541377,2.566070,402189324
2025-07-16,2.567058,2.588787,2.563107,2.576935,354503198
2025-07-17,2.572984,2.608542,2.570021,2.607554,296636599
2025-07-18,2.608542,2.620394,2.599652,2.613480,292069104
2025-07-21,2.613480,2.636197,2.613480,2.635210,638365107
2025-07-22,2.637185,2.652001,2.628296,2.651013,301110458
2025-07-23,2.652001,2.663853,2.632247,2.641136,387038935
2025-07-24,2.639161,2.678669,2.635210,2.676694,511780538
2025-07-25,2.678669,2.678669,2.659903,2.674718,413442464
2025-07-28,2.675706,2.689534,2.659903,2.682620,636824676
2025-07-29,2.678669,2.707313,2.659903,2.705337,362942982
2025-07-30,2.702374,2.702374,2.659903,2.680645,482801497
2025-07-31,2.672743,2.692497,2.647062,2.661878,392244411
2025-08-01,2.657927,2.677681,2.644099,2.659903,375988764
2025-08-04,2.649038,2.693485,2.643112,2.692497,389897697
2025-08-05,2.692497,2.709288,2.688546,2.708300,336730609
2025-08-06,2.707312,2.741882,2.701386,2.736944,545459310
2025-08-07,2.739907,2.746821,2.717190,2.737932,508460233
2025-08-08,2.734969,2.738919,2.717190,2.729042,267509312
2025-08-11,2.731018,2.779415,2.730030,2.768551,817421895
2025-08-12,2.769538,2.779415,2.753735,2.778428,392998739
2025-08-13,2.781391,2.825838,2.781391,2.818924,604396213
2025-08-14,2.821887,2.824850,2.777440,2.788305,618946675
2025-08-15,2.775465,2.847567,2.773489,2.845592,705619418
2025-08-18,2.850530,2.904855,2.847567,2.887076,891477346
2025-08-19,2.884113,2.908805,2.870285,2.889051,520186443
2025-08-20,2.877199,2.923621,2.858432,2.921646,807727119
2025-08-21,2.926584,2.934486,2.880162,2.894978,852015569
2025-08-22,2.891027,2.947326,2.891027,2.945351,709515708
2025-08-25,2.958191,3.001650,2.955228,2.983871,698136020
2025-08-26,2.973994,3.008564,2.965105,2.983871,350081789
2025-08-27,2.982884,3.019429,2.925596,2.931523,548447772
2025-08-28,2.914732,2.973007,2.880162,2.972019,916711712
2025-08-29,2.965105,2.988810,2.941400,2.969056,534085171
2025-09-01,2.977945,3.006589,2.960166,3.000663,389943842
2025-09-02,2.990785,2.992761,2.894977,2.922633,684285132
2025-09-03,2.924609,2.935473,2.863371,2.878186,629199415
2025-09-04,2.875223,2.897941,2.771514,2.811022,1336910395
2025-09-05,2.810035,2.897941,2.804108,2.893002,768723305
2025-09-08,2.892014,2.925596,2.879174,2.916707,1149658211
2025-09-09,2.907818,2.918682,2.870285,2.883125,351648767
2025-09-10,2.879174,2.914732,2.866334,2.885100,490106344
2025-09-11,2.874236,2.963129,2.851518,2.962142,612519305
2025-09-12,2.963130,2.984859,2.950289,2.963130,472103577
2025-09-15,2.964117,2.975970,2.953252,2.960166,365882233
2025-09-16,2.960166,2.995724,2.936461,2.991773,332243113
2025-09-17,2.983871,3.023380,2.976957,3.018441,403877469
2025-09-18,3.021404,3.060913,2.947326,2.979920,678408438
2025-09-19,2.976957,3.000662,2.953252,2.969056,313835217
2025-09-22,2.970043,2.995724,2.959179,2.993748,248171374
2025-09-23,2.991773,2.993748,2.903867,2.958191,429979117
2025-09-24,2.939425,3.011527,2.929547,3.009552,407601273
2025-09-25,3.008564,3.021404,2.992761,2.998687,375093092
2025-09-26,2.988810,3.005601,2.956215,2.958191,293412203
2025-09-29,2.955228,3.006589,2.947326,2.994736,599342326
2025-09-30,3.005601,3.037208,3.000662,3.025355,390829856
2025-10-09,3.036220,3.065851,3.029306,3.051036,419747414
2025-10-10,3.042146,3.042146,3.001650,3.010540,510707140
2025-10-13,2.913744,3.013503,2.899916,3.001650,542341339
2025-10-14,3.015478,3.038195,2.933498,2.948314,505974202
2025-10-15,2.941400,2.992761,2.924609,2.988810,431160491
2025-10-16,2.974982,2.984859,2.949301,2.958191,396589754
2025-10-17,2.953252,2.967080,2.869297,2.873248,542043688
2025-10-20,2.888064,2.919670,2.875223,2.891027,377555171
2025-10-21,2.898928,2.939424,2.891027,2.931523,603896981
2025-10-22,2.916707,2.936461,2.904855,2.921646,325575660
2025-10-23,2.912756,2.927572,2.873248,2.923621,419130209
2025-10-27,2.990785,3.004613,2.970043,2.992761,507765845
2025-10-28,2.988810,3.014490,2.973994,2.987822,302040243
2025-10-29,2.993748,3.029306,2.981896,3.028318,353465816
2025-10-30,3.023380,3.026343,2.986835,2.997699,438635840
2025-10-31,2.994736,3.034244,2.990785,2.999675,530660830
2025-11-03,2.997699,3.016466,2.961154,3.011527,489834617
2025-11-04,3.002638,3.005601,2.952265,2.971031,342481384
2025-11-05,2.941400,2.994736,2.937449,2.985847,354743247
2025-11-06,2.985847,3.022392,2.980908,3.019429,221836711
2025-11-07,3.009552,3.031282,2.991773,3.017454,187756324
2025-11-10,3.031281,3.036220,3.002638,3.021404,207779434
2025-11-11,3.030294,3.041158,3.007576,3.014490,246945009
2025-11-12,3.007576,3.014490,2.968068,2.996711,260154533
2025-11-13,2.988810,3.042146,2.984859,3.038195,332169918
2025-11-14,3.015478,3.034245,2.996712,2.997699,335187023
2025-11-17,2.997699,3.016466,2.989798,3.004613,265158673
2025-11-18,2.997699,3.004613,2.964117,2.980908,402508204
2025-11-19,2.974982,2.990785,2.937449,2.955228,435518215
2025-11-20,2.971031,2.976957,2.933498,2.936461,413413864
2025-11-21,2.907818,2.917695,2.826825,2.826825,974623250
2025-11-24,2.834727,2.873248,2.823862,2.859420,581002485
2025-11-25,2.871273,2.921646,2.871273,2.896953,817354910
2025-11-26,2.898928,2.920658,2.885101,2.896953,384465960
2025-11-27,2.896953,2.930535,2.895965,2.899916,255884868
2025-11-28,2.898928,2.933498,2.892014,2.930535,182699208
2025-12-01,2.939425,2.956216,2.932511,2.950289,296228774
2025-12-02,2.949302,2.949302,2.915719,2.925596,214907549
2025-12-03,2.927572,2.931523,2.890039,2.898928,241744327
2025-12-04,2.899916,2.909793,2.874236,2.901891,255258681
2025-12-05,2.897941,2.943375,2.876211,2.941400,509474023
2025-12-08,2.948314,2.976957,2.944363,2.967080,404364159
2025-12-09,2.964117,2.974982,2.947326,2.950289,238018175
2025-12-10,2.945351,2.968068,2.929547,2.962142,378737177
2025-12-11,2.967080,2.972019,2.927572,2.931523,462293222
2025-12-12,2.932510,2.961154,2.921646,2.951277,535058749
2025-12-15,2.941400,2.954240,2.924609,2.930535,268919880
2025-12-16,2.926584,2.926584,2.862383,2.880162,337804903
2025-12-17,2.873248,2.928559,2.863371,2.918682,452032429
2025-12-18,2.898928,2.940412,2.897941,2.912756,291718142
2025-12-19,2.923621,2.948314,2.913744,2.937449,338444749
2025-12-22,2.949302,2.976957,2.948314,2.964117,272015929
2025-12-23,2.962142,2.978933,2.949302,2.961154,213444229
2025-12-24,2.956216,3.011527,2.956216,3.007576,318340968
2025-12-25,3.006589,3.043134,3.001650,3.033257,369447114
2025-12-26,3.031282,3.064864,3.025355,3.044122,763731657
2025-12-29,3.044122,3.058937,3.028318,3.039183,427984743
2025-12-30,3.030294,3.059925,3.024368,3.042146,296175084
2025-12-31,3.049060,3.052023,3.023380,3.041158,408618682
2026-01-05,3.052023,3.113261,3.050048,3.111286,394175565
2026-01-06,3.118200,3.160672,3.109311,3.155733,511493235
2026-01-07,3.155733,3.178450,3.147831,3.163635,560107944
2026-01-08,3.156721,3.204131,3.156721,3.191290,338257499
2026-01-09,3.186352,3.269319,3.186352,3.264381,869145775
2026-01-12,3.282160,3.372041,3.270307,3.364140,1050504198
2026-01-13,3.366115,3.369078,3.277221,3.295988,959587911
2026-01-14,3.278209,3.377968,3.261418,3.303889,1746936879
2026-01-15,3.277221,3.308828,3.259442,3.303889,970751647
2026-01-16,3.325619,3.329570,3.269319,3.295000,1907144482
2026-01-19,3.276000,3.327000,3.271000,3.304000,2148968844
2026-01-20,3.308000,3.320000,3.242000,3.277000,1579120385
2026-01-21,3.258000,3.323000,3.254000,3.305000,5531528920
2026-01-22,3.315000,3.330000,3.300000,3.330000,1968484586
2026-01-23,3.343000,3.411000,3.330000,3.402000,3412275226
2026-01-26,3.406000,3.424000,3.319000,3.344000,2724660480
2026-01-27,3.331000,3.370000,3.272000,3.357000,1658356928
2026-01-28,3.355000,3.374000,3.332000,3.366000,2266138347
2026-01-29,3.357000,3.394000,3.323000,3.340000,1496102260
2026-01-30,3.321000,3.340000,3.229000,3.311000,813444553
2026-02-02,3.274000,3.297000,3.171000,3.175000,1501811180
2026-02-03,3.215000,3.293000,3.204000,3.284000,892554855
2026-02-04,3.280000,3.293000,3.239000,3.289000,989024602
2026-02-05,3.259000,3.265000,3.210000,3.232000,710863857
2026-02-06,3.190000,3.268000,3.177000,3.221000,1221740140
2026-02-09,3.262000,3.304000,3.261000,3.302000,944362426
2026-02-10,3.300000,3.312000,3.281000,3.301000,434578018
2026-02-11,3.295000,3.328000,3.295000,3.303000,394626399
2026-02-12,3.301000,3.344000,3.291000,3.336000,636210441
2026-02-13,3.320000,3.332000,3.281000,3.285000,1079324757
2026-02-24,3.321000,3.351000,3.298000,3.322000,571900212
2026-02-25,3.328000,3.382000,3.327000,3.371000,1352661132
2026-02-26,3.378000,3.400000,3.358000,3.396000,1120088952
2026-02-27,3.383000,3.432000,3.366000,3.431000,601095827
2026-03-02,3.396000,3.420000,3.357000,3.393000,1031242300
2026-03-03,3.396000,3.405000,3.255000,3.268000,1084775070
2026-03-04,3.235000,3.299000,3.226000,3.238000,806775656
2026-03-05,3.285000,3.295000,3.248000,3.266000,778934083
2026-03-06,3.245000,3.313000,3.245000,3.300000,454058568
2026-03-09,3.250000,3.298000,3.197000,3.287000,700741453
2026-03-10,3.310000,3.346000,3.309000,3.344000,627368356
2026-03-11,3.346000,3.360000,3.335000,3.346000,414581334
2026-03-12,3.332000,3.356000,3.302000,3.338000,398649896
2026-03-13,3.320000,3.345000,3.282000,3.291000,331806097
2026-03-16,3.284000,3.294000,3.235000,3.285000,384359570
2026-03-17,3.285000,3.292000,3.210000,3.212000,530466241
2026-03-18,3.216000,3.243000,3.191000,3.240000,988433529
2026-03-19,3.195000,3.209000,3.152000,3.170000,566367705
2026-03-20,3.175000,3.202000,3.114000,3.117000,790650950
2026-03-23,3.070000,3.093000,2.944000,2.967000,1015503106
2026-03-24,3.002000,3.046000,2.949000,3.044000,1152965185
2026-03-25,3.062000,3.117000,3.062000,3.101000,1132693581
2026-03-26,3.086000,3.111000,3.049000,3.057000,434464143
2026-03-27,3.016000,3.119000,3.016000,3.106000,474300567
2026-03-30,3.069000,3.115000,3.048000,3.109000,572075868
2026-03-31,3.105000,3.120000,3.050000,3.051000,511044910
2026-04-01,3.101000,3.121000,3.081000,3.107000,582722002
2026-04-02,3.090000,3.111000,3.032000,3.055000,537118695
2026-04-03,3.066000,3.069000,3.012000,3.020000,365770211
2026-04-07,3.026000,3.062000,3.025000,3.045000,609754503
2026-04-08,3.120000,3.191000,3.100000,3.189000,1181620016
2026-04-09,3.156000,3.186000,3.152000,3.171000,876736237
2026-04-10,3.186000,3.231000,3.186000,3.201000,545524973
2026-04-13,3.185000,3.219000,3.174000,3.213000,529168811
2026-04-14,3.240000,3.265000,3.225000,3.263000,464273580
2026-04-15,3.283000,3.284000,3.240000,3.246000,487496477
2026-04-16,3.253000,3.305000,3.247000,3.298000,637599764
2026-04-17,3.290000,3.343000,3.288000,3.330000,638413390
2026-04-20,3.329000,3.359000,3.324000,3.345000,771544832
2026-04-21,3.337000,3.348000,3.310000,3.344000,598420528
2026-04-22,3.327000,3.402000,3.327000,3.401000,726903783
2026-04-23,3.401000,3.406000,3.329000,3.355000,897280040
2026-04-24,3.329000,3.355000,3.309000,3.326000,1129195213
2026-04-27,3.323000,3.353000,3.309000,3.339000,1184360294
2026-04-28,3.326000,3.335000,3.282000,3.297000,1047300385
2026-04-29,3.284000,3.351000,3.274000,3.346000,1692582455
2026-04-30,3.336000,3.368000,3.335000,3.362000,1784754868
2026-05-06,3.383000,3.455000,3.383000,3.433000,1364313617
2026-05-07,3.448000,3.497000,3.437000,3.493000,644362484
2026-05-08,3.472000,3.516000,3.466000,3.506000,858878388
2026-05-11,3.525000,3.569000,3.513000,3.555000,1008020130
2026-05-12,3.555000,3.558000,3.514000,3.540000,526347387
2026-05-13,3.510000,3.603000,3.510000,3.598000,486650617
2026-05-14,3.610000,3.613000,3.525000,3.529000,628072853
2026-05-15,3.526000,3.554000,3.461000,3.488000,1098945964
2026-05-18,3.473000,3.527000,3.461000,3.503000,677039595
2026-05-19,3.500000,3.545000,3.454000,3.542000,646330325
2026-05-20,3.517000,3.546000,3.492000,3.545000,667646831
2026-05-21,3.555000,3.583000,3.422000,3.432000,1014267883
2026-05-22,3.446000,3.531000,3.431000,3.495000,1024574631
2026-05-25,3.511000,3.543000,3.484000,3.539000,876187824
2026-05-26,3.515000,3.522000,3.445000,3.499000,512626597
2026-05-27,3.491000,3.519000,3.414000,3.437000,712299493
2026-05-28,3.437000,3.485000,3.404000,3.472000,695836315
2026-05-29,3.479000,3.488000,3.363000,3.383000,1351891663
2026-06-01,3.368000,3.420000,3.355000,3.359000,1170716711
2026-06-02,3.358000,3.394000,3.307000,3.368000,1249128292
2026-06-03,3.370000,3.436000,3.359000,3.389000,1313278326
2026-06-04,3.350000,3.400000,3.350000,3.385000,757699547
2026-06-05,3.366000,3.423000,3.340000,3.358000,748048004
2026-06-08,3.290000,3.324000,3.216000,3.258000,1299302247
2026-06-09,3.283000,3.348000,3.259000,3.341000,1529807072
2026-06-10,3.300000,3.332000,3.265000,3.303000,631423067
2026-06-11,3.279000,3.313000,3.258000,3.286000,523278240
2026-06-12,3.322000,3.367000,3.299000,3.309000,653798120
2026-06-15,3.344000,3.440000,3.342000,3.439000,911016450
2026-06-16,3.449000,3.508000,3.430000,3.491000,823181296
2026-06-17,3.475000,3.520000,3.468000,3.519000,405930270
2026-06-18,3.501000,3.553000,3.500000,3.544000,410609177
2026-06-22,3.555000,3.595000,3.482000,3.580000,580212395
2026-06-23,3.562000,3.579000,3.485000,3.510000,580459780
2026-06-24,3.507000,3.556000,3.472000,3.551000,882868186
2026-06-25,3.549000,3.584000,3.528000,3.569000,417739741
2026-06-26,3.550000,3.560000,3.461000,3.484000,540517674
2026-06-29,3.474000,3.511000,3.404000,3.475000,1104878351
2026-06-30,3.467000,3.581000,3.458000,3.577000,743602234
2026-07-01,3.555000,3.615000,3.555000,3.585000,447238234
2026-07-02,3.563000,3.583000,3.480000,3.491000,866807707
2026-07-03,3.477000,3.534000,3.466000,3.488000,657408841
2026-07-06,3.499000,3.523000,3.417000,3.435000,1098020550
2026-07-07,3.411000,3.438000,3.347000,3.368000,1200056580
2026-07-08,3.368000,3.376000,3.289000,3.290000,1637883192
2026-07-09,3.300000,3.362000,3.233000,3.354000,1811263848
2026-07-10,3.359000,3.410000,3.312000,3.312000,1220106318
2026-07-13,3.300000,3.312000,3.145000,3.158000,2287747148
2026-07-14,3.161000,3.207000,3.101000,3.206000,1990298078
2026-07-15,3.206000,3.226000,3.150000,3.169000,1150648372
2026-07-16,3.134000,3.176000,3.075000,3.092000,1809407948
2026-07-17,3.081000,3.087000,2.889000,2.908000,3277676279
2026-07-20,2.944000,2.980000,2.748000,2.818000,3066381124
2026-07-21,2.824000,2.939000,2.720000,2.933000,3065818819
2026-07-22,2.909000,2.953000,2.879000,2.891000,2798478266
2026-07-23,2.892000,2.937000,2.879000,2.914000,940791734
2026-07-24,2.886000,2.904000,2.828000,2.832000,1251286210
2026-07-27,2.830000,2.931000,2.825000,2.930000,1687793685
2026-07-28,2.891000,2.909000,2.834000,2.848000,1845682081
2026-07-29,2.849000,2.894000,2.796000,2.878000,2834990126
2026-07-30,2.860000,2.891000,2.768000,2.798000,1951217859
2026-07-31,2.877000,2.934000,2.860000,2.864000,3052011166
2026-08-03,2.850000,2.890000,2.849000,2.867000,1209069378
2026-08-04,2.885000,2.965000,2.880000,2.943000,1744231306
2026-08-05,2.930000,3.048000,2.928000,3.035000,1654908070
2026-08-06,3.000000,3.063000,2.999000,3.049000,2297233146
2026-08-07,3.048000,3.113000,3.016000,3.111000,2205244011
2026-08-10,,,,,445212895
