date,open,high,low,close,volume
2017-08-03,0.978921,0.978921,0.978921,0.978921,0
2017-08-04,0.978921,0.978921,0.978921,0.978921,0
2017-08-11,0.978921,0.978921,0.978921,0.978921,0
2017-08-18,0.978921,0.978921,0.978921,0.978921,0
2017-08-25,0.978921,0.978921,0.978921,0.978921,0
2017-08-31,0.993311,0.993311,0.993311,0.993311,0
2017-09-01,0.993604,1.030803,0.993604,1.014162,323168700
2017-09-04,1.025909,1.042551,1.021014,1.033740,68143900
2017-09-05,1.029825,1.036677,1.009267,1.032761,26435900
2017-09-06,1.017099,1.067024,1.017099,1.041572,57910700
2017-09-07,1.041572,1.041572,1.022972,1.023951,26759700
2017-09-08,1.024930,1.047445,1.024930,1.035698,43312200
2017-09-11,1.028846,1.069960,1.028846,1.068002,38845200
2017-09-12,1.071918,1.102265,1.052340,1.068981,49598300
2017-09-13,1.055277,1.066045,1.048424,1.065066,25859600
2017-09-14,1.060171,1.062129,1.043530,1.047445,19455800
2017-09-15,1.044508,1.047445,1.018078,1.021014,36289900
2017-09-18,1.021993,1.032761,1.014162,1.025909,25305700
2017-09-19,1.025909,1.030803,1.015141,1.020035,26052000
2017-09-20,1.019056,1.045487,1.018077,1.044508,31343800
2017-09-21,1.045487,1.045487,1.016120,1.017099,14487500
2017-09-22,1.015141,1.015141,0.995562,1.000457,33896000
2017-09-25,1.001436,1.008288,0.981857,0.981857,14380500
2017-09-26,0.991647,0.998499,0.984794,0.991647,13390700
2017-09-27,0.988710,1.012204,0.987731,1.007309,13690500
2017-09-28,1.007309,1.012204,0.997520,0.999478,4539600
2017-09-29,0.999478,1.012204,0.992626,1.002415,4697700
2017-10-09,1.008288,1.015141,1.004373,1.007309,5564000
2017-10-10,1.007309,1.007309,0.988710,0.996541,6016300
2017-10-11,0.995562,0.995562,0.972068,0.980879,28453200
2017-10-12,0.981858,0.981858,0.961300,0.974026,21209900
2017-10-13,0.975005,0.981857,0.975005,0.976963,17472700
2017-10-16,0.977942,0.990668,0.971089,0.985773,24543700
2017-10-17,0.982836,0.982836,0.963258,0.965216,13437200
2017-10-18,0.966195,0.966195,0.949553,0.950532,8354300
2017-10-19,0.945637,0.956406,0.944658,0.948574,7470600
2017-10-20,0.948574,0.967174,0.946616,0.966195,10172700
2017-10-23,0.961300,0.964237,0.955427,0.964237,2159500
2017-10-24,0.964237,0.972068,0.961300,0.968153,3692600
2017-10-25,0.968153,0.968153,0.959342,0.965216,3144600
2017-10-26,0.965216,0.975984,0.960321,0.975005,5211400
2017-10-27,0.973047,0.973047,0.960321,0.961300,2823900
2017-10-30,0.959342,0.959342,0.931933,0.942701,6013000
2017-10-31,0.945637,0.956406,0.940743,0.954448,8604100
2017-11-01,0.960321,0.965216,0.952490,0.957384,11633900
2017-11-02,0.949553,0.962279,0.945637,0.949553,3458100
2017-11-03,0.944658,0.949553,0.929975,0.933890,5618100
2017-11-06,0.930954,0.937806,0.925080,0.934869,4926000
2017-11-07,0.936827,0.945637,0.928017,0.941722,3018900
2017-11-08,0.939764,0.952490,0.933890,0.945637,9795900
2017-11-09,0.947595,0.952490,0.939764,0.943680,5996500
2017-11-10,0.942701,0.943680,0.937806,0.939764,3169400
2017-11-13,0.941722,0.942701,0.929975,0.937806,7135100
2017-11-14,0.937806,0.940743,0.925080,0.928996,4844100
2017-11-15,0.926059,0.926059,0.899628,0.899628,14605400
2017-11-16,0.900607,0.903544,0.890818,0.890818,4948000
2017-11-17,0.891797,0.897670,0.872218,0.874176,5346900
2017-11-20,0.874176,0.883965,0.861450,0.882986,4448800
2017-11-21,0.882987,0.882987,0.872218,0.879071,4459700
2017-11-22,0.880050,0.887881,0.878092,0.885923,3332600
2017-11-23,0.887881,0.904523,0.880050,0.881029,13764600
2017-11-24,0.882008,0.904523,0.872218,0.899628,7013900
2017-11-27,0.900607,0.905502,0.879071,0.880050,11178000
2017-11-28,0.871239,0.893755,0.871239,0.892776,4080000
2017-11-29,0.892776,0.914312,0.887881,0.911375,22885700
2017-11-30,0.918228,0.918228,0.898649,0.903544,7887900
2017-12-01,0.903544,0.908438,0.895712,0.900607,6892300
2017-12-04,0.910396,0.910396,0.899628,0.900607,5587200
2017-12-05,0.896691,0.896691,0.866345,0.871239,9519200
2017-12-06,0.862429,0.869282,0.851661,0.867324,8057200
2017-12-07,0.866345,0.874176,0.864387,0.867324,3931300
2017-12-08,0.867324,0.875155,0.863408,0.873197,3550100
2017-12-11,0.875155,0.885923,0.870261,0.885923,4045200
2017-12-12,0.883965,0.895712,0.882008,0.882986,11148100
2017-12-13,0.881029,0.884944,0.876134,0.883965,2195900
2017-12-14,0.882986,0.892776,0.879071,0.882008,3859400
2017-12-15,0.884944,0.884944,0.873197,0.878092,2947900
2017-12-18,0.877113,0.881029,0.872218,0.880050,2166900
2017-12-19,0.878092,0.880050,0.875155,0.879071,2048500
2017-12-20,0.877113,0.878092,0.860471,0.865366,3052800
2017-12-21,0.865366,0.875155,0.862429,0.871239,2622400
2017-12-22,0.868303,0.887881,0.868303,0.882008,5369300
2017-12-25,0.882986,0.887881,0.877113,0.877113,4565000
2017-12-26,0.881029,0.882986,0.870261,0.882986,2428500
2017-12-27,0.882008,0.903544,0.882008,0.891797,9613400
2017-12-28,0.894733,0.929975,0.891797,0.926059,21071700
2017-12-29,0.929975,0.929975,0.912354,0.922143,16961000
2018-01-02,0.925080,0.928017,0.917249,0.928017,3621709
2018-01-03,0.928017,0.947595,0.923122,0.937806,9086700
2018-01-04,0.935848,0.951511,0.928996,0.951511,5155900
2018-01-05,0.947595,0.952490,0.940743,0.943680,5236000
2018-01-08,0.939764,0.969132,0.938785,0.964237,12373800
2018-01-09,0.964237,0.973047,0.956406,0.964237,6500100
2018-01-10,0.959342,0.970110,0.945637,0.952490,5770391
2018-01-11,0.949553,0.966195,0.949553,0.957384,7446900
2018-01-12,0.959342,0.960321,0.945637,0.951511,6761200
2018-01-15,0.951511,0.951511,0.910396,0.916270,7923500
2018-01-16,0.916270,0.924101,0.912354,0.924101,5787900
2018-01-17,0.924101,0.924101,0.895712,0.909417,6520500
2018-01-18,0.909417,0.916270,0.903544,0.910396,7019400
2018-01-19,0.910396,0.919207,0.905502,0.915291,4829300
2018-01-22,0.910396,0.926059,0.910396,0.926059,6349300
2018-01-23,0.930954,0.940743,0.924101,0.938785,10282500
2018-01-24,0.937806,0.937806,0.924101,0.932911,8752500
2018-01-25,0.943680,0.951511,0.938785,0.943680,18560600
2018-01-26,0.939764,0.939764,0.926059,0.933890,7966900
2018-01-29,0.928996,0.946616,0.928996,0.933890,10272900
2018-01-30,0.933890,0.948574,0.927038,0.928996,12835500
2018-01-31,0.927038,0.929975,0.914312,0.921164,5927900
2018-02-01,0.919207,0.926059,0.887881,0.889839,6307900
2018-02-02,0.889839,0.920185,0.867324,0.913333,9115200
2018-02-05,0.897670,0.917249,0.894733,0.907459,4169900
2018-02-06,0.882008,0.911375,0.868303,0.871239,10784100
2018-02-07,0.881029,0.893755,0.863408,0.871239,6397400
2018-02-08,0.861450,0.876134,0.851661,0.860471,3851400
2018-02-09,0.851661,0.865366,0.803694,0.817399,4127200
2018-02-12,0.819357,0.849703,0.818378,0.846766,18581500
2018-02-13,0.846766,0.863408,0.846766,0.857535,2656000
2018-02-14,0.859492,0.869282,0.853619,0.868303,1872100
2018-02-22,0.871239,0.906481,0.871239,0.897670,9537500
2018-02-23,0.898649,0.905502,0.888860,0.905502,5417000
2018-02-26,0.904523,0.918228,0.895712,0.912354,13489300
2018-02-27,0.912354,0.912354,0.891797,0.892776,2429900
2018-02-28,0.882986,0.906481,0.876134,0.900607,3729800
2018-03-01,0.895712,0.905502,0.887881,0.903544,3067300
2018-03-02,0.897670,0.914312,0.893755,0.898649,7188000
2018-03-05,0.900607,0.910396,0.892776,0.897670,4896300
2018-03-06,0.904523,0.910396,0.888860,0.909417,5738800
2018-03-07,0.904523,0.908438,0.892776,0.892776,3832600
2018-03-08,0.897670,0.908438,0.893755,0.895712,8269400
2018-03-09,0.892776,0.898649,0.890818,0.897670,2119500
2018-03-12,0.896691,0.928996,0.896691,0.926059,10642200
2018-03-13,0.927038,0.927038,0.917249,0.922143,4540300
2018-03-14,0.922143,0.942701,0.917249,0.927038,10773600
2018-03-15,0.928017,0.930954,0.916270,0.924101,4497900
2018-03-16,0.924101,0.924101,0.909417,0.910396,1245500
2018-03-19,0.904523,0.912354,0.897670,0.907459,3161600
2018-03-20,0.897670,0.905502,0.894733,0.901586,1108700
2018-03-21,0.902565,0.908438,0.887881,0.891797,5575300
2018-03-22,0.897670,0.904523,0.891797,0.892776,5000300
2018-03-23,0.878092,0.878092,0.832083,0.848724,5427700
2018-03-26,0.841872,0.867324,0.836977,0.867324,4252600
2018-03-27,0.871239,0.892776,0.871239,0.892776,1985000
2018-03-28,0.883965,0.883965,0.870260,0.873197,682300
2018-03-29,0.877113,0.878092,0.866345,0.877113,605400
2018-03-30,0.874176,0.878092,0.872218,0.874176,759700
2018-04-02,0.876134,0.882008,0.873197,0.874176,1020900
2018-04-03,0.869282,0.869282,0.858513,0.862429,756700
2018-04-04,0.862429,0.869282,0.856556,0.857535,683700
2018-04-09,0.855577,0.867324,0.855577,0.860471,3930900
2018-04-10,0.861450,0.880050,0.861450,0.880050,3515400
2018-04-11,0.888860,0.892776,0.878092,0.886902,3350900
2018-04-12,0.891797,0.891797,0.875155,0.876134,1493400
2018-04-13,0.879071,0.880050,0.866345,0.870261,1183100
2018-04-16,0.868303,0.872218,0.858513,0.861450,1079400
2018-04-17,0.864387,0.865366,0.836977,0.837956,2732100
2018-04-18,0.841872,0.844809,0.820336,0.841872,3450400
2018-04-19,0.848724,0.868303,0.847745,0.862429,8087200
2018-04-20,0.854598,0.856556,0.840893,0.843830,2463500
2018-04-23,0.843830,0.843830,0.827188,0.835998,1736400
2018-04-24,0.835998,0.847745,0.822293,0.844809,3869700
2018-04-25,0.840893,0.847745,0.836977,0.839914,2875900
2018-04-26,0.838935,0.839914,0.823272,0.826209,1508300
2018-04-27,0.833062,0.837956,0.820336,0.825230,2218300
2018-05-02,0.827188,0.829146,0.821314,0.821314,882731
2018-05-03,0.822293,0.826209,0.810546,0.825230,2533616
2018-05-04,0.825230,0.828167,0.820336,0.822293,1060600
2018-05-07,0.826209,0.839914,0.824251,0.837956,3726700
2018-05-08,0.838935,0.846766,0.837956,0.846766,1865300
2018-05-09,0.839914,0.846766,0.837956,0.844809,1235100
2018-05-10,0.846766,0.850682,0.842851,0.844809,2120700
2018-05-11,0.845788,0.865366,0.845788,0.857535,4906000
2018-05-14,0.857535,0.879071,0.856556,0.860471,3386200
2018-05-15,0.861450,0.863408,0.853619,0.863408,950200
2018-05-16,0.862429,0.862429,0.846766,0.848724,947300
2018-05-17,0.848724,0.858513,0.845788,0.848724,3623600
2018-05-18,0.850682,0.855577,0.842851,0.852640,1592300
2018-05-21,0.853619,0.865366,0.853619,0.857535,1136700
2018-05-22,0.862429,0.862429,0.847745,0.857535,3522200
2018-05-23,0.853619,0.856556,0.839914,0.840893,1173500
2018-05-24,0.835019,0.845787,0.835019,0.839914,1641600
2018-05-25,0.837956,0.841872,0.826209,0.830125,886500
2018-05-28,0.830125,0.831104,0.822293,0.824251,910800
2018-05-29,0.824251,0.827188,0.820336,0.823272,2501300
2018-05-30,0.811525,0.814462,0.799778,0.799778,2585800
2018-05-31,0.804673,0.807610,0.797820,0.804673,1259200
2018-06-01,0.803694,0.813483,0.800757,0.805652,2542600
2018-06-04,0.806631,0.806631,0.794884,0.795863,1795400
2018-06-05,0.802715,0.805652,0.793905,0.804673,1847900
2018-06-06,0.815441,0.820336,0.806631,0.817399,2971000
2018-06-07,0.818378,0.825230,0.814462,0.815441,5634000
2018-06-08,0.814462,0.814462,0.797820,0.800757,2017800
2018-06-11,0.800757,0.811525,0.800757,0.806631,3846100
2018-06-12,0.806631,0.808589,0.795863,0.808589,1636100
2018-06-13,0.805652,0.805652,0.797820,0.798799,733900
2018-06-14,0.799778,0.802715,0.794884,0.796841,1367400
2018-06-15,0.795863,0.797820,0.778242,0.785094,5548000
2018-06-19,0.776284,0.776284,0.724401,0.733212,3292900
2018-06-20,0.733212,0.738106,0.722443,0.736148,903900
2018-06-21,0.734191,0.740064,0.711675,0.713633,1960900
2018-06-22,0.711675,0.727338,0.695034,0.725380,1638100
2018-06-25,0.726359,0.735169,0.719507,0.720486,2375600
2018-06-26,0.716570,0.727338,0.709718,0.723422,1908300
2018-06-27,0.723422,0.726359,0.716570,0.718528,419900
2018-06-28,0.719507,0.728317,0.713633,0.714612,1092900
2018-06-29,0.714612,0.734191,0.710696,0.732233,2715800
2018-07-02,0.734191,0.734191,0.709718,0.715591,2460800
2018-07-03,0.715591,0.718528,0.696992,0.717549,2116100
2018-07-04,0.716570,0.719507,0.707760,0.710696,555900
2018-07-05,0.708739,0.708739,0.687202,0.688181,1107000
2018-07-06,0.687202,0.700907,0.677413,0.693076,1086900
2018-07-09,0.694055,0.707760,0.693076,0.706781,1788000
2018-07-10,0.704823,0.721465,0.704823,0.717549,5428400
2018-07-11,0.709718,0.717549,0.696013,0.708739,953700
2018-07-12,0.705802,0.721465,0.703844,0.719507,1919100
2018-07-13,0.719507,0.730275,0.715591,0.727338,2503000
2018-07-16,0.728317,0.728317,0.716570,0.723422,2214400
2018-07-17,0.720486,0.723422,0.714612,0.721465,1369900
2018-07-18,0.721465,0.724401,0.714612,0.714612,1163900
2018-07-19,0.717549,0.719507,0.704823,0.705802,831800
2018-07-20,0.706781,0.714612,0.701886,0.711675,1999800
2018-07-23,0.711675,0.728317,0.710696,0.726359,2237100
2018-07-24,0.729296,0.745938,0.726359,0.742022,3484800
2018-07-25,0.746917,0.749853,0.734191,0.737127,2037500
2018-07-26,0.739085,0.743980,0.728317,0.730275,1450300
2018-07-27,0.729296,0.730275,0.723422,0.725380,853600
2018-07-30,0.725380,0.733212,0.719507,0.723422,2591000
2018-07-31,0.723422,0.725380,0.716570,0.718528,1485200
2018-08-01,0.720486,0.724401,0.703844,0.704823,1330500
2018-08-02,0.704823,0.704823,0.673497,0.692097,2582400
2018-08-03,0.692097,0.692097,0.677413,0.681329,1431200
2018-08-06,0.682308,0.682308,0.652940,0.654898,2234600
2018-08-07,0.654898,0.668603,0.641193,0.667624,3791000
2018-08-08,0.663708,0.669582,0.654898,0.656856,677400
2018-08-09,0.661750,0.675455,0.661750,0.670561,3824200
2018-08-10,0.670561,0.674476,0.666645,0.671540,361400
2018-08-13,0.667624,0.674476,0.661750,0.673497,1091100
2018-08-14,0.671540,0.675455,0.665666,0.673497,902000
2018-08-15,0.672518,0.672518,0.654898,0.654898,1177100
2018-08-16,0.651961,0.655877,0.641193,0.648045,1009600
2018-08-17,0.650982,0.663708,0.638256,0.638256,788600
2018-08-20,0.641193,0.648045,0.637277,0.648045,477400
2018-08-21,0.648045,0.658814,0.648045,0.655877,640700
2018-08-22,0.655877,0.655877,0.646088,0.649024,589500
2018-08-23,0.648045,0.652940,0.645109,0.650982,320700
2018-08-24,0.646088,0.651961,0.645109,0.649024,518800
2018-08-27,0.650982,0.660771,0.649024,0.658814,1008600
2018-08-28,0.660771,0.670561,0.655877,0.665666,2406600
2018-08-29,0.665666,0.665666,0.656856,0.659793,1112200
2018-08-30,0.655877,0.662729,0.651961,0.652940,909000
2018-08-31,0.651961,0.651961,0.640214,0.643151,1797300
2018-09-03,0.645109,0.645109,0.635320,0.643151,1645900
2018-09-04,0.642172,0.648045,0.638256,0.646088,1615900
2018-09-05,0.643151,0.644130,0.631404,0.633362,1794300
2018-09-06,0.631404,0.637277,0.625530,0.629446,1846300
2018-09-07,0.629446,0.635320,0.626509,0.627488,1078400
2018-09-10,0.627488,0.627488,0.612804,0.613783,1353500
2018-09-11,0.615741,0.615741,0.606931,0.611825,2652000
2018-09-12,0.611825,0.618678,0.610846,0.614762,384700
2018-09-13,0.617699,0.626509,0.617699,0.623573,2902900
2018-09-14,0.624551,0.634341,0.624551,0.628467,2795600
2018-09-17,0.622594,0.622594,0.610847,0.612804,785400
2018-09-18,0.611825,0.623573,0.609868,0.623573,1017800
2018-09-19,0.623573,0.634341,0.621615,0.630425,1486800
2018-09-20,0.630425,0.639235,0.630425,0.631404,2369000
2018-09-21,0.636298,0.650003,0.627488,0.646088,2448900
2018-09-25,0.646088,0.649024,0.641193,0.645109,1527500
2018-09-26,0.646088,0.651961,0.644130,0.648045,1157300
2018-09-27,0.646088,0.650003,0.641193,0.641193,944600
2018-09-28,0.641193,0.649024,0.637277,0.649024,1429100
2018-10-08,0.644130,0.648046,0.630425,0.632383,3934200
2018-10-09,0.629446,0.643151,0.629446,0.639235,1068900
2018-10-10,0.642172,0.646088,0.630425,0.636298,562100
2018-10-11,0.616720,0.625530,0.576584,0.583437,1693400
2018-10-12,0.587352,0.592247,0.570711,0.588331,2076900
2018-10-15,0.587352,0.588331,0.577563,0.578542,466100
2018-10-16,0.578542,0.581479,0.559943,0.559943,1071200
2018-10-17,0.571690,0.576584,0.547217,0.558964,1444400
2018-10-18,0.563858,0.563858,0.538406,0.539385,1211600
2018-10-19,0.539385,0.552111,0.528617,0.549175,906100
2018-10-22,0.555048,0.586373,0.551132,0.580500,2480400
2018-10-23,0.572669,0.576584,0.563858,0.564837,2158000
2018-10-24,0.565816,0.621615,0.561900,0.573648,2354600
2018-10-25,0.570711,0.579521,0.555048,0.573648,1273500
2018-10-26,0.579521,0.590289,0.573648,0.577563,3043100
2018-10-29,0.574626,0.577563,0.560922,0.564837,1654400
2018-10-30,0.559943,0.574626,0.557006,0.571690,1862300
2018-10-31,0.574626,0.593226,0.564837,0.589310,4588500
2018-11-01,0.593226,0.597142,0.579521,0.590289,3497200
2018-11-02,0.599099,0.612804,0.592247,0.605952,4377900
2018-11-05,0.603994,0.607910,0.596163,0.600078,1925300
2018-11-06,0.594205,0.599099,0.590289,0.594205,1378300
2018-11-07,0.597142,0.619657,0.597142,0.608889,4661800
2018-11-08,0.608889,0.611825,0.592247,0.594205,2500900
2018-11-09,0.594205,0.597142,0.582458,0.585395,1435200
2018-11-12,0.585395,0.596163,0.579521,0.595184,2035400
2018-11-13,0.591268,0.604973,0.587352,0.603994,3286900
2018-11-14,0.602036,0.607910,0.597142,0.600078,1808400
2018-11-15,0.600078,0.608889,0.598121,0.607910,1361000
2018-11-16,0.609868,0.613783,0.604973,0.607910,1524200
2018-11-19,0.607910,0.612804,0.603015,0.609868,2052500
2018-11-20,0.605952,0.613783,0.601057,0.602036,3306800
2018-11-21,0.599099,0.601057,0.593226,0.600078,1564300
2018-11-22,0.602036,0.603994,0.596163,0.598121,810400
2018-11-23,0.595184,0.595184,0.568753,0.568753,4940800
2018-11-26,0.565816,0.571690,0.561900,0.564837,2444800
2018-11-27,0.571690,0.572669,0.565816,0.569732,1657700
2018-11-28,0.564837,0.574627,0.561901,0.574627,2134500
2018-11-29,0.577563,0.588331,0.572669,0.572669,8096500
2018-11-30,0.569732,0.578542,0.567774,0.578542,2329300
2018-12-03,0.588331,0.595184,0.584416,0.593226,3483900
2018-12-04,0.591268,0.595184,0.590289,0.595184,1962900
2018-12-05,0.587352,0.603015,0.585395,0.595184,3836700
2018-12-06,0.592247,0.596163,0.588331,0.590289,2742500
2018-12-07,0.588331,0.592247,0.585395,0.587352,1016100
2018-12-10,0.585395,0.588331,0.581479,0.583437,1431600
2018-12-11,0.583437,0.588331,0.583437,0.588331,736100
2018-12-12,0.591268,0.591268,0.586373,0.588331,946500
2018-12-13,0.587352,0.594205,0.583437,0.591268,2550000
2018-12-14,0.588331,0.594205,0.573648,0.573648,2081000
2018-12-17,0.571690,0.579521,0.570711,0.578542,1813200
2018-12-18,0.575605,0.580500,0.573648,0.579521,1935800
2018-12-19,0.579521,0.579521,0.572669,0.572669,995000
2018-12-20,0.572669,0.575605,0.567774,0.571690,806800
2018-12-21,0.571690,0.572669,0.561900,0.564837,1099800
2018-12-24,0.563858,0.566795,0.561900,0.565816,210100
2018-12-25,0.562879,0.562879,0.548196,0.557006,945400
2018-12-26,0.556027,0.557985,0.554069,0.556027,355200
2018-12-27,0.558964,0.563858,0.549175,0.549175,775100
2018-12-28,0.550153,0.556027,0.549174,0.555048,200600
2019-01-02,0.556027,0.556027,0.545259,0.545259,525200
2019-01-03,0.545259,0.555048,0.544280,0.552111,1892400
2019-01-04,0.552111,0.567774,0.551132,0.566795,1999900
2019-01-07,0.552111,0.578542,0.551132,0.577563,2429400
2019-01-08,0.575605,0.577563,0.564837,0.568753,2664800
2019-01-09,0.571690,0.571690,0.564837,0.565816,6186700
2019-01-10,0.563858,0.568753,0.560922,0.563858,2921900
2019-01-11,0.563858,0.568753,0.561900,0.568753,4740600
2019-01-14,0.566795,0.570711,0.563858,0.565816,2105400
2019-01-15,0.564837,0.572669,0.563858,0.570711,1853100
2019-01-16,0.569732,0.570711,0.564837,0.567774,2102300
2019-01-17,0.568753,0.571690,0.561900,0.563858,3746200
2019-01-18,0.563858,0.578542,0.562879,0.577563,4744000
2019-01-21,0.580500,0.580500,0.573648,0.577563,4540500
2019-01-22,0.575605,0.575605,0.563858,0.568753,3399500
2019-01-23,0.565816,0.571690,0.563858,0.569732,2655000
2019-01-24,0.569732,0.569732,0.563858,0.567774,3402100
2019-01-25,0.564837,0.567774,0.563858,0.565816,4552300
2019-01-28,0.569732,0.570711,0.561900,0.563858,4715300
2019-01-29,0.561900,0.561900,0.545259,0.553090,4871600
2019-01-30,0.553090,0.555048,0.548196,0.549175,1725600
2019-01-31,0.548196,0.554069,0.538406,0.541343,3597400
2019-02-01,0.542322,0.553090,0.542322,0.553090,3909100
2019-02-11,0.553090,0.570711,0.553090,0.570711,7452500
2019-02-12,0.570711,0.574626,0.565816,0.572669,7505400
2019-02-13,0.572669,0.593226,0.570711,0.588331,12868800
2019-02-14,0.589310,0.591268,0.581479,0.586373,7346500
2019-02-15,0.585395,0.595184,0.581479,0.585395,6550200
2019-02-18,0.591268,0.603994,0.587352,0.603994,6017300
2019-02-19,0.602036,0.608889,0.598121,0.605952,6791100
2019-02-20,0.607910,0.626509,0.606931,0.616720,9180900
2019-02-21,0.616720,0.622594,0.610847,0.615741,7841900
2019-02-22,0.611825,0.622594,0.604973,0.620636,7132300
2019-02-25,0.652940,0.682308,0.626509,0.682308,43376000
2019-02-26,0.700907,0.701886,0.655877,0.674476,54819600
2019-02-27,0.664687,0.679371,0.655877,0.661750,21983800
2019-02-28,0.661750,0.667624,0.654898,0.658814,16522200
2019-03-01,0.660772,0.662729,0.650982,0.662729,11385500
2019-03-04,0.668603,0.686223,0.662729,0.674476,25905600
2019-03-05,0.668603,0.682308,0.663708,0.680350,25515400
2019-03-06,0.681329,0.703844,0.680350,0.702865,30447200
2019-03-07,0.707760,0.734191,0.689160,0.719507,29499100
2019-03-08,0.690139,0.708739,0.670561,0.671540,29617700
2019-03-11,0.669582,0.691118,0.669582,0.686223,17122300
2019-03-12,0.693076,0.697970,0.680350,0.688181,23244100
2019-03-13,0.690139,0.696992,0.682308,0.685245,17071700
2019-03-14,0.680350,0.704823,0.673497,0.679371,19859600
2019-03-15,0.682308,0.688181,0.672519,0.685245,13281100
2019-03-18,0.687202,0.704823,0.687202,0.704823,22563600
2019-03-19,0.704823,0.705802,0.695034,0.700907,8773122
2019-03-20,0.698949,0.699928,0.682308,0.691118,16775778
2019-03-21,0.697970,0.705802,0.694055,0.699928,18315422
2019-03-22,0.694055,0.700907,0.685244,0.695034,12990000
2019-03-25,0.686223,0.690139,0.680350,0.680350,9504300
2019-03-26,0.684266,0.687202,0.668603,0.672518,7822600
2019-03-27,0.670561,0.674476,0.658814,0.664687,10503700
2019-03-28,0.660771,0.663708,0.653919,0.657835,6088200
2019-03-29,0.660771,0.675455,0.650982,0.674476,24017200
2019-04-01,0.683287,0.709718,0.681329,0.708739,34647900
2019-04-02,0.724401,0.732233,0.697970,0.722443,44133800
2019-04-03,0.723422,0.726359,0.708739,0.722443,21999100
2019-04-04,0.726359,0.741043,0.722443,0.731254,38221100
2019-04-08,0.742022,0.752790,0.726359,0.743980,45553400
2019-04-09,0.737127,0.737127,0.716570,0.723422,29111400
2019-04-10,0.723422,0.723422,0.708739,0.718528,20838800
2019-04-11,0.718528,0.724401,0.703844,0.704823,19403700
2019-04-12,0.698949,0.706781,0.693076,0.698949,14519300
2019-04-15,0.712654,0.717549,0.694055,0.695034,21241800
2019-04-16,0.686223,0.718528,0.684266,0.717549,42269300
2019-04-17,0.714612,0.720486,0.709718,0.713633,24073200
2019-04-18,0.717549,0.718528,0.701886,0.703844,17962800
2019-04-19,0.700907,0.710696,0.696013,0.709718,16997300
2019-04-22,0.709718,0.710696,0.691118,0.695034,17684600
2019-04-23,0.695034,0.695034,0.681329,0.687202,20275200
2019-04-24,0.687202,0.691118,0.679371,0.691118,12096900
2019-04-25,0.687202,0.690139,0.667624,0.668603,18124600
2019-04-26,0.665666,0.670561,0.654898,0.654898,20405600
2019-05-06,0.606931,0.613783,0.580500,0.583437,25620800
2019-05-07,0.588331,0.595184,0.583437,0.591268,17787200
2019-05-08,0.586373,0.597142,0.575605,0.591268,10489400
2019-05-09,0.593226,0.594205,0.585395,0.588331,12777400
2019-05-10,0.592247,0.603994,0.581479,0.603015,29132600
2019-05-13,0.592247,0.599099,0.590289,0.593226,15093000
2019-05-14,0.588331,0.601057,0.588331,0.594205,14081100
2019-05-15,0.598121,0.602036,0.595184,0.601057,9819300
2019-05-16,0.598121,0.628467,0.598121,0.627488,33210800
2019-05-17,0.628467,0.631404,0.595184,0.598121,93427600
2019-05-20,0.601057,0.605952,0.583437,0.605952,15941100
2019-05-21,0.607910,0.632383,0.599099,0.628467,36495100
2019-05-22,0.628467,0.629446,0.614762,0.616720,35633700
2019-05-23,0.614762,0.617699,0.603015,0.604973,15123900
2019-05-24,0.604973,0.613783,0.596163,0.599099,20283900
2019-05-27,0.602036,0.615741,0.596163,0.615741,11480500
2019-05-28,0.613783,0.616720,0.607910,0.610847,16060300
2019-05-29,0.611825,0.628467,0.611825,0.622594,89800800
2019-05-30,0.616720,0.630425,0.613783,0.628467,22186200
2019-05-31,0.627488,0.642172,0.623572,0.637277,25341900
2019-06-03,0.634341,0.636298,0.622594,0.623573,27780200
2019-06-04,0.623572,0.631404,0.610846,0.614762,8889300
2019-06-05,0.618678,0.624551,0.617699,0.620636,6413900
2019-06-06,0.618678,0.623572,0.612804,0.616720,6305800
2019-06-10,0.617699,0.623572,0.606931,0.622594,8117700
2019-06-11,0.622594,0.642172,0.617699,0.639235,27566100
2019-06-12,0.640214,0.662729,0.638256,0.647067,33497600
2019-06-13,0.645109,0.650982,0.638256,0.646088,11441300
2019-06-14,0.646088,0.655877,0.640214,0.641193,16143500
2019-06-17,0.636298,0.653919,0.636298,0.648045,8591600
2019-06-18,0.644130,0.644130,0.630425,0.637277,31203600
2019-06-19,0.646088,0.648046,0.637277,0.638256,29647600
2019-06-20,0.642172,0.651961,0.634341,0.650003,37710600
2019-06-21,0.650003,0.668603,0.647067,0.660771,35951700
2019-06-24,0.660771,0.668603,0.658814,0.664687,21297600
2019-06-25,0.666645,0.670561,0.656856,0.667624,18733700
2019-06-26,0.660771,0.660771,0.649024,0.650982,21633400
2019-06-27,0.649024,0.654898,0.649024,0.653919,11651600
2019-06-28,0.653919,0.658814,0.646088,0.649024,9825100
2019-07-01,0.651961,0.658814,0.646088,0.658814,20918100
2019-07-02,0.654898,0.662729,0.652940,0.661750,16674200
2019-07-03,0.667624,0.669582,0.656856,0.657835,10849400
2019-07-04,0.657835,0.660771,0.646088,0.649024,13076000
2019-07-05,0.649024,0.652940,0.646088,0.650982,7835700
2019-07-08,0.645109,0.650003,0.622594,0.627488,16040200
2019-07-09,0.621615,0.628467,0.621615,0.628467,3938700
2019-07-10,0.628467,0.628467,0.616720,0.618678,10224900
2019-07-11,0.625530,0.634341,0.624551,0.629446,13058800
2019-07-12,0.629446,0.629446,0.622594,0.624551,7570700
2019-07-15,0.624551,0.635319,0.617699,0.628467,256550000
2019-07-16,0.628467,0.632383,0.625530,0.629446,26527000
2019-07-17,0.628467,0.630425,0.618678,0.628467,17857700
2019-07-18,0.630425,0.637277,0.626509,0.626509,38266500
2019-07-19,0.632383,0.643151,0.631404,0.639235,25773200
2019-07-22,0.637277,0.638256,0.613783,0.624551,33866800
2019-07-23,0.620636,0.624551,0.618678,0.623573,35818000
2019-07-24,0.624551,0.633362,0.624551,0.630425,27160800
2019-07-25,0.630425,0.630425,0.625530,0.628467,19920600
2019-07-26,0.626509,0.627488,0.620636,0.624551,17225100
2019-07-29,0.625530,0.626509,0.622594,0.623573,12720500
2019-07-30,0.623573,0.632383,0.623573,0.630425,24983000
2019-07-31,0.630425,0.634341,0.623573,0.632383,15511100
2019-08-01,0.625530,0.633362,0.621615,0.627488,24477000
2019-08-02,0.623573,0.633362,0.623573,0.630425,24759900
2019-08-05,0.628467,0.644130,0.628467,0.640214,68198800
2019-08-06,0.635320,0.640214,0.619657,0.622594,60139400
2019-08-07,0.630425,0.651961,0.630425,0.648045,30334600
2019-08-08,0.654898,0.660771,0.644130,0.647067,16973000
2019-08-09,0.646088,0.654898,0.641193,0.642172,11325200
2019-08-12,0.641193,0.641193,0.631404,0.637277,24466500
2019-08-13,0.639235,0.650003,0.638256,0.648045,21230000
2019-08-14,0.639235,0.646088,0.636298,0.644130,111925299
2019-08-15,0.636298,0.642172,0.634341,0.640214,38709399
2019-08-16,0.641193,0.648046,0.638256,0.643151,60744299
2019-08-19,0.644130,0.650982,0.636298,0.650003,27896100
2019-08-20,0.648045,0.659793,0.644130,0.656856,35276599
2019-08-21,0.654898,0.654898,0.648046,0.649024,17038700
2019-08-22,0.647067,0.648045,0.639235,0.648045,24204200
2019-08-23,0.645109,0.648046,0.642172,0.645109,14518700
2019-08-26,0.647067,0.651961,0.646088,0.649024,17645100
2019-08-27,0.644130,0.653919,0.644130,0.653919,17249900
2019-08-28,0.651961,0.654898,0.648045,0.650003,11013400
2019-08-29,0.650003,0.653919,0.646088,0.651961,11768600
2019-08-30,0.648046,0.654898,0.647067,0.651961,13222500
2019-09-02,0.653919,0.660772,0.651961,0.659793,19762800
2019-09-03,0.660771,0.660771,0.656856,0.660771,12033200
2019-09-04,0.662729,0.670561,0.661750,0.668603,21224500
2019-09-05,0.679371,0.685244,0.669582,0.675455,40908100
2019-09-06,0.671540,0.673497,0.665666,0.667624,20015300
2019-09-09,0.669582,0.678392,0.666645,0.678392,15693800
2019-09-10,0.676434,0.686223,0.672518,0.678392,25757800
2019-09-11,0.682308,0.682308,0.673497,0.674476,17145100
2019-09-12,0.675455,0.677413,0.670561,0.675455,10879200
2019-09-16,0.678392,0.679371,0.673497,0.679371,12376400
2019-09-17,0.676434,0.676434,0.660772,0.661750,17762100
2019-09-18,0.662729,0.664687,0.657835,0.658814,7546500
2019-09-19,0.656856,0.667624,0.656856,0.666645,9049400
2019-09-20,0.666645,0.667624,0.663708,0.667624,7854700
2019-09-23,0.666645,0.666645,0.657835,0.660771,6377700
2019-09-24,0.661750,0.664687,0.657835,0.664687,6395800
2019-09-25,0.664687,0.665666,0.653919,0.659793,7275800
2019-09-26,0.658814,0.659793,0.637277,0.639235,16023500
2019-09-27,0.640214,0.642172,0.633362,0.637277,10303300
2019-09-30,0.637277,0.639235,0.629446,0.629446,5939100
2019-10-08,0.631404,0.632383,0.626509,0.628467,4745500
2019-10-09,0.628467,0.635320,0.626509,0.635320,6084200
2019-10-10,0.635319,0.638256,0.633362,0.637277,3156600
2019-10-11,0.636298,0.636298,0.629446,0.634341,8623400
2019-10-14,0.635320,0.639235,0.632383,0.636298,14963500
2019-10-15,0.635320,0.636298,0.624551,0.624551,14960600
2019-10-16,0.626509,0.627488,0.616720,0.619657,12690100
2019-10-17,0.619657,0.621615,0.616720,0.619657,8728700
2019-10-18,0.620636,0.621615,0.607910,0.609868,11220800
2019-10-21,0.609868,0.611825,0.602036,0.606931,7214400
2019-10-22,0.608889,0.611825,0.606931,0.610847,5578800
2019-10-23,0.611825,0.611825,0.604973,0.607910,6671200
2019-10-24,0.607910,0.607910,0.602036,0.604973,7954900
2019-10-25,0.605952,0.609868,0.603015,0.607910,5953500
2019-10-28,0.606931,0.618678,0.606931,0.617699,13739300
2019-10-29,0.615741,0.616720,0.607910,0.609868,9850600
2019-10-30,0.609868,0.609868,0.602036,0.603015,7621800
2019-10-31,0.603994,0.605952,0.600078,0.600078,8388500
2019-11-01,0.601057,0.606931,0.600078,0.606931,6136500
2019-11-04,0.606931,0.611825,0.605952,0.609868,7364800
2019-11-05,0.609868,0.617699,0.605952,0.614762,16607200
2019-11-06,0.612804,0.621615,0.609868,0.614762,17156100
2019-11-07,0.613783,0.614762,0.608889,0.611825,8043400
2019-11-08,0.613783,0.616720,0.607910,0.608889,8128700
2019-11-11,0.605952,0.607910,0.594205,0.595184,14919200
2019-11-12,0.595184,0.598121,0.587352,0.590289,10501600
2019-11-13,0.592247,0.594205,0.590289,0.593226,6920500
2019-11-14,0.592247,0.592247,0.588331,0.592247,4400800
2019-11-15,0.589310,0.597142,0.588331,0.589310,4892500
2019-11-18,0.588331,0.593226,0.585395,0.592247,5290600
2019-11-19,0.591268,0.603994,0.591268,0.603015,13556134
2019-11-20,0.603015,0.609868,0.601057,0.606931,14450511
2019-11-21,0.605952,0.607910,0.602036,0.605952,7552611
2019-11-22,0.605952,0.613783,0.604973,0.609868,17108266
2019-11-25,0.612804,0.620636,0.602036,0.620636,19529800
2019-11-26,0.621615,0.621615,0.610847,0.618678,19562677
2019-11-27,0.618678,0.626509,0.612804,0.623573,17403254
2019-11-28,0.624551,0.624551,0.615741,0.616720,4754500
2019-11-29,0.616720,0.616720,0.609868,0.612804,9188700
2019-12-02,0.611825,0.615741,0.609868,0.613783,6985977
2019-12-03,0.610847,0.620636,0.609868,0.618678,6719800
2019-12-04,0.616720,0.632383,0.616720,0.630425,16599200
2019-12-05,0.631404,0.633362,0.624551,0.632383,14222677
2019-12-06,0.630425,0.632383,0.628467,0.631404,9135800
2019-12-09,0.630425,0.634341,0.627488,0.630425,8152900
2019-12-10,0.630425,0.641193,0.629446,0.637277,16944800
2019-12-11,0.636298,0.637277,0.629446,0.633362,11875489
2019-12-12,0.635319,0.638256,0.631404,0.631404,13689589
2019-12-13,0.632383,0.640214,0.632383,0.640214,13223489
2019-12-16,0.641193,0.643151,0.634341,0.642172,20106700
2019-12-17,0.642172,0.658814,0.641193,0.658814,35941700
2019-12-18,0.658814,0.659793,0.652940,0.657835,32275600
2019-12-19,0.655877,0.660772,0.654898,0.659793,16300200
2019-12-20,0.657835,0.662729,0.649024,0.651961,17559000
2019-12-23,0.650982,0.656856,0.643151,0.647067,25716600
2019-12-24,0.647067,0.679371,0.647067,0.677413,57860900
2019-12-25,0.678392,0.678392,0.670561,0.676434,31005500
2019-12-26,0.674476,0.685244,0.674476,0.683287,37091300
2019-12-27,0.689160,0.726359,0.686223,0.703844,135993700
2019-12-30,0.700907,0.711675,0.693076,0.710696,123453900
2019-12-31,0.705802,0.715591,0.703844,0.710696,85030900
2020-01-02,0.716570,0.725380,0.711675,0.720486,75047900
2020-01-03,0.722443,0.739085,0.716570,0.733212,147440300
2020-01-06,0.739085,0.760621,0.739085,0.758663,145840077
2020-01-07,0.750832,0.753769,0.742022,0.748874,115490677
2020-01-08,0.748874,0.748874,0.748874,0.748874,130111900
2020-01-09,0.741043,0.747895,0.735169,0.740064,104383900
2020-01-10,0.738106,0.740064,0.729296,0.736148,58545234
2020-01-13,0.742022,0.742022,0.742022,0.742022,86224400
2020-01-14,0.759642,0.759642,0.759642,0.759642,142122200
2020-01-15,0.752790,0.755727,0.737127,0.743001,72846634
2020-01-16,0.739085,0.748874,0.735169,0.739085,39005700
2020-01-17,0.743001,0.743980,0.730275,0.737127,44619600
2020-01-20,0.735169,0.742022,0.728317,0.741043,63879200
2020-01-21,0.742022,0.742022,0.718528,0.723422,73396000
2020-01-22,0.716570,0.735169,0.706781,0.728317,114621200
2020-01-23,0.722443,0.731254,0.695034,0.706781,92491677
2020-02-03,0.636298,0.656856,0.636298,0.636298,36220377
2020-02-04,0.634341,0.699928,0.630425,0.649024,66170711
2020-02-05,0.650003,0.678392,0.646088,0.667624,63649500
2020-02-06,0.667624,0.677413,0.654898,0.676434,68889900
2020-02-07,0.667624,0.674476,0.657835,0.669582,48370500
2020-02-10,0.663708,0.700907,0.663708,0.699928,74137077
2020-02-11,0.699928,0.707760,0.688181,0.696013,72508977
2020-02-12,0.692097,0.733212,0.691118,0.732233,88841877
2020-02-13,0.733212,0.747895,0.724401,0.731254,126454583
2020-02-14,0.730275,0.760621,0.730275,0.748874,120267877
2020-02-17,0.752790,0.766495,0.743001,0.764537,105438200
2020-02-18,0.768453,0.772368,0.755727,0.767474,87452000
2020-02-19,0.763558,0.763558,0.746916,0.749853,101191894
2020-02-20,0.747895,0.753769,0.740064,0.753769,76691694
2020-02-21,0.755727,0.769432,0.754748,0.766495,121129800
2020-02-24,0.769432,0.775305,0.745938,0.762579,89748200
2020-02-25,0.743980,0.769432,0.740064,0.767474,96186500
2020-02-26,0.748874,0.758664,0.737127,0.740064,87090000
2020-02-27,0.741043,0.746917,0.733212,0.738106,43834100
2020-02-28,0.713633,0.723422,0.688181,0.690139,89167700
2020-03-02,0.694055,0.713633,0.691118,0.710696,47327600
2020-03-03,0.726359,0.732233,0.712654,0.718528,64397300
2020-03-04,0.718528,0.730275,0.714612,0.729296,60320500
2020-03-05,0.737127,0.737127,0.723422,0.735169,98620700
2020-03-06,0.727338,0.743001,0.727338,0.734191,59917300
2020-03-09,0.722443,0.727338,0.695034,0.696992,101504000
2020-03-10,0.686223,0.706781,0.675455,0.706781,71950300
2020-03-11,0.708739,0.708739,0.696013,0.696992,38969400
2020-03-12,0.688181,0.688181,0.671540,0.678392,48698500
2020-03-13,0.647067,0.672518,0.637277,0.664687,74994700
2020-03-16,0.664687,0.670561,0.634341,0.636298,57125734
2020-03-17,0.638256,0.646088,0.612804,0.628467,76257700
2020-03-18,0.632383,0.639235,0.614762,0.616720,38397200
2020-03-19,0.614762,0.616720,0.595184,0.611825,87409800
2020-03-20,0.614762,0.622594,0.603994,0.622594,49911400
2020-03-23,0.604973,0.609868,0.594205,0.596163,70942600
2020-03-24,0.616720,0.624551,0.606931,0.623573,84326300
2020-03-25,0.642172,0.645109,0.632383,0.638256,111668608
2020-03-26,0.632383,0.637277,0.624551,0.630425,44998212
2020-03-27,0.634341,0.636298,0.625530,0.625530,65136900
2020-03-30,0.619657,0.619657,0.605952,0.610847,38152300
2020-03-31,0.613783,0.621615,0.609868,0.617699,80984900
2020-04-01,0.614762,0.632383,0.611825,0.628467,65815912
2020-04-02,0.620636,0.633362,0.615741,0.633362,99303412
2020-04-03,0.631404,0.636298,0.624551,0.625530,75517100
2020-04-07,0.638256,0.650003,0.636298,0.648045,73768200
2020-04-08,0.643151,0.657835,0.642172,0.651961,56611900
2020-04-09,0.654898,0.654898,0.646088,0.650003,44079700
2020-04-10,0.656856,0.658814,0.638256,0.638256,48941992
2020-04-13,0.635320,0.639235,0.632383,0.635320,28318600
2020-04-14,0.640214,0.660772,0.640214,0.659793,70320892
2020-04-15,0.657835,0.662729,0.651961,0.653919,44198900
2020-04-16,0.648046,0.655877,0.645109,0.653919,29924600
2020-04-17,0.656856,0.657835,0.648045,0.650003,41307300
2020-04-20,0.648045,0.650982,0.643151,0.650982,27292800
2020-04-21,0.646088,0.647067,0.633362,0.638256,39028000
2020-04-22,0.631404,0.641193,0.631404,0.640214,30575272
2020-04-23,0.642172,0.646088,0.639235,0.641193,26037400
2020-04-24,0.640214,0.646088,0.635320,0.639235,26100600
2020-04-27,0.634341,0.636298,0.628467,0.629446,30651700
2020-04-28,0.626509,0.628467,0.604973,0.618678,36422100
2020-04-29,0.615741,0.625530,0.615741,0.620636,43901600
2020-04-30,0.624551,0.637277,0.622594,0.637277,40072300
2020-05-06,0.630425,0.653919,0.629446,0.653919,76199400
2020-05-07,0.649024,0.653919,0.646088,0.650003,37562600
2020-05-08,0.654898,0.661750,0.648045,0.658814,46169500
2020-05-11,0.659793,0.659793,0.646088,0.649024,52623000
2020-05-12,0.647067,0.648046,0.637277,0.643151,44550500
2020-05-13,0.639235,0.649024,0.638256,0.646088,29905700
2020-05-14,0.644130,0.649024,0.642172,0.643151,23934600
2020-05-15,0.646088,0.653919,0.644130,0.651961,41193800
2020-05-18,0.656856,0.680350,0.653919,0.672518,133296200
2020-05-19,0.671540,0.671540,0.662729,0.666645,83971400
2020-05-20,0.667624,0.675455,0.661750,0.663708,61633500
2020-05-21,0.665666,0.666645,0.650982,0.653919,49598800
2020-05-22,0.650003,0.650982,0.636298,0.643151,49828800
2020-05-25,0.641193,0.642172,0.631404,0.636298,41589084
2020-05-26,0.639235,0.648046,0.638256,0.647067,46964800
2020-05-27,0.645109,0.647067,0.639235,0.645109,38570800
2020-05-28,0.645109,0.656856,0.641193,0.655877,53290125
2020-05-29,0.650003,0.659793,0.650003,0.658814,34067900
2020-06-01,0.660771,0.672518,0.656856,0.671540,79810300
2020-06-02,0.671540,0.675455,0.667624,0.670561,45576025
2020-06-03,0.670561,0.670561,0.663708,0.664687,42221500
2020-06-04,0.662729,0.669582,0.662729,0.667624,29248600
2020-06-05,0.665666,0.666645,0.659793,0.666645,23739900
2020-06-08,0.668603,0.677413,0.666645,0.672518,48322800
2020-06-09,0.674476,0.678392,0.669582,0.672518,49056600
2020-06-10,0.673497,0.675455,0.665666,0.667624,34386200
2020-06-11,0.671540,0.677413,0.668603,0.673497,63892900
2020-06-12,0.660771,0.668603,0.656856,0.666645,37597800
2020-06-15,0.659793,0.667624,0.655877,0.657835,36023100
2020-06-16,0.659793,0.680350,0.659793,0.679371,67600900
2020-06-17,0.678392,0.682308,0.672518,0.680350,39054800
2020-06-18,0.680350,0.687202,0.674476,0.684266,62772700
2020-06-19,0.684266,0.689160,0.680350,0.687202,43587300
2020-06-22,0.693076,0.700907,0.690139,0.692097,59769302
2020-06-23,0.695034,0.696992,0.689160,0.694055,38153200
2020-06-24,0.696013,0.698949,0.691118,0.694055,42336700
2020-06-29,0.691118,0.695034,0.683287,0.687202,42862300
2020-06-30,0.687202,0.695034,0.686223,0.693076,41397316
2020-07-01,0.696992,0.708739,0.696992,0.706781,59657800
2020-07-02,0.708739,0.715591,0.698949,0.714612,187482600
2020-07-03,0.724401,0.734191,0.718528,0.734191,357357300
2020-07-06,0.758664,0.807610,0.734191,0.800757,909200200
2020-07-07,0.833061,0.839914,0.774326,0.784115,919889900
2020-07-08,0.785094,0.825230,0.775305,0.824251,706738245
2020-07-09,0.840893,0.856556,0.817399,0.849703,854394645
2020-07-10,0.834040,0.839914,0.818378,0.822293,491039507
2020-07-13,0.827188,0.881029,0.827188,0.879071,678690144
2020-07-14,0.863408,0.863408,0.828167,0.844809,905448485
2020-07-15,0.852640,0.859492,0.807610,0.814462,531510696
2020-07-16,0.817399,0.831104,0.778242,0.784115,486185661
2020-07-17,0.783137,0.793905,0.768453,0.781179,339159261
2020-07-20,0.789010,0.828167,0.785094,0.827188,583900334
2020-07-21,0.834040,0.838935,0.813483,0.822293,383120442
2020-07-22,0.851661,0.860471,0.829146,0.834040,598308355
2020-07-23,0.833062,0.846766,0.818378,0.838935,471511626
2020-07-24,0.835019,0.842851,0.798799,0.804673,528405256
2020-07-27,0.813483,0.841872,0.808588,0.839914,677015712
2020-07-28,0.863408,0.872218,0.828167,0.833062,741979111
2020-07-29,0.832083,0.845787,0.819357,0.844809,408818378
2020-07-30,0.845787,0.849703,0.830125,0.833062,337086178
2020-07-31,0.831104,0.843830,0.822293,0.840893,416077311
2020-08-03,0.841872,0.858513,0.832083,0.856556,511687445
2020-08-04,0.863408,0.869282,0.851661,0.854598,488805118
2020-08-05,0.863408,0.885923,0.850682,0.880050,650084640
2020-08-06,0.885923,0.912354,0.881029,0.904523,829661983
2020-08-07,0.911375,0.919207,0.876134,0.892776,878370684
2020-08-10,0.874176,0.876134,0.853619,0.871239,518284595
2020-08-11,0.866345,0.870260,0.834040,0.841872,622552649
2020-08-12,0.812504,0.822293,0.793905,0.819357,599235946
2020-08-13,0.821314,0.823272,0.812504,0.815441,224865471
2020-08-14,0.818378,0.827188,0.809567,0.819357,222586193
2020-08-17,0.819357,0.849703,0.813483,0.847745,410493993
2020-08-18,0.856556,0.866345,0.852640,0.859492,356603500
2020-08-19,0.863408,0.866345,0.849703,0.854598,344341595
2020-08-20,0.836977,0.843830,0.833062,0.834040,190317650
2020-08-21,0.836977,0.842851,0.827188,0.832083,120728755
2020-08-24,0.832083,0.845788,0.825230,0.840893,144188140
2020-08-25,0.841872,0.844809,0.822293,0.827188,194320837
2020-08-26,0.823272,0.827188,0.802715,0.806631,165543549
2020-08-27,0.812504,0.816420,0.805652,0.815441,83197500
2020-08-28,0.809567,0.827188,0.804673,0.827188,173687055
2020-08-31,0.832083,0.853619,0.832083,0.838935,288734368
2020-09-01,0.836977,0.854598,0.835019,0.852640,207058000
2020-09-02,0.850682,0.850682,0.829146,0.834040,213362300
2020-09-03,0.828167,0.834040,0.819357,0.822293,135541200
2020-09-04,0.811525,0.819357,0.808588,0.819357,100435800
2020-09-07,0.821314,0.834040,0.806631,0.812504,177068952
2020-09-08,0.812504,0.818378,0.796841,0.816420,142535000
2020-09-09,0.802715,0.804673,0.789010,0.791947,190684321
2020-09-10,0.802715,0.807610,0.786073,0.789010,139579021
2020-09-11,0.784115,0.791947,0.779221,0.790968,87699376
2020-09-14,0.792926,0.811525,0.792926,0.805652,155389468
2020-09-15,0.808588,0.815441,0.805652,0.814462,103721689
2020-09-16,0.809567,0.812504,0.802715,0.806631,74032400
2020-09-17,0.803694,0.805652,0.792926,0.797820,74934432
2020-09-18,0.800757,0.822293,0.796841,0.820336,156291800
2020-09-21,0.823272,0.828167,0.811525,0.815441,145194400
2020-09-22,0.799778,0.806631,0.789989,0.792926,189948687
2020-09-23,0.794884,0.797820,0.785094,0.789989,100550087
2020-09-24,0.781179,0.782158,0.755727,0.758663,267589400
2020-09-25,0.763558,0.765516,0.753769,0.759642,97528372
2020-09-28,0.759643,0.761600,0.753769,0.757685,84341100
2020-09-29,0.761600,0.769432,0.760621,0.760621,87591751
2020-09-30,0.762579,0.763558,0.748874,0.754748,87452700
2020-10-09,0.765516,0.782158,0.764537,0.777263,145560816
2020-10-12,0.787052,0.799778,0.779221,0.798799,207359830
2020-10-13,0.793905,0.797820,0.787052,0.795863,148136637
2020-10-14,0.789010,0.790968,0.784115,0.788031,91174326
2020-10-15,0.785094,0.794884,0.785094,0.788031,103011306
2020-10-16,0.790968,0.793905,0.780200,0.785094,77204000
2020-10-19,0.787052,0.791947,0.782158,0.789989,85386599
2020-10-20,0.784115,0.790968,0.777263,0.790968,100403099
2020-10-21,0.792926,0.797820,0.787052,0.791947,117913973
2020-10-22,0.789989,0.790968,0.779221,0.789010,61319200
2020-10-23,0.786073,0.792926,0.778242,0.779221,90469296
2020-10-26,0.776284,0.781179,0.768453,0.777263,79942385
2020-10-27,0.776284,0.786073,0.774326,0.786073,68137500
2020-10-28,0.785094,0.797820,0.781179,0.795863,117910468
2020-10-29,0.779221,0.793905,0.778242,0.790968,105182068
2020-10-30,0.788031,0.791947,0.769432,0.770411,122709116
2020-11-02,0.769432,0.784115,0.769432,0.782158,112511927
2020-11-03,0.787052,0.824251,0.787052,0.821314,321092571
2020-11-04,0.821314,0.824251,0.812504,0.819357,161290235
2020-11-05,0.826209,0.834040,0.818378,0.833062,197777903
2020-11-06,0.848724,0.857534,0.838935,0.845787,300416817
2020-11-09,0.852640,0.883965,0.852640,0.878092,309401956
2020-11-10,0.871239,0.871239,0.851661,0.856556,256894700
2020-11-11,0.852640,0.862429,0.845787,0.847745,176957600
2020-11-12,0.843830,0.856556,0.837956,0.850682,137169522
2020-11-13,0.853619,0.869282,0.851661,0.862429,199469231
2020-11-16,0.867324,0.911375,0.861450,0.903544,538617384
2020-11-17,0.898649,0.907459,0.879071,0.888860,387919534
2020-11-18,0.886902,0.909417,0.881029,0.893755,403873094
2020-11-19,0.890818,0.890818,0.869282,0.881029,303138062
2020-11-20,0.876134,0.918228,0.876134,0.914312,468817360
2020-11-23,0.923122,0.960321,0.919207,0.943680,563353301
2020-11-24,0.936827,0.958363,0.923122,0.955427,531107299
2020-11-25,0.954448,0.962279,0.924101,0.928996,607660450
2020-11-26,0.926059,0.932911,0.914312,0.928996,464300282
2020-11-27,0.930954,0.932911,0.903544,0.925080,512664713
2020-11-30,0.924101,0.958363,0.919207,0.937806,686371306
2020-12-01,0.928017,0.946616,0.920185,0.945637,349810653
2020-12-02,0.952490,0.960321,0.931933,0.939764,402740767
2020-12-03,0.928996,0.936827,0.909417,0.910396,511047834
2020-12-04,0.909417,0.933890,0.906481,0.932911,386174294
2020-12-07,0.928017,0.939764,0.920185,0.924101,249460062
2020-12-08,0.928017,0.935848,0.917249,0.927038,215322504
2020-12-09,0.928017,0.941722,0.913333,0.915291,209673939
2020-12-10,0.906481,0.908438,0.890818,0.902565,266724200
2020-12-11,0.917249,0.923122,0.879071,0.892776,344192100
2020-12-14,0.884944,0.901586,0.872218,0.899628,212899000
2020-12-15,0.892776,0.900607,0.883965,0.897670,200729700
2020-12-16,0.899628,0.908438,0.889839,0.895712,171697175
2020-12-17,0.895712,0.937806,0.892776,0.937806,462264815
2020-12-18,0.937806,0.961300,0.932911,0.955427,482171878
2020-12-21,0.959342,0.983815,0.952490,0.982836,338962379
2020-12-22,0.968153,0.970110,0.929975,0.932911,402057697
2020-12-23,0.927038,0.963258,0.927038,0.949553,260092506
2020-12-24,0.955427,0.971089,0.947595,0.955427,229058322
2020-12-25,0.947595,1.006330,0.944658,1.005351,450010551
2020-12-28,1.008288,1.020035,0.992626,1.010246,430394662
2020-12-29,1.002415,1.005352,0.954448,0.955427,526126088
2020-12-30,0.957384,0.994583,0.957384,0.984794,362157478
2020-12-31,0.980879,1.007309,0.978921,0.997520,273149969
2021-01-04,1.011225,1.067024,1.011225,1.060171,383451798
2021-01-05,1.057234,1.077792,1.039614,1.068002,366280933
2021-01-06,1.076813,1.090518,1.052340,1.070939,380999216
2021-01-07,1.066045,1.120864,1.062129,1.113033,559650170
2021-01-08,1.123801,1.133590,1.068002,1.110096,652510572
2021-01-11,1.096391,1.114012,1.057234,1.067024,619964801
2021-01-12,1.045487,1.091497,1.037656,1.090518,537076476
2021-01-13,1.089539,1.119885,1.048424,1.058213,531501423
2021-01-14,1.042551,1.054298,1.022972,1.032761,384074890
2021-01-15,1.037656,1.051361,1.011225,1.042551,404797718
2021-01-18,1.034719,1.065066,1.021014,1.060171,388604075
2021-01-19,1.055276,1.062129,1.015141,1.022972,448031674
2021-01-20,1.022972,1.056255,1.022972,1.052340,429659743
2021-01-21,1.053319,1.102265,1.048424,1.092476,483453118
2021-01-22,1.090518,1.113033,1.072897,1.102265,503377723
2021-01-25,1.099328,1.148274,1.096391,1.115970,466221683
2021-01-26,1.106180,1.118906,1.071918,1.095412,406340556
2021-01-27,1.091497,1.098349,1.053319,1.086602,393709674
2021-01-28,1.059192,1.083665,1.044508,1.048424,348722333
2021-01-29,1.065066,1.071918,1.013183,1.036677,304763028
2021-02-01,1.043529,1.055276,1.028846,1.048424,239628643
2021-02-02,1.055276,1.082686,1.041572,1.078771,291982289
2021-02-03,1.067024,1.110096,1.063108,1.085623,314843732
2021-02-04,1.073876,1.079749,1.023951,1.040593,361093250
2021-02-05,1.034719,1.046466,0.986752,0.990668,448465709
2021-02-08,0.997520,1.034719,0.984794,1.031782,370988900
2021-02-09,1.038635,1.086602,1.038635,1.086602,390226741
2021-02-10,1.085623,1.114991,1.068002,1.110096,322437907
2021-02-18,1.220714,1.220714,1.161000,1.199178,809245153
2021-02-19,1.179599,1.206030,1.148274,1.197220,747657283
2021-02-22,1.237356,1.316648,1.237356,1.262808,972670290
2021-02-23,1.248124,1.267702,1.220714,1.236377,978830473
2021-02-24,1.227567,1.253018,1.168831,1.181557,964092681
2021-02-25,1.217777,1.222672,1.162958,1.168831,919292710
2021-02-26,1.115970,1.147295,1.108138,1.120864,761276001
2021-03-01,1.121843,1.161000,1.114991,1.160021,735558574
2021-03-02,1.150232,1.154147,1.111075,1.120864,657258900
2021-03-03,1.126738,1.163937,1.120864,1.162958,675816885
2021-03-04,1.131632,1.137506,1.106180,1.115970,618130690
2021-03-05,1.076813,1.090518,1.054298,1.077792,616002308
2021-03-08,1.096391,1.107159,1.044508,1.045487,458039767
2021-03-09,1.037656,1.064087,0.994583,1.026888,608131357
2021-03-10,1.041572,1.047445,1.021014,1.032761,353902433
2021-03-11,1.037656,1.098349,1.028846,1.097370,737049642
2021-03-12,1.101286,1.101286,1.068002,1.080728,574593388
2021-03-15,1.073876,1.105201,1.065066,1.085623,515458500
2021-03-16,1.085623,1.085623,1.041572,1.059192,377773077
2021-03-17,1.042551,1.069960,1.028846,1.066045,330478900
2021-03-18,1.077792,1.082686,1.064087,1.067024,278526700
2021-03-19,1.037656,1.054298,1.027867,1.042551,275412715
2021-03-22,1.039614,1.057234,1.027867,1.044508,232808400
2021-03-23,1.048424,1.049403,0.996541,1.003394,342478000
2021-03-24,0.991647,1.000457,0.960321,0.961300,389936989
2021-03-25,0.959342,0.979900,0.959342,0.970110,351651184
2021-03-26,0.969131,1.007309,0.969131,1.002415,309883067
2021-03-29,1.006331,1.011225,0.988710,0.999478,226850360
2021-03-30,0.992626,1.020035,0.981857,1.016120,322448709
2021-03-31,1.006331,1.006331,0.980879,0.988710,207409767
2021-04-01,0.991647,1.001436,0.985773,0.998499,177296995
2021-04-02,1.001436,1.011225,0.990668,1.008288,258937261
2021-04-06,1.022972,1.025909,1.011225,1.011225,243281400
2021-04-07,1.011225,1.025909,0.999478,1.024930,291268327
2021-04-08,1.018078,1.049403,1.014162,1.038635,355504327
2021-04-09,1.039614,1.049403,1.027867,1.034719,280725144
2021-04-12,1.027867,1.031782,0.986752,0.991647,273608283
2021-04-13,0.984794,0.992626,0.975005,0.985773,203864345
2021-04-14,0.986752,1.009267,0.985773,1.008288,247670458
2021-04-15,1.012204,1.025909,0.999478,1.022972,333306500
2021-04-16,1.035698,1.036677,1.013183,1.019056,289628900
2021-04-19,1.013183,1.057234,1.004373,1.055276,389223372
2021-04-20,1.045487,1.062129,1.038635,1.045487,283289734
2021-04-21,1.032761,1.044508,1.024930,1.040593,197865448
2021-04-22,1.048424,1.055276,1.039614,1.044508,224014846
2021-04-23,1.035698,1.057234,1.033740,1.053319,242056846
2021-04-26,1.066045,1.086602,1.059192,1.064087,395464336
2021-04-27,1.068981,1.078771,1.046466,1.065066,287090099
2021-04-28,1.056255,1.071918,1.041572,1.067024,225389999
2021-04-29,1.072897,1.084644,1.055276,1.078771,319206861
2021-04-30,1.070939,1.085623,1.061150,1.072897,296634233
2021-05-06,1.092475,1.109117,1.076813,1.102265,367196676
2021-05-07,1.113033,1.155126,1.113033,1.131632,490613379
2021-05-10,1.155126,1.192325,1.146316,1.191347,524479038
2021-05-11,1.155126,1.156105,1.109117,1.135548,600563588
2021-05-12,1.125759,1.148274,1.119885,1.141422,403007778
2021-05-13,1.111075,1.112054,1.080728,1.083665,457650316
2021-05-14,1.083665,1.092476,1.066045,1.091497,435321666
2021-05-17,1.086602,1.129675,1.086602,1.122822,449347499
2021-05-18,1.135548,1.151211,1.127717,1.134569,339389800
2021-05-19,1.117927,1.145337,1.114991,1.141422,332269664
2021-05-20,1.109117,1.119885,1.095412,1.107159,322596810
2021-05-21,1.104223,1.127717,1.099328,1.112054,297712921
2021-05-24,1.106180,1.117927,1.097370,1.104223,233083631
2021-05-25,1.108138,1.117927,1.088560,1.116948,372817145
2021-05-26,1.114012,1.131632,1.109117,1.128695,431557800
2021-05-27,1.125759,1.127717,1.116949,1.126738,263113906
2021-05-28,1.146316,1.157084,1.137506,1.143379,436402795
2021-05-31,1.155126,1.177641,1.152190,1.172747,319481554
2021-06-01,1.165895,1.176663,1.148274,1.173726,290876751
2021-06-02,1.166873,1.184494,1.152190,1.157084,328058415
2021-06-03,1.155126,1.178621,1.148274,1.159042,279496415
2021-06-04,1.131632,1.167852,1.125759,1.154148,236795715
2021-06-07,1.151211,1.163937,1.141422,1.149253,154238755
2021-06-08,1.146316,1.160021,1.117927,1.121843,235350228
2021-06-09,1.127717,1.135548,1.117927,1.125759,185610382
2021-06-10,1.123801,1.139464,1.122822,1.134569,188192298
2021-06-11,1.131632,1.144358,1.113033,1.138485,336600800
2021-06-15,1.132611,1.133590,1.091497,1.096391,253804500
2021-06-16,1.086602,1.088560,1.045487,1.048424,328406961
2021-06-17,1.038635,1.062129,1.038635,1.053319,194625466
2021-06-18,1.038635,1.076813,1.028846,1.076813,252221981
2021-06-21,1.066045,1.080728,1.060171,1.068002,169510752
2021-06-22,1.072897,1.081707,1.060171,1.073876,161298700
2021-06-23,1.073876,1.098349,1.070939,1.093454,206523241
2021-06-24,1.098349,1.100307,1.078771,1.085623,136218300
2021-06-25,1.087581,1.119885,1.084644,1.114991,212868310
2021-06-28,1.113033,1.119885,1.099328,1.105201,147719939
2021-06-29,1.105201,1.111075,1.085623,1.087581,133879707
2021-06-30,1.087581,1.111075,1.086602,1.106180,166912300
2021-07-01,1.107159,1.110096,1.085623,1.086602,153060575
2021-07-02,1.082686,1.114991,1.079750,1.100307,248024499
2021-07-05,1.107159,1.160021,1.107159,1.158063,365088152
2021-07-06,1.164916,1.177642,1.138485,1.164916,304826267
2021-07-07,1.147295,1.204073,1.133590,1.202115,344730380
2021-07-08,1.205051,1.230503,1.203094,1.204072,315549697
2021-07-09,1.204072,1.284344,1.197220,1.282386,334209856
2021-07-12,1.305880,1.337206,1.288260,1.318606,385251732
2021-07-13,1.320564,1.322522,1.290217,1.318606,288102701
2021-07-14,1.301965,1.304901,1.265745,1.272597,250297145
2021-07-15,1.268681,1.318606,1.249103,1.311754,263092704
2021-07-16,1.301965,1.351890,1.296091,1.314691,313234920
2021-07-19,1.307838,1.348953,1.294133,1.302943,279174774
2021-07-20,1.276513,1.314691,1.274555,1.305880,225678409
2021-07-21,1.317627,1.372447,1.310775,1.371468,231924169
2021-07-22,1.380278,1.407688,1.361679,1.399857,223601110
2021-07-23,1.399857,1.448803,1.389089,1.399857,272718600
2021-07-26,1.410625,1.429224,1.360700,1.417477,318917144
2021-07-27,1.427266,1.462507,1.337206,1.346995,472127858
2021-07-28,1.319585,1.354826,1.280428,1.312733,312985042
2021-07-29,1.346995,1.397899,1.334269,1.394962,276700514
2021-07-30,1.394962,1.419435,1.366573,1.409646,290038153
2021-08-02,1.426287,1.445866,1.366573,1.411604,287315878
2021-08-03,1.388110,1.398878,1.317627,1.328395,274049449
2021-08-04,1.329374,1.397899,1.323501,1.394962,239847851
2021-08-05,1.372447,1.393983,1.348953,1.371468,167145955
2021-08-06,1.394962,1.427266,1.383215,1.419435,223728900
2021-08-09,1.389088,1.396920,1.354826,1.391046,227880000
2021-08-10,1.379299,1.406709,1.352868,1.380278,196513800
2021-08-11,1.383215,1.418456,1.374405,1.404751,264750638
2021-08-12,1.404751,1.443908,1.393983,1.436077,235774385
2021-08-13,1.423351,1.468381,1.408667,1.448803,252206167
2021-08-16,1.440971,1.443908,1.381257,1.387131,252529223
2021-08-17,1.384194,1.415519,1.360700,1.372447,196161000
2021-08-18,1.371468,1.409646,1.353847,1.385173,187657743
2021-08-19,1.368531,1.407688,1.342100,1.393983,161021168
2021-08-20,1.377341,1.403772,1.360700,1.389089,170748468
2021-08-23,1.399857,1.439013,1.387131,1.429224,150978800
2021-08-24,1.432161,1.490896,1.431182,1.468381,175325617
2021-08-25,1.468381,1.493833,1.435098,1.490896,163817700
2021-08-26,1.490896,1.532990,1.483065,1.509496,190627900
2021-08-27,1.504601,1.565294,1.488938,1.557463,222824000
2021-08-30,1.565294,1.624029,1.560400,1.604451,282256632
2021-08-31,1.595641,1.639692,1.567252,1.635777,327819700
2021-09-01,1.640671,1.664165,1.515369,1.523201,520159259
2021-09-02,1.499706,1.571168,1.499706,1.554526,260362511
2021-09-03,1.538863,1.569210,1.482086,1.497749,265539900
2021-09-06,1.507538,1.518306,1.457613,1.515369,241175200
2021-09-07,1.509496,1.560400,1.498728,1.547674,204375300
2021-09-08,1.536906,1.574105,1.532011,1.547674,200295200
2021-09-09,1.544737,1.599556,1.544737,1.596620,278846700
2021-09-10,1.599556,1.660250,1.587809,1.634798,249574000
2021-09-13,1.656334,1.680807,1.623051,1.678849,247439284
2021-09-14,1.642629,1.664165,1.602493,1.619135,250268328
2021-09-15,1.606409,1.640671,1.593683,1.632840,185911361
2021-09-16,1.640671,1.652418,1.553547,1.558442,249524771
2021-09-17,1.540821,1.565294,1.464465,1.509496,246640657
2021-09-22,1.480128,1.519285,1.480128,1.511454,168736500
2021-09-23,1.527116,1.536906,1.500685,1.513411,227783000
2021-09-24,1.516348,1.533969,1.457613,1.461529,144075100
2021-09-27,1.448803,1.452718,1.360700,1.378320,208898600
2021-09-28,1.370489,1.385173,1.357763,1.370489,237989700
2021-09-29,1.352868,1.364615,1.307838,1.317627,215265629
2021-09-30,1.327416,1.352868,1.323501,1.348953,186551975
2021-10-08,1.377341,1.385173,1.326438,1.338185,230362109
2021-10-11,1.344058,1.364616,1.322522,1.358742,123234460
2021-10-12,1.352868,1.358742,1.295112,1.317627,133094720
2021-10-13,1.313712,1.341121,1.308817,1.336227,132169500
2021-10-14,1.342100,1.381257,1.340142,1.371468,187931646
2021-10-15,1.371468,1.389088,1.356784,1.382236,132002744
2021-10-18,1.394962,1.421393,1.375384,1.421393,198315281
2021-10-19,1.412583,1.423351,1.394962,1.421393,134248000
2021-10-20,1.389088,1.432161,1.381257,1.413561,160085885
2021-10-21,1.425309,1.448803,1.416498,1.429224,144011462
2021-10-22,1.415519,1.426287,1.376362,1.382236,144506449
2021-10-25,1.375383,1.406709,1.362657,1.404751,121274900
2021-10-26,1.410625,1.432161,1.407688,1.412583,114382300
2021-10-27,1.409646,1.419435,1.385173,1.395941,84557000
2021-10-28,1.380278,1.393004,1.336227,1.340142,145314639
2021-10-29,1.345037,1.357763,1.334269,1.350911,120004900
2021-11-01,1.346995,1.357763,1.322522,1.332311,117000800
2021-11-02,1.340142,1.350911,1.299028,1.316648,166043900
2021-11-03,1.313712,1.314691,1.284344,1.312733,131392700
2021-11-04,1.310775,1.319585,1.301965,1.317627,113955299
2021-11-05,1.311754,1.336227,1.303922,1.304901,143192400
2021-11-08,1.310775,1.362657,1.310775,1.360700,185812309
2021-11-09,1.366573,1.368531,1.350910,1.364615,114464500
2021-11-10,1.360700,1.360700,1.314691,1.338185,138889658
2021-11-11,1.334269,1.348953,1.327416,1.346995,117573300
2021-11-12,1.349932,1.364616,1.344058,1.347974,137889800
2021-11-15,1.346995,1.346995,1.307838,1.315669,107360254
2021-11-16,1.308817,1.318606,1.290217,1.293154,102303000
2021-11-17,1.288260,1.326438,1.288260,1.325459,132155255
2021-11-18,1.319585,1.357763,1.309796,1.342100,145641724
2021-11-19,1.336227,1.355805,1.331332,1.354826,129378679
2021-11-22,1.358742,1.396920,1.356784,1.395941,177897751
2021-11-23,1.405730,1.410625,1.392025,1.393004,190338207
2021-11-24,1.393004,1.421393,1.391046,1.415519,169067900
2021-11-25,1.419435,1.429224,1.407688,1.413561,114856064
2021-11-26,1.407688,1.445866,1.400836,1.427266,110552807
2021-11-29,1.399857,1.437056,1.395941,1.435098,114802007
2021-11-30,1.449782,1.454676,1.414541,1.421393,92089507
2021-12-01,1.421393,1.427266,1.396920,1.414540,95784868
2021-12-02,1.412582,1.425308,1.397899,1.414540,96003500
2021-12-03,1.414540,1.432161,1.397899,1.429224,98232864
2021-12-06,1.429224,1.435098,1.405730,1.407688,99062667
2021-12-07,1.418456,1.422372,1.371468,1.392025,126685877
2021-12-08,1.395941,1.417477,1.393983,1.415519,98087277
2021-12-09,1.417477,1.422372,1.405730,1.414540,97773500
2021-12-10,1.404751,1.429224,1.400836,1.428245,96177783
2021-12-13,1.429224,1.429224,1.404751,1.429224,108319932
2021-12-14,1.423351,1.423351,1.384194,1.387131,151615400
2021-12-15,1.385173,1.393004,1.356784,1.361679,130718500
2021-12-16,1.361679,1.375384,1.348953,1.373426,105089102
2021-12-17,1.373426,1.388110,1.356784,1.358742,117658377
2021-12-20,1.343079,1.344058,1.317627,1.319585,124866900
2021-12-21,1.316648,1.327417,1.307838,1.323501,78094600
2021-12-22,1.327416,1.333290,1.316648,1.321543,86110400
2021-12-23,1.335248,1.338185,1.320564,1.325459,108507799
2021-12-24,1.327416,1.332311,1.272597,1.274555,179490983
2021-12-27,1.274555,1.285323,1.261829,1.271618,211993400
2021-12-28,1.272597,1.310775,1.272597,1.309796,147518400
2021-12-29,1.306859,1.324480,1.300007,1.300986,105302630
2021-12-30,1.302943,1.313712,1.299028,1.302943,85553800
2021-12-31,1.305880,1.325459,1.303922,1.320564,114154100
2022-01-04,1.327416,1.330353,1.281407,1.291196,108206900
2022-01-05,1.281407,1.289239,1.253018,1.256934,113673800
2022-01-06,1.251061,1.278470,1.247145,1.273576,106150600
2022-01-07,1.267702,1.271618,1.235398,1.243229,120315500
2022-01-10,1.243229,1.262808,1.236377,1.254976,100123818
2022-01-11,1.253019,1.264766,1.246166,1.251061,87135000
2022-01-12,1.273576,1.301965,1.271618,1.300986,204972400
2022-01-13,1.304901,1.306859,1.270639,1.270639,168777200
2022-01-14,1.267702,1.275534,1.255955,1.271618,93541500
2022-01-17,1.265744,1.265744,1.246166,1.259871,107531770
2022-01-18,1.259871,1.277491,1.251061,1.269660,92991490
2022-01-19,1.265744,1.269660,1.229524,1.238335,118393600
2022-01-20,1.242250,1.255955,1.223651,1.228546,102771908
2022-01-21,1.225609,1.247145,1.214841,1.238335,144439292
2022-01-24,1.228545,1.266723,1.220714,1.256934,134478900
2022-01-25,1.249103,1.265744,1.225609,1.226588,107837300
2022-01-26,1.235398,1.248124,1.219735,1.234419,87507900
2022-01-27,1.239314,1.246166,1.203093,1.205051,86647200
2022-01-28,1.206030,1.213862,1.156105,1.176663,116287600
2022-02-07,1.204073,1.235398,1.202115,1.217777,127394700
2022-02-08,1.220714,1.220714,1.182536,1.217777,93166890
2022-02-09,1.223651,1.260850,1.221693,1.260850,152478700
2022-02-10,1.264766,1.279449,1.254976,1.270639,156156600
2022-02-11,1.268681,1.301965,1.255955,1.267702,180623921
2022-02-14,1.260850,1.295112,1.260850,1.279449,129328400
2022-02-15,1.282386,1.292175,1.261829,1.290218,125346441
2022-02-16,1.291196,1.311754,1.284344,1.297070,114848180
2022-02-17,1.293154,1.346016,1.290217,1.343079,162428500
2022-02-18,1.335248,1.343079,1.326438,1.338185,116308400
2022-02-21,1.340142,1.346995,1.318606,1.332311,136879500
2022-02-22,1.347974,1.363637,1.336227,1.362658,138800400
2022-02-23,1.355805,1.369510,1.347974,1.367552,130435100
2022-02-24,1.359721,1.373426,1.334269,1.351889,106051807
2022-02-25,1.360700,1.388109,1.351889,1.369510,119056700
2022-02-28,1.372447,1.400836,1.370489,1.400836,113690236
2022-03-01,1.400836,1.400836,1.352868,1.367552,163215713
2022-03-02,1.366573,1.393983,1.361679,1.386152,189256897
2022-03-03,1.394962,1.404751,1.380278,1.382236,224401100
2022-03-04,1.376363,1.389089,1.347974,1.355805,139688600
2022-03-07,1.365594,1.377341,1.341121,1.351889,100036769
2022-03-08,1.351890,1.351890,1.260850,1.275534,200121862
2022-03-09,1.269660,1.269660,1.193304,1.239314,213075800
2022-03-10,1.251061,1.278470,1.239314,1.260850,139846464
2022-03-11,1.241271,1.259871,1.214841,1.255955,84747400
2022-03-14,1.233440,1.241271,1.205051,1.206030,73471261
2022-03-15,1.191346,1.203093,1.145337,1.146316,130055700
2022-03-16,1.172747,1.200157,1.125759,1.193304,151951500
2022-03-17,1.208967,1.233440,1.207009,1.211904,104136700
2022-03-18,1.202115,1.224630,1.199178,1.220714,77559100
2022-03-21,1.235398,1.256934,1.215820,1.247145,81301300
2022-03-22,1.244208,1.270639,1.233440,1.253997,90248905
2022-03-23,1.253997,1.258892,1.240292,1.248124,74451900
2022-03-24,1.250082,1.272597,1.240293,1.264766,124933400
2022-03-25,1.261829,1.276513,1.243229,1.246166,98034000
2022-03-28,1.232461,1.247145,1.207988,1.229524,94068400
2022-03-29,1.228545,1.241271,1.219735,1.229524,82452100
2022-03-30,1.234419,1.249103,1.222672,1.248124,83351600
2022-03-31,1.247145,1.247145,1.208967,1.219735,79812400
2022-04-01,1.211904,1.238335,1.205051,1.227566,87458395
2022-04-06,1.221693,1.225609,1.200157,1.220714,78163000
2022-04-07,1.210925,1.227566,1.205051,1.207988,77227700
2022-04-08,1.204072,1.222672,1.190367,1.212883,82739400
2022-04-11,1.205051,1.205051,1.144358,1.150232,90826800
2022-04-12,1.144358,1.169810,1.139464,1.168831,145111600
2022-04-13,1.166874,1.212883,1.160021,1.203094,158910800
2022-04-14,1.204072,1.214841,1.191347,1.208967,100323900
2022-04-15,1.190367,1.200157,1.171768,1.178620,94223400
2022-04-18,1.167852,1.173726,1.143379,1.170789,98874600
2022-04-19,1.174705,1.188410,1.170789,1.175684,95149700
2022-04-20,1.174705,1.174705,1.126738,1.127717,177776400
2022-04-21,1.127717,1.133590,1.075834,1.080728,123464931
2022-04-22,1.068981,1.084644,1.053319,1.074855,122551100
2022-04-25,1.047445,1.049403,0.981857,0.985773,181658100
2022-04-26,0.982836,0.990668,0.947595,0.954448,145175463
2022-04-27,0.939764,1.037656,0.938785,1.031782,167902300
2022-04-28,1.023951,1.047445,1.015141,1.024930,92782100
2022-04-29,1.031782,1.078771,1.027867,1.076813,105581600
2022-05-05,1.076813,1.086602,1.059192,1.074855,66764900
2022-05-06,1.041572,1.048424,1.025909,1.034719,90972472
2022-05-09,1.023951,1.046466,1.021014,1.039614,135406800
2022-05-10,1.019056,1.052340,1.011225,1.051361,412729872
2022-05-11,1.046466,1.091497,1.041572,1.074855,522163916
2022-05-12,1.060171,1.073876,1.051361,1.063108,204990370
2022-05-13,1.067024,1.071918,1.051361,1.068002,140132972
2022-05-16,1.075834,1.091497,1.067024,1.070939,92395099
2022-05-17,1.070939,1.110096,1.069960,1.105201,120191760
2022-05-18,1.108138,1.111075,1.095412,1.100307,93791861
2022-05-19,1.083665,1.112054,1.072897,1.112054,94787200
2022-05-20,1.124780,1.147295,1.112054,1.145337,138074000
2022-05-23,1.150232,1.177642,1.141422,1.173726,114448818
2022-05-24,1.168831,1.178620,1.129674,1.132611,104156818
2022-05-25,1.129675,1.148274,1.120864,1.143379,93901700
2022-05-26,1.144358,1.154148,1.115970,1.145337,85910500
2022-05-27,1.154148,1.160021,1.128696,1.140443,109597200
2022-05-30,1.140443,1.153169,1.135548,1.145337,73929800
2022-05-31,1.145337,1.155126,1.124780,1.154148,98575884
2022-06-01,1.141422,1.143379,1.125759,1.138485,149822700
2022-06-02,1.134569,1.161979,1.128696,1.155126,118271498
2022-06-06,1.155126,1.218756,1.155126,1.215819,122606169
2022-06-07,1.215819,1.225609,1.201136,1.214841,82690357
2022-06-08,1.217777,1.249103,1.206030,1.241271,145876348
2022-06-09,1.228545,1.241271,1.213862,1.226588,101841385
2022-06-10,1.210925,1.258892,1.208967,1.256934,83364482
2022-06-13,1.244208,1.295112,1.242250,1.282386,151107579
2022-06-14,1.259871,1.274555,1.229524,1.273576,105357297
2022-06-15,1.271618,1.290217,1.256934,1.265744,108479000
2022-06-16,1.265744,1.285323,1.257913,1.264766,95096250
2022-06-17,1.255955,1.304901,1.253018,1.304901,149149382
2022-06-20,1.306859,1.307838,1.274555,1.291196,123268986
2022-06-21,1.284344,1.284344,1.226588,1.242250,161599600
2022-06-22,1.240293,1.258892,1.235398,1.235398,107099451
2022-06-23,1.236377,1.258892,1.209946,1.257913,106173734
2022-06-24,1.249103,1.254976,1.237356,1.250082,135041050
2022-06-27,1.245187,1.310775,1.243229,1.294133,163639009
2022-06-28,1.294133,1.317627,1.285323,1.316648,106791400
2022-06-29,1.311754,1.311754,1.259871,1.260850,148928421
2022-06-30,1.264766,1.295112,1.263787,1.286302,114627728
2022-07-01,1.286302,1.320564,1.272597,1.313712,187867089
2022-07-04,1.296091,1.337206,1.296091,1.332311,98489463
2022-07-05,1.332311,1.351889,1.319585,1.346995,126987904
2022-07-06,1.324480,1.332311,1.293154,1.308817,103199540
2022-07-07,1.306859,1.327416,1.293154,1.319585,76123493
2022-07-08,1.324480,1.337206,1.306859,1.309796,88000548
2022-07-11,1.300986,1.303922,1.242250,1.254976,96067287
2022-07-12,1.252040,1.270639,1.231482,1.238335,81061300
2022-07-13,1.232461,1.247145,1.210925,1.244208,109490826
2022-07-14,1.233440,1.255955,1.221693,1.244208,79900773
2022-07-15,1.235398,1.259871,1.219735,1.222672,85908213
2022-07-18,1.223651,1.242250,1.213862,1.242250,76920608
2022-07-19,1.237356,1.256934,1.227567,1.237356,98701050
2022-07-20,1.243229,1.262808,1.243229,1.251061,71699916
2022-07-21,1.250082,1.250082,1.224630,1.228546,116167851
2022-07-22,1.228545,1.236377,1.208967,1.225609,97917156
2022-07-25,1.225609,1.237356,1.213862,1.214841,76471089
2022-07-26,1.217777,1.251061,1.217777,1.240292,86798100
2022-07-27,1.238335,1.244208,1.220714,1.240292,79061250
2022-07-28,1.247145,1.250082,1.232461,1.238335,75754500
2022-07-29,1.239314,1.247145,1.227567,1.228546,74215100
2022-08-01,1.228545,1.251061,1.215819,1.250082,73876265
2022-08-02,1.234419,1.234419,1.197220,1.205051,103815400
2022-08-03,1.206030,1.230503,1.189389,1.197220,87390400
2022-08-04,1.198199,1.222672,1.190368,1.207009,75998000
2022-08-05,1.211904,1.243229,1.202115,1.242250,109738400
2022-08-08,1.231482,1.253997,1.224630,1.246166,92678700
2022-08-09,1.250082,1.263787,1.241271,1.257913,87376166
2022-08-10,1.261829,1.278470,1.249103,1.259871,97559900
2022-08-11,1.265744,1.267702,1.241271,1.264766,80415782
2022-08-12,1.260850,1.279449,1.256934,1.263787,85010400
2022-08-15,1.262808,1.291196,1.259871,1.286302,112502049
2022-08-16,1.288260,1.288260,1.263787,1.267702,71074801
2022-08-17,1.269660,1.270639,1.238335,1.253018,113508199
2022-08-18,1.246166,1.259871,1.242250,1.244208,76690000
2022-08-19,1.238335,1.244208,1.214841,1.215819,82575700
2022-08-22,1.214841,1.267702,1.202115,1.265744,150692600
2022-08-23,1.261829,1.266723,1.246166,1.258892,123130100
2022-08-24,1.261829,1.270639,1.219735,1.223651,102767600
2022-08-25,1.221693,1.234419,1.203093,1.223651,113654300
2022-08-26,1.223651,1.253018,1.218756,1.230503,103681028
2022-08-29,1.211904,1.228545,1.205051,1.221693,106996224
2022-08-30,1.220714,1.222672,1.204073,1.210925,97162180
2022-08-31,1.205051,1.215820,1.162958,1.168831,103109000
2022-09-01,1.168831,1.175684,1.155126,1.156105,87168320
2022-09-02,1.160021,1.167852,1.140443,1.147295,86657708
2022-09-05,1.142401,1.156105,1.140443,1.152190,77431500
2022-09-06,1.155126,1.189389,1.154147,1.188410,123402400
2022-09-07,1.175684,1.210925,1.174705,1.205051,81782758
2022-09-08,1.203093,1.208967,1.192325,1.193304,69131800
2022-09-09,1.198199,1.224630,1.196241,1.224630,84457700
2022-09-13,1.228545,1.243229,1.224630,1.229524,141126600
2022-09-14,1.208967,1.231482,1.206030,1.211904,82377600
2022-09-15,1.217777,1.226588,1.165894,1.172747,105066100
2022-09-16,1.168831,1.171768,1.133590,1.134569,102482800
2022-09-19,1.132611,1.149253,1.115970,1.133590,82593900
2022-09-20,1.144358,1.179599,1.143379,1.169810,89673400
2022-09-21,1.164916,1.182536,1.156105,1.178620,89429900
2022-09-22,1.169810,1.187431,1.165895,1.177642,89156900
2022-09-23,1.171768,1.173726,1.135548,1.148274,87312600
2022-09-26,1.127717,1.146316,1.115970,1.120864,82806400
2022-09-27,1.121843,1.124780,1.094433,1.121843,85649566
2022-09-28,1.113033,1.114012,1.059192,1.061150,112900800
2022-09-29,1.076813,1.086602,1.068002,1.074855,128962400
2022-09-30,1.070939,1.088560,1.064087,1.065066,72018500
2022-10-10,1.065066,1.074855,1.039614,1.044508,76394207
2022-10-11,1.049403,1.065066,1.045487,1.059192,89347965
2022-10-12,1.056255,1.080728,1.028846,1.079750,82047000
2022-10-13,1.066045,1.079750,1.064087,1.066045,50895600
2022-10-14,1.075834,1.099328,1.068981,1.097370,69293600
2022-10-17,1.083665,1.093454,1.072897,1.090518,81942992
2022-10-18,1.095412,1.100307,1.082686,1.085623,45004300
2022-10-19,1.087581,1.099328,1.074855,1.075834,53203500
2022-10-20,1.067024,1.075834,1.050382,1.064087,70826500
2022-10-21,1.067024,1.069960,1.045487,1.052340,51843600
2022-10-24,1.060171,1.080728,1.043529,1.050382,61909983
2022-10-25,1.050382,1.060171,1.020035,1.048424,68129283
2022-10-26,1.047445,1.069960,1.046466,1.059192,54548193
2022-10-27,1.066045,1.084644,1.064087,1.066045,59658600
2022-10-28,1.057234,1.057234,1.024930,1.027867,60467100
2022-10-31,1.016120,1.033740,1.011225,1.018077,64383300
2022-11-01,1.022972,1.063108,1.021993,1.063108,60086699
2022-11-02,1.058213,1.086602,1.055276,1.079750,78588700
2022-11-03,1.065066,1.081707,1.059192,1.070939,47920900
2022-11-04,1.072897,1.123801,1.070939,1.122822,79698000
2022-11-07,1.149253,1.160021,1.139464,1.149253,156162600
2022-11-08,1.141422,1.156105,1.135548,1.152190,118307800
2022-11-09,1.172747,1.179599,1.146316,1.148274,117917155
2022-11-10,1.133590,1.135548,1.118906,1.123801,85045141
2022-11-11,1.170789,1.179599,1.148274,1.155126,140456000
2022-11-14,1.164916,1.166874,1.125759,1.134569,108377100
2022-11-15,1.122822,1.149253,1.117927,1.149253,93974700
2022-11-16,1.149253,1.150232,1.131632,1.133590,81065900
2022-11-17,1.128695,1.129674,1.103244,1.116948,72477300
2022-11-18,1.113033,1.114991,1.097370,1.100307,85405500
2022-11-21,1.086602,1.101286,1.077792,1.101286,59778100
2022-11-22,1.101286,1.107159,1.087581,1.092476,63537692
2022-11-23,1.091497,1.103244,1.086602,1.098349,51546800
2022-11-24,1.106180,1.117927,1.100307,1.104223,86998400
2022-11-25,1.102265,1.108138,1.093454,1.097370,58075300
2022-11-28,1.075834,1.085623,1.064087,1.080728,59388000
2022-11-29,1.078771,1.101286,1.078771,1.100307,75535000
2022-11-30,1.093454,1.113033,1.093454,1.104223,68196788
2022-12-01,1.122822,1.133590,1.119885,1.124780,141964674
2022-12-02,1.120864,1.123801,1.105201,1.108138,75149634
2022-12-05,1.114991,1.130653,1.109117,1.129675,124500400
2022-12-06,1.120864,1.133590,1.109117,1.131632,77613126
2022-12-07,1.123801,1.138485,1.116949,1.123801,131009634
2022-12-08,1.120864,1.132611,1.114991,1.121843,65272900
2022-12-09,1.119885,1.150232,1.117927,1.148274,102844865
2022-12-12,1.141422,1.141422,1.108138,1.113033,99675800
2022-12-13,1.109117,1.123801,1.108138,1.114012,56211200
2022-12-14,1.116948,1.125759,1.108138,1.111075,66684400
2022-12-15,1.109117,1.117927,1.092475,1.116948,75990700
2022-12-16,1.105201,1.105201,1.083665,1.091497,66926600
2022-12-19,1.090518,1.113033,1.075834,1.080728,73003500
2022-12-20,1.077792,1.078771,1.061150,1.066045,47923100
2022-12-21,1.070939,1.078771,1.058213,1.059192,84796000
2022-12-22,1.065066,1.069960,1.037656,1.040593,49095900
2022-12-23,1.029825,1.040593,1.027867,1.036677,57232800
2022-12-26,1.029825,1.050382,1.027867,1.050382,87922500
2022-12-27,1.050382,1.065066,1.049403,1.064087,52219500
2022-12-28,1.058213,1.064087,1.043530,1.054298,49420200
2022-12-29,1.049403,1.059192,1.047445,1.048424,45353000
2022-12-30,1.053319,1.056255,1.040593,1.040593,50519000
2023-01-03,1.040593,1.069960,1.033740,1.068981,58673578
2023-01-04,1.060171,1.065066,1.045487,1.050382,50607500
2023-01-05,1.053319,1.073876,1.053319,1.063108,64975639
2023-01-06,1.061150,1.089539,1.058213,1.079750,79027700
2023-01-09,1.085623,1.114991,1.083665,1.111075,107401800
2023-01-10,1.107159,1.118906,1.099328,1.112054,105619100
2023-01-11,1.113033,1.125759,1.105201,1.107159,109052400
2023-01-12,1.116949,1.133590,1.113033,1.114012,78561000
2023-01-13,1.118906,1.131632,1.111075,1.120864,76207600
2023-01-16,1.120864,1.137506,1.118906,1.130653,80654600
2023-01-17,1.131632,1.132611,1.118906,1.127717,76791455
2023-01-18,1.127717,1.147295,1.127717,1.136527,106314900
2023-01-19,1.138485,1.145337,1.132611,1.143379,96271300
2023-01-20,1.143379,1.189389,1.143379,1.179599,152824900
2023-01-30,1.200157,1.212883,1.187431,1.189389,141318300
2023-01-31,1.188410,1.202115,1.183515,1.195262,128610200
2023-02-01,1.203093,1.233440,1.201136,1.230503,185783100
2023-02-02,1.231482,1.232461,1.211904,1.219735,210107362
2023-02-03,1.213862,1.213862,1.183515,1.203094,162598700
2023-02-06,1.185473,1.187431,1.168831,1.178620,111053400
2023-02-07,1.177642,1.189389,1.174705,1.185473,79691500
2023-02-08,1.187431,1.196241,1.179599,1.179599,87648400
2023-02-09,1.177642,1.186452,1.169810,1.185473,151107500
2023-02-10,1.185473,1.185473,1.158063,1.167852,106520282
2023-02-13,1.158063,1.170789,1.155126,1.166874,131380200
2023-02-14,1.167852,1.184494,1.166873,1.176663,107561600
2023-02-15,1.176663,1.184494,1.161000,1.163937,121260600
2023-02-16,1.161000,1.164916,1.125759,1.134569,377122200
2023-02-17,1.135548,1.148274,1.128696,1.130653,186555500
2023-02-20,1.128696,1.152190,1.122822,1.152190,102770500
2023-02-21,1.154147,1.179599,1.152190,1.178620,437565515
2023-02-22,1.170789,1.171768,1.158063,1.161979,123877700
2023-02-23,1.161979,1.169810,1.158063,1.169810,89497638
2023-02-24,1.167852,1.169810,1.142400,1.150232,104542615
2023-02-27,1.142401,1.155126,1.137506,1.141422,98554023
2023-02-28,1.145337,1.147295,1.131632,1.145337,71845700
2023-03-01,1.146316,1.161000,1.140443,1.161000,128668200
2023-03-02,1.158063,1.159042,1.142400,1.143379,191196850
2023-03-03,1.141422,1.146316,1.133590,1.142401,82999410
2023-03-06,1.143379,1.146316,1.124780,1.142401,133963700
2023-03-07,1.138485,1.153169,1.130653,1.131632,138564000
2023-03-08,1.124780,1.125759,1.114991,1.121843,87041800
2023-03-09,1.126738,1.132611,1.117927,1.121843,83574100
2023-03-10,1.115970,1.115970,1.102265,1.104223,123514562
2023-03-13,1.103244,1.117927,1.098349,1.114012,96618691
2023-03-14,1.114991,1.125759,1.093454,1.109117,119702991
2023-03-15,1.109117,1.114012,1.104223,1.105201,59760800
2023-03-16,1.095412,1.095412,1.066045,1.069960,136468600
2023-03-17,1.075834,1.087581,1.071918,1.076813,111044700
2023-03-20,1.081707,1.092476,1.075834,1.087581,89142290
2023-03-21,1.090518,1.103243,1.081707,1.102265,84106600
2023-03-22,1.103244,1.110096,1.093454,1.098349,71714000
2023-03-23,1.096391,1.110096,1.094433,1.109117,76341300
2023-03-24,1.110096,1.114012,1.102265,1.106180,68867300
2023-03-27,1.103244,1.106180,1.092476,1.104223,73898900
2023-03-28,1.104223,1.108138,1.084644,1.088560,64883300
2023-03-29,1.088560,1.098349,1.081707,1.083665,52151300
2023-03-30,1.081707,1.093454,1.072897,1.093454,67065000
2023-03-31,1.097370,1.106180,1.094433,1.102265,100655700
2023-04-03,1.102265,1.112054,1.093454,1.108138,128639500
2023-04-04,1.108138,1.108138,1.096391,1.101286,141027369
2023-04-06,1.100307,1.115970,1.096391,1.115970,107441501
2023-04-07,1.115970,1.137506,1.106180,1.110096,122520400
2023-04-10,1.108138,1.116949,1.101286,1.115970,107223000
2023-04-11,1.114012,1.142401,1.106180,1.141422,162373582
2023-04-12,1.141422,1.152190,1.135548,1.147295,136488400
2023-04-13,1.140442,1.152190,1.129674,1.135548,140639500
2023-04-14,1.142400,1.172747,1.142400,1.170789,230864488
2023-04-17,1.165895,1.184494,1.156105,1.182536,238388200
2023-04-18,1.179599,1.194283,1.170789,1.181557,192131300
2023-04-19,1.180578,1.185473,1.171768,1.176663,129349300
2023-04-20,1.171768,1.171768,1.140443,1.151211,251659800
2023-04-21,1.145337,1.152190,1.122822,1.128695,196446500
2023-04-24,1.123801,1.124780,1.094433,1.101286,144420300
2023-04-25,1.100307,1.108138,1.056255,1.067024,164654400
2023-04-26,1.062129,1.093454,1.050382,1.079750,141504300
2023-04-27,1.077792,1.086602,1.068981,1.079750,104434639
2023-04-28,1.078771,1.095412,1.076813,1.089539,124470000
2023-05-04,1.094433,1.103244,1.086602,1.089539,84307300
2023-05-05,1.089539,1.091497,1.065066,1.068981,77727400
2023-05-08,1.071918,1.090518,1.070939,1.085623,97069400
2023-05-09,1.088560,1.091497,1.067024,1.068002,103110500
2023-05-10,1.068002,1.082686,1.066045,1.075834,85034100
2023-05-11,1.072897,1.075834,1.064087,1.068002,70531700
2023-05-12,1.063108,1.064087,1.032761,1.032761,135140300
2023-05-15,1.033740,1.074855,1.033740,1.070939,155203734
2023-05-16,1.071918,1.073876,1.061150,1.064087,89149920
2023-05-17,1.059192,1.064087,1.050382,1.055276,95232200
2023-05-18,1.059192,1.063108,1.045487,1.055276,86136720
2023-05-19,1.048424,1.052340,1.035698,1.044508,69718500
2023-05-22,1.043529,1.050382,1.039614,1.046466,56856100
2023-05-23,1.047445,1.047445,1.029825,1.029825,84757700
2023-05-24,1.029825,1.036677,1.022972,1.024930,80392020
2023-05-25,1.021014,1.023951,1.002415,1.012204,137286000
2023-05-26,1.011225,1.014162,0.993605,1.011225,92854200
2023-05-29,1.011225,1.015141,1.000457,1.006330,88117700
2023-05-30,1.004373,1.009267,0.990668,1.004373,140897200
2023-05-31,1.004373,1.007309,0.994583,1.002415,131106900
2023-06-01,1.002415,1.019057,1.000457,1.010246,91070800
2023-06-02,1.017099,1.050382,1.016120,1.049403,208174600
2023-06-05,1.043530,1.043530,1.031783,1.036677,208142600
2023-06-06,1.034719,1.041572,1.021014,1.024930,76659617
2023-06-07,1.028846,1.031782,1.012204,1.017099,67025917
2023-06-08,1.013183,1.028846,1.011225,1.022972,78450600
2023-06-09,1.029825,1.036677,1.024930,1.034719,87030300
2023-06-12,1.026888,1.033740,1.021014,1.028846,111889800
2023-06-13,1.028846,1.031782,1.021014,1.028846,74942200
2023-06-14,1.033740,1.036677,1.024930,1.030803,237462900
2023-06-15,1.031782,1.042551,1.016120,1.042551,176289200
2023-06-16,1.039614,1.050382,1.039614,1.048424,141512900
2023-06-19,1.045487,1.047445,1.024930,1.027867,107509900
2023-06-20,1.023951,1.027867,1.017099,1.021014,92618806
2023-06-21,1.018077,1.023951,1.001436,1.001436,80490306
2023-06-26,0.998499,1.007309,0.992626,0.993604,77663800
2023-06-27,0.993604,1.009267,0.990668,1.009267,101944393
2023-06-28,1.007309,1.008288,0.992626,1.005351,71346279
2023-06-29,1.002415,1.004373,0.996541,0.999478,58604800
2023-06-30,0.996541,1.016120,0.996541,1.012204,112388700
2023-07-03,1.016120,1.030803,1.016120,1.029825,96823621
2023-07-04,1.037656,1.045487,1.021993,1.026888,98992800
2023-07-05,1.021993,1.048424,1.021993,1.047445,156927996
2023-07-06,1.047445,1.047445,1.024930,1.027867,110078634
2023-07-07,1.023951,1.034719,1.010246,1.026888,118569100
2023-07-10,1.028846,1.041572,1.027867,1.033740,81604000
2023-07-11,1.033740,1.039614,1.023951,1.038635,146469000
2023-07-12,1.038635,1.043529,1.031782,1.035698,88209880
2023-07-13,1.048424,1.061150,1.035698,1.057234,145919780
2023-07-14,1.057234,1.062129,1.047445,1.049403,107893300
2023-07-17,1.045487,1.046466,1.032761,1.036677,127273900
2023-07-18,1.034719,1.042551,1.029825,1.036677,69409000
2023-07-19,1.036677,1.043529,1.032761,1.039614,88142400
2023-07-20,1.040593,1.059192,1.040593,1.042551,103732500
2023-07-21,1.039614,1.042551,1.027867,1.032761,83303400
2023-07-24,1.029825,1.030803,1.014162,1.016120,86755800
2023-07-25,1.025909,1.049403,1.025909,1.049403,161673200
2023-07-26,1.048424,1.054298,1.042551,1.052340,211478000
2023-07-27,1.052340,1.053319,1.039614,1.043530,95916700
2023-07-28,1.034719,1.052340,1.025909,1.050382,213469515
2023-07-31,1.050382,1.076813,1.050382,1.065066,250470415
2023-08-01,1.066045,1.074855,1.058213,1.067024,276776000
2023-08-02,1.066045,1.066045,1.054298,1.056255,110846400
2023-08-03,1.054298,1.055276,1.046466,1.053319,188938158
2023-08-04,1.057234,1.068002,1.057234,1.064087,188798178
2023-08-07,1.056255,1.064087,1.053319,1.057234,116976700
2023-08-08,1.056255,1.068981,1.050382,1.062129,148879400
2023-08-09,1.057234,1.061150,1.049403,1.051361,101171831
2023-08-10,1.051361,1.058213,1.048424,1.053319,54497931
2023-08-11,1.052340,1.055276,1.028846,1.029825,105815400
2023-08-14,1.023951,1.027867,1.009267,1.021014,190514000
2023-08-15,1.018077,1.023951,1.004373,1.014162,113194400
2023-08-16,1.008288,1.014162,1.003394,1.003394,92084000
2023-08-17,0.999478,1.009267,0.987731,1.009267,104304400
2023-08-18,1.005352,1.010246,0.987731,0.988710,114696159
2023-08-21,0.987731,0.992626,0.978921,0.979900,81598659
2023-08-22,0.980878,0.989689,0.970110,0.985773,108755900
2023-08-23,0.982836,0.984794,0.962279,0.963258,91536400
2023-08-24,0.970110,0.990668,0.969132,0.980879,99719507
2023-08-25,0.974026,0.976963,0.961300,0.966195,155066007
2023-08-28,1.013183,1.016120,0.965216,0.971089,167074600
2023-08-29,0.969131,0.987731,0.965216,0.984794,136143500
2023-08-30,0.985773,0.998499,0.980878,0.985773,78006741
2023-08-31,0.984794,0.989689,0.973047,0.975984,84668200
2023-09-01,0.977942,1.000457,0.976963,0.997520,143198400
2023-09-04,1.002415,1.031782,1.001436,1.027867,259645500
2023-09-05,1.020035,1.025909,1.014162,1.022972,121288500
2023-09-06,1.020035,1.021993,1.013183,1.020035,86897800
2023-09-07,1.016120,1.018078,1.001436,1.003394,143683400
2023-09-08,1.002415,1.005351,0.990668,0.993604,98097200
2023-09-11,0.994583,1.015141,0.990668,1.009267,123790000
2023-09-12,1.009267,1.018078,1.004373,1.006330,102788400
2023-09-13,1.004373,1.009267,0.994583,1.000457,88576600
2023-09-14,1.000457,1.008288,0.999478,1.006330,189263700
2023-09-15,1.009267,1.016120,1.000457,1.006330,109916000
2023-09-18,1.001436,1.010246,0.991647,1.007309,107922000
2023-09-19,1.005352,1.007309,0.997520,1.000457,64962100
2023-09-20,0.998499,0.999478,0.992626,0.992626,70021300
2023-09-21,0.990668,0.993605,0.981858,0.982836,75920422
2023-09-22,0.979900,0.988710,0.973047,0.988710,99974700
2023-09-25,0.983815,0.986752,0.975984,0.978921,69954400
2023-09-26,0.976963,0.978921,0.970110,0.971089,59448500
2023-09-27,0.969132,0.979900,0.966195,0.972068,121117800
2023-09-28,0.972068,0.976963,0.965216,0.969131,66756500
2023-10-09,0.964237,0.967174,0.950532,0.965216,87210000
2023-10-10,0.964237,0.977942,0.964237,0.969131,78669900
2023-10-11,0.971089,0.972068,0.956406,0.959342,92685500
2023-10-12,0.963258,0.986752,0.963258,0.985773,165086800
2023-10-13,0.976963,0.977942,0.965216,0.970110,85711800
2023-10-16,0.973047,0.975984,0.953469,0.956406,68680400
2023-10-17,0.957384,0.958363,0.949553,0.957384,58877700
2023-10-18,0.954448,0.956405,0.939764,0.941722,62398000
2023-10-19,0.937806,0.939764,0.925080,0.925080,137559600
2023-10-20,0.924101,0.940743,0.923122,0.929975,81446500
2023-10-23,0.928017,0.928017,0.896691,0.904523,76298800
2023-10-24,0.904523,0.920185,0.904523,0.920185,99709500
2023-10-25,0.928017,0.937806,0.925080,0.926059,90210000
2023-10-26,0.922143,0.928996,0.913333,0.928017,56910100
2023-10-27,0.922143,0.948574,0.921164,0.945637,64675400
2023-10-30,0.945637,0.959342,0.943680,0.951511,67008600
2023-10-31,0.947595,0.952490,0.940743,0.947595,52621300
2023-11-01,0.948574,0.949553,0.937806,0.942701,35400000
2023-11-02,0.943680,0.949553,0.930954,0.930954,60721318
2023-11-03,0.933890,0.938785,0.930954,0.934869,62974250
2023-11-06,0.942701,0.944658,0.932911,0.942701,109953950
2023-11-07,0.939764,0.939764,0.926059,0.933890,113114700
2023-11-08,0.928017,0.931933,0.920185,0.926059,73701200
2023-11-09,0.922143,0.932911,0.921164,0.928996,70422400
2023-11-10,0.925080,0.927038,0.920185,0.923122,48165300
2023-11-13,0.925080,0.928996,0.919207,0.928017,58190000
2023-11-14,0.930954,0.930954,0.921164,0.926059,57741300
2023-11-15,0.935848,0.947595,0.935848,0.943680,154295900
2023-11-16,0.939764,0.940743,0.928017,0.930954,111017582
2023-11-17,0.927038,0.933890,0.924101,0.932911,63293200
2023-11-20,0.934869,0.935848,0.924101,0.934869,75252200
2023-11-21,0.935848,0.946616,0.934869,0.936827,69061200
2023-11-22,0.932911,0.934869,0.917249,0.918228,106060700
2023-11-23,0.916270,0.922143,0.911375,0.922143,100400400
2023-11-24,0.918228,0.919207,0.910396,0.911375,61241000
2023-11-27,0.909417,0.914312,0.901586,0.905502,53139400
2023-11-28,0.904523,0.908438,0.898649,0.908438,36255900
2023-11-29,0.910396,0.915291,0.907459,0.909417,44659200
2023-11-30,0.905502,0.909417,0.897670,0.903544,54542991
2023-12-01,0.902565,0.907459,0.894733,0.903544,58672900
2023-12-04,0.908438,0.923122,0.904523,0.912354,106323500
2023-12-05,0.903544,0.910396,0.893755,0.897670,79527200
2023-12-06,0.895712,0.921164,0.891797,0.914312,95715401
2023-12-07,0.912354,0.914312,0.899628,0.909417,78846201
2023-12-08,0.914312,0.915291,0.901586,0.902565,55182100
2023-12-11,0.895712,0.897670,0.879071,0.893755,63645400
2023-12-12,0.891797,0.893755,0.885923,0.892776,38652200
2023-12-13,0.889839,0.889839,0.874176,0.876134,56633600
2023-12-14,0.887881,0.891797,0.874176,0.876134,63921800
2023-12-15,0.882008,0.892776,0.877113,0.881029,54289900
2023-12-18,0.876134,0.881029,0.865366,0.868303,48303317
2023-12-19,0.865366,0.870260,0.859492,0.864387,37548100
2023-12-20,0.868303,0.874176,0.863408,0.864387,54981917
2023-12-21,0.859492,0.874176,0.856556,0.872218,63519800
2023-12-22,0.873197,0.896691,0.866345,0.889839,86568600
2023-12-25,0.883965,0.895712,0.883965,0.895712,49212200
2023-12-26,0.895712,0.897670,0.887881,0.893755,37797400
2023-12-27,0.893755,0.898649,0.883965,0.897670,57084100
2023-12-28,0.896691,0.926059,0.896691,0.923122,95303235
2023-12-29,0.919207,0.928017,0.916270,0.925080,81011400
2024-01-02,0.925080,0.931933,0.921164,0.925080,73698700
2024-01-03,0.922143,0.929975,0.920185,0.927038,79097500
2024-01-04,0.923122,0.924101,0.910396,0.916270,57527800
2024-01-05,0.914312,0.931933,0.907459,0.911375,81748300
2024-01-08,0.911375,0.917249,0.899628,0.899628,55022500
2024-01-09,0.899628,0.911375,0.894734,0.910396,64353790
2024-01-10,0.907459,0.920185,0.899628,0.905502,55098000
2024-01-11,0.902565,0.925080,0.897670,0.921164,78825280
2024-01-12,0.916270,0.926059,0.912354,0.916270,74186400
2024-01-15,0.916270,0.916270,0.916270,0.916270,0
2024-01-16,0.904523,0.914312,0.893755,0.906481,79450217
2024-01-17,0.904523,0.904523,0.876134,0.877113,69993924
2024-01-18,0.871239,0.880050,0.851661,0.877113,89547424
2024-01-19,0.873197,0.886902,0.872218,0.872218,79464700
2024-01-22,0.872218,0.872218,0.828167,0.832083,109280200
2024-01-23,0.830125,0.847745,0.820336,0.842851,97090590
2024-01-24,0.843830,0.857534,0.826209,0.853619,92242153
2024-01-25,0.853619,0.881029,0.852640,0.878092,103308900
2024-01-26,0.877113,0.888860,0.875155,0.881029,63908100
2024-01-29,0.882008,0.884944,0.863408,0.864387,71847600
2024-01-30,0.862429,0.868303,0.846766,0.848724,57623700
2024-01-31,0.844809,0.847745,0.823272,0.823272,73737100
2024-02-01,0.817399,0.835998,0.812504,0.824251,51736500
2024-02-02,0.824251,0.831104,0.781179,0.803694,105029400
2024-02-05,0.792926,0.801736,0.761600,0.783137,86927728
2024-02-06,0.774326,0.828167,0.774326,0.824251,91418500
2024-02-07,0.827188,0.857535,0.822293,0.857535,118842270
2024-02-08,0.859492,0.880050,0.858513,0.866345,86635251
2024-02-19,0.868303,0.875155,0.860471,0.872218,66036909
2024-02-20,0.868303,0.878092,0.861450,0.877113,53487400
2024-02-21,0.875155,0.901586,0.871239,0.885923,100386200
2024-02-22,0.882986,0.895712,0.877113,0.893755,69126900
2024-02-23,0.896691,0.906481,0.892776,0.903544,56876600
2024-02-26,0.900607,0.909417,0.890818,0.894733,65973100
2024-02-27,0.891797,0.903544,0.887881,0.902565,56144000
2024-02-28,0.902565,0.923122,0.891797,0.892776,77691841
2024-02-29,0.892776,0.920185,0.890818,0.915291,92776078
2024-03-01,0.914312,0.928017,0.914312,0.925080,90629400
2024-03-04,0.929975,0.939764,0.924101,0.929975,71088200
2024-03-05,0.930954,0.940743,0.924101,0.928996,92455933
2024-03-06,0.929975,0.941722,0.922143,0.933890,57720722
2024-03-07,0.937806,0.975005,0.937806,0.962279,336581200
2024-03-08,0.962279,0.965216,0.947595,0.965216,189110000
2024-03-11,0.967174,0.977942,0.962279,0.976963,194784120
2024-03-12,0.976963,0.977942,0.951511,0.957384,150515600
2024-03-13,0.954448,0.968153,0.949553,0.964237,157025855
2024-03-14,0.977942,1.000457,0.971089,0.976963,191045783
2024-03-15,0.969132,1.012204,0.967174,1.011225,352231673
2024-03-18,1.011225,1.017099,0.997520,1.013183,320961331
2024-03-19,1.008288,1.028846,1.005352,1.006330,218017426
2024-03-20,1.000457,1.010246,0.992626,1.005351,152651784
2024-03-21,1.018077,1.023951,1.004373,1.009267,186807200
2024-03-22,1.002415,1.006330,0.977942,0.983815,314857100
2024-03-25,0.980878,1.007309,0.980878,0.989689,231116400
2024-03-26,0.990668,0.995562,0.974026,0.987731,184882700
2024-03-27,0.987731,0.990668,0.974026,0.974026,122083000
2024-03-28,0.971089,0.999478,0.971089,0.991647,170336700
2024-03-29,1.000457,1.022972,1.000457,1.024930,156485269
2024-04-01,1.037656,1.054298,1.032761,1.044508,291370824
2024-04-02,1.044508,1.056255,1.039614,1.055276,230078488
2024-04-03,1.065066,1.095412,1.056255,1.090518,412093005
2024-04-08,1.095412,1.130653,1.079750,1.087581,591913453
2024-04-09,1.080728,1.100307,1.075834,1.091497,435384894
2024-04-10,1.095412,1.108138,1.077792,1.098349,285680567
2024-04-11,1.076813,1.122822,1.070939,1.095412,352657551
2024-04-12,1.106180,1.115970,1.089539,1.106180,231668735
2024-04-15,1.092476,1.107159,1.065066,1.105201,227791841
2024-04-16,1.098349,1.104223,1.052340,1.057234,301747742
2024-04-17,1.056255,1.081707,1.052340,1.079750,199769042
2024-04-18,1.074855,1.097370,1.068002,1.094433,206611900
2024-04-19,1.095412,1.118906,1.077792,1.087581,219694354
2024-04-22,1.093454,1.105201,1.062129,1.063108,175276028
2024-04-23,1.041572,1.044508,1.014162,1.015141,336126911
2024-04-24,1.007309,1.026888,1.004373,1.024930,182136211
2024-04-25,1.018077,1.042551,1.010246,1.034719,175371910
2024-04-26,1.036677,1.063108,1.030803,1.062129,163456600
2024-04-29,1.061150,1.061150,1.041572,1.056255,183945900
2024-04-30,1.056255,1.066045,1.043529,1.046466,153027300
2024-05-06,1.037656,1.055277,1.026888,1.054298,193648736
2024-05-07,1.059192,1.075834,1.057234,1.062129,171992700
2024-05-08,1.053319,1.064087,1.040593,1.054298,158796200
2024-05-09,1.051361,1.086602,1.048424,1.079750,230531300
2024-05-10,1.092476,1.098349,1.068003,1.087581,196349562
2024-05-13,1.074855,1.079750,1.060171,1.073876,187066862
2024-05-14,1.079750,1.091497,1.071918,1.080728,152021100
2024-05-15,1.077792,1.091497,1.068002,1.068981,205566720
2024-05-16,1.082686,1.089539,1.058213,1.063108,190440516
2024-05-17,1.059192,1.078771,1.049403,1.077792,178938000
2024-05-20,1.106180,1.125759,1.089539,1.117927,423831300
2024-05-21,1.118906,1.121843,1.079750,1.083665,298224400
2024-05-22,1.080728,1.090518,1.068981,1.073876,234953100
2024-05-23,1.045487,1.048424,1.029825,1.039614,257744300
2024-05-24,1.033740,1.046466,1.032761,1.039614,207417533
2024-05-27,1.036677,1.055277,1.036677,1.054298,233541200
2024-05-28,1.061150,1.072897,1.051361,1.052340,233468500
2024-05-29,1.051361,1.085623,1.051361,1.078771,397795167
2024-05-30,1.077792,1.080729,1.043530,1.047445,212730900
2024-05-31,1.045487,1.051361,1.034719,1.042551,115664200
2024-06-03,1.034719,1.038635,1.012204,1.021993,214834000
2024-06-04,1.021993,1.040593,1.016120,1.033740,153075200
2024-06-05,1.018078,1.023951,1.008288,1.010246,209150681
2024-06-06,1.020035,1.032761,1.017099,1.020035,204730102
2024-06-07,1.030804,1.033740,1.008288,1.021993,182649500
2024-06-11,0.998499,1.001436,0.989689,0.999478,195065100
2024-06-12,0.994583,1.012204,0.994583,1.008288,106528000
2024-06-13,1.008288,1.008288,0.983815,0.991647,184657300
2024-06-14,0.984794,0.996541,0.980879,0.994583,103637000
2024-06-17,0.992626,0.998499,0.980879,0.981857,137006400
2024-06-18,0.981858,0.993605,0.975005,0.988710,276137100
2024-06-19,0.992626,1.004373,0.988710,0.992626,179001900
2024-06-20,0.994583,1.006330,0.982836,0.985773,212673400
2024-06-21,0.989689,0.993605,0.976963,0.980879,155648700
2024-06-24,0.966195,0.971089,0.955427,0.959342,122075700
2024-06-25,0.959342,0.971089,0.954448,0.960321,133978500
2024-06-26,0.955427,0.971089,0.943680,0.970110,186005800
2024-06-27,0.962279,0.967174,0.946616,0.947595,117742100
2024-06-28,0.946616,0.974026,0.946616,0.966195,149310000
2024-07-01,0.974026,0.991647,0.966195,0.988710,160225116
2024-07-02,0.988710,0.989689,0.973047,0.976963,106489800
2024-07-03,0.975984,0.979900,0.969131,0.976963,108416500
2024-07-04,0.984794,0.992626,0.969132,0.970110,147907800
2024-07-05,0.969132,0.996541,0.961300,0.995562,198752660
2024-07-08,0.994583,1.001436,0.983815,0.984794,142781294
2024-07-09,0.981857,1.008288,0.980878,1.005351,195430952
2024-07-10,1.004373,1.018077,0.986752,0.990668,183353900
2024-07-11,0.998499,1.031782,0.993605,1.027867,274456339
2024-07-12,1.033740,1.034719,1.003394,1.009267,243249731
2024-07-15,1.006330,1.025909,1.001436,1.016120,165565931
2024-07-16,1.014162,1.027867,1.010246,1.024930,136756800
2024-07-17,1.029825,1.031782,0.996541,0.998499,200297300
2024-07-18,0.990668,0.998499,0.975984,0.997520,201474300
2024-07-19,0.981857,0.983815,0.957384,0.980879,171197600
2024-07-22,0.973047,0.976963,0.961300,0.969131,122616800
2024-07-23,0.966195,0.973047,0.923122,0.924101,200542500
2024-07-24,0.921164,0.928017,0.912354,0.916270,145342200
2024-07-25,0.905502,0.908438,0.890818,0.893755,158083100
2024-07-26,0.893755,0.921164,0.893755,0.915291,192760600
2024-07-29,0.918228,0.924101,0.910396,0.913333,105098480
2024-07-30,0.908438,0.909417,0.896691,0.905502,121138800
2024-07-31,0.908438,0.940743,0.907459,0.940743,169684580
2024-08-01,0.949553,0.955427,0.932911,0.937806,135368300
2024-08-02,0.923122,0.928996,0.918228,0.922143,90860400
2024-08-05,0.912354,0.924101,0.899628,0.899628,120396497
2024-08-06,0.902565,0.910396,0.890818,0.899628,95680600
2024-08-07,0.899628,0.909417,0.890818,0.902565,135042300
2024-08-08,0.897670,0.898649,0.884944,0.893755,105739200
2024-08-09,0.901586,0.912354,0.897670,0.898649,132930100
2024-08-12,0.896691,0.901586,0.892776,0.898649,82659600
2024-08-13,0.905502,0.906481,0.893755,0.902565,98825176
2024-08-14,0.899628,0.904523,0.888860,0.889839,112307600
2024-08-15,0.886902,0.902565,0.882986,0.898649,111743300
2024-08-16,0.906481,0.911375,0.895712,0.899628,118592800
2024-08-19,0.901586,0.923122,0.900607,0.914312,157463300
2024-08-20,0.914312,0.921164,0.899628,0.903544,191341900
2024-08-21,0.901586,0.916270,0.897670,0.913333,199644900
2024-08-22,0.913333,0.914312,0.899628,0.900607,86402200
2024-08-23,0.894733,0.900607,0.889839,0.897670,76962700
2024-08-26,0.905502,0.909417,0.898649,0.909417,86997700
2024-08-27,0.905502,0.905502,0.889839,0.896691,86329700
2024-08-28,0.892776,0.905502,0.884944,0.888860,119306600
2024-08-29,0.882008,0.900607,0.878092,0.895712,94032100
2024-08-30,0.894733,0.911375,0.889839,0.901586,168512100
2024-09-02,0.896691,0.896691,0.878092,0.881029,142595000
2024-09-03,0.878092,0.891797,0.874176,0.883965,97168800
2024-09-04,0.876134,0.876134,0.861450,0.863408,121979230
2024-09-05,0.863408,0.877113,0.858513,0.863408,169184000
2024-09-06,0.863408,0.867324,0.856556,0.858513,87053500
2024-09-09,0.852640,0.852640,0.835998,0.843830,152800282
2024-09-10,0.843830,0.845787,0.828167,0.839914,101878900
2024-09-11,0.836977,0.849703,0.836977,0.848724,90692280
2024-09-12,0.850682,0.858513,0.844809,0.847745,131791500
2024-09-13,0.855577,0.861450,0.843830,0.844809,89298200
2024-09-18,0.847780,0.855703,0.837876,0.851741,101790600
2024-09-19,0.851741,0.878482,0.840847,0.878482,189755300
2024-09-20,0.876501,0.889376,0.870559,0.889376,129499900
2024-09-23,0.884424,0.899280,0.884424,0.888386,131507300
2024-09-24,0.892348,0.924040,0.892348,0.924040,152049400
2024-09-25,0.935925,0.959695,0.931964,0.932954,204330400
2024-09-26,0.930973,0.969599,0.929983,0.969599,187878500
2024-09-27,0.986435,1.017138,0.980493,1.013176,90794500
2024-09-30,1.069629,1.111225,1.025061,1.107264,499980400
2024-10-08,1.218188,1.218188,1.056754,1.132024,1011332200
2024-10-09,1.084485,1.084485,1.019118,1.019118,452190915
2024-10-10,1.013176,1.062696,1.008224,1.035955,412804400
2024-10-11,1.040907,1.040907,1.002282,1.013176,239335300
2024-10-14,1.017138,1.047840,1.015157,1.043878,234468600
2024-10-15,1.032984,1.038926,1.007234,1.008224,199428700
2024-10-16,1.000301,1.024070,0.996339,1.017138,267486448
2024-10-17,1.020109,1.027041,1.000301,1.001291,142596100
2024-10-18,0.999310,1.041898,0.999310,1.026051,284049500
2024-10-21,1.032984,1.061706,1.031003,1.050811,280691400
2024-10-22,1.048830,1.059725,1.038926,1.057744,241572900
2024-10-23,1.063686,1.069629,1.044869,1.059725,287800400
2024-10-24,1.047840,1.049821,1.031994,1.044869,177622100
2024-10-25,1.041898,1.061706,1.035955,1.048830,190929300
2024-10-28,1.050811,1.058734,1.043878,1.058734,176915200
2024-10-29,1.060715,1.060715,1.038926,1.041898,231252200
2024-10-30,1.036946,1.046850,1.020109,1.030013,166424400
2024-10-31,1.028032,1.035955,1.019118,1.026051,135558800
2024-11-01,1.023080,1.085475,1.020109,1.064677,454273100
2024-11-04,1.073590,1.075571,1.046850,1.065667,278018980
2024-11-05,1.059725,1.104293,1.055763,1.099341,409889700
2024-11-06,1.101321,1.127072,1.094389,1.109245,410006300
2024-11-07,1.088446,1.107264,1.072600,1.107264,378843262
2024-11-08,1.126081,1.131033,1.090427,1.093398,405738500
2024-11-11,1.078542,1.097360,1.072600,1.096369,247869600
2024-11-12,1.089437,1.116177,1.071609,1.080523,247062600
2024-11-13,1.077552,1.100331,1.073590,1.089437,197452300
2024-11-14,1.083494,1.088446,1.050811,1.053782,227536600
2024-11-15,1.048830,1.063686,1.034965,1.035955,177758035
2024-11-18,1.032984,1.039917,1.010205,1.017138,197631900
2024-11-19,1.021099,1.053782,1.019118,1.051802,194437800
2024-11-20,1.052792,1.061706,1.046850,1.057744,211185200
2024-11-21,1.054773,1.061706,1.047840,1.059725,198662100
2024-11-22,1.057744,1.061706,1.030013,1.031994,101476300
2024-11-25,1.035955,1.047840,1.017138,1.028032,109599700
2024-11-26,1.024070,1.027042,1.011195,1.013176,82559500
2024-11-27,1.013176,1.024071,0.991387,1.024071,144682948
2024-11-28,1.024070,1.024070,1.007234,1.009215,94052000
2024-11-29,1.007234,1.028032,1.001291,1.021099,110848600
2024-12-02,1.022090,1.032984,1.019119,1.031003,123226500
2024-12-03,1.030013,1.031994,1.021099,1.030013,164132599
2024-12-04,1.036946,1.041898,1.029022,1.031003,147155900
2024-12-05,1.030013,1.030013,1.018128,1.024071,84980100
2024-12-06,1.020109,1.035955,1.016147,1.033974,187153700
2024-12-09,1.031994,1.044869,1.029022,1.032984,136167600
2024-12-10,1.059725,1.065667,1.034965,1.037936,191723700
2024-12-11,1.038926,1.058734,1.035955,1.050811,133249700
2024-12-12,1.050811,1.058734,1.046850,1.056754,114904300
2024-12-13,1.049821,1.049821,1.025061,1.027042,129807000
2024-12-16,1.026051,1.027042,1.006243,1.011195,105892200
2024-12-17,1.010205,1.015157,1.002282,1.004263,75622300
2024-12-18,1.005253,1.009215,0.997330,0.999310,108396900
2024-12-19,0.993368,0.996339,0.978512,0.995349,102808300
2024-12-20,0.990397,0.995349,0.986435,0.989407,108665400
2024-12-23,0.988416,0.995349,0.983464,0.986435,129120000
2024-12-24,0.987426,0.995349,0.982474,0.994358,258944000
2024-12-25,0.994358,0.994358,0.978512,0.984455,140527200
2024-12-26,0.986435,0.992378,0.984455,0.988416,73135100
2024-12-27,0.984455,0.992378,0.981483,0.983464,123514600
2024-12-30,0.983464,0.989407,0.980493,0.986435,97343500
2024-12-31,0.986435,0.987426,0.962666,0.963656,176514100
2025-01-02,0.962666,0.975541,0.947810,0.953752,147949500
2025-01-03,0.954743,0.985445,0.954743,0.962666,193438100
2025-01-06,0.962666,0.986435,0.955733,0.971579,295461700
2025-01-07,0.971579,0.990397,0.962666,0.990397,172495800
2025-01-08,0.989407,0.989407,0.959695,0.974551,172618900
2025-01-09,0.971579,0.983464,0.968608,0.981483,139557700
2025-01-10,0.981483,0.995349,0.975541,0.977522,152094700
2025-01-13,0.972570,1.006243,0.969599,1.000301,318669598
2025-01-14,0.999310,1.015157,0.989407,1.015157,253019400
2025-01-15,1.010205,1.016147,0.995349,1.004263,182165200
2025-01-16,1.010205,1.026051,1.008224,1.022090,311627019
2025-01-17,1.022090,1.029022,1.018128,1.027042,115980000
2025-01-20,1.026051,1.027041,1.014166,1.017138,222681672
2025-01-21,1.017138,1.019118,1.002282,1.011195,139547312
2025-01-22,1.011195,1.014167,1.003272,1.011195,100296800
2025-01-23,1.013176,1.026051,1.003272,1.004263,103585699
2025-01-24,1.002282,1.015157,0.998320,1.014166,113305400
2025-01-27,1.013176,1.022090,1.008224,1.010205,81597800
2025-02-05,1.019119,1.026051,1.014167,1.022090,123050900
2025-02-06,1.024070,1.034965,1.019118,1.034965,133428200
2025-02-07,1.032984,1.051802,1.026051,1.047840,394468899
2025-02-10,1.048830,1.054773,1.042888,1.049821,209518319
2025-02-11,1.051802,1.063686,1.047840,1.049821,189757100
2025-02-12,1.044869,1.045859,1.030013,1.043878,210482000
2025-02-13,1.040907,1.050811,1.035955,1.036946,220190600
2025-02-14,1.039917,1.047840,1.035955,1.044869,500034600
2025-02-17,1.035955,1.035955,1.016147,1.020109,262723600
2025-02-18,1.019118,1.024070,1.008224,1.011195,122525800
2025-02-19,1.013176,1.020109,1.010205,1.020109,111333490
2025-02-20,1.018128,1.026051,1.016147,1.025061,130498700
2025-02-21,1.025061,1.033974,1.018128,1.021099,142476200
2025-02-24,1.018128,1.022090,1.012186,1.020109,130289400
2025-02-25,1.016147,1.024070,1.006243,1.007234,138140100
2025-02-26,1.007234,1.020109,1.006243,1.013176,115120800
2025-02-27,1.012186,1.014166,0.998320,1.008224,137932500
2025-02-28,1.006243,1.007234,0.990397,0.990397,247327800
2025-03-03,0.997330,1.026051,0.997330,1.017138,297271900
2025-03-04,1.017138,1.022090,1.005253,1.020109,228632800
2025-03-05,1.018128,1.031003,1.008224,1.030013,180721200
2025-03-06,1.032984,1.044869,1.032984,1.043878,227358800
2025-03-07,1.040907,1.068638,1.040907,1.057744,287189775
2025-03-10,1.066658,1.071609,1.054773,1.069629,285548775
2025-03-11,1.054773,1.077552,1.050811,1.075571,245523900
2025-03-12,1.079533,1.084485,1.069629,1.075571,297852100
2025-03-13,1.079533,1.089437,1.071610,1.082504,284358180
2025-03-14,1.104293,1.114197,1.088446,1.095379,413996400
2025-03-17,1.096369,1.098350,1.083494,1.085475,181374800
2025-03-18,1.085475,1.110235,1.085475,1.100331,176058500
2025-03-19,1.099341,1.101321,1.088446,1.099341,401432281
2025-03-20,1.107264,1.111225,1.095379,1.096369,234925081
2025-03-21,1.093398,1.098350,1.066657,1.070619,245101300
2025-03-24,1.070619,1.094389,1.066658,1.091417,216473100
2025-03-25,1.091417,1.100331,1.082504,1.093398,262711959
2025-03-26,1.101321,1.115187,1.084485,1.086465,210266900
2025-03-27,1.076562,1.083494,1.067648,1.075571,149143400
2025-03-28,1.077552,1.082504,1.064677,1.075571,280393192
2025-03-31,1.072600,1.076562,1.055763,1.066658,144807826
2025-04-01,1.068638,1.078542,1.064677,1.069629,247250299
2025-04-02,1.065667,1.073590,1.056754,1.058734,108916210
2025-04-03,1.055763,1.059725,1.040907,1.042888,336537799
2025-04-07,0.973560,0.979503,0.938896,0.938896,425587000
2025-04-08,0.948800,0.952762,0.928992,0.951771,261182500
2025-04-09,0.940877,0.967618,0.915127,0.963656,145768228
2025-04-10,0.985445,1.012186,0.980493,1.000301,249145889
2025-04-11,1.005253,1.015157,1.002282,1.008224,94887200
2025-04-14,1.013176,1.042888,1.013176,1.032984,148673700
2025-04-15,1.030013,1.031003,1.017138,1.025061,80329300
2025-04-16,1.032984,1.032984,1.009215,1.024071,68080600
2025-04-17,1.030013,1.040907,1.016147,1.019118,95970312
2025-04-18,1.012186,1.018128,1.004263,1.016147,49355343
2025-04-21,1.020109,1.055763,1.020109,1.054773,179944300
2025-04-22,1.055763,1.060715,1.046850,1.049821,100770000
2025-04-23,1.041898,1.046850,1.031003,1.034965,104285500
2025-04-24,1.038926,1.045859,1.027042,1.028032,80469300
2025-04-25,1.031003,1.041898,1.028032,1.030013,64013104
2025-04-28,1.028032,1.030013,1.021099,1.026051,56385675
2025-04-29,1.023080,1.029022,1.021099,1.024071,45035900
2025-04-30,1.024070,1.029022,1.020109,1.022090,37051500
2025-05-06,1.031003,1.046850,1.031003,1.046850,110250200
2025-05-07,1.050811,1.054773,1.041898,1.049821,75895700
2025-05-08,1.045859,1.048830,1.036946,1.041898,73944800
2025-05-09,1.037936,1.041898,1.031994,1.038926,57416297
2025-05-12,1.038926,1.048830,1.031994,1.047840,139317400
2025-05-13,1.047840,1.053782,1.043878,1.051802,80635647
2025-05-14,1.050811,1.059725,1.046850,1.059725,85157100
2025-05-15,1.056754,1.057744,1.041898,1.046850,53675100
2025-05-16,1.046850,1.052792,1.040907,1.044869,107226700
2025-05-19,1.044869,1.046850,1.034965,1.040907,39850500
2025-05-20,1.039917,1.046850,1.038926,1.044869,34249327
2025-05-21,1.049821,1.067648,1.047840,1.067648,124446469
2025-05-22,1.064677,1.067648,1.055763,1.057744,54146400
2025-05-23,1.059725,1.063686,1.056754,1.058734,58415950
2025-05-26,1.053782,1.067648,1.052792,1.058734,119561172
2025-05-27,1.054773,1.057744,1.031994,1.037936,134986400
2025-05-28,1.033974,1.041898,1.033974,1.036946,33158500
2025-05-29,1.031994,1.044869,1.029022,1.041898,44643200
2025-05-30,1.041898,1.041898,1.030013,1.033974,58210747
2025-06-03,1.042888,1.052792,1.041898,1.046850,54067400
2025-06-04,1.044869,1.064677,1.044869,1.059725,86302089
2025-06-05,1.060715,1.066658,1.054773,1.055763,152122676
2025-06-06,1.058734,1.072600,1.058734,1.068638,129217884
2025-06-09,1.063686,1.073590,1.056754,1.071609,128320990
2025-06-10,1.069629,1.077552,1.064677,1.072600,87872421
2025-06-11,1.072600,1.098350,1.070619,1.094389,141372983
2025-06-12,1.094389,1.108254,1.087456,1.106273,143053300
2025-06-13,1.110235,1.115187,1.100331,1.105283,124601300
2025-06-16,1.105283,1.113206,1.096369,1.101321,148170065
2025-06-17,1.098350,1.108254,1.097360,1.101321,78134632
2025-06-18,1.103302,1.104293,1.088446,1.099341,67975924
2025-06-19,1.092408,1.098350,1.077552,1.080523,87936288
2025-06-20,1.079533,1.085475,1.074581,1.076561,58712116
2025-06-23,1.075571,1.087456,1.075571,1.086465,75225713
2025-06-24,1.086465,1.100331,1.081513,1.092408,67789826
2025-06-25,1.095379,1.100331,1.087456,1.100331,98671509
2025-06-26,1.099341,1.116177,1.095379,1.105283,128824553
2025-06-27,1.115187,1.138956,1.111225,1.127072,290467390
2025-06-30,1.129052,1.129052,1.117168,1.128062,274325166
2025-07-01,1.128062,1.143908,1.117168,1.143908,163625000
2025-07-02,1.140937,1.161736,1.136976,1.152822,333042800
2025-07-03,1.157774,1.160745,1.146880,1.154803,199181300
2025-07-04,1.147870,1.151832,1.134995,1.137966,312459750
2025-07-07,1.134004,1.136976,1.128062,1.129053,165595050
2025-07-08,1.129052,1.145889,1.129052,1.140937,239508376
2025-07-09,1.145889,1.150841,1.115187,1.119148,304250892
2025-07-10,1.124100,1.137966,1.124100,1.134995,159238084
2025-07-11,1.141928,1.173620,1.139947,1.156784,322083946
2025-07-14,1.165697,1.177582,1.159755,1.161736,229904713
2025-07-15,1.155793,1.162726,1.138956,1.147870,267527679
2025-07-16,1.145889,1.152822,1.138956,1.144899,155727941
2025-07-17,1.144899,1.150841,1.137966,1.148860,101858500
2025-07-18,1.151832,1.184515,1.150841,1.177582,206567400
2025-07-21,1.183524,1.212246,1.179563,1.211255,376557895
2025-07-22,1.214227,1.239977,1.210265,1.239977,272102800
2025-07-23,1.249881,1.253843,1.232054,1.235025,441095990
2025-07-24,1.227102,1.285535,1.225121,1.275631,425964800
2025-07-25,1.269689,1.281574,1.266718,1.275631,225957289
2025-07-28,1.261766,1.272660,1.246910,1.269689,221491042
2025-07-29,1.257804,1.271670,1.254833,1.266718,223704711
2025-07-30,1.269689,1.273650,1.245919,1.258795,229553200
2025-07-31,1.238987,1.241958,1.210265,1.217198,362959300
2025-08-01,1.213236,1.220169,1.208284,1.212246,152897194
2025-08-04,1.210265,1.233044,1.210265,1.233044,183705197
2025-08-05,1.236015,1.241958,1.230073,1.237996,250580500
2025-08-06,1.237996,1.254833,1.236015,1.251862,234118770
2025-08-07,1.256814,1.269689,1.233044,1.268698,299039800
2025-08-08,1.268698,1.292468,1.261766,1.284545,301702900
2025-08-11,1.294449,1.297420,1.278602,1.292468,229072948
2025-08-12,1.284545,1.290487,1.273650,1.286526,175577308
2025-08-13,1.283554,1.314257,1.283554,1.314257,283456700
2025-08-14,1.314257,1.321189,1.298410,1.307324,288684500
2025-08-15,1.295439,1.336045,1.290487,1.333074,265504400
2025-08-18,1.339017,1.354863,1.319209,1.339017,390765890
2025-08-19,1.336045,1.351892,1.325151,1.331093,346303796
2025-08-20,1.321189,1.354863,1.319209,1.342978,172653135
2025-08-21,1.341988,1.363777,1.330103,1.338026,247470325
2025-08-22,1.334065,1.360805,1.334065,1.354863,242755566
2025-08-25,1.386556,1.436076,1.378632,1.432114,576397248
2025-08-26,1.427162,1.430133,1.400421,1.413296,464932226
2025-08-27,1.421219,1.438056,1.400421,1.403392,475231557
2025-08-28,1.401412,1.430133,1.388536,1.429143,460592102
2025-08-29,1.431124,1.477672,1.431124,1.471730,324122487
2025-09-01,1.501442,1.519269,1.458855,1.518278,623550225
2025-09-02,1.528182,1.540067,1.484605,1.496490,823133833
2025-09-03,1.518278,1.530163,1.468759,1.491538,512335192
2025-09-04,1.485595,1.502432,1.400421,1.430133,702624472
2025-09-05,1.417258,1.493519,1.417258,1.492528,492192707
2025-09-08,1.523230,1.523230,1.476682,1.489557,458408333
2025-09-09,1.490547,1.534125,1.484605,1.500451,600363759
2025-09-10,1.479653,1.500451,1.460835,1.485595,482134034
2025-09-11,1.480643,1.510355,1.475691,1.509365,368122053
2025-09-12,1.523230,1.562846,1.518278,1.547000,654339700
2025-09-15,1.549000,1.559000,1.531000,1.535000,464055624
2025-09-16,1.551000,1.556000,1.481000,1.515000,841742038
2025-09-17,1.502000,1.520000,1.488000,1.518000,530223836
2025-09-18,1.499000,1.500000,1.444000,1.464000,774081751
2025-09-19,1.460000,1.495000,1.460000,1.483000,451014720
2025-09-22,1.498000,1.504000,1.467000,1.497000,358770443
2025-09-23,1.497000,1.519000,1.459000,1.483000,530334081
2025-09-24,1.474000,1.504000,1.473000,1.503000,430750292
2025-09-25,1.529000,1.548000,1.518000,1.533000,634450202
2025-09-26,1.531000,1.566000,1.526000,1.532000,471850322
2025-09-29,1.551000,1.596000,1.533000,1.595000,592114709
2025-09-30,1.615000,1.658000,1.614000,1.653000,723701753
2025-10-09,1.750000,1.800000,1.716000,1.797000,1173372364
2025-10-10,1.785000,1.791000,1.721000,1.732000,1363346391
2025-10-13,1.678000,1.806000,1.678000,1.799000,1406855255
2025-10-14,1.846000,1.851000,1.712000,1.728000,1414009987
2025-10-15,1.741000,1.756000,1.693000,1.744000,997086152
2025-10-16,1.735000,1.746000,1.696000,1.704000,613396679
2025-10-17,1.726000,1.745000,1.666000,1.671000,689456242
2025-10-20,1.658000,1.673000,1.636000,1.648000,596823951
2025-10-21,1.668000,1.690000,1.648000,1.674000,517444071
2025-10-22,1.610000,1.656000,1.608000,1.652000,574830519
2025-10-23,1.642000,1.676000,1.619000,1.671000,472555429
2025-10-27,1.714000,1.753000,1.710000,1.741000,665849062
2025-10-28,1.730000,1.732000,1.681000,1.686000,693733556
2025-10-29,1.691000,1.767000,1.691000,1.764000,674916716
2025-10-30,1.754000,1.808000,1.746000,1.784000,763971199
2025-10-31,1.776000,1.785000,1.742000,1.744000,502687906
2025-11-03,1.731000,1.740000,1.671000,1.719000,627141979
2025-11-04,1.705000,1.716000,1.651000,1.667000,399015118
2025-11-05,1.626000,1.681000,1.619000,1.674000,610128420
2025-11-06,1.673000,1.729000,1.669000,1.728000,597116200
2025-11-07,1.724000,1.749000,1.711000,1.738000,342176200
2025-11-10,1.757000,1.777000,1.731000,1.746000,504554925
2025-11-11,1.762000,1.768000,1.718000,1.722000,342572678
2025-11-12,1.715000,1.750000,1.696000,1.723000,356233073
2025-11-13,1.739000,1.810000,1.733000,1.794000,723423153
2025-11-14,1.766000,1.781000,1.747000,1.760000,437286057
2025-11-17,1.753000,1.771000,1.742000,1.751000,393258694
2025-11-18,1.745000,1.749000,1.688000,1.702000,528579008
2025-11-19,1.707000,1.760000,1.707000,1.750000,378697307
2025-11-20,1.750000,1.785000,1.738000,1.742000,410002690
2025-11-21,1.712000,1.712000,1.648000,1.650000,644782577
2025-11-24,1.650000,1.658000,1.608000,1.638000,430050639
2025-11-25,1.657000,1.684000,1.648000,1.674000,356894316
2025-11-26,1.681000,1.694000,1.668000,1.674000,242435400
2025-11-27,1.689000,1.710000,1.673000,1.676000,288171579
2025-11-28,1.682000,1.710000,1.670000,1.704000,300989898
2025-12-01,1.748000,1.784000,1.742000,1.756000,541637472
2025-12-02,1.745000,1.745000,1.720000,1.731000,335750704
2025-12-03,1.732000,1.764000,1.729000,1.742000,356331310
2025-12-04,1.769000,1.787000,1.741000,1.748000,376759941
2025-12-05,1.739000,1.797000,1.739000,1.793000,505559747
2025-12-08,1.800000,1.806000,1.769000,1.806000,567316125
2025-12-09,1.790000,1.791000,1.734000,1.746000,488043676
2025-12-10,1.754000,1.766000,1.737000,1.764000,482904310
2025-12-11,1.781000,1.793000,1.749000,1.751000,399680824
2025-12-12,1.779000,1.784000,1.754000,1.770000,333801950
2025-12-15,1.748000,1.782000,1.746000,1.762000,294760178
2025-12-16,1.755000,1.757000,1.702000,1.715000,590729376
2025-12-17,1.726000,1.784000,1.726000,1.775000,440365889
2025-12-18,1.774000,1.800000,1.761000,1.772000,401335888
2025-12-19,1.768000,1.809000,1.751000,1.807000,408497332
2025-12-22,1.830000,1.858000,1.821000,1.847000,487182651
2025-12-23,1.859000,1.891000,1.837000,1.859000,554642985
2025-12-24,1.877000,1.883000,1.850000,1.869000,628654478
2025-12-25,1.844000,1.855000,1.824000,1.847000,490019083
2025-12-26,1.873000,1.932000,1.873000,1.920000,781951605
2025-12-29,1.950000,1.951000,1.875000,1.878000,1275225492
2025-12-30,1.816000,1.921000,1.816000,1.909000,967935121
2025-12-31,1.909000,1.962000,1.907000,1.927000,608853075
2026-01-05,1.956000,1.984000,1.937000,1.981000,821103258
2026-01-06,2.014000,2.073000,2.007000,2.060000,815977983
2026-01-07,2.080000,2.103000,2.046000,2.068000,929578674
2026-01-08,2.040000,2.081000,2.007000,2.032000,1003648107
2026-01-09,2.013000,2.101000,2.012000,2.094000,918307372
2026-01-12,2.149000,2.157000,2.081000,2.118000,1080566695
2026-01-13,2.119000,2.186000,2.114000,2.141000,1121051856
2026-01-14,2.157000,2.200000,2.131000,2.148000,1296903856
2026-01-15,2.147000,2.245000,2.136000,2.206000,1425694986
2026-01-16,2.206000,2.249000,2.163000,2.175000,1456648009
2026-01-19,2.174000,2.190000,2.127000,2.177000,1005736643
2026-01-20,2.188000,2.209000,2.107000,2.184000,1220010486
2026-01-21,2.184000,2.255000,2.177000,2.253000,974456705
2026-01-22,2.225000,2.247000,2.202000,2.236000,847264879
2026-01-23,2.266000,2.308000,2.245000,2.293000,783538420
2026-01-26,2.358000,2.427000,2.356000,2.414000,1262890240
2026-01-27,2.386000,2.451000,2.341000,2.391000,1736345852
2026-01-28,2.405000,2.563000,2.381000,2.549000,1632497715
2026-01-29,2.630000,2.674000,2.462000,2.595000,2364193561
2026-01-30,2.450000,2.474000,2.336000,2.339000,2619463942
2026-02-02,2.105000,2.220000,2.105000,2.105000,2122540535
2026-02-03,2.189000,2.260000,2.139000,2.249000,1804853876
2026-02-04,2.297000,2.307000,2.223000,2.253000,948140662
2026-02-05,2.198000,2.226000,2.110000,2.144000,1040139900
2026-02-06,2.047000,2.182000,2.047000,2.153000,825787558
2026-02-09,2.203000,2.216000,2.175000,2.199000,609269910
2026-02-10,2.204000,2.215000,2.181000,2.195000,494832027
2026-02-11,2.193000,2.274000,2.191000,2.256000,624105100
2026-02-12,2.255000,2.299000,2.250000,2.271000,608309892
2026-02-13,2.223000,2.245000,2.187000,2.193000,770705500
2026-02-24,2.262000,2.276000,2.244000,2.260000,675779498
2026-02-25,2.270000,2.373000,2.262000,2.347000,904177100
2026-02-26,2.370000,2.372000,2.321000,2.329000,759333119
2026-02-27,2.313000,2.414000,2.313000,2.410000,879991257
2026-03-02,2.482000,2.500000,2.371000,2.498000,1262327006
2026-03-03,2.453000,2.480000,2.350000,2.362000,1325941910
2026-03-04,2.263000,2.398000,2.263000,2.345000,887007201
2026-03-05,2.383000,2.390000,2.300000,2.326000,878581946
2026-03-06,2.292000,2.319000,2.245000,2.279000,698793417
2026-03-09,2.226000,2.273000,2.173000,2.257000,934323207
2026-03-10,2.272000,2.289000,2.259000,2.279000,450054287
2026-03-11,2.290000,2.299000,2.262000,2.271000,414984945
2026-03-12,2.250000,2.284000,2.228000,2.254000,662057498
2026-03-13,2.233000,2.283000,2.187000,2.193000,690274410
2026-03-16,2.163000,2.183000,2.073000,2.126000,1309281158
2026-03-17,2.131000,2.157000,2.090000,2.091000,739588470
2026-03-18,2.085000,2.094000,2.038000,2.075000,637007525
2026-03-19,2.010000,2.023000,1.935000,1.944000,1240675758
2026-03-20,1.935000,1.978000,1.915000,1.917000,923187072
2026-03-23,1.852000,1.907000,1.819000,1.823000,1042763001
2026-03-24,1.870000,1.894000,1.811000,1.892000,1021609325
2026-03-25,1.950000,1.976000,1.934000,1.952000,781605110
2026-03-26,1.945000,1.961000,1.908000,1.919000,439309617
2026-03-27,1.881000,1.989000,1.877000,1.976000,629108178
2026-03-30,1.978000,2.010000,1.951000,2.008000,497717448
2026-03-31,2.009000,2.024000,1.968000,1.983000,450186932
2026-04-01,2.032000,2.035000,2.004000,2.026000,560244000
2026-04-02,2.018000,2.030000,1.972000,1.991000,503714274
2026-04-03,1.990000,2.000000,1.961000,1.971000,304741405
2026-04-07,1.970000,1.998000,1.970000,1.992000,271504559
2026-04-08,2.060000,2.120000,2.060000,2.119000,750223896
2026-04-09,2.081000,2.122000,2.075000,2.103000,513745726
2026-04-10,2.120000,2.128000,2.090000,2.096000,442929612
2026-04-13,2.078000,2.104000,2.075000,2.096000,411704456
2026-04-14,2.140000,2.144000,2.108000,2.136000,536881063
2026-04-15,2.168000,2.174000,2.097000,2.104000,513796341
2026-04-16,2.115000,2.170000,2.115000,2.170000,527497532
2026-04-17,2.152000,2.184000,2.150000,2.167000,343802756
2026-04-20,2.166000,2.197000,2.160000,2.179000,400841918
2026-04-21,2.182000,2.186000,2.147000,2.180000,379395190
2026-04-22,2.158000,2.187000,2.153000,2.179000,461010820
2026-04-23,2.178000,2.185000,2.081000,2.098000,764120779
2026-04-24,2.083000,2.131000,2.066000,2.118000,502114586
2026-04-27,2.112000,2.120000,2.091000,2.095000,326369546
2026-04-28,2.081000,2.084000,2.036000,2.043000,423109077
2026-04-29,2.032000,2.140000,2.032000,2.140000,564009175
2026-04-30,2.128000,2.154000,2.101000,2.119000,380262704
2026-05-06,2.134000,2.200000,2.114000,2.199000,701034311
2026-05-07,2.231000,2.235000,2.178000,2.207000,752127563
2026-05-08,2.188000,2.215000,2.165000,2.206000,540275362
2026-05-11,2.199000,2.225000,2.186000,2.208000,672843203
2026-05-12,2.236000,2.249000,2.180000,2.188000,746163677
2026-05-13,2.196000,2.226000,2.188000,2.209000,609057945
2026-05-14,2.199000,2.209000,2.128000,2.130000,622112933
2026-05-15,2.105000,2.110000,2.025000,2.039000,708486456
2026-05-18,1.990000,2.017000,1.973000,2.009000,521962742
2026-05-19,2.006000,2.006000,1.942000,1.981000,413093032
2026-05-20,1.950000,2.000000,1.931000,1.985000,501468135
2026-05-21,2.007000,2.036000,1.943000,1.947000,540683537
2026-05-22,1.951000,2.029000,1.941000,2.019000,494317295
2026-05-25,2.050000,2.066000,2.010000,2.025000,696371248
2026-05-26,2.009000,2.100000,1.984000,2.095000,870205014
2026-05-27,2.085000,2.092000,2.000000,2.013000,657759366
2026-05-28,1.983000,2.008000,1.937000,1.991000,620167667
2026-05-29,2.012000,2.028000,1.953000,1.965000,500427733
2026-06-01,1.961000,1.988000,1.944000,1.949000,439299904
2026-06-02,1.955000,2.022000,1.926000,2.015000,617211337
2026-06-03,1.997000,2.054000,1.988000,2.032000,625129872
2026-06-04,2.004000,2.007000,1.958000,1.970000,481973300
2026-06-05,1.950000,1.983000,1.917000,1.926000,457796113
2026-06-08,1.844000,1.876000,1.792000,1.820000,703786117
2026-06-09,1.829000,1.874000,1.792000,1.869000,604061373
2026-06-10,1.823000,1.864000,1.820000,1.843000,441786441
2026-06-11,1.825000,1.898000,1.825000,1.880000,681421182
2026-06-12,1.932000,2.020000,1.913000,1.976000,888871328
2026-06-15,2.039000,2.100000,2.009000,2.063000,1293542597
2026-06-16,2.040000,2.080000,2.033000,2.049000,794928688
2026-06-17,2.041000,2.069000,2.018000,2.045000,673526896
2026-06-18,2.016000,2.099000,2.005000,2.050000,888319701
2026-06-22,2.034000,2.162000,2.027000,2.155000,931878216
2026-06-23,2.149000,2.149000,1.960000,1.976000,1089698723
2026-06-24,1.944000,1.981000,1.913000,1.980000,837687731
2026-06-25,1.935000,1.954000,1.908000,1.922000,676903848
2026-06-26,1.921000,1.932000,1.831000,1.839000,915382100
2026-06-29,1.837000,1.876000,1.826000,1.864000,619119843
2026-06-30,1.831000,1.856000,1.804000,1.854000,434596900
2026-07-01,1.841000,1.879000,1.830000,1.848000,476196739
2026-07-02,1.863000,1.913000,1.827000,1.880000,664350838
2026-07-03,1.916000,1.932000,1.885000,1.892000,757254115
2026-07-06,1.895000,1.953000,1.861000,1.865000,654772995
2026-07-07,1.837000,1.855000,1.799000,1.803000,502828821
2026-07-08,1.790000,1.799000,1.750000,1.750000,448815634
2026-07-09,1.730000,1.763000,1.665000,1.745000,702294558
2026-07-10,1.750000,1.803000,1.729000,1.756000,502344177
2026-07-13,1.734000,1.734000,1.673000,1.679000,408975100
2026-07-14,1.667000,1.774000,1.658000,1.774000,674219865
2026-07-15,1.781000,1.781000,1.734000,1.739000,441500629
2026-07-16,1.720000,1.756000,1.710000,1.725000,395243654
2026-07-17,1.702000,1.706000,1.626000,1.636000,567454642
2026-07-20,1.650000,1.675000,1.605000,1.625000,465452228
2026-07-21,1.649000,1.711000,1.622000,1.710000,575805207
2026-07-22,1.723000,1.794000,1.720000,1.768000,709736906
2026-07-23,1.775000,1.851000,1.759000,1.822000,1024440751
2026-07-24,1.759000,1.787000,1.727000,1.735000,665823400
2026-07-27,1.761000,1.777000,1.733000,1.776000,462378800
2026-07-28,1.743000,1.757000,1.720000,1.736000,532049025
2026-07-29,1.736000,1.784000,1.712000,1.768000,403800708
2026-07-30,1.780000,1.801000,1.734000,1.747000,509354998
2026-07-31,1.778000,1.820000,1.777000,1.792000,470245052
2026-08-03,1.790000,1.793000,1.753000,1.778000,363053200
2026-08-04,1.781000,1.811000,1.772000,1.809000,461070847
2026-08-05,1.825000,1.905000,1.818000,1.903000,894757665
2026-08-06,1.950000,1.959000,1.894000,1.917000,921344326
2026-08-07,1.909000,1.985000,1.909000,1.985000,659000326
2026-08-10,,,,,483879076
