date,open,high,low,close,volume
2017-07-18,1.004600,1.004600,1.004600,1.004600,0
2017-07-19,1.005100,1.005100,1.005100,1.005100,0
2017-07-20,1.005300,1.005300,1.005300,1.005300,0
2017-07-21,1.004800,1.004800,1.004800,1.004800,0
2017-07-24,1.005500,1.005500,1.005500,1.005500,0
2017-07-25,1.006700,1.006700,1.006700,1.006700,0
2017-07-26,1.007300,1.007300,1.007300,1.007300,0
2017-07-27,1.006900,1.006900,1.006900,1.006900,0
2017-07-28,1.007700,1.007700,1.007700,1.007700,0
2017-07-31,1.006400,1.006400,1.006400,1.006400,0
2017-08-01,1.012700,1.012700,1.012700,1.012700,0
2017-08-02,1.018400,1.018400,1.018400,1.018400,0
2017-08-03,1.015000,1.022000,0.999000,0.999000,252815428
2017-08-04,1.000000,1.005000,0.997000,0.999000,12909310
2017-08-07,0.999000,1.000000,0.989000,0.995000,8029368
2017-08-08,0.994000,0.997000,0.991000,0.993000,4900088
2017-08-09,0.997000,0.997000,0.978000,0.980000,5573400
2017-08-10,0.980000,0.984000,0.970000,0.976000,7053053
2017-08-11,0.970000,0.972000,0.954000,0.963000,6286434
2017-08-14,0.956000,0.968000,0.953000,0.964000,5378967
2017-08-15,0.964000,0.981000,0.962000,0.973000,4292159
2017-08-16,0.970000,0.970000,0.963000,0.968000,1642903
2017-08-17,0.967000,0.969000,0.964000,0.969000,2595200
2017-08-18,0.962000,0.974000,0.962000,0.970000,2670814
2017-08-21,0.970000,0.971000,0.965000,0.970000,2367727
2017-08-22,0.968000,0.975000,0.966000,0.975000,3307406
2017-08-23,0.975000,0.994000,0.975000,0.987000,9212303
2017-08-24,0.989000,1.000000,0.987000,0.989000,10211834
2017-08-25,0.994000,1.020000,0.993000,1.018000,86292528
2017-08-28,1.020000,1.039000,1.019000,1.026000,77712560
2017-08-29,1.023000,1.028000,1.018000,1.026000,18122500
2017-08-30,1.026000,1.036000,1.015000,1.017000,16820300
2017-08-31,1.018000,1.019000,1.001000,1.009000,26494500
2017-09-01,1.008000,1.013000,0.999000,1.004000,16043500
2017-09-04,1.002000,1.010000,0.996000,1.010000,19919700
2017-09-05,1.010000,1.022000,1.000000,1.018000,15795800
2017-09-06,1.013000,1.016000,1.009000,1.012000,5884900
2017-09-07,1.012000,1.014000,1.002000,1.002000,7010716
2017-09-08,1.001000,1.009000,1.000000,1.003000,6217200
2017-09-11,1.004000,1.012000,1.002000,1.003000,8759216
2017-09-12,1.004000,1.005000,0.998000,1.004000,12554316
2017-09-13,1.003000,1.003000,0.998000,1.002000,6201300
2017-09-14,1.000000,1.001000,0.991000,0.992000,11542300
2017-09-15,0.990000,0.992000,0.986000,0.991000,9425700
2017-09-18,0.988000,0.994000,0.988000,0.991000,8470500
2017-09-19,0.989000,0.993000,0.983000,0.988000,15512500
2017-09-20,0.989000,0.992000,0.985000,0.989000,7529600
2017-09-21,0.990000,0.999000,0.987000,0.994000,7963900
2017-09-22,0.992000,1.001000,0.992000,0.994000,7229300
2017-09-25,0.991000,0.998000,0.989000,0.997000,8611600
2017-09-26,0.996000,0.996000,0.992000,0.993000,6410182
2017-09-27,0.992000,0.992000,0.984000,0.986000,18570300
2017-09-28,0.985000,0.987000,0.980000,0.982000,9406010
2017-09-29,0.981000,0.988000,0.981000,0.987000,8327810
2017-10-09,1.018000,1.022000,0.996000,1.000000,22124246
2017-10-10,0.999000,1.003000,0.993000,1.002000,10397146
2017-10-11,1.001000,1.009000,1.000000,1.004000,6392946
2017-10-12,1.005000,1.008000,1.003000,1.005000,10248499
2017-10-13,1.005000,1.006000,1.002000,1.003000,3862425
2017-10-16,1.003000,1.011000,1.001000,1.009000,15529550
2017-10-17,1.005000,1.012000,1.005000,1.008000,5983300
2017-10-18,1.007000,1.013000,1.005000,1.012000,8049330
2017-10-19,1.011000,1.014000,1.009000,1.011000,12184235
2017-10-20,1.010000,1.010000,1.006000,1.008000,3016190
2017-10-23,1.004000,1.004000,1.000000,1.001000,10241100
2017-10-24,1.000000,1.005000,0.999000,1.003000,4758600
2017-10-25,1.002000,1.002000,0.999000,1.002000,2592500
2017-10-26,1.001000,1.001000,0.992000,0.994000,6629300
2017-10-27,0.995000,1.010000,0.994000,1.010000,16255842
2017-10-30,1.009000,1.011000,1.004000,1.006000,5008716
2017-10-31,1.004000,1.004000,0.998000,0.999000,3405916
2017-11-01,0.999000,1.000000,0.990000,0.993000,10045600
2017-11-02,0.992000,0.993000,0.985000,0.991000,6853900
2017-11-03,0.990000,0.993000,0.981000,0.993000,4652500
2017-11-06,0.990000,0.990000,0.981000,0.984000,4263500
2017-11-07,0.983000,0.999000,0.983000,0.995000,6620900
2017-11-08,0.995000,1.004000,0.994000,0.996000,8337400
2017-11-09,0.997000,1.003000,0.994000,0.996000,3724000
2017-11-10,0.999000,0.999000,0.986000,0.991000,9354300
2017-11-13,0.989000,1.014000,0.989000,1.005000,19903900
2017-11-14,1.004000,1.006000,0.999000,1.000000,5461400
2017-11-15,1.000000,1.002000,0.996000,1.000000,3394300
2017-11-16,1.000000,1.000000,0.991000,0.993000,9927100
2017-11-17,0.993000,1.022000,0.993000,1.021000,27519946
2017-11-20,1.013000,1.037000,1.013000,1.037000,19857971
2017-11-21,1.027000,1.055000,1.027000,1.043000,13298571
2017-11-22,1.046000,1.077000,1.046000,1.065000,12443255
2017-11-23,1.064000,1.076000,1.043000,1.048000,14476966
2017-11-24,1.050000,1.064000,1.044000,1.057000,6529955
2017-11-27,1.057000,1.057000,1.033000,1.045000,15229038
2017-11-28,1.042000,1.045000,1.028000,1.033000,8098300
2017-11-29,1.035000,1.039000,1.023000,1.033000,5951700
2017-11-30,1.030000,1.037000,1.024000,1.030000,7094000
2017-12-01,1.025000,1.034000,1.018000,1.025000,8822700
2017-12-04,1.022000,1.028000,1.019000,1.026000,5318025
2017-12-05,1.026000,1.049000,1.025000,1.043000,29325531
2017-12-06,1.040000,1.040000,1.024000,1.032000,5850331
2017-12-07,1.030000,1.030000,1.014000,1.023000,7752300
2017-12-08,1.022000,1.024000,1.017000,1.022000,14602963
2017-12-11,1.022000,1.026000,1.012000,1.025000,8455900
2017-12-12,1.023000,1.024000,1.011000,1.012000,4701000
2017-12-13,1.012000,1.016000,1.007000,1.015000,4803047
2017-12-14,1.014000,1.021000,1.010000,1.012000,6080611
2017-12-15,1.012000,1.012000,0.998000,0.999000,7546064
2017-12-18,0.997000,1.006000,0.997000,1.004000,6885047
2017-12-19,1.001000,1.018000,1.001000,1.018000,5992500
2017-12-20,1.015000,1.020000,1.012000,1.015000,2273000
2017-12-21,1.015000,1.023000,1.013000,1.019000,5096900
2017-12-22,1.020000,1.020000,1.013000,1.014000,2833964
2017-12-25,1.014000,1.022000,1.011000,1.011000,5715200
2017-12-26,1.015000,1.023000,1.010000,1.022000,5273091
2017-12-27,1.024000,1.025000,1.007000,1.013000,4140855
2017-12-28,1.011000,1.014000,1.007000,1.012000,3523600
2017-12-29,1.012000,1.017000,1.010000,1.017000,5018400
2018-01-02,1.017000,1.039000,1.017000,1.029000,11180100
2018-01-03,1.029000,1.039000,1.027000,1.031000,9826809
2018-01-04,1.032000,1.035000,1.027000,1.030000,6208846
2018-01-05,1.032000,1.035000,1.027000,1.033000,8575821
2018-01-08,1.033000,1.033000,1.026000,1.030000,14675900
2018-01-09,1.029000,1.032000,1.026000,1.029000,10824100
2018-01-10,1.029000,1.054000,1.027000,1.053000,17201069
2018-01-11,1.052000,1.061000,1.048000,1.053000,12708800
2018-01-12,1.053000,1.065000,1.053000,1.058000,8630500
2018-01-15,1.054000,1.085000,1.054000,1.078000,13105117
2018-01-16,1.079000,1.083000,1.070000,1.082000,11387564
2018-01-17,1.083000,1.119000,1.083000,1.092000,23609233
2018-01-18,1.098000,1.115000,1.097000,1.114000,34281381
2018-01-19,1.119000,1.147000,1.116000,1.130000,33931276
2018-01-22,1.119000,1.140000,1.110000,1.115000,26559896
2018-01-23,1.115000,1.150000,1.115000,1.150000,41097113
2018-01-24,1.154000,1.178000,1.147000,1.155000,37140700
2018-01-25,1.150000,1.152000,1.128000,1.146000,26282300
2018-01-26,1.146000,1.166000,1.142000,1.150000,26162577
2018-01-29,1.148000,1.167000,1.136000,1.142000,28007334
2018-01-30,1.136000,1.142000,1.120000,1.120000,16365900
2018-01-31,1.120000,1.141000,1.111000,1.141000,16743093
2018-02-01,1.142000,1.156000,1.136000,1.153000,29714094
2018-02-02,1.152000,1.152000,1.127000,1.146000,20064180
2018-02-05,1.139000,1.188000,1.132000,1.187000,37823040
2018-02-06,1.168000,1.179000,1.152000,1.166000,60082040
2018-02-07,1.179000,1.196000,1.126000,1.132000,60533240
2018-02-08,1.120000,1.124000,1.076000,1.092000,40901109
2018-02-09,1.058000,1.071000,1.019000,1.058000,53413740
2018-02-12,1.050000,1.057000,1.035000,1.045000,47886149
2018-02-13,1.054000,1.073000,1.052000,1.061000,19829000
2018-02-14,1.058000,1.065000,1.052000,1.061000,15864700
2018-02-22,1.079000,1.088000,1.077000,1.085000,21818345
2018-02-23,1.082000,1.094000,1.080000,1.093000,19489800
2018-02-26,1.095000,1.105000,1.086000,1.093000,15366000
2018-02-27,1.093000,1.095000,1.065000,1.072000,23525200
2018-02-28,1.060000,1.063000,1.051000,1.056000,21236900
2018-03-01,1.053000,1.065000,1.050000,1.059000,15767100
2018-03-02,1.055000,1.057000,1.045000,1.050000,15419000
2018-03-05,1.050000,1.058000,1.043000,1.048000,13205800
2018-03-06,1.052000,1.056000,1.039000,1.052000,28511474
2018-03-07,1.058000,1.071000,1.056000,1.057000,38782474
2018-03-08,1.058000,1.060000,1.048000,1.057000,15202774
2018-03-09,1.058000,1.063000,1.054000,1.059000,17329800
2018-03-12,1.061000,1.066000,1.054000,1.055000,29393000
2018-03-13,1.055000,1.065000,1.052000,1.053000,29748300
2018-03-14,1.052000,1.053000,1.040000,1.045000,19334800
2018-03-15,1.043000,1.047000,1.041000,1.044000,13936700
2018-03-16,1.045000,1.045000,1.033000,1.034000,15739000
2018-03-19,1.033000,1.037000,1.028000,1.037000,17104500
2018-03-20,1.033000,1.044000,1.031000,1.042000,20818300
2018-03-21,1.045000,1.053000,1.040000,1.044000,24098800
2018-03-22,1.043000,1.047000,1.032000,1.037000,17247100
2018-03-23,1.015000,1.020000,1.001000,1.011000,42555000
2018-03-26,1.003000,1.006000,0.982000,0.989000,22453500
2018-03-27,0.998000,1.002000,0.981000,0.986000,27456400
2018-03-28,0.985000,1.000000,0.980000,0.986000,25678201
2018-03-29,0.988000,1.009000,0.976000,1.002000,40280922
2018-03-30,1.001000,1.003000,0.992000,0.994000,21411300
2018-04-02,0.993000,1.001000,0.986000,0.986000,23047700
2018-04-03,0.980000,0.982000,0.974000,0.975000,32627300
2018-04-04,0.978000,0.985000,0.975000,0.976000,24914100
2018-04-09,0.975000,0.982000,0.973000,0.978000,18726600
2018-04-10,0.978000,1.006000,0.976000,1.006000,54491292
2018-04-11,1.005000,1.026000,1.004000,1.017000,50544020
2018-04-12,1.012000,1.016000,1.001000,1.002000,16309300
2018-04-13,1.005000,1.011000,0.995000,0.996000,14961020
2018-04-16,0.991000,0.996000,0.966000,0.967000,54122400
2018-04-17,0.971000,0.975000,0.961000,0.963000,29738300
2018-04-18,0.976000,0.980000,0.965000,0.972000,50244900
2018-04-19,0.968000,0.983000,0.968000,0.976000,41409000
2018-04-20,0.975000,0.975000,0.961000,0.966000,22598400
2018-04-23,0.966000,0.975000,0.963000,0.971000,38632600
2018-04-24,0.974000,0.996000,0.973000,0.989000,47508700
2018-04-25,0.985000,0.987000,0.977000,0.979000,27882800
2018-04-26,0.980000,0.984000,0.968000,0.974000,35020900
2018-04-27,0.973000,0.978000,0.965000,0.977000,31584700
2018-05-02,0.986000,0.986000,0.973000,0.977000,25122000
2018-05-03,0.977000,0.977000,0.965000,0.975000,24617700
2018-05-04,0.972000,0.973000,0.965000,0.966000,22573564
2018-05-07,0.966000,0.972000,0.962000,0.972000,37391508
2018-05-08,0.972000,0.988000,0.971000,0.984000,50157008
2018-05-09,0.983000,0.985000,0.978000,0.985000,18070000
2018-05-10,0.982000,0.991000,0.980000,0.986000,18209612
2018-05-11,0.987000,0.993000,0.983000,0.989000,36517100
2018-05-14,0.991000,1.004000,0.991000,0.997000,32966900
2018-05-15,0.999000,0.999000,0.989000,0.994000,24432200
2018-05-16,0.991000,0.991000,0.981000,0.983000,27310412
2018-05-17,0.981000,0.984000,0.976000,0.979000,17786000
2018-05-18,0.976000,0.990000,0.976000,0.990000,29509400
2018-05-21,0.993000,0.999000,0.989000,0.991000,21832622
2018-05-22,0.991000,0.991000,0.980000,0.985000,24708300
2018-05-23,0.983000,0.983000,0.973000,0.974000,18771600
2018-05-24,0.972000,0.975000,0.966000,0.968000,24208100
2018-05-25,0.970000,0.971000,0.963000,0.966000,17536400
2018-05-28,0.967000,0.967000,0.960000,0.964000,16983200
2018-05-29,0.964000,0.964000,0.951000,0.960000,38542000
2018-05-30,0.953000,0.953000,0.942000,0.943000,26326900
2018-05-31,0.947000,0.954000,0.943000,0.951000,23386600
2018-06-01,0.950000,0.956000,0.946000,0.951000,13548400
2018-06-04,0.953000,0.961000,0.951000,0.960000,26158200
2018-06-05,0.953000,0.959000,0.951000,0.959000,30701000
2018-06-06,0.958000,0.958000,0.948000,0.949000,46802067
2018-06-07,0.951000,0.958000,0.950000,0.954000,42794900
2018-06-08,0.952000,0.952000,0.935000,0.938000,43776300
2018-06-11,0.937000,0.937000,0.929000,0.936000,44818700
2018-06-12,0.937000,0.940000,0.932000,0.938000,21540589
2018-06-13,0.937000,0.938000,0.931000,0.934000,17044200
2018-06-14,0.931000,0.939000,0.930000,0.934000,21187112
2018-06-15,0.934000,0.945000,0.933000,0.943000,38050900
2018-06-19,0.937000,0.942000,0.924000,0.933000,50229400
2018-06-20,0.926000,0.930000,0.921000,0.927000,21406800
2018-06-21,0.929000,0.934000,0.922000,0.924000,29403200
2018-06-22,0.920000,0.926000,0.918000,0.926000,14561500
2018-06-25,0.930000,0.931000,0.907000,0.907000,25783231
2018-06-26,0.903000,0.904000,0.880000,0.891000,41169700
2018-06-27,0.890000,0.892000,0.873000,0.878000,42777300
2018-06-28,0.875000,0.882000,0.867000,0.872000,25905294
2018-06-29,0.874000,0.886000,0.874000,0.885000,31195700
2018-07-02,0.886000,0.886000,0.853000,0.856000,54047325
2018-07-03,0.856000,0.862000,0.846000,0.860000,48626400
2018-07-04,0.858000,0.867000,0.855000,0.858000,36864100
2018-07-05,0.858000,0.866000,0.853000,0.862000,23542300
2018-07-06,0.861000,0.875000,0.852000,0.870000,32147800
2018-07-09,0.869000,0.899000,0.869000,0.898000,43997228
2018-07-10,0.899000,0.899000,0.888000,0.896000,15363628
2018-07-11,0.888000,0.888000,0.878000,0.884000,18440000
2018-07-12,0.882000,0.906000,0.882000,0.902000,23779900
2018-07-13,0.904000,0.904000,0.896000,0.898000,19872900
2018-07-16,0.899000,0.900000,0.884000,0.886000,28949100
2018-07-17,0.885000,0.885000,0.877000,0.881000,25523100
2018-07-18,0.885000,0.892000,0.879000,0.880000,33688600
2018-07-19,0.880000,0.886000,0.877000,0.879000,19517600
2018-07-20,0.879000,0.922000,0.873000,0.918000,48280620
2018-07-23,0.918000,0.940000,0.912000,0.934000,51913088
2018-07-24,0.933000,0.950000,0.933000,0.937000,86550455
2018-07-25,0.939000,0.942000,0.932000,0.937000,19579799
2018-07-26,0.937000,0.946000,0.931000,0.933000,23617100
2018-07-27,0.930000,0.938000,0.925000,0.930000,30948899
2018-07-30,0.931000,0.947000,0.930000,0.942000,41105500
2018-07-31,0.940000,0.949000,0.932000,0.944000,23142900
2018-08-01,0.944000,0.954000,0.926000,0.926000,35871300
2018-08-02,0.920000,0.929000,0.903000,0.910000,54104400
2018-08-03,0.910000,0.921000,0.907000,0.910000,39048828
2018-08-06,0.911000,0.929000,0.909000,0.915000,26622927
2018-08-07,0.916000,0.934000,0.913000,0.934000,34029112
2018-08-08,0.934000,0.934000,0.923000,0.924000,16639900
2018-08-09,0.921000,0.939000,0.920000,0.938000,25240499
2018-08-10,0.936000,0.938000,0.926000,0.933000,23507500
2018-08-13,0.921000,0.926000,0.908000,0.917000,32306900
2018-08-14,0.914000,0.918000,0.909000,0.914000,20389200
2018-08-15,0.913000,0.913000,0.898000,0.898000,18145300
2018-08-16,0.893000,0.907000,0.887000,0.900000,23362826
2018-08-17,0.903000,0.908000,0.892000,0.894000,17740400
2018-08-20,0.897000,0.908000,0.896000,0.907000,26067831
2018-08-21,0.907000,0.918000,0.906000,0.915000,29985449
2018-08-22,0.911000,0.913000,0.906000,0.909000,12614226
2018-08-23,0.911000,0.916000,0.905000,0.913000,20879462
2018-08-24,0.909000,0.946000,0.908000,0.933000,44120709
2018-08-27,0.935000,0.943000,0.929000,0.943000,43478800
2018-08-28,0.940000,0.948000,0.938000,0.940000,27067000
2018-08-29,0.939000,0.943000,0.936000,0.937000,39728671
2018-08-30,0.938000,0.944000,0.928000,0.930000,34953300
2018-08-31,0.930000,0.942000,0.928000,0.934000,35536575
2018-09-03,0.933000,0.940000,0.930000,0.936000,19493100
2018-09-04,0.935000,0.950000,0.930000,0.945000,36895800
2018-09-05,0.942000,0.942000,0.924000,0.925000,35250500
2018-09-06,0.922000,0.929000,0.919000,0.921000,20150900
2018-09-07,0.921000,0.930000,0.920000,0.926000,30110900
2018-09-10,0.924000,0.927000,0.918000,0.920000,13233000
2018-09-11,0.920000,0.927000,0.911000,0.914000,20951600
2018-09-12,0.912000,0.919000,0.907000,0.915000,18738270
2018-09-13,0.922000,0.926000,0.916000,0.924000,44868144
2018-09-14,0.927000,0.928000,0.922000,0.925000,17851300
2018-09-17,0.923000,0.923000,0.917000,0.918000,24743700
2018-09-18,0.918000,0.934000,0.916000,0.932000,24254300
2018-09-19,0.929000,0.941000,0.927000,0.938000,18819349
2018-09-20,0.938000,0.945000,0.935000,0.940000,11928400
2018-09-21,0.940000,0.978000,0.937000,0.978000,63555685
2018-09-25,0.964000,0.971000,0.961000,0.965000,20359398
2018-09-26,0.968000,0.986000,0.965000,0.977000,35006850
2018-09-27,0.971000,0.979000,0.967000,0.974000,15423594
2018-09-28,0.975000,0.997000,0.975000,0.988000,81742000
2018-10-08,0.968000,0.969000,0.950000,0.951000,48022900
2018-10-09,0.951000,0.959000,0.946000,0.952000,37603700
2018-10-10,0.953000,0.962000,0.948000,0.956000,35549800
2018-10-11,0.935000,0.940000,0.913000,0.919000,56740700
2018-10-12,0.921000,0.943000,0.919000,0.939000,59435900
2018-10-15,0.941000,0.941000,0.926000,0.928000,45889100
2018-10-16,0.929000,0.945000,0.929000,0.934000,46670900
2018-10-17,0.941000,0.945000,0.925000,0.940000,68780700
2018-10-18,0.935000,0.938000,0.922000,0.922000,25682600
2018-10-19,0.918000,0.954000,0.916000,0.952000,57591770
2018-10-22,0.960000,0.989000,0.959000,0.978000,217603539
2018-10-23,0.977000,0.977000,0.953000,0.956000,63139801
2018-10-24,0.956000,0.997000,0.956000,0.975000,211952500
2018-10-25,0.955000,0.985000,0.954000,0.984000,131921800
2018-10-26,0.982000,0.987000,0.972000,0.982000,102384700
2018-10-29,0.985000,0.992000,0.955000,0.964000,117188583
2018-10-30,0.964000,0.985000,0.964000,0.977000,60398625
2018-10-31,0.980000,0.984000,0.972000,0.979000,44126200
2018-11-01,0.983000,1.010000,0.970000,0.974000,76082071
2018-11-02,0.988000,0.997000,0.975000,0.995000,91031413
2018-11-05,0.986000,0.988000,0.976000,0.981000,52775323
2018-11-06,0.980000,0.981000,0.971000,0.976000,27939911
2018-11-07,0.976000,0.985000,0.970000,0.971000,50695600
2018-11-08,0.977000,0.985000,0.974000,0.979000,46447800
2018-11-09,0.970000,0.970000,0.946000,0.949000,70970282
2018-11-12,0.946000,0.952000,0.946000,0.952000,42680840
2018-11-13,0.943000,0.961000,0.940000,0.956000,70907400
2018-11-14,0.954000,0.954000,0.941000,0.943000,65630300
2018-11-15,0.943000,0.953000,0.943000,0.952000,75665500
2018-11-16,0.951000,0.959000,0.947000,0.952000,66383800
2018-11-19,0.952000,0.967000,0.951000,0.967000,105730900
2018-11-20,0.959000,0.963000,0.949000,0.951000,73020350
2018-11-21,0.947000,0.952000,0.945000,0.950000,33785204
2018-11-22,0.951000,0.954000,0.944000,0.948000,29404886
2018-11-23,0.946000,0.950000,0.936000,0.937000,55546400
2018-11-26,0.938000,0.945000,0.937000,0.940000,34079700
2018-11-27,0.942000,0.943000,0.933000,0.936000,35445300
2018-11-28,0.936000,0.944000,0.936000,0.942000,42445600
2018-11-29,0.945000,0.946000,0.938000,0.939000,30070000
2018-11-30,0.938000,0.946000,0.938000,0.944000,25839200
2018-12-03,0.961000,0.965000,0.953000,0.961000,97912299
2018-12-04,0.961000,0.965000,0.958000,0.964000,29762899
2018-12-05,0.955000,0.962000,0.955000,0.958000,30729300
2018-12-06,0.956000,0.956000,0.944000,0.948000,41474432
2018-12-07,0.947000,0.951000,0.944000,0.945000,26092000
2018-12-10,0.939000,0.942000,0.934000,0.938000,23678200
2018-12-11,0.938000,0.940000,0.935000,0.937000,19866400
2018-12-12,0.941000,0.943000,0.935000,0.938000,15613800
2018-12-13,0.938000,0.950000,0.936000,0.946000,49954300
2018-12-14,0.942000,0.943000,0.933000,0.935000,34960300
2018-12-17,0.933000,0.938000,0.932000,0.934000,34202700
2018-12-18,0.930000,0.937000,0.925000,0.926000,29863600
2018-12-19,0.927000,0.931000,0.916000,0.918000,20836900
2018-12-20,0.916000,0.918000,0.893000,0.902000,35926200
2018-12-21,0.899000,0.899000,0.884000,0.890000,46697255
2018-12-24,0.886000,0.891000,0.882000,0.890000,30223631
2018-12-25,0.884000,0.891000,0.873000,0.886000,37267700
2018-12-26,0.885000,0.888000,0.881000,0.884000,26895631
2018-12-27,0.891000,0.894000,0.884000,0.888000,30052542
2018-12-28,0.888000,0.899000,0.888000,0.893000,38604131
2019-01-02,0.893000,0.895000,0.874000,0.879000,36183031
2019-01-03,0.875000,0.888000,0.875000,0.885000,32695600
2019-01-04,0.878000,0.905000,0.877000,0.905000,48110900
2019-01-07,0.878000,0.905000,0.899000,0.902000,37431700
2019-01-08,0.902000,0.902000,0.896000,0.897000,20818100
2019-01-09,0.900000,0.915000,0.900000,0.906000,46197740
2019-01-10,0.906000,0.908000,0.900000,0.903000,15598400
2019-01-11,0.902000,0.914000,0.902000,0.912000,20193000
2019-01-14,0.911000,0.912000,0.904000,0.905000,25582700
2019-01-15,0.905000,0.915000,0.905000,0.915000,20106400
2019-01-16,0.914000,0.916000,0.912000,0.916000,12877000
2019-01-17,0.917000,0.921000,0.910000,0.913000,21687573
2019-01-18,0.914000,0.930000,0.914000,0.928000,29123300
2019-01-21,0.927000,0.934000,0.927000,0.930000,19791100
2019-01-22,0.929000,0.932000,0.919000,0.921000,18310500
2019-01-23,0.920000,0.930000,0.920000,0.925000,15503200
2019-01-24,0.926000,0.934000,0.925000,0.932000,15364700
2019-01-25,0.935000,0.952000,0.934000,0.947000,32020400
2019-01-28,0.952000,0.958000,0.944000,0.947000,22882900
2019-01-29,0.944000,0.957000,0.943000,0.954000,21520100
2019-01-30,0.951000,0.957000,0.947000,0.950000,15371100
2019-01-31,0.952000,0.969000,0.952000,0.967000,32682000
2019-02-01,0.969000,0.971000,0.959000,0.969000,29662500
2019-02-11,0.965000,0.970000,0.960000,0.969000,29989800
2019-02-12,0.969000,0.970000,0.962000,0.969000,31939900
2019-02-13,0.968000,0.986000,0.964000,0.983000,54899564
2019-02-14,0.978000,0.981000,0.973000,0.976000,36987832
2019-02-15,0.973000,0.974000,0.956000,0.958000,53637900
2019-02-18,0.962000,0.978000,0.962000,0.977000,53381200
2019-02-19,0.978000,0.990000,0.972000,0.975000,64645800
2019-02-20,0.978000,0.982000,0.972000,0.979000,32954100
2019-02-21,0.977000,0.985000,0.970000,0.972000,57373600
2019-02-22,0.970000,0.987000,0.963000,0.985000,131807200
2019-02-25,0.995000,1.057000,0.989000,1.049000,298380529
2019-02-26,1.048000,1.055000,1.025000,1.027000,274889957
2019-02-27,1.028000,1.064000,1.025000,1.042000,251450068
2019-02-28,1.039000,1.051000,1.033000,1.036000,117628846
2019-03-01,1.042000,1.071000,1.030000,1.070000,168282901
2019-03-04,1.076000,1.106000,1.071000,1.076000,267939599
2019-03-05,1.070000,1.079000,1.067000,1.073000,108151599
2019-03-06,1.072000,1.084000,1.062000,1.079000,113671729
2019-03-07,1.076000,1.076000,1.057000,1.061000,210765964
2019-03-08,1.040000,1.046000,1.017000,1.020000,179260785
2019-03-11,1.018000,1.027000,1.011000,1.025000,107523121
2019-03-12,1.031000,1.042000,1.023000,1.028000,154386081
2019-03-13,1.026000,1.038000,1.017000,1.028000,164605327
2019-03-14,1.026000,1.040000,1.024000,1.027000,83176000
2019-03-15,1.030000,1.042000,1.027000,1.033000,166434900
2019-03-18,1.032000,1.052000,1.028000,1.051000,139880500
2019-03-19,1.052000,1.054000,1.040000,1.043000,92962600
2019-03-20,1.040000,1.051000,1.038000,1.044000,83956557
2019-03-21,1.045000,1.045000,1.038000,1.040000,88535808
2019-03-22,1.039000,1.040000,1.026000,1.035000,147475500
2019-03-25,1.021000,1.028000,1.009000,1.011000,118892400
2019-03-26,1.014000,1.016000,1.003000,1.006000,57482000
2019-03-27,1.010000,1.021000,1.007000,1.015000,71582167
2019-03-28,1.013000,1.014000,1.003000,1.008000,74434995
2019-03-29,1.010000,1.040000,1.008000,1.039000,170713162
2019-04-01,1.043000,1.065000,1.043000,1.057000,163076437
2019-04-02,1.062000,1.067000,1.056000,1.059000,108024192
2019-04-03,1.048000,1.070000,1.045000,1.069000,130818995
2019-04-04,1.070000,1.090000,1.069000,1.086000,181616200
2019-04-08,1.100000,1.118000,1.084000,1.092000,274006535
2019-04-09,1.090000,1.094000,1.078000,1.083000,140754378
2019-04-10,1.079000,1.084000,1.066000,1.078000,166306541
2019-04-11,1.078000,1.088000,1.066000,1.068000,99989900
2019-04-12,1.067000,1.073000,1.065000,1.072000,52452400
2019-04-15,1.100000,1.106000,1.074000,1.076000,183404814
2019-04-16,1.068000,1.120000,1.068000,1.118000,242092820
2019-04-17,1.116000,1.127000,1.107000,1.112000,151500054
2019-04-18,1.112000,1.112000,1.099000,1.103000,144803332
2019-04-19,1.105000,1.119000,1.100000,1.113000,96269992
2019-04-22,1.114000,1.115000,1.079000,1.082000,130935792
2019-04-23,1.079000,1.091000,1.074000,1.083000,78633734
2019-04-24,1.086000,1.092000,1.070000,1.087000,66307000
2019-04-25,1.082000,1.086000,1.072000,1.074000,73952900
2019-04-26,1.070000,1.073000,1.056000,1.058000,75735434
2019-05-06,1.052000,1.058000,1.030000,1.048000,150462863
2019-05-07,1.055000,1.056000,1.038000,1.047000,82325200
2019-05-08,1.034000,1.042000,1.029000,1.031000,57187600
2019-05-09,1.028000,1.030000,1.006000,1.009000,61447300
2019-05-10,1.019000,1.037000,1.010000,1.031000,107815751
2019-05-13,1.020000,1.023000,1.015000,1.016000,47772243
2019-05-14,1.010000,1.022000,1.008000,1.013000,47917143
2019-05-15,1.017000,1.034000,1.017000,1.030000,67114500
2019-05-16,1.025000,1.031000,1.025000,1.030000,34366700
2019-05-17,1.030000,1.031000,1.014000,1.017000,60227068
2019-05-20,1.013000,1.024000,1.012000,1.018000,68048857
2019-05-21,1.018000,1.033000,1.016000,1.026000,45531600
2019-05-22,1.027000,1.027000,1.019000,1.022000,32514100
2019-05-23,1.022000,1.023000,1.010000,1.016000,45824472
2019-05-24,1.017000,1.027000,1.017000,1.023000,43401130
2019-05-27,1.021000,1.027000,1.007000,1.026000,90278271
2019-05-28,1.021000,1.032000,1.020000,1.026000,94869000
2019-05-29,1.024000,1.031000,1.019000,1.023000,41244600
2019-05-30,1.021000,1.023000,1.014000,1.022000,35018492
2019-05-31,1.020000,1.027000,1.017000,1.019000,51667700
2019-06-03,1.018000,1.027000,1.014000,1.021000,50618500
2019-06-04,1.020000,1.023000,1.016000,1.021000,26887792
2019-06-05,1.025000,1.032000,1.024000,1.027000,51245100
2019-06-06,1.025000,1.029000,1.021000,1.025000,25276600
2019-06-10,1.027000,1.044000,1.027000,1.040000,72142700
2019-06-11,1.046000,1.053000,1.039000,1.053000,69780320
2019-06-12,1.050000,1.053000,1.044000,1.050000,40855800
2019-06-13,1.049000,1.052000,1.041000,1.047000,41575000
2019-06-14,1.047000,1.052000,1.043000,1.044000,26383800
2019-06-17,1.045000,1.057000,1.044000,1.051000,34961500
2019-06-18,1.053000,1.056000,1.048000,1.055000,33411111
2019-06-19,1.070000,1.076000,1.066000,1.069000,130028511
2019-06-20,1.070000,1.102000,1.068000,1.096000,180988100
2019-06-21,1.097000,1.097000,1.084000,1.089000,126424300
2019-06-24,1.086000,1.088000,1.081000,1.086000,98137900
2019-06-25,1.085000,1.085000,1.052000,1.064000,146147169
2019-06-26,1.058000,1.065000,1.056000,1.060000,93378869
2019-06-27,1.061000,1.074000,1.061000,1.072000,90760080
2019-06-28,1.070000,1.070000,1.060000,1.067000,59536500
2019-07-01,1.082000,1.085000,1.077000,1.082000,114688000
2019-07-02,1.079000,1.083000,1.074000,1.078000,69576900
2019-07-03,1.078000,1.078000,1.072000,1.077000,52734531
2019-07-04,1.078000,1.083000,1.074000,1.077000,49728400
2019-07-05,1.077000,1.078000,1.071000,1.078000,45556831
2019-07-08,1.075000,1.076000,1.053000,1.057000,70379300
2019-07-09,1.056000,1.059000,1.050000,1.052000,52053000
2019-07-10,1.054000,1.057000,1.045000,1.049000,46019100
2019-07-11,1.050000,1.058000,1.049000,1.053000,56112122
2019-07-12,1.054000,1.071000,1.053000,1.067000,61505622
2019-07-15,1.063000,1.071000,1.051000,1.068000,64217300
2019-07-16,1.066000,1.067000,1.062000,1.062000,47115700
2019-07-17,1.061000,1.064000,1.058000,1.059000,51246700
2019-07-18,1.057000,1.061000,1.056000,1.060000,41256900
2019-07-19,1.061000,1.075000,1.060000,1.074000,61036599
2019-07-22,1.072000,1.077000,1.064000,1.071000,60928200
2019-07-23,1.071000,1.073000,1.067000,1.071000,46975100
2019-07-24,1.073000,1.085000,1.073000,1.077000,74471601
2019-07-25,1.078000,1.095000,1.077000,1.094000,71119100
2019-07-26,1.090000,1.096000,1.088000,1.092000,56751800
2019-07-29,1.091000,1.093000,1.087000,1.093000,42745800
2019-07-30,1.092000,1.104000,1.090000,1.098000,50275100
2019-07-31,1.094000,1.094000,1.086000,1.087000,47229800
2019-08-01,1.084000,1.087000,1.074000,1.081000,48331300
2019-08-02,1.068000,1.071000,1.063000,1.068000,55850500
2019-08-05,1.067000,1.067000,1.046000,1.047000,86491000
2019-08-06,1.035000,1.041000,1.029000,1.037000,112263300
2019-08-07,1.039000,1.040000,1.032000,1.035000,54338400
2019-08-08,1.039000,1.054000,1.039000,1.052000,59162200
2019-08-09,1.052000,1.057000,1.046000,1.050000,44459397
2019-08-12,1.049000,1.064000,1.048000,1.064000,61009800
2019-08-13,1.059000,1.059000,1.048000,1.050000,44297400
2019-08-14,1.058000,1.060000,1.046000,1.048000,62500400
2019-08-15,1.036000,1.047000,1.031000,1.047000,52654300
2019-08-16,1.046000,1.049000,1.040000,1.045000,85038000
2019-08-19,1.045000,1.050000,1.029000,1.050000,157919472
2019-08-20,1.046000,1.053000,1.041000,1.048000,98580200
2019-08-21,1.045000,1.047000,1.041000,1.044000,46843800
2019-08-22,1.046000,1.047000,1.038000,1.041000,35264228
2019-08-23,1.041000,1.055000,1.040000,1.052000,75845600
2019-08-26,1.041000,1.043000,1.033000,1.034000,63126800
2019-08-27,1.039000,1.049000,1.039000,1.045000,68619650
2019-08-28,1.041000,1.042000,1.030000,1.032000,82666700
2019-08-29,1.032000,1.033000,1.022000,1.026000,68720900
2019-08-30,1.031000,1.033000,1.024000,1.027000,59574900
2019-09-02,1.027000,1.036000,1.026000,1.034000,72360400
2019-09-03,1.033000,1.036000,1.030000,1.035000,75809000
2019-09-04,1.033000,1.048000,1.032000,1.047000,120648700
2019-09-05,1.051000,1.071000,1.051000,1.060000,177772050
2019-09-06,1.064000,1.069000,1.061000,1.069000,74984250
2019-09-09,1.080000,1.080000,1.063000,1.066000,162127098
2019-09-10,1.066000,1.066000,1.056000,1.063000,139377500
2019-09-11,1.067000,1.070000,1.060000,1.068000,121691450
2019-09-12,1.070000,1.073000,1.065000,1.072000,124323400
2019-09-16,1.072000,1.074000,1.064000,1.068000,75357600
2019-09-17,1.065000,1.065000,1.050000,1.053000,79694200
2019-09-18,1.055000,1.058000,1.053000,1.058000,43656600
2019-09-19,1.055000,1.057000,1.051000,1.055000,34474200
2019-09-20,1.055000,1.061000,1.055000,1.060000,36769042
2019-09-23,1.061000,1.061000,1.046000,1.050000,36315505
2019-09-24,1.050000,1.054000,1.048000,1.050000,38763200
2019-09-25,1.047000,1.059000,1.044000,1.054000,78779276
2019-09-26,1.054000,1.077000,1.054000,1.068000,173111286
2019-09-27,1.068000,1.073000,1.060000,1.069000,61344504
2019-09-30,1.068000,1.073000,1.057000,1.058000,94252090
2019-10-08,1.057000,1.078000,1.056000,1.073000,65614400
2019-10-09,1.065000,1.095000,1.065000,1.085000,115533600
2019-10-10,1.083000,1.088000,1.080000,1.084000,65232600
2019-10-11,1.090000,1.108000,1.085000,1.107000,116318400
2019-10-14,1.116000,1.147000,1.113000,1.127000,209106200
2019-10-15,1.127000,1.132000,1.120000,1.131000,97995600
2019-10-16,1.135000,1.148000,1.118000,1.125000,191683640
2019-10-17,1.123000,1.130000,1.118000,1.122000,86517860
2019-10-18,1.125000,1.134000,1.103000,1.107000,97222000
2019-10-21,1.102000,1.123000,1.100000,1.120000,91788400
2019-10-22,1.120000,1.122000,1.103000,1.116000,66576600
2019-10-23,1.113000,1.122000,1.111000,1.114000,49675800
2019-10-24,1.114000,1.135000,1.114000,1.127000,155427300
2019-10-25,1.125000,1.127000,1.112000,1.124000,118629806
2019-10-28,1.123000,1.129000,1.115000,1.120000,85625900
2019-10-29,1.120000,1.120000,1.110000,1.113000,62464200
2019-10-30,1.110000,1.121000,1.108000,1.111000,70489200
2019-10-31,1.111000,1.113000,1.102000,1.105000,46697800
2019-11-01,1.105000,1.130000,1.101000,1.128000,106234506
2019-11-04,1.130000,1.142000,1.129000,1.133000,86613412
2019-11-05,1.132000,1.159000,1.131000,1.145000,134387826
2019-11-06,1.145000,1.158000,1.142000,1.151000,74155713
2019-11-07,1.149000,1.155000,1.144000,1.149000,62529454
2019-11-08,1.157000,1.157000,1.133000,1.134000,104325800
2019-11-11,1.132000,1.132000,1.114000,1.116000,87950198
2019-11-12,1.116000,1.122000,1.113000,1.120000,82510227
2019-11-13,1.117000,1.118000,1.110000,1.115000,93812900
2019-11-14,1.114000,1.117000,1.105000,1.110000,81096000
2019-11-15,1.110000,1.116000,1.106000,1.109000,62267900
2019-11-18,1.106000,1.124000,1.105000,1.120000,102492000
2019-11-19,1.119000,1.125000,1.116000,1.122000,70124300
2019-11-20,1.122000,1.122000,1.100000,1.104000,115491500
2019-11-21,1.100000,1.103000,1.094000,1.098000,97540900
2019-11-22,1.100000,1.106000,1.093000,1.094000,109995953
2019-11-25,1.095000,1.109000,1.095000,1.108000,102752400
2019-11-26,1.108000,1.111000,1.101000,1.106000,50063300
2019-11-27,1.103000,1.107000,1.098000,1.100000,46722900
2019-11-28,1.099000,1.102000,1.095000,1.097000,40263200
2019-11-29,1.095000,1.100000,1.089000,1.090000,62605500
2019-12-02,1.094000,1.096000,1.090000,1.091000,47423215
2019-12-03,1.089000,1.095000,1.085000,1.095000,38870800
2019-12-04,1.093000,1.093000,1.087000,1.089000,91346500
2019-12-05,1.092000,1.098000,1.090000,1.097000,95693900
2019-12-06,1.099000,1.100000,1.092000,1.095000,89501400
2019-12-09,1.097000,1.098000,1.090000,1.095000,64442228
2019-12-10,1.092000,1.095000,1.090000,1.093000,56338728
2019-12-11,1.093000,1.104000,1.091000,1.103000,107479500
2019-12-12,1.103000,1.103000,1.097000,1.099000,72647300
2019-12-13,1.106000,1.121000,1.105000,1.119000,184871099
2019-12-16,1.118000,1.120000,1.112000,1.119000,129785221
2019-12-17,1.118000,1.142000,1.114000,1.131000,326776579
2019-12-18,1.129000,1.142000,1.128000,1.133000,169688341
2019-12-19,1.136000,1.142000,1.132000,1.136000,115688260
2019-12-20,1.136000,1.145000,1.133000,1.136000,102539760
2019-12-23,1.135000,1.140000,1.121000,1.123000,110417400
2019-12-24,1.124000,1.133000,1.124000,1.130000,71409941
2019-12-25,1.129000,1.130000,1.122000,1.128000,83716935
2019-12-26,1.126000,1.135000,1.125000,1.135000,118976500
2019-12-27,1.133000,1.145000,1.130000,1.135000,162750800
2019-12-30,1.128000,1.135000,1.116000,1.134000,186320300
2019-12-31,1.131000,1.133000,1.127000,1.132000,184297600
2020-01-02,1.143000,1.160000,1.143000,1.152000,279945986
2020-01-03,1.151000,1.156000,1.150000,1.154000,122082808
2020-01-06,1.148000,1.159000,1.142000,1.149000,140225284
2020-01-07,1.148000,1.159000,1.147000,1.153000,97692008
2020-01-08,1.132000,1.132000,1.132000,1.132000,165405600
2020-01-09,1.141000,1.144000,1.132000,1.138000,312265900
2020-01-10,1.139000,1.141000,1.134000,1.138000,89212100
2020-01-13,1.143000,1.143000,1.143000,1.143000,114933510
2020-01-14,1.139000,1.139000,1.139000,1.139000,129741625
2020-01-15,1.139000,1.139000,1.125000,1.127000,115845860
2020-01-16,1.128000,1.130000,1.118000,1.119000,158325000
2020-01-17,1.119000,1.125000,1.116000,1.118000,112181400
2020-01-20,1.120000,1.127000,1.117000,1.127000,187892115
2020-01-21,1.122000,1.124000,1.109000,1.110000,186625700
2020-01-22,1.108000,1.111000,1.095000,1.109000,140884200
2020-01-23,1.100000,1.103000,1.076000,1.085000,223950761
2020-02-03,1.000000,1.030000,0.992000,1.001000,393728121
2020-02-04,1.007000,1.032000,1.007000,1.030000,214791720
2020-02-05,1.033000,1.039000,1.020000,1.031000,185797614
2020-02-06,1.032000,1.041000,1.025000,1.037000,238599652
2020-02-07,1.031000,1.035000,1.023000,1.033000,165819281
2020-02-10,1.027000,1.032000,1.024000,1.031000,193465900
2020-02-11,1.033000,1.042000,1.031000,1.041000,194873622
2020-02-12,1.037000,1.044000,1.035000,1.043000,176864821
2020-02-13,1.040000,1.042000,1.034000,1.035000,120855692
2020-02-14,1.034000,1.044000,1.032000,1.044000,155967307
2020-02-17,1.044000,1.066000,1.040000,1.064000,278092183
2020-02-18,1.062000,1.062000,1.050000,1.054000,239037700
2020-02-19,1.051000,1.058000,1.047000,1.051000,235055841
2020-02-20,1.052000,1.067000,1.046000,1.066000,396066621
2020-02-21,1.063000,1.069000,1.057000,1.063000,384065800
2020-02-24,1.061000,1.061000,1.049000,1.050000,267760700
2020-02-25,1.037000,1.043000,1.031000,1.040000,275832585
2020-02-26,1.030000,1.051000,1.028000,1.045000,278120000
2020-02-27,1.041000,1.048000,1.041000,1.048000,176329236
2020-02-28,1.035000,1.041000,1.020000,1.022000,266240000
2020-03-02,1.023000,1.042000,1.023000,1.038000,210716199
2020-03-03,1.045000,1.048000,1.038000,1.040000,201692896
2020-03-04,1.036000,1.044000,1.034000,1.044000,161795199
2020-03-05,1.048000,1.072000,1.045000,1.071000,430326384
2020-03-06,1.060000,1.063000,1.053000,1.055000,234418011
2020-03-09,1.036000,1.039000,1.024000,1.025000,266921100
2020-03-10,1.025000,1.042000,1.023000,1.040000,182509600
2020-03-11,1.040000,1.042000,1.028000,1.029000,141031700
2020-03-12,1.027000,1.031000,1.021000,1.024000,155133600
2020-03-13,0.996000,1.020000,0.989000,1.019000,262514785
2020-03-16,1.011000,1.015000,0.980000,0.982000,217031239
2020-03-17,0.986000,0.996000,0.969000,0.980000,208920000
2020-03-18,0.982000,0.988000,0.957000,0.958000,176758000
2020-03-19,0.954000,0.957000,0.923000,0.935000,238148283
2020-03-20,0.941000,0.959000,0.937000,0.954000,184936398
2020-03-23,0.930000,0.941000,0.928000,0.930000,96307500
2020-03-24,0.949000,0.956000,0.942000,0.955000,121707642
2020-03-25,0.970000,0.976000,0.964000,0.972000,120506272
2020-03-26,0.967000,0.990000,0.963000,0.978000,167887900
2020-03-27,0.984000,0.990000,0.978000,0.980000,114002215
2020-03-30,0.971000,0.979000,0.967000,0.975000,71351200
2020-03-31,0.980000,0.983000,0.965000,0.967000,83728100
2020-04-01,0.968000,0.977000,0.964000,0.965000,132638461
2020-04-02,0.961000,0.973000,0.961000,0.972000,62233889
2020-04-03,0.969000,0.970000,0.962000,0.966000,65983000
2020-04-07,0.977000,0.980000,0.974000,0.977000,124935362
2020-04-08,0.974000,0.974000,0.970000,0.971000,82108397
2020-04-09,0.974000,0.975000,0.970000,0.971000,118696900
2020-04-10,0.971000,0.975000,0.967000,0.969000,118012325
2020-04-13,0.968000,0.968000,0.962000,0.963000,46393000
2020-04-14,0.965000,0.975000,0.964000,0.974000,73580303
2020-04-15,0.972000,0.974000,0.968000,0.969000,59291939
2020-04-16,0.966000,0.969000,0.963000,0.966000,58441400
2020-04-17,0.969000,0.979000,0.968000,0.974000,131736342
2020-04-20,0.974000,0.975000,0.969000,0.973000,60081900
2020-04-21,0.970000,0.975000,0.966000,0.970000,90903711
2020-04-22,0.966000,0.969000,0.963000,0.969000,49231500
2020-04-23,0.967000,0.969000,0.963000,0.965000,45877100
2020-04-24,0.963000,0.964000,0.958000,0.960000,65632300
2020-04-27,0.963000,0.983000,0.962000,0.977000,190868400
2020-04-28,0.978000,0.982000,0.968000,0.981000,72805233
2020-04-29,0.982000,1.003000,0.979000,1.002000,148628689
2020-04-30,1.004000,1.018000,1.004000,1.008000,105299989
2020-05-06,0.999000,1.000000,0.988000,0.999000,141704000
2020-05-07,0.997000,0.998000,0.990000,0.992000,69728064
2020-05-08,0.996000,1.004000,0.994000,1.001000,90895564
2020-05-11,1.003000,1.009000,1.000000,1.002000,68986100
2020-05-12,1.001000,1.003000,0.992000,0.995000,64818800
2020-05-13,0.993000,0.993000,0.986000,0.992000,45786400
2020-05-14,0.988000,0.988000,0.981000,0.984000,57413200
2020-05-15,0.986000,0.987000,0.980000,0.982000,74240600
2020-05-18,0.981000,0.987000,0.978000,0.984000,103034289
2020-05-19,0.990000,0.995000,0.987000,0.989000,79387200
2020-05-20,0.988000,0.997000,0.984000,0.993000,102862200
2020-05-21,0.996000,0.997000,0.989000,0.990000,82421700
2020-05-22,0.989000,0.989000,0.973000,0.974000,96443500
2020-05-25,0.974000,0.976000,0.968000,0.971000,46600700
2020-05-26,0.972000,0.976000,0.972000,0.976000,57451000
2020-05-27,0.975000,0.986000,0.973000,0.979000,61848300
2020-05-28,0.981000,0.999000,0.980000,0.994000,114367200
2020-05-29,0.989000,0.992000,0.986000,0.989000,55683900
2020-06-01,0.992000,1.003000,0.990000,1.001000,114561900
2020-06-02,1.001000,1.009000,0.999000,1.007000,75063500
2020-06-03,1.010000,1.024000,1.008000,1.009000,184250900
2020-06-04,1.012000,1.014000,1.004000,1.007000,52684544
2020-06-05,1.006000,1.008000,1.001000,1.008000,77019644
2020-06-08,1.010000,1.015000,1.006000,1.008000,63409900
2020-06-09,1.007000,1.011000,1.004000,1.009000,90230700
2020-06-10,1.009000,1.010000,1.002000,1.004000,62070252
2020-06-11,1.001000,1.002000,0.989000,0.991000,121832800
2020-06-12,0.982000,0.991000,0.981000,0.990000,62274661
2020-06-15,0.987000,0.988000,0.980000,0.980000,77673000
2020-06-16,0.985000,0.988000,0.984000,0.987000,67759500
2020-06-17,0.986000,0.988000,0.982000,0.988000,41593500
2020-06-18,0.985000,0.985000,0.973000,0.982000,201582400
2020-06-19,0.982000,0.991000,0.980000,0.987000,220972776
2020-06-22,0.984000,0.991000,0.982000,0.984000,247803200
2020-06-23,0.982000,0.983000,0.976000,0.980000,152029808
2020-06-24,0.980000,0.992000,0.979000,0.991000,247559306
2020-06-29,1.000000,1.003000,0.984000,0.987000,255520300
2020-06-30,0.988000,0.993000,0.984000,0.990000,431633100
2020-07-01,0.990000,1.008000,0.988000,1.006000,497649902
2020-07-02,1.003000,1.031000,1.001000,1.030000,585698344
2020-07-03,1.036000,1.061000,1.035000,1.057000,676009040
2020-07-06,1.074000,1.163000,1.074000,1.163000,1132533212
2020-07-07,1.219000,1.220000,1.141000,1.146000,1437429665
2020-07-08,1.132000,1.167000,1.131000,1.157000,915221904
2020-07-09,1.150000,1.150000,1.128000,1.143000,981604332
2020-07-10,1.132000,1.135000,1.094000,1.101000,840334191
2020-07-13,1.088000,1.112000,1.083000,1.101000,784988568
2020-07-14,1.099000,1.101000,1.076000,1.085000,719963049
2020-07-15,1.091000,1.093000,1.061000,1.066000,603809241
2020-07-16,1.068000,1.084000,1.062000,1.063000,913679635
2020-07-17,1.068000,1.072000,1.055000,1.063000,557179317
2020-07-20,1.069000,1.093000,1.061000,1.091000,751643712
2020-07-21,1.091000,1.091000,1.077000,1.081000,438412749
2020-07-22,1.082000,1.094000,1.074000,1.080000,535293015
2020-07-23,1.071000,1.076000,1.052000,1.064000,539625716
2020-07-24,1.056000,1.061000,1.031000,1.039000,582878805
2020-07-27,1.039000,1.042000,1.023000,1.030000,413152573
2020-07-28,1.035000,1.037000,1.028000,1.033000,295665461
2020-07-29,1.030000,1.048000,1.026000,1.047000,559999612
2020-07-30,1.045000,1.046000,1.035000,1.035000,273979812
2020-07-31,1.035000,1.047000,1.031000,1.038000,337804508
2020-08-03,1.045000,1.047000,1.039000,1.046000,422790099
2020-08-04,1.048000,1.077000,1.043000,1.070000,1248277965
2020-08-05,1.062000,1.063000,1.051000,1.059000,405744916
2020-08-06,1.060000,1.068000,1.052000,1.066000,403936096
2020-08-07,1.060000,1.066000,1.050000,1.054000,342757217
2020-08-10,1.052000,1.070000,1.048000,1.066000,465266919
2020-08-11,1.065000,1.090000,1.064000,1.068000,697873450
2020-08-12,1.071000,1.082000,1.063000,1.076000,566421229
2020-08-13,1.078000,1.079000,1.068000,1.070000,238543616
2020-08-14,1.068000,1.088000,1.068000,1.087000,387220541
2020-08-17,1.090000,1.128000,1.089000,1.117000,1016918119
2020-08-18,1.115000,1.116000,1.100000,1.107000,448240190
2020-08-19,1.104000,1.109000,1.095000,1.097000,349670437
2020-08-20,1.092000,1.093000,1.076000,1.077000,389445414
2020-08-21,1.083000,1.086000,1.077000,1.084000,200339114
2020-08-24,1.083000,1.086000,1.075000,1.078000,193307800
2020-08-25,1.079000,1.086000,1.075000,1.078000,217080000
2020-08-26,1.078000,1.079000,1.066000,1.069000,217993600
2020-08-27,1.069000,1.071000,1.061000,1.069000,175452391
2020-08-28,1.068000,1.092000,1.064000,1.091000,418104529
2020-08-31,1.094000,1.105000,1.082000,1.084000,329551100
2020-09-01,1.079000,1.085000,1.077000,1.083000,210871941
2020-09-02,1.081000,1.082000,1.069000,1.075000,182603800
2020-09-03,1.075000,1.079000,1.068000,1.070000,197653900
2020-09-04,1.062000,1.070000,1.060000,1.066000,227320800
2020-09-07,1.066000,1.075000,1.060000,1.061000,218353400
2020-09-08,1.064000,1.079000,1.064000,1.078000,331887412
2020-09-09,1.072000,1.083000,1.068000,1.072000,212367141
2020-09-10,1.077000,1.079000,1.067000,1.069000,187465477
2020-09-11,1.067000,1.070000,1.055000,1.062000,216486081
2020-09-14,1.064000,1.066000,1.059000,1.065000,126329483
2020-09-15,1.063000,1.073000,1.061000,1.070000,138721233
2020-09-16,1.068000,1.076000,1.064000,1.072000,150405647
2020-09-17,1.072000,1.078000,1.068000,1.068000,138171383
2020-09-18,1.069000,1.091000,1.067000,1.090000,332947141
2020-09-21,1.091000,1.094000,1.081000,1.084000,178834100
2020-09-22,1.080000,1.087000,1.070000,1.072000,197985345
2020-09-23,1.072000,1.074000,1.066000,1.068000,332681700
2020-09-24,1.062000,1.065000,1.050000,1.052000,192691464
2020-09-25,1.053000,1.056000,1.050000,1.054000,130360617
2020-09-28,1.054000,1.058000,1.051000,1.056000,121738200
2020-09-29,1.059000,1.059000,1.045000,1.046000,206696700
2020-09-30,1.047000,1.052000,1.037000,1.041000,176748400
2020-10-09,1.047000,1.052000,1.045000,1.046000,168665802
2020-10-12,1.048000,1.075000,1.047000,1.073000,299925948
2020-10-13,1.067000,1.075000,1.065000,1.072000,199713517
2020-10-14,1.075000,1.077000,1.067000,1.071000,156361643
2020-10-15,1.072000,1.096000,1.071000,1.087000,577979449
2020-10-16,1.085000,1.117000,1.084000,1.106000,726976831
2020-10-19,1.113000,1.142000,1.107000,1.108000,524678248
2020-10-20,1.107000,1.111000,1.098000,1.105000,275524270
2020-10-21,1.105000,1.125000,1.100000,1.123000,352171487
2020-10-22,1.125000,1.139000,1.112000,1.121000,344241707
2020-10-23,1.119000,1.142000,1.115000,1.129000,642851700
2020-10-26,1.128000,1.132000,1.102000,1.108000,407043010
2020-10-27,1.103000,1.110000,1.100000,1.103000,186720200
2020-10-28,1.103000,1.107000,1.087000,1.092000,186298700
2020-10-29,1.084000,1.101000,1.080000,1.093000,286684785
2020-10-30,1.091000,1.107000,1.080000,1.081000,258046610
2020-11-02,1.082000,1.091000,1.074000,1.082000,206547600
2020-11-03,1.089000,1.106000,1.089000,1.096000,313919800
2020-11-04,1.106000,1.113000,1.100000,1.109000,308252935
2020-11-05,1.119000,1.121000,1.101000,1.106000,391159709
2020-11-06,1.104000,1.106000,1.095000,1.101000,257227208
2020-11-09,1.102000,1.116000,1.102000,1.114000,455035700
2020-11-10,1.122000,1.132000,1.114000,1.120000,358406795
2020-11-11,1.118000,1.132000,1.115000,1.125000,312672653
2020-11-12,1.123000,1.124000,1.112000,1.114000,214167100
2020-11-13,1.109000,1.109000,1.085000,1.097000,341148899
2020-11-16,1.095000,1.101000,1.093000,1.099000,149578307
2020-11-17,1.099000,1.116000,1.097000,1.114000,301281888
2020-11-18,1.108000,1.142000,1.108000,1.136000,512852375
2020-11-19,1.133000,1.149000,1.129000,1.144000,304361746
2020-11-20,1.136000,1.141000,1.132000,1.140000,195733628
2020-11-23,1.140000,1.164000,1.137000,1.162000,312279816
2020-11-24,1.158000,1.165000,1.153000,1.156000,249341165
2020-11-25,1.161000,1.172000,1.144000,1.146000,277767265
2020-11-26,1.144000,1.165000,1.144000,1.163000,299980687
2020-11-27,1.162000,1.195000,1.162000,1.194000,426153470
2020-11-30,1.212000,1.237000,1.178000,1.179000,920422282
2020-12-01,1.175000,1.217000,1.173000,1.211000,616644782
2020-12-02,1.209000,1.218000,1.192000,1.205000,430331775
2020-12-03,1.202000,1.210000,1.188000,1.202000,294965100
2020-12-04,1.196000,1.198000,1.176000,1.190000,417775567
2020-12-07,1.191000,1.191000,1.157000,1.162000,488187433
2020-12-08,1.159000,1.169000,1.152000,1.156000,363238783
2020-12-09,1.158000,1.170000,1.151000,1.154000,396488523
2020-12-10,1.150000,1.157000,1.139000,1.147000,288604461
2020-12-11,1.148000,1.150000,1.130000,1.138000,292128038
2020-12-14,1.140000,1.151000,1.138000,1.145000,280153363
2020-12-15,1.143000,1.144000,1.122000,1.135000,337666900
2020-12-16,1.136000,1.146000,1.133000,1.137000,300767915
2020-12-17,1.137000,1.147000,1.125000,1.146000,397544773
2020-12-18,1.142000,1.145000,1.125000,1.128000,453971863
2020-12-21,1.127000,1.132000,1.118000,1.127000,417636987
2020-12-22,1.125000,1.129000,1.101000,1.105000,495267617
2020-12-23,1.104000,1.112000,1.101000,1.109000,369144296
2020-12-24,1.112000,1.125000,1.111000,1.116000,313911505
2020-12-25,1.116000,1.118000,1.104000,1.117000,260737346
2020-12-28,1.113000,1.128000,1.108000,1.127000,347473544
2020-12-29,1.127000,1.133000,1.124000,1.129000,335129254
2020-12-30,1.126000,1.133000,1.120000,1.132000,435533721
2020-12-31,1.131000,1.151000,1.130000,1.145000,695315941
2021-01-04,1.137000,1.137000,1.111000,1.123000,1085958210
2021-01-05,1.116000,1.116000,1.095000,1.108000,1118899579
2021-01-06,1.105000,1.133000,1.101000,1.132000,975828240
2021-01-07,1.134000,1.146000,1.128000,1.143000,745202609
2021-01-08,1.145000,1.157000,1.137000,1.146000,594366748
2021-01-11,1.150000,1.170000,1.150000,1.160000,761967486
2021-01-12,1.160000,1.178000,1.153000,1.177000,474867973
2021-01-13,1.178000,1.179000,1.166000,1.175000,536437414
2021-01-14,1.171000,1.192000,1.168000,1.172000,482601022
2021-01-15,1.197000,1.236000,1.197000,1.206000,1126933831
2021-01-18,1.207000,1.241000,1.206000,1.230000,633730443
2021-01-19,1.230000,1.248000,1.217000,1.232000,564286205
2021-01-20,1.230000,1.245000,1.215000,1.220000,434330125
2021-01-21,1.222000,1.235000,1.218000,1.227000,463725780
2021-01-22,1.224000,1.224000,1.194000,1.203000,424345885
2021-01-25,1.196000,1.210000,1.181000,1.207000,417823888
2021-01-26,1.200000,1.221000,1.197000,1.199000,352621272
2021-01-27,1.196000,1.230000,1.196000,1.218000,526780099
2021-01-28,1.207000,1.209000,1.196000,1.205000,394299202
2021-01-29,1.221000,1.224000,1.200000,1.212000,504730100
2021-02-01,1.205000,1.243000,1.195000,1.242000,611083592
2021-02-02,1.228000,1.242000,1.219000,1.223000,454125637
2021-02-03,1.220000,1.255000,1.213000,1.242000,629537833
2021-02-04,1.233000,1.267000,1.231000,1.246000,592963888
2021-02-05,1.251000,1.290000,1.247000,1.286000,870129588
2021-02-08,1.284000,1.296000,1.261000,1.290000,793512942
2021-02-09,1.287000,1.294000,1.271000,1.293000,627164535
2021-02-10,1.297000,1.313000,1.266000,1.280000,701814636
2021-02-18,1.293000,1.319000,1.289000,1.305000,557407393
2021-02-19,1.299000,1.316000,1.290000,1.295000,527370626
2021-02-22,1.295000,1.295000,1.270000,1.274000,520800426
2021-02-23,1.271000,1.311000,1.271000,1.285000,638246394
2021-02-24,1.285000,1.288000,1.255000,1.265000,390507972
2021-02-25,1.273000,1.295000,1.266000,1.285000,527244645
2021-02-26,1.269000,1.283000,1.236000,1.240000,491736790
2021-03-01,1.245000,1.249000,1.233000,1.241000,757963494
2021-03-02,1.245000,1.252000,1.219000,1.231000,250212475
2021-03-03,1.230000,1.289000,1.230000,1.288000,554483306
2021-03-04,1.280000,1.297000,1.268000,1.279000,482692526
2021-03-05,1.265000,1.288000,1.244000,1.267000,309436501
2021-03-08,1.268000,1.283000,1.245000,1.246000,287954359
2021-03-09,1.248000,1.261000,1.216000,1.222000,535170536
2021-03-10,1.226000,1.229000,1.212000,1.219000,212684125
2021-03-11,1.230000,1.265000,1.230000,1.254000,371134874
2021-03-12,1.253000,1.272000,1.253000,1.267000,243933074
2021-03-15,1.265000,1.298000,1.264000,1.278000,414057590
2021-03-16,1.280000,1.305000,1.279000,1.293000,286495237
2021-03-17,1.284000,1.288000,1.267000,1.272000,295252457
2021-03-18,1.270000,1.281000,1.267000,1.277000,233656992
2021-03-19,1.276000,1.281000,1.235000,1.240000,279567234
2021-03-22,1.238000,1.273000,1.238000,1.264000,236303515
2021-03-23,1.264000,1.273000,1.250000,1.257000,263557977
2021-03-24,1.253000,1.259000,1.235000,1.238000,186970377
2021-03-25,1.238000,1.249000,1.228000,1.230000,164986500
2021-03-26,1.235000,1.244000,1.231000,1.243000,187842900
2021-03-29,1.244000,1.250000,1.235000,1.250000,179647800
2021-03-30,1.249000,1.257000,1.240000,1.257000,203394599
2021-03-31,1.254000,1.266000,1.243000,1.261000,226736907
2021-04-01,1.260000,1.262000,1.251000,1.258000,199894800
2021-04-02,1.258000,1.258000,1.239000,1.244000,264979403
2021-04-06,1.243000,1.251000,1.241000,1.245000,144533224
2021-04-07,1.245000,1.248000,1.235000,1.242000,164709724
2021-04-08,1.239000,1.241000,1.235000,1.238000,160062204
2021-04-09,1.237000,1.239000,1.229000,1.230000,149657100
2021-04-12,1.229000,1.234000,1.222000,1.228000,227586000
2021-04-13,1.227000,1.238000,1.219000,1.224000,179937900
2021-04-14,1.223000,1.225000,1.206000,1.210000,249846050
2021-04-15,1.208000,1.209000,1.186000,1.197000,366056200
2021-04-16,1.196000,1.202000,1.189000,1.201000,142790000
2021-04-19,1.198000,1.222000,1.191000,1.219000,214083721
2021-04-20,1.214000,1.229000,1.212000,1.221000,196889228
2021-04-21,1.223000,1.247000,1.223000,1.242000,284334152
2021-04-22,1.242000,1.245000,1.226000,1.233000,211389837
2021-04-23,1.230000,1.243000,1.227000,1.236000,175019387
2021-04-26,1.247000,1.251000,1.220000,1.224000,236707790
2021-04-27,1.222000,1.229000,1.219000,1.226000,112975919
2021-04-28,1.226000,1.229000,1.216000,1.224000,106171133
2021-04-29,1.225000,1.248000,1.224000,1.247000,204367493
2021-04-30,1.245000,1.246000,1.218000,1.226000,254610165
2021-05-06,1.230000,1.247000,1.226000,1.239000,177944669
2021-05-07,1.240000,1.264000,1.237000,1.255000,195813751
2021-05-10,1.255000,1.255000,1.232000,1.245000,163926105
2021-05-11,1.240000,1.250000,1.237000,1.249000,128264899
2021-05-12,1.243000,1.265000,1.243000,1.254000,169371642
2021-05-13,1.249000,1.259000,1.243000,1.246000,231971259
2021-05-14,1.248000,1.268000,1.240000,1.265000,239874400
2021-05-17,1.263000,1.279000,1.259000,1.268000,276846960
2021-05-18,1.267000,1.269000,1.259000,1.264000,136476325
2021-05-19,1.261000,1.263000,1.242000,1.248000,185997003
2021-05-20,1.245000,1.259000,1.237000,1.258000,212923791
2021-05-21,1.257000,1.262000,1.240000,1.244000,169112495
2021-05-24,1.241000,1.251000,1.240000,1.243000,149968847
2021-05-25,1.244000,1.291000,1.241000,1.286000,365451473
2021-05-26,1.287000,1.305000,1.286000,1.298000,242533192
2021-05-27,1.295000,1.299000,1.279000,1.292000,278675204
2021-05-28,1.290000,1.300000,1.284000,1.294000,249586796
2021-05-31,1.288000,1.289000,1.275000,1.285000,196599387
2021-06-01,1.280000,1.280000,1.268000,1.274000,279357800
2021-06-02,1.275000,1.276000,1.262000,1.275000,228934956
2021-06-03,1.272000,1.285000,1.267000,1.269000,243793278
2021-06-04,1.269000,1.296000,1.266000,1.284000,332916711
2021-06-07,1.284000,1.285000,1.268000,1.276000,233845400
2021-06-08,1.273000,1.282000,1.264000,1.273000,206270652
2021-06-09,1.269000,1.277000,1.267000,1.269000,221783364
2021-06-10,1.270000,1.282000,1.267000,1.268000,227820000
2021-06-11,1.270000,1.272000,1.244000,1.249000,283975305
2021-06-15,1.244000,1.248000,1.230000,1.237000,152031868
2021-06-16,1.236000,1.250000,1.233000,1.242000,191430407
2021-06-17,1.242000,1.250000,1.235000,1.238000,177400696
2021-06-18,1.233000,1.239000,1.222000,1.227000,217167115
2021-06-21,1.227000,1.228000,1.209000,1.213000,230924214
2021-06-22,1.215000,1.230000,1.215000,1.228000,227901251
2021-06-23,1.226000,1.231000,1.222000,1.226000,158326096
2021-06-24,1.227000,1.239000,1.221000,1.231000,193463500
2021-06-25,1.231000,1.250000,1.230000,1.247000,249732796
2021-06-28,1.246000,1.247000,1.221000,1.226000,354513100
2021-06-29,1.222000,1.229000,1.216000,1.219000,296106700
2021-06-30,1.222000,1.233000,1.220000,1.230000,192197996
2021-07-01,1.233000,1.249000,1.228000,1.248000,322413296
2021-07-02,1.240000,1.240000,1.218000,1.225000,210426100
2021-07-05,1.223000,1.225000,1.205000,1.222000,245012700
2021-07-06,1.220000,1.238000,1.218000,1.236000,216777004
2021-07-07,1.233000,1.249000,1.227000,1.234000,190467798
2021-07-08,1.241000,1.248000,1.197000,1.201000,577155070
2021-07-09,1.198000,1.206000,1.188000,1.191000,276001311
2021-07-12,1.198000,1.204000,1.181000,1.185000,413068400
2021-07-13,1.186000,1.196000,1.176000,1.193000,275008988
2021-07-14,1.189000,1.189000,1.165000,1.170000,357256179
2021-07-15,1.169000,1.202000,1.168000,1.200000,370826666
2021-07-16,1.195000,1.205000,1.191000,1.197000,158418966
2021-07-19,1.195000,1.198000,1.178000,1.197000,177728054
2021-07-20,1.188000,1.194000,1.177000,1.180000,223075666
2021-07-21,1.184000,1.186000,1.170000,1.176000,313717190
2021-07-22,1.174000,1.193000,1.173000,1.183000,277048090
2021-07-23,1.180000,1.183000,1.171000,1.178000,233850525
2021-07-26,1.171000,1.174000,1.136000,1.139000,365938200
2021-07-27,1.140000,1.143000,1.108000,1.113000,288161711
2021-07-28,1.112000,1.129000,1.111000,1.124000,201237405
2021-07-29,1.128000,1.130000,1.113000,1.115000,291817500
2021-07-30,1.112000,1.112000,1.093000,1.102000,241178560
2021-08-02,1.098000,1.122000,1.084000,1.116000,318689096
2021-08-03,1.110000,1.113000,1.102000,1.110000,207353137
2021-08-04,1.110000,1.112000,1.099000,1.101000,224655013
2021-08-05,1.099000,1.107000,1.094000,1.098000,157924660
2021-08-06,1.094000,1.104000,1.088000,1.101000,196798508
2021-08-09,1.100000,1.139000,1.098000,1.131000,399242001
2021-08-10,1.128000,1.158000,1.121000,1.151000,434678838
2021-08-11,1.150000,1.175000,1.149000,1.162000,439901292
2021-08-12,1.159000,1.165000,1.153000,1.155000,148648328
2021-08-13,1.155000,1.158000,1.148000,1.158000,133593225
2021-08-16,1.169000,1.170000,1.148000,1.156000,142371382
2021-08-17,1.154000,1.165000,1.118000,1.144000,263703282
2021-08-18,1.143000,1.190000,1.143000,1.182000,337837448
2021-08-19,1.180000,1.180000,1.156000,1.159000,249058000
2021-08-20,1.157000,1.167000,1.135000,1.151000,279881900
2021-08-23,1.149000,1.161000,1.149000,1.153000,289714256
2021-08-24,1.152000,1.164000,1.146000,1.159000,242976904
2021-08-25,1.159000,1.159000,1.143000,1.146000,183487400
2021-08-26,1.146000,1.146000,1.122000,1.130000,305820476
2021-08-27,1.129000,1.140000,1.128000,1.131000,253380563
2021-08-30,1.131000,1.132000,1.107000,1.113000,301439080
2021-08-31,1.114000,1.132000,1.112000,1.131000,221205198
2021-09-01,1.128000,1.159000,1.123000,1.156000,344422534
2021-09-02,1.155000,1.168000,1.152000,1.164000,416363845
2021-09-03,1.168000,1.178000,1.150000,1.165000,434306300
2021-09-06,1.162000,1.176000,1.159000,1.169000,299734471
2021-09-07,1.167000,1.191000,1.159000,1.186000,470057441
2021-09-08,1.185000,1.198000,1.181000,1.184000,281058221
2021-09-09,1.180000,1.187000,1.171000,1.183000,221902163
2021-09-10,1.182000,1.218000,1.180000,1.206000,625329342
2021-09-13,1.201000,1.209000,1.196000,1.207000,261619424
2021-09-14,1.207000,1.212000,1.170000,1.173000,504637261
2021-09-15,1.168000,1.176000,1.159000,1.164000,263390300
2021-09-16,1.163000,1.169000,1.150000,1.153000,236990622
2021-09-17,1.152000,1.158000,1.148000,1.156000,302324447
2021-09-22,1.130000,1.135000,1.118000,1.132000,463642815
2021-09-23,1.137000,1.147000,1.127000,1.133000,249879619
2021-09-24,1.131000,1.134000,1.120000,1.123000,378956400
2021-09-27,1.121000,1.127000,1.113000,1.122000,509380300
2021-09-28,1.121000,1.146000,1.120000,1.143000,470491191
2021-09-29,1.135000,1.158000,1.130000,1.151000,360977945
2021-09-30,1.149000,1.149000,1.134000,1.140000,273503006
2021-10-08,1.144000,1.159000,1.141000,1.156000,312192100
2021-10-11,1.161000,1.192000,1.161000,1.182000,572120248
2021-10-12,1.179000,1.194000,1.174000,1.184000,503737774
2021-10-13,1.183000,1.186000,1.168000,1.181000,276413974
2021-10-14,1.178000,1.187000,1.165000,1.168000,222545449
2021-10-15,1.168000,1.183000,1.168000,1.179000,217795413
2021-10-18,1.177000,1.179000,1.167000,1.170000,222050900
2021-10-19,1.171000,1.184000,1.169000,1.178000,191396700
2021-10-20,1.180000,1.187000,1.169000,1.171000,198044400
2021-10-21,1.177000,1.198000,1.177000,1.194000,612174132
2021-10-22,1.197000,1.208000,1.189000,1.197000,282492705
2021-10-25,1.182000,1.198000,1.181000,1.195000,305142987
2021-10-26,1.194000,1.205000,1.190000,1.195000,207405500
2021-10-27,1.191000,1.193000,1.175000,1.186000,300236298
2021-10-28,1.182000,1.188000,1.130000,1.181000,168413278
2021-10-29,1.182000,1.185000,1.170000,1.174000,150313424
2021-11-01,1.172000,1.192000,1.166000,1.187000,280453303
2021-11-02,1.186000,1.190000,1.146000,1.153000,719166466
2021-11-03,1.151000,1.155000,1.147000,1.153000,161888966
2021-11-04,1.154000,1.155000,1.142000,1.148000,303012901
2021-11-05,1.143000,1.147000,1.140000,1.142000,224571410
2021-11-08,1.141000,1.143000,1.135000,1.139000,440824600
2021-11-09,1.139000,1.143000,1.132000,1.140000,371129800
2021-11-10,1.138000,1.139000,1.127000,1.136000,380565801
2021-11-11,1.135000,1.165000,1.133000,1.162000,477660910
2021-11-12,1.162000,1.168000,1.158000,1.160000,193457363
2021-11-15,1.160000,1.169000,1.157000,1.166000,154004914
2021-11-16,1.165000,1.170000,1.154000,1.159000,194646347
2021-11-17,1.156000,1.161000,1.150000,1.153000,127206600
2021-11-18,1.151000,1.153000,1.142000,1.143000,133587391
2021-11-19,1.141000,1.157000,1.141000,1.155000,191967623
2021-11-22,1.153000,1.154000,1.144000,1.147000,216257599
2021-11-23,1.147000,1.153000,1.143000,1.147000,196355199
2021-11-24,1.147000,1.149000,1.141000,1.147000,226644299
2021-11-25,1.146000,1.147000,1.141000,1.143000,137220400
2021-11-26,1.143000,1.144000,1.134000,1.135000,213216748
2021-11-29,1.130000,1.133000,1.125000,1.129000,226854392
2021-11-30,1.131000,1.133000,1.124000,1.127000,171669900
2021-12-01,1.128000,1.136000,1.126000,1.134000,167659600
2021-12-02,1.131000,1.142000,1.127000,1.138000,224455300
2021-12-03,1.138000,1.145000,1.131000,1.144000,245499008
2021-12-06,1.145000,1.161000,1.145000,1.151000,461553600
2021-12-07,1.159000,1.166000,1.151000,1.163000,355898067
2021-12-08,1.161000,1.166000,1.155000,1.162000,314772727
2021-12-09,1.161000,1.184000,1.159000,1.172000,444603000
2021-12-10,1.166000,1.176000,1.163000,1.169000,243397700
2021-12-13,1.171000,1.182000,1.160000,1.161000,320427541
2021-12-14,1.157000,1.161000,1.145000,1.147000,264016400
2021-12-15,1.145000,1.150000,1.142000,1.149000,159626259
2021-12-16,1.149000,1.154000,1.144000,1.154000,239400500
2021-12-17,1.153000,1.155000,1.147000,1.150000,183379300
2021-12-20,1.149000,1.154000,1.144000,1.148000,227158556
2021-12-21,1.145000,1.157000,1.145000,1.154000,256913000
2021-12-22,1.155000,1.156000,1.143000,1.145000,208294414
2021-12-23,1.145000,1.146000,1.141000,1.144000,124764900
2021-12-24,1.145000,1.146000,1.138000,1.140000,270080600
2021-12-27,1.140000,1.141000,1.131000,1.135000,285301900
2021-12-28,1.135000,1.141000,1.134000,1.138000,212320943
2021-12-29,1.139000,1.140000,1.127000,1.128000,297467395
2021-12-30,1.127000,1.136000,1.127000,1.133000,265468900
2021-12-31,1.133000,1.135000,1.130000,1.132000,261554000
2022-01-04,1.133000,1.137000,1.123000,1.136000,376850700
2022-01-05,1.135000,1.159000,1.133000,1.153000,656110080
2022-01-06,1.150000,1.155000,1.145000,1.149000,313871217
2022-01-07,1.149000,1.166000,1.148000,1.164000,390626700
2022-01-10,1.169000,1.176000,1.159000,1.170000,520508811
2022-01-11,1.172000,1.188000,1.168000,1.183000,388749119
2022-01-12,1.184000,1.186000,1.172000,1.180000,439427402
2022-01-13,1.177000,1.194000,1.175000,1.181000,502999183
2022-01-14,1.179000,1.180000,1.153000,1.155000,328963400
2022-01-17,1.153000,1.163000,1.148000,1.154000,228898000
2022-01-18,1.155000,1.178000,1.153000,1.178000,341711695
2022-01-19,1.175000,1.186000,1.175000,1.184000,383262913
2022-01-20,1.184000,1.214000,1.183000,1.206000,471187100
2022-01-21,1.203000,1.207000,1.196000,1.201000,379426483
2022-01-24,1.200000,1.205000,1.187000,1.199000,209883284
2022-01-25,1.195000,1.195000,1.180000,1.181000,329529000
2022-01-26,1.181000,1.185000,1.176000,1.181000,257373900
2022-01-27,1.180000,1.186000,1.171000,1.175000,288675200
2022-01-28,1.179000,1.183000,1.161000,1.162000,425942565
2022-02-07,1.173000,1.198000,1.171000,1.195000,579336298
2022-02-08,1.194000,1.215000,1.191000,1.214000,490496591
2022-02-09,1.213000,1.220000,1.204000,1.208000,345298163
2022-02-10,1.208000,1.223000,1.200000,1.222000,262999014
2022-02-11,1.217000,1.237000,1.217000,1.228000,441015700
2022-02-14,1.227000,1.228000,1.197000,1.201000,294230964
2022-02-15,1.201000,1.206000,1.181000,1.188000,285626300
2022-02-16,1.190000,1.204000,1.189000,1.199000,236011052
2022-02-17,1.199000,1.211000,1.195000,1.202000,255615892
2022-02-18,1.196000,1.216000,1.196000,1.215000,223546077
2022-02-21,1.212000,1.212000,1.198000,1.211000,228988200
2022-02-22,1.203000,1.210000,1.199000,1.205000,193540091
2022-02-23,1.205000,1.206000,1.191000,1.195000,222761600
2022-02-24,1.191000,1.194000,1.175000,1.178000,261834951
2022-02-25,1.181000,1.185000,1.169000,1.172000,298068590
2022-02-28,1.169000,1.173000,1.160000,1.172000,202495605
2022-03-01,1.173000,1.184000,1.167000,1.183000,209391518
2022-03-02,1.174000,1.183000,1.172000,1.178000,209569737
2022-03-03,1.180000,1.189000,1.179000,1.186000,263747160
2022-03-04,1.180000,1.181000,1.170000,1.174000,227105200
2022-03-07,1.165000,1.169000,1.149000,1.151000,338308391
2022-03-08,1.149000,1.152000,1.125000,1.127000,296298528
2022-03-09,1.130000,1.134000,1.082000,1.110000,558946800
2022-03-10,1.125000,1.129000,1.117000,1.122000,466972000
2022-03-11,1.110000,1.128000,1.099000,1.126000,386372000
2022-03-14,1.112000,1.123000,1.095000,1.097000,451019291
2022-03-15,1.090000,1.091000,1.045000,1.047000,622595846
2022-03-16,1.059000,1.090000,1.042000,1.084000,488712434
2022-03-17,1.096000,1.107000,1.087000,1.095000,429042093
2022-03-18,1.090000,1.122000,1.070000,1.118000,422507230
2022-03-21,1.115000,1.119000,1.100000,1.104000,218090405
2022-03-22,1.104000,1.130000,1.103000,1.123000,413754352
2022-03-23,1.123000,1.123000,1.110000,1.116000,159089500
2022-03-24,1.110000,1.124000,1.108000,1.119000,174893500
2022-03-25,1.119000,1.129000,1.115000,1.118000,178734115
2022-03-28,1.113000,1.129000,1.101000,1.122000,206593145
2022-03-29,1.125000,1.131000,1.121000,1.126000,149706033
2022-03-30,1.127000,1.142000,1.125000,1.140000,261545133
2022-03-31,1.137000,1.162000,1.134000,1.155000,300178078
2022-04-01,1.149000,1.178000,1.147000,1.178000,366235029
2022-04-06,1.170000,1.204000,1.168000,1.195000,385251200
2022-04-07,1.193000,1.204000,1.179000,1.184000,307604238
2022-04-08,1.181000,1.193000,1.177000,1.192000,341030805
2022-04-11,1.187000,1.188000,1.170000,1.176000,361612280
2022-04-12,1.174000,1.187000,1.163000,1.176000,291517231
2022-04-13,1.173000,1.188000,1.172000,1.179000,175898108
2022-04-14,1.188000,1.191000,1.173000,1.175000,355137748
2022-04-15,1.171000,1.195000,1.168000,1.194000,379221200
2022-04-18,1.180000,1.180000,1.157000,1.161000,280559900
2022-04-19,1.156000,1.162000,1.143000,1.158000,234047400
2022-04-20,1.155000,1.161000,1.146000,1.148000,173153328
2022-04-21,1.144000,1.161000,1.137000,1.143000,211236728
2022-04-22,1.136000,1.167000,1.136000,1.164000,249155400
2022-04-25,1.149000,1.153000,1.113000,1.114000,353438128
2022-04-26,1.116000,1.126000,1.108000,1.112000,316378600
2022-04-27,1.107000,1.122000,1.103000,1.114000,342561900
2022-04-28,1.111000,1.133000,1.110000,1.130000,295127814
2022-04-29,1.129000,1.137000,1.111000,1.135000,356509700
2022-05-05,1.128000,1.135000,1.120000,1.126000,221264001
2022-05-06,1.116000,1.117000,1.100000,1.102000,266766100
2022-05-09,1.098000,1.099000,1.082000,1.087000,163670146
2022-05-10,1.081000,1.099000,1.071000,1.095000,266319100
2022-05-11,1.094000,1.099000,1.089000,1.091000,278232836
2022-05-12,1.087000,1.090000,1.082000,1.084000,204978000
2022-05-13,1.089000,1.101000,1.088000,1.098000,210705101
2022-05-16,1.098000,1.100000,1.082000,1.089000,232263100
2022-05-17,1.090000,1.103000,1.087000,1.098000,212034100
2022-05-18,1.100000,1.101000,1.085000,1.091000,260820601
2022-05-19,1.082000,1.085000,1.079000,1.085000,202844649
2022-05-20,1.087000,1.101000,1.087000,1.101000,307736838
2022-05-23,1.100000,1.101000,1.092000,1.095000,195260500
2022-05-24,1.095000,1.098000,1.083000,1.084000,190840183
2022-05-25,1.083000,1.090000,1.083000,1.089000,145720100
2022-05-26,1.089000,1.090000,1.080000,1.087000,296194355
2022-05-27,1.088000,1.097000,1.088000,1.093000,238489969
2022-05-30,1.093000,1.095000,1.082000,1.087000,204731869
2022-05-31,1.085000,1.091000,1.081000,1.090000,252757747
2022-06-01,1.089000,1.090000,1.081000,1.086000,217805900
2022-06-02,1.084000,1.084000,1.076000,1.080000,296774657
2022-06-06,1.078000,1.081000,1.065000,1.081000,494549909
2022-06-07,1.078000,1.093000,1.074000,1.089000,502651249
2022-06-08,1.090000,1.096000,1.085000,1.096000,592492249
2022-06-09,1.092000,1.110000,1.092000,1.108000,569567636
2022-06-10,1.102000,1.115000,1.100000,1.111000,331721388
2022-06-13,1.105000,1.106000,1.085000,1.090000,302961519
2022-06-14,1.086000,1.109000,1.082000,1.108000,451895900
2022-06-15,1.109000,1.143000,1.107000,1.126000,628630485
2022-06-16,1.126000,1.129000,1.111000,1.113000,350002692
2022-06-17,1.110000,1.119000,1.103000,1.114000,308937856
2022-06-20,1.112000,1.112000,1.103000,1.106000,326634296
2022-06-21,1.106000,1.118000,1.104000,1.116000,267181000
2022-06-22,1.115000,1.116000,1.101000,1.102000,232114600
2022-06-23,1.102000,1.110000,1.102000,1.110000,339999200
2022-06-24,1.109000,1.113000,1.102000,1.109000,362080000
2022-06-27,1.109000,1.121000,1.107000,1.119000,711941129
2022-06-28,1.117000,1.126000,1.115000,1.125000,370660112
2022-06-29,1.123000,1.135000,1.121000,1.127000,409440166
2022-06-30,1.127000,1.143000,1.124000,1.141000,329142742
2022-07-01,1.139000,1.140000,1.131000,1.133000,228790151
2022-07-04,1.130000,1.133000,1.125000,1.128000,308942200
2022-07-05,1.129000,1.138000,1.125000,1.128000,293330800
2022-07-06,1.126000,1.128000,1.109000,1.114000,435618622
2022-07-07,1.113000,1.117000,1.109000,1.112000,190857900
2022-07-08,1.114000,1.117000,1.109000,1.114000,208725400
2022-07-11,1.112000,1.115000,1.109000,1.114000,354384700
2022-07-12,1.114000,1.125000,1.113000,1.119000,349589200
2022-07-13,1.118000,1.118000,1.091000,1.094000,690318878
2022-07-14,1.088000,1.088000,1.060000,1.071000,789982100
2022-07-15,1.072000,1.081000,1.062000,1.062000,408249971
2022-07-18,1.065000,1.078000,1.065000,1.076000,360238604
2022-07-19,1.073000,1.082000,1.072000,1.080000,275004957
2022-07-20,1.082000,1.086000,1.081000,1.082000,220741000
2022-07-21,1.081000,1.083000,1.069000,1.070000,357081678
2022-07-22,1.072000,1.078000,1.066000,1.074000,221876384
2022-07-25,1.071000,1.077000,1.068000,1.076000,258136679
2022-07-26,1.075000,1.086000,1.075000,1.085000,233721979
2022-07-27,1.084000,1.085000,1.078000,1.080000,172104179
2022-07-28,1.082000,1.085000,1.077000,1.079000,177224850
2022-07-29,1.078000,1.082000,1.066000,1.066000,468827034
2022-08-01,1.066000,1.067000,1.058000,1.060000,291778358
2022-08-02,1.056000,1.056000,1.035000,1.043000,307572823
2022-08-03,1.042000,1.049000,1.031000,1.034000,370130900
2022-08-04,1.037000,1.042000,1.035000,1.042000,346177491
2022-08-05,1.042000,1.054000,1.038000,1.053000,265087600
2022-08-08,1.051000,1.056000,1.045000,1.048000,163281700
2022-08-09,1.048000,1.048000,1.041000,1.042000,180617100
2022-08-10,1.041000,1.045000,1.033000,1.034000,217803500
2022-08-11,1.038000,1.056000,1.035000,1.054000,370491002
2022-08-12,1.050000,1.057000,1.048000,1.056000,205788882
2022-08-15,1.051000,1.055000,1.042000,1.043000,211696782
2022-08-16,1.043000,1.048000,1.041000,1.045000,170828282
2022-08-17,1.045000,1.055000,1.040000,1.054000,293524600
2022-08-18,1.052000,1.052000,1.041000,1.044000,165922100
2022-08-19,1.042000,1.052000,1.041000,1.046000,230863320
2022-08-22,1.043000,1.051000,1.042000,1.047000,200739581
2022-08-23,1.045000,1.045000,1.036000,1.039000,199400300
2022-08-24,1.038000,1.043000,1.034000,1.034000,264017756
2022-08-25,1.034000,1.049000,1.032000,1.047000,299140100
2022-08-26,1.046000,1.053000,1.042000,1.049000,192802500
2022-08-29,1.042000,1.043000,1.034000,1.039000,199630947
2022-08-30,1.039000,1.045000,1.035000,1.044000,219381800
2022-08-31,1.040000,1.063000,1.039000,1.058000,376370322
2022-09-01,1.055000,1.062000,1.053000,1.055000,182690500
2022-09-02,1.055000,1.061000,1.050000,1.054000,163144600
2022-09-05,1.054000,1.057000,1.045000,1.056000,136127600
2022-09-06,1.056000,1.063000,1.051000,1.055000,206196100
2022-09-07,1.052000,1.052000,1.044000,1.048000,161190800
2022-09-08,1.048000,1.055000,1.046000,1.051000,199241500
2022-09-09,1.052000,1.071000,1.052000,1.070000,351326630
2022-09-13,1.070000,1.082000,1.065000,1.076000,277829544
2022-09-14,1.069000,1.076000,1.067000,1.068000,172115500
2022-09-15,1.072000,1.084000,1.072000,1.080000,264978697
2022-09-16,1.076000,1.079000,1.061000,1.062000,218334088
2022-09-19,1.062000,1.066000,1.058000,1.063000,165495400
2022-09-20,1.064000,1.065000,1.051000,1.053000,180989004
2022-09-21,1.051000,1.063000,1.046000,1.057000,171204500
2022-09-22,1.051000,1.055000,1.049000,1.054000,151120600
2022-09-23,1.052000,1.064000,1.051000,1.058000,227681872
2022-09-26,1.054000,1.061000,1.042000,1.042000,207874245
2022-09-27,1.042000,1.048000,1.035000,1.047000,176844200
2022-09-28,1.045000,1.053000,1.038000,1.048000,265206000
2022-09-29,1.051000,1.055000,1.033000,1.037000,341146014
2022-09-30,1.037000,1.046000,1.036000,1.042000,328885232
2022-10-10,1.039000,1.039000,1.026000,1.027000,212390015
2022-10-11,1.028000,1.033000,1.023000,1.025000,149553881
2022-10-12,1.026000,1.028000,1.015000,1.028000,190713531
2022-10-13,1.025000,1.025000,1.010000,1.013000,242552600
2022-10-14,1.017000,1.027000,1.017000,1.026000,284490768
2022-10-17,1.018000,1.023000,1.014000,1.022000,222735951
2022-10-18,1.025000,1.028000,1.017000,1.020000,311440286
2022-10-19,1.018000,1.022000,1.008000,1.010000,306692686
2022-10-20,1.006000,1.011000,1.005000,1.007000,250341200
2022-10-21,1.007000,1.010000,1.000000,1.003000,201289800
2022-10-24,1.001000,1.002000,0.972000,0.973000,467613400
2022-10-25,0.974000,0.980000,0.968000,0.973000,232025085
2022-10-26,0.972000,0.976000,0.961000,0.964000,296891600
2022-10-27,0.966000,0.969000,0.961000,0.964000,236047400
2022-10-28,0.960000,0.966000,0.953000,0.954000,182589300
2022-10-31,0.949000,0.952000,0.940000,0.944000,267073868
2022-11-01,0.945000,0.960000,0.945000,0.959000,199519881
2022-11-02,0.956000,0.962000,0.949000,0.960000,337723700
2022-11-03,0.952000,0.954000,0.947000,0.952000,126480200
2022-11-04,0.951000,0.972000,0.950000,0.968000,290035400
2022-11-07,0.964000,0.970000,0.961000,0.970000,246198000
2022-11-08,0.968000,0.971000,0.963000,0.967000,232669701
2022-11-09,0.966000,0.974000,0.966000,0.967000,263863400
2022-11-10,0.964000,0.970000,0.959000,0.970000,193754200
2022-11-11,0.983000,1.010000,0.976000,1.001000,508378954
2022-11-14,1.011000,1.033000,1.011000,1.022000,497951733
2022-11-15,1.020000,1.034000,1.016000,1.026000,227699433
2022-11-16,1.024000,1.024000,1.016000,1.016000,156608900
2022-11-17,1.013000,1.016000,1.006000,1.012000,179575200
2022-11-18,1.014000,1.014000,1.004000,1.008000,155752200
2022-11-21,1.002000,1.003000,0.992000,1.002000,131408200
2022-11-22,1.004000,1.025000,1.002000,1.020000,258309905
2022-11-23,1.018000,1.036000,1.017000,1.023000,218036504
2022-11-24,1.028000,1.033000,1.018000,1.022000,129318700
2022-11-25,1.022000,1.049000,1.020000,1.045000,339470279
2022-11-28,1.033000,1.033000,1.018000,1.028000,207446486
2022-11-29,1.037000,1.080000,1.037000,1.073000,635520146
2022-11-30,1.073000,1.081000,1.066000,1.067000,219808837
2022-12-01,1.086000,1.088000,1.060000,1.062000,234907079
2022-12-02,1.061000,1.063000,1.046000,1.054000,173253142
2022-12-05,1.061000,1.085000,1.060000,1.081000,449995360
2022-12-06,1.077000,1.083000,1.072000,1.080000,183807071
2022-12-07,1.077000,1.082000,1.068000,1.071000,233229500
2022-12-08,1.070000,1.084000,1.067000,1.078000,114663100
2022-12-09,1.080000,1.095000,1.077000,1.090000,189168613
2022-12-12,1.083000,1.085000,1.065000,1.068000,192423981
2022-12-13,1.065000,1.079000,1.065000,1.076000,99880859
2022-12-14,1.077000,1.084000,1.070000,1.079000,119264066
2022-12-15,1.077000,1.080000,1.066000,1.068000,217324966
2022-12-16,1.063000,1.082000,1.063000,1.078000,161600581
2022-12-19,1.080000,1.084000,1.060000,1.062000,125763181
2022-12-20,1.061000,1.065000,1.043000,1.048000,133775100
2022-12-21,1.048000,1.060000,1.048000,1.053000,158909900
2022-12-22,1.058000,1.066000,1.054000,1.056000,168312200
2022-12-23,1.052000,1.061000,1.050000,1.054000,186196200
2022-12-26,1.051000,1.056000,1.047000,1.048000,96821000
2022-12-27,1.053000,1.069000,1.053000,1.068000,118892122
2022-12-28,1.065000,1.081000,1.064000,1.077000,140261100
2022-12-29,1.072000,1.075000,1.061000,1.071000,207346400
2022-12-30,1.072000,1.082000,1.071000,1.078000,163053300
2023-01-03,1.077000,1.085000,1.065000,1.083000,120749500
2023-01-04,1.081000,1.108000,1.081000,1.103000,254414777
2023-01-05,1.103000,1.113000,1.100000,1.104000,208656277
2023-01-06,1.103000,1.107000,1.093000,1.101000,162501447
2023-01-09,1.101000,1.107000,1.096000,1.102000,230488400
2023-01-10,1.102000,1.102000,1.087000,1.090000,184902900
2023-01-11,1.090000,1.103000,1.089000,1.098000,249682050
2023-01-12,1.101000,1.102000,1.092000,1.100000,106459050
2023-01-13,1.099000,1.111000,1.098000,1.111000,147571500
2023-01-16,1.111000,1.126000,1.109000,1.113000,206596059
2023-01-17,1.111000,1.116000,1.106000,1.112000,181956906
2023-01-18,1.112000,1.117000,1.108000,1.113000,131992300
2023-01-19,1.110000,1.115000,1.103000,1.114000,176528700
2023-01-20,1.115000,1.116000,1.111000,1.115000,144786506
2023-01-30,1.129000,1.132000,1.117000,1.119000,269030400
2023-01-31,1.119000,1.125000,1.107000,1.109000,158167300
2023-02-01,1.110000,1.112000,1.095000,1.106000,232820500
2023-02-02,1.107000,1.108000,1.093000,1.097000,274791450
2023-02-03,1.093000,1.096000,1.082000,1.088000,327212500
2023-02-06,1.081000,1.082000,1.073000,1.076000,224264100
2023-02-07,1.077000,1.085000,1.077000,1.081000,278419100
2023-02-08,1.081000,1.085000,1.077000,1.079000,113102700
2023-02-09,1.077000,1.086000,1.076000,1.083000,188829200
2023-02-10,1.081000,1.083000,1.076000,1.083000,127451300
2023-02-13,1.083000,1.083000,1.067000,1.074000,310141200
2023-02-14,1.074000,1.078000,1.072000,1.076000,223509700
2023-02-15,1.075000,1.076000,1.065000,1.067000,200009000
2023-02-16,1.066000,1.076000,1.063000,1.067000,252156800
2023-02-17,1.065000,1.068000,1.055000,1.059000,163476300
2023-02-20,1.060000,1.085000,1.059000,1.084000,316888841
2023-02-21,1.084000,1.086000,1.079000,1.086000,190705198
2023-02-22,1.082000,1.083000,1.076000,1.078000,123397900
2023-02-23,1.078000,1.086000,1.077000,1.079000,118153861
2023-02-24,1.078000,1.079000,1.069000,1.070000,198145400
2023-02-27,1.068000,1.070000,1.064000,1.066000,98788800
2023-02-28,1.067000,1.069000,1.061000,1.069000,102983800
2023-03-01,1.067000,1.081000,1.067000,1.079000,166973800
2023-03-02,1.079000,1.087000,1.077000,1.083000,167874100
2023-03-03,1.086000,1.096000,1.082000,1.094000,296933071
2023-03-06,1.094000,1.095000,1.076000,1.077000,225731900
2023-03-07,1.075000,1.099000,1.073000,1.078000,316203445
2023-03-08,1.072000,1.073000,1.064000,1.071000,197993337
2023-03-09,1.070000,1.076000,1.065000,1.067000,145499969
2023-03-10,1.061000,1.064000,1.050000,1.050000,190260000
2023-03-13,1.049000,1.056000,1.045000,1.053000,160157000
2023-03-14,1.047000,1.053000,1.041000,1.045000,154149037
2023-03-15,1.050000,1.060000,1.050000,1.056000,174217600
2023-03-16,1.052000,1.069000,1.049000,1.057000,220513869
2023-03-17,1.061000,1.069000,1.053000,1.058000,268392100
2023-03-20,1.058000,1.066000,1.052000,1.052000,186782500
2023-03-21,1.053000,1.061000,1.047000,1.050000,176187831
2023-03-22,1.052000,1.061000,1.050000,1.059000,151503200
2023-03-23,1.056000,1.067000,1.053000,1.066000,198439800
2023-03-24,1.063000,1.064000,1.054000,1.056000,127208500
2023-03-27,1.051000,1.055000,1.043000,1.045000,195639700
2023-03-28,1.047000,1.052000,1.044000,1.049000,142937200
2023-03-29,1.051000,1.054000,1.045000,1.046000,154606500
2023-03-30,1.048000,1.055000,1.042000,1.054000,158083800
2023-03-31,1.053000,1.059000,1.047000,1.050000,135433400
2023-04-03,1.050000,1.053000,1.046000,1.052000,235076900
2023-04-04,1.050000,1.058000,1.048000,1.058000,343754600
2023-04-06,1.055000,1.056000,1.050000,1.052000,142969351
2023-04-07,1.053000,1.057000,1.051000,1.055000,144423044
2023-04-10,1.056000,1.059000,1.052000,1.058000,286334418
2023-04-11,1.057000,1.059000,1.051000,1.055000,143971400
2023-04-12,1.055000,1.062000,1.054000,1.057000,179578401
2023-04-13,1.056000,1.072000,1.052000,1.067000,338617314
2023-04-14,1.067000,1.077000,1.065000,1.071000,315930600
2023-04-17,1.071000,1.094000,1.067000,1.091000,287658450
2023-04-18,1.090000,1.109000,1.089000,1.101000,362341498
2023-04-19,1.103000,1.109000,1.095000,1.099000,237994726
2023-04-20,1.099000,1.105000,1.087000,1.097000,329991403
2023-04-21,1.095000,1.105000,1.084000,1.084000,229658194
2023-04-24,1.083000,1.093000,1.075000,1.077000,193260122
2023-04-25,1.076000,1.097000,1.076000,1.096000,267394199
2023-04-26,1.095000,1.095000,1.072000,1.085000,238988482
2023-04-27,1.082000,1.087000,1.074000,1.085000,194448203
2023-04-28,1.084000,1.104000,1.082000,1.095000,217446540
2023-05-04,1.089000,1.128000,1.080000,1.127000,315250883
2023-05-05,1.126000,1.154000,1.124000,1.137000,463124200
2023-05-08,1.141000,1.198000,1.139000,1.185000,1192421597
2023-05-09,1.193000,1.206000,1.168000,1.171000,841537113
2023-05-10,1.168000,1.168000,1.130000,1.139000,601091989
2023-05-11,1.139000,1.152000,1.128000,1.133000,290664411
2023-05-12,1.133000,1.137000,1.120000,1.121000,272631812
2023-05-15,1.119000,1.140000,1.105000,1.135000,467829172
2023-05-16,1.132000,1.150000,1.128000,1.131000,382622859
2023-05-17,1.128000,1.136000,1.120000,1.123000,172913400
2023-05-18,1.126000,1.144000,1.125000,1.136000,381018286
2023-05-19,1.131000,1.131000,1.117000,1.118000,187327116
2023-05-22,1.115000,1.128000,1.114000,1.121000,171406016
2023-05-23,1.121000,1.126000,1.100000,1.101000,309200171
2023-05-24,1.100000,1.101000,1.077000,1.079000,253198060
2023-05-25,1.076000,1.076000,1.066000,1.075000,307802240
2023-05-26,1.073000,1.087000,1.070000,1.085000,180419840
2023-05-29,1.086000,1.093000,1.079000,1.086000,184850100
2023-05-30,1.084000,1.088000,1.073000,1.082000,270668376
2023-05-31,1.077000,1.080000,1.072000,1.074000,202985439
2023-06-01,1.074000,1.081000,1.069000,1.071000,274589400
2023-06-02,1.073000,1.086000,1.072000,1.085000,249506900
2023-06-05,1.086000,1.098000,1.080000,1.093000,153197549
2023-06-06,1.091000,1.108000,1.087000,1.090000,270361364
2023-06-07,1.092000,1.106000,1.092000,1.103000,211735300
2023-06-08,1.102000,1.123000,1.096000,1.120000,576253300
2023-06-09,1.119000,1.122000,1.114000,1.115000,320245900
2023-06-12,1.116000,1.117000,1.098000,1.099000,179566100
2023-06-13,1.098000,1.107000,1.097000,1.103000,245378410
2023-06-14,1.104000,1.108000,1.086000,1.087000,569680790
2023-06-15,1.088000,1.097000,1.086000,1.094000,219869300
2023-06-16,1.093000,1.098000,1.091000,1.093000,214410800
2023-06-19,1.091000,1.091000,1.077000,1.078000,172307900
2023-06-20,1.077000,1.081000,1.073000,1.074000,154045800
2023-06-21,1.073000,1.086000,1.071000,1.074000,187498579
2023-06-26,1.071000,1.071000,1.055000,1.057000,170829175
2023-06-27,1.059000,1.070000,1.055000,1.069000,241631961
2023-06-28,1.067000,1.074000,1.065000,1.071000,128196636
2023-06-29,1.070000,1.071000,1.063000,1.066000,115068436
2023-06-30,1.065000,1.075000,1.064000,1.074000,142482300
2023-07-03,1.075000,1.091000,1.073000,1.090000,255916500
2023-07-04,1.088000,1.089000,1.077000,1.080000,163059700
2023-07-05,1.078000,1.079000,1.071000,1.073000,184247100
2023-07-06,1.070000,1.074000,1.062000,1.065000,239961700
2023-07-07,1.064000,1.069000,1.062000,1.065000,147587889
2023-07-10,1.067000,1.070000,1.062000,1.066000,157361800
2023-07-11,1.066000,1.072000,1.066000,1.072000,162934900
2023-07-12,1.072000,1.083000,1.070000,1.076000,173191289
2023-07-13,1.081000,1.091000,1.078000,1.091000,162428728
2023-07-14,1.091000,1.097000,1.088000,1.094000,182182872
2023-07-17,1.091000,1.092000,1.083000,1.087000,121507000
2023-07-18,1.087000,1.089000,1.082000,1.084000,82610300
2023-07-19,1.084000,1.089000,1.079000,1.089000,103212400
2023-07-20,1.089000,1.098000,1.088000,1.090000,113885200
2023-07-21,1.091000,1.095000,1.089000,1.093000,118375700
2023-07-24,1.092000,1.092000,1.085000,1.088000,192367800
2023-07-25,1.098000,1.118000,1.098000,1.118000,280802100
2023-07-26,1.116000,1.122000,1.112000,1.117000,174115900
2023-07-27,1.118000,1.133000,1.116000,1.126000,249715679
2023-07-28,1.121000,1.165000,1.121000,1.160000,379254000
2023-07-31,1.164000,1.183000,1.160000,1.168000,322289268
2023-08-01,1.165000,1.172000,1.158000,1.161000,224213994
2023-08-02,1.155000,1.157000,1.135000,1.139000,252645000
2023-08-03,1.138000,1.157000,1.136000,1.156000,285086000
2023-08-04,1.161000,1.173000,1.154000,1.160000,361863760
2023-08-07,1.152000,1.155000,1.145000,1.149000,166132560
2023-08-08,1.147000,1.152000,1.139000,1.143000,137867389
2023-08-09,1.140000,1.149000,1.139000,1.147000,133288400
2023-08-10,1.145000,1.148000,1.137000,1.146000,96808100
2023-08-11,1.144000,1.150000,1.122000,1.123000,164567200
2023-08-14,1.115000,1.118000,1.103000,1.109000,229930500
2023-08-15,1.109000,1.126000,1.107000,1.121000,306193690
2023-08-16,1.116000,1.124000,1.111000,1.118000,149220000
2023-08-17,1.114000,1.116000,1.102000,1.111000,194279800
2023-08-18,1.111000,1.130000,1.109000,1.114000,174792119
2023-08-21,1.116000,1.118000,1.097000,1.099000,184379900
2023-08-22,1.101000,1.112000,1.101000,1.110000,122445000
2023-08-23,1.107000,1.116000,1.106000,1.107000,176003810
2023-08-24,1.108000,1.111000,1.097000,1.104000,132984600
2023-08-25,1.101000,1.117000,1.099000,1.113000,301981800
2023-08-28,1.170000,1.178000,1.123000,1.130000,352571886
2023-08-29,1.124000,1.129000,1.105000,1.116000,294854859
2023-08-30,1.112000,1.112000,1.098000,1.101000,331681900
2023-08-31,1.101000,1.110000,1.095000,1.097000,301460633
2023-09-01,1.102000,1.114000,1.102000,1.108000,220933766
2023-09-04,1.110000,1.130000,1.110000,1.128000,223493796
2023-09-05,1.123000,1.126000,1.115000,1.118000,129636999
2023-09-06,1.114000,1.121000,1.111000,1.121000,142337975
2023-09-07,1.118000,1.123000,1.113000,1.117000,226043499
2023-09-08,1.114000,1.115000,1.109000,1.112000,96074700
2023-09-11,1.112000,1.119000,1.111000,1.114000,144254400
2023-09-12,1.113000,1.115000,1.111000,1.112000,77332433
2023-09-13,1.113000,1.117000,1.110000,1.112000,152952100
2023-09-14,1.113000,1.125000,1.113000,1.124000,204653100
2023-09-15,1.126000,1.132000,1.116000,1.118000,296858900
2023-09-18,1.116000,1.120000,1.111000,1.119000,164031200
2023-09-19,1.118000,1.126000,1.116000,1.126000,121522100
2023-09-20,1.125000,1.132000,1.121000,1.130000,132093391
2023-09-21,1.128000,1.133000,1.121000,1.123000,145114200
2023-09-22,1.121000,1.136000,1.118000,1.135000,294212299
2023-09-25,1.133000,1.138000,1.128000,1.135000,165140500
2023-09-26,1.134000,1.138000,1.128000,1.132000,134194000
2023-09-27,1.130000,1.134000,1.122000,1.127000,152556200
2023-09-28,1.126000,1.129000,1.124000,1.124000,111997900
2023-10-09,1.121000,1.121000,1.110000,1.117000,131997400
2023-10-10,1.121000,1.127000,1.115000,1.117000,119168194
2023-10-11,1.118000,1.121000,1.111000,1.113000,127337500
2023-10-12,1.128000,1.133000,1.121000,1.130000,186702670
2023-10-13,1.124000,1.135000,1.119000,1.130000,171908101
2023-10-16,1.127000,1.130000,1.122000,1.129000,109217300
2023-10-17,1.130000,1.134000,1.125000,1.132000,94365700
2023-10-18,1.130000,1.137000,1.127000,1.130000,131816800
2023-10-19,1.128000,1.128000,1.101000,1.102000,169654864
2023-10-20,1.100000,1.107000,1.096000,1.103000,126354000
2023-10-23,1.098000,1.103000,1.087000,1.092000,135633200
2023-10-24,1.096000,1.097000,1.083000,1.088000,100388500
2023-10-25,1.093000,1.094000,1.084000,1.090000,122245700
2023-10-26,1.085000,1.102000,1.085000,1.101000,127866565
2023-10-27,1.097000,1.102000,1.091000,1.099000,120511600
2023-10-30,1.097000,1.098000,1.074000,1.081000,287847635
2023-10-31,1.079000,1.082000,1.072000,1.082000,129799700
2023-11-01,1.083000,1.084000,1.076000,1.082000,99379776
2023-11-02,1.082000,1.092000,1.081000,1.090000,183358400
2023-11-03,1.089000,1.090000,1.083000,1.086000,141715503
2023-11-06,1.088000,1.090000,1.082000,1.087000,269204900
2023-11-07,1.086000,1.087000,1.081000,1.086000,143515200
2023-11-08,1.085000,1.086000,1.077000,1.080000,146407013
2023-11-09,1.079000,1.087000,1.077000,1.086000,149523608
2023-11-10,1.083000,1.088000,1.075000,1.077000,128049590
2023-11-13,1.078000,1.078000,1.067000,1.072000,109321700
2023-11-14,1.072000,1.076000,1.070000,1.074000,95754900
2023-11-15,1.078000,1.083000,1.077000,1.080000,133452702
2023-11-16,1.080000,1.081000,1.076000,1.077000,104634238
2023-11-17,1.076000,1.077000,1.069000,1.072000,106396863
2023-11-20,1.072000,1.078000,1.069000,1.078000,85327132
2023-11-21,1.079000,1.086000,1.078000,1.081000,152602600
2023-11-22,1.080000,1.081000,1.076000,1.077000,121655798
2023-11-23,1.076000,1.077000,1.071000,1.077000,108687300
2023-11-24,1.077000,1.078000,1.074000,1.077000,108639904
2023-11-27,1.075000,1.076000,1.062000,1.068000,152457500
2023-11-28,1.068000,1.070000,1.061000,1.062000,177242400
2023-11-29,1.063000,1.064000,1.049000,1.053000,136065100
2023-11-30,1.051000,1.057000,1.050000,1.057000,87271100
2023-12-01,1.056000,1.058000,1.050000,1.054000,93171700
2023-12-04,1.055000,1.058000,1.050000,1.051000,88367500
2023-12-05,1.051000,1.051000,1.034000,1.034000,116098500
2023-12-06,1.034000,1.036000,1.024000,1.032000,107018396
2023-12-07,1.033000,1.037000,1.023000,1.034000,115476175
2023-12-08,1.034000,1.040000,1.030000,1.033000,63299900
2023-12-11,1.030000,1.038000,1.015000,1.037000,126136956
2023-12-12,1.036000,1.048000,1.032000,1.047000,130787100
2023-12-13,1.045000,1.046000,1.034000,1.035000,110424100
2023-12-14,1.036000,1.041000,1.031000,1.031000,102122500
2023-12-15,1.035000,1.043000,1.028000,1.030000,99259009
2023-12-18,1.027000,1.033000,1.021000,1.030000,117160400
2023-12-19,1.029000,1.031000,1.025000,1.028000,101777800
2023-12-20,1.030000,1.036000,1.026000,1.026000,161346785
2023-12-21,1.025000,1.033000,1.020000,1.033000,116986400
2023-12-22,1.033000,1.037000,1.026000,1.033000,147636929
2023-12-25,1.033000,1.035000,1.029000,1.034000,73861500
2023-12-26,1.033000,1.034000,1.029000,1.030000,55675300
2023-12-27,1.032000,1.035000,1.023000,1.035000,114788900
2023-12-28,1.033000,1.046000,1.033000,1.044000,171372994
2023-12-29,1.042000,1.045000,1.040000,1.042000,147828610
2024-01-02,1.043000,1.046000,1.039000,1.042000,106536500
2024-01-03,1.038000,1.046000,1.037000,1.046000,105255060
2024-01-04,1.045000,1.049000,1.038000,1.048000,108989060
2024-01-05,1.046000,1.071000,1.044000,1.058000,212887716
2024-01-08,1.055000,1.063000,1.047000,1.050000,154445408
2024-01-09,1.050000,1.057000,1.043000,1.056000,146546400
2024-01-10,1.053000,1.058000,1.049000,1.049000,85775100
2024-01-11,1.048000,1.056000,1.044000,1.048000,135834800
2024-01-12,1.048000,1.062000,1.047000,1.058000,159825755
2024-01-15,1.058000,1.058000,1.058000,1.058000,0
2024-01-16,1.060000,1.075000,1.059000,1.075000,264869700
2024-01-17,1.073000,1.081000,1.065000,1.066000,185641328
2024-01-18,1.062000,1.074000,1.039000,1.071000,230652100
2024-01-19,1.066000,1.073000,1.058000,1.072000,134672100
2024-01-22,1.069000,1.082000,1.061000,1.065000,208806480
2024-01-23,1.064000,1.072000,1.056000,1.067000,141903200
2024-01-24,1.070000,1.084000,1.064000,1.083000,157390266
2024-01-25,1.083000,1.100000,1.083000,1.098000,229691966
2024-01-26,1.100000,1.119000,1.098000,1.117000,246192800
2024-01-29,1.120000,1.137000,1.117000,1.127000,260438729
2024-01-30,1.121000,1.131000,1.109000,1.115000,217530794
2024-01-31,1.110000,1.124000,1.106000,1.115000,210780100
2024-02-01,1.113000,1.117000,1.105000,1.109000,147093318
2024-02-02,1.107000,1.120000,1.090000,1.110000,185864800
2024-02-05,1.110000,1.128000,1.104000,1.126000,195332613
2024-02-06,1.120000,1.137000,1.116000,1.135000,243130334
2024-02-07,1.132000,1.133000,1.106000,1.126000,293053128
2024-02-08,1.121000,1.122000,1.107000,1.120000,172539766
2024-02-19,1.125000,1.145000,1.118000,1.145000,178000400
2024-02-20,1.141000,1.153000,1.135000,1.150000,198328391
2024-02-21,1.147000,1.194000,1.146000,1.183000,317431509
2024-02-22,1.179000,1.186000,1.171000,1.185000,223097063
2024-02-23,1.183000,1.206000,1.183000,1.190000,212576400
2024-02-26,1.186000,1.189000,1.157000,1.159000,284175140
2024-02-27,1.156000,1.170000,1.154000,1.162000,138630000
2024-02-28,1.160000,1.167000,1.149000,1.160000,174910100
2024-02-29,1.154000,1.163000,1.153000,1.162000,114256200
2024-03-01,1.160000,1.165000,1.156000,1.163000,106122000
2024-03-04,1.162000,1.162000,1.150000,1.152000,181530800
2024-03-05,1.149000,1.177000,1.148000,1.176000,299133612
2024-03-06,1.174000,1.178000,1.161000,1.163000,194893312
2024-03-07,1.162000,1.175000,1.161000,1.167000,167464257
2024-03-08,1.166000,1.173000,1.161000,1.165000,133398200
2024-03-11,1.164000,1.169000,1.155000,1.164000,134022000
2024-03-12,1.162000,1.163000,1.151000,1.155000,372188400
2024-03-13,1.152000,1.152000,1.140000,1.143000,183440000
2024-03-14,1.140000,1.151000,1.139000,1.142000,131485821
2024-03-15,1.145000,1.152000,1.144000,1.148000,145278121
2024-03-18,1.146000,1.151000,1.143000,1.148000,132272621
2024-03-19,1.146000,1.146000,1.135000,1.137000,155831500
2024-03-20,1.136000,1.149000,1.132000,1.148000,152649700
2024-03-21,1.146000,1.157000,1.143000,1.154000,281321931
2024-03-22,1.153000,1.154000,1.140000,1.149000,246533600
2024-03-25,1.148000,1.160000,1.146000,1.156000,237657893
2024-03-26,1.157000,1.172000,1.156000,1.172000,178523100
2024-03-27,1.170000,1.185000,1.167000,1.176000,189341000
2024-03-28,1.173000,1.174000,1.156000,1.163000,225127700
2024-03-29,1.157000,1.168000,1.151000,1.161000,100503700
2024-04-01,1.161000,1.175000,1.159000,1.174000,158560500
2024-04-02,1.173000,1.182000,1.170000,1.173000,129365600
2024-04-03,1.173000,1.175000,1.163000,1.168000,81632500
2024-04-08,1.167000,1.178000,1.160000,1.175000,144103700
2024-04-09,1.174000,1.181000,1.166000,1.168000,329992400
2024-04-10,1.167000,1.177000,1.165000,1.169000,114227100
2024-04-11,1.165000,1.171000,1.157000,1.168000,102306000
2024-04-12,1.166000,1.171000,1.158000,1.160000,114963285
2024-04-15,1.162000,1.184000,1.160000,1.184000,194085044
2024-04-16,1.183000,1.190000,1.174000,1.185000,145079500
2024-04-17,1.182000,1.207000,1.172000,1.205000,247939600
2024-04-18,1.200000,1.233000,1.200000,1.215000,306829700
2024-04-19,1.209000,1.221000,1.208000,1.213000,208453507
2024-04-22,1.214000,1.228000,1.197000,1.204000,211420007
2024-04-23,1.202000,1.217000,1.197000,1.203000,207121300
2024-04-24,1.202000,1.205000,1.194000,1.199000,268636200
2024-04-25,1.197000,1.219000,1.196000,1.218000,152880600
2024-04-26,1.212000,1.216000,1.193000,1.199000,274774000
2024-04-29,1.195000,1.218000,1.190000,1.211000,297066700
2024-04-30,1.207000,1.224000,1.207000,1.218000,140191500
2024-05-06,1.226000,1.230000,1.214000,1.217000,150436100
2024-05-07,1.218000,1.218000,1.205000,1.217000,117088850
2024-05-08,1.212000,1.223000,1.212000,1.217000,79759000
2024-05-09,1.215000,1.223000,1.214000,1.219000,123458300
2024-05-10,1.219000,1.236000,1.218000,1.234000,184896500
2024-05-13,1.230000,1.243000,1.224000,1.241000,127471300
2024-05-14,1.242000,1.245000,1.230000,1.235000,111459799
2024-05-15,1.231000,1.238000,1.225000,1.231000,84562400
2024-05-16,1.231000,1.258000,1.231000,1.254000,253386418
2024-05-17,1.254000,1.271000,1.249000,1.269000,294665095
2024-05-20,1.271000,1.280000,1.258000,1.263000,200233800
2024-05-21,1.261000,1.277000,1.257000,1.272000,207528000
2024-05-22,1.273000,1.287000,1.268000,1.278000,266962058
2024-05-23,1.275000,1.280000,1.265000,1.269000,233230600
2024-05-24,1.268000,1.277000,1.257000,1.258000,203691552
2024-05-27,1.259000,1.278000,1.259000,1.276000,359768416
2024-05-28,1.275000,1.282000,1.266000,1.270000,134207165
2024-05-29,1.269000,1.275000,1.257000,1.258000,179058682
2024-05-30,1.256000,1.267000,1.244000,1.249000,143231048
2024-05-31,1.251000,1.258000,1.250000,1.254000,114614300
2024-06-03,1.252000,1.252000,1.233000,1.239000,194495400
2024-06-04,1.238000,1.248000,1.236000,1.247000,97420800
2024-06-05,1.247000,1.248000,1.230000,1.232000,125589957
2024-06-06,1.233000,1.238000,1.228000,1.231000,105375000
2024-06-07,1.231000,1.242000,1.231000,1.240000,189164800
2024-06-11,1.238000,1.243000,1.218000,1.220000,128485200
2024-06-12,1.218000,1.219000,1.204000,1.216000,121748700
2024-06-13,1.214000,1.217000,1.202000,1.206000,329188100
2024-06-14,1.206000,1.223000,1.203000,1.219000,175326100
2024-06-17,1.213000,1.218000,1.204000,1.207000,112917500
2024-06-18,1.206000,1.215000,1.198000,1.212000,143122570
2024-06-19,1.209000,1.229000,1.209000,1.226000,116595670
2024-06-20,1.224000,1.227000,1.214000,1.218000,267226450
2024-06-21,1.218000,1.221000,1.209000,1.218000,259321898
2024-06-24,1.215000,1.223000,1.206000,1.219000,111208846
2024-06-25,1.219000,1.229000,1.216000,1.226000,310074817
2024-06-26,1.224000,1.230000,1.221000,1.227000,154651997
2024-06-27,1.225000,1.257000,1.221000,1.242000,245670396
2024-06-28,1.239000,1.252000,1.233000,1.247000,140401096
2024-07-01,1.245000,1.265000,1.244000,1.263000,154596302
2024-07-02,1.260000,1.283000,1.258000,1.280000,201770002
2024-07-03,1.282000,1.284000,1.262000,1.269000,251662800
2024-07-04,1.267000,1.279000,1.267000,1.272000,143012000
2024-07-05,1.272000,1.275000,1.238000,1.246000,224943551
2024-07-08,1.243000,1.258000,1.241000,1.253000,125235103
2024-07-09,1.253000,1.267000,1.244000,1.265000,152534500
2024-07-10,1.266000,1.276000,1.264000,1.271000,103678000
2024-07-11,1.275000,1.276000,1.258000,1.263000,208574805
2024-07-12,1.262000,1.291000,1.262000,1.289000,243139204
2024-07-15,1.288000,1.304000,1.286000,1.304000,274030600
2024-07-16,1.303000,1.309000,1.289000,1.299000,155248402
2024-07-17,1.296000,1.310000,1.294000,1.310000,126078200
2024-07-18,1.305000,1.308000,1.294000,1.307000,111550799
2024-07-19,1.306000,1.306000,1.287000,1.303000,141416530
2024-07-22,1.299000,1.300000,1.276000,1.282000,191147658
2024-07-23,1.281000,1.308000,1.281000,1.294000,196151858
2024-07-24,1.293000,1.304000,1.289000,1.295000,154188000
2024-07-25,1.293000,1.296000,1.269000,1.283000,132715200
2024-07-26,1.281000,1.283000,1.255000,1.265000,143220900
2024-07-29,1.264000,1.284000,1.257000,1.283000,114746100
2024-07-30,1.282000,1.287000,1.269000,1.277000,93010200
2024-07-31,1.276000,1.281000,1.271000,1.276000,157821000
2024-08-01,1.272000,1.287000,1.259000,1.278000,182666800
2024-08-02,1.271000,1.279000,1.267000,1.271000,99048400
2024-08-05,1.270000,1.275000,1.259000,1.260000,159043202
2024-08-06,1.264000,1.267000,1.240000,1.248000,199215824
2024-08-07,1.247000,1.258000,1.246000,1.250000,103415600
2024-08-08,1.248000,1.254000,1.244000,1.253000,117681100
2024-08-09,1.251000,1.266000,1.248000,1.259000,134668100
2024-08-12,1.258000,1.259000,1.251000,1.255000,88322000
2024-08-13,1.254000,1.266000,1.253000,1.261000,100876800
2024-08-14,1.259000,1.268000,1.257000,1.260000,250429900
2024-08-15,1.258000,1.279000,1.257000,1.278000,134849100
2024-08-16,1.278000,1.294000,1.275000,1.293000,197444200
2024-08-19,1.294000,1.317000,1.289000,1.315000,202997477
2024-08-20,1.314000,1.322000,1.309000,1.318000,173653100
2024-08-21,1.313000,1.317000,1.297000,1.310000,262896200
2024-08-22,1.307000,1.327000,1.307000,1.322000,133423400
2024-08-23,1.321000,1.330000,1.310000,1.329000,110585800
2024-08-26,1.328000,1.331000,1.316000,1.329000,102898400
2024-08-27,1.326000,1.340000,1.323000,1.334000,101979900
2024-08-28,1.331000,1.337000,1.316000,1.325000,112428400
2024-08-29,1.323000,1.323000,1.279000,1.282000,211065800
2024-08-30,1.275000,1.286000,1.251000,1.256000,420344400
2024-09-02,1.246000,1.266000,1.243000,1.255000,233840900
2024-09-03,1.254000,1.256000,1.226000,1.234000,259115900
2024-09-04,1.229000,1.241000,1.225000,1.230000,220137200
2024-09-05,1.230000,1.233000,1.218000,1.228000,168860100
2024-09-06,1.227000,1.245000,1.227000,1.232000,165234300
2024-09-09,1.227000,1.229000,1.206000,1.209000,282560900
2024-09-10,1.209000,1.219000,1.203000,1.217000,149753117
2024-09-11,1.214000,1.215000,1.184000,1.190000,294913474
2024-09-12,1.187000,1.201000,1.180000,1.197000,171261839
2024-09-13,1.196000,1.208000,1.193000,1.193000,143350839
2024-09-18,1.193000,1.207000,1.192000,1.207000,156647300
2024-09-19,1.209000,1.210000,1.194000,1.208000,157830900
2024-09-20,1.207000,1.218000,1.204000,1.217000,150622300
2024-09-23,1.213000,1.237000,1.209000,1.236000,163264700
2024-09-24,1.241000,1.287000,1.238000,1.285000,285403400
2024-09-25,1.300000,1.330000,1.295000,1.310000,275863490
2024-09-26,1.308000,1.360000,1.305000,1.359000,260010248
2024-09-27,1.369000,1.389000,1.325000,1.378000,155308000
2024-09-30,1.385000,1.428000,1.347000,1.414000,683606028
2024-10-08,1.533000,1.555000,1.400000,1.460000,686689503
2024-10-09,1.429000,1.430000,1.352000,1.354000,333492005
2024-10-10,1.354000,1.441000,1.354000,1.412000,363744300
2024-10-11,1.410000,1.435000,1.387000,1.396000,303543695
2024-10-14,1.417000,1.458000,1.417000,1.446000,574894900
2024-10-15,1.441000,1.458000,1.410000,1.412000,311506300
2024-10-16,1.404000,1.454000,1.401000,1.452000,363470900
2024-10-17,1.452000,1.463000,1.428000,1.431000,306153900
2024-10-18,1.431000,1.448000,1.404000,1.439000,403832800
2024-10-21,1.432000,1.433000,1.405000,1.419000,409234752
2024-10-22,1.414000,1.428000,1.408000,1.416000,234237594
2024-10-23,1.416000,1.425000,1.412000,1.422000,263501500
2024-10-24,1.420000,1.429000,1.414000,1.417000,228553000
2024-10-25,1.415000,1.419000,1.405000,1.411000,214711997
2024-10-28,1.406000,1.406000,1.389000,1.398000,209854900
2024-10-29,1.398000,1.414000,1.394000,1.397000,266593200
2024-10-30,1.396000,1.405000,1.375000,1.381000,224619400
2024-10-31,1.378000,1.388000,1.362000,1.372000,264240800
2024-11-01,1.370000,1.399000,1.370000,1.391000,337808195
2024-11-04,1.391000,1.399000,1.369000,1.398000,232267800
2024-11-05,1.393000,1.410000,1.390000,1.409000,293314200
2024-11-06,1.407000,1.408000,1.391000,1.399000,319906200
2024-11-07,1.395000,1.430000,1.392000,1.429000,379306900
2024-11-08,1.429000,1.433000,1.403000,1.409000,375666700
2024-11-11,1.401000,1.401000,1.380000,1.387000,255244300
2024-11-12,1.386000,1.401000,1.371000,1.375000,301359063
2024-11-13,1.372000,1.387000,1.371000,1.382000,252620500
2024-11-14,1.381000,1.397000,1.375000,1.386000,347715100
2024-11-15,1.382000,1.397000,1.374000,1.384000,398496729
2024-11-18,1.397000,1.433000,1.393000,1.410000,523525600
2024-11-19,1.409000,1.425000,1.387000,1.405000,343165700
2024-11-20,1.401000,1.408000,1.394000,1.399000,235813300
2024-11-21,1.396000,1.401000,1.389000,1.396000,280072800
2024-11-22,1.394000,1.399000,1.363000,1.365000,267394600
2024-11-25,1.368000,1.377000,1.364000,1.368000,243545700
2024-11-26,1.364000,1.382000,1.358000,1.380000,246991600
2024-11-27,1.376000,1.395000,1.370000,1.393000,281881200
2024-11-28,1.391000,1.399000,1.385000,1.392000,180907941
2024-11-29,1.393000,1.409000,1.389000,1.394000,252061400
2024-12-02,1.393000,1.395000,1.380000,1.387000,231380600
2024-12-03,1.388000,1.409000,1.383000,1.409000,321356100
2024-12-04,1.405000,1.416000,1.394000,1.408000,292654700
2024-12-05,1.406000,1.416000,1.403000,1.408000,199676200
2024-12-06,1.406000,1.432000,1.406000,1.423000,293688500
2024-12-09,1.420000,1.435000,1.414000,1.429000,244998100
2024-12-10,1.444000,1.460000,1.433000,1.443000,335664894
2024-12-11,1.441000,1.449000,1.427000,1.429000,226539303
2024-12-12,1.428000,1.447000,1.425000,1.447000,255015121
2024-12-13,1.437000,1.440000,1.415000,1.416000,266876414
2024-12-16,1.414000,1.439000,1.414000,1.429000,222403000
2024-12-17,1.427000,1.439000,1.425000,1.428000,221052117
2024-12-18,1.435000,1.455000,1.431000,1.446000,260978700
2024-12-19,1.440000,1.447000,1.426000,1.431000,262925700
2024-12-20,1.429000,1.439000,1.425000,1.428000,238697068
2024-12-23,1.427000,1.462000,1.427000,1.453000,387832168
2024-12-24,1.451000,1.473000,1.448000,1.471000,324844168
2024-12-25,1.470000,1.496000,1.470000,1.488000,473601600
2024-12-26,1.485000,1.490000,1.467000,1.487000,269668500
2024-12-27,1.482000,1.489000,1.455000,1.483000,508023500
2024-12-30,1.477000,1.505000,1.477000,1.502000,579206100
2024-12-31,1.501000,1.512000,1.483000,1.485000,521317500
2025-01-02,1.485000,1.495000,1.444000,1.451000,471052600
2025-01-03,1.451000,1.463000,1.435000,1.442000,461902100
2025-01-06,1.444000,1.455000,1.418000,1.455000,384734600
2025-01-07,1.449000,1.465000,1.442000,1.464000,379572900
2025-01-08,1.460000,1.483000,1.459000,1.475000,357280300
2025-01-09,1.476000,1.476000,1.455000,1.465000,268444900
2025-01-10,1.464000,1.471000,1.444000,1.456000,295374800
2025-01-13,1.450000,1.453000,1.425000,1.436000,311093800
2025-01-14,1.439000,1.463000,1.435000,1.459000,317062100
2025-01-15,1.458000,1.490000,1.457000,1.471000,316510020
2025-01-16,1.475000,1.487000,1.466000,1.485000,347402477
2025-01-17,1.481000,1.488000,1.468000,1.477000,230936700
2025-01-20,1.479000,1.485000,1.469000,1.471000,295535559
2025-01-21,1.473000,1.479000,1.462000,1.471000,196593600
2025-01-22,1.471000,1.471000,1.440000,1.443000,290274900
2025-01-23,1.451000,1.485000,1.450000,1.479000,372047472
2025-01-24,1.482000,1.490000,1.459000,1.483000,318919672
2025-01-27,1.484000,1.509000,1.484000,1.503000,270671300
2025-02-05,1.503000,1.507000,1.477000,1.480000,252675600
2025-02-06,1.480000,1.491000,1.468000,1.480000,260270600
2025-02-07,1.479000,1.479000,1.470000,1.475000,553747400
2025-02-10,1.471000,1.488000,1.466000,1.477000,363557600
2025-02-11,1.476000,1.490000,1.475000,1.490000,256052000
2025-02-12,1.488000,1.502000,1.480000,1.500000,350573200
2025-02-13,1.498000,1.508000,1.496000,1.502000,295571800
2025-02-14,1.502000,1.509000,1.495000,1.509000,222872700
2025-02-17,1.510000,1.510000,1.494000,1.506000,263615200
2025-02-18,1.502000,1.529000,1.499000,1.522000,397669900
2025-02-19,1.517000,1.523000,1.511000,1.514000,302614600
2025-02-20,1.510000,1.517000,1.506000,1.515000,315170100
2025-02-21,1.513000,1.514000,1.490000,1.494000,612727920
2025-02-24,1.490000,1.494000,1.480000,1.481000,402730600
2025-02-25,1.484000,1.486000,1.466000,1.470000,334696093
2025-02-26,1.470000,1.488000,1.470000,1.478000,468647726
2025-02-27,1.479000,1.497000,1.469000,1.497000,463364000
2025-02-28,1.493000,1.504000,1.488000,1.489000,415262635
2025-03-03,1.489000,1.494000,1.476000,1.486000,424951057
2025-03-04,1.482000,1.492000,1.480000,1.485000,323111157
2025-03-05,1.483000,1.510000,1.480000,1.509000,490892320
2025-03-06,1.508000,1.508000,1.493000,1.502000,333706900
2025-03-07,1.498000,1.509000,1.495000,1.502000,321626100
2025-03-10,1.500000,1.501000,1.486000,1.490000,200752200
2025-03-11,1.485000,1.499000,1.482000,1.498000,235614180
2025-03-12,1.496000,1.502000,1.489000,1.497000,211728900
2025-03-13,1.499000,1.509000,1.496000,1.502000,220194980
2025-03-14,1.502000,1.529000,1.501000,1.522000,421338892
2025-03-17,1.523000,1.533000,1.518000,1.527000,161452450
2025-03-18,1.529000,1.530000,1.521000,1.524000,115276400
2025-03-19,1.524000,1.547000,1.524000,1.547000,198011600
2025-03-20,1.546000,1.550000,1.532000,1.537000,207229700
2025-03-21,1.534000,1.540000,1.516000,1.518000,192391108
2025-03-24,1.518000,1.535000,1.517000,1.532000,297331038
2025-03-25,1.531000,1.542000,1.530000,1.540000,221226500
2025-03-26,1.535000,1.536000,1.514000,1.517000,460363800
2025-03-27,1.516000,1.530000,1.513000,1.523000,210520075
2025-03-28,1.523000,1.525000,1.515000,1.519000,160336400
2025-03-31,1.530000,1.534000,1.506000,1.524000,337697180
2025-04-01,1.520000,1.525000,1.507000,1.515000,343170951
2025-04-02,1.513000,1.532000,1.512000,1.528000,273448430
2025-04-03,1.522000,1.535000,1.518000,1.533000,255444750
2025-04-07,1.510000,1.512000,1.423000,1.485000,530264148
2025-04-08,1.469000,1.487000,1.458000,1.485000,336251648
2025-04-09,1.471000,1.484000,1.460000,1.472000,425481400
2025-04-10,1.472000,1.488000,1.470000,1.484000,297824591
2025-04-11,1.478000,1.488000,1.472000,1.488000,201210353
2025-04-14,1.486000,1.500000,1.485000,1.496000,258432600
2025-04-15,1.495000,1.519000,1.492000,1.518000,226345200
2025-04-16,1.517000,1.535000,1.512000,1.532000,216327600
2025-04-17,1.528000,1.536000,1.515000,1.533000,178333435
2025-04-18,1.530000,1.550000,1.530000,1.548000,200467129
2025-04-21,1.546000,1.561000,1.527000,1.528000,317760312
2025-04-22,1.528000,1.542000,1.528000,1.541000,287048075
2025-04-23,1.540000,1.542000,1.529000,1.533000,171853175
2025-04-24,1.530000,1.553000,1.530000,1.550000,213661062
2025-04-25,1.551000,1.557000,1.536000,1.545000,190015986
2025-04-28,1.544000,1.561000,1.542000,1.558000,203224575
2025-04-29,1.556000,1.565000,1.550000,1.554000,173733000
2025-04-30,1.548000,1.549000,1.515000,1.520000,405696109
2025-05-06,1.522000,1.525000,1.508000,1.519000,260878757
2025-05-07,1.525000,1.543000,1.519000,1.542000,326630960
2025-05-08,1.538000,1.560000,1.536000,1.558000,275182200
2025-05-09,1.556000,1.581000,1.555000,1.577000,249361800
2025-05-12,1.577000,1.596000,1.567000,1.582000,484819070
2025-05-13,1.579000,1.607000,1.576000,1.605000,221603482
2025-05-14,1.602000,1.626000,1.597000,1.619000,482788000
2025-05-15,1.618000,1.632000,1.613000,1.615000,411456800
2025-05-16,1.613000,1.619000,1.591000,1.601000,329441934
2025-05-19,1.601000,1.613000,1.594000,1.596000,367722500
2025-05-20,1.599000,1.614000,1.595000,1.601000,206470600
2025-05-21,1.602000,1.618000,1.595000,1.612000,245102600
2025-05-22,1.611000,1.628000,1.605000,1.626000,315428792
2025-05-23,1.621000,1.621000,1.608000,1.610000,304172998
2025-05-26,1.609000,1.614000,1.594000,1.598000,295283500
2025-05-27,1.602000,1.615000,1.600000,1.607000,217684400
2025-05-28,1.608000,1.614000,1.594000,1.605000,205633700
2025-05-29,1.605000,1.609000,1.596000,1.604000,215233600
2025-05-30,1.602000,1.618000,1.600000,1.615000,232382600
2025-06-03,1.614000,1.652000,1.612000,1.643000,328177216
2025-06-04,1.643000,1.651000,1.635000,1.645000,223141848
2025-06-05,1.642000,1.651000,1.632000,1.633000,298335424
2025-06-06,1.635000,1.646000,1.632000,1.638000,175429700
2025-06-09,1.638000,1.644000,1.626000,1.643000,296640600
2025-06-10,1.638000,1.667000,1.638000,1.651000,360157600
2025-06-11,1.648000,1.663000,1.647000,1.657000,216734900
2025-06-12,1.658000,1.666000,1.650000,1.663000,283263926
2025-06-13,1.661000,1.667000,1.644000,1.650000,481047931
2025-06-16,1.647000,1.670000,1.644000,1.670000,220509417
2025-06-17,1.669000,1.677000,1.664000,1.666000,274373580
2025-06-18,1.667000,1.684000,1.664000,1.683000,226849873
2025-06-19,1.680000,1.686000,1.670000,1.681000,310058400
2025-06-20,1.680000,1.701000,1.677000,1.700000,359971300
2025-06-23,1.697000,1.726000,1.681000,1.721000,519619800
2025-06-24,1.717000,1.734000,1.708000,1.726000,439247288
2025-06-25,1.723000,1.748000,1.714000,1.744000,456196144
2025-06-26,1.741000,1.765000,1.734000,1.762000,571335524
2025-06-27,1.760000,1.771000,1.708000,1.713000,1127942461
2025-06-30,0.852500,0.856000,0.846500,0.855500,1292319974
2025-07-01,0.854500,0.870500,0.854000,0.868500,813709218
2025-07-02,0.867000,0.877000,0.866500,0.873000,974392082
2025-07-03,0.871000,0.878000,0.866500,0.873000,752761932
2025-07-04,1.742000,1.788000,1.741000,1.777000,491442760
2025-07-07,0.888000,0.894000,0.884000,0.894000,670895119
2025-07-08,0.893000,0.896000,0.884000,0.891000,704919067
2025-07-09,0.889000,0.899000,0.887000,0.895000,539214259
2025-07-10,0.894000,0.911000,0.893000,0.906000,923243663
2025-07-11,0.906000,0.912000,0.887000,0.888000,1584764552
2025-07-14,0.888000,0.903000,0.887000,0.895000,976028029
2025-07-15,0.896000,0.898000,0.881000,0.886000,1007121439
2025-07-16,0.884000,0.886000,0.873000,0.882000,1226051885
2025-07-17,0.882000,0.884000,0.876000,0.879000,746793404
2025-07-18,0.880000,0.887000,0.877000,0.883000,901960100
2025-07-21,0.881000,0.885000,0.875000,0.880000,1067658107
2025-07-22,0.875000,0.877000,0.861000,0.867000,1863283876
2025-07-23,0.866000,0.880000,0.865000,0.872000,1236466274
2025-07-24,0.872000,0.873000,0.858000,0.859000,1534703630
2025-07-25,0.858000,0.864000,0.856000,0.858000,1097160200
2025-07-28,0.856000,0.866000,0.856000,0.860000,956953099
2025-07-29,0.858000,0.863000,0.848000,0.849000,1191184200
2025-07-30,0.849000,0.860000,0.846000,0.854000,1403660826
2025-07-31,0.854000,0.854000,0.841000,0.848000,1386657460
2025-08-01,0.850000,0.855000,0.842000,0.853000,1157656907
2025-08-04,0.851000,0.864000,0.849000,0.858000,1387133947
2025-08-05,0.857000,0.873000,0.856000,0.871000,1356978357
2025-08-06,0.871000,0.876000,0.866000,0.870000,1150314788
2025-08-07,0.869000,0.875000,0.864000,0.874000,929929202
2025-08-08,0.874000,0.878000,0.869000,0.870000,721236900
2025-08-11,0.870000,0.871000,0.860000,0.863000,1202857500
2025-08-12,0.862000,0.870000,0.861000,0.865000,912379748
2025-08-13,0.866000,0.868000,0.854000,0.857000,1581411929
2025-08-14,0.856000,0.860000,0.854000,0.856000,935699217
2025-08-15,0.855000,0.856000,0.837000,0.844000,1894097819
2025-08-18,0.841000,0.847000,0.836000,0.846000,1174759132
2025-08-19,0.845000,0.849000,0.842000,0.847000,853855887
2025-08-20,0.847000,0.856000,0.843000,0.851000,1054793222
2025-08-21,0.850000,0.857000,0.845000,0.855000,1281779868
2025-08-22,0.854000,0.855000,0.846000,0.852000,1347371978
2025-08-25,0.849000,0.859000,0.848000,0.858000,1395780965
2025-08-26,0.856000,0.860000,0.852000,0.853000,780251022
2025-08-27,0.851000,0.852000,0.837000,0.838000,1193553007
2025-08-28,0.837000,0.845000,0.831000,0.842000,1159639389
2025-08-29,0.840000,0.852000,0.835000,0.836000,1350375209
2025-09-01,0.834000,0.839000,0.825000,0.826000,1483289588
2025-09-02,0.825000,0.842000,0.824000,0.842000,2323215100
2025-09-03,0.840000,0.843000,0.827000,0.830000,1377552823
2025-09-04,0.829000,0.840000,0.816000,0.838000,1671119737
2025-09-05,0.834000,0.835000,0.826000,0.830000,1314895734
2025-09-08,0.828000,0.833000,0.824000,0.826000,979726725
2025-09-09,0.825000,0.833000,0.824000,0.832000,1101976174
2025-09-10,0.830000,0.835000,0.827000,0.833000,1023456502
2025-09-11,0.831000,0.838000,0.827000,0.837000,1471075658
2025-09-12,0.835000,0.838000,0.823000,0.824000,1655508700
2025-09-15,0.823000,0.825000,0.814000,0.816000,1785738199
2025-09-16,0.815000,0.819000,0.807000,0.808000,1386608499
2025-09-17,0.808000,0.812000,0.804000,0.805000,1144000773
2025-09-18,0.805000,0.807000,0.788000,0.790000,2177235700
2025-09-19,0.790000,0.794000,0.782000,0.792000,1576073500
2025-09-22,0.791000,0.792000,0.781000,0.784000,1139543500
2025-09-23,0.781000,0.798000,0.778000,0.794000,2481671400
2025-09-24,0.792000,0.802000,0.790000,0.792000,1921192318
2025-09-25,0.792000,0.793000,0.783000,0.788000,1241638100
2025-09-26,0.786000,0.790000,0.779000,0.789000,1269470413
2025-09-29,0.786000,0.793000,0.780000,0.786000,1597849947
2025-09-30,0.785000,0.785000,0.776000,0.778000,1579730357
2025-10-09,0.776000,0.778000,0.770000,0.777000,1633879362
2025-10-10,0.777000,0.786000,0.775000,0.780000,1977763609
2025-10-13,0.780000,0.791000,0.772000,0.787000,2792374201
2025-10-14,0.784000,0.807000,0.781000,0.806000,4215772565
2025-10-15,0.806000,0.812000,0.802000,0.810000,2819412776
2025-10-16,0.809000,0.823000,0.809000,0.822000,2955556312
2025-10-17,0.820000,0.830000,0.816000,0.821000,3546744055
2025-10-20,0.817000,0.821000,0.806000,0.819000,2331719899
2025-10-21,0.817000,0.824000,0.816000,0.822000,1578225458
2025-10-22,0.819000,0.831000,0.819000,0.829000,1438946975
2025-10-23,0.829000,0.841000,0.825000,0.834000,2544647198
2025-10-27,0.826000,0.836000,0.821000,0.830000,2308518713
2025-10-28,0.831000,0.834000,0.821000,0.829000,1425284426
2025-10-29,0.827000,0.827000,0.810000,0.813000,2645711063
2025-10-30,0.811000,0.819000,0.811000,0.812000,1183213345
2025-10-31,0.813000,0.815000,0.807000,0.813000,1443434013
2025-11-03,0.813000,0.825000,0.812000,0.823000,2090598588
2025-11-04,0.823000,0.840000,0.822000,0.840000,1877417300
2025-11-05,0.843000,0.850000,0.835000,0.840000,2080475888
2025-11-06,0.835000,0.841000,0.831000,0.836000,1210039538
2025-11-07,0.836000,0.843000,0.833000,0.835000,1025395344
2025-11-10,0.832000,0.840000,0.829000,0.839000,1081313786
2025-11-11,0.838000,0.845000,0.836000,0.843000,1016459258
2025-11-12,0.844000,0.854000,0.844000,0.848000,1294080600
2025-11-13,0.846000,0.850000,0.838000,0.846000,1197372458
2025-11-14,0.846000,0.857000,0.846000,0.849000,1212979669
2025-11-17,0.846000,0.848000,0.835000,0.838000,1539837072
2025-11-18,0.835000,0.839000,0.832000,0.834000,1320128992
2025-11-19,0.834000,0.845000,0.834000,0.842000,1213066170
2025-11-20,0.840000,0.858000,0.838000,0.849000,1753097226
2025-11-21,0.848000,0.853000,0.839000,0.840000,1724050566
2025-11-24,0.839000,0.843000,0.833000,0.835000,1385807400
2025-11-25,0.833000,0.846000,0.829000,0.846000,1655273649
2025-11-26,0.846000,0.850000,0.837000,0.839000,1275013551
2025-11-27,0.837000,0.845000,0.831000,0.842000,1190734070
2025-11-28,0.841000,0.842000,0.834000,0.836000,1242889534
2025-12-01,0.833000,0.843000,0.832000,0.842000,1287667357
2025-12-02,0.842000,0.846000,0.836000,0.841000,683004941
2025-12-03,0.840000,0.847000,0.834000,0.834000,1251847423
2025-12-04,0.834000,0.836000,0.829000,0.831000,943649417
2025-12-05,0.829000,0.834000,0.822000,0.827000,1423853374
2025-12-08,0.826000,0.830000,0.823000,0.827000,1136182901
2025-12-09,0.827000,0.830000,0.821000,0.826000,1285414600
2025-12-10,0.825000,0.827000,0.810000,0.814000,1514175163
2025-12-11,0.813000,0.816000,0.810000,0.815000,1121197865
2025-12-12,0.814000,0.815000,0.809000,0.813000,1386142950
2025-12-15,0.812000,0.819000,0.810000,0.815000,802644398
2025-12-16,0.814000,0.817000,0.807000,0.810000,827089600
2025-12-17,0.809000,0.816000,0.805000,0.812000,1078355920
2025-12-18,0.810000,0.828000,0.809000,0.827000,1358444817
2025-12-19,0.825000,0.828000,0.821000,0.824000,1137170468
2025-12-22,0.823000,0.823000,0.818000,0.819000,795634861
2025-12-23,0.818000,0.824000,0.817000,0.820000,851526894
2025-12-24,0.821000,0.823000,0.815000,0.820000,837567600
2025-12-25,0.819000,0.824000,0.818000,0.819000,887956100
2025-12-26,0.818000,0.820000,0.815000,0.816000,683317200
2025-12-29,0.816000,0.824000,0.813000,0.824000,921560690
2025-12-30,0.822000,0.826000,0.818000,0.824000,785390320
2025-12-31,0.823000,0.826000,0.820000,0.823000,596048033
2026-01-05,0.823000,0.828000,0.818000,0.820000,789513697
2026-01-06,0.820000,0.825000,0.815000,0.825000,1426538451
2026-01-07,0.824000,0.827000,0.818000,0.819000,902334300
2026-01-08,0.819000,0.819000,0.810000,0.811000,835386910
2026-01-09,0.811000,0.813000,0.806000,0.808000,802612900
2026-01-12,0.807000,0.812000,0.804000,0.812000,1074371212
2026-01-13,0.811000,0.821000,0.811000,0.815000,950585994
2026-01-14,0.815000,0.815000,0.802000,0.804000,1221136471
2026-01-15,0.802000,0.803000,0.794000,0.795000,1186271719
2026-01-16,0.797000,0.799000,0.785000,0.787000,1043965002
2026-01-19,0.786000,0.789000,0.781000,0.784000,755071385
2026-01-20,0.784000,0.792000,0.781000,0.790000,1115796075
2026-01-21,0.790000,0.794000,0.776000,0.778000,1122168194
2026-01-22,0.778000,0.784000,0.773000,0.775000,886145207
2026-01-23,0.775000,0.778000,0.765000,0.767000,1076611135
2026-01-26,0.765000,0.777000,0.763000,0.771000,1054787800
2026-01-27,0.771000,0.780000,0.768000,0.770000,1258102515
2026-01-28,0.768000,0.775000,0.763000,0.765000,1181817892
2026-01-29,0.764000,0.779000,0.760000,0.778000,1279042471
2026-01-30,0.779000,0.785000,0.774000,0.775000,1299965600
2026-02-02,0.774000,0.786000,0.773000,0.776000,1725774715
2026-02-03,0.775000,0.776000,0.766000,0.768000,1152909790
2026-02-04,0.767000,0.780000,0.767000,0.779000,975499719
2026-02-05,0.781000,0.794000,0.779000,0.792000,1359185319
2026-02-06,0.791000,0.796000,0.785000,0.790000,1082272599
2026-02-09,0.786000,0.794000,0.784000,0.792000,874681100
2026-02-10,0.792000,0.797000,0.791000,0.794000,595240100
2026-02-11,0.794000,0.797000,0.790000,0.796000,651565685
2026-02-12,0.796000,0.796000,0.783000,0.784000,703657593
2026-02-13,0.785000,0.787000,0.778000,0.779000,889896793
2026-02-24,0.780000,0.784000,0.777000,0.777000,639564400
2026-02-25,0.777000,0.781000,0.772000,0.774000,807650100
2026-02-26,0.773000,0.778000,0.769000,0.772000,751784251
2026-02-27,0.772000,0.776000,0.770000,0.773000,461849256
2026-03-02,0.771000,0.779000,0.767000,0.777000,839106941
2026-03-03,0.776000,0.790000,0.771000,0.784000,1850724862
2026-03-04,0.781000,0.782000,0.770000,0.775000,1098202492
2026-03-05,0.773000,0.784000,0.773000,0.783000,1017137000
2026-03-06,0.781000,0.786000,0.779000,0.784000,637333687
2026-03-09,0.780000,0.786000,0.777000,0.778000,1100645360
2026-03-10,0.777000,0.781000,0.774000,0.779000,663883912
2026-03-11,0.779000,0.787000,0.776000,0.786000,880247897
2026-03-12,0.785000,0.793000,0.784000,0.793000,845127516
2026-03-13,0.792000,0.801000,0.788000,0.795000,1136478920
2026-03-16,0.795000,0.802000,0.793000,0.797000,999872513
2026-03-17,0.797000,0.807000,0.796000,0.804000,1274350309
2026-03-18,0.804000,0.806000,0.798000,0.802000,1232262453
2026-03-19,0.799000,0.806000,0.798000,0.799000,1109286746
2026-03-20,0.798000,0.805000,0.796000,0.797000,948223799
2026-03-23,0.793000,0.794000,0.768000,0.771000,1534374093
2026-03-24,0.773000,0.788000,0.773000,0.787000,1227458174
2026-03-25,0.787000,0.795000,0.779000,0.794000,966486836
2026-03-26,0.790000,0.799000,0.790000,0.796000,821634310
2026-03-27,0.795000,0.798000,0.789000,0.792000,799005057
2026-03-30,0.789000,0.798000,0.786000,0.795000,1025080270
2026-03-31,0.795000,0.806000,0.795000,0.802000,996230608
2026-04-01,0.803000,0.809000,0.799000,0.802000,804753814
2026-04-02,0.801000,0.809000,0.800000,0.805000,962543042
2026-04-03,0.806000,0.806000,0.795000,0.797000,628528639
2026-04-07,0.796000,0.798000,0.786000,0.788000,894283200
2026-04-08,0.790000,0.795000,0.784000,0.794000,1152031459
2026-04-09,0.793000,0.796000,0.787000,0.788000,625015859
2026-04-10,0.788000,0.789000,0.786000,0.787000,813951300
2026-04-13,0.787000,0.789000,0.782000,0.789000,739511969
2026-04-14,0.787000,0.795000,0.786000,0.794000,793302219
2026-04-15,0.794000,0.804000,0.793000,0.802000,829089377
2026-04-16,0.802000,0.808000,0.798000,0.801000,781656125
2026-04-17,0.799000,0.802000,0.795000,0.796000,638087800
2026-04-20,0.796000,0.805000,0.794000,0.805000,783747950
2026-04-21,0.805000,0.814000,0.803000,0.808000,796016650
2026-04-22,0.808000,0.809000,0.800000,0.802000,657524700
2026-04-23,0.802000,0.808000,0.799000,0.804000,763619000
2026-04-24,0.804000,0.807000,0.800000,0.803000,645295600
2026-04-27,0.802000,0.811000,0.798000,0.800000,578546426
2026-04-28,0.798000,0.803000,0.797000,0.803000,711242080
2026-04-29,0.800000,0.803000,0.794000,0.800000,769589647
2026-04-30,0.798000,0.800000,0.792000,0.795000,1015084542
2026-05-06,0.793000,0.794000,0.783000,0.788000,1056780600
2026-05-07,0.787000,0.789000,0.784000,0.784000,729274026
2026-05-08,0.785000,0.790000,0.783000,0.785000,769889000
2026-05-11,0.784000,0.785000,0.779000,0.785000,940600576
2026-05-12,0.784000,0.787000,0.781000,0.782000,1056543899
2026-05-13,0.782000,0.785000,0.779000,0.780000,908019797
2026-05-14,0.780000,0.786000,0.778000,0.784000,962654000
2026-05-15,0.782000,0.786000,0.777000,0.779000,940728500
2026-05-18,0.777000,0.778000,0.769000,0.771000,793885900
2026-05-19,0.771000,0.781000,0.770000,0.775000,620913300
2026-05-20,0.775000,0.776000,0.767000,0.768000,1005315000
2026-05-21,0.768000,0.774000,0.765000,0.771000,1031175000
2026-05-22,0.769000,0.772000,0.764000,0.769000,750132300
2026-05-25,0.767000,0.773000,0.765000,0.767000,521647307
2026-05-26,0.767000,0.774000,0.767000,0.771000,713641400
2026-05-27,0.770000,0.773000,0.766000,0.767000,681753300
2026-05-28,0.766000,0.770000,0.760000,0.761000,1128902948
2026-05-29,0.760000,0.779000,0.757000,0.776000,1167237600
2026-06-01,0.775000,0.785000,0.772000,0.785000,1047003465
2026-06-02,0.784000,0.795000,0.783000,0.790000,1092003017
2026-06-03,0.788000,0.789000,0.778000,0.783000,858531945
2026-06-04,0.782000,0.786000,0.772000,0.774000,569528658
2026-06-05,0.775000,0.786000,0.774000,0.784000,876530019
2026-06-08,0.786000,0.793000,0.780000,0.789000,1191483018
2026-06-09,0.785000,0.798000,0.784000,0.792000,1792823806
2026-06-10,0.792000,0.807000,0.792000,0.806000,1503232449
2026-06-11,0.808000,0.809000,0.797000,0.802000,1530754715
2026-06-12,0.797000,0.816000,0.794000,0.814000,1522149403
2026-06-15,0.812000,0.815000,0.800000,0.802000,1550196800
2026-06-16,0.800000,0.802000,0.790000,0.792000,1058686200
2026-06-17,0.794000,0.798000,0.783000,0.785000,1239997326
2026-06-18,0.785000,0.785000,0.764000,0.766000,1813710000
2026-06-22,0.763000,0.776000,0.757000,0.771000,1659863678
2026-06-23,0.769000,0.786000,0.769000,0.778000,1244068860
2026-06-24,0.779000,0.781000,0.760000,0.761000,1240928627
2026-06-25,0.757000,0.765000,0.752000,0.753000,1238922624
2026-06-26,0.753000,0.757000,0.745000,0.746000,895153900
2026-06-29,0.745000,0.753000,0.731000,0.750000,1223533500
2026-06-30,0.747000,0.747000,0.728000,0.734000,1807252300
2026-07-01,0.732000,0.740000,0.728000,0.737000,1141637400
2026-07-02,0.737000,0.754000,0.737000,0.748000,2344586488
2026-07-03,0.744000,0.753000,0.738000,0.747000,1023447488
2026-07-06,0.744000,0.761000,0.740000,0.760000,987870925
2026-07-07,0.759000,0.763000,0.751000,0.759000,1606910061
2026-07-08,0.758000,0.770000,0.752000,0.770000,1026256700
2026-07-09,0.764000,0.766000,0.758000,0.761000,1067943300
2026-07-10,0.761000,0.767000,0.758000,0.767000,964055700
2026-07-13,0.764000,0.781000,0.762000,0.779000,1528652500
2026-07-14,0.778000,0.783000,0.773000,0.781000,995612251
2026-07-15,0.775000,0.792000,0.773000,0.790000,2079465657
2026-07-16,0.790000,0.795000,0.780000,0.782000,934213400
2026-07-17,0.784000,0.794000,0.783000,0.789000,2458832000
2026-07-20,0.787000,0.809000,0.786000,0.808000,1238131100
2026-07-21,0.808000,0.815000,0.789000,0.790000,1929934700
2026-07-22,0.789000,0.799000,0.781000,0.799000,1191519800
2026-07-23,0.797000,0.805000,0.795000,0.803000,1423810200
2026-07-24,0.805000,0.810000,0.803000,0.804000,1450245853
2026-07-27,0.807000,0.811000,0.801000,0.805000,893674217
2026-07-28,0.807000,0.819000,0.805000,0.818000,2002695819
2026-07-29,0.819000,0.826000,0.818000,0.819000,1629096839
2026-07-30,0.819000,0.841000,0.818000,0.840000,1173785027
2026-07-31,0.826000,0.836000,0.810000,0.836000,1898851693
2026-08-03,0.827000,0.836000,0.821000,0.831000,1008267257
2026-08-04,0.829000,0.829000,0.810000,0.811000,1747787020
2026-08-05,0.808000,0.813000,0.798000,0.801000,1519933997
2026-08-06,0.803000,0.807000,0.794000,0.805000,1378304004
2026-08-07,0.802000,0.805000,0.793000,0.798000,1950541589
2026-08-10,,,,,551753571
