date,open,high,low,close,volume
2017-06-16,0.406000,0.411000,0.406000,0.410000,29183
2017-06-19,0.410000,0.410000,0.407000,0.410000,26265
2017-06-20,0.416000,0.416000,0.414000,0.416000,45289
2017-06-21,0.411000,0.412000,0.410000,0.411000,40666
2017-06-22,0.412000,0.415000,0.412000,0.414000,47462
2017-06-23,0.414000,0.415000,0.414000,0.414000,21859
2017-06-26,0.416000,0.417000,0.416000,0.417000,34642
2017-06-27,0.416000,0.416000,0.414000,0.415000,38467
2017-06-28,0.407000,0.408000,0.406000,0.407000,107352
2017-06-29,0.412000,0.412000,0.407000,0.410000,76489
2017-06-30,0.403000,0.404000,0.401000,0.403000,87177
2017-07-03,0.402000,0.403000,0.401000,0.403000,83519
2017-07-04,0.400000,0.400000,0.398000,0.399000,56156
2017-07-05,0.399000,0.400000,0.398000,0.400000,27452
2017-07-06,0.402000,0.403000,0.401000,0.403000,30702
2017-07-07,0.398000,0.401000,0.398000,0.400000,33500
2017-07-10,0.403000,0.405000,0.402000,0.404000,36146
2017-07-11,0.405000,0.407000,0.405000,0.405000,33078
2017-07-12,0.406000,0.407000,0.405000,0.406000,34221
2017-07-13,0.412000,0.412000,0.411000,0.412000,42001
2017-07-14,0.412000,0.413000,0.411000,0.411000,32057
2017-07-17,0.414000,0.415000,0.413000,0.414000,48947
2017-07-18,0.413000,0.415000,0.412000,0.415000,46182
2017-07-19,0.416000,0.418000,0.416000,0.418000,41249
2017-07-20,0.420000,0.421000,0.419000,0.420000,31818
2017-07-21,0.419000,0.420000,0.418000,0.419000,28762
2017-07-24,0.419000,0.419000,0.417000,0.419000,23218
2017-07-25,0.419000,0.420000,0.419000,0.420000,19353
2017-07-26,0.419000,0.420000,0.419000,0.420000,26390
2017-07-27,0.421000,0.423000,0.420000,0.423000,25584
2017-07-28,0.418000,0.418000,0.415000,0.416000,42334
2017-07-31,0.416000,0.416000,0.415000,0.415000,40189
2017-08-01,0.414000,0.416000,0.412000,0.416000,48034
2017-08-02,0.418000,0.420000,0.417000,0.420000,29762
2017-08-03,0.419000,0.419000,0.416000,0.417000,20732
2017-08-04,0.416000,0.416000,0.414000,0.415000,22995
2017-08-07,0.415000,0.418000,0.415000,0.417000,21718
2017-08-08,0.419000,0.420000,0.417000,0.418000,29511
2017-08-09,0.415000,0.417000,0.415000,0.415000,16151
2017-08-10,0.414000,0.415000,0.413000,0.413000,25083
2017-08-11,0.406000,0.407000,0.404000,0.406000,36471
2017-08-14,0.408000,0.411000,0.408000,0.409000,25737
2017-08-15,0.414000,0.415000,0.414000,0.415000,28010
2017-08-16,0.414000,0.415000,0.412000,0.413000,31972
2017-08-17,0.414000,0.414000,0.412000,0.412000,25808
2017-08-18,0.404000,0.409000,0.404000,0.409000,20939
2017-08-21,0.408000,0.409000,0.407000,0.408000,8493
2017-08-22,0.408000,0.411000,0.407000,0.411000,15963
2017-08-23,0.414000,0.414000,0.412000,0.412000,13496
2017-08-24,0.412000,0.412000,0.409000,0.409000,11161
2017-08-25,0.409000,0.411000,0.408000,0.410000,16454
2017-08-28,0.410000,0.410000,0.407000,0.408000,26201
2017-08-29,0.407000,0.408000,0.404000,0.406000,17152
2017-08-30,0.408000,0.408000,0.407000,0.408000,16033
2017-08-31,0.411000,0.412000,0.410000,0.411000,25647
2017-09-01,0.414000,0.414000,0.413000,0.414000,24569
2017-09-04,0.412000,0.413000,0.411000,0.411000,18576
2017-09-05,0.411000,0.412000,0.411000,0.411000,6399
2017-09-06,0.408000,0.408000,0.407000,0.408000,13282
2017-09-07,0.408000,0.409000,0.407000,0.407000,12611
2017-09-08,0.408000,0.410000,0.408000,0.408000,10937
2017-09-11,0.407000,0.407000,0.405000,0.407000,15235
2017-09-12,0.410000,0.412000,0.409000,0.410000,27870
2017-09-13,0.410000,0.410000,0.409000,0.410000,18343
2017-09-14,0.410000,0.412000,0.409000,0.412000,27106
2017-09-15,0.410000,0.410000,0.409000,0.410000,15894
2017-09-18,0.410000,0.412000,0.410000,0.412000,18209
2017-09-19,0.411000,0.412000,0.410000,0.412000,10361
2017-09-20,0.412000,0.412000,0.412000,0.412000,10820
2017-09-21,0.412000,0.412000,0.411000,0.412000,9224
2017-09-22,0.412000,0.412000,0.410000,0.410000,12478
2017-09-25,0.411000,0.411000,0.410000,0.410000,8880
2017-09-26,0.408000,0.408000,0.406000,0.407000,31881
2017-09-27,0.408000,0.409000,0.407000,0.409000,18692
2017-09-28,0.411000,0.413000,0.411000,0.412000,19549
2017-09-29,0.413000,0.414000,0.412000,0.414000,26261
2017-10-09,0.421000,0.422000,0.416000,0.419000,42706
2017-10-10,0.419000,0.420000,0.418000,0.418000,15393
2017-10-11,0.419000,0.421000,0.419000,0.420000,10570
2017-10-12,0.421000,0.421000,0.420000,0.421000,18490
2017-10-13,0.421000,0.421000,0.420000,0.420000,17371
2017-10-16,0.421000,0.422000,0.420000,0.422000,13327
2017-10-17,0.424000,0.424000,0.423000,0.424000,8854
2017-10-18,0.425000,0.426000,0.424000,0.424000,18334
2017-10-19,0.425000,0.425000,0.424000,0.425000,11756
2017-10-20,0.423000,0.425000,0.421000,0.425000,37659
2017-10-23,0.425000,0.426000,0.425000,0.426000,10441
2017-10-24,0.425000,0.425000,0.422000,0.424000,10765
2017-10-25,0.424000,0.425000,0.423000,0.425000,12009
2017-10-26,0.425000,0.425000,0.422000,0.423000,14114
2017-10-27,0.423000,0.426000,0.423000,0.425000,40553
2017-10-30,0.432000,0.434000,0.432000,0.434000,22613
2017-10-31,0.434000,0.435000,0.434000,0.434000,12750
2017-11-01,0.436000,0.440000,0.435000,0.437000,18852
2017-11-02,0.437000,0.437000,0.434000,0.435000,9292
2017-11-03,0.435000,0.436000,0.434000,0.436000,16709
2017-11-06,0.437000,0.439000,0.436000,0.437000,16034
2017-11-07,0.439000,0.439000,0.438000,0.438000,17961
2017-11-08,0.438000,0.439000,0.436000,0.439000,26850
2017-11-09,0.441000,0.441000,0.438000,0.440000,11568
2017-11-10,0.439000,0.439000,0.439000,0.439000,13736
2017-11-13,0.439000,0.439000,0.437000,0.439000,55850
2017-11-14,0.439000,0.440000,0.439000,0.440000,11653
2017-11-15,0.439000,0.439000,0.437000,0.437000,18154
2017-11-16,0.436000,0.436000,0.434000,0.435000,19495
2017-11-17,0.439000,0.441000,0.439000,0.441000,20557
2017-11-20,0.440000,0.440000,0.438000,0.439000,10769
2017-11-21,0.439000,0.440000,0.439000,0.440000,14455
2017-11-22,0.442000,0.444000,0.442000,0.443000,22052
2017-11-23,0.444000,0.444000,0.441000,0.442000,18382
2017-11-24,0.442000,0.443000,0.441000,0.442000,17423
2017-11-27,0.442000,0.444000,0.442000,0.444000,22343
2017-11-28,0.444000,0.445000,0.443000,0.445000,14165
2017-11-29,0.446000,0.449000,0.446000,0.449000,43534
2017-11-30,0.444000,0.444000,0.441000,0.443000,27184
2017-12-01,0.446000,0.449000,0.446000,0.448000,18462
2017-12-04,0.448000,0.458000,0.447000,0.452000,48493
2017-12-05,0.446000,0.446000,0.439000,0.440000,48015
2017-12-06,0.439000,0.442000,0.434000,0.435000,47896
2017-12-07,0.438000,0.439000,0.436000,0.438000,17639
2017-12-08,0.440000,0.442000,0.440000,0.442000,30727
2017-12-11,0.442000,0.444000,0.442000,0.444000,21353
2017-12-12,0.446000,0.447000,0.445000,0.447000,23426
2017-12-13,0.446000,0.448000,0.446000,0.447000,14217
2017-12-14,0.448000,0.449000,0.447000,0.449000,18770
2017-12-15,0.446000,0.448000,0.445000,0.446000,10010
2017-12-18,0.451000,0.453000,0.451000,0.453000,20126
2017-12-19,0.458000,0.459000,0.454000,0.456000,23626
2017-12-20,0.454000,0.455000,0.453000,0.455000,18383
2017-12-21,0.455000,0.455000,0.452000,0.452000,25032
2017-12-22,0.452000,0.454000,0.452000,0.454000,9096
2017-12-25,0.453000,0.454000,0.450000,0.452000,17162
2017-12-26,0.452000,0.453000,0.451000,0.452000,18478
2017-12-27,0.451000,0.451000,0.446000,0.447000,28906
2017-12-28,0.447000,0.448000,0.444000,0.445000,28880
2017-12-29,0.446000,0.446000,0.444000,0.446000,18514
2018-01-02,0.444000,0.444000,0.441000,0.444000,32037
2018-01-03,0.449000,0.450000,0.448000,0.450000,35036
2018-01-04,0.452000,0.453000,0.450000,0.451000,31518
2018-01-05,0.451000,0.451000,0.450000,0.450000,31803
2018-01-08,0.453000,0.454000,0.452000,0.454000,42486
2018-01-09,0.454000,0.455000,0.453000,0.455000,35115
2018-01-10,0.455000,0.457000,0.454000,0.457000,41158
2018-01-11,0.456000,0.458000,0.455000,0.457000,43689
2018-01-12,0.459000,0.463000,0.458000,0.462000,41553
2018-01-15,0.462000,0.464000,0.461000,0.462000,27016
2018-01-16,0.462000,0.462000,0.460000,0.461000,24160
2018-01-17,0.459000,0.459000,0.457000,0.459000,31040
2018-01-18,0.462000,0.463000,0.462000,0.463000,29653
2018-01-19,0.462000,0.463000,0.461000,0.462000,25994
2018-01-22,0.464000,0.464000,0.460000,0.460000,28193
2018-01-23,0.463000,0.466000,0.463000,0.465000,38737
2018-01-24,0.466000,0.469000,0.466000,0.469000,47158
2018-01-25,0.466000,0.466000,0.464000,0.465000,20156
2018-01-26,0.465000,0.465000,0.463000,0.464000,32263
2018-01-29,0.468000,0.469000,0.468000,0.469000,28895
2018-01-30,0.467000,0.467000,0.464000,0.464000,30821
2018-01-31,0.461000,0.462000,0.459000,0.462000,26970
2018-02-01,0.462000,0.464000,0.461000,0.461000,26033
2018-02-02,0.459000,0.460000,0.458000,0.459000,41840
2018-02-05,0.449000,0.449000,0.440000,0.445000,71255
2018-02-06,0.418000,0.425000,0.418000,0.419000,120700
2018-02-07,0.432000,0.438000,0.432000,0.433000,88650
2018-02-08,0.432000,0.435000,0.428000,0.434000,23140
2018-02-09,0.416000,0.419000,0.412000,0.418000,111140
2018-02-12,0.423000,0.426000,0.421000,0.426000,46360
2018-02-13,0.432000,0.434000,0.431000,0.433000,24185
2018-02-14,0.435000,0.439000,0.435000,0.439000,16909
2018-02-22,0.446000,0.447000,0.445000,0.446000,34219
2018-02-23,0.449000,0.451000,0.447000,0.450000,45020
2018-02-26,0.456000,0.460000,0.456000,0.458000,26799
2018-02-27,0.465000,0.465000,0.463000,0.464000,23350
2018-02-28,0.457000,0.458000,0.456000,0.457000,38639
2018-03-01,0.456000,0.458000,0.453000,0.458000,27911
2018-03-02,0.453000,0.453000,0.450000,0.451000,31590
2018-03-05,0.454000,0.455000,0.453000,0.454000,16344
2018-03-06,0.460000,0.460000,0.458000,0.460000,12330
2018-03-07,0.459000,0.459000,0.456000,0.457000,17087
2018-03-08,0.459000,0.461000,0.459000,0.460000,13232
2018-03-09,0.462000,0.464000,0.462000,0.464000,15341
2018-03-12,0.474000,0.476000,0.472000,0.474000,33523
2018-03-13,0.474000,0.475000,0.473000,0.474000,25493
2018-03-14,0.468000,0.468000,0.467000,0.468000,10244
2018-03-15,0.466000,0.469000,0.464000,0.467000,19606
2018-03-16,0.468000,0.468000,0.467000,0.468000,13193
2018-03-19,0.468000,0.468000,0.467000,0.467000,9872
2018-03-20,0.459000,0.459000,0.456000,0.459000,24866
2018-03-21,0.459000,0.461000,0.459000,0.459000,8427
2018-03-22,0.459000,0.459000,0.457000,0.458000,8743
2018-03-23,0.444000,0.444000,0.440000,0.441000,47864
2018-03-26,0.432000,0.440000,0.432000,0.437000,35862
2018-03-27,0.448000,0.455000,0.446000,0.454000,30738
2018-03-28,0.438000,0.440000,0.435000,0.437000,39500
2018-03-29,0.435000,0.437000,0.432000,0.437000,28755
2018-03-30,0.439000,0.441000,0.437000,0.439000,18628
2018-04-02,0.438000,0.438000,0.434000,0.435000,16598
2018-04-03,0.427000,0.427000,0.424000,0.425000,38881
2018-04-04,0.427000,0.427000,0.426000,0.426000,19066
2018-04-09,0.426000,0.429000,0.426000,0.429000,33596
2018-04-10,0.431000,0.437000,0.431000,0.437000,42037
2018-04-11,0.440000,0.442000,0.437000,0.437000,24388
2018-04-12,0.436000,0.437000,0.435000,0.436000,21301
2018-04-13,0.439000,0.441000,0.439000,0.441000,19184
2018-04-16,0.439000,0.439000,0.437000,0.438000,20506
2018-04-17,0.439000,0.442000,0.439000,0.442000,19619
2018-04-18,0.452000,0.452000,0.448000,0.449000,34514
2018-04-19,0.450000,0.451000,0.450000,0.450000,20628
2018-04-20,0.447000,0.449000,0.446000,0.447000,13366
2018-04-23,0.442000,0.446000,0.440000,0.440000,28087
2018-04-24,0.439000,0.443000,0.437000,0.443000,35000
2018-04-25,0.433000,0.435000,0.433000,0.434000,31467
2018-04-26,0.435000,0.436000,0.433000,0.434000,24438
2018-04-27,0.440000,0.447000,0.440000,0.447000,51280
2018-05-02,0.447000,0.447000,0.443000,0.446000,15536
2018-05-03,0.444000,0.445000,0.442000,0.444000,21124
2018-05-04,0.444000,0.446000,0.443000,0.446000,13553
2018-05-07,0.454000,0.455000,0.452000,0.454000,38303
2018-05-08,0.455000,0.457000,0.455000,0.455000,32720
2018-05-09,0.455000,0.456000,0.454000,0.454000,14624
2018-05-10,0.461000,0.461000,0.460000,0.461000,18170
2018-05-11,0.465000,0.466000,0.463000,0.463000,22150
2018-05-14,0.463000,0.464000,0.462000,0.463000,22626
2018-05-15,0.463000,0.463000,0.460000,0.462000,54594
2018-05-16,0.458000,0.462000,0.457000,0.458000,16651
2018-05-17,0.461000,0.462000,0.461000,0.462000,21463
2018-05-18,0.461000,0.462000,0.461000,0.462000,9786
2018-05-21,0.462000,0.465000,0.462000,0.465000,30842
2018-05-22,0.465000,0.465000,0.462000,0.463000,17603
2018-05-23,0.462000,0.462000,0.459000,0.460000,15430
2018-05-24,0.467000,0.467000,0.462000,0.465000,18959
2018-05-25,0.465000,0.466000,0.464000,0.465000,17082
2018-05-28,0.465000,0.468000,0.465000,0.467000,11109
2018-05-29,0.467000,0.468000,0.465000,0.467000,15691
2018-05-30,0.464000,0.465000,0.462000,0.464000,21209
2018-05-31,0.467000,0.470000,0.467000,0.470000,16353
2018-06-01,0.469000,0.470000,0.467000,0.468000,19364
2018-06-04,0.475000,0.477000,0.475000,0.477000,31690
2018-06-05,0.479000,0.483000,0.478000,0.483000,53943
2018-06-06,0.483000,0.486000,0.483000,0.484000,27496
2018-06-07,0.487000,0.488000,0.487000,0.488000,40072
2018-06-08,0.484000,0.485000,0.481000,0.481000,31906
2018-06-11,0.481000,0.488000,0.481000,0.486000,27596
2018-06-12,0.487000,0.488000,0.484000,0.488000,24655
2018-06-13,0.490000,0.493000,0.490000,0.490000,22465
2018-06-14,0.489000,0.489000,0.486000,0.487000,31414
2018-06-15,0.490000,0.495000,0.490000,0.494000,33100
2018-06-19,0.494000,0.494000,0.487000,0.488000,48496
2018-06-20,0.488000,0.494000,0.488000,0.492000,43772
2018-06-21,0.495000,0.503000,0.495000,0.501000,69013
2018-06-22,0.493000,0.499000,0.493000,0.498000,77777
2018-06-25,0.494000,0.497000,0.492000,0.494000,59133
2018-06-26,0.484000,0.488000,0.482000,0.486000,88929
2018-06-27,0.490000,0.490000,0.482000,0.483000,82988
2018-06-28,0.478000,0.479000,0.477000,0.479000,54017
2018-06-29,0.485000,0.490000,0.484000,0.490000,57900
2018-07-02,0.490000,0.490000,0.487000,0.487000,37927
2018-07-03,0.493000,0.501000,0.493000,0.501000,80276
2018-07-04,0.494000,0.496000,0.490000,0.492000,60765
2018-07-05,0.490000,0.493000,0.489000,0.492000,28144
2018-07-06,0.498000,0.500000,0.496000,0.499000,49742
2018-07-09,0.508000,0.515000,0.505000,0.515000,83228
2018-07-10,0.518000,0.524000,0.514000,0.521000,63324
2018-07-11,0.514000,0.517000,0.508000,0.511000,146300
2018-07-12,0.512000,0.516000,0.510000,0.516000,114524
2018-07-13,0.520000,0.523000,0.518000,0.521000,117473
2018-07-16,0.520000,0.520000,0.516000,0.517000,54178
2018-07-17,0.515000,0.516000,0.511000,0.512000,120868
2018-07-18,0.519000,0.519000,0.517000,0.519000,85737
2018-07-19,0.519000,0.522000,0.518000,0.521000,59514
2018-07-20,0.520000,0.523000,0.519000,0.522000,71153
2018-07-23,0.519000,0.521000,0.519000,0.520000,57004
2018-07-24,0.524000,0.528000,0.524000,0.528000,83072
2018-07-25,0.527000,0.530000,0.525000,0.530000,97365
2018-07-26,0.533000,0.533000,0.530000,0.531000,119182
2018-07-27,0.530000,0.538000,0.529000,0.532000,148067
2018-07-30,0.523000,0.530000,0.522000,0.529000,87830
2018-07-31,0.522000,0.523000,0.514000,0.517000,188344
2018-08-01,0.521000,0.524000,0.519000,0.523000,116109
2018-08-02,0.524000,0.527000,0.523000,0.525000,115472
2018-08-03,0.531000,0.542000,0.531000,0.540000,169392
2018-08-06,0.538000,0.555000,0.537000,0.554000,294377
2018-08-07,0.553000,0.564000,0.548000,0.551000,361860
2018-08-08,0.552000,0.552000,0.538000,0.542000,300659
2018-08-09,0.540000,0.540000,0.532000,0.535000,435574
2018-08-10,0.533000,0.536000,0.531000,0.533000,247033
2018-08-13,0.530000,0.535000,0.527000,0.532000,259113
2018-08-14,0.534000,0.536000,0.533000,0.536000,146671
2018-08-15,0.540000,0.544000,0.539000,0.542000,263227
2018-08-16,0.533000,0.537000,0.532000,0.532000,212911
2018-08-17,0.535000,0.535000,0.533000,0.534000,163667
2018-08-20,0.534000,0.534000,0.529000,0.531000,201404
2018-08-21,0.530000,0.530000,0.526000,0.528000,242570
2018-08-22,0.528000,0.529000,0.526000,0.527000,163284
2018-08-23,0.529000,0.534000,0.529000,0.533000,185709
2018-08-24,0.533000,0.534000,0.532000,0.533000,124687
2018-08-27,0.536000,0.537000,0.534000,0.536000,210669
2018-08-28,0.540000,0.543000,0.539000,0.541000,216728
2018-08-29,0.541000,0.542000,0.540000,0.542000,125515
2018-08-30,0.546000,0.551000,0.546000,0.550000,254350
2018-08-31,0.548000,0.549000,0.547000,0.548000,202799
2018-09-03,0.549000,0.550000,0.548000,0.548000,133570
2018-09-04,0.549000,0.551000,0.549000,0.551000,122488
2018-09-05,0.549000,0.549000,0.545000,0.546000,168401
2018-09-06,0.538000,0.539000,0.537000,0.537000,190771
2018-09-07,0.532000,0.533000,0.532000,0.532000,186183
2018-09-10,0.532000,0.536000,0.532000,0.536000,136227
2018-09-11,0.537000,0.539000,0.537000,0.539000,191399
2018-09-12,0.546000,0.546000,0.541000,0.544000,157697
2018-09-13,0.542000,0.542000,0.538000,0.539000,142382
2018-09-14,0.542000,0.545000,0.542000,0.544000,142772
2018-09-17,0.543000,0.543000,0.542000,0.542000,96943
2018-09-18,0.533000,0.535000,0.532000,0.535000,217691
2018-09-19,0.539000,0.540000,0.537000,0.539000,218011
2018-09-20,0.538000,0.539000,0.538000,0.538000,147553
2018-09-21,0.544000,0.545000,0.543000,0.544000,215359
2018-09-25,0.540000,0.542000,0.540000,0.542000,125520
2018-09-26,0.543000,0.548000,0.541000,0.545000,281321
2018-09-27,0.543000,0.545000,0.543000,0.544000,134285
2018-09-28,0.549000,0.552000,0.549000,0.551000,231498
2018-10-08,0.532000,0.538000,0.532000,0.535000,128801
2018-10-09,0.535000,0.536000,0.533000,0.535000,100181
2018-10-10,0.536000,0.537000,0.535000,0.537000,99360
2018-10-11,0.510000,0.510000,0.501000,0.502000,527984
2018-10-12,0.502000,0.513000,0.501000,0.513000,271644
2018-10-15,0.515000,0.517000,0.511000,0.511000,202479
2018-10-16,0.512000,0.513000,0.512000,0.512000,80553
2018-10-17,0.527000,0.530000,0.526000,0.529000,129978
2018-10-18,0.526000,0.527000,0.523000,0.524000,118551
2018-10-19,0.516000,0.520000,0.510000,0.520000,195001
2018-10-22,0.515000,0.518000,0.513000,0.517000,231859
2018-10-23,0.515000,0.516000,0.508000,0.509000,279121
2018-10-24,0.512000,0.516000,0.511000,0.512000,244475
2018-10-25,0.492000,0.496000,0.491000,0.495000,247102
2018-10-26,0.499000,0.499000,0.495000,0.498000,270331
2018-10-29,0.498000,0.500000,0.497000,0.497000,133930
2018-10-30,0.490000,0.492000,0.488000,0.490000,282827
2018-10-31,0.494000,0.497000,0.494000,0.497000,170763
2018-11-01,0.506000,0.507000,0.503000,0.503000,150497
2018-11-02,0.506000,0.512000,0.505000,0.509000,226325
2018-11-05,0.502000,0.502000,0.499000,0.501000,108212
2018-11-06,0.501000,0.502000,0.499000,0.500000,218351
2018-11-07,0.505000,0.508000,0.505000,0.506000,172760
2018-11-08,0.519000,0.521000,0.517000,0.518000,126242
2018-11-09,0.516000,0.517000,0.515000,0.515000,103890
2018-11-12,0.510000,0.514000,0.509000,0.514000,91423
2018-11-13,0.496000,0.499000,0.495000,0.498000,203381
2018-11-14,0.497000,0.498000,0.496000,0.497000,102435
2018-11-15,0.492000,0.494000,0.491000,0.493000,259260
2018-11-16,0.498000,0.498000,0.494000,0.495000,566380
2018-11-19,0.494000,0.497000,0.494000,0.497000,205129
2018-11-20,0.481000,0.482000,0.479000,0.479000,277021
2018-11-21,0.472000,0.476000,0.472000,0.476000,213411
2018-11-22,0.476000,0.477000,0.474000,0.475000,86598
2018-11-23,0.474000,0.474000,0.472000,0.472000,124725
2018-11-26,0.473000,0.476000,0.472000,0.476000,279776
2018-11-27,0.481000,0.482000,0.480000,0.482000,89415
2018-11-28,0.484000,0.488000,0.484000,0.487000,246651
2018-11-29,0.500000,0.500000,0.497000,0.497000,277367
2018-11-30,0.496000,0.499000,0.495000,0.499000,205308
2018-12-03,0.511000,0.512000,0.508000,0.512000,242587
2018-12-04,0.509000,0.509000,0.501000,0.503000,176608
2018-12-05,0.484000,0.489000,0.484000,0.489000,111730
2018-12-06,0.484000,0.484000,0.480000,0.481000,335376
2018-12-07,0.490000,0.490000,0.488000,0.488000,92137
2018-12-10,0.474000,0.476000,0.473000,0.474000,198290
2018-12-11,0.478000,0.486000,0.478000,0.480000,931535
2018-12-12,0.484000,0.488000,0.482000,0.486000,958702
2018-12-13,0.488000,0.491000,0.487000,0.489000,678564
2018-12-14,0.485000,0.485000,0.482000,0.482000,223182
2018-12-17,0.477000,0.478000,0.474000,0.477000,263597
2018-12-18,0.468000,0.469000,0.466000,0.467000,147774
2018-12-19,0.469000,0.469000,0.467000,0.467000,153528
2018-12-20,0.460000,0.460000,0.453000,0.454000,227564
2018-12-21,0.452000,0.454000,0.450000,0.453000,265368
2018-12-24,0.440000,0.442000,0.437000,0.439000,467444
2018-12-25,0.426000,0.427000,0.424000,0.425000,235885
2018-12-26,0.425000,0.425000,0.423000,0.424000,333783
2018-12-27,0.447000,0.451000,0.446000,0.447000,715950
2018-12-28,0.451000,0.452000,0.449000,0.449000,131354
2019-01-02,0.454000,0.455000,0.446000,0.447000,162454
2019-01-03,0.446000,0.448000,0.444000,0.445000,288026
2019-01-04,0.437000,0.445000,0.436000,0.445000,399624
2019-01-07,0.461000,0.462000,0.458000,0.459000,652743
2019-01-08,0.463000,0.467000,0.462000,0.466000,667792
2019-01-09,0.469000,0.472000,0.468000,0.468000,289969
2019-01-10,0.468000,0.468000,0.464000,0.464000,507887
2019-01-11,0.468000,0.468000,0.465000,0.466000,62765
2019-01-14,0.464000,0.464000,0.460000,0.460000,543083
2019-01-15,0.461000,0.464000,0.460000,0.464000,384723
2019-01-16,0.470000,0.472000,0.469000,0.470000,312786
2019-01-17,0.469000,0.469000,0.467000,0.467000,481687
2019-01-18,0.474000,0.476000,0.474000,0.476000,86257
2019-01-21,0.477000,0.479000,0.477000,0.478000,483502
2019-01-22,0.478000,0.478000,0.475000,0.476000,333166
2019-01-23,0.473000,0.473000,0.470000,0.471000,411085
2019-01-24,0.471000,0.472000,0.470000,0.471000,155347
2019-01-25,0.472000,0.475000,0.472000,0.474000,531038
2019-01-28,0.479000,0.479000,0.473000,0.474000,184820
2019-01-29,0.470000,0.470000,0.468000,0.469000,77380
2019-01-30,0.468000,0.468000,0.467000,0.468000,119851
2019-01-31,0.477000,0.479000,0.477000,0.479000,155598
2019-02-01,0.481000,0.485000,0.480000,0.485000,423987
2019-02-11,0.484000,0.488000,0.484000,0.488000,87653
2019-02-12,0.489000,0.492000,0.489000,0.492000,260651
2019-02-13,0.496000,0.498000,0.496000,0.498000,111593
2019-02-14,0.496000,0.496000,0.494000,0.496000,182147
2019-02-15,0.494000,0.495000,0.492000,0.492000,101188
2019-02-18,0.496000,0.498000,0.496000,0.498000,275082
2019-02-19,0.498000,0.500000,0.498000,0.499000,263220
2019-02-20,0.498000,0.498000,0.494000,0.495000,512567
2019-02-21,0.493000,0.496000,0.493000,0.495000,99655
2019-02-22,0.469000,0.494000,0.469000,0.493000,775145
2019-02-25,0.495000,0.497000,0.494000,0.495000,749473
2019-02-26,0.494000,0.494000,0.492000,0.492000,789899
2019-02-27,0.494000,0.495000,0.493000,0.493000,1131071
2019-02-28,0.493000,0.494000,0.492000,0.492000,607292
2019-03-01,0.494000,0.498000,0.494000,0.497000,501562
2019-03-04,0.501000,0.501000,0.499000,0.500000,425090
2019-03-05,0.498000,0.498000,0.497000,0.497000,251600
2019-03-06,0.497000,0.500000,0.497000,0.498000,734656
2019-03-07,0.495000,0.496000,0.494000,0.494000,657684
2019-03-08,0.491000,0.491000,0.488000,0.488000,834736
2019-03-11,0.489000,0.492000,0.489000,0.492000,382317
2019-03-12,0.501000,0.503000,0.500000,0.502000,835085
2019-03-13,0.502000,0.503000,0.501000,0.502000,684806
2019-03-14,0.505000,0.508000,0.505000,0.507000,281116
2019-03-15,0.507000,0.509000,0.507000,0.508000,213661
2019-03-18,0.509000,0.514000,0.509000,0.512000,254640
2019-03-19,0.513000,0.514000,0.513000,0.513000,207644
2019-03-20,0.513000,0.514000,0.512000,0.513000,251269
2019-03-21,0.514000,0.515000,0.513000,0.513000,694049
2019-03-22,0.522000,0.523000,0.521000,0.523000,1045276
2019-03-25,0.509000,0.510000,0.508000,0.508000,251128
2019-03-26,0.512000,0.513000,0.510000,0.512000,202137
2019-03-27,0.513000,0.515000,0.512000,0.515000,292013
2019-03-28,0.510000,0.511000,0.509000,0.510000,466762
2019-03-29,0.512000,0.514000,0.512000,0.514000,488533
2019-04-01,0.517000,0.521000,0.517000,0.521000,694366
2019-04-02,0.527000,0.527000,0.522000,0.523000,1503245
2019-04-03,0.524000,0.528000,0.524000,0.527000,396081
2019-04-04,0.528000,0.530000,0.527000,0.527000,782233
2019-04-08,0.530000,0.530000,0.529000,0.529000,448073
2019-04-09,0.531000,0.531000,0.529000,0.530000,643930
2019-04-10,0.528000,0.529000,0.527000,0.529000,773949
2019-04-11,0.532000,0.533000,0.531000,0.532000,347313
2019-04-12,0.532000,0.532000,0.531000,0.531000,486733
2019-04-15,0.532000,0.534000,0.532000,0.532000,347018
2019-04-16,0.533000,0.536000,0.533000,0.535000,750234
2019-04-17,0.536000,0.537000,0.535000,0.536000,321343
2019-04-18,0.536000,0.537000,0.534000,0.534000,588603
2019-04-19,0.535000,0.538000,0.534000,0.535000,873147
2019-04-22,0.536000,0.538000,0.535000,0.536000,1255643
2019-04-23,0.538000,0.541000,0.537000,0.540000,395393
2019-04-24,0.547000,0.549000,0.545000,0.548000,450210
2019-04-25,0.549000,0.553000,0.548000,0.552000,327925
2019-04-26,0.552000,0.562000,0.549000,0.556000,579271
2019-04-29,0.558000,0.564000,0.555000,0.563000,247419
2019-04-30,0.563000,0.566000,0.554000,0.561000,203983
2019-05-06,0.556000,0.557000,0.544000,0.545000,238604
2019-05-07,0.551000,0.553000,0.549000,0.551000,387360
2019-05-08,0.541000,0.543000,0.540000,0.541000,690625
2019-05-09,0.540000,0.540000,0.537000,0.537000,626679
2019-05-10,0.538000,0.542000,0.535000,0.538000,1149959
2019-05-13,0.535000,0.537000,0.534000,0.536000,730403
2019-05-14,0.522000,0.530000,0.522000,0.525000,535472
2019-05-15,0.529000,0.532000,0.529000,0.532000,1190890
2019-05-16,0.538000,0.538000,0.535000,0.536000,406481
2019-05-17,0.541000,0.544000,0.541000,0.542000,225249
2019-05-20,0.539000,0.541000,0.539000,0.539000,368250
2019-05-21,0.534000,0.534000,0.532000,0.534000,419438
2019-05-22,0.537000,0.537000,0.533000,0.533000,240363
2019-05-23,0.531000,0.531000,0.528000,0.528000,261218
2019-05-24,0.525000,0.526000,0.525000,0.526000,231561
2019-05-27,0.523000,0.524000,0.522000,0.524000,112441
2019-05-28,0.524000,0.526000,0.524000,0.525000,188484
2019-05-29,0.521000,0.521000,0.519000,0.520000,297535
2019-05-30,0.518000,0.520000,0.517000,0.519000,94764
2019-05-31,0.516000,0.517000,0.514000,0.515000,273776
2019-06-03,0.509000,0.509000,0.506000,0.508000,133350
2019-06-04,0.501000,0.502000,0.500000,0.501000,256938
2019-06-05,0.513000,0.516000,0.513000,0.515000,325932
2019-06-06,0.517000,0.518000,0.516000,0.517000,614319
2019-06-10,0.533000,0.534000,0.532000,0.534000,269406
2019-06-11,0.538000,0.539000,0.538000,0.539000,100392
2019-06-12,0.538000,0.538000,0.535000,0.535000,270343
2019-06-13,0.535000,0.536000,0.531000,0.533000,573458
2019-06-14,0.536000,0.537000,0.535000,0.536000,156461
2019-06-17,0.536000,0.538000,0.536000,0.537000,179321
2019-06-18,0.540000,0.540000,0.539000,0.540000,250979
2019-06-19,0.548000,0.548000,0.545000,0.546000,1068222
2019-06-20,0.549000,0.552000,0.549000,0.551000,664004
2019-06-21,0.552000,0.552000,0.548000,0.550000,248877
2019-06-24,0.548000,0.551000,0.548000,0.551000,512002
2019-06-25,0.550000,0.550000,0.546000,0.547000,584536
2019-06-26,0.539000,0.541000,0.539000,0.540000,267502
2019-06-27,0.543000,0.546000,0.543000,0.545000,293755
2019-06-28,0.545000,0.546000,0.543000,0.544000,368944
2019-07-01,0.551000,0.555000,0.550000,0.555000,305320
2019-07-02,0.554000,0.554000,0.552000,0.552000,239676
2019-07-03,0.556000,0.557000,0.555000,0.555000,459323
2019-07-04,0.560000,0.560000,0.558000,0.558000,241256
2019-07-05,0.559000,0.561000,0.559000,0.561000,561487
2019-07-08,0.558000,0.558000,0.555000,0.555000,1081237
2019-07-09,0.555000,0.555000,0.550000,0.551000,391389
2019-07-10,0.557000,0.558000,0.556000,0.557000,442149
2019-07-11,0.563000,0.564000,0.563000,0.564000,460535
2019-07-12,0.564000,0.564000,0.563000,0.563000,323356
2019-07-15,0.566000,0.568000,0.565000,0.568000,148417
2019-07-16,0.569000,0.571000,0.568000,0.570000,291424
2019-07-17,0.566000,0.572000,0.565000,0.567000,677128
2019-07-18,0.563000,0.564000,0.560000,0.560000,585114
2019-07-19,0.565000,0.568000,0.565000,0.567000,305701
2019-07-22,0.560000,0.563000,0.559000,0.561000,225030
2019-07-23,0.565000,0.567000,0.565000,0.567000,581582
2019-07-24,0.569000,0.570000,0.569000,0.569000,226931
2019-07-25,0.574000,0.575000,0.573000,0.574000,153483
2019-07-26,0.569000,0.572000,0.569000,0.571000,192050
2019-07-29,0.575000,0.575000,0.572000,0.573000,190435
2019-07-30,0.572000,0.574000,0.571000,0.572000,255439
2019-07-31,0.571000,0.571000,0.570000,0.571000,243291
2019-08-01,0.563000,0.565000,0.563000,0.563000,196764
2019-08-02,0.559000,0.564000,0.559000,0.564000,279052
2019-08-05,0.559000,0.561000,0.557000,0.558000,172922
2019-08-06,0.540000,0.547000,0.538000,0.547000,289588
2019-08-07,0.548000,0.551000,0.547000,0.551000,125010
2019-08-08,0.555000,0.557000,0.553000,0.557000,113839
2019-08-09,0.563000,0.566000,0.563000,0.564000,197212
2019-08-12,0.563000,0.565000,0.562000,0.565000,93418
2019-08-13,0.558000,0.558000,0.554000,0.555000,187839
2019-08-14,0.565000,0.566000,0.564000,0.565000,396126
2019-08-15,0.551000,0.554000,0.548000,0.553000,297263
2019-08-16,0.551000,0.553000,0.550000,0.552000,274346
2019-08-19,0.558000,0.562000,0.557000,0.562000,209895
2019-08-20,0.564000,0.567000,0.563000,0.565000,452793
2019-08-21,0.563000,0.563000,0.562000,0.562000,71651
2019-08-22,0.567000,0.567000,0.565000,0.566000,110553
2019-08-23,0.565000,0.568000,0.565000,0.568000,121940
2019-08-26,0.553000,0.580000,0.548000,0.555000,253536
2019-08-27,0.559000,0.562000,0.559000,0.561000,153844
2019-08-28,0.560000,0.561000,0.560000,0.561000,392105
2019-08-29,0.561000,0.561000,0.559000,0.560000,438795
2019-08-30,0.567000,0.569000,0.567000,0.568000,592211
2019-09-02,0.567000,0.567000,0.565000,0.567000,244578
2019-09-03,0.567000,0.568000,0.565000,0.566000,194607
2019-09-04,0.564000,0.570000,0.563000,0.569000,329706
2019-09-05,0.571000,0.574000,0.571000,0.573000,330202
2019-09-06,0.581000,0.581000,0.578000,0.579000,341095
2019-09-09,0.579000,0.581000,0.578000,0.581000,227615
2019-09-10,0.578000,0.579000,0.575000,0.575000,274650
2019-09-11,0.575000,0.575000,0.573000,0.575000,89822
2019-09-12,0.581000,0.582000,0.580000,0.581000,176280
2019-09-16,0.575000,0.575000,0.571000,0.574000,109556
2019-09-17,0.575000,0.576000,0.574000,0.575000,134437
2019-09-18,0.578000,0.579000,0.577000,0.578000,393898
2019-09-19,0.579000,0.579000,0.577000,0.578000,375957
2019-09-20,0.580000,0.580000,0.578000,0.579000,207142
2019-09-23,0.578000,0.578000,0.575000,0.577000,183469
2019-09-24,0.577000,0.578000,0.576000,0.576000,92539
2019-09-25,0.569000,0.569000,0.567000,0.568000,135261
2019-09-26,0.572000,0.573000,0.570000,0.572000,125929
2019-09-27,0.569000,0.571000,0.569000,0.571000,57507
2019-09-30,0.569000,0.569000,0.567000,0.567000,88858
2019-10-08,0.568000,0.570000,0.568000,0.569000,273498
2019-10-09,0.561000,0.564000,0.561000,0.561000,303091
2019-10-10,0.563000,0.564000,0.562000,0.564000,423962
2019-10-11,0.567000,0.570000,0.567000,0.570000,154777
2019-10-14,0.575000,0.575000,0.573000,0.574000,112460
2019-10-15,0.574000,0.576000,0.574000,0.576000,180255
2019-10-16,0.581000,0.581000,0.580000,0.581000,92163
2019-10-17,0.580000,0.581000,0.580000,0.581000,139863
2019-10-18,0.581000,0.581000,0.579000,0.580000,69208
2019-10-21,0.576000,0.579000,0.576000,0.576000,41009
2019-10-22,0.581000,0.582000,0.581000,0.581000,140082
2019-10-23,0.576000,0.576000,0.574000,0.574000,197109
2019-10-24,0.577000,0.578000,0.577000,0.578000,99084
2019-10-25,0.580000,0.581000,0.579000,0.579000,143593
2019-10-28,0.585000,0.586000,0.585000,0.586000,119540
2019-10-29,0.591000,0.592000,0.590000,0.591000,57294
2019-10-30,0.588000,0.588000,0.587000,0.587000,361770
2019-10-31,0.591000,0.591000,0.588000,0.590000,71506
2019-11-01,0.589000,0.591000,0.589000,0.591000,82380
2019-11-04,0.595000,0.597000,0.595000,0.595000,56018
2019-11-05,0.597000,0.599000,0.597000,0.598000,86223
2019-11-06,0.597000,0.598000,0.594000,0.595000,115816
2019-11-07,0.596000,0.596000,0.594000,0.594000,73083
2019-11-08,0.594000,0.594000,0.592000,0.592000,104860
2019-11-11,0.595000,0.596000,0.594000,0.596000,217404
2019-11-12,0.595000,0.599000,0.595000,0.599000,215429
2019-11-13,0.599000,0.600000,0.598000,0.599000,78491
2019-11-14,0.599000,0.601000,0.599000,0.600000,71907
2019-11-15,0.600000,0.603000,0.600000,0.603000,143895
2019-11-18,0.606000,0.606000,0.604000,0.606000,267515
2019-11-19,0.606000,0.609000,0.606000,0.609000,80799
2019-11-20,0.608000,0.609000,0.606000,0.606000,130020
2019-11-21,0.604000,0.604000,0.602000,0.603000,45182
2019-11-22,0.603000,0.605000,0.603000,0.605000,86330
2019-11-25,0.606000,0.609000,0.606000,0.608000,61754
2019-11-26,0.614000,0.619000,0.614000,0.618000,98925
2019-11-27,0.618000,0.622000,0.616000,0.616000,83163
2019-11-28,0.620000,0.620000,0.618000,0.620000,185121
2019-11-29,0.619000,0.620000,0.619000,0.619000,68894
2019-12-02,0.619000,0.625000,0.618000,0.624000,93160
2019-12-03,0.614000,0.620000,0.612000,0.617000,74305
2019-12-04,0.613000,0.613000,0.607000,0.609000,133860
2019-12-05,0.612000,0.616000,0.610000,0.612000,216094
2019-12-06,0.613000,0.613000,0.611000,0.612000,119967
2019-12-09,0.615000,0.617000,0.614000,0.617000,149767
2019-12-10,0.614000,0.614000,0.613000,0.614000,68739
2019-12-11,0.613000,0.613000,0.612000,0.613000,85941
2019-12-12,0.614000,0.617000,0.614000,0.617000,133678
2019-12-13,0.622000,0.622000,0.620000,0.622000,99166
2019-12-16,0.620000,0.626000,0.620000,0.626000,155715
2019-12-17,0.628000,0.634000,0.626000,0.632000,174742
2019-12-18,0.632000,0.632000,0.626000,0.626000,91486
2019-12-19,0.627000,0.628000,0.624000,0.624000,94966
2019-12-20,0.628000,0.631000,0.628000,0.631000,146492
2019-12-23,0.634000,0.635000,0.632000,0.634000,198828
2019-12-24,0.634000,0.638000,0.634000,0.637000,155020
2019-12-25,0.638000,0.638000,0.631000,0.634000,153169
2019-12-26,0.635000,0.639000,0.634000,0.638000,388613
2019-12-27,0.642000,0.647000,0.638000,0.643000,202189
2019-12-30,0.642000,0.644000,0.639000,0.642000,134495
2019-12-31,0.637000,0.639000,0.635000,0.639000,161564
2020-01-02,0.640000,0.649000,0.640000,0.648000,160678
2020-01-03,0.654000,0.654000,0.647000,0.651000,232830
2020-01-06,0.646000,0.646000,0.639000,0.642000,188451
2020-01-07,0.646000,0.656000,0.646000,0.651000,187465
2020-01-08,0.645000,0.649000,0.639000,0.644000,204366
2020-01-09,0.651000,0.658000,0.651000,0.658000,222010
2020-01-10,0.666000,0.674000,0.662000,0.673000,168845
2020-01-13,0.670000,0.674000,0.665000,0.672000,358640
2020-01-14,0.680000,0.683000,0.674000,0.680000,287784
2020-01-15,0.679000,0.682000,0.676000,0.682000,98738
2020-01-16,0.683000,0.690000,0.683000,0.688000,191947
2020-01-17,0.699000,0.701000,0.695000,0.697000,174746
2020-01-20,0.696000,0.696000,0.684000,0.685000,292527
2020-01-21,0.685000,0.687000,0.671000,0.679000,253272
2020-01-22,0.678000,0.688000,0.678000,0.687000,206149
2020-01-23,0.682000,0.696000,0.680000,0.696000,176190
2020-02-03,0.660000,0.674000,0.660000,0.661000,313604
2020-02-04,0.671000,0.686000,0.665000,0.684000,318943
2020-02-05,0.700000,0.715000,0.699000,0.714000,329216
2020-02-06,0.715000,0.741000,0.715000,0.736000,289807
2020-02-07,0.744000,0.759000,0.735000,0.742000,414313
2020-02-10,0.734000,0.748000,0.727000,0.746000,272719
2020-02-11,0.765000,0.776000,0.761000,0.774000,267133
2020-02-12,0.776000,0.798000,0.766000,0.794000,478231
2020-02-13,0.812000,0.848000,0.809000,0.839000,537741
2020-02-14,0.827000,0.832000,0.800000,0.802000,674229
2020-02-17,0.802000,0.802000,0.764000,0.795000,849553
2020-02-18,0.793000,0.793000,0.765000,0.767000,702317
2020-02-19,0.758000,0.781000,0.757000,0.760000,651040
2020-02-20,0.772000,0.778000,0.761000,0.764000,422583
2020-02-21,0.749000,0.759000,0.744000,0.744000,609269
2020-02-24,0.725000,0.725000,0.709000,0.712000,529951
2020-02-25,0.697000,0.738000,0.688000,0.737000,851487
2020-02-26,0.707000,0.730000,0.707000,0.724000,534376
2020-02-27,0.728000,0.731000,0.710000,0.714000,535805
2020-02-28,0.686000,0.694000,0.677000,0.678000,586615
2020-03-02,0.685000,0.710000,0.684000,0.708000,625286
2020-03-03,0.734000,0.744000,0.708000,0.713000,811496
2020-03-04,0.700000,0.715000,0.690000,0.713000,398707
2020-03-05,0.730000,0.733000,0.711000,0.714000,577007
2020-03-06,0.702000,0.708000,0.694000,0.699000,312562
2020-03-09,0.680000,0.680000,0.651000,0.652000,468302
2020-03-10,0.656000,0.686000,0.647000,0.683000,773687
2020-03-11,0.678000,0.680000,0.657000,0.659000,596499
2020-03-12,0.648000,0.648000,0.633000,0.635000,472834
2020-03-13,0.600000,0.664000,0.588000,0.643000,1178209
2020-03-16,0.628000,0.643000,0.601000,0.603000,604887
2020-03-17,0.620000,0.636000,0.600000,0.616000,990914
2020-03-18,0.620000,0.630000,0.598000,0.600000,811180
2020-03-19,0.610000,0.613000,0.596000,0.612000,487332
2020-03-20,0.619000,0.634000,0.615000,0.632000,733379
2020-03-23,0.602000,0.627000,0.600000,0.604000,538254
2020-03-24,0.621000,0.637000,0.619000,0.636000,935620
2020-03-25,0.664000,0.666000,0.651000,0.660000,781619
2020-03-26,0.653000,0.653000,0.643000,0.644000,491396
2020-03-27,0.655000,0.658000,0.630000,0.632000,635376
2020-03-30,0.613000,0.627000,0.611000,0.619000,497054
2020-03-31,0.630000,0.632000,0.619000,0.620000,389779
2020-04-01,0.614000,0.621000,0.612000,0.613000,291703
2020-04-02,0.610000,0.625000,0.610000,0.625000,319046
2020-04-03,0.623000,0.623000,0.613000,0.615000,318128
2020-04-07,0.638000,0.641000,0.631000,0.635000,416735
2020-04-08,0.632000,0.637000,0.630000,0.631000,243910
2020-04-09,0.638000,0.639000,0.633000,0.634000,270900
2020-04-10,0.634000,0.635000,0.624000,0.625000,270959
2020-04-13,0.623000,0.623000,0.616000,0.619000,138939
2020-04-14,0.622000,0.634000,0.622000,0.633000,247932
2020-04-15,0.640000,0.651000,0.640000,0.647000,363618
2020-04-16,0.644000,0.655000,0.640000,0.652000,221488
2020-04-17,0.668000,0.679000,0.667000,0.675000,444942
2020-04-20,0.676000,0.679000,0.670000,0.675000,265694
2020-04-21,0.673000,0.675000,0.660000,0.670000,348314
2020-04-22,0.658000,0.687000,0.656000,0.685000,468472
2020-04-23,0.687000,0.701000,0.687000,0.693000,425400
2020-04-24,0.692000,0.698000,0.686000,0.689000,289775
2020-04-27,0.698000,0.715000,0.698000,0.713000,398064
2020-04-28,0.716000,0.734000,0.716000,0.731000,430238
2020-04-29,0.730000,0.755000,0.730000,0.744000,544889
2020-04-30,0.767000,0.776000,0.730000,0.747000,723779
2020-05-06,0.745000,0.758000,0.742000,0.750000,425287
2020-05-07,0.754000,0.755000,0.746000,0.753000,384741
2020-05-08,0.765000,0.767000,0.757000,0.758000,380244
2020-05-11,0.764000,0.765000,0.743000,0.745000,331037
2020-05-12,0.744000,0.752000,0.726000,0.731000,456616
2020-05-13,0.724000,0.731000,0.716000,0.729000,370180
2020-05-14,0.722000,0.723000,0.717000,0.717000,251404
2020-05-15,0.724000,0.729000,0.721000,0.722000,285501
2020-05-18,0.728000,0.731000,0.726000,0.730000,200228
2020-05-19,0.740000,0.750000,0.740000,0.750000,299545
2020-05-20,0.747000,0.747000,0.743000,0.744000,136689
2020-05-21,0.754000,0.757000,0.740000,0.744000,184691
2020-05-22,0.743000,0.743000,0.719000,0.719000,294609
2020-05-25,0.725000,0.744000,0.723000,0.743000,225907
2020-05-26,0.755000,0.764000,0.749000,0.759000,319053
2020-05-27,0.751000,0.768000,0.750000,0.754000,333233
2020-05-28,0.758000,0.768000,0.751000,0.751000,391525
2020-05-29,0.749000,0.755000,0.745000,0.746000,261543
2020-06-01,0.754000,0.756000,0.747000,0.749000,291048
2020-06-02,0.751000,0.751000,0.746000,0.748000,191401
2020-06-03,0.750000,0.755000,0.749000,0.754000,259109
2020-06-04,0.759000,0.762000,0.756000,0.759000,217285
2020-06-05,0.759000,0.759000,0.756000,0.758000,137524
2020-06-08,0.764000,0.770000,0.758000,0.759000,183330
2020-06-09,0.764000,0.766000,0.758000,0.760000,200797
2020-06-10,0.765000,0.766000,0.754000,0.758000,168005
2020-06-11,0.760000,0.768000,0.755000,0.757000,295402
2020-06-12,0.730000,0.751000,0.729000,0.745000,344962
2020-06-15,0.742000,0.747000,0.733000,0.733000,209981
2020-06-16,0.748000,0.761000,0.748000,0.761000,273072
2020-06-17,0.762000,0.768000,0.761000,0.764000,219252
2020-06-18,0.762000,0.762000,0.757000,0.759000,135249
2020-06-19,0.759000,0.764000,0.759000,0.760000,160137
2020-06-22,0.759000,0.759000,0.756000,0.757000,108064
2020-06-23,0.757000,0.767000,0.757000,0.764000,216838
2020-06-24,0.766000,0.771000,0.765000,0.766000,121002
2020-06-29,0.751000,0.755000,0.748000,0.752000,180909
2020-06-30,0.759000,0.760000,0.753000,0.754000,145704
2020-07-01,0.762000,0.763000,0.755000,0.757000,136999
2020-07-02,0.760000,0.761000,0.757000,0.761000,182207
2020-07-03,0.758000,0.764000,0.758000,0.760000,223853
2020-07-06,0.760000,0.770000,0.760000,0.766000,230086
2020-07-07,0.773000,0.773000,0.765000,0.768000,250526
2020-07-08,0.765000,0.765000,0.762000,0.764000,263445
2020-07-09,0.767000,0.770000,0.767000,0.768000,280025
2020-07-10,0.769000,0.773000,0.768000,0.769000,248009
2020-07-13,0.781000,0.790000,0.778000,0.785000,228157
2020-07-14,0.765000,0.775000,0.765000,0.774000,254598
2020-07-15,0.777000,0.780000,0.776000,0.776000,112634
2020-07-16,0.778000,0.778000,0.764000,0.764000,204059
2020-07-17,0.765000,0.775000,0.763000,0.774000,199589
2020-07-20,0.774000,0.774000,0.768000,0.770000,199565
2020-07-21,0.788000,0.801000,0.787000,0.797000,302686
2020-07-22,0.791000,0.793000,0.779000,0.789000,209540
2020-07-23,0.790000,0.793000,0.789000,0.791000,114201
2020-07-24,0.773000,0.777000,0.767000,0.767000,182613
2020-07-27,0.766000,0.773000,0.766000,0.770000,105730
2020-07-28,0.777000,0.781000,0.773000,0.775000,169441
2020-07-29,0.770000,0.774000,0.767000,0.773000,116256
2020-07-30,0.775000,0.777000,0.772000,0.772000,92154
2020-07-31,0.782000,0.789000,0.781000,0.784000,293206
2020-08-03,0.788000,0.789000,0.780000,0.784000,313264
2020-08-04,0.792000,0.795000,0.790000,0.795000,231648
2020-08-05,0.795000,0.795000,0.792000,0.793000,107498
2020-08-06,0.795000,0.796000,0.790000,0.792000,142494
2020-08-07,0.800000,0.803000,0.797000,0.801000,174791
2020-08-10,0.796000,0.801000,0.792000,0.799000,161441
2020-08-11,0.800000,0.801000,0.797000,0.798000,67929
2020-08-12,0.791000,0.797000,0.785000,0.796000,135277
2020-08-13,0.820000,0.820000,0.799000,0.813000,219728
2020-08-14,0.812000,0.814000,0.809000,0.812000,131565
2020-08-17,0.812000,0.813000,0.809000,0.813000,81798
2020-08-18,0.815000,0.818000,0.811000,0.812000,83467
2020-08-19,0.815000,0.823000,0.813000,0.822000,143008
2020-08-20,0.820000,0.826000,0.814000,0.821000,151677
2020-08-21,0.829000,0.846000,0.828000,0.842000,163207
2020-08-24,0.852000,0.886000,0.849000,0.878000,236166
2020-08-25,0.886000,0.920000,0.886000,0.918000,303009
2020-08-26,0.940000,0.940000,0.880000,0.901000,376721
2020-08-27,0.918000,0.940000,0.918000,0.940000,277568
2020-08-28,0.938000,0.978000,0.922000,0.959000,465629
2020-08-31,0.971000,1.015000,0.971000,1.012000,334551
2020-09-01,1.012000,1.063000,0.986000,0.998000,820309
2020-09-02,1.030000,1.040000,1.004000,1.039000,623386
2020-09-03,1.057000,1.080000,1.048000,1.061000,701100
2020-09-04,1.000000,1.006000,0.956000,0.969000,756827
2020-09-07,0.956000,0.960000,0.884000,0.897000,806881
2020-09-08,0.899000,0.947000,0.899000,0.945000,866868
2020-09-09,0.879000,0.921000,0.870000,0.896000,903855
2020-09-10,0.922000,0.936000,0.912000,0.922000,566005
2020-09-11,0.900000,0.909000,0.882000,0.906000,630366
2020-09-14,0.907000,0.932000,0.894000,0.931000,588296
2020-09-15,0.941000,0.970000,0.936000,0.962000,711228
2020-09-16,0.978000,0.998000,0.944000,0.960000,817603
2020-09-17,0.940000,0.958000,0.920000,0.921000,754734
2020-09-18,0.910000,0.953000,0.906000,0.952000,812487
2020-09-21,0.948000,0.959000,0.928000,0.933000,778612
2020-09-22,0.933000,0.942000,0.916000,0.919000,475799
2020-09-23,0.942000,0.944000,0.924000,0.931000,615037
2020-09-24,0.900000,0.910000,0.890000,0.896000,601640
2020-09-25,0.908000,0.912000,0.887000,0.889000,430013
2020-09-28,0.907000,0.908000,0.892000,0.904000,579981
2020-09-29,0.916000,0.922000,0.908000,0.909000,484273
2020-09-30,0.911000,0.913000,0.900000,0.911000,282728
2020-10-09,0.938000,0.938000,0.922000,0.929000,331362
2020-10-12,0.937000,0.938000,0.932000,0.935000,252705
2020-10-13,0.944000,0.952000,0.943000,0.944000,402810
2020-10-14,0.946000,0.946000,0.938000,0.941000,159391
2020-10-15,0.932000,0.934000,0.916000,0.917000,189687
2020-10-16,0.920000,0.923000,0.914000,0.916000,129601
2020-10-19,0.921000,0.928000,0.918000,0.927000,112824
2020-10-20,0.914000,0.923000,0.907000,0.921000,126416
2020-10-21,0.922000,0.924000,0.918000,0.921000,123615
2020-10-22,0.909000,0.914000,0.908000,0.911000,125018
2020-10-23,0.912000,0.914000,0.889000,0.902000,130246
2020-10-26,0.902000,0.902000,0.885000,0.886000,159949
2020-10-27,0.874000,0.884000,0.868000,0.880000,240527
2020-10-28,0.878000,0.880000,0.872000,0.873000,118862
2020-10-29,0.850000,0.865000,0.846000,0.862000,213669
2020-10-30,0.862000,0.862000,0.846000,0.850000,140389
2020-11-02,0.850000,0.854000,0.847000,0.851000,123657
2020-11-03,0.851000,0.888000,0.851000,0.884000,271514
2020-11-04,0.889000,0.964000,0.889000,0.927000,758307
2020-11-05,0.964000,0.972000,0.928000,0.930000,731571
2020-11-06,0.940000,0.944000,0.893000,0.897000,653523
2020-11-09,0.916000,0.930000,0.905000,0.920000,388242
2020-11-10,0.900000,0.900000,0.892000,0.894000,197949
2020-11-11,0.890000,0.890000,0.880000,0.881000,132471
2020-11-12,0.894000,0.895000,0.883000,0.884000,111347
2020-11-13,0.878000,0.878000,0.871000,0.877000,103616
2020-11-16,0.883000,0.886000,0.879000,0.880000,127823
2020-11-17,0.880000,0.880000,0.864000,0.865000,208891
2020-11-18,0.865000,0.865000,0.856000,0.857000,98609
2020-11-19,0.854000,0.857000,0.849000,0.855000,117249
2020-11-20,0.857000,0.862000,0.856000,0.861000,109527
2020-11-23,0.860000,0.860000,0.849000,0.854000,110056
2020-11-24,0.857000,0.857000,0.854000,0.856000,89597
2020-11-25,0.867000,0.867000,0.861000,0.862000,131622
2020-11-26,0.864000,0.873000,0.863000,0.865000,158067
2020-11-27,0.864000,0.864000,0.858000,0.862000,105001
2020-11-30,0.863000,0.872000,0.860000,0.863000,125911
2020-12-01,0.868000,0.874000,0.866000,0.873000,124530
2020-12-02,0.888000,0.888000,0.870000,0.879000,126021
2020-12-03,0.879000,0.879000,0.872000,0.874000,174034
2020-12-04,0.874000,0.874000,0.868000,0.870000,117259
2020-12-07,0.870000,0.872000,0.859000,0.860000,129523
2020-12-08,0.861000,0.862000,0.857000,0.859000,109876
2020-12-09,0.859000,0.861000,0.858000,0.858000,131076
2020-12-10,0.847000,0.847000,0.836000,0.844000,176405
2020-12-11,0.850000,0.850000,0.837000,0.841000,123649
2020-12-14,0.841000,0.846000,0.839000,0.841000,77443
2020-12-15,0.841000,0.843000,0.840000,0.842000,125740
2020-12-16,0.848000,0.856000,0.848000,0.856000,168313
2020-12-17,0.860000,0.861000,0.853000,0.857000,145659
2020-12-18,0.858000,0.861000,0.857000,0.861000,105053
2020-12-21,0.860000,0.869000,0.859000,0.868000,154908
2020-12-22,0.865000,0.868000,0.858000,0.860000,104824
2020-12-23,0.856000,0.865000,0.856000,0.863000,104901
2020-12-24,0.862000,0.862000,0.859000,0.860000,137683
2020-12-25,0.859000,0.866000,0.859000,0.864000,69210
2020-12-28,0.865000,0.870000,0.864000,0.869000,88337
2020-12-29,0.873000,0.877000,0.873000,0.877000,103467
2020-12-30,0.872000,0.877000,0.870000,0.876000,119746
2020-12-31,0.876000,0.876000,0.872000,0.875000,140923
2021-01-04,0.874000,0.874000,0.864000,0.867000,171437
2021-01-05,0.856000,0.858000,0.851000,0.855000,153631
2021-01-06,0.857000,0.859000,0.851000,0.851000,181237
2021-01-07,0.848000,0.852000,0.848000,0.849000,121645
2021-01-08,0.860000,0.865000,0.860000,0.864000,165231
2021-01-11,0.868000,0.870000,0.866000,0.866000,144968
2021-01-12,0.864000,0.864000,0.858000,0.860000,150476
2021-01-13,0.859000,0.859000,0.855000,0.856000,125140
2021-01-14,0.860000,0.862000,0.859000,0.859000,83111
2021-01-15,0.857000,0.857000,0.851000,0.854000,115314
2021-01-18,0.851000,0.851000,0.847000,0.849000,180809
2021-01-19,0.853000,0.860000,0.852000,0.858000,269889
2021-01-20,0.866000,0.866000,0.861000,0.865000,138461
2021-01-21,0.882000,0.888000,0.880000,0.887000,262698
2021-01-22,0.889000,0.890000,0.883000,0.886000,183912
2021-01-25,0.889000,0.895000,0.889000,0.894000,169375
2021-01-26,0.892000,0.892000,0.888000,0.889000,109642
2021-01-27,0.896000,0.903000,0.896000,0.903000,230055
2021-01-28,0.874000,0.877000,0.865000,0.867000,315916
2021-01-29,0.873000,0.878000,0.861000,0.865000,319117
2021-02-01,0.853000,0.863000,0.851000,0.862000,119266
2021-02-02,0.882000,0.889000,0.878000,0.888000,184552
2021-02-03,0.904000,0.904000,0.894000,0.899000,129762
2021-02-04,0.891000,0.895000,0.886000,0.890000,140562
2021-02-05,0.898000,0.903000,0.898000,0.902000,120910
2021-02-08,0.905000,0.909000,0.905000,0.907000,130836
2021-02-09,0.910000,0.910000,0.907000,0.907000,97357
2021-02-10,0.908000,0.911000,0.906000,0.911000,127306
2021-02-18,0.904000,0.908000,0.904000,0.906000,253472
2021-02-19,0.905000,0.906000,0.901000,0.905000,119959
2021-02-22,0.905000,0.905000,0.896000,0.897000,167952
2021-02-23,0.877000,0.887000,0.877000,0.883000,190168
2021-02-24,0.879000,0.880000,0.865000,0.868000,229786
2021-02-25,0.880000,0.885000,0.878000,0.884000,147029
2021-02-26,0.850000,0.859000,0.847000,0.849000,348930
2021-03-01,0.862000,0.871000,0.862000,0.868000,186083
2021-03-02,0.886000,0.890000,0.877000,0.879000,145140
2021-03-03,0.870000,0.877000,0.864000,0.875000,149953
2021-03-04,0.853000,0.853000,0.843000,0.847000,222387
2021-03-05,0.831000,0.837000,0.825000,0.836000,185980
2021-03-08,0.846000,0.850000,0.837000,0.838000,157019
2021-03-09,0.827000,0.835000,0.823000,0.831000,198803
2021-03-10,0.854000,0.856000,0.851000,0.852000,148085
2021-03-11,0.852000,0.860000,0.850000,0.859000,206584
2021-03-12,0.869000,0.872000,0.864000,0.865000,152869
2021-03-15,0.867000,0.870000,0.859000,0.861000,98687
2021-03-16,0.872000,0.878000,0.871000,0.877000,159501
2021-03-17,0.877000,0.877000,0.873000,0.876000,131160
2021-03-18,0.881000,0.884000,0.879000,0.883000,102179
2021-03-19,0.856000,0.857000,0.852000,0.853000,180024
2021-03-22,0.855000,0.863000,0.855000,0.862000,103139
2021-03-23,0.870000,0.871000,0.866000,0.870000,123291
2021-03-24,0.869000,0.872000,0.869000,0.870000,127121
2021-03-25,0.858000,0.859000,0.854000,0.857000,113953
2021-03-26,0.857000,0.865000,0.857000,0.864000,120592
2021-03-29,0.862000,0.866000,0.860000,0.864000,133535
2021-03-30,0.868000,0.869000,0.866000,0.866000,102704
2021-03-31,0.868000,0.870000,0.864000,0.866000,72895
2021-04-01,0.880000,0.886000,0.878000,0.886000,154052
2021-04-02,0.897000,0.898000,0.895000,0.896000,109043
2021-04-06,0.912000,0.912000,0.908000,0.910000,157011
2021-04-07,0.909000,0.910000,0.906000,0.909000,126475
2021-04-08,0.911000,0.920000,0.911000,0.918000,124978
2021-04-09,0.925000,0.927000,0.919000,0.921000,163541
2021-04-12,0.926000,0.929000,0.925000,0.927000,146481
2021-04-13,0.925000,0.928000,0.924000,0.925000,109805
2021-04-14,0.934000,0.938000,0.934000,0.937000,119518
2021-04-15,0.927000,0.928000,0.924000,0.928000,155530
2021-04-16,0.935000,0.937000,0.935000,0.936000,132377
2021-04-19,0.938000,0.940000,0.936000,0.938000,95091
2021-04-20,0.928000,0.930000,0.924000,0.924000,146737
2021-04-21,0.915000,0.918000,0.912000,0.917000,135548
2021-04-22,0.923000,0.926000,0.923000,0.925000,78487
2021-04-23,0.916000,0.917000,0.914000,0.914000,96149
2021-04-26,0.926000,0.926000,0.923000,0.924000,108748
2021-04-27,0.930000,0.932000,0.929000,0.931000,131422
2021-04-28,0.927000,0.930000,0.927000,0.928000,68387
2021-04-29,0.929000,0.932000,0.929000,0.931000,119894
2021-04-30,0.924000,0.924000,0.920000,0.924000,157082
2021-05-06,0.900000,0.903000,0.898000,0.902000,182325
2021-05-07,0.905000,0.907000,0.900000,0.900000,210879
2021-05-10,0.906000,0.908000,0.904000,0.907000,242919
2021-05-11,0.882000,0.882000,0.875000,0.881000,183792
2021-05-12,0.879000,0.882000,0.877000,0.881000,109482
2021-05-13,0.864000,0.870000,0.864000,0.869000,126471
2021-05-14,0.874000,0.879000,0.873000,0.879000,173533
2021-05-17,0.885000,0.889000,0.884000,0.888000,153711
2021-05-18,0.888000,0.891000,0.884000,0.891000,89683
2021-05-19,0.876000,0.876000,0.873000,0.874000,113436
2021-05-20,0.876000,0.878000,0.875000,0.876000,82841
2021-05-21,0.892000,0.894000,0.892000,0.894000,128215
2021-05-24,0.890000,0.891000,0.887000,0.890000,75500
2021-05-25,0.899000,0.903000,0.899000,0.903000,115305
2021-05-26,0.902000,0.903000,0.900000,0.902000,82918
2021-05-27,0.902000,0.902000,0.896000,0.897000,108626
2021-05-28,0.898000,0.899000,0.896000,0.897000,106216
2021-05-31,0.897000,0.898000,0.894000,0.895000,130459
2021-06-01,0.895000,0.897000,0.892000,0.897000,96609
2021-06-02,0.892000,0.896000,0.891000,0.892000,85534
2021-06-03,0.894000,0.896000,0.893000,0.895000,58301
2021-06-04,0.886000,0.888000,0.885000,0.888000,80084
2021-06-07,0.900000,0.903000,0.898000,0.900000,109695
2021-06-08,0.906000,0.906000,0.903000,0.903000,91720
2021-06-09,0.905000,0.905000,0.900000,0.905000,77988
2021-06-10,0.904000,0.904000,0.901000,0.902000,69628
2021-06-11,0.912000,0.913000,0.911000,0.913000,99248
2021-06-15,0.921000,0.927000,0.921000,0.927000,142798
2021-06-16,0.919000,0.926000,0.919000,0.921000,80651
2021-06-17,0.916000,0.918000,0.913000,0.918000,116391
2021-06-18,0.934000,0.937000,0.932000,0.937000,194730
2021-06-21,0.928000,0.931000,0.924000,0.928000,267279
2021-06-22,0.933000,0.936000,0.933000,0.934000,166967
2021-06-23,0.945000,0.950000,0.945000,0.949000,170124
2021-06-24,0.949000,0.949000,0.946000,0.948000,100510
2021-06-25,0.952000,0.953000,0.951000,0.951000,111271
2021-06-28,0.950000,0.954000,0.947000,0.953000,102450
2021-06-29,0.960000,0.962000,0.960000,0.961000,103722
2021-06-30,0.964000,0.968000,0.964000,0.967000,61962
2021-07-01,0.967000,0.967000,0.964000,0.965000,70330
2021-07-02,0.966000,0.967000,0.964000,0.966000,80743
2021-07-05,0.974000,0.977000,0.974000,0.977000,77353
2021-07-06,0.977000,0.978000,0.976000,0.977000,72918
2021-07-07,0.980000,0.984000,0.980000,0.984000,73741
2021-07-08,0.985000,0.985000,0.981000,0.982000,98415
2021-07-09,0.976000,0.981000,0.972000,0.981000,163223
2021-07-12,0.984000,0.988000,0.984000,0.987000,154106
2021-07-13,0.990000,0.991000,0.988000,0.988000,126038
2021-07-14,0.986000,0.988000,0.986000,0.988000,91546
2021-07-15,0.987000,0.990000,0.987000,0.990000,77781
2021-07-16,0.980000,0.984000,0.979000,0.981000,113523
2021-07-19,0.973000,0.975000,0.970000,0.975000,112075
2021-07-20,0.970000,0.973000,0.970000,0.973000,111634
2021-07-21,0.978000,0.980000,0.976000,0.979000,142722
2021-07-22,0.984000,0.988000,0.984000,0.988000,99920
2021-07-23,0.992000,0.995000,0.992000,0.995000,98370
2021-07-26,1.002000,1.010000,1.002000,1.008000,203730
2021-07-27,1.006000,1.009000,1.006000,1.006000,142134
2021-07-28,1.000000,1.000000,0.993000,0.996000,240005
2021-07-29,0.998000,1.000000,0.996000,0.999000,177531
2021-07-30,0.988000,0.988000,0.982000,0.982000,167455
2021-08-02,0.992000,0.997000,0.992000,0.996000,168412
2021-08-03,0.992000,0.994000,0.991000,0.994000,77638
2021-08-04,0.998000,1.001000,0.998000,1.000000,153829
2021-08-05,1.001000,1.001000,0.998000,0.999000,65021
2021-08-06,1.007000,1.009000,1.006000,1.007000,136743
2021-08-09,1.000000,1.003000,0.999000,1.002000,103656
2021-08-10,1.004000,1.006000,1.004000,1.006000,73555
2021-08-11,1.004000,1.004000,1.000000,1.001000,113201
2021-08-12,0.999000,0.999000,0.997000,0.998000,86856
2021-08-13,1.002000,1.002000,1.001000,1.002000,77710
2021-08-16,1.003000,1.007000,1.002000,1.004000,121726
2021-08-17,1.003000,1.008000,1.003000,1.008000,130137
2021-08-18,1.002000,1.003000,0.999000,1.002000,162238
2021-08-19,0.995000,0.995000,0.984000,0.984000,216796
2021-08-20,0.993000,0.994000,0.992000,0.994000,181083
2021-08-23,1.006000,1.010000,1.004000,1.010000,144483
2021-08-24,1.021000,1.025000,1.021000,1.025000,277313
2021-08-25,1.024000,1.025000,1.021000,1.024000,87953
2021-08-26,1.023000,1.024000,1.021000,1.022000,106345
2021-08-27,1.017000,1.024000,1.017000,1.023000,175069
2021-08-30,1.029000,1.032000,1.029000,1.031000,222037
2021-08-31,1.039000,1.045000,1.038000,1.045000,173896
2021-09-01,1.040000,1.041000,1.036000,1.040000,253170
2021-09-02,1.040000,1.040000,1.037000,1.039000,254871
2021-09-03,1.038000,1.038000,1.035000,1.036000,150651
2021-09-06,1.037000,1.040000,1.037000,1.039000,146772
2021-09-07,1.039000,1.040000,1.038000,1.040000,98827
2021-09-08,1.039000,1.040000,1.038000,1.039000,91159
2021-09-09,1.035000,1.035000,1.030000,1.033000,154602
2021-09-10,1.030000,1.032000,1.029000,1.030000,139253
2021-09-13,1.020000,1.025000,1.019000,1.024000,228107
2021-09-14,1.022000,1.023000,1.018000,1.018000,118141
2021-09-15,1.016000,1.017000,1.014000,1.016000,86066
2021-09-16,1.023000,1.024000,1.021000,1.021000,116916
2021-09-17,1.023000,1.027000,1.022000,1.027000,144361
2021-09-22,1.000000,1.003000,0.996000,1.002000,245589
2021-09-23,1.010000,1.011000,1.009000,1.011000,134919
2021-09-24,1.017000,1.018000,1.013000,1.013000,144513
2021-09-27,1.016000,1.020000,1.016000,1.019000,150473
2021-09-28,1.007000,1.008000,1.001000,1.001000,195311
2021-09-29,0.980000,0.987000,0.979000,0.987000,263989
2021-09-30,0.984000,0.989000,0.982000,0.989000,113083
2021-10-08,0.992000,0.993000,0.987000,0.987000,166051
2021-10-11,0.980000,0.981000,0.975000,0.976000,244696
2021-10-12,0.971000,0.971000,0.968000,0.968000,153201
2021-10-13,0.967000,0.971000,0.967000,0.970000,85151
2021-10-14,0.976000,0.984000,0.976000,0.983000,118535
2021-10-15,0.995000,1.000000,0.993000,0.997000,162600
2021-10-18,0.998000,0.998000,0.996000,0.996000,80002
2021-10-19,1.008000,1.008000,1.005000,1.008000,130323
2021-10-20,1.010000,1.011000,1.008000,1.010000,103485
2021-10-21,1.008000,1.010000,1.005000,1.009000,387254
2021-10-22,1.011000,1.014000,1.010000,1.013000,318820
2021-10-25,1.005000,1.008000,1.005000,1.008000,86725
2021-10-26,1.018000,1.021000,1.018000,1.021000,100671
2021-10-27,1.020000,1.020000,1.016000,1.019000,78653
2021-10-28,1.022000,1.024000,1.021000,1.023000,84901
2021-10-29,1.028000,1.028000,1.023000,1.024000,127359
2021-11-01,1.039000,1.043000,1.038000,1.042000,134779
2021-11-02,1.043000,1.044000,1.041000,1.044000,95713
2021-11-03,1.048000,1.050000,1.048000,1.049000,78166
2021-11-04,1.060000,1.064000,1.060000,1.063000,170177
2021-11-05,1.075000,1.076000,1.071000,1.076000,151408
2021-11-08,1.075000,1.076000,1.071000,1.072000,170157
2021-11-09,1.072000,1.074000,1.069000,1.074000,174419
2021-11-10,1.065000,1.065000,1.060000,1.063000,166067
2021-11-11,1.050000,1.056000,1.049000,1.054000,185818
2021-11-12,1.056000,1.058000,1.053000,1.054000,117727
2021-11-15,1.065000,1.067000,1.062000,1.067000,133688
2021-11-16,1.065000,1.065000,1.059000,1.061000,119959
2021-11-17,1.068000,1.071000,1.068000,1.069000,116643
2021-11-18,1.069000,1.072000,1.069000,1.072000,108822
2021-11-19,1.080000,1.088000,1.080000,1.087000,166525
2021-11-22,1.090000,1.093000,1.089000,1.090000,133449
2021-11-23,1.075000,1.075000,1.070000,1.072000,229890
2021-11-24,1.070000,1.074000,1.069000,1.074000,158399
2021-11-25,1.075000,1.079000,1.074000,1.079000,124150
2021-11-26,1.074000,1.074000,1.066000,1.068000,183054
2021-11-29,1.058000,1.065000,1.058000,1.064000,230348
2021-11-30,1.075000,1.077000,1.064000,1.069000,234882
2021-12-01,1.062000,1.071000,1.060000,1.070000,141084
2021-12-02,1.045000,1.047000,1.043000,1.046000,309606
2021-12-03,1.045000,1.047000,1.039000,1.045000,196563
2021-12-06,1.028000,1.032000,1.027000,1.031000,188825
2021-12-07,1.038000,1.045000,1.037000,1.044000,184285
2021-12-08,1.069000,1.072000,1.066000,1.070000,184009
2021-12-09,1.068000,1.069000,1.064000,1.066000,144206
2021-12-10,1.054000,1.060000,1.054000,1.056000,107394
2021-12-13,1.069000,1.071000,1.067000,1.069000,98852
2021-12-14,1.055000,1.055000,1.051000,1.052000,129226
2021-12-15,1.046000,1.046000,1.041000,1.043000,245028
2021-12-16,1.064000,1.070000,1.062000,1.069000,209474
2021-12-17,1.044000,1.045000,1.036000,1.038000,349379
2021-12-20,1.024000,1.034000,1.021000,1.023000,273293
2021-12-21,1.026000,1.037000,1.026000,1.036000,201690
2021-12-22,1.043000,1.044000,1.039000,1.041000,185644
2021-12-23,1.054000,1.056000,1.052000,1.055000,194999
2021-12-24,1.062000,1.063000,1.060000,1.061000,122291
2021-12-27,1.065000,1.067000,1.064000,1.066000,126852
2021-12-28,1.079000,1.082000,1.078000,1.081000,158716
2021-12-29,1.078000,1.081000,1.076000,1.080000,143469
2021-12-30,1.076000,1.080000,1.074000,1.074000,183340
2021-12-31,1.071000,1.074000,1.068000,1.073000,209981
2022-01-04,1.080000,1.081000,1.076000,1.081000,176174
2022-01-05,1.065000,1.066000,1.058000,1.059000,222765
2022-01-06,1.030000,1.036000,1.024000,1.030000,360627
2022-01-07,1.036000,1.038000,1.033000,1.038000,172726
2022-01-10,1.022000,1.029000,1.019000,1.028000,227468
2022-01-11,1.025000,1.025000,1.019000,1.020000,267524
2022-01-12,1.032000,1.039000,1.032000,1.038000,218919
2022-01-14,1.010000,1.016000,1.007000,1.015000,1256441
2022-01-17,1.015000,1.017000,1.012000,1.014000,844954
2022-01-18,1.015000,1.015000,1.005000,1.008000,1227079
2022-01-19,0.990000,0.995000,0.982000,0.986000,1632153
2022-01-20,0.981000,0.990000,0.979000,0.989000,1266580
2022-01-21,0.964000,0.969000,0.955000,0.960000,2160243
2022-01-24,0.948000,0.953000,0.944000,0.951000,1440315
2022-01-25,0.938000,0.943000,0.925000,0.930000,2844069
2022-01-26,0.922000,0.926000,0.921000,0.925000,2169992
2022-01-27,0.912000,0.917000,0.903000,0.905000,2571776
2022-01-28,0.917000,0.924000,0.915000,0.919000,2475485
2022-02-07,0.948000,0.957000,0.945000,0.956000,2143715
2022-02-08,0.950000,0.951000,0.946000,0.950000,1190957
2022-02-09,0.960000,0.967000,0.960000,0.966000,1234131
2022-02-10,0.980000,0.981000,0.975000,0.980000,1328652
2022-02-11,0.958000,0.959000,0.949000,0.952000,1778864
2022-02-14,0.931000,0.935000,0.930000,0.933000,1566211
2022-02-15,0.932000,0.936000,0.930000,0.933000,1485429
2022-02-16,0.948000,0.952000,0.947000,0.949000,1592830
2022-02-17,0.948000,0.949000,0.939000,0.942000,1502979
2022-02-18,0.921000,0.934000,0.920000,0.933000,2022836
2022-02-21,0.920000,0.934000,0.918000,0.931000,1619460
2022-02-22,0.902000,0.911000,0.890000,0.893000,3634680
2022-02-23,0.905000,0.910000,0.902000,0.908000,1720732
2022-02-24,0.875000,0.876000,0.854000,0.857000,5359796
2022-02-25,0.895000,0.898000,0.889000,0.894000,4690200
2022-02-28,0.900000,0.900000,0.890000,0.896000,2430265
2022-03-01,0.914000,0.920000,0.913000,0.919000,2251117
2022-03-02,0.906000,0.910000,0.902000,0.905000,1371753
2022-03-03,0.918000,0.920000,0.915000,0.920000,1324199
2022-03-04,0.896000,0.905000,0.895000,0.902000,2120728
2022-03-07,0.880000,0.883000,0.874000,0.881000,2974393
2022-03-08,0.866000,0.866000,0.847000,0.852000,4088149
2022-03-09,0.856000,0.862000,0.852000,0.862000,2990404
2022-03-10,0.885000,0.888000,0.882000,0.884000,1991420
2022-03-11,0.872000,0.879000,0.870000,0.879000,1676708
2022-03-14,0.868000,0.871000,0.863000,0.868000,4611770
2022-03-15,0.853000,0.859000,0.850000,0.851000,2216698
2022-03-16,0.874000,0.885000,0.869000,0.883000,3086873
2022-03-17,0.904000,0.911000,0.903000,0.910000,2347257
2022-03-18,0.909000,0.912000,0.906000,0.910000,1526027
2022-03-21,0.931000,0.933000,0.927000,0.930000,3415619
2022-03-22,0.927000,0.932000,0.927000,0.932000,1616859
2022-03-23,0.953000,0.956000,0.951000,0.955000,1760530
2022-03-24,0.942000,0.950000,0.941000,0.946000,1749839
2022-03-25,0.960000,0.963000,0.959000,0.963000,2666441
2022-03-28,0.959000,0.961000,0.956000,0.958000,1700408
2022-03-29,0.975000,0.979000,0.974000,0.978000,1644472
2022-03-30,0.992000,0.994000,0.988000,0.990000,1807035
2022-03-31,0.984000,0.985000,0.980000,0.983000,2672373
2022-04-01,0.967000,0.976000,0.966000,0.973000,4696002
2022-04-06,0.964000,0.968000,0.963000,0.967000,2320761
2022-04-07,0.944000,0.948000,0.943000,0.947000,2449462
2022-04-08,0.946000,0.954000,0.945000,0.953000,1635207
2022-04-11,0.934000,0.935000,0.926000,0.929000,2791027
2022-04-12,0.910000,0.912000,0.905000,0.911000,4914912
2022-04-13,0.912000,0.919000,0.910000,0.917000,3164928
2022-04-14,0.927000,0.932000,0.927000,0.931000,2767545
2022-04-15,0.906000,0.908000,0.903000,0.905000,3376919
2022-04-18,0.898000,0.901000,0.896000,0.900000,2285199
2022-04-19,0.909000,0.914000,0.908000,0.913000,2094562
2022-04-20,0.923000,0.925000,0.922000,0.924000,3298732
2022-04-21,0.923000,0.932000,0.922000,0.928000,3660280
2022-04-22,0.901000,0.911000,0.900000,0.911000,2904958
2022-04-25,0.885000,0.893000,0.882000,0.883000,4913954
2022-04-26,0.905000,0.908000,0.903000,0.904000,3919876
2022-04-27,0.875000,0.882000,0.872000,0.881000,6439723
2022-04-28,0.882000,0.894000,0.881000,0.893000,3868918
2022-04-29,0.902000,0.908000,0.901000,0.905000,6033178
2022-05-05,0.915000,0.919000,0.912000,0.913000,5736782
2022-05-06,0.873000,0.882000,0.870000,0.878000,5542918
2022-05-09,0.868000,0.870000,0.863000,0.866000,3355871
2022-05-10,0.840000,0.856000,0.838000,0.855000,5721655
2022-05-11,0.856000,0.861000,0.854000,0.859000,5832292
2022-05-12,0.837000,0.840000,0.827000,0.830000,8186337
2022-05-13,0.838000,0.845000,0.837000,0.844000,5719600
2022-05-16,0.864000,0.865000,0.851000,0.855000,6457121
2022-05-17,0.854000,0.859000,0.852000,0.859000,3962962
2022-05-18,0.867000,0.868000,0.862000,0.864000,4044100
2022-05-19,0.825000,0.831000,0.824000,0.828000,6396452
2022-05-20,0.831000,0.834000,0.830000,0.833000,5775176
2022-05-23,0.832000,0.838000,0.828000,0.837000,3773699
2022-05-24,0.830000,0.831000,0.810000,0.813000,4493013
2022-05-25,0.813000,0.819000,0.813000,0.818000,3039823
2022-05-26,0.823000,0.824000,0.819000,0.822000,3465545
2022-05-27,0.841000,0.849000,0.841000,0.848000,5267407
2022-05-30,0.878000,0.879000,0.871000,0.875000,4191582
2022-05-31,0.871000,0.872000,0.867000,0.868000,3046731
2022-06-01,0.870000,0.871000,0.866000,0.868000,2340751
2022-06-02,0.863000,0.864000,0.859000,0.860000,2663797
2022-06-06,0.858000,0.862000,0.855000,0.861000,5062407
2022-06-07,0.856000,0.857000,0.852000,0.854000,3176146
2022-06-08,0.865000,0.866000,0.863000,0.866000,2725083
2022-06-09,0.862000,0.863000,0.859000,0.861000,2373206
2022-06-10,0.842000,0.848000,0.840000,0.847000,3776504
2022-06-13,0.818000,0.818000,0.802000,0.804000,7423160
2022-06-14,0.788000,0.801000,0.788000,0.799000,5884838
2022-06-15,0.798000,0.805000,0.794000,0.803000,7746180
2022-06-16,0.817000,0.818000,0.798000,0.798000,7214083
2022-06-17,0.778000,0.792000,0.776000,0.791000,5958089
2022-06-20,0.793000,0.796000,0.785000,0.796000,5135858
2022-06-21,0.797000,0.808000,0.795000,0.805000,3951041
2022-06-22,0.808000,0.810000,0.802000,0.802000,4818736
2022-06-23,0.806000,0.816000,0.805000,0.815000,4651442
2022-06-24,0.817000,0.827000,0.817000,0.824000,4099964
2022-06-27,0.840000,0.842000,0.836000,0.837000,4657971
2022-06-28,0.833000,0.834000,0.825000,0.828000,6571021
2022-06-29,0.805000,0.811000,0.805000,0.806000,4676096
2022-06-30,0.806000,0.808000,0.800000,0.801000,4144415
2022-07-01,0.801000,0.802000,0.794000,0.799000,4094009
2022-07-04,0.800000,0.803000,0.796000,0.802000,4533810
2022-07-05,0.806000,0.815000,0.805000,0.814000,3433102
2022-07-06,0.822000,0.825000,0.815000,0.819000,4550416
2022-07-07,0.821000,0.829000,0.820000,0.829000,3768208
2022-07-08,0.839000,0.841000,0.834000,0.835000,3328033
2022-07-11,0.832000,0.835000,0.827000,0.828000,3413352
2022-07-12,0.815000,0.819000,0.814000,0.816000,2427633
2022-07-13,0.815000,0.821000,0.814000,0.821000,2932817
2022-07-14,0.814000,0.816000,0.811000,0.812000,3481561
2022-07-15,0.818000,0.823000,0.818000,0.821000,2600302
2022-07-18,0.834000,0.842000,0.832000,0.841000,3066710
2022-07-19,0.829000,0.832000,0.827000,0.829000,2517029
2022-07-20,0.852000,0.857000,0.850000,0.856000,4465670
2022-07-21,0.861000,0.865000,0.860000,0.861000,3671392
2022-07-22,0.868000,0.870000,0.866000,0.867000,3413661
2022-07-25,0.858000,0.858000,0.851000,0.854000,3888038
2022-07-26,0.847000,0.851000,0.846000,0.849000,2615775
2022-07-27,0.846000,0.852000,0.845000,0.849000,2996574
2022-07-28,0.867000,0.868000,0.863000,0.864000,3427438
2022-07-29,0.884000,0.888000,0.884000,0.888000,3839103
2022-08-01,0.888000,0.888000,0.885000,0.886000,2445384
2022-08-02,0.888000,0.889000,0.883000,0.886000,4495566
2022-08-03,0.886000,0.888000,0.884000,0.886000,1939182
2022-08-04,0.909000,0.911000,0.908000,0.911000,2510569
2022-08-05,0.916000,0.918000,0.915000,0.915000,1742954
2022-08-08,0.907000,0.913000,0.905000,0.912000,1898237
2022-08-09,0.906000,0.908000,0.903000,0.905000,2089589
2022-08-10,0.895000,0.895000,0.890000,0.892000,2218135
2022-08-11,0.920000,0.924000,0.918000,0.923000,3484495
2022-08-12,0.914000,0.915000,0.912000,0.914000,1898585
2022-08-15,0.929000,0.932000,0.928000,0.931000,1755819
2022-08-16,0.941000,0.944000,0.941000,0.942000,1680467
2022-08-17,0.941000,0.942000,0.939000,0.939000,1417633
2022-08-18,0.928000,0.931000,0.925000,0.926000,2152688
2022-08-19,0.933000,0.935000,0.927000,0.928000,2523309
2022-08-22,0.915000,0.916000,0.911000,0.912000,3123407
2022-08-23,0.898000,0.900000,0.892000,0.895000,3763317
2022-08-24,0.896000,0.899000,0.892000,0.898000,3627561
2022-08-25,0.901000,0.910000,0.900000,0.910000,2191723
2022-08-26,0.916000,0.916000,0.912000,0.915000,2244428
2022-08-29,0.872000,0.879000,0.870000,0.879000,4227427
2022-08-30,0.878000,0.884000,0.877000,0.883000,2140440
2022-08-31,0.873000,0.877000,0.872000,0.875000,3370016
2022-09-01,0.859000,0.860000,0.852000,0.854000,4551474
2022-09-02,0.863000,0.864000,0.859000,0.863000,3842979
2022-09-05,0.853000,0.856000,0.852000,0.856000,2672954
2022-09-06,0.861000,0.862000,0.858000,0.862000,2185434
2022-09-07,0.848000,0.854000,0.848000,0.853000,3631111
2022-09-08,0.868000,0.871000,0.867000,0.870000,4495864
2022-09-09,0.874000,0.875000,0.871000,0.873000,2913935
2022-09-13,0.894000,0.899000,0.894000,0.898000,3311919
2022-09-14,0.854000,0.856000,0.851000,0.856000,4842971
2022-09-15,0.859000,0.862000,0.858000,0.858000,2235706
2022-09-16,0.845000,0.845000,0.840000,0.841000,1950053
2022-09-19,0.842000,0.845000,0.838000,0.840000,3064463
2022-09-20,0.851000,0.856000,0.850000,0.855000,2762759
2022-09-21,0.850000,0.852000,0.847000,0.850000,2983442
2022-09-22,0.830000,0.836000,0.828000,0.834000,6324251
2022-09-23,0.829000,0.832000,0.828000,0.829000,2093595
2022-09-26,0.818000,0.822000,0.816000,0.816000,4210576
2022-09-27,0.823000,0.831000,0.822000,0.831000,4275999
2022-09-28,0.826000,0.827000,0.817000,0.820000,5923217
2022-09-29,0.834000,0.837000,0.829000,0.833000,4395973
2022-09-30,0.812000,0.813000,0.807000,0.812000,5383496
2022-10-10,0.799000,0.800000,0.792000,0.792000,3822661
2022-10-11,0.796000,0.797000,0.792000,0.792000,3143051
2022-10-12,0.791000,0.799000,0.787000,0.797000,4246500
2022-10-13,0.789000,0.791000,0.787000,0.790000,3126281
2022-10-14,0.804000,0.813000,0.803000,0.811000,6025513
2022-10-17,0.791000,0.795000,0.786000,0.793000,6070953
2022-10-18,0.816000,0.830000,0.814000,0.824000,7391387
2022-10-19,0.829000,0.830000,0.820000,0.821000,4904512
2022-10-20,0.809000,0.815000,0.806000,0.812000,4739326
2022-10-21,0.810000,0.812000,0.808000,0.810000,2410708
2022-10-24,0.836000,0.838000,0.831000,0.833000,7998024
2022-10-25,0.844000,0.850000,0.842000,0.848000,3993076
2022-10-26,0.847000,0.848000,0.841000,0.842000,4080507
2022-10-27,0.836000,0.840000,0.833000,0.837000,3255286
2022-10-28,0.823000,0.825000,0.810000,0.811000,4268553
2022-10-31,0.845000,0.850000,0.844000,0.849000,4197603
2022-11-01,0.848000,0.852000,0.846000,0.851000,4072182
2022-11-02,0.841000,0.841000,0.837000,0.838000,4877140
2022-11-03,0.812000,0.815000,0.811000,0.813000,5565742
2022-11-04,0.801000,0.815000,0.797000,0.814000,8887941
2022-11-07,0.803000,0.816000,0.803000,0.815000,3802905
2022-11-08,0.820000,0.820000,0.813000,0.816000,3009399
2022-11-09,0.816000,0.822000,0.816000,0.818000,3535311
2022-11-10,0.805000,0.809000,0.804000,0.808000,2245968
2022-11-11,0.856000,0.858000,0.847000,0.854000,7643685
2022-11-14,0.856000,0.857000,0.848000,0.848000,3349211
2022-11-15,0.848000,0.856000,0.846000,0.855000,3611786
2022-11-16,0.854000,0.863000,0.852000,0.861000,4909859
2022-11-17,0.852000,0.856000,0.851000,0.856000,2553658
2022-11-18,0.854000,0.857000,0.851000,0.853000,2934641
2022-11-21,0.850000,0.853000,0.849000,0.850000,2406327
2022-11-22,0.846000,0.848000,0.841000,0.843000,2100738
2022-11-23,0.850000,0.854000,0.850000,0.853000,2391929
2022-11-24,0.863000,0.865000,0.862000,0.863000,3005548
2022-11-25,0.868000,0.868000,0.865000,0.865000,1541089
2022-11-28,0.858000,0.859000,0.853000,0.854000,3023383
2022-11-29,0.851000,0.853000,0.848000,0.852000,4426797
2022-11-30,0.842000,0.843000,0.839000,0.842000,3028017
2022-12-01,0.867000,0.869000,0.864000,0.868000,4974690
2022-12-02,0.862000,0.865000,0.861000,0.863000,2008655
2022-12-05,0.857000,0.858000,0.853000,0.854000,3110624
2022-12-06,0.842000,0.845000,0.841000,0.844000,4081430
2022-12-07,0.830000,0.835000,0.829000,0.835000,4282771
2022-12-08,0.830000,0.832000,0.829000,0.832000,2928767
2022-12-09,0.837000,0.838000,0.832000,0.833000,3147373
2022-12-12,0.825000,0.826000,0.824000,0.825000,3092833
2022-12-13,0.833000,0.838000,0.832000,0.838000,3583012
2022-12-14,0.844000,0.848000,0.844000,0.848000,2928628
2022-12-15,0.840000,0.841000,0.835000,0.835000,2732273
2022-12-16,0.812000,0.817000,0.810000,0.816000,4404198
2022-12-19,0.814000,0.815000,0.812000,0.813000,1811147
2022-12-20,0.806000,0.808000,0.800000,0.802000,4593641
2022-12-21,0.806000,0.810000,0.805000,0.809000,3199740
2022-12-22,0.816000,0.816000,0.810000,0.811000,2336213
2022-12-23,0.798000,0.802000,0.796000,0.801000,2880296
2022-12-26,0.802000,0.803000,0.798000,0.802000,1478574
2022-12-27,0.805000,0.810000,0.804000,0.808000,2395606
2022-12-28,0.797000,0.801000,0.796000,0.799000,3775848
2022-12-29,0.793000,0.796000,0.790000,0.795000,2434756
2022-12-30,0.802000,0.804000,0.798000,0.799000,2998502
2023-01-03,0.797000,0.809000,0.795000,0.806000,3123327
2023-01-04,0.801000,0.805000,0.800000,0.804000,1808677
2023-01-05,0.804000,0.806000,0.802000,0.805000,3622862
2023-01-06,0.799000,0.800000,0.796000,0.799000,4265900
2023-01-09,0.805000,0.809000,0.805000,0.809000,3063903
2023-01-10,0.808000,0.808000,0.804000,0.805000,2384404
2023-01-11,0.810000,0.811000,0.809000,0.810000,2317915
2023-01-12,0.817000,0.819000,0.817000,0.818000,2268482
2023-01-13,0.819000,0.819000,0.814000,0.815000,1946463
2023-01-16,0.817000,0.819000,0.814000,0.815000,1885864
2023-01-17,0.816000,0.821000,0.815000,0.820000,2408458
2023-01-18,0.819000,0.823000,0.819000,0.821000,2012846
2023-01-19,0.811000,0.812000,0.806000,0.810000,3337042
2023-01-20,0.807000,0.816000,0.806000,0.815000,2622932
2023-01-30,0.843000,0.850000,0.842000,0.844000,6019738
2023-01-31,0.835000,0.837000,0.832000,0.832000,1935520
2023-02-01,0.841000,0.847000,0.840000,0.847000,2623152
2023-02-02,0.864000,0.865000,0.860000,0.862000,2945935
2023-02-03,0.873000,0.874000,0.870000,0.870000,5499839
2023-02-06,0.870000,0.873000,0.863000,0.865000,7575823
2023-02-07,0.867000,0.868000,0.865000,0.866000,2064736
2023-02-08,0.878000,0.883000,0.878000,0.882000,3492056
2023-02-09,0.871000,0.874000,0.869000,0.873000,3792463
2023-02-10,0.863000,0.864000,0.859000,0.860000,2236588
2023-02-13,0.856000,0.860000,0.855000,0.859000,2091005
2023-02-14,0.869000,0.872000,0.868000,0.871000,2875054
2023-02-15,0.875000,0.876000,0.871000,0.873000,3305118
2023-02-16,0.888000,0.891000,0.888000,0.890000,3171996
2023-02-17,0.870000,0.872000,0.865000,0.865000,3629978
2023-02-20,0.863000,0.868000,0.863000,0.868000,3893257
2023-02-21,0.865000,0.867000,0.864000,0.866000,2218603
2023-02-22,0.851000,0.854000,0.850000,0.850000,3490256
2023-02-23,0.855000,0.857000,0.854000,0.857000,1669315
2023-02-24,0.860000,0.861000,0.857000,0.860000,1783027
2023-02-27,0.853000,0.854000,0.852000,0.852000,1523080
2023-02-28,0.857000,0.858000,0.854000,0.855000,1606320
2023-03-01,0.850000,0.853000,0.849000,0.852000,3240836
2023-03-02,0.845000,0.846000,0.835000,0.840000,5096780
2023-03-03,0.847000,0.849000,0.845000,0.849000,2765144
2023-03-06,0.865000,0.874000,0.864000,0.871000,5215064
2023-03-07,0.874000,0.875000,0.871000,0.872000,2906579
2023-03-08,0.866000,0.867000,0.863000,0.864000,1764495
2023-03-09,0.866000,0.870000,0.865000,0.868000,1589416
2023-03-10,0.851000,0.853000,0.847000,0.848000,3554478
2023-03-13,0.844000,0.855000,0.843000,0.854000,4674375
2023-03-14,0.846000,0.847000,0.839000,0.841000,6289868
2023-03-15,0.857000,0.860000,0.856000,0.859000,4716075
2023-03-16,0.864000,0.867000,0.862000,0.863000,2629183
2023-03-17,0.884000,0.886000,0.882000,0.884000,4268884
2023-03-20,0.881000,0.883000,0.872000,0.873000,3937981
2023-03-21,0.880000,0.882000,0.879000,0.882000,1464419
2023-03-22,0.893000,0.896000,0.893000,0.895000,2451245
2023-03-23,0.882000,0.884000,0.881000,0.884000,3626370
2023-03-24,0.888000,0.891000,0.886000,0.891000,3206303
2023-03-27,0.897000,0.901000,0.896000,0.899000,2974491
2023-03-28,0.891000,0.894000,0.888000,0.893000,2147671
2023-03-29,0.890000,0.895000,0.889000,0.893000,1912863
2023-03-30,0.902000,0.905000,0.902000,0.903000,3617075
2023-03-31,0.912000,0.913000,0.907000,0.908000,2526160
2023-04-03,0.919000,0.921000,0.918000,0.920000,3139582
2023-04-04,0.921000,0.922000,0.919000,0.922000,2352499
2023-04-06,0.907000,0.908000,0.905000,0.906000,2378909
2023-04-07,0.915000,0.916000,0.914000,0.914000,1448657
2023-04-10,0.914000,0.914000,0.909000,0.910000,1522959
2023-04-11,0.915000,0.916000,0.913000,0.915000,1559199
2023-04-12,0.910000,0.911000,0.907000,0.908000,2038951
2023-04-13,0.899000,0.903000,0.898000,0.902000,2772894
2023-04-14,0.915000,0.915000,0.910000,0.910000,1977763
2023-04-17,0.915000,0.916000,0.914000,0.914000,1695010
2023-04-18,0.914000,0.915000,0.913000,0.914000,1568659
2023-04-19,0.914000,0.915000,0.912000,0.912000,1265083
2023-04-20,0.913000,0.915000,0.911000,0.912000,2913989
2023-04-21,0.910000,0.911000,0.908000,0.908000,1559525
2023-04-24,0.908000,0.911000,0.905000,0.906000,2499514
2023-04-25,0.908000,0.908000,0.905000,0.906000,1951858
2023-04-26,0.907000,0.908000,0.904000,0.904000,2696859
2023-04-27,0.905000,0.907000,0.904000,0.905000,1833485
2023-04-28,0.921000,0.923000,0.920000,0.923000,2948879
2023-05-04,0.916000,0.919000,0.914000,0.918000,2000716
2023-05-05,0.915000,0.916000,0.915000,0.916000,878183
2023-05-08,0.930000,0.931000,0.928000,0.930000,2548493
2023-05-09,0.931000,0.932000,0.930000,0.930000,1718027
2023-05-10,0.927000,0.930000,0.926000,0.930000,1285142
2023-05-11,0.940000,0.942000,0.940000,0.942000,2086514
2023-05-12,0.947000,0.948000,0.946000,0.946000,1807403
2023-05-15,0.943000,0.944000,0.941000,0.944000,1453544
2023-05-16,0.947000,0.948000,0.946000,0.947000,2132313
2023-05-17,0.954000,0.956000,0.953000,0.953000,2343548
2023-05-18,0.965000,0.969000,0.964000,0.968000,2537538
2023-05-19,0.992000,0.996000,0.989000,0.990000,5450150
2023-05-22,0.985000,0.986000,0.981000,0.984000,3319287
2023-05-23,0.993000,0.996000,0.991000,0.992000,3115601
2023-05-24,0.982000,0.982000,0.976000,0.977000,4112096
2023-05-25,0.987000,0.993000,0.986000,0.993000,3496459
2023-05-26,1.000000,1.001000,0.995000,0.996000,3123782
2023-05-29,1.029000,1.033000,1.028000,1.032000,3537924
2023-05-30,1.032000,1.037000,1.029000,1.035000,4247798
2023-05-31,1.034000,1.036000,1.029000,1.031000,3208005
2023-06-01,1.028000,1.030000,1.024000,1.030000,2924231
2023-06-02,1.041000,1.044000,1.039000,1.043000,4350425
2023-06-05,1.048000,1.048000,1.044000,1.048000,2763392
2023-06-06,1.050000,1.052000,1.048000,1.049000,3444215
2023-06-07,1.050000,1.053000,1.049000,1.052000,2622825
2023-06-08,1.036000,1.038000,1.030000,1.030000,4736692
2023-06-09,1.045000,1.048000,1.044000,1.047000,3512801
2023-06-12,1.055000,1.060000,1.054000,1.059000,2509964
2023-06-13,1.079000,1.086000,1.076000,1.085000,6560033
2023-06-14,1.089000,1.091000,1.084000,1.086000,3033960
2023-06-15,1.093000,1.096000,1.091000,1.091000,5664784
2023-06-16,1.098000,1.101000,1.096000,1.100000,5519091
2023-06-19,1.097000,1.097000,1.093000,1.096000,5018787
2023-06-20,1.096000,1.097000,1.094000,1.095000,2878691
2023-06-21,1.100000,1.102000,1.098000,1.100000,3764691
2023-06-26,1.091000,1.093000,1.090000,1.091000,3964189
2023-06-27,1.077000,1.077000,1.073000,1.076000,5846116
2023-06-28,1.088000,1.091000,1.087000,1.090000,3473139
2023-06-29,1.098000,1.101000,1.098000,1.099000,2773811
2023-06-30,1.099000,1.100000,1.098000,1.100000,1883859
2023-07-03,1.116000,1.120000,1.113000,1.118000,5014745
2023-07-04,1.114000,1.116000,1.111000,1.112000,3909988
2023-07-05,1.112000,1.114000,1.110000,1.110000,3225731
2023-07-06,1.115000,1.116000,1.109000,1.111000,3257357
2023-07-07,1.106000,1.107000,1.104000,1.106000,3413466
2023-07-10,1.101000,1.101000,1.095000,1.095000,4019416
2023-07-11,1.100000,1.102000,1.096000,1.101000,3438587
2023-07-12,1.104000,1.104000,1.100000,1.102000,2930744
2023-07-13,1.113000,1.120000,1.112000,1.118000,5118858
2023-07-14,1.129000,1.130000,1.125000,1.126000,3967748
2023-07-17,1.126000,1.132000,1.125000,1.132000,3125651
2023-07-18,1.140000,1.144000,1.139000,1.142000,4300860
2023-07-19,1.153000,1.164000,1.153000,1.163000,5435357
2023-07-20,1.152000,1.153000,1.147000,1.147000,7218323
2023-07-21,1.124000,1.128000,1.122000,1.128000,5808081
2023-07-24,1.124000,1.134000,1.123000,1.132000,4087268
2023-07-25,1.131000,1.131000,1.124000,1.128000,4803584
2023-07-26,1.130000,1.132000,1.129000,1.131000,3365604
2023-07-27,1.131000,1.143000,1.130000,1.141000,5784797
2023-07-28,1.133000,1.137000,1.131000,1.134000,6310413
2023-07-31,1.146000,1.151000,1.142000,1.149000,5988079
2023-08-01,1.151000,1.155000,1.151000,1.153000,3376060
2023-08-02,1.149000,1.149000,1.137000,1.137000,5485949
2023-08-03,1.121000,1.124000,1.118000,1.118000,5788835
2023-08-04,1.121000,1.130000,1.119000,1.128000,6145848
2023-08-07,1.121000,1.122000,1.116000,1.118000,5273550
2023-08-08,1.123000,1.124000,1.120000,1.120000,3646200
2023-08-09,1.119000,1.120000,1.116000,1.119000,4168333
2023-08-10,1.107000,1.110000,1.104000,1.109000,4105889
2023-08-11,1.111000,1.112000,1.107000,1.110000,3265620
2023-08-14,1.104000,1.105000,1.098000,1.103000,5042869
2023-08-15,1.119000,1.128000,1.119000,1.124000,5217859
2023-08-16,1.113000,1.114000,1.110000,1.112000,3106892
2023-08-17,1.098000,1.104000,1.097000,1.104000,4951573
2023-08-18,1.086000,1.087000,1.080000,1.083000,6251377
2023-08-21,1.084000,1.087000,1.084000,1.086000,4057427
2023-08-22,1.098000,1.104000,1.096000,1.104000,4023218
2023-08-23,1.104000,1.106000,1.102000,1.104000,3109046
2023-08-24,1.127000,1.137000,1.127000,1.134000,8081913
2023-08-25,1.097000,1.098000,1.089000,1.091000,5125697
2023-08-28,1.102000,1.106000,1.101000,1.105000,3843734
2023-08-29,1.113000,1.115000,1.111000,1.111000,3410341
2023-08-30,1.135000,1.137000,1.133000,1.135000,5263488
2023-08-31,1.141000,1.143000,1.139000,1.140000,4129059
2023-09-01,1.138000,1.141000,1.137000,1.139000,3232874
2023-09-04,1.140000,1.143000,1.138000,1.142000,2645962
2023-09-05,1.141000,1.143000,1.140000,1.141000,1517921
2023-09-06,1.146000,1.147000,1.143000,1.143000,1866194
2023-09-07,1.137000,1.138000,1.133000,1.134000,3225184
2023-09-08,1.131000,1.141000,1.130000,1.141000,2951581
2023-09-11,1.136000,1.137000,1.132000,1.134000,4032390
2023-09-12,1.141000,1.142000,1.139000,1.141000,2333770
2023-09-13,1.128000,1.130000,1.126000,1.128000,3354662
2023-09-14,1.133000,1.139000,1.132000,1.136000,3656597
2023-09-15,1.145000,1.145000,1.140000,1.142000,3331786
2023-09-18,1.124000,1.126000,1.122000,1.124000,2640156
2023-09-19,1.126000,1.127000,1.122000,1.123000,2164085
2023-09-20,1.122000,1.124000,1.120000,1.124000,3307127
2023-09-21,1.105000,1.106000,1.100000,1.103000,5230421
2023-09-22,1.085000,1.093000,1.084000,1.092000,5140599
2023-09-25,1.089000,1.095000,1.089000,1.094000,2916232
2023-09-26,1.092000,1.094000,1.085000,1.085000,3703135
2023-09-27,1.078000,1.082000,1.076000,1.081000,4937659
2023-09-28,1.085000,1.085000,1.079000,1.080000,3946643
2023-10-09,1.099000,1.100000,1.092000,1.096000,6799799
2023-10-10,1.109000,1.112000,1.108000,1.111000,4966925
2023-10-11,1.116000,1.120000,1.115000,1.118000,3763685
2023-10-12,1.129000,1.130000,1.127000,1.128000,2847651
2023-10-13,1.122000,1.124000,1.119000,1.122000,3104624
2023-10-16,1.112000,1.112000,1.108000,1.111000,3799498
2023-10-17,1.120000,1.121000,1.118000,1.119000,2710704
2023-10-18,1.115000,1.116000,1.114000,1.114000,2321918
2023-10-19,1.104000,1.105000,1.097000,1.100000,5031534
2023-10-20,1.086000,1.089000,1.085000,1.086000,6340077
2023-10-23,1.076000,1.079000,1.075000,1.079000,3705545
2023-10-24,1.081000,1.087000,1.078000,1.086000,4149646
2023-10-25,1.088000,1.089000,1.082000,1.082000,4300778
2023-10-26,1.053000,1.054000,1.048000,1.049000,6369098
2023-10-27,1.047000,1.056000,1.047000,1.053000,5408932
2023-10-30,1.053000,1.055000,1.052000,1.055000,2343590
2023-10-31,1.057000,1.058000,1.052000,1.054000,2485814
2023-11-01,1.061000,1.070000,1.060000,1.069000,5191302
2023-11-02,1.090000,1.094000,1.089000,1.091000,5078154
2023-11-03,1.102000,1.102000,1.098000,1.099000,2423426
2023-11-06,1.110000,1.112000,1.110000,1.111000,2938790
2023-11-07,1.112000,1.113000,1.109000,1.110000,3598518
2023-11-08,1.122000,1.123000,1.120000,1.120000,2555680
2023-11-09,1.123000,1.127000,1.122000,1.127000,3077967
2023-11-10,1.117000,1.117000,1.115000,1.116000,2550398
2023-11-13,1.140000,1.141000,1.137000,1.140000,3001230
2023-11-14,1.140000,1.145000,1.139000,1.144000,3171770
2023-11-15,1.166000,1.166000,1.163000,1.164000,4335176
2023-11-16,1.159000,1.161000,1.158000,1.159000,2217157
2023-11-17,1.160000,1.163000,1.160000,1.161000,2734724
2023-11-20,1.154000,1.154000,1.143000,1.145000,4466986
2023-11-21,1.159000,1.160000,1.157000,1.158000,2355814
2023-11-22,1.148000,1.151000,1.147000,1.150000,2479523
2023-11-23,1.158000,1.159000,1.155000,1.156000,1754960
2023-11-24,1.157000,1.158000,1.156000,1.157000,1263721
2023-11-27,1.151000,1.152000,1.149000,1.151000,1458504
2023-11-28,1.153000,1.155000,1.152000,1.154000,1377783
2023-11-29,1.155000,1.156000,1.153000,1.154000,1667502
2023-11-30,1.156000,1.156000,1.153000,1.153000,2918330
2023-12-01,1.148000,1.150000,1.146000,1.148000,2449546
2023-12-04,1.148000,1.150000,1.148000,1.150000,2292661
2023-12-05,1.141000,1.142000,1.136000,1.137000,3087652
2023-12-06,1.152000,1.154000,1.151000,1.153000,2683576
2023-12-07,1.143000,1.144000,1.140000,1.140000,3498229
2023-12-08,1.156000,1.157000,1.154000,1.157000,3312274
2023-12-11,1.164000,1.167000,1.163000,1.164000,3259041
2023-12-12,1.177000,1.180000,1.176000,1.178000,3684375
2023-12-13,1.188000,1.191000,1.188000,1.191000,4211971
2023-12-14,1.202000,1.205000,1.200000,1.204000,5673080
2023-12-15,1.193000,1.194000,1.191000,1.193000,2721837
2023-12-18,1.198000,1.203000,1.198000,1.202000,4765967
2023-12-19,1.208000,1.209000,1.207000,1.209000,3600806
2023-12-20,1.213000,1.216000,1.213000,1.216000,3665380
2023-12-21,1.200000,1.201000,1.197000,1.200000,5585669
2023-12-22,1.206000,1.208000,1.204000,1.206000,4102954
2023-12-25,1.210000,1.210000,1.206000,1.207000,3044729
2023-12-26,1.210000,1.215000,1.209000,1.215000,4063960
2023-12-27,1.218000,1.220000,1.217000,1.219000,2914397
2023-12-28,1.221000,1.221000,1.215000,1.216000,3708309
2023-12-29,1.212000,1.213000,1.209000,1.213000,2839055
2024-01-02,1.210000,1.212000,1.209000,1.210000,3300848
2024-01-03,1.193000,1.193000,1.189000,1.191000,6826748
2024-01-04,1.182000,1.185000,1.181000,1.185000,4300042
2024-01-05,1.179000,1.181000,1.175000,1.176000,4293443
2024-01-08,1.180000,1.181000,1.177000,1.179000,2276687
2024-01-09,1.203000,1.209000,1.202000,1.209000,8179118
2024-01-10,1.213000,1.214000,1.208000,1.209000,4627462
2024-01-11,1.221000,1.224000,1.220000,1.223000,4666587
2024-01-12,1.218000,1.220000,1.216000,1.219000,3908189
2024-01-15,1.221000,1.228000,1.220000,1.227000,4827581
2024-01-16,1.221000,1.221000,1.214000,1.215000,5276480
2024-01-17,1.224000,1.224000,1.213000,1.214000,5665485
2024-01-18,1.215000,1.218000,1.214000,1.217000,4341799
2024-01-19,1.237000,1.242000,1.237000,1.242000,6832563
2024-01-22,1.269000,1.283000,1.269000,1.280000,13817285
2024-01-23,1.277000,1.277000,1.268000,1.271000,6286921
2024-01-24,1.278000,1.287000,1.276000,1.278000,8022387
2024-01-25,1.276000,1.277000,1.269000,1.271000,5871383
2024-01-26,1.262000,1.265000,1.255000,1.261000,6370294
2024-01-29,1.261000,1.274000,1.261000,1.272000,4283169
2024-01-30,1.286000,1.296000,1.283000,1.292000,7115957
2024-01-31,1.268000,1.273000,1.263000,1.264000,8575650
2024-02-01,1.251000,1.255000,1.251000,1.252000,3258445
2024-02-02,1.278000,1.285000,1.278000,1.283000,5837813
2024-02-05,1.295000,1.296000,1.286000,1.289000,4404706
2024-02-06,1.289000,1.291000,1.286000,1.291000,5412623
2024-02-07,1.286000,1.288000,1.278000,1.279000,3640878
2024-02-08,1.298000,1.310000,1.296000,1.308000,6107483
2024-02-19,1.296000,1.303000,1.292000,1.301000,5867049
2024-02-20,1.298000,1.301000,1.292000,1.299000,3527087
2024-02-21,1.285000,1.286000,1.281000,1.282000,5362715
2024-02-22,1.301000,1.304000,1.296000,1.304000,4970621
2024-02-23,1.322000,1.325000,1.319000,1.321000,4908005
2024-02-26,1.311000,1.313000,1.308000,1.308000,3393889
2024-02-27,1.308000,1.311000,1.303000,1.306000,4585179
2024-02-28,1.309000,1.310000,1.306000,1.309000,3494535
2024-02-29,1.301000,1.302000,1.298000,1.300000,4391801
2024-03-01,1.314000,1.322000,1.312000,1.321000,6860305
2024-03-04,1.337000,1.340000,1.336000,1.339000,5223647
2024-03-05,1.326000,1.331000,1.326000,1.329000,4792197
2024-03-06,1.313000,1.325000,1.310000,1.324000,7312436
2024-03-07,1.321000,1.323000,1.314000,1.315000,5368741
2024-03-08,1.337000,1.340000,1.336000,1.337000,4825518
2024-03-11,1.317000,1.318000,1.314000,1.317000,5853438
2024-03-12,1.318000,1.322000,1.317000,1.322000,4315325
2024-03-13,1.335000,1.335000,1.327000,1.330000,6562259
2024-03-14,1.323000,1.325000,1.322000,1.324000,3403403
2024-03-15,1.316000,1.318000,1.314000,1.316000,3471311
2024-03-18,1.307000,1.317000,1.306000,1.316000,5874703
2024-03-19,1.311000,1.312000,1.308000,1.309000,5682404
2024-03-20,1.315000,1.316000,1.314000,1.314000,3017900
2024-03-21,1.337000,1.338000,1.332000,1.337000,6526560
2024-03-22,1.335000,1.340000,1.334000,1.338000,6363020
2024-03-25,1.340000,1.341000,1.334000,1.334000,5365041
2024-03-26,1.334000,1.342000,1.334000,1.341000,3530792
2024-03-27,1.335000,1.342000,1.335000,1.342000,2764286
2024-03-28,1.343000,1.343000,1.338000,1.339000,4491405
2024-03-29,1.338000,1.338000,1.335000,1.337000,1438011
2024-04-01,1.346000,1.348000,1.342000,1.344000,3814852
2024-04-02,1.337000,1.341000,1.336000,1.340000,2915496
2024-04-03,1.327000,1.331000,1.326000,1.327000,3587870
2024-04-08,1.327000,1.331000,1.326000,1.326000,2667232
2024-04-09,1.327000,1.329000,1.325000,1.328000,2404448
2024-04-10,1.331000,1.333000,1.330000,1.333000,2169703
2024-04-11,1.321000,1.323000,1.320000,1.321000,2761868
2024-04-12,1.342000,1.343000,1.339000,1.341000,4836536
2024-04-15,1.323000,1.330000,1.322000,1.329000,4282976
2024-04-16,1.299000,1.301000,1.291000,1.293000,7957618
2024-04-17,1.297000,1.301000,1.290000,1.292000,5052447
2024-04-18,1.281000,1.289000,1.280000,1.289000,4235159
2024-04-19,1.264000,1.266000,1.251000,1.264000,9855318
2024-04-22,1.250000,1.257000,1.249000,1.256000,4490022
2024-04-23,1.260000,1.261000,1.256000,1.259000,5922012
2024-04-24,1.287000,1.292000,1.285000,1.289000,4821769
2024-04-25,1.274000,1.274000,1.266000,1.268000,4284890
2024-04-26,1.288000,1.292000,1.288000,1.290000,5009098
2024-04-29,1.301000,1.302000,1.297000,1.298000,4268045
2024-04-30,1.297000,1.301000,1.297000,1.299000,3930134
2024-05-06,1.301000,1.303000,1.300000,1.302000,3381645
2024-05-07,1.314000,1.317000,1.314000,1.315000,2329613
2024-05-08,1.319000,1.319000,1.315000,1.317000,2413999
2024-05-09,1.315000,1.317000,1.313000,1.314000,3112273
2024-05-10,1.319000,1.322000,1.318000,1.321000,2583982
2024-05-13,1.323000,1.328000,1.322000,1.326000,2270005
2024-05-14,1.325000,1.328000,1.325000,1.326000,1774436
2024-05-15,1.336000,1.338000,1.334000,1.335000,3109273
2024-05-16,1.356000,1.359000,1.356000,1.358000,4524380
2024-05-17,1.355000,1.356000,1.354000,1.355000,3435170
2024-05-20,1.357000,1.358000,1.356000,1.357000,2646689
2024-05-21,1.365000,1.366000,1.363000,1.364000,2989895
2024-05-22,1.369000,1.370000,1.368000,1.369000,2932901
2024-05-23,1.375000,1.382000,1.374000,1.381000,4115858
2024-05-24,1.364000,1.365000,1.357000,1.358000,6821833
2024-05-27,1.371000,1.375000,1.370000,1.374000,3802884
2024-05-28,1.377000,1.381000,1.376000,1.380000,2590900
2024-05-29,1.380000,1.381000,1.373000,1.374000,3866418
2024-05-30,1.364000,1.365000,1.359000,1.359000,3415736
2024-05-31,1.348000,1.353000,1.347000,1.353000,4125821
2024-06-03,1.359000,1.361000,1.356000,1.359000,5539542
2024-06-04,1.359000,1.360000,1.355000,1.355000,2387519
2024-06-05,1.364000,1.368000,1.362000,1.366000,3204431
2024-06-06,1.393000,1.394000,1.391000,1.393000,4707903
2024-06-07,1.392000,1.395000,1.392000,1.394000,2285491
2024-06-11,1.396000,1.397000,1.395000,1.395000,3013059
2024-06-12,1.408000,1.409000,1.407000,1.408000,3185155
2024-06-13,1.434000,1.436000,1.431000,1.436000,4758423
2024-06-14,1.434000,1.437000,1.434000,1.435000,3850721
2024-06-17,1.439000,1.442000,1.439000,1.441000,3897700
2024-06-18,1.457000,1.461000,1.457000,1.460000,5990196
2024-06-19,1.461000,1.464000,1.460000,1.462000,4455117
2024-06-20,1.465000,1.473000,1.464000,1.472000,6182477
2024-06-21,1.453000,1.453000,1.448000,1.450000,6375733
2024-06-24,1.443000,1.446000,1.441000,1.444000,3915295
2024-06-25,1.426000,1.431000,1.426000,1.429000,5803748
2024-06-26,1.447000,1.457000,1.447000,1.456000,6679220
2024-06-27,1.450000,1.456000,1.449000,1.455000,4381676
2024-06-28,1.466000,1.479000,1.466000,1.475000,6991522
2024-07-01,1.467000,1.475000,1.463000,1.473000,7471122
2024-07-02,1.482000,1.485000,1.471000,1.474000,8252473
2024-07-03,1.496000,1.504000,1.491000,1.501000,8460287
2024-07-04,1.520000,1.540000,1.500000,1.510000,11568361
2024-07-05,1.512000,1.534000,1.512000,1.529000,7541037
2024-07-08,1.547000,1.557000,1.537000,1.552000,5504556
2024-07-09,1.559000,1.572000,1.558000,1.568000,7655477
2024-07-10,1.570000,1.571000,1.542000,1.548000,9578113
2024-07-11,1.568000,1.570000,1.551000,1.555000,7903376
2024-07-12,1.505000,1.509000,1.491000,1.492000,10425686
2024-07-15,1.505000,1.541000,1.505000,1.539000,9082237
2024-07-16,1.544000,1.558000,1.534000,1.536000,6887309
2024-07-17,1.534000,1.534000,1.513000,1.522000,5042146
2024-07-18,1.466000,1.497000,1.464000,1.495000,8536641
2024-07-19,1.477000,1.483000,1.470000,1.471000,4990799
2024-07-22,1.460000,1.466000,1.449000,1.463000,7356904
2024-07-23,1.483000,1.488000,1.469000,1.477000,5567611
2024-07-24,1.465000,1.471000,1.447000,1.448000,6620588
2024-07-25,1.410000,1.414000,1.398000,1.407000,10327303
2024-07-26,1.396000,1.411000,1.396000,1.409000,7924867
2024-07-29,1.428000,1.438000,1.422000,1.437000,7251557
2024-07-30,1.422000,1.426000,1.411000,1.420000,7478708
2024-07-31,1.412000,1.432000,1.409000,1.429000,6076253
2024-08-01,1.463000,1.472000,1.462000,1.463000,6758593
2024-08-02,1.411000,1.429000,1.388000,1.396000,10584025
2024-08-05,1.330000,1.339000,1.262000,1.287000,21872906
2024-08-06,1.335000,1.342000,1.324000,1.332000,13465695
2024-08-07,1.332000,1.350000,1.330000,1.334000,9937123
2024-08-08,1.312000,1.319000,1.305000,1.314000,9255086
2024-08-09,1.355000,1.355000,1.341000,1.350000,5762414
2024-08-12,1.355000,1.366000,1.353000,1.365000,4464929
2024-08-13,1.368000,1.381000,1.367000,1.379000,3872637
2024-08-14,1.412000,1.419000,1.404000,1.413000,7165265
2024-08-15,1.417000,1.425000,1.414000,1.422000,5723533
2024-08-16,1.462000,1.472000,1.457000,1.469000,8191911
2024-08-19,1.470000,1.470000,1.440000,1.442000,7309865
2024-08-20,1.468000,1.471000,1.464000,1.468000,5473464
2024-08-21,1.462000,1.470000,1.455000,1.469000,3427927
2024-08-22,1.477000,1.483000,1.466000,1.471000,5684278
2024-08-23,1.449000,1.459000,1.447000,1.457000,5576588
2024-08-26,1.470000,1.470000,1.460000,1.460000,3750932
2024-08-27,1.447000,1.449000,1.440000,1.442000,4243092
2024-08-28,1.441000,1.446000,1.438000,1.442000,5272791
2024-08-29,1.410000,1.414000,1.405000,1.407000,7229986
2024-08-30,1.413000,1.418000,1.410000,1.417000,4883032
2024-09-02,1.429000,1.430000,1.427000,1.429000,3620174
2024-09-03,1.431000,1.436000,1.429000,1.431000,2875213
2024-09-04,1.374000,1.377000,1.354000,1.356000,11460186
2024-09-05,1.366000,1.369000,1.358000,1.360000,4180782
2024-09-06,1.351000,1.384000,1.351000,1.372000,8334623
2024-09-09,1.349000,1.366000,1.343000,1.364000,5481686
2024-09-10,1.375000,1.377000,1.367000,1.368000,4460372
2024-09-11,1.381000,1.382000,1.369000,1.377000,4461679
2024-09-12,1.414000,1.423000,1.412000,1.421000,6535594
2024-09-13,1.432000,1.437000,1.429000,1.435000,4521259
2024-09-18,1.433000,1.433000,1.423000,1.424000,4613494
2024-09-19,1.429000,1.441000,1.427000,1.440000,5011833
2024-09-20,1.456000,1.457000,1.442000,1.443000,4459152
2024-09-23,1.450000,1.457000,1.448000,1.449000,3180356
2024-09-24,1.450000,1.450000,1.429000,1.441000,5290077
2024-09-25,1.431000,1.437000,1.426000,1.430000,4796093
2024-09-26,1.445000,1.448000,1.438000,1.445000,5563663
2024-09-27,1.426000,1.431000,1.410000,1.414000,4950595
2024-09-30,1.401000,1.414000,1.389000,1.409000,15949409
2024-10-08,1.390000,1.410000,1.382000,1.403000,10214800
2024-10-09,1.430000,1.432000,1.420000,1.427000,7755422
2024-10-10,1.439000,1.446000,1.436000,1.443000,7339618
2024-10-11,1.445000,1.447000,1.442000,1.445000,5492464
2024-10-14,1.447000,1.447000,1.443000,1.446000,3859523
2024-10-15,1.460000,1.477000,1.459000,1.476000,5919009
2024-10-16,1.455000,1.465000,1.453000,1.459000,5634182
2024-10-17,1.457000,1.470000,1.453000,1.468000,5246584
2024-10-18,1.461000,1.464000,1.453000,1.459000,6792834
2024-10-21,1.464000,1.465000,1.459000,1.461000,5453125
2024-10-22,1.464000,1.464000,1.458000,1.459000,3504874
2024-10-23,1.465000,1.466000,1.463000,1.465000,3850056
2024-10-24,1.452000,1.453000,1.447000,1.449000,4682622
2024-10-25,1.456000,1.457000,1.453000,1.455000,2844981
2024-10-28,1.473000,1.475000,1.471000,1.473000,4824185
2024-10-29,1.466000,1.472000,1.464000,1.470000,3638155
2024-10-30,1.485000,1.488000,1.481000,1.484000,5991424
2024-10-31,1.463000,1.467000,1.457000,1.459000,5439566
2024-11-01,1.433000,1.444000,1.433000,1.442000,4854352
2024-11-04,1.441000,1.449000,1.441000,1.443000,4236791
2024-11-05,1.435000,1.439000,1.433000,1.438000,3872367
2024-11-06,1.463000,1.490000,1.457000,1.489000,14086456
2024-11-07,1.515000,1.522000,1.510000,1.512000,11505147
2024-11-08,1.525000,1.526000,1.520000,1.525000,6215732
2024-11-11,1.530000,1.535000,1.529000,1.534000,4552322
2024-11-12,1.535000,1.538000,1.534000,1.536000,6713765
2024-11-13,1.530000,1.530000,1.525000,1.527000,5346542
2024-11-14,1.528000,1.531000,1.527000,1.529000,4503562
2024-11-15,1.514000,1.515000,1.507000,1.510000,5082268
2024-11-18,1.491000,1.499000,1.490000,1.499000,5856469
2024-11-19,1.496000,1.505000,1.494000,1.504000,5401459
2024-11-20,1.517000,1.521000,1.516000,1.521000,4893660
2024-11-21,1.510000,1.512000,1.508000,1.510000,4692372
2024-11-22,1.519000,1.522000,1.517000,1.521000,4207896
2024-11-25,1.533000,1.537000,1.532000,1.536000,5325242
2024-11-26,1.529000,1.537000,1.526000,1.536000,3317737
2024-11-27,1.542000,1.548000,1.539000,1.540000,6027736
2024-11-28,1.530000,1.534000,1.529000,1.531000,3066714
2024-11-29,1.530000,1.534000,1.529000,1.532000,3016335
2024-12-02,1.540000,1.542000,1.537000,1.540000,2529456
2024-12-03,1.559000,1.568000,1.559000,1.568000,4844225
2024-12-04,1.576000,1.578000,1.572000,1.575000,4457209
2024-12-05,1.590000,1.593000,1.587000,1.589000,4311263
2024-12-06,1.581000,1.585000,1.580000,1.584000,3132982
2024-12-09,1.599000,1.611000,1.597000,1.610000,5577090
2024-12-10,1.586000,1.598000,1.584000,1.597000,6603609
2024-12-11,1.593000,1.597000,1.591000,1.593000,4226133
2024-12-12,1.621000,1.622000,1.614000,1.617000,5854419
2024-12-13,1.616000,1.630000,1.614000,1.629000,5369466
2024-12-16,1.631000,1.650000,1.630000,1.649000,6114484
2024-12-17,1.676000,1.682000,1.661000,1.663000,9914977
2024-12-18,1.658000,1.675000,1.657000,1.674000,6348118
2024-12-19,1.617000,1.640000,1.617000,1.630000,9581644
2024-12-20,1.620000,1.623000,1.591000,1.597000,8662102
2024-12-23,1.626000,1.653000,1.622000,1.652000,7324889
2024-12-24,1.673000,1.675000,1.630000,1.648000,9125139
2024-12-25,1.667000,1.671000,1.656000,1.667000,7482988
2024-12-26,1.669000,1.676000,1.663000,1.674000,5554894
2024-12-27,1.664000,1.667000,1.660000,1.662000,3902614
2024-12-30,1.634000,1.651000,1.632000,1.639000,5859798
2024-12-31,1.625000,1.637000,1.620000,1.629000,6244733
2025-01-02,1.625000,1.645000,1.622000,1.643000,6565221
2025-01-03,1.639000,1.646000,1.631000,1.633000,6468814
2025-01-06,1.660000,1.669000,1.650000,1.669000,9192816
2025-01-07,1.687000,1.689000,1.651000,1.659000,11301336
2025-01-08,1.632000,1.649000,1.631000,1.642000,7242673
2025-01-09,1.640000,1.640000,1.635000,1.636000,3136397
2025-01-10,1.628000,1.648000,1.628000,1.630000,5375987
2025-01-13,1.613000,1.614000,1.588000,1.592000,6060736
2025-01-14,1.609000,1.613000,1.599000,1.611000,8129753
2025-01-15,1.603000,1.607000,1.599000,1.601000,2939770
2025-01-16,1.640000,1.643000,1.628000,1.637000,5686603
2025-01-17,1.622000,1.631000,1.619000,1.630000,4372705
2025-01-20,1.644000,1.648000,1.639000,1.646000,5111773
2025-01-21,1.641000,1.650000,1.638000,1.647000,5023735
2025-01-22,1.656000,1.660000,1.653000,1.657000,5194655
2025-01-23,1.663000,1.666000,1.642000,1.643000,5990583
2025-01-24,1.650000,1.655000,1.639000,1.644000,4641674
2025-01-27,1.612000,1.621000,1.610000,1.615000,5114999
2025-02-05,1.617000,1.622000,1.611000,1.612000,3743460
2025-02-06,1.625000,1.627000,1.618000,1.627000,4908546
2025-02-07,1.628000,1.630000,1.615000,1.623000,6384733
2025-02-10,1.611000,1.612000,1.602000,1.606000,6552023
2025-02-11,1.612000,1.614000,1.607000,1.607000,3947833
2025-02-12,1.609000,1.610000,1.603000,1.609000,2768621
2025-02-13,1.613000,1.619000,1.611000,1.618000,3079401
2025-02-14,1.629000,1.631000,1.625000,1.629000,4326553
2025-02-17,1.629000,1.632000,1.624000,1.630000,3786691
2025-02-18,1.629000,1.643000,1.628000,1.643000,4147463
2025-02-19,1.639000,1.639000,1.633000,1.636000,4257912
2025-02-20,1.630000,1.630000,1.621000,1.622000,3142343
2025-02-21,1.616000,1.618000,1.607000,1.611000,5332985
2025-02-24,1.581000,1.592000,1.579000,1.590000,5135584
2025-02-25,1.568000,1.571000,1.563000,1.565000,3975460
2025-02-26,1.555000,1.563000,1.548000,1.561000,4841151
2025-02-27,1.553000,1.573000,1.551000,1.571000,4826473
2025-02-28,1.530000,1.531000,1.510000,1.511000,9862761
2025-03-03,1.528000,1.544000,1.527000,1.542000,6507859
2025-03-04,1.505000,1.516000,1.499000,1.515000,6970735
2025-03-05,1.515000,1.551000,1.509000,1.533000,11155065
2025-03-06,1.536000,1.542000,1.534000,1.534000,4546481
2025-03-07,1.505000,1.509000,1.498000,1.500000,5312244
2025-03-10,1.498000,1.503000,1.494000,1.496000,3548577
2025-03-11,1.429000,1.431000,1.369000,1.428000,20612575
2025-03-12,1.425000,1.437000,1.422000,1.432000,9081387
2025-03-13,1.444000,1.445000,1.419000,1.424000,9842656
2025-03-14,1.419000,1.450000,1.417000,1.438000,12102001
2025-03-17,1.452000,1.454000,1.442000,1.443000,3497389
2025-03-18,1.451000,1.457000,1.448000,1.455000,4259647
2025-03-19,1.442000,1.448000,1.441000,1.443000,3987369
2025-03-20,1.461000,1.480000,1.458000,1.475000,8705116
2025-03-21,1.470000,1.473000,1.463000,1.468000,3238722
2025-03-24,1.485000,1.499000,1.483000,1.498000,6560393
2025-03-25,1.524000,1.528000,1.504000,1.513000,5675300
2025-03-26,1.522000,1.522000,1.507000,1.508000,3933240
2025-03-27,1.478000,1.492000,1.478000,1.482000,5202629
2025-03-28,1.477000,1.479000,1.472000,1.475000,2757518
2025-03-31,1.428000,1.431000,1.400000,1.411000,9261749
2025-04-01,1.420000,1.437000,1.420000,1.436000,4981497
2025-04-02,1.442000,1.449000,1.439000,1.442000,3418509
2025-04-03,1.409000,1.427000,1.407000,1.413000,5907465
2025-04-07,1.272000,1.272000,1.272000,1.272000,3728587
2025-04-08,1.306000,1.335000,1.303000,1.319000,11784641
2025-04-09,1.271000,1.313000,1.260000,1.300000,18236091
2025-04-10,1.430000,1.430000,1.401000,1.429000,13148448
2025-04-11,1.372000,1.424000,1.371000,1.413000,11290487
2025-04-14,1.435000,1.437000,1.429000,1.432000,6431884
2025-04-15,1.425000,1.425000,1.415000,1.416000,3585723
2025-04-16,1.400000,1.406000,1.384000,1.389000,4194374
2025-04-17,1.379000,1.398000,1.377000,1.390000,5235547
2025-04-18,1.381000,1.387000,1.376000,1.381000,3590872
2025-04-21,1.374000,1.376000,1.367000,1.369000,3236146
2025-04-22,1.361000,1.374000,1.351000,1.371000,4599907
2025-04-23,1.401000,1.417000,1.391000,1.415000,7174158
2025-04-24,1.420000,1.420000,1.398000,1.398000,4418734
2025-04-25,1.436000,1.446000,1.436000,1.444000,7496686
2025-04-28,1.440000,1.450000,1.437000,1.448000,4579687
2025-04-29,1.451000,1.456000,1.445000,1.446000,3680105
2025-04-30,1.448000,1.452000,1.444000,1.446000,3628219
2025-05-06,1.469000,1.470000,1.454000,1.457000,6441272
2025-05-07,1.463000,1.476000,1.459000,1.462000,3423798
2025-05-08,1.477000,1.486000,1.470000,1.485000,4591589
2025-05-09,1.485000,1.489000,1.479000,1.486000,5095210
2025-05-12,1.513000,1.518000,1.506000,1.516000,5584639
2025-05-13,1.538000,1.539000,1.519000,1.522000,6294489
2025-05-14,1.546000,1.567000,1.546000,1.566000,9210377
2025-05-15,1.564000,1.572000,1.558000,1.559000,5872130
2025-05-16,1.561000,1.568000,1.559000,1.561000,3176076
2025-05-19,1.550000,1.555000,1.546000,1.547000,5224579
2025-05-20,1.565000,1.569000,1.562000,1.564000,4654630
2025-05-21,1.563000,1.563000,1.547000,1.549000,4276423
2025-05-22,1.540000,1.547000,1.534000,1.539000,5585076
2025-05-23,1.540000,1.544000,1.532000,1.534000,2436645
2025-05-26,1.540000,1.543000,1.536000,1.543000,2373397
2025-05-27,1.540000,1.554000,1.538000,1.550000,3632932
2025-05-28,1.568000,1.572000,1.563000,1.568000,3190856
2025-05-29,1.590000,1.594000,1.585000,1.589000,4682624
2025-05-30,1.554000,1.562000,1.553000,1.556000,4523247
2025-06-03,1.567000,1.568000,1.561000,1.562000,3376504
2025-06-04,1.577000,1.578000,1.570000,1.575000,4252270
2025-06-05,1.575000,1.577000,1.571000,1.571000,2332413
2025-06-06,1.560000,1.569000,1.559000,1.567000,3877387
2025-06-09,1.573000,1.574000,1.570000,1.571000,2204700
2025-06-10,1.581000,1.586000,1.569000,1.571000,7086257
2025-06-11,1.577000,1.580000,1.576000,1.577000,3638397
2025-06-12,1.570000,1.574000,1.568000,1.571000,3311562
2025-06-13,1.552000,1.559000,1.548000,1.554000,6415816
2025-06-16,1.561000,1.568000,1.560000,1.567000,4620218
2025-06-17,1.573000,1.577000,1.570000,1.573000,6074351
2025-06-18,1.568000,1.572000,1.566000,1.568000,3229766
2025-06-19,1.560000,1.563000,1.556000,1.559000,3832173
2025-06-20,1.559000,1.566000,1.557000,1.562000,3214342
2025-06-23,1.551000,1.559000,1.549000,1.559000,3033614
2025-06-24,1.585000,1.595000,1.583000,1.595000,6232075
2025-06-25,1.596000,1.598000,1.594000,1.595000,4366056
2025-06-26,1.599000,1.603000,1.596000,1.603000,4287298
2025-06-27,1.612000,1.622000,1.611000,1.619000,5142311
2025-06-30,1.625000,1.631000,1.624000,1.629000,4747141
2025-07-01,1.631000,1.631000,1.621000,1.622000,5043952
2025-07-02,1.614000,1.624000,1.613000,1.623000,4615354
2025-07-03,1.630000,1.630000,1.625000,1.626000,4985408
2025-07-04,1.639000,1.640000,1.635000,1.636000,3187550
2025-07-07,1.633000,1.638000,1.632000,1.635000,4245882
2025-07-08,1.633000,1.637000,1.631000,1.636000,4060493
2025-07-09,1.633000,1.634000,1.627000,1.630000,4460343
2025-07-10,1.637000,1.640000,1.636000,1.639000,3386540
2025-07-11,1.634000,1.636000,1.632000,1.633000,3780417
2025-07-14,1.626000,1.627000,1.622000,1.623000,3911329
2025-07-15,1.635000,1.649000,1.634000,1.648000,7667673
2025-07-16,1.640000,1.643000,1.637000,1.638000,3491234
2025-07-17,1.644000,1.652000,1.642000,1.650000,4063494
2025-07-18,1.658000,1.666000,1.658000,1.662000,3877670
2025-07-21,1.663000,1.665000,1.661000,1.662000,2313866
2025-07-22,1.666000,1.669000,1.661000,1.663000,3204355
2025-07-23,1.657000,1.660000,1.655000,1.660000,3955703
2025-07-24,1.667000,1.668000,1.661000,1.663000,3016826
2025-07-25,1.667000,1.669000,1.665000,1.666000,2899654
2025-07-28,1.677000,1.684000,1.677000,1.684000,2724062
2025-07-29,1.683000,1.685000,1.680000,1.683000,3264103
2025-07-30,1.679000,1.682000,1.677000,1.680000,2269491
2025-07-31,1.703000,1.706000,1.701000,1.704000,3852397
2025-08-01,1.674000,1.678000,1.670000,1.671000,5850542
2025-08-04,1.643000,1.649000,1.643000,1.648000,5128905
2025-08-05,1.672000,1.680000,1.670000,1.679000,3870617
2025-08-06,1.658000,1.671000,1.656000,1.670000,5309114
2025-08-07,1.689000,1.692000,1.683000,1.684000,3808515
2025-08-08,1.691000,1.693000,1.688000,1.691000,2886855
2025-08-11,1.706000,1.708000,1.704000,1.708000,3831491
2025-08-12,1.702000,1.706000,1.699000,1.703000,4405985
2025-08-13,1.721000,1.722000,1.715000,1.721000,5355960
2025-08-14,1.718000,1.719000,1.714000,1.717000,3282039
2025-08-15,1.717000,1.722000,1.717000,1.722000,3403342
2025-08-18,1.715000,1.718000,1.708000,1.710000,4454914
2025-08-19,1.709000,1.710000,1.701000,1.703000,3426459
2025-08-20,1.678000,1.686000,1.675000,1.684000,5257342
2025-08-21,1.676000,1.690000,1.676000,1.690000,4438892
2025-08-22,1.681000,1.687000,1.672000,1.676000,4891104
2025-08-25,1.700000,1.701000,1.695000,1.698000,4435584
2025-08-26,1.691000,1.692000,1.688000,1.690000,2700551
2025-08-27,1.699000,1.705000,1.696000,1.704000,2784757
2025-08-28,1.694000,1.698000,1.690000,1.693000,3838409
2025-08-29,1.700000,1.700000,1.691000,1.692000,4104975
2025-09-01,1.679000,1.680000,1.667000,1.673000,6282235
2025-09-02,1.676000,1.677000,1.672000,1.676000,2828848
2025-09-03,1.667000,1.678000,1.666000,1.676000,4094441
2025-09-04,1.685000,1.686000,1.681000,1.682000,4275985
2025-09-05,1.698000,1.701000,1.696000,1.701000,3384916
2025-09-08,1.698000,1.699000,1.694000,1.696000,2489904
2025-09-09,1.698000,1.701000,1.696000,1.701000,3196478
2025-09-10,1.704000,1.711000,1.704000,1.711000,2657639
2025-09-11,1.707000,1.709000,1.703000,1.708000,2891104
2025-09-12,1.713000,1.715000,1.712000,1.714000,2191303
2025-09-15,1.719000,1.727000,1.718000,1.727000,3214370
2025-09-16,1.736000,1.741000,1.735000,1.736000,3485675
2025-09-17,1.732000,1.733000,1.726000,1.729000,4416105
2025-09-18,1.734000,1.745000,1.733000,1.744000,5214699
2025-09-19,1.751000,1.755000,1.750000,1.751000,4219363
2025-09-22,1.762000,1.774000,1.760000,1.771000,6033057
2025-09-23,1.788000,1.800000,1.786000,1.800000,5484260
2025-09-24,1.784000,1.786000,1.774000,1.785000,5490781
2025-09-25,1.779000,1.784000,1.776000,1.779000,2416786
2025-09-26,1.771000,1.782000,1.769000,1.780000,3102190
2025-09-29,1.793000,1.805000,1.792000,1.800000,4374478
2025-09-30,1.802000,1.816000,1.802000,1.813000,4818682
2025-10-09,1.842000,1.855000,1.842000,1.851000,4596623
2025-10-10,1.852000,1.865000,1.843000,1.860000,5062776
2025-10-13,1.807000,1.834000,1.806000,1.829000,9320492
2025-10-14,1.855000,1.855000,1.802000,1.810000,6435169
2025-10-15,1.823000,1.836000,1.813000,1.825000,6138427
2025-10-16,1.823000,1.840000,1.818000,1.838000,4647926
2025-10-17,1.825000,1.830000,1.806000,1.807000,4382429
2025-10-20,1.835000,1.860000,1.834000,1.859000,6380883
2025-10-21,1.888000,1.890000,1.858000,1.873000,4519169
2025-10-22,1.871000,1.888000,1.862000,1.883000,4957989
2025-10-23,1.868000,1.886000,1.866000,1.883000,3411844
2025-10-24,1.910000,1.911000,1.895000,1.902000,3204220
2025-10-27,1.923000,1.964000,1.923000,1.956000,7136045
2025-10-28,1.976000,1.991000,1.932000,1.961000,7365047
2025-10-29,1.984000,2.000000,1.969000,2.000000,4677598
2025-10-30,1.997000,2.001000,1.980000,1.985000,5846493
2025-10-31,1.981000,1.998000,1.969000,1.982000,4697858
2025-11-03,1.984000,1.989000,1.975000,1.976000,3146724
2025-11-04,1.977000,1.979000,1.918000,1.940000,5530366
2025-11-05,1.890000,1.927000,1.862000,1.912000,6911386
2025-11-06,1.923000,1.950000,1.919000,1.949000,3594969
2025-11-07,1.918000,1.938000,1.912000,1.924000,4875314
2025-11-10,1.946000,1.953000,1.936000,1.951000,3958626
2025-11-11,1.975000,1.980000,1.950000,1.959000,3637482
2025-11-12,1.967000,1.975000,1.960000,1.974000,3450910
2025-11-13,1.970000,1.976000,1.965000,1.975000,3206418
2025-11-14,1.935000,1.946000,1.920000,1.923000,4759289
2025-11-17,1.941000,1.942000,1.886000,1.909000,5129448
2025-11-18,1.881000,1.892000,1.838000,1.844000,8785409
2025-11-19,1.835000,1.863000,1.831000,1.836000,7144111
2025-11-20,1.879000,1.909000,1.879000,1.907000,6358348
2025-11-21,1.834000,1.858000,1.831000,1.848000,6331539
2025-11-24,1.868000,1.876000,1.851000,1.856000,5391474
2025-11-25,1.896000,1.899000,1.890000,1.897000,6021639
2025-11-26,1.911000,1.930000,1.911000,1.927000,2997253
2025-11-27,1.941000,1.942000,1.922000,1.925000,2846439
2025-11-28,1.935000,1.944000,1.928000,1.943000,2388458
2025-12-01,1.930000,1.943000,1.926000,1.936000,3124567
2025-12-02,1.945000,1.946000,1.933000,1.940000,1971990
2025-12-03,1.950000,1.966000,1.950000,1.965000,3261453
2025-12-04,1.965000,1.972000,1.964000,1.965000,2394191
2025-12-05,1.968000,1.972000,1.956000,1.963000,3236556
2025-12-08,1.963000,1.969000,1.951000,1.952000,2692512
2025-12-09,1.948000,1.948000,1.922000,1.928000,3210903
2025-12-10,1.928000,1.948000,1.924000,1.944000,2911717
2025-12-11,1.942000,1.952000,1.917000,1.918000,3738107
2025-12-12,1.932000,1.932000,1.918000,1.921000,2856958
2025-12-15,1.890000,1.905000,1.888000,1.902000,2470526
2025-12-16,1.890000,1.895000,1.866000,1.873000,3296844
2025-12-17,1.886000,1.905000,1.883000,1.899000,3378807
2025-12-18,1.873000,1.880000,1.870000,1.878000,2596504
2025-12-19,1.899000,1.917000,1.896000,1.916000,2884446
2025-12-22,1.940000,1.947000,1.940000,1.945000,2548444
2025-12-23,1.946000,1.947000,1.932000,1.935000,2072785
2025-12-24,1.943000,1.944000,1.930000,1.933000,1783781
2025-12-25,1.933000,1.935000,1.926000,1.930000,1385094
2025-12-26,1.935000,1.937000,1.928000,1.929000,1064529
2025-12-29,1.925000,1.925000,1.909000,1.916000,1972867
2025-12-30,1.903000,1.916000,1.898000,1.914000,2105945
2025-12-31,1.905000,1.909000,1.901000,1.904000,1335823
2026-01-05,1.909000,1.930000,1.907000,1.930000,2742749
2026-01-06,1.932000,1.933000,1.920000,1.925000,2686141
2026-01-07,1.930000,1.931000,1.917000,1.919000,2139806
2026-01-08,1.916000,1.918000,1.898000,1.899000,2518386
2026-01-09,1.896000,1.906000,1.890000,1.903000,1831269
2026-01-12,1.904000,1.907000,1.892000,1.893000,2938080
2026-01-13,1.895000,1.917000,1.893000,1.915000,2607273
2026-01-14,1.914000,1.914000,1.901000,1.909000,2170817
2026-01-15,1.898000,1.906000,1.891000,1.901000,2234631
2026-01-16,1.904000,1.906000,1.899000,1.904000,1527866
2026-01-19,1.886000,1.896000,1.883000,1.887000,1902556
2026-01-20,1.887000,1.890000,1.871000,1.876000,1700407
2026-01-21,1.862000,1.879000,1.856000,1.875000,2331084
2026-01-22,1.896000,1.906000,1.894000,1.901000,2307416
2026-01-23,1.908000,1.910000,1.890000,1.891000,2367098
2026-01-26,1.888000,1.888000,1.870000,1.882000,2372021
2026-01-27,1.894000,1.899000,1.888000,1.894000,2109184
2026-01-28,1.902000,1.912000,1.894000,1.905000,3683997
2026-01-29,1.895000,1.898000,1.886000,1.891000,1904562
2026-01-30,1.874000,1.887000,1.874000,1.881000,1912240
2026-02-02,1.858000,1.875000,1.831000,1.833000,3399120
2026-02-03,1.870000,1.873000,1.855000,1.872000,2516215
2026-02-04,1.849000,1.855000,1.841000,1.853000,2501768
2026-02-05,1.835000,1.843000,1.831000,1.840000,1884899
2026-02-06,1.809000,1.818000,1.805000,1.813000,2796254
2026-02-09,1.846000,1.850000,1.841000,1.847000,2035546
2026-02-10,1.851000,1.854000,1.842000,1.844000,1536116
2026-02-11,1.840000,1.843000,1.839000,1.841000,1094132
2026-02-12,1.840000,1.847000,1.833000,1.836000,1574971
2026-02-13,1.810000,1.833000,1.807000,1.830000,2241112
2026-02-24,1.821000,1.824000,1.810000,1.823000,1585211
2026-02-25,1.832000,1.837000,1.824000,1.825000,1367578
2026-02-26,1.839000,1.841000,1.831000,1.832000,1560805
2026-02-27,1.816000,1.823000,1.816000,1.819000,1234307
2026-03-02,1.804000,1.818000,1.800000,1.802000,1923465
2026-03-03,1.810000,1.812000,1.783000,1.786000,1957699
2026-03-04,1.779000,1.783000,1.760000,1.762000,2311738
2026-03-05,1.790000,1.802000,1.790000,1.800000,2712781
2026-03-06,1.794000,1.804000,1.790000,1.801000,1276101
2026-03-09,1.748000,1.772000,1.744000,1.756000,3309945
2026-03-10,1.792000,1.794000,1.786000,1.788000,2290753
2026-03-11,1.792000,1.797000,1.790000,1.792000,1370908
2026-03-12,1.786000,1.793000,1.778000,1.784000,1335210
2026-03-13,1.774000,1.774000,1.766000,1.767000,1399438
2026-03-16,1.763000,1.775000,1.759000,1.774000,1834027
2026-03-17,1.776000,1.784000,1.765000,1.768000,1499428
2026-03-18,1.785000,1.800000,1.781000,1.789000,2977384
2026-03-19,1.763000,1.773000,1.760000,1.764000,1524050
2026-03-20,1.771000,1.771000,1.748000,1.749000,970828
2026-03-23,1.725000,1.725000,1.664000,1.680000,6127720
2026-03-24,1.699000,1.729000,1.687000,1.717000,3716381
2026-03-25,1.730000,1.736000,1.719000,1.734000,2634354
2026-03-26,1.730000,1.737000,1.710000,1.716000,2052676
2026-03-27,1.692000,1.711000,1.689000,1.708000,2139623
2026-03-30,1.672000,1.685000,1.666000,1.683000,2847557
2026-03-31,1.680000,1.693000,1.672000,1.674000,1655627
2026-04-01,1.724000,1.756000,1.718000,1.752000,3961346
2026-04-02,1.745000,1.745000,1.713000,1.721000,2461770
2026-04-03,1.737000,1.740000,1.728000,1.731000,1108106
2026-04-07,1.731000,1.742000,1.729000,1.732000,1481582
2026-04-08,1.789000,1.841000,1.788000,1.833000,5227473
2026-04-09,1.833000,1.833000,1.780000,1.805000,2792199
2026-04-10,1.824000,1.840000,1.801000,1.809000,2566607
2026-04-13,1.800000,1.803000,1.788000,1.798000,2150604
2026-04-14,1.833000,1.833000,1.824000,1.825000,1729538
2026-04-15,1.856000,1.874000,1.856000,1.864000,3040195
2026-04-16,1.900000,1.912000,1.896000,1.907000,3219384
2026-04-17,1.902000,1.903000,1.885000,1.892000,2522159
2026-04-20,1.900000,1.902000,1.888000,1.890000,2286049
2026-04-21,1.893000,1.897000,1.875000,1.892000,2343694
2026-04-22,1.890000,1.898000,1.884000,1.896000,2047046
2026-04-23,1.907000,1.917000,1.897000,1.905000,3046498
2026-04-24,1.905000,1.909000,1.901000,1.907000,1945538
2026-04-27,1.930000,1.947000,1.929000,1.945000,4027622
2026-04-28,1.945000,1.967000,1.943000,1.963000,3494815
2026-04-29,1.951000,1.963000,1.948000,1.962000,2658782
2026-04-30,1.975000,1.979000,1.955000,1.959000,3104625
2026-05-06,2.020000,2.029000,2.003000,2.010000,5716545
2026-05-07,2.030000,2.058000,2.030000,2.054000,6157079
2026-05-08,2.049000,2.066000,2.040000,2.065000,5171352
2026-05-11,2.104000,2.110000,2.100000,2.108000,4764941
2026-05-12,2.098000,2.102000,2.080000,2.081000,4902502
2026-05-13,2.076000,2.098000,2.070000,2.093000,5346952
2026-05-14,2.116000,2.117000,2.093000,2.105000,4314164
2026-05-15,2.107000,2.126000,2.084000,2.100000,6910110
2026-05-18,2.065000,2.090000,2.060000,2.066000,5351782
2026-05-19,2.058000,2.068000,2.034000,2.047000,5153288
2026-05-20,2.036000,2.060000,2.026000,2.058000,5298471
2026-05-21,2.085000,2.114000,2.081000,2.103000,6300273
2026-05-22,2.120000,2.150000,2.120000,2.146000,6746483
2026-05-25,2.211000,2.270000,2.188000,2.231000,8047392
2026-05-26,2.231000,2.231000,2.150000,2.185000,4705619
2026-05-27,2.215000,2.242000,2.209000,2.223000,4836979
2026-05-28,2.226000,2.226000,2.173000,2.214000,3708345
2026-05-29,2.235000,2.274000,2.235000,2.273000,5010621
2026-06-01,2.273000,2.386000,2.046000,2.365000,7489384
2026-06-02,2.355000,2.375000,2.250000,2.343000,5894013
2026-06-03,2.577000,2.577000,2.277000,2.299000,5047053
2026-06-04,2.310000,2.310000,2.229000,2.240000,5196540
2026-06-05,2.202000,2.249000,2.200000,2.205000,4916466
2026-06-08,2.116000,2.157000,2.106000,2.114000,7129072
2026-06-09,2.150000,2.203000,2.144000,2.200000,6945866
2026-06-10,2.156000,2.165000,2.131000,2.143000,4162059
2026-06-11,2.123000,2.131000,2.092000,2.130000,4859970
2026-06-12,2.210000,2.215000,2.158000,2.162000,4796030
2026-06-15,2.231000,2.260000,2.220000,2.258000,5072860
2026-06-16,2.264000,2.383000,2.264000,2.280000,3261065
2026-06-17,2.251000,2.289000,2.249000,2.279000,3241198
2026-06-18,2.319000,2.319000,2.240000,2.266000,3677768
2026-06-22,2.311000,2.311000,2.242000,2.250000,4552929
2026-06-23,2.220000,2.227000,2.169000,2.174000,5783018
2026-06-24,2.154000,2.192000,2.154000,2.187000,5309931
2026-06-25,2.204000,2.212000,2.186000,2.208000,3382447
2026-06-26,2.206000,2.206000,2.133000,2.158000,3019966
2026-06-29,2.161000,2.180000,2.147000,2.178000,3128648
2026-06-30,2.211000,2.214000,2.200000,2.204000,2897348
2026-07-01,2.227000,2.232000,2.204000,2.209000,3078889
2026-07-02,2.193000,2.196000,2.155000,2.158000,3419870
2026-07-03,2.150000,2.175000,2.144000,2.167000,3356138
2026-07-06,2.168000,2.175000,2.147000,2.171000,2044960
2026-07-07,2.167000,2.176000,2.155000,2.169000,2118120
2026-07-08,2.161000,2.164000,2.140000,2.141000,1910142
2026-07-09,2.157000,2.169000,2.147000,2.166000,2235309
2026-07-10,2.181000,2.189000,2.171000,2.174000,1842337
2026-07-13,2.179000,2.179000,2.162000,2.168000,1967887
2026-07-14,2.157000,2.171000,2.136000,2.170000,2861526
2026-07-15,2.186000,2.192000,2.176000,2.188000,3024353
2026-07-16,2.168000,2.179000,2.164000,2.167000,1902305
2026-07-17,2.134000,2.135000,2.103000,2.107000,3166578
2026-07-20,2.107000,2.118000,2.094000,2.096000,1719931
2026-07-21,2.105000,2.133000,2.100000,2.130000,2770344
2026-07-22,2.139000,2.153000,2.126000,2.130000,1818918
2026-07-23,2.143000,2.148000,2.122000,2.131000,1423811
2026-07-24,2.100000,2.110000,2.095000,2.104000,1430854
2026-07-27,2.105000,2.122000,2.104000,2.118000,1453596
2026-07-28,2.090000,2.096000,2.060000,2.068000,1237607
2026-07-29,2.076000,2.081000,2.059000,2.074000,1382572
2026-07-30,2.050000,2.055000,2.035000,2.041000,1094896
2026-07-31,2.111000,2.119000,2.107000,2.112000,1687804
2026-08-03,2.115000,2.132000,2.115000,2.127000,1022276
2026-08-04,2.170000,2.193000,2.165000,2.192000,1787824
2026-08-05,2.259000,2.268000,2.250000,2.267000,2254395
2026-08-06,2.243000,2.246000,2.234000,2.244000,1907537
2026-08-07,2.244000,2.274000,2.238000,2.266000,1991491
2026-08-10,2.280000,2.292000,2.260000,2.261000,1927990
2026-08-11,2.235000,2.245000,2.232000,2.236000,568260
