date,open,high,low,close,volume
2017-06-16,0.765000,0.767000,0.763000,0.767000,10800
2017-06-19,0.766000,0.767000,0.764000,0.767000,7596
2017-06-20,0.774000,0.774000,0.771000,0.774000,25778
2017-06-21,0.769000,0.769000,0.766000,0.768000,8110
2017-06-22,0.768000,0.769000,0.764000,0.768000,14004
2017-06-23,0.766000,0.769000,0.766000,0.769000,3119
2017-06-26,0.770000,0.770000,0.768000,0.769000,14079
2017-06-27,0.768000,0.770000,0.768000,0.769000,5314
2017-06-28,0.765000,0.765000,0.760000,0.763000,14283
2017-06-29,0.767000,0.770000,0.765000,0.765000,32372
2017-06-30,0.759000,0.761000,0.757000,0.761000,9619
2017-07-03,0.760000,0.761000,0.759000,0.760000,9704
2017-07-04,0.761000,0.761000,0.759000,0.761000,8783
2017-07-05,0.761000,0.762000,0.760000,0.762000,3865
2017-07-06,0.763000,0.763000,0.761000,0.762000,4028
2017-07-07,0.759000,0.759000,0.754000,0.758000,10596
2017-07-10,0.761000,0.761000,0.758000,0.761000,8571
2017-07-11,0.761000,0.763000,0.760000,0.761000,4106
2017-07-12,0.761000,0.761000,0.759000,0.760000,3579
2017-07-13,0.765000,0.766000,0.764000,0.765000,6871
2017-07-14,0.765000,0.766000,0.763000,0.764000,5407
2017-07-17,0.766000,0.768000,0.765000,0.767000,17755
2017-07-18,0.767000,0.767000,0.765000,0.767000,3372
2017-07-19,0.768000,0.772000,0.766000,0.769000,21918
2017-07-20,0.771000,0.774000,0.771000,0.773000,11034
2017-07-21,0.771000,0.773000,0.769000,0.771000,6734
2017-07-24,0.770000,0.771000,0.765000,0.769000,8500
2017-07-25,0.769000,0.770000,0.767000,0.769000,4647
2017-07-26,0.770000,0.771000,0.769000,0.770000,4047
2017-07-27,0.771000,0.771000,0.766000,0.768000,12527
2017-07-28,0.767000,0.772000,0.765000,0.768000,11836
2017-07-31,0.768000,0.771000,0.765000,0.768000,10075
2017-08-01,0.768000,0.770000,0.766000,0.766000,16259
2017-08-02,0.767000,0.769000,0.766000,0.768000,12303
2017-08-03,0.768000,0.768000,0.765000,0.765000,5229
2017-08-04,0.765000,0.765000,0.763000,0.764000,5488
2017-08-07,0.764000,0.772000,0.764000,0.770000,15066
2017-08-08,0.770000,0.771000,0.768000,0.770000,4025
2017-08-09,0.770000,0.770000,0.766000,0.766000,7873
2017-08-10,0.763000,0.765000,0.763000,0.764000,4694
2017-08-11,0.758000,0.758000,0.753000,0.757000,9884
2017-08-14,0.759000,0.760000,0.756000,0.759000,3983
2017-08-15,0.765000,0.765000,0.762000,0.762000,3308
2017-08-16,0.762000,0.764000,0.759000,0.760000,14002
2017-08-17,0.762000,0.762000,0.759000,0.759000,1677
2017-08-18,0.751000,0.755000,0.750000,0.753000,15369
2017-08-21,0.754000,0.754000,0.749000,0.752000,11165
2017-08-22,0.751000,0.753000,0.749000,0.752000,4630
2017-08-23,0.752000,0.757000,0.752000,0.755000,7169
2017-08-24,0.755000,0.755000,0.751000,0.751000,3432
2017-08-25,0.750000,0.752000,0.749000,0.751000,5939
2017-08-28,0.750000,0.752000,0.748000,0.751000,12403
2017-08-29,0.751000,0.751000,0.747000,0.747000,11569
2017-08-30,0.748000,0.748000,0.746000,0.747000,5929
2017-08-31,0.749000,0.750000,0.748000,0.749000,13549
2017-09-01,0.751000,0.752000,0.750000,0.752000,9699
2017-09-04,0.752000,0.753000,0.750000,0.752000,15841
2017-09-05,0.752000,0.752000,0.749000,0.750000,7762
2017-09-06,0.749000,0.749000,0.745000,0.749000,7884
2017-09-07,0.749000,0.749000,0.746000,0.748000,4341
2017-09-08,0.749000,0.749000,0.747000,0.747000,9578
2017-09-11,0.748000,0.750000,0.748000,0.748000,7359
2017-09-12,0.752000,0.758000,0.751000,0.752000,24949
2017-09-13,0.753000,0.753000,0.751000,0.752000,3585
2017-09-14,0.752000,0.754000,0.750000,0.753000,26821
2017-09-15,0.751000,0.755000,0.751000,0.754000,13373
2017-09-18,0.755000,0.758000,0.755000,0.756000,9540
2017-09-19,0.756000,0.758000,0.756000,0.758000,5069
2017-09-20,0.758000,0.759000,0.758000,0.759000,7216
2017-09-21,0.760000,0.761000,0.759000,0.761000,6848
2017-09-22,0.763000,0.763000,0.759000,0.761000,13360
2017-09-25,0.761000,0.762000,0.758000,0.758000,5123
2017-09-26,0.758000,0.759000,0.756000,0.759000,17462
2017-09-27,0.758000,0.761000,0.758000,0.760000,6465
2017-09-28,0.764000,0.766000,0.764000,0.765000,11228
2017-09-29,0.766000,0.770000,0.766000,0.770000,5103
2017-10-09,0.781000,0.784000,0.776000,0.780000,30888
2017-10-10,0.780000,0.782000,0.775000,0.780000,9277
2017-10-11,0.780000,0.786000,0.780000,0.784000,12525
2017-10-12,0.784000,0.786000,0.784000,0.785000,5080
2017-10-13,0.784000,0.784000,0.778000,0.779000,7496
2017-10-16,0.780000,0.781000,0.779000,0.780000,3801
2017-10-17,0.780000,0.782000,0.780000,0.782000,4861
2017-10-18,0.784000,0.784000,0.779000,0.781000,5384
2017-10-19,0.783000,0.783000,0.780000,0.780000,7524
2017-10-20,0.780000,0.785000,0.780000,0.784000,13304
2017-10-23,0.786000,0.789000,0.785000,0.787000,3923
2017-10-24,0.787000,0.787000,0.783000,0.785000,4375
2017-10-25,0.785000,0.789000,0.785000,0.789000,6401
2017-10-26,0.785000,0.787000,0.784000,0.785000,4908
2017-10-27,0.785000,0.788000,0.785000,0.788000,14045
2017-10-30,0.793000,0.795000,0.791000,0.794000,6894
2017-10-31,0.795000,0.796000,0.792000,0.793000,4269
2017-11-01,0.795000,0.796000,0.794000,0.796000,8940
2017-11-02,0.796000,0.797000,0.793000,0.796000,9965
2017-11-03,0.798000,0.808000,0.796000,0.800000,7275
2017-11-06,0.810000,0.811000,0.795000,0.803000,28057
2017-11-07,0.803000,0.803000,0.796000,0.798000,14555
2017-11-08,0.795000,0.798000,0.795000,0.796000,7506
2017-11-09,0.795000,0.800000,0.794000,0.797000,11924
2017-11-10,0.789000,0.793000,0.789000,0.792000,22729
2017-11-13,0.791000,0.793000,0.790000,0.792000,16338
2017-11-14,0.793000,0.794000,0.792000,0.793000,9868
2017-11-15,0.792000,0.793000,0.787000,0.787000,9192
2017-11-16,0.786000,0.787000,0.782000,0.786000,11720
2017-11-17,0.791000,0.793000,0.791000,0.792000,7756
2017-11-20,0.792000,0.793000,0.789000,0.790000,7015
2017-11-21,0.790000,0.793000,0.790000,0.792000,9283
2017-11-22,0.795000,0.800000,0.794000,0.795000,8852
2017-11-23,0.796000,0.796000,0.792000,0.793000,13445
2017-11-24,0.792000,0.795000,0.789000,0.794000,5426
2017-11-27,0.794000,0.796000,0.793000,0.794000,12519
2017-11-28,0.794000,0.796000,0.792000,0.795000,11611
2017-11-29,0.799000,0.803000,0.799000,0.802000,46103
2017-11-30,0.801000,0.802000,0.800000,0.801000,10840
2017-12-01,0.810000,0.810000,0.806000,0.808000,19525
2017-12-04,0.815000,0.840000,0.813000,0.830000,70059
2017-12-05,0.825000,0.825000,0.810000,0.815000,31734
2017-12-06,0.814000,0.814000,0.803000,0.807000,30598
2017-12-07,0.806000,0.810000,0.806000,0.807000,10715
2017-12-08,0.809000,0.815000,0.809000,0.814000,28184
2017-12-11,0.817000,0.822000,0.815000,0.818000,15773
2017-12-12,0.821000,0.823000,0.819000,0.821000,8321
2017-12-13,0.822000,0.824000,0.820000,0.822000,11417
2017-12-14,0.822000,0.823000,0.821000,0.822000,4902
2017-12-15,0.820000,0.820000,0.815000,0.815000,8982
2017-12-18,0.824000,0.824000,0.819000,0.823000,18062
2017-12-19,0.825000,0.830000,0.825000,0.830000,8542
2017-12-20,0.828000,0.828000,0.824000,0.826000,7520
2017-12-21,0.825000,0.825000,0.821000,0.822000,10762
2017-12-22,0.824000,0.825000,0.822000,0.824000,6956
2017-12-25,0.824000,0.826000,0.820000,0.823000,10843
2017-12-26,0.824000,0.824000,0.819000,0.823000,10126
2017-12-27,0.824000,0.824000,0.820000,0.822000,14404
2017-12-28,0.823000,0.823000,0.817000,0.817000,16284
2017-12-29,0.817000,0.818000,0.816000,0.817000,11905
2018-01-02,0.816000,0.816000,0.810000,0.814000,13410
2018-01-03,0.819000,0.820000,0.816000,0.818000,24193
2018-01-04,0.821000,0.822000,0.818000,0.819000,18878
2018-01-05,0.821000,0.823000,0.820000,0.820000,16764
2018-01-08,0.824000,0.826000,0.823000,0.826000,15177
2018-01-09,0.824000,0.826000,0.824000,0.826000,35819
2018-01-10,0.827000,0.830000,0.827000,0.829000,13186
2018-01-11,0.829000,0.829000,0.827000,0.829000,13020
2018-01-12,0.833000,0.838000,0.833000,0.838000,13398
2018-01-15,0.839000,0.845000,0.839000,0.841000,20462
2018-01-16,0.841000,0.842000,0.840000,0.841000,10892
2018-01-17,0.831000,0.840000,0.831000,0.835000,21929
2018-01-18,0.839000,0.845000,0.839000,0.841000,18653
2018-01-19,0.839000,0.839000,0.834000,0.834000,20922
2018-01-22,0.835000,0.839000,0.835000,0.837000,10528
2018-01-23,0.840000,0.849000,0.840000,0.846000,13671
2018-01-24,0.847000,0.849000,0.845000,0.846000,11657
2018-01-25,0.842000,0.845000,0.840000,0.842000,16521
2018-01-26,0.843000,0.843000,0.841000,0.842000,14544
2018-01-29,0.846000,0.850000,0.846000,0.848000,27987
2018-01-30,0.840000,0.844000,0.840000,0.841000,13872
2018-01-31,0.835000,0.835000,0.829000,0.833000,12473
2018-02-01,0.833000,0.838000,0.833000,0.835000,16539
2018-02-02,0.834000,0.834000,0.828000,0.828000,9815
2018-02-05,0.807000,0.809000,0.803000,0.806000,41510
2018-02-06,0.779000,0.779000,0.755000,0.759000,117584
2018-02-07,0.776000,0.780000,0.770000,0.772000,38325
2018-02-08,0.772000,0.785000,0.763000,0.781000,32091
2018-02-09,0.756000,0.775000,0.752000,0.757000,89840
2018-02-12,0.765000,0.768000,0.759000,0.767000,26295
2018-02-13,0.774000,0.783000,0.774000,0.778000,13760
2018-02-14,0.780000,0.785000,0.778000,0.782000,9274
2018-02-22,0.793000,0.793000,0.786000,0.789000,9100
2018-02-23,0.789000,0.795000,0.789000,0.794000,10691
2018-02-26,0.805000,0.812000,0.805000,0.811000,8671
2018-02-27,0.820000,0.821000,0.815000,0.818000,12302
2018-02-28,0.807000,0.812000,0.804000,0.812000,9912
2018-03-01,0.807000,0.807000,0.793000,0.801000,20640
2018-03-02,0.791000,0.792000,0.788000,0.788000,9547
2018-03-05,0.790000,0.791000,0.788000,0.790000,6715
2018-03-06,0.800000,0.800000,0.797000,0.798000,8199
2018-03-07,0.798000,0.798000,0.792000,0.795000,8955
2018-03-08,0.798000,0.800000,0.797000,0.800000,9681
2018-03-09,0.803000,0.805000,0.801000,0.805000,14283
2018-03-12,0.819000,0.821000,0.816000,0.820000,12842
2018-03-13,0.819000,0.819000,0.814000,0.815000,6561
2018-03-14,0.807000,0.811000,0.807000,0.811000,4233
2018-03-15,0.807000,0.811000,0.806000,0.810000,4180
2018-03-16,0.810000,0.811000,0.802000,0.806000,6900
2018-03-19,0.806000,0.807000,0.805000,0.805000,5172
2018-03-20,0.794000,0.798000,0.794000,0.797000,6965
2018-03-21,0.797000,0.800000,0.797000,0.799000,6091
2018-03-22,0.798000,0.802000,0.797000,0.800000,2994
2018-03-23,0.790000,0.790000,0.772000,0.779000,37023
2018-03-26,0.764000,0.772000,0.760000,0.771000,25106
2018-03-27,0.780000,0.783000,0.778000,0.781000,13257
2018-03-28,0.770000,0.771000,0.763000,0.768000,25101
2018-03-29,0.767000,0.768000,0.762000,0.767000,14905
2018-03-30,0.771000,0.773000,0.766000,0.769000,17127
2018-04-02,0.770000,0.770000,0.767000,0.769000,5370
2018-04-03,0.752000,0.763000,0.752000,0.757000,12066
2018-04-04,0.760000,0.763000,0.759000,0.760000,9060
2018-04-09,0.760000,0.764000,0.760000,0.763000,23070
2018-04-10,0.763000,0.771000,0.762000,0.771000,16765
2018-04-11,0.777000,0.778000,0.770000,0.770000,11961
2018-04-12,0.774000,0.774000,0.769000,0.769000,5190
2018-04-13,0.773000,0.776000,0.772000,0.776000,12351
2018-04-16,0.774000,0.775000,0.771000,0.772000,13867
2018-04-17,0.778000,0.780000,0.775000,0.779000,26877
2018-04-18,0.785000,0.788000,0.784000,0.787000,32288
2018-04-19,0.789000,0.789000,0.785000,0.785000,20762
2018-04-20,0.784000,0.785000,0.781000,0.784000,6851
2018-04-23,0.784000,0.784000,0.777000,0.778000,10921
2018-04-24,0.778000,0.783000,0.778000,0.782000,2623
2018-04-25,0.778000,0.778000,0.770000,0.772000,9191
2018-04-26,0.773000,0.779000,0.771000,0.772000,8154
2018-04-27,0.780000,0.787000,0.776000,0.786000,9264
2018-05-02,0.780000,0.784000,0.779000,0.783000,6147
2018-05-03,0.783000,0.783000,0.778000,0.780000,7095
2018-05-04,0.781000,0.783000,0.778000,0.781000,15330
2018-05-07,0.785000,0.788000,0.785000,0.788000,13347
2018-05-08,0.788000,0.790000,0.787000,0.787000,17992
2018-05-09,0.792000,0.792000,0.786000,0.787000,6970
2018-05-10,0.795000,0.795000,0.792000,0.794000,8088
2018-05-11,0.800000,0.801000,0.797000,0.798000,10126
2018-05-14,0.798000,0.804000,0.798000,0.804000,15638
2018-05-15,0.803000,0.803000,0.799000,0.799000,8859
2018-05-16,0.795000,0.799000,0.795000,0.798000,8220
2018-05-17,0.799000,0.801000,0.799000,0.800000,4000
2018-05-18,0.800000,0.802000,0.800000,0.800000,5574
2018-05-21,0.803000,0.815000,0.803000,0.814000,9118
2018-05-22,0.813000,0.814000,0.810000,0.812000,5163
2018-05-23,0.811000,0.811000,0.806000,0.806000,15729
2018-05-24,0.807000,0.811000,0.807000,0.810000,19953
2018-05-25,0.812000,0.812000,0.808000,0.811000,15123
2018-05-28,0.812000,0.815000,0.811000,0.814000,6811
2018-05-29,0.814000,0.814000,0.808000,0.809000,2294
2018-05-30,0.807000,0.807000,0.779000,0.799000,23546
2018-05-31,0.806000,0.808000,0.805000,0.807000,4136
2018-06-01,0.807000,0.807000,0.801000,0.804000,5456
2018-06-04,0.809000,0.816000,0.809000,0.815000,10856
2018-06-05,0.817000,0.823000,0.816000,0.820000,6021
2018-06-06,0.820000,0.821000,0.818000,0.818000,6575
2018-06-07,0.823000,0.825000,0.823000,0.824000,13244
2018-06-08,0.824000,0.824000,0.816000,0.822000,13786
2018-06-11,0.823000,0.829000,0.823000,0.829000,14539
2018-06-12,0.829000,0.835000,0.827000,0.834000,11724
2018-06-13,0.834000,0.838000,0.832000,0.836000,10475
2018-06-14,0.834000,0.834000,0.830000,0.830000,12619
2018-06-15,0.831000,0.838000,0.831000,0.837000,9981
2018-06-19,0.834000,0.834000,0.818000,0.819000,15634
2018-06-20,0.818000,0.829000,0.818000,0.827000,20069
2018-06-21,0.829000,0.838000,0.829000,0.837000,13103
2018-06-22,0.830000,0.834000,0.824000,0.832000,12626
2018-06-25,0.832000,0.845000,0.830000,0.839000,13142
2018-06-26,0.831000,0.831000,0.822000,0.831000,13157
2018-06-27,0.829000,0.834000,0.821000,0.824000,21950
2018-06-28,0.819000,0.828000,0.819000,0.820000,13260
2018-06-29,0.828000,0.842000,0.827000,0.835000,11614
2018-07-02,0.838000,0.843000,0.830000,0.830000,12596
2018-07-03,0.839000,0.845000,0.839000,0.845000,23932
2018-07-04,0.839000,0.839000,0.833000,0.836000,6733
2018-07-05,0.834000,0.849000,0.832000,0.844000,15638
2018-07-06,0.850000,0.854000,0.849000,0.851000,9905
2018-07-09,0.856000,0.860000,0.856000,0.859000,20754
2018-07-10,0.862000,0.864000,0.861000,0.863000,23079
2018-07-11,0.852000,0.866000,0.852000,0.865000,31637
2018-07-12,0.865000,0.871000,0.855000,0.871000,20124
2018-07-13,0.873000,0.877000,0.863000,0.870000,23104
2018-07-16,0.873000,0.873000,0.870000,0.870000,9041
2018-07-17,0.870000,0.871000,0.864000,0.865000,13635
2018-07-18,0.870000,0.874000,0.870000,0.874000,15830
2018-07-19,0.875000,0.881000,0.874000,0.880000,29176
2018-07-20,0.880000,0.882000,0.873000,0.881000,21329
2018-07-23,0.880000,0.880000,0.875000,0.878000,35904
2018-07-24,0.881000,0.889000,0.881000,0.889000,31544
2018-07-25,0.890000,0.893000,0.888000,0.889000,29611
2018-07-26,0.895000,0.896000,0.891000,0.895000,17858
2018-07-27,0.896000,0.906000,0.895000,0.906000,66180
2018-07-30,0.903000,0.903000,0.893000,0.895000,42006
2018-07-31,0.889000,0.890000,0.880000,0.881000,63570
2018-08-01,0.888000,0.890000,0.887000,0.890000,33483
2018-08-02,0.889000,0.891000,0.885000,0.887000,27413
2018-08-03,0.895000,0.904000,0.893000,0.902000,47233
2018-08-06,0.908000,0.913000,0.904000,0.912000,138528
2018-08-07,0.917000,0.940000,0.917000,0.928000,96985
2018-08-08,0.930000,0.930000,0.914000,0.915000,92395
2018-08-09,0.909000,0.909000,0.905000,0.906000,90239
2018-08-10,0.904000,0.908000,0.902000,0.907000,62744
2018-08-13,0.895000,0.900000,0.895000,0.900000,38933
2018-08-14,0.898000,0.904000,0.898000,0.902000,28055
2018-08-15,0.906000,0.913000,0.906000,0.913000,88580
2018-08-16,0.901000,0.908000,0.900000,0.900000,107796
2018-08-17,0.909000,0.911000,0.907000,0.911000,79176
2018-08-20,0.913000,0.915000,0.906000,0.911000,152890
2018-08-21,0.911000,0.911000,0.905000,0.908000,193581
2018-08-22,0.909000,0.909000,0.906000,0.907000,74453
2018-08-23,0.907000,0.910000,0.907000,0.909000,74733
2018-08-24,0.908000,0.910000,0.907000,0.907000,156547
2018-08-27,0.911000,0.912000,0.908000,0.911000,96155
2018-08-28,0.920000,0.921000,0.914000,0.919000,164418
2018-08-29,0.919000,0.921000,0.919000,0.921000,242219
2018-08-30,0.922000,0.926000,0.922000,0.925000,88162
2018-08-31,0.924000,0.924000,0.921000,0.922000,37065
2018-09-03,0.924000,0.924000,0.917000,0.918000,80475
2018-09-04,0.920000,0.921000,0.918000,0.921000,43494
2018-09-05,0.920000,0.920000,0.917000,0.917000,32448
2018-09-06,0.915000,0.915000,0.912000,0.913000,32389
2018-09-07,0.910000,0.911000,0.907000,0.911000,85085
2018-09-10,0.911000,0.915000,0.908000,0.915000,56207
2018-09-11,0.917000,0.918000,0.915000,0.918000,68159
2018-09-12,0.921000,0.924000,0.921000,0.922000,75811
2018-09-13,0.922000,0.922000,0.919000,0.920000,33748
2018-09-14,0.924000,0.925000,0.921000,0.925000,49145
2018-09-17,0.924000,0.927000,0.924000,0.925000,45358
2018-09-18,0.916000,0.919000,0.916000,0.918000,67155
2018-09-19,0.923000,0.925000,0.923000,0.923000,56754
2018-09-20,0.924000,0.926000,0.924000,0.926000,95807
2018-09-21,0.931000,0.933000,0.931000,0.933000,89121
2018-09-25,0.927000,0.930000,0.927000,0.930000,70267
2018-09-26,0.929000,0.935000,0.929000,0.935000,132569
2018-09-27,0.933000,0.933000,0.927000,0.927000,54035
2018-09-28,0.929000,0.930000,0.927000,0.929000,136915
2018-10-08,0.920000,0.923000,0.913000,0.921000,131356
2018-10-09,0.921000,0.925000,0.921000,0.924000,92935
2018-10-10,0.924000,0.927000,0.924000,0.927000,65769
2018-10-11,0.890000,0.897000,0.874000,0.882000,388419
2018-10-12,0.869000,0.889000,0.869000,0.888000,166438
2018-10-15,0.888000,0.888000,0.879000,0.880000,96672
2018-10-16,0.880000,0.885000,0.878000,0.883000,178353
2018-10-17,0.900000,0.902000,0.899000,0.901000,87140
2018-10-18,0.900000,0.900000,0.895000,0.897000,107098
2018-10-19,0.886000,0.891000,0.886000,0.891000,102503
2018-10-22,0.889000,0.891000,0.885000,0.891000,96227
2018-10-23,0.885000,0.885000,0.877000,0.878000,82693
2018-10-24,0.877000,0.882000,0.875000,0.878000,130580
2018-10-25,0.851000,0.860000,0.848000,0.857000,185323
2018-10-26,0.860000,0.861000,0.855000,0.859000,209286
2018-10-29,0.856000,0.857000,0.853000,0.854000,121584
2018-10-30,0.854000,0.862000,0.852000,0.855000,307686
2018-10-31,0.863000,0.868000,0.860000,0.868000,118049
2018-11-01,0.877000,0.879000,0.872000,0.873000,83321
2018-11-02,0.876000,0.882000,0.874000,0.882000,194484
2018-11-05,0.878000,0.878000,0.871000,0.872000,65941
2018-11-06,0.874000,0.890000,0.874000,0.882000,302909
2018-11-07,0.884000,0.889000,0.884000,0.886000,188889
2018-11-08,0.902000,0.911000,0.901000,0.904000,103122
2018-11-09,0.903000,0.903000,0.894000,0.900000,171116
2018-11-12,0.893000,0.899000,0.893000,0.899000,55700
2018-11-13,0.883000,0.883000,0.876000,0.880000,158558
2018-11-14,0.880000,0.881000,0.879000,0.880000,70018
2018-11-15,0.876000,0.876000,0.871000,0.873000,155880
2018-11-16,0.878000,0.881000,0.873000,0.875000,691414
2018-11-19,0.878000,0.880000,0.877000,0.877000,232924
2018-11-20,0.862000,0.868000,0.862000,0.865000,245906
2018-11-21,0.850000,0.855000,0.843000,0.852000,310732
2018-11-22,0.852000,0.852000,0.851000,0.852000,22041
2018-11-23,0.851000,0.853000,0.849000,0.850000,94728
2018-11-26,0.849000,0.852000,0.847000,0.852000,356152
2018-11-27,0.858000,0.858000,0.855000,0.858000,137831
2018-11-28,0.867000,0.869000,0.859000,0.865000,366696
2018-11-29,0.882000,0.885000,0.876000,0.877000,236818
2018-11-30,0.877000,0.881000,0.877000,0.881000,116474
2018-12-03,0.898000,0.902000,0.891000,0.900000,290735
2018-12-04,0.898000,0.898000,0.885000,0.885000,186521
2018-12-05,0.865000,0.870000,0.865000,0.867000,102156
2018-12-06,0.860000,0.860000,0.854000,0.855000,331422
2018-12-07,0.860000,0.864000,0.860000,0.861000,112176
2018-12-10,0.850000,0.850000,0.836000,0.837000,347029
2018-12-11,0.840000,0.846000,0.840000,0.844000,1419209
2018-12-12,0.845000,0.857000,0.843000,0.848000,1443350
2018-12-13,0.853000,0.856000,0.848000,0.850000,1200625
2018-12-14,0.848000,0.850000,0.841000,0.842000,346361
2018-12-17,0.833000,0.836000,0.833000,0.835000,85681
2018-12-18,0.818000,0.819000,0.814000,0.817000,405196
2018-12-19,0.817000,0.817000,0.813000,0.815000,507673
2018-12-20,0.807000,0.807000,0.793000,0.797000,753911
2018-12-21,0.792000,0.795000,0.788000,0.794000,243087
2018-12-24,0.780000,0.780000,0.775000,0.778000,743953
2018-12-25,0.754000,0.754000,0.748000,0.750000,184096
2018-12-26,0.752000,0.754000,0.744000,0.748000,695183
2018-12-27,0.780000,0.790000,0.780000,0.784000,1524212
2018-12-28,0.789000,0.794000,0.788000,0.788000,290556
2019-01-02,0.797000,0.799000,0.786000,0.787000,339152
2019-01-03,0.787000,0.790000,0.785000,0.786000,225109
2019-01-04,0.778000,0.785000,0.754000,0.785000,663591
2019-01-07,0.804000,0.809000,0.801000,0.804000,654274
2019-01-08,0.809000,0.815000,0.808000,0.813000,362081
2019-01-09,0.817000,0.822000,0.817000,0.820000,941360
2019-01-10,0.818000,0.819000,0.810000,0.811000,1743871
2019-01-11,0.820000,0.820000,0.817000,0.818000,230051
2019-01-14,0.817000,0.817000,0.810000,0.811000,478013
2019-01-15,0.814000,0.818000,0.812000,0.816000,635878
2019-01-16,0.818000,0.820000,0.818000,0.820000,352708
2019-01-17,0.820000,0.820000,0.816000,0.816000,1239423
2019-01-18,0.828000,0.832000,0.828000,0.832000,130161
2019-01-21,0.837000,0.841000,0.837000,0.839000,515753
2019-01-22,0.840000,0.840000,0.836000,0.836000,748703
2019-01-23,0.830000,0.832000,0.828000,0.830000,645240
2019-01-24,0.830000,0.832000,0.829000,0.830000,979858
2019-01-25,0.832000,0.834000,0.830000,0.833000,838770
2019-01-28,0.834000,0.835000,0.828000,0.830000,290285
2019-01-29,0.826000,0.827000,0.823000,0.825000,209785
2019-01-30,0.825000,0.827000,0.825000,0.825000,355611
2019-01-31,0.834000,0.839000,0.834000,0.835000,286866
2019-02-01,0.839000,0.846000,0.838000,0.846000,396150
2019-02-11,0.845000,0.851000,0.844000,0.849000,249588
2019-02-12,0.852000,0.857000,0.852000,0.855000,1541554
2019-02-13,0.861000,0.865000,0.861000,0.864000,438075
2019-02-14,0.864000,0.868000,0.864000,0.866000,363052
2019-02-15,0.861000,0.863000,0.859000,0.860000,136216
2019-02-18,0.868000,0.875000,0.868000,0.874000,242222
2019-02-19,0.876000,0.876000,0.872000,0.874000,450576
2019-02-20,0.875000,0.875000,0.868000,0.869000,371514
2019-02-21,0.870000,0.873000,0.869000,0.872000,426842
2019-02-22,0.871000,0.871000,0.867000,0.870000,394096
2019-02-25,0.874000,0.874000,0.869000,0.870000,349995
2019-02-26,0.868000,0.868000,0.865000,0.867000,752988
2019-02-27,0.867000,0.869000,0.865000,0.866000,1576620
2019-02-28,0.866000,0.868000,0.864000,0.864000,469116
2019-03-01,0.866000,0.872000,0.866000,0.872000,710911
2019-03-04,0.875000,0.878000,0.874000,0.875000,1074373
2019-03-05,0.870000,0.871000,0.867000,0.869000,1039470
2019-03-06,0.867000,0.869000,0.865000,0.868000,1213763
2019-03-07,0.864000,0.864000,0.861000,0.861000,1849624
2019-03-08,0.858000,0.861000,0.854000,0.855000,726275
2019-03-11,0.855000,0.858000,0.854000,0.858000,879342
2019-03-12,0.868000,0.872000,0.868000,0.870000,1620742
2019-03-13,0.871000,0.872000,0.867000,0.869000,1538842
2019-03-14,0.875000,0.879000,0.873000,0.877000,866041
2019-03-15,0.877000,0.880000,0.877000,0.878000,616233
2019-03-18,0.879000,0.882000,0.878000,0.881000,593350
2019-03-19,0.883000,0.885000,0.883000,0.885000,428839
2019-03-20,0.883000,0.883000,0.881000,0.883000,722460
2019-03-21,0.880000,0.880000,0.874000,0.875000,1170093
2019-03-22,0.888000,0.891000,0.888000,0.890000,1900056
2019-03-25,0.871000,0.875000,0.870000,0.870000,1088561
2019-03-26,0.873000,0.878000,0.873000,0.875000,1852550
2019-03-27,0.878000,0.883000,0.878000,0.882000,494155
2019-03-28,0.874000,0.879000,0.873000,0.875000,1308221
2019-03-29,0.879000,0.882000,0.879000,0.881000,1137697
2019-04-01,0.885000,0.891000,0.885000,0.889000,1037685
2019-04-02,0.895000,0.899000,0.894000,0.894000,4751793
2019-04-03,0.896000,0.900000,0.895000,0.899000,1378793
2019-04-04,0.899000,0.904000,0.898000,0.899000,2829172
2019-04-08,0.906000,0.914000,0.905000,0.910000,1558073
2019-04-09,0.914000,0.914000,0.904000,0.906000,3194058
2019-04-10,0.903000,0.903000,0.899000,0.899000,641020
2019-04-11,0.902000,0.906000,0.902000,0.903000,1807153
2019-04-12,0.904000,0.909000,0.903000,0.905000,1706373
2019-04-15,0.909000,0.911000,0.907000,0.908000,707284
2019-04-16,0.909000,0.913000,0.909000,0.913000,1017846
2019-04-17,0.911000,0.914000,0.909000,0.910000,2218347
2019-04-18,0.906000,0.913000,0.903000,0.903000,1117642
2019-04-19,0.909000,0.916000,0.908000,0.908000,2261094
2019-04-22,0.911000,0.911000,0.906000,0.908000,2052894
2019-04-23,0.909000,0.912000,0.909000,0.911000,1103513
2019-04-24,0.920000,0.921000,0.918000,0.919000,1160661
2019-04-25,0.919000,0.921000,0.918000,0.919000,915671
2019-04-26,0.919000,0.920000,0.918000,0.920000,1886491
2019-04-29,0.924000,0.927000,0.924000,0.927000,632017
2019-04-30,0.927000,0.929000,0.926000,0.929000,268724
2019-05-06,0.919000,0.922000,0.914000,0.915000,1039509
2019-05-07,0.921000,0.926000,0.921000,0.925000,609498
2019-05-08,0.908000,0.912000,0.908000,0.908000,923192
2019-05-09,0.908000,0.913000,0.908000,0.908000,1392814
2019-05-10,0.910000,0.914000,0.908000,0.909000,1761233
2019-05-13,0.909000,0.913000,0.909000,0.913000,1165771
2019-05-14,0.898000,0.903000,0.895000,0.902000,788802
2019-05-15,0.909000,0.910000,0.907000,0.910000,2013785
2019-05-16,0.913000,0.913000,0.909000,0.910000,1003183
2019-05-17,0.920000,0.924000,0.920000,0.921000,251812
2019-05-20,0.922000,0.923000,0.920000,0.921000,612462
2019-05-21,0.919000,0.919000,0.915000,0.917000,716961
2019-05-22,0.921000,0.921000,0.918000,0.919000,625198
2019-05-23,0.916000,0.916000,0.912000,0.912000,431241
2019-05-24,0.911000,0.911000,0.907000,0.907000,417069
2019-05-27,0.907000,0.908000,0.905000,0.908000,575143
2019-05-28,0.908000,0.912000,0.908000,0.911000,970573
2019-05-29,0.902000,0.902000,0.896000,0.896000,1350196
2019-05-30,0.892000,0.901000,0.892000,0.895000,2202696
2019-05-31,0.891000,0.892000,0.887000,0.887000,2346282
2019-06-03,0.879000,0.882000,0.878000,0.879000,1600044
2019-06-04,0.880000,0.884000,0.880000,0.882000,665521
2019-06-05,0.900000,0.904000,0.900000,0.902000,698271
2019-06-06,0.906000,0.910000,0.906000,0.907000,808496
2019-06-10,0.926000,0.929000,0.925000,0.929000,1320798
2019-06-11,0.929000,0.930000,0.929000,0.929000,660239
2019-06-12,0.928000,0.928000,0.924000,0.924000,826184
2019-06-13,0.926000,0.927000,0.921000,0.924000,1334262
2019-06-14,0.928000,0.931000,0.927000,0.928000,888685
2019-06-17,0.930000,0.932000,0.929000,0.930000,274693
2019-06-18,0.930000,0.931000,0.928000,0.928000,1044005
2019-06-19,0.940000,0.940000,0.934000,0.936000,1614520
2019-06-20,0.940000,0.941000,0.936000,0.941000,631503
2019-06-21,0.943000,0.943000,0.938000,0.941000,411013
2019-06-24,0.942000,0.946000,0.942000,0.943000,724874
2019-06-25,0.942000,0.942000,0.938000,0.939000,1155246
2019-06-26,0.927000,0.934000,0.927000,0.932000,515422
2019-06-27,0.932000,0.936000,0.932000,0.935000,448365
2019-06-28,0.936000,0.939000,0.933000,0.933000,1623750
2019-07-01,0.946000,0.957000,0.945000,0.956000,841355
2019-07-02,0.952000,0.953000,0.949000,0.952000,262582
2019-07-03,0.959000,0.959000,0.953000,0.955000,879454
2019-07-04,0.968000,0.968000,0.960000,0.963000,313946
2019-07-05,0.962000,0.965000,0.960000,0.961000,475272
2019-07-08,0.960000,0.960000,0.955000,0.956000,1142577
2019-07-09,0.955000,0.955000,0.950000,0.951000,909627
2019-07-10,0.956000,0.958000,0.954000,0.954000,507311
2019-07-11,0.960000,0.963000,0.960000,0.963000,448119
2019-07-12,0.965000,0.967000,0.964000,0.967000,968929
2019-07-15,0.969000,0.972000,0.966000,0.971000,450892
2019-07-16,0.971000,0.972000,0.968000,0.969000,242625
2019-07-17,0.965000,0.968000,0.961000,0.963000,1176440
2019-07-18,0.955000,0.957000,0.952000,0.954000,1145697
2019-07-19,0.960000,0.965000,0.960000,0.964000,690843
2019-07-22,0.957000,0.960000,0.954000,0.959000,662596
2019-07-23,0.960000,0.965000,0.960000,0.963000,943238
2019-07-24,0.968000,0.970000,0.965000,0.968000,401636
2019-07-25,0.973000,0.973000,0.972000,0.973000,205954
2019-07-26,0.967000,0.970000,0.966000,0.970000,67988
2019-07-29,0.975000,0.977000,0.972000,0.975000,124069
2019-07-30,0.975000,0.980000,0.974000,0.975000,432537
2019-07-31,0.975000,0.975000,0.973000,0.974000,666978
2019-08-01,0.961000,0.967000,0.961000,0.963000,366942
2019-08-02,0.955000,0.961000,0.954000,0.961000,172907
2019-08-05,0.960000,0.973000,0.953000,0.960000,319421
2019-08-06,0.939000,0.942000,0.924000,0.940000,688134
2019-08-07,0.944000,0.947000,0.943000,0.946000,212704
2019-08-08,0.948000,0.954000,0.948000,0.953000,326170
2019-08-09,0.963000,0.968000,0.963000,0.965000,886330
2019-08-12,0.967000,0.967000,0.965000,0.967000,436954
2019-08-13,0.953000,0.955000,0.950000,0.952000,316480
2019-08-14,0.967000,0.967000,0.958000,0.960000,597608
2019-08-15,0.939000,0.942000,0.935000,0.940000,281918
2019-08-16,0.941000,0.943000,0.940000,0.942000,267960
2019-08-19,0.951000,0.959000,0.951000,0.958000,113155
2019-08-20,0.960000,0.965000,0.960000,0.963000,386000
2019-08-21,0.961000,0.961000,0.956000,0.956000,411391
2019-08-22,0.964000,0.966000,0.963000,0.965000,126291
2019-08-23,0.965000,0.970000,0.965000,0.969000,171158
2019-08-26,0.949000,0.950000,0.944000,0.950000,336732
2019-08-27,0.955000,0.966000,0.955000,0.962000,565376
2019-08-28,0.961000,0.961000,0.958000,0.959000,874526
2019-08-29,0.962000,0.964000,0.960000,0.963000,585215
2019-08-30,0.974000,0.976000,0.971000,0.973000,1041320
2019-09-02,0.973000,0.974000,0.970000,0.972000,555651
2019-09-03,0.973000,0.973000,0.969000,0.970000,375518
2019-09-04,0.969000,0.976000,0.968000,0.976000,778708
2019-09-05,0.976000,0.984000,0.976000,0.980000,799679
2019-09-06,0.990000,0.990000,0.986000,0.986000,597629
2019-09-09,0.987000,0.989000,0.986000,0.988000,747818
2019-09-10,0.988000,0.988000,0.982000,0.982000,561714
2019-09-11,0.983000,0.986000,0.982000,0.984000,278605
2019-09-12,0.991000,0.996000,0.991000,0.992000,835856
2019-09-16,0.987000,0.987000,0.982000,0.984000,106830
2019-09-17,0.987000,0.988000,0.985000,0.988000,1105588
2019-09-18,0.990000,0.993000,0.989000,0.990000,965410
2019-09-19,0.990000,0.993000,0.990000,0.991000,245013
2019-09-20,0.992000,0.996000,0.991000,0.991000,362088
2019-09-23,0.991000,0.993000,0.990000,0.991000,274195
2019-09-24,0.992000,0.995000,0.991000,0.991000,89708
2019-09-25,0.986000,0.986000,0.982000,0.983000,155291
2019-09-26,0.987000,0.990000,0.985000,0.987000,162122
2019-09-27,0.986000,0.988000,0.984000,0.987000,144581
2019-09-30,0.985000,0.986000,0.980000,0.985000,129958
2019-10-08,0.982000,0.982000,0.975000,0.976000,465085
2019-10-09,0.961000,0.965000,0.961000,0.964000,325130
2019-10-10,0.964000,0.967000,0.964000,0.965000,619813
2019-10-11,0.971000,0.975000,0.971000,0.975000,215103
2019-10-14,0.984000,0.985000,0.978000,0.980000,715373
2019-10-15,0.981000,0.982000,0.978000,0.982000,288847
2019-10-16,0.987000,0.989000,0.985000,0.987000,87522
2019-10-17,0.988000,0.988000,0.984000,0.984000,398063
2019-10-18,0.987000,0.987000,0.983000,0.984000,179474
2019-10-21,0.984000,0.984000,0.982000,0.984000,150217
2019-10-22,0.991000,0.992000,0.989000,0.990000,372116
2019-10-23,0.990000,0.990000,0.984000,0.984000,476668
2019-10-24,0.989000,0.989000,0.985000,0.989000,115827
2019-10-25,0.989000,0.990000,0.988000,0.990000,221506
2019-10-28,0.992000,0.996000,0.992000,0.995000,87462
2019-10-29,0.999000,1.002000,0.998000,0.999000,106243
2019-10-30,0.999000,1.000000,0.998000,0.999000,324646
2019-10-31,1.001000,1.001000,0.999000,1.000000,54990
2019-11-01,0.997000,1.000000,0.997000,1.000000,64264
2019-11-04,1.007000,1.008000,1.005000,1.006000,88312
2019-11-05,1.009000,1.009000,1.006000,1.008000,105016
2019-11-06,1.007000,1.007000,1.000000,1.001000,143652
2019-11-07,1.005000,1.005000,1.002000,1.003000,80733
2019-11-08,1.003000,1.003000,0.999000,1.002000,353507
2019-11-11,1.002000,1.006000,1.002000,1.005000,81207
2019-11-12,1.005000,1.009000,1.004000,1.009000,224180
2019-11-13,1.008000,1.011000,1.008000,1.008000,86872
2019-11-14,1.011000,1.013000,1.011000,1.012000,98097
2019-11-15,1.013000,1.020000,1.013000,1.015000,181793
2019-11-18,1.021000,1.030000,1.020000,1.029000,164266
2019-11-19,1.029000,1.048000,1.029000,1.041000,181919
2019-11-20,1.040000,1.042000,1.025000,1.027000,117273
2019-11-21,1.024000,1.024000,1.017000,1.018000,202598
2019-11-22,1.017000,1.022000,1.017000,1.019000,617880
2019-11-25,1.023000,1.026000,1.021000,1.025000,110722
2019-11-26,1.033000,1.036000,1.031000,1.033000,253778
2019-11-27,1.034000,1.036000,1.034000,1.036000,63998
2019-11-28,1.039000,1.042000,1.038000,1.041000,383871
2019-11-29,1.041000,1.045000,1.040000,1.042000,77054
2019-12-02,1.042000,1.055000,1.039000,1.054000,159708
2019-12-03,1.030000,1.041000,1.030000,1.037000,155230
2019-12-04,1.027000,1.028000,1.022000,1.025000,271754
2019-12-05,1.027000,1.028000,1.025000,1.026000,336221
2019-12-06,1.028000,1.029000,1.027000,1.029000,271470
2019-12-09,1.035000,1.040000,1.034000,1.039000,239035
2019-12-10,1.036000,1.036000,1.033000,1.035000,460973
2019-12-11,1.034000,1.034000,1.031000,1.034000,173801
2019-12-12,1.036000,1.041000,1.036000,1.040000,281388
2019-12-13,1.045000,1.049000,1.043000,1.043000,266565
2019-12-16,1.043000,1.046000,1.041000,1.045000,343935
2019-12-17,1.049000,1.052000,1.048000,1.051000,497599
2019-12-18,1.050000,1.051000,1.045000,1.046000,552645
2019-12-19,1.046000,1.047000,1.042000,1.042000,344492
2019-12-20,1.047000,1.049000,1.047000,1.049000,108409
2019-12-23,1.054000,1.058000,1.053000,1.057000,470404
2019-12-24,1.057000,1.059000,1.056000,1.058000,371048
2019-12-25,1.057000,1.058000,1.054000,1.054000,185398
2019-12-26,1.055000,1.060000,1.055000,1.059000,353293
2019-12-27,1.065000,1.072000,1.063000,1.065000,229443
2019-12-30,1.063000,1.065000,1.057000,1.063000,286535
2019-12-31,1.058000,1.058000,1.053000,1.056000,256100
2020-01-02,1.057000,1.065000,1.057000,1.065000,326859
2020-01-03,1.067000,1.079000,1.065000,1.076000,376426
2020-01-06,1.065000,1.065000,1.055000,1.055000,721322
2020-01-07,1.060000,1.062000,1.058000,1.059000,713367
2020-01-08,1.046000,1.051000,1.036000,1.046000,665629
2020-01-09,1.058000,1.060000,1.057000,1.059000,926987
2020-01-10,1.065000,1.072000,1.063000,1.070000,242718
2020-01-13,1.063000,1.069000,1.062000,1.067000,625713
2020-01-14,1.072000,1.077000,1.070000,1.074000,524091
2020-01-15,1.072000,1.072000,1.065000,1.071000,501524
2020-01-16,1.070000,1.070000,1.064000,1.065000,511188
2020-01-17,1.072000,1.074000,1.068000,1.068000,541676
2020-01-20,1.072000,1.072000,1.068000,1.069000,404572
2020-01-21,1.069000,1.070000,1.068000,1.069000,773490
2020-01-22,1.069000,1.078000,1.069000,1.078000,468017
2020-01-23,1.072000,1.077000,1.070000,1.074000,852206
2020-02-03,1.028000,1.062000,1.028000,1.058000,260097
2020-02-04,1.065000,1.067000,1.058000,1.065000,266740
2020-02-05,1.072000,1.075000,1.070000,1.071000,458401
2020-02-06,1.085000,1.091000,1.084000,1.090000,504273
2020-02-07,1.090000,1.093000,1.088000,1.093000,536055
2020-02-10,1.088000,1.095000,1.086000,1.095000,299270
2020-02-11,1.097000,1.112000,1.097000,1.110000,457386
2020-02-12,1.113000,1.130000,1.111000,1.129000,336644
2020-02-13,1.150000,1.184000,1.139000,1.175000,639500
2020-02-14,1.165000,1.165000,1.120000,1.124000,627195
2020-02-17,1.126000,1.141000,1.116000,1.131000,556279
2020-02-18,1.127000,1.128000,1.114000,1.115000,382637
2020-02-19,1.112000,1.118000,1.108000,1.112000,407545
2020-02-20,1.120000,1.123000,1.113000,1.119000,653223
2020-02-21,1.110000,1.124000,1.108000,1.108000,873559
2020-02-24,1.090000,1.092000,1.083000,1.084000,673218
2020-02-25,1.064000,1.084000,1.064000,1.084000,1083574
2020-02-26,1.044000,1.064000,1.044000,1.055000,460209
2020-02-27,1.056000,1.056000,1.048000,1.049000,396568
2020-02-28,1.012000,1.022000,1.008000,1.015000,435728
2020-03-02,1.015000,1.044000,0.997000,1.035000,1512524
2020-03-03,1.060000,1.068000,1.025000,1.030000,1389350
2020-03-04,1.010000,1.019000,1.004000,1.017000,553586
2020-03-05,1.035000,1.038000,1.026000,1.031000,562565
2020-03-06,1.017000,1.017000,1.008000,1.009000,282659
2020-03-09,0.982000,0.982000,0.950000,0.954000,486580
2020-03-10,0.944000,0.985000,0.940000,0.983000,639131
2020-03-11,0.979000,0.979000,0.960000,0.965000,514739
2020-03-12,0.943000,0.943000,0.916000,0.930000,661927
2020-03-13,0.844000,0.944000,0.837000,0.912000,962318
2020-03-16,0.892000,0.905000,0.874000,0.890000,754650
2020-03-17,0.882000,0.945000,0.875000,0.882000,824210
2020-03-18,0.885000,0.893000,0.852000,0.853000,501323
2020-03-19,0.860000,0.864000,0.817000,0.850000,722202
2020-03-20,0.855000,0.883000,0.852000,0.879000,593960
2020-03-23,0.838000,0.852000,0.824000,0.826000,558706
2020-03-24,0.850000,0.860000,0.835000,0.859000,1125580
2020-03-25,0.885000,0.894000,0.879000,0.893000,1184248
2020-03-26,0.892000,0.892000,0.872000,0.882000,505634
2020-03-27,0.902000,0.904000,0.883000,0.884000,722728
2020-03-30,0.867000,0.879000,0.856000,0.870000,582996
2020-03-31,0.886000,0.889000,0.880000,0.882000,403906
2020-04-01,0.870000,0.881000,0.862000,0.863000,363958
2020-04-02,0.861000,0.873000,0.851000,0.872000,557313
2020-04-03,0.867000,0.871000,0.860000,0.863000,280043
2020-04-07,0.895000,0.906000,0.891000,0.905000,540224
2020-04-08,0.899000,0.906000,0.894000,0.898000,446020
2020-04-09,0.914000,0.927000,0.914000,0.925000,882001
2020-04-10,0.929000,0.934000,0.921000,0.924000,607176
2020-04-13,0.919000,0.919000,0.912000,0.916000,471164
2020-04-14,0.921000,0.934000,0.918000,0.934000,457153
2020-04-15,0.943000,0.948000,0.939000,0.941000,765100
2020-04-16,0.926000,0.941000,0.923000,0.936000,654698
2020-04-17,0.958000,0.961000,0.953000,0.956000,984692
2020-04-20,0.958000,0.959000,0.952000,0.956000,346759
2020-04-21,0.951000,0.951000,0.931000,0.937000,653201
2020-04-22,0.916000,0.930000,0.916000,0.926000,835998
2020-04-23,0.934000,0.938000,0.929000,0.936000,548458
2020-04-24,0.927000,0.930000,0.924000,0.930000,385822
2020-04-27,0.942000,0.956000,0.940000,0.949000,462839
2020-04-28,0.957000,0.960000,0.952000,0.958000,476583
2020-04-29,0.964000,0.971000,0.962000,0.966000,489329
2020-04-30,0.985000,0.990000,0.980000,0.986000,531510
2020-05-06,0.967000,0.974000,0.962000,0.974000,718563
2020-05-07,0.967000,0.967000,0.959000,0.962000,688961
2020-05-08,0.970000,0.974000,0.967000,0.971000,826419
2020-05-11,0.980000,0.984000,0.978000,0.981000,871086
2020-05-12,0.976000,0.977000,0.967000,0.967000,720454
2020-05-13,0.951000,0.958000,0.948000,0.956000,670651
2020-05-14,0.943000,0.945000,0.938000,0.942000,960035
2020-05-15,0.953000,0.956000,0.950000,0.954000,768741
2020-05-18,0.963000,0.969000,0.961000,0.968000,374285
2020-05-19,0.986000,0.994000,0.983000,0.993000,494835
2020-05-20,0.985000,0.985000,0.979000,0.982000,1400237
2020-05-21,0.991000,0.991000,0.984000,0.984000,931974
2020-05-22,0.984000,0.985000,0.975000,0.977000,450563
2020-05-25,0.985000,0.995000,0.985000,0.994000,729416
2020-05-26,1.002000,1.010000,1.000000,1.010000,473933
2020-05-27,1.005000,1.012000,1.003000,1.010000,459596
2020-05-28,1.020000,1.026000,1.020000,1.022000,463557
2020-05-29,1.011000,1.016000,1.010000,1.015000,592143
2020-06-01,1.016000,1.020000,1.015000,1.017000,500418
2020-06-02,1.017000,1.020000,1.015000,1.018000,555707
2020-06-03,1.028000,1.033000,1.026000,1.031000,489800
2020-06-04,1.040000,1.041000,1.035000,1.035000,319910
2020-06-05,1.035000,1.044000,1.034000,1.044000,352392
2020-06-08,1.057000,1.060000,1.057000,1.059000,368786
2020-06-09,1.072000,1.075000,1.066000,1.074000,418668
2020-06-10,1.073000,1.074000,1.068000,1.071000,515340
2020-06-11,1.062000,1.062000,1.040000,1.042000,780987
2020-06-12,1.001000,1.017000,1.000000,1.010000,804378
2020-06-15,1.000000,1.001000,0.979000,0.981000,860692
2020-06-16,1.018000,1.037000,1.016000,1.029000,786172
2020-06-17,1.037000,1.042000,1.033000,1.040000,376929
2020-06-18,1.025000,1.032000,1.023000,1.030000,498375
2020-06-19,1.032000,1.036000,1.032000,1.036000,1141280
2020-06-22,1.030000,1.030000,1.021000,1.025000,527486
2020-06-23,1.025000,1.036000,1.023000,1.033000,474752
2020-06-24,1.037000,1.038000,1.033000,1.036000,380053
2020-06-29,1.008000,1.008000,0.999000,1.003000,543938
2020-06-30,1.011000,1.014000,1.004000,1.007000,449848
2020-07-01,1.020000,1.022000,1.017000,1.022000,431429
2020-07-02,1.025000,1.030000,1.024000,1.030000,303132
2020-07-03,1.032000,1.036000,1.031000,1.036000,444248
2020-07-06,1.037000,1.044000,1.036000,1.043000,677160
2020-07-07,1.046000,1.046000,1.032000,1.034000,505729
2020-07-08,1.033000,1.034000,1.030000,1.030000,789733
2020-07-09,1.034000,1.039000,1.029000,1.031000,1723361
2020-07-10,1.029000,1.029000,1.012000,1.019000,646928
2020-07-13,1.038000,1.046000,1.035000,1.044000,781988
2020-07-14,1.033000,1.037000,1.026000,1.036000,635419
2020-07-15,1.048000,1.054000,1.048000,1.052000,294267
2020-07-16,1.059000,1.059000,1.046000,1.048000,279309
2020-07-17,1.049000,1.055000,1.042000,1.053000,306770
2020-07-20,1.053000,1.054000,1.046000,1.049000,327955
2020-07-21,1.061000,1.068000,1.059000,1.066000,552391
2020-07-22,1.064000,1.070000,1.060000,1.063000,593723
2020-07-23,1.069000,1.074000,1.069000,1.074000,222793
2020-07-24,1.059000,1.063000,1.051000,1.054000,298085
2020-07-27,1.054000,1.061000,1.053000,1.055000,398525
2020-07-28,1.062000,1.067000,1.060000,1.061000,413818
2020-07-29,1.057000,1.059000,1.053000,1.058000,255381
2020-07-30,1.064000,1.067000,1.062000,1.062000,172959
2020-07-31,1.067000,1.074000,1.064000,1.067000,554486
2020-08-03,1.071000,1.077000,1.068000,1.068000,442982
2020-08-04,1.074000,1.079000,1.074000,1.077000,365512
2020-08-05,1.077000,1.085000,1.077000,1.081000,177122
2020-08-06,1.087000,1.089000,1.084000,1.088000,257608
2020-08-07,1.092000,1.100000,1.092000,1.100000,256034
2020-08-10,1.100000,1.109000,1.098000,1.107000,143616
2020-08-11,1.106000,1.110000,1.101000,1.103000,147061
2020-08-12,1.092000,1.095000,1.085000,1.094000,360321
2020-08-13,1.101000,1.108000,1.101000,1.106000,631756
2020-08-14,1.105000,1.107000,1.103000,1.106000,100449
2020-08-17,1.106000,1.107000,1.102000,1.106000,214915
2020-08-18,1.107000,1.113000,1.105000,1.105000,321946
2020-08-19,1.107000,1.111000,1.107000,1.111000,139257
2020-08-20,1.105000,1.105000,1.096000,1.098000,298162
2020-08-21,1.102000,1.106000,1.102000,1.104000,396084
2020-08-24,1.109000,1.115000,1.108000,1.114000,450820
2020-08-25,1.125000,1.148000,1.125000,1.143000,351831
2020-08-26,1.149000,1.152000,1.128000,1.130000,455716
2020-08-27,1.146000,1.147000,1.136000,1.145000,314175
2020-08-28,1.144000,1.163000,1.139000,1.153000,246264
2020-08-31,1.159000,1.165000,1.158000,1.163000,155453
2020-09-01,1.164000,1.168000,1.140000,1.148000,314731
2020-09-02,1.162000,1.167000,1.155000,1.167000,261266
2020-09-03,1.190000,1.238000,1.177000,1.233000,548908
2020-09-04,1.150000,1.189000,1.140000,1.159000,872064
2020-09-07,1.154000,1.154000,1.105000,1.105000,606961
2020-09-08,1.119000,1.128000,1.108000,1.126000,670513
2020-09-09,1.078000,1.095000,1.076000,1.084000,350911
2020-09-10,1.108000,1.108000,1.097000,1.098000,583825
2020-09-11,1.083000,1.088000,1.076000,1.087000,348856
2020-09-14,1.085000,1.089000,1.081000,1.088000,418739
2020-09-15,1.090000,1.093000,1.085000,1.089000,554115
2020-09-16,1.092000,1.101000,1.092000,1.095000,389099
2020-09-17,1.088000,1.088000,1.072000,1.073000,358530
2020-09-18,1.070000,1.078000,1.067000,1.077000,321078
2020-09-21,1.070000,1.071000,1.060000,1.063000,204634
2020-09-22,1.056000,1.057000,1.048000,1.050000,241743
2020-09-23,1.059000,1.062000,1.055000,1.060000,199328
2020-09-24,1.039000,1.048000,1.036000,1.036000,221173
2020-09-25,1.043000,1.047000,1.043000,1.045000,144410
2020-09-28,1.060000,1.066000,1.056000,1.062000,646055
2020-09-29,1.074000,1.078000,1.073000,1.074000,662784
2020-09-30,1.074000,1.075000,1.058000,1.062000,310263
2020-10-09,1.098000,1.098000,1.090000,1.096000,354009
2020-10-12,1.102000,1.105000,1.101000,1.104000,418924
2020-10-13,1.118000,1.128000,1.116000,1.122000,656111
2020-10-14,1.116000,1.118000,1.112000,1.117000,638822
2020-10-15,1.106000,1.106000,1.099000,1.100000,867347
2020-10-16,1.103000,1.108000,1.102000,1.105000,266119
2020-10-19,1.109000,1.112000,1.104000,1.106000,468339
2020-10-20,1.091000,1.091000,1.086000,1.088000,180874
2020-10-21,1.088000,1.092000,1.086000,1.091000,200681
2020-10-22,1.084000,1.084000,1.075000,1.078000,547833
2020-10-23,1.083000,1.090000,1.082000,1.087000,257091
2020-10-26,1.086000,1.086000,1.078000,1.081000,237301
2020-10-27,1.070000,1.078000,1.069000,1.078000,474406
2020-10-28,1.068000,1.069000,1.063000,1.063000,296093
2020-10-29,1.041000,1.046000,1.040000,1.044000,350239
2020-10-30,1.038000,1.038000,1.022000,1.024000,505095
2020-11-02,1.029000,1.037000,1.029000,1.034000,284003
2020-11-03,1.046000,1.055000,1.046000,1.053000,291233
2020-11-04,1.062000,1.089000,1.062000,1.070000,1028181
2020-11-05,1.087000,1.093000,1.078000,1.084000,548292
2020-11-06,1.093000,1.093000,1.085000,1.088000,341082
2020-11-09,1.104000,1.112000,1.103000,1.105000,517038
2020-11-10,1.105000,1.109000,1.096000,1.100000,391081
2020-11-11,1.100000,1.106000,1.095000,1.105000,218039
2020-11-12,1.108000,1.113000,1.105000,1.107000,200302
2020-11-13,1.103000,1.107000,1.093000,1.106000,230811
2020-11-16,1.117000,1.124000,1.117000,1.121000,183637
2020-11-17,1.128000,1.128000,1.114000,1.117000,262215
2020-11-18,1.115000,1.115000,1.106000,1.106000,178999
2020-11-19,1.102000,1.106000,1.099000,1.106000,214331
2020-11-20,1.101000,1.110000,1.099000,1.101000,179998
2020-11-23,1.100000,1.101000,1.097000,1.100000,150697
2020-11-24,1.108000,1.116000,1.108000,1.116000,166707
2020-11-25,1.129000,1.131000,1.123000,1.125000,505099
2020-11-26,1.123000,1.126000,1.118000,1.125000,818768
2020-11-27,1.123000,1.125000,1.118000,1.122000,806015
2020-11-30,1.121000,1.123000,1.115000,1.116000,159098
2020-12-01,1.127000,1.130000,1.124000,1.128000,200050
2020-12-02,1.127000,1.127000,1.123000,1.125000,149253
2020-12-03,1.129000,1.135000,1.127000,1.130000,336101
2020-12-04,1.129000,1.131000,1.126000,1.127000,206688
2020-12-07,1.132000,1.134000,1.130000,1.131000,186832
2020-12-08,1.130000,1.130000,1.127000,1.129000,177942
2020-12-09,1.135000,1.139000,1.134000,1.139000,194483
2020-12-10,1.128000,1.133000,1.127000,1.132000,654542
2020-12-11,1.132000,1.136000,1.130000,1.133000,566550
2020-12-14,1.133000,1.149000,1.133000,1.136000,464936
2020-12-15,1.131000,1.132000,1.122000,1.126000,215240
2020-12-16,1.134000,1.137000,1.134000,1.135000,101978
2020-12-17,1.139000,1.139000,1.135000,1.139000,50351
2020-12-18,1.143000,1.143000,1.135000,1.143000,154878
2020-12-21,1.142000,1.150000,1.138000,1.140000,131674
2020-12-22,1.135000,1.142000,1.127000,1.129000,237571
2020-12-23,1.129000,1.132000,1.125000,1.130000,105347
2020-12-24,1.132000,1.138000,1.131000,1.133000,238479
2020-12-25,1.135000,1.140000,1.134000,1.136000,105772
2020-12-28,1.137000,1.143000,1.137000,1.142000,105758
2020-12-29,1.147000,1.153000,1.147000,1.152000,133658
2020-12-30,1.148000,1.148000,1.144000,1.145000,151725
2020-12-31,1.145000,1.149000,1.142000,1.146000,154074
2021-01-04,1.147000,1.149000,1.139000,1.140000,436978
2021-01-05,1.130000,1.130000,1.121000,1.123000,289516
2021-01-06,1.125000,1.129000,1.123000,1.125000,188659
2021-01-07,1.138000,1.143000,1.136000,1.142000,167649
2021-01-08,1.154000,1.161000,1.154000,1.159000,227211
2021-01-11,1.159000,1.162000,1.153000,1.154000,240130
2021-01-12,1.156000,1.159000,1.149000,1.156000,146251
2021-01-13,1.154000,1.155000,1.151000,1.153000,176732
2021-01-14,1.155000,1.162000,1.155000,1.161000,131723
2021-01-15,1.151000,1.155000,1.149000,1.151000,98972
2021-01-18,1.150000,1.150000,1.143000,1.147000,160565
2021-01-19,1.152000,1.159000,1.152000,1.156000,389491
2021-01-20,1.158000,1.163000,1.153000,1.154000,209534
2021-01-21,1.168000,1.174000,1.167000,1.174000,303626
2021-01-22,1.172000,1.173000,1.166000,1.168000,323820
2021-01-25,1.169000,1.177000,1.169000,1.174000,221094
2021-01-26,1.173000,1.173000,1.163000,1.164000,83511
2021-01-27,1.168000,1.172000,1.165000,1.169000,100612
2021-01-28,1.152000,1.152000,1.139000,1.139000,126387
2021-01-29,1.146000,1.154000,1.133000,1.141000,610635
2021-02-01,1.128000,1.134000,1.120000,1.134000,167103
2021-02-02,1.146000,1.154000,1.146000,1.153000,175776
2021-02-03,1.165000,1.170000,1.162000,1.166000,74778
2021-02-04,1.165000,1.168000,1.158000,1.165000,145408
2021-02-05,1.175000,1.185000,1.175000,1.185000,161819
2021-02-08,1.189000,1.205000,1.183000,1.185000,308732
2021-02-09,1.199000,1.199000,1.186000,1.192000,75464
2021-02-10,1.192000,1.193000,1.187000,1.191000,120172
2021-02-18,1.193000,1.193000,1.189000,1.193000,161708
2021-02-19,1.191000,1.191000,1.183000,1.189000,80807
2021-02-22,1.188000,1.190000,1.184000,1.185000,152073
2021-02-23,1.182000,1.186000,1.171000,1.185000,96866
2021-02-24,1.185000,1.186000,1.175000,1.176000,188612
2021-02-25,1.191000,1.199000,1.191000,1.195000,419496
2021-02-26,1.167000,1.175000,1.162000,1.163000,269814
2021-03-01,1.181000,1.181000,1.167000,1.172000,115218
2021-03-02,1.190000,1.190000,1.182000,1.189000,139574
2021-03-03,1.184000,1.189000,1.179000,1.188000,137428
2021-03-04,1.180000,1.180000,1.161000,1.164000,121460
2021-03-05,1.138000,1.155000,1.138000,1.152000,144597
2021-03-08,1.176000,1.179000,1.171000,1.177000,200356
2021-03-09,1.178000,1.193000,1.176000,1.188000,594387
2021-03-10,1.190000,1.196000,1.186000,1.187000,108377
2021-03-11,1.196000,1.207000,1.196000,1.206000,298746
2021-03-12,1.218000,1.218000,1.206000,1.207000,155710
2021-03-15,1.209000,1.216000,1.209000,1.214000,169258
2021-03-16,1.221000,1.224000,1.216000,1.222000,250327
2021-03-17,1.220000,1.220000,1.213000,1.217000,137450
2021-03-18,1.223000,1.225000,1.216000,1.218000,157202
2021-03-19,1.202000,1.209000,1.201000,1.203000,153796
2021-03-22,1.200000,1.204000,1.193000,1.203000,101484
2021-03-23,1.213000,1.214000,1.203000,1.208000,155972
2021-03-24,1.208000,1.208000,1.198000,1.200000,202643
2021-03-25,1.191000,1.200000,1.191000,1.200000,235640
2021-03-26,1.204000,1.213000,1.204000,1.213000,86344
2021-03-29,1.216000,1.223000,1.216000,1.222000,173413
2021-03-30,1.225000,1.232000,1.223000,1.230000,91590
2021-03-31,1.240000,1.240000,1.223000,1.224000,86925
2021-04-01,1.230000,1.237000,1.230000,1.237000,75012
2021-04-02,1.249000,1.252000,1.244000,1.249000,143960
2021-04-06,1.264000,1.268000,1.260000,1.265000,236974
2021-04-07,1.264000,1.265000,1.256000,1.263000,165311
2021-04-08,1.266000,1.270000,1.266000,1.268000,208352
2021-04-09,1.296000,1.296000,1.268000,1.271000,236071
2021-04-12,1.275000,1.280000,1.275000,1.279000,189187
2021-04-13,1.279000,1.281000,1.275000,1.279000,118240
2021-04-14,1.282000,1.285000,1.281000,1.285000,187550
2021-04-15,1.280000,1.282000,1.275000,1.282000,246880
2021-04-16,1.289000,1.295000,1.288000,1.292000,239290
2021-04-19,1.293000,1.295000,1.289000,1.290000,170224
2021-04-20,1.284000,1.285000,1.280000,1.280000,200978
2021-04-21,1.267000,1.273000,1.264000,1.272000,237937
2021-04-22,1.281000,1.282000,1.277000,1.279000,100321
2021-04-23,1.270000,1.271000,1.266000,1.268000,131813
2021-04-26,1.279000,1.281000,1.277000,1.280000,100418
2021-04-27,1.282000,1.287000,1.282000,1.287000,110228
2021-04-28,1.286000,1.286000,1.283000,1.285000,73685
2021-04-29,1.286000,1.290000,1.286000,1.290000,102160
2021-04-30,1.290000,1.291000,1.284000,1.290000,182736
2021-05-06,1.284000,1.284000,1.274000,1.283000,143093
2021-05-07,1.293000,1.293000,1.285000,1.290000,154925
2021-05-10,1.296000,1.298000,1.292000,1.293000,213150
2021-05-11,1.273000,1.274000,1.262000,1.273000,214659
2021-05-12,1.263000,1.265000,1.257000,1.264000,273711
2021-05-13,1.240000,1.243000,1.240000,1.240000,224489
2021-05-14,1.251000,1.260000,1.251000,1.259000,197900
2021-05-17,1.269000,1.272000,1.266000,1.269000,257537
2021-05-18,1.269000,1.274000,1.268000,1.273000,134573
2021-05-19,1.255000,1.255000,1.250000,1.252000,170668
2021-05-20,1.250000,1.254000,1.248000,1.251000,163317
2021-05-21,1.263000,1.269000,1.262000,1.267000,149868
2021-05-24,1.266000,1.269000,1.266000,1.269000,169091
2021-05-25,1.277000,1.278000,1.273000,1.276000,329308
2021-05-26,1.275000,1.275000,1.268000,1.270000,208999
2021-05-27,1.268000,1.268000,1.261000,1.261000,145477
2021-05-28,1.265000,1.274000,1.265000,1.269000,211971
2021-05-31,1.268000,1.270000,1.266000,1.266000,173225
2021-06-01,1.267000,1.267000,1.263000,1.267000,99355
2021-06-02,1.268000,1.268000,1.266000,1.267000,78516
2021-06-03,1.268000,1.270000,1.267000,1.269000,80162
2021-06-04,1.268000,1.268000,1.263000,1.267000,177806
2021-06-07,1.273000,1.279000,1.272000,1.279000,104389
2021-06-08,1.279000,1.281000,1.277000,1.279000,122304
2021-06-09,1.280000,1.280000,1.277000,1.279000,74973
2021-06-10,1.279000,1.279000,1.273000,1.275000,66054
2021-06-11,1.280000,1.281000,1.277000,1.279000,65792
2021-06-15,1.286000,1.289000,1.151000,1.287000,227268
2021-06-16,1.284000,1.284000,1.281000,1.282000,94407
2021-06-17,1.274000,1.280000,1.273000,1.276000,82439
2021-06-18,1.280000,1.284000,1.280000,1.282000,236225
2021-06-21,1.268000,1.268000,1.260000,1.265000,279683
2021-06-22,1.277000,1.289000,1.277000,1.289000,258770
2021-06-23,1.295000,1.301000,1.294000,1.300000,149401
2021-06-24,1.299000,1.299000,1.297000,1.298000,56575
2021-06-25,1.304000,1.306000,1.302000,1.302000,80851
2021-06-28,1.306000,1.313000,1.300000,1.304000,103000
2021-06-29,1.308000,1.309000,1.304000,1.305000,71608
2021-06-30,1.307000,1.309000,1.306000,1.308000,41054
2021-07-01,1.311000,1.313000,1.311000,1.312000,44941
2021-07-02,1.317000,1.323000,1.317000,1.323000,100008
2021-07-05,1.330000,1.333000,1.327000,1.330000,355104
2021-07-06,1.330000,1.334000,1.328000,1.332000,276096
2021-07-07,1.330000,1.332000,1.327000,1.330000,124329
2021-07-08,1.331000,1.335000,1.326000,1.326000,113101
2021-07-09,1.316000,1.328000,1.315000,1.327000,204859
2021-07-12,1.334000,1.339000,1.334000,1.339000,153101
2021-07-13,1.341000,1.344000,1.337000,1.338000,162622
2021-07-14,1.337000,1.339000,1.334000,1.336000,157537
2021-07-15,1.333000,1.339000,1.333000,1.337000,94855
2021-07-16,1.334000,1.335000,1.332000,1.334000,161566
2021-07-19,1.319000,1.325000,1.317000,1.323000,62457
2021-07-20,1.318000,1.321000,1.307000,1.318000,215494
2021-07-21,1.328000,1.330000,1.323000,1.328000,137800
2021-07-22,1.336000,1.337000,1.333000,1.336000,41430
2021-07-23,1.338000,1.340000,1.338000,1.339000,186278
2021-07-26,1.344000,1.350000,1.344000,1.347000,159720
2021-07-27,1.351000,1.356000,1.350000,1.353000,124408
2021-07-28,1.353000,1.358000,1.349000,1.352000,151373
2021-07-29,1.351000,1.351000,1.344000,1.349000,112832
2021-07-30,1.350000,1.350000,1.338000,1.340000,207817
2021-08-02,1.348000,1.354000,1.346000,1.352000,124214
2021-08-03,1.345000,1.347000,1.341000,1.346000,182306
2021-08-04,1.353000,1.357000,1.349000,1.350000,141328
2021-08-05,1.347000,1.350000,1.345000,1.347000,144168
2021-08-06,1.353000,1.355000,1.350000,1.354000,122655
2021-08-09,1.355000,1.360000,1.353000,1.358000,103183
2021-08-10,1.358000,1.361000,1.353000,1.356000,196291
2021-08-11,1.357000,1.361000,1.357000,1.358000,86216
2021-08-12,1.360000,1.363000,1.359000,1.359000,159511
2021-08-13,1.365000,1.369000,1.362000,1.368000,271125
2021-08-16,1.368000,1.369000,1.362000,1.363000,200723
2021-08-17,1.366000,1.370000,1.364000,1.366000,200067
2021-08-18,1.361000,1.365000,1.358000,1.365000,121581
2021-08-19,1.351000,1.353000,1.341000,1.343000,182790
2021-08-20,1.351000,1.353000,1.348000,1.350000,161773
2021-08-23,1.362000,1.369000,1.362000,1.369000,113332
2021-08-24,1.377000,1.378000,1.374000,1.377000,144024
2021-08-25,1.376000,1.376000,1.371000,1.372000,203596
2021-08-26,1.373000,1.374000,1.372000,1.373000,131541
2021-08-27,1.368000,1.376000,1.367000,1.374000,162648
2021-08-30,1.379000,1.383000,1.378000,1.379000,127619
2021-08-31,1.385000,1.391000,1.383000,1.390000,172084
2021-09-01,1.388000,1.390000,1.384000,1.390000,134069
2021-09-02,1.388000,1.388000,1.379000,1.381000,191007
2021-09-03,1.384000,1.389000,1.384000,1.387000,134615
2021-09-06,1.385000,1.387000,1.381000,1.385000,146825
2021-09-07,1.385000,1.386000,1.383000,1.385000,139167
2021-09-08,1.382000,1.383000,1.378000,1.379000,143531
2021-09-09,1.375000,1.375000,1.372000,1.374000,150507
2021-09-10,1.372000,1.375000,1.370000,1.375000,116373
2021-09-13,1.364000,1.365000,1.360000,1.365000,153850
2021-09-14,1.365000,1.368000,1.363000,1.364000,381864
2021-09-15,1.356000,1.359000,1.354000,1.356000,114579
2021-09-16,1.365000,1.368000,1.359000,1.361000,317691
2021-09-17,1.361000,1.369000,1.360000,1.368000,136877
2021-09-22,1.337000,1.342000,1.332000,1.340000,364049
2021-09-23,1.352000,1.353000,1.348000,1.351000,175087
2021-09-24,1.361000,1.363000,1.358000,1.359000,239278
2021-09-27,1.365000,1.368000,1.362000,1.368000,166971
2021-09-28,1.360000,1.360000,1.351000,1.355000,168626
2021-09-29,1.330000,1.339000,1.330000,1.334000,359890
2021-09-30,1.334000,1.343000,1.334000,1.342000,153168
2021-10-08,1.349000,1.350000,1.341000,1.341000,108196
2021-10-11,1.340000,1.341000,1.332000,1.333000,190157
2021-10-12,1.325000,1.330000,1.318000,1.319000,361280
2021-10-13,1.322000,1.327000,1.321000,1.326000,136520
2021-10-14,1.331000,1.339000,1.331000,1.338000,113381
2021-10-15,1.355000,1.359000,1.347000,1.355000,158495
2021-10-18,1.357000,1.369000,1.354000,1.355000,145710
2021-10-19,1.360000,1.365000,1.359000,1.364000,165303
2021-10-20,1.367000,1.370000,1.366000,1.368000,145412
2021-10-21,1.370000,1.370000,1.367000,1.368000,196687
2021-10-22,1.372000,1.375000,1.372000,1.374000,81219
2021-10-25,1.368000,1.375000,1.368000,1.374000,248207
2021-10-26,1.381000,1.384000,1.381000,1.383000,48771
2021-10-27,1.384000,1.384000,1.379000,1.382000,84600
2021-10-28,1.375000,1.378000,1.375000,1.377000,95716
2021-10-29,1.386000,1.390000,1.379000,1.379000,99502
2021-11-01,1.393000,1.398000,1.393000,1.396000,95751
2021-11-02,1.396000,1.396000,1.391000,1.393000,72157
2021-11-03,1.399000,1.403000,1.398000,1.403000,81429
2021-11-04,1.408000,1.411000,1.408000,1.410000,60028
2021-11-05,1.413000,1.417000,1.413000,1.416000,89743
2021-11-08,1.416000,1.424000,1.415000,1.418000,438967
2021-11-09,1.417000,1.426000,1.416000,1.417000,668167
2021-11-10,1.416000,1.416000,1.410000,1.411000,225055
2021-11-11,1.406000,1.410000,1.405000,1.408000,109909
2021-11-12,1.408000,1.411000,1.407000,1.407000,78888
2021-11-15,1.413000,1.418000,1.413000,1.416000,135007
2021-11-16,1.416000,1.418000,1.411000,1.412000,107436
2021-11-17,1.420000,1.422000,1.418000,1.422000,72040
2021-11-18,1.421000,1.421000,1.415000,1.417000,265195
2021-11-19,1.420000,1.426000,1.420000,1.426000,452045
2021-11-22,1.423000,1.425000,1.421000,1.424000,183413
2021-11-23,1.415000,1.418000,1.411000,1.411000,447957
2021-11-24,1.417000,1.418000,1.414000,1.416000,131444
2021-11-25,1.423000,1.426000,1.422000,1.426000,108501
2021-11-26,1.417000,1.417000,1.403000,1.404000,295835
2021-11-29,1.395000,1.404000,1.392000,1.403000,219060
2021-11-30,1.410000,1.412000,1.386000,1.395000,470950
2021-12-01,1.388000,1.390000,1.383000,1.389000,636716
2021-12-02,1.367000,1.372000,1.364000,1.370000,626371
2021-12-03,1.375000,1.382000,1.370000,1.379000,215842
2021-12-06,1.377000,1.377000,1.371000,1.375000,113591
2021-12-07,1.386000,1.393000,1.384000,1.392000,201696
2021-12-08,1.412000,1.415000,1.412000,1.413000,120813
2021-12-09,1.413000,1.414000,1.407000,1.413000,220508
2021-12-10,1.407000,1.410000,1.405000,1.407000,89169
2021-12-13,1.421000,1.424000,1.421000,1.423000,116137
2021-12-14,1.410000,1.410000,1.406000,1.406000,908895
2021-12-15,1.393000,1.402000,1.393000,1.399000,335238
2021-12-16,1.420000,1.429000,1.412000,1.428000,627040
2021-12-17,1.416000,1.416000,1.403000,1.404000,172666
2021-12-20,1.390000,1.390000,1.380000,1.381000,292416
2021-12-21,1.381000,1.411000,1.381000,1.389000,645011
2021-12-22,1.402000,1.402000,1.396000,1.400000,302479
2021-12-23,1.412000,1.418000,1.412000,1.415000,133884
2021-12-24,1.424000,1.424000,1.421000,1.423000,95693
2021-12-27,1.424000,1.428000,1.424000,1.426000,124908
2021-12-28,1.440000,1.444000,1.439000,1.441000,128646
2021-12-29,1.442000,1.446000,1.440000,1.444000,285632
2021-12-30,1.443000,1.446000,1.441000,1.444000,996026
2021-12-31,1.441000,1.441000,1.431000,1.440000,239721
2022-01-04,1.447000,1.449000,1.445000,1.449000,143701
2022-01-05,1.446000,1.446000,1.440000,1.443000,184573
2022-01-06,1.416000,1.425000,1.408000,1.409000,341038
2022-01-07,1.416000,1.420000,1.416000,1.418000,185530
2022-01-10,1.405000,1.409000,1.399000,1.408000,458966
2022-01-11,1.408000,1.408000,1.401000,1.402000,285060
2022-01-12,1.416000,1.418000,1.414000,1.418000,392037
2022-01-13,1.419000,1.419000,1.413000,1.415000,182299
2022-01-14,1.394000,1.401000,1.394000,1.401000,209279
2022-01-17,1.397000,1.400000,1.394000,1.397000,180071
2022-01-18,1.398000,1.399000,1.391000,1.392000,127913
2022-01-19,1.377000,1.380000,1.367000,1.370000,394009
2022-01-20,1.362000,1.363000,1.357000,1.362000,1053731
2022-01-21,1.335000,1.336000,1.329000,1.335000,814386
2022-01-24,1.327000,1.327000,1.318000,1.319000,890515
2022-01-25,1.305000,1.308000,1.297000,1.303000,729030
2022-01-26,1.300000,1.303000,1.297000,1.301000,378514
2022-01-27,1.294000,1.294000,1.273000,1.276000,1414609
2022-01-28,1.298000,1.302000,1.287000,1.299000,902588
2022-02-07,1.338000,1.347000,1.334000,1.347000,606852
2022-02-08,1.342000,1.346000,1.340000,1.344000,512353
2022-02-09,1.354000,1.362000,1.354000,1.361000,478096
2022-02-10,1.376000,1.380000,1.370000,1.377000,926129
2022-02-11,1.348000,1.351000,1.337000,1.340000,1180552
2022-02-14,1.327000,1.329000,1.323000,1.328000,806724
2022-02-15,1.324000,1.324000,1.316000,1.319000,652310
2022-02-16,1.335000,1.336000,1.333000,1.336000,341096
2022-02-17,1.333000,1.338000,1.328000,1.332000,575826
2022-02-18,1.311000,1.320000,1.308000,1.314000,757719
2022-02-21,1.306000,1.309000,1.301000,1.309000,1231244
2022-02-22,1.281000,1.284000,1.277000,1.281000,946668
2022-02-23,1.291000,1.301000,1.285000,1.287000,1462951
2022-02-24,1.250000,1.254000,1.230000,1.233000,1874264
2022-02-25,1.271000,1.273000,1.266000,1.267000,1726450
2022-02-28,1.282000,1.283000,1.269000,1.277000,651208
2022-03-01,1.297000,1.304000,1.297000,1.303000,1248063
2022-03-02,1.288000,1.288000,1.282000,1.283000,835690
2022-03-03,1.304000,1.306000,1.300000,1.306000,797863
2022-03-04,1.287000,1.296000,1.284000,1.294000,1042313
2022-03-07,1.272000,1.282000,1.269000,1.277000,749157
2022-03-08,1.265000,1.265000,1.234000,1.237000,1444797
2022-03-09,1.245000,1.251000,1.241000,1.250000,1162539
2022-03-10,1.273000,1.276000,1.271000,1.273000,389133
2022-03-11,1.265000,1.273000,1.262000,1.272000,642366
2022-03-14,1.265000,1.271000,1.263000,1.269000,583592
2022-03-15,1.257000,1.259000,1.251000,1.252000,1429063
2022-03-16,1.275000,1.286000,1.274000,1.285000,963753
2022-03-17,1.307000,1.311000,1.300000,1.310000,924635
2022-03-18,1.314000,1.321000,1.313000,1.319000,585142
2022-03-21,1.337000,1.339000,1.333000,1.338000,495459
2022-03-22,1.334000,1.344000,1.334000,1.339000,817059
2022-03-23,1.355000,1.362000,1.355000,1.361000,1681555
2022-03-24,1.342000,1.348000,1.341000,1.344000,826157
2022-03-25,1.356000,1.365000,1.356000,1.365000,848564
2022-03-28,1.365000,1.371000,1.364000,1.368000,1795436
2022-03-30,1.395000,1.396000,1.385000,1.390000,936969
2022-03-31,1.386000,1.392000,1.384000,1.387000,1392305
2022-04-01,1.365000,1.371000,1.365000,1.371000,973527
2022-04-06,1.360000,1.372000,1.360000,1.371000,529802
2022-04-07,1.351000,1.353000,1.345000,1.352000,725145
2022-04-08,1.356000,1.365000,1.356000,1.365000,1049582
2022-04-11,1.355000,1.356000,1.349000,1.353000,857063
2022-04-12,1.330000,1.333000,1.324000,1.327000,1388819
2022-04-13,1.329000,1.339000,1.328000,1.338000,1185768
2022-04-14,1.345000,1.348000,1.340000,1.347000,805672
2022-04-15,1.327000,1.335000,1.327000,1.334000,809510
2022-04-18,1.328000,1.328000,1.320000,1.324000,520349
2022-04-19,1.334000,1.336000,1.331000,1.334000,476947
2022-04-20,1.355000,1.355000,1.350000,1.355000,995290
2022-04-21,1.361000,1.375000,1.359000,1.372000,983871
2022-04-22,1.336000,1.357000,1.336000,1.354000,1055023
2022-04-25,1.317000,1.319000,1.309000,1.310000,2119051
2022-04-26,1.327000,1.337000,1.327000,1.334000,1218795
2022-04-27,1.299000,1.305000,1.298000,1.302000,2396587
2022-04-28,1.306000,1.321000,1.305000,1.319000,1093081
2022-04-29,1.336000,1.347000,1.333000,1.340000,1740012
2022-05-05,1.354000,1.354000,1.340000,1.341000,1997449
2022-05-06,1.300000,1.315000,1.295000,1.309000,2360962
2022-05-09,1.295000,1.303000,1.291000,1.302000,1542129
2022-05-10,1.272000,1.278000,1.269000,1.278000,3437210
2022-05-11,1.274000,1.280000,1.270000,1.277000,1829531
2022-05-12,1.256000,1.261000,1.253000,1.255000,1556285
2022-05-13,1.268000,1.275000,1.267000,1.275000,1556556
2022-05-16,1.297000,1.299000,1.277000,1.281000,2104944
2022-05-17,1.286000,1.288000,1.283000,1.287000,1734699
2022-05-18,1.302000,1.304000,1.297000,1.299000,733864
2022-05-19,1.250000,1.258000,1.247000,1.251000,3109521
2022-05-20,1.249000,1.251000,1.242000,1.243000,2550865
2022-05-23,1.246000,1.248000,1.241000,1.247000,1801333
2022-05-24,1.245000,1.246000,1.235000,1.237000,1950109
2022-05-25,1.241000,1.249000,1.241000,1.248000,2957436
2022-05-26,1.256000,1.260000,1.253000,1.259000,3729271
2022-05-27,1.285000,1.295000,1.282000,1.287000,2031444
2022-05-30,1.318000,1.318000,1.304000,1.309000,1728891
2022-05-31,1.303000,1.309000,1.301000,1.304000,1425599
2022-06-01,1.305000,1.309000,1.303000,1.307000,1209277
2022-06-02,1.295000,1.297000,1.290000,1.292000,1206947
2022-06-06,1.289000,1.296000,1.286000,1.296000,1445314
2022-06-07,1.292000,1.292000,1.285000,1.289000,1013821
2022-06-08,1.305000,1.307000,1.302000,1.305000,726959
2022-06-09,1.296000,1.298000,1.292000,1.294000,856815
2022-06-10,1.268000,1.273000,1.266000,1.271000,1370379
2022-06-13,1.230000,1.230000,1.215000,1.218000,1958989
2022-06-14,1.200000,1.206000,1.196000,1.205000,3055580
2022-06-15,1.196000,1.196000,1.187000,1.192000,2917586
2022-06-16,1.210000,1.210000,1.187000,1.188000,2164642
2022-06-17,1.166000,1.173000,1.160000,1.169000,2246812
2022-06-20,1.167000,1.168000,1.162000,1.167000,1760526
2022-06-21,1.173000,1.184000,1.171000,1.181000,2478063
2022-06-22,1.186000,1.190000,1.179000,1.182000,1954714
2022-06-23,1.188000,1.191000,1.184000,1.190000,2356021
2022-06-24,1.198000,1.211000,1.198000,1.209000,1842788
2022-06-27,1.230000,1.240000,1.229000,1.235000,1954253
2022-06-28,1.235000,1.238000,1.228000,1.237000,1312903
2022-06-29,1.208000,1.214000,1.207000,1.208000,1223090
2022-06-30,1.207000,1.208000,1.193000,1.195000,1620303
2022-07-01,1.196000,1.198000,1.188000,1.191000,1386357
2022-07-04,1.197000,1.207000,1.195000,1.206000,2024509
2022-07-05,1.213000,1.216000,1.210000,1.216000,1809278
2022-07-06,1.216000,1.218000,1.205000,1.210000,1780001
2022-07-07,1.214000,1.223000,1.213000,1.221000,1981103
2022-07-08,1.236000,1.238000,1.228000,1.230000,2175950
2022-07-11,1.230000,1.230000,1.222000,1.223000,1659244
2022-07-12,1.219000,1.221000,1.215000,1.217000,1607641
2022-07-13,1.215000,1.217000,1.212000,1.217000,2053090
2022-07-14,1.210000,1.210000,1.201000,1.204000,1617663
2022-07-15,1.210000,1.215000,1.208000,1.209000,1646054
2022-07-18,1.229000,1.238000,1.228000,1.237000,1916848
2022-07-19,1.222000,1.224000,1.220000,1.222000,1819476
2022-07-20,1.255000,1.260000,1.255000,1.259000,2289537
2022-07-21,1.261000,1.265000,1.258000,1.262000,1954638
2022-07-22,1.270000,1.272000,1.268000,1.271000,1500782
2022-07-25,1.258000,1.262000,1.257000,1.260000,1612424
2022-07-26,1.259000,1.262000,1.257000,1.259000,1504244
2022-07-27,1.259000,1.263000,1.258000,1.263000,2044830
2022-07-28,1.279000,1.281000,1.275000,1.277000,1588838
2022-07-29,1.300000,1.306000,1.299000,1.304000,1940370
2022-08-01,1.309000,1.313000,1.307000,1.310000,3034474
2022-08-02,1.310000,1.311000,1.306000,1.306000,2229976
2022-08-03,1.306000,1.307000,1.303000,1.306000,1954403
2022-08-04,1.321000,1.324000,1.319000,1.319000,1891833
2022-08-05,1.322000,1.325000,1.320000,1.324000,1574873
2022-08-08,1.320000,1.328000,1.317000,1.328000,3391028
2022-08-09,1.320000,1.323000,1.319000,1.321000,1440125
2022-08-10,1.316000,1.317000,1.312000,1.313000,1637385
2022-08-11,1.341000,1.344000,1.339000,1.342000,1046644
2022-08-12,1.338000,1.343000,1.338000,1.342000,898166
2022-08-15,1.356000,1.363000,1.356000,1.361000,1905373
2022-08-16,1.372000,1.375000,1.371000,1.373000,1547767
2022-08-17,1.376000,1.378000,1.374000,1.374000,1280062
2022-08-18,1.365000,1.369000,1.365000,1.365000,1615584
2022-08-19,1.373000,1.376000,1.367000,1.367000,1557222
2022-08-22,1.353000,1.357000,1.352000,1.353000,1893823
2022-08-23,1.339000,1.341000,1.332000,1.335000,1946537
2022-08-24,1.334000,1.336000,1.327000,1.335000,1768178
2022-08-25,1.340000,1.352000,1.340000,1.351000,1439837
2022-08-26,1.355000,1.359000,1.355000,1.358000,867581
2022-08-29,1.311000,1.316000,1.300000,1.314000,3354632
2022-08-30,1.314000,1.319000,1.312000,1.318000,1790069
2022-08-31,1.302000,1.307000,1.302000,1.305000,1684580
2022-09-01,1.284000,1.285000,1.277000,1.282000,1868294
2022-09-02,1.290000,1.295000,1.289000,1.295000,1294544
2022-09-05,1.281000,1.291000,1.281000,1.291000,1175273
2022-09-06,1.294000,1.294000,1.287000,1.291000,1835147
2022-09-07,1.278000,1.282000,1.274000,1.281000,4379781
2022-09-08,1.303000,1.308000,1.302000,1.304000,2356394
2022-09-09,1.312000,1.315000,1.310000,1.312000,1836649
2022-09-13,1.338000,1.345000,1.338000,1.345000,1753779
2022-09-14,1.291000,1.293000,1.284000,1.290000,4208355
2022-09-15,1.290000,1.294000,1.290000,1.291000,1966013
2022-09-16,1.273000,1.274000,1.268000,1.270000,3293881
2022-09-19,1.271000,1.274000,1.266000,1.267000,2604021
2022-09-20,1.281000,1.285000,1.279000,1.284000,1895304
2022-09-21,1.269000,1.272000,1.265000,1.267000,3222044
2022-09-22,1.240000,1.248000,1.238000,1.245000,4325231
2022-09-23,1.244000,1.244000,1.236000,1.238000,1358245
2022-09-26,1.218000,1.225000,1.214000,1.216000,2563223
2022-09-27,1.220000,1.232000,1.220000,1.231000,1873079
2022-09-28,1.223000,1.223000,1.212000,1.216000,1609754
2022-09-29,1.239000,1.242000,1.233000,1.238000,1678345
2022-09-30,1.215000,1.219000,1.210000,1.215000,2513905
2022-10-10,1.210000,1.212000,1.203000,1.207000,923625
2022-10-11,1.209000,1.214000,1.205000,1.205000,3630838
2022-10-12,1.206000,1.213000,1.203000,1.212000,1818027
2022-10-13,1.202000,1.204000,1.200000,1.202000,864297
2022-10-14,1.228000,1.242000,1.228000,1.240000,1439707
2022-10-17,1.212000,1.217000,1.210000,1.216000,2115781
2022-10-18,1.243000,1.258000,1.240000,1.256000,1830215
2022-10-19,1.260000,1.264000,1.251000,1.253000,1995524
2022-10-20,1.237000,1.244000,1.234000,1.242000,1787892
2022-10-21,1.232000,1.235000,1.229000,1.232000,1321896
2022-10-24,1.264000,1.271000,1.262000,1.264000,2352988
2022-10-25,1.283000,1.289000,1.282000,1.288000,2125839
2022-10-26,1.292000,1.296000,1.283000,1.286000,2638096
2022-10-27,1.291000,1.299000,1.290000,1.298000,2995979
2022-10-28,1.286000,1.287000,1.275000,1.275000,919172
2022-10-31,1.315000,1.321000,1.315000,1.320000,1743648
2022-11-01,1.321000,1.326000,1.317000,1.325000,2165247
2022-11-02,1.315000,1.317000,1.311000,1.313000,1545758
2022-11-03,1.285000,1.291000,1.283000,1.288000,2687614
2022-11-04,1.275000,1.278000,1.268000,1.275000,5587019
2022-11-07,1.277000,1.284000,1.275000,1.284000,3063410
2022-11-08,1.297000,1.298000,1.294000,1.297000,2279691
2022-11-09,1.301000,1.312000,1.300000,1.302000,2653358
2022-11-10,1.282000,1.284000,1.279000,1.283000,1786420
2022-11-11,1.349000,1.349000,1.328000,1.339000,3653796
2022-11-14,1.338000,1.340000,1.322000,1.324000,2385792
2022-11-15,1.321000,1.327000,1.321000,1.326000,2375796
2022-11-16,1.321000,1.339000,1.320000,1.336000,3282414
2022-11-17,1.327000,1.336000,1.326000,1.335000,1980835
2022-11-18,1.330000,1.333000,1.325000,1.326000,1314593
2022-11-21,1.328000,1.340000,1.327000,1.336000,3255345
2022-11-22,1.335000,1.341000,1.332000,1.333000,1668971
2022-11-23,1.346000,1.351000,1.346000,1.351000,733470
2022-11-24,1.362000,1.364000,1.360000,1.361000,946178
2022-11-25,1.366000,1.367000,1.363000,1.367000,922633
2022-11-28,1.365000,1.367000,1.358000,1.361000,1581041
2022-11-29,1.349000,1.351000,1.342000,1.346000,2072365
2022-11-30,1.336000,1.339000,1.335000,1.337000,1741530
2022-12-01,1.363000,1.371000,1.358000,1.363000,2540019
2022-12-02,1.354000,1.358000,1.354000,1.358000,958300
2022-12-05,1.345000,1.348000,1.334000,1.337000,1998270
2022-12-06,1.320000,1.321000,1.315000,1.316000,2509067
2022-12-07,1.299000,1.302000,1.297000,1.298000,2886954
2022-12-08,1.290000,1.295000,1.289000,1.295000,1751827
2022-12-09,1.300000,1.305000,1.299000,1.305000,1380900
2022-12-12,1.292000,1.295000,1.292000,1.294000,1087828
2022-12-13,1.312000,1.315000,1.311000,1.314000,1366820
2022-12-14,1.322000,1.325000,1.321000,1.325000,1064716
2022-12-15,1.314000,1.315000,1.310000,1.313000,981047
2022-12-16,1.282000,1.285000,1.281000,1.284000,1928690
2022-12-19,1.271000,1.273000,1.270000,1.270000,1404986
2022-12-20,1.260000,1.263000,1.246000,1.251000,3250357
2022-12-21,1.262000,1.267000,1.262000,1.266000,1783452
2022-12-22,1.282000,1.284000,1.281000,1.281000,1125892
2022-12-23,1.261000,1.266000,1.261000,1.266000,1950698
2022-12-26,1.270000,1.272000,1.269000,1.270000,704950
2022-12-27,1.276000,1.277000,1.272000,1.274000,801650
2022-12-28,1.260000,1.262000,1.258000,1.260000,1935517
2022-12-29,1.245000,1.248000,1.242000,1.244000,2058254
2022-12-30,1.261000,1.263000,1.255000,1.255000,1614353
2023-01-03,1.250000,1.252000,1.246000,1.250000,3182964
2023-01-04,1.247000,1.249000,1.243000,1.245000,2553710
2023-01-05,1.250000,1.251000,1.245000,1.246000,3550161
2023-01-06,1.237000,1.241000,1.235000,1.238000,2835184
2023-01-09,1.254000,1.255000,1.251000,1.254000,1975588
2023-01-10,1.248000,1.249000,1.242000,1.248000,2871258
2023-01-11,1.255000,1.258000,1.254000,1.256000,2254070
2023-01-12,1.264000,1.266000,1.262000,1.264000,2048980
2023-01-13,1.263000,1.263000,1.259000,1.261000,1108488
2023-01-16,1.263000,1.264000,1.260000,1.262000,1859250
2023-01-17,1.264000,1.268000,1.263000,1.267000,1193614
2023-01-18,1.266000,1.275000,1.265000,1.273000,1366548
2023-01-19,1.250000,1.252000,1.248000,1.248000,2060328
2023-01-20,1.243000,1.251000,1.242000,1.250000,1691937
2023-01-30,1.284000,1.287000,1.283000,1.284000,2964520
2023-01-31,1.276000,1.278000,1.272000,1.273000,1279524
2023-02-01,1.287000,1.290000,1.286000,1.290000,1557982
2023-02-02,1.301000,1.304000,1.300000,1.303000,1328144
2023-02-03,1.315000,1.316000,1.313000,1.314000,1382468
2023-02-06,1.315000,1.318000,1.309000,1.309000,1244153
2023-02-07,1.312000,1.313000,1.310000,1.311000,708030
2023-02-08,1.321000,1.326000,1.321000,1.325000,1501436
2023-02-09,1.315000,1.321000,1.315000,1.320000,2589860
2023-02-10,1.302000,1.305000,1.302000,1.302000,1090537
2023-02-13,1.304000,1.309000,1.304000,1.309000,797244
2023-02-14,1.322000,1.326000,1.322000,1.326000,1167357
2023-02-15,1.325000,1.326000,1.322000,1.323000,736631
2023-02-16,1.336000,1.339000,1.335000,1.338000,940281
2023-02-17,1.323000,1.324000,1.315000,1.316000,731021
2023-02-20,1.317000,1.319000,1.315000,1.317000,914389
2023-02-21,1.312000,1.314000,1.311000,1.313000,659342
2023-02-22,1.293000,1.300000,1.293000,1.298000,948190
2023-02-23,1.301000,1.301000,1.298000,1.300000,677455
2023-02-24,1.303000,1.308000,1.302000,1.307000,673538
2023-02-27,1.302000,1.304000,1.300000,1.301000,736889
2023-02-28,1.307000,1.307000,1.299000,1.301000,613022
2023-03-01,1.293000,1.294000,1.290000,1.291000,1822190
2023-03-02,1.282000,1.282000,1.274000,1.278000,1685387
2023-03-03,1.288000,1.292000,1.287000,1.292000,1093549
2023-03-06,1.312000,1.318000,1.311000,1.316000,1317973
2023-03-07,1.321000,1.324000,1.320000,1.320000,1105346
2023-03-08,1.306000,1.308000,1.303000,1.304000,881025
2023-03-09,1.305000,1.308000,1.303000,1.307000,744654
2023-03-10,1.279000,1.280000,1.273000,1.275000,1754948
2023-03-13,1.270000,1.278000,1.268000,1.277000,2489614
2023-03-14,1.251000,1.261000,1.246000,1.251000,2231361
2023-03-15,1.270000,1.272000,1.268000,1.272000,1535255
2023-03-16,1.265000,1.271000,1.264000,1.264000,1174695
2023-03-17,1.283000,1.283000,1.278000,1.281000,1163353
2023-03-20,1.275000,1.276000,1.256000,1.259000,1780639
2023-03-21,1.278000,1.282000,1.278000,1.281000,1025774
2023-03-22,1.293000,1.297000,1.293000,1.295000,1166899
2023-03-23,1.274000,1.277000,1.272000,1.274000,1871087
2023-03-24,1.273000,1.277000,1.269000,1.276000,1251170
2023-03-27,1.287000,1.293000,1.287000,1.292000,1282239
2023-03-28,1.287000,1.292000,1.286000,1.291000,821433
2023-03-29,1.290000,1.297000,1.288000,1.296000,787513
2023-03-30,1.306000,1.308000,1.304000,1.305000,959719
2023-03-31,1.311000,1.311000,1.307000,1.308000,1014246
2023-04-03,1.325000,1.327000,1.324000,1.326000,915338
2023-04-04,1.331000,1.334000,1.331000,1.334000,827667
2023-04-06,1.322000,1.322000,1.319000,1.321000,838756
2023-04-07,1.326000,1.327000,1.324000,1.326000,948519
2023-04-10,1.326000,1.329000,1.324000,1.325000,438843
2023-04-11,1.331000,1.332000,1.330000,1.332000,538491
2023-04-12,1.332000,1.332000,1.329000,1.330000,907352
2023-04-13,1.323000,1.326000,1.321000,1.325000,868566
2023-04-14,1.338000,1.339000,1.331000,1.332000,759902
2023-04-17,1.339000,1.341000,1.337000,1.339000,531228
2023-04-18,1.340000,1.343000,1.340000,1.341000,632172
2023-04-19,1.342000,1.342000,1.340000,1.341000,540698
2023-04-20,1.341000,1.344000,1.339000,1.340000,865885
2023-04-21,1.336000,1.337000,1.334000,1.336000,594060
2023-04-24,1.336000,1.339000,1.333000,1.334000,829944
2023-04-25,1.339000,1.340000,1.338000,1.339000,583124
2023-04-26,1.333000,1.335000,1.330000,1.330000,1161876
2023-04-27,1.324000,1.325000,1.323000,1.323000,791090
2023-04-28,1.343000,1.345000,1.341000,1.343000,1236774
2023-05-04,1.327000,1.331000,1.325000,1.331000,1196714
2023-05-05,1.326000,1.327000,1.323000,1.326000,667732
2023-05-08,1.342000,1.345000,1.342000,1.344000,847383
2023-05-09,1.344000,1.346000,1.344000,1.345000,721542
2023-05-10,1.343000,1.345000,1.341000,1.345000,695832
2023-05-11,1.351000,1.354000,1.351000,1.352000,1093224
2023-05-12,1.354000,1.355000,1.352000,1.353000,654960
2023-05-15,1.349000,1.354000,1.348000,1.353000,753742
2023-05-16,1.352000,1.354000,1.351000,1.352000,581438
2023-05-17,1.353000,1.357000,1.353000,1.355000,751271
2023-05-18,1.369000,1.373000,1.368000,1.373000,918986
2023-05-19,1.393000,1.399000,1.393000,1.394000,3499717
2023-05-22,1.385000,1.390000,1.385000,1.388000,1259979
2023-05-23,1.395000,1.399000,1.393000,1.394000,1108185
2023-05-24,1.381000,1.384000,1.377000,1.381000,1451237
2023-05-25,1.377000,1.380000,1.375000,1.380000,1723102
2023-05-26,1.380000,1.381000,1.377000,1.379000,888793
2023-05-29,1.403000,1.407000,1.402000,1.407000,1224982
2023-05-30,1.404000,1.414000,1.403000,1.413000,1047513
2023-05-31,1.406000,1.410000,1.400000,1.402000,1270819
2023-06-01,1.400000,1.405000,1.397000,1.404000,869517
2023-06-02,1.414000,1.415000,1.408000,1.412000,1172405
2023-06-05,1.432000,1.439000,1.431000,1.438000,1435973
2023-06-06,1.434000,1.436000,1.432000,1.433000,957900
2023-06-07,1.436000,1.442000,1.435000,1.440000,1086606
2023-06-08,1.436000,1.439000,1.432000,1.433000,1280196
2023-06-09,1.440000,1.445000,1.438000,1.441000,1766414
2023-06-12,1.448000,1.453000,1.448000,1.453000,977433
2023-06-13,1.465000,1.472000,1.464000,1.471000,1983998
2023-06-14,1.478000,1.478000,1.474000,1.476000,1242121
2023-06-15,1.478000,1.479000,1.469000,1.472000,2172845
2023-06-16,1.482000,1.487000,1.481000,1.484000,1656276
2023-06-19,1.483000,1.484000,1.482000,1.484000,761145
2023-06-20,1.484000,1.490000,1.484000,1.487000,787514
2023-06-21,1.487000,1.490000,1.486000,1.487000,1205427
2023-06-26,1.478000,1.483000,1.478000,1.482000,1139579
2023-06-27,1.478000,1.478000,1.472000,1.474000,1126174
2023-06-28,1.485000,1.490000,1.485000,1.489000,1100214
2023-06-29,1.494000,1.498000,1.494000,1.496000,1089485
2023-06-30,1.506000,1.507000,1.502000,1.503000,1328655
2023-07-03,1.521000,1.523000,1.518000,1.522000,1627550
2023-07-04,1.520000,1.521000,1.516000,1.516000,1039513
2023-07-05,1.517000,1.517000,1.514000,1.515000,782437
2023-07-06,1.517000,1.518000,1.511000,1.512000,1012752
2023-07-07,1.503000,1.507000,1.501000,1.502000,1689896
2023-07-10,1.494000,1.496000,1.492000,1.492000,826143
2023-07-11,1.500000,1.502000,1.495000,1.499000,839456
2023-07-12,1.505000,1.506000,1.502000,1.506000,777240
2023-07-13,1.513000,1.517000,1.512000,1.516000,1198616
2023-07-14,1.519000,1.519000,1.512000,1.513000,1136577
2023-07-17,1.515000,1.521000,1.514000,1.521000,1015649
2023-07-18,1.525000,1.529000,1.524000,1.528000,868373
2023-07-19,1.543000,1.553000,1.543000,1.552000,1695441
2023-07-20,1.549000,1.549000,1.540000,1.541000,1605045
2023-07-21,1.531000,1.537000,1.530000,1.536000,1284214
2023-07-24,1.535000,1.542000,1.534000,1.541000,1330105
2023-07-25,1.540000,1.540000,1.535000,1.538000,1532622
2023-07-26,1.541000,1.542000,1.539000,1.541000,805480
2023-07-27,1.542000,1.546000,1.537000,1.545000,1521880
2023-07-28,1.535000,1.537000,1.531000,1.534000,1831845
2023-07-31,1.542000,1.543000,1.537000,1.539000,1466143
2023-08-01,1.546000,1.550000,1.545000,1.549000,1157801
2023-08-02,1.542000,1.543000,1.536000,1.537000,1725216
2023-08-03,1.525000,1.529000,1.523000,1.523000,1695616
2023-08-04,1.520000,1.529000,1.519000,1.526000,1343717
2023-08-07,1.517000,1.521000,1.517000,1.518000,1327262
2023-08-08,1.528000,1.530000,1.526000,1.529000,806956
2023-08-09,1.528000,1.529000,1.525000,1.529000,779762
2023-08-10,1.520000,1.521000,1.517000,1.521000,679413
2023-08-11,1.521000,1.523000,1.519000,1.522000,566344
2023-08-14,1.523000,1.525000,1.520000,1.525000,1079149
2023-08-15,1.538000,1.543000,1.538000,1.541000,1362642
2023-08-16,1.528000,1.528000,1.522000,1.524000,1042731
2023-08-17,1.513000,1.517000,1.512000,1.515000,1335221
2023-08-18,1.495000,1.499000,1.494000,1.497000,1720350
2023-08-21,1.497000,1.503000,1.496000,1.503000,2291253
2023-08-22,1.503000,1.510000,1.501000,1.509000,2101004
2023-08-23,1.507000,1.510000,1.506000,1.510000,999433
2023-08-24,1.528000,1.536000,1.527000,1.532000,3891149
2023-08-25,1.503000,1.504000,1.499000,1.501000,1152175
2023-08-28,1.508000,1.516000,1.507000,1.515000,827524
2023-08-29,1.523000,1.526000,1.521000,1.524000,1029964
2023-08-30,1.544000,1.547000,1.544000,1.545000,1083161
2023-08-31,1.549000,1.556000,1.549000,1.553000,1472921
2023-09-01,1.542000,1.547000,1.541000,1.544000,772000
2023-09-04,1.546000,1.549000,1.545000,1.547000,802455
2023-09-05,1.546000,1.550000,1.546000,1.548000,615692
2023-09-06,1.548000,1.550000,1.546000,1.548000,681220
2023-09-07,1.538000,1.539000,1.535000,1.535000,714217
2023-09-08,1.538000,1.545000,1.537000,1.544000,816142
2023-09-11,1.543000,1.544000,1.531000,1.536000,1248707
2023-09-12,1.539000,1.542000,1.538000,1.541000,596768
2023-09-13,1.532000,1.533000,1.528000,1.530000,1126912
2023-09-14,1.533000,1.538000,1.532000,1.537000,891516
2023-09-15,1.549000,1.550000,1.542000,1.548000,1146131
2023-09-18,1.528000,1.533000,1.528000,1.531000,754705
2023-09-19,1.531000,1.533000,1.529000,1.530000,641513
2023-09-20,1.528000,1.530000,1.526000,1.528000,687076
2023-09-21,1.512000,1.512000,1.507000,1.512000,1292650
2023-09-22,1.489000,1.493000,1.488000,1.493000,1386959
2023-09-25,1.488000,1.491000,1.485000,1.490000,1158746
2023-09-26,1.489000,1.490000,1.483000,1.483000,1050651
2023-09-27,1.473000,1.476000,1.470000,1.475000,2182767
2023-09-28,1.477000,1.477000,1.470000,1.471000,1316512
2023-10-09,1.472000,1.473000,1.466000,1.470000,1404122
2023-10-10,1.489000,1.490000,1.487000,1.490000,867845
2023-10-11,1.496000,1.500000,1.495000,1.499000,722789
2023-10-12,1.507000,1.510000,1.507000,1.510000,808137
2023-10-13,1.500000,1.500000,1.496000,1.497000,857126
2023-10-16,1.492000,1.496000,1.492000,1.496000,979112
2023-10-17,1.506000,1.507000,1.504000,1.507000,751921
2023-10-18,1.504000,1.508000,1.502000,1.505000,1129600
2023-10-19,1.493000,1.494000,1.482000,1.485000,1162066
2023-10-20,1.471000,1.472000,1.465000,1.467000,2137497
2023-10-23,1.455000,1.457000,1.453000,1.457000,1795474
2023-10-24,1.453000,1.456000,1.448000,1.455000,1462603
2023-10-25,1.458000,1.460000,1.455000,1.456000,605334
2023-10-26,1.433000,1.435000,1.430000,1.433000,1447441
2023-10-27,1.430000,1.433000,1.429000,1.433000,1032017
2023-10-30,1.426000,1.427000,1.422000,1.427000,994988
2023-10-31,1.432000,1.433000,1.428000,1.431000,967181
2023-11-01,1.440000,1.447000,1.439000,1.446000,1081064
2023-11-02,1.462000,1.466000,1.461000,1.463000,1046117
2023-11-03,1.485000,1.487000,1.484000,1.486000,810324
2023-11-06,1.494000,1.496000,1.493000,1.494000,783588
2023-11-07,1.492000,1.494000,1.490000,1.492000,838509
2023-11-08,1.497000,1.499000,1.495000,1.497000,635199
2023-11-09,1.498000,1.505000,1.497000,1.505000,741040
2023-11-10,1.495000,1.495000,1.490000,1.493000,567001
2023-11-13,1.512000,1.514000,1.510000,1.513000,959236
2023-11-14,1.512000,1.518000,1.511000,1.518000,976650
2023-11-15,1.543000,1.544000,1.537000,1.539000,926938
2023-11-16,1.538000,1.542000,1.535000,1.541000,1063853
2023-11-17,1.542000,1.544000,1.538000,1.540000,2421909
2023-11-20,1.532000,1.534000,1.523000,1.524000,1830395
2023-11-21,1.530000,1.533000,1.529000,1.530000,524085
2023-11-22,1.528000,1.528000,1.525000,1.528000,1348124
2023-11-23,1.534000,1.537000,1.531000,1.533000,892123
2023-11-24,1.534000,1.536000,1.533000,1.535000,439638
2023-11-27,1.534000,1.534000,1.530000,1.534000,644983
2023-11-28,1.533000,1.535000,1.533000,1.535000,471473
2023-11-29,1.532000,1.533000,1.530000,1.532000,525499
2023-11-30,1.532000,1.535000,1.529000,1.531000,699741
2023-12-01,1.535000,1.540000,1.535000,1.539000,802561
2023-12-04,1.544000,1.548000,1.543000,1.547000,940068
2023-12-05,1.539000,1.539000,1.534000,1.534000,473204
2023-12-06,1.545000,1.546000,1.544000,1.546000,609862
2023-12-07,1.536000,1.539000,1.533000,1.533000,674724
2023-12-08,1.544000,1.547000,1.543000,1.545000,846715
2023-12-11,1.557000,1.562000,1.556000,1.559000,868830
2023-12-12,1.566000,1.570000,1.565000,1.567000,1286467
2023-12-13,1.575000,1.579000,1.574000,1.576000,1033878
2023-12-14,1.594000,1.596000,1.591000,1.593000,1773817
2023-12-15,1.587000,1.589000,1.584000,1.586000,1354442
2023-12-18,1.590000,1.593000,1.589000,1.593000,728628
2023-12-19,1.598000,1.601000,1.597000,1.601000,679754
2023-12-20,1.605000,1.610000,1.605000,1.609000,1119707
2023-12-21,1.587000,1.589000,1.583000,1.588000,2964855
2023-12-22,1.598000,1.599000,1.594000,1.597000,985222
2023-12-25,1.600000,1.602000,1.598000,1.600000,387992
2023-12-26,1.601000,1.606000,1.600000,1.605000,1171438
2023-12-27,1.608000,1.609000,1.605000,1.608000,1087976
2023-12-28,1.610000,1.610000,1.603000,1.605000,1131789
2023-12-29,1.602000,1.605000,1.598000,1.603000,1387400
2024-01-02,1.600000,1.607000,1.600000,1.607000,635475
2024-01-03,1.597000,1.600000,1.595000,1.595000,1084673
2024-01-04,1.588000,1.590000,1.586000,1.589000,683809
2024-01-05,1.586000,1.588000,1.582000,1.582000,866172
2024-01-08,1.586000,1.587000,1.583000,1.584000,931610
2024-01-09,1.605000,1.611000,1.605000,1.611000,1970037
2024-01-10,1.611000,1.613000,1.609000,1.610000,1277460
2024-01-11,1.620000,1.623000,1.619000,1.623000,1368574
2024-01-12,1.615000,1.616000,1.612000,1.616000,923408
2024-01-15,1.619000,1.625000,1.618000,1.624000,1240203
2024-01-16,1.619000,1.620000,1.616000,1.616000,853985
2024-01-17,1.619000,1.620000,1.608000,1.609000,2173808
2024-01-18,1.609000,1.611000,1.605000,1.610000,1319013
2024-01-19,1.623000,1.628000,1.622000,1.626000,2108838
2024-01-22,1.651000,1.655000,1.648000,1.652000,3260748
2024-01-23,1.651000,1.665000,1.645000,1.656000,3124121
2024-01-24,1.660000,1.688000,1.658000,1.674000,2486817
2024-01-25,1.672000,1.672000,1.655000,1.666000,1586860
2024-01-26,1.665000,1.671000,1.653000,1.654000,2177410
2024-01-29,1.654000,1.662000,1.654000,1.661000,968075
2024-01-30,1.674000,1.681000,1.673000,1.681000,1393901
2024-01-31,1.670000,1.676000,1.666000,1.674000,1602879
2024-02-01,1.655000,1.662000,1.649000,1.660000,1660664
2024-02-02,1.677000,1.689000,1.677000,1.688000,1270892
2024-02-05,1.702000,1.703000,1.683000,1.695000,1756807
2024-02-06,1.692000,1.699000,1.686000,1.695000,1301725
2024-02-07,1.694000,1.705000,1.691000,1.701000,1249245
2024-02-08,1.715000,1.750000,1.715000,1.745000,1725307
2024-02-19,1.739000,1.741000,1.719000,1.737000,970140
2024-02-20,1.738000,1.739000,1.727000,1.731000,733833
2024-02-21,1.720000,1.723000,1.712000,1.717000,1890579
2024-02-22,1.729000,1.742000,1.728000,1.741000,936389
2024-02-23,1.762000,1.775000,1.762000,1.766000,1187910
2024-02-26,1.764000,1.764000,1.752000,1.755000,1003777
2024-02-27,1.751000,1.764000,1.747000,1.761000,1475569
2024-02-28,1.762000,1.786000,1.759000,1.783000,1679058
2024-02-29,1.777000,1.778000,1.765000,1.772000,2247553
2024-03-01,1.782000,1.789000,1.780000,1.781000,1586048
2024-03-04,1.789000,1.796000,1.789000,1.794000,1256753
2024-03-05,1.784000,1.792000,1.781000,1.789000,1200737
2024-03-06,1.776000,1.784000,1.772000,1.781000,1700494
2024-03-07,1.784000,1.788000,1.772000,1.776000,1545118
2024-03-08,1.791000,1.801000,1.791000,1.800000,1533657
2024-03-11,1.790000,1.794000,1.780000,1.794000,1488654
2024-03-12,1.794000,1.799000,1.785000,1.788000,1399737
2024-03-13,1.800000,1.800000,1.780000,1.783000,1416734
2024-03-14,1.784000,1.784000,1.778000,1.784000,751823
2024-03-15,1.778000,1.782000,1.774000,1.775000,1072428
2024-03-18,1.773000,1.782000,1.764000,1.781000,1535795
2024-03-19,1.775000,1.780000,1.772000,1.774000,1177598
2024-03-20,1.783000,1.792000,1.779000,1.790000,1261109
2024-03-21,1.801000,1.840000,1.800000,1.826000,2423573
2024-03-22,1.827000,1.852000,1.819000,1.837000,2359895
2024-03-25,1.838000,1.846000,1.816000,1.825000,2226642
2024-03-26,1.826000,1.833000,1.821000,1.832000,1045619
2024-03-27,1.827000,1.848000,1.825000,1.844000,1283638
2024-03-28,1.851000,1.877000,1.848000,1.868000,3028368
2024-03-29,1.868000,1.899000,1.852000,1.856000,3633389
2024-04-01,1.863000,1.886000,1.845000,1.849000,1996979
2024-04-02,1.844000,1.848000,1.831000,1.842000,2725711
2024-04-03,1.830000,1.831000,1.797000,1.802000,3380552
2024-04-08,1.807000,1.811000,1.791000,1.807000,2210781
2024-04-09,1.806000,1.819000,1.795000,1.813000,2603800
2024-04-10,1.815000,1.818000,1.800000,1.810000,1042371
2024-04-11,1.790000,1.793000,1.783000,1.788000,1672230
2024-04-12,1.801000,1.807000,1.799000,1.802000,1279002
2024-04-15,1.776000,1.785000,1.771000,1.783000,1198736
2024-04-16,1.760000,1.760000,1.740000,1.741000,2160224
2024-04-17,1.742000,1.747000,1.733000,1.734000,1254792
2024-04-18,1.725000,1.732000,1.723000,1.730000,1443337
2024-04-19,1.710000,1.710000,1.693000,1.709000,2029285
2024-04-22,1.702000,1.716000,1.701000,1.716000,1694642
2024-04-23,1.722000,1.731000,1.719000,1.728000,1779765
2024-04-24,1.750000,1.768000,1.750000,1.766000,1869810
2024-04-25,1.749000,1.753000,1.737000,1.739000,1279030
2024-04-26,1.754000,1.758000,1.745000,1.746000,1290618
2024-04-29,1.758000,1.760000,1.750000,1.754000,1007109
2024-04-30,1.755000,1.760000,1.753000,1.758000,823675
2024-05-06,1.758000,1.760000,1.753000,1.759000,920988
2024-05-07,1.772000,1.781000,1.771000,1.777000,1147035
2024-05-08,1.779000,1.785000,1.775000,1.784000,1091684
2024-05-09,1.786000,1.789000,1.779000,1.779000,1466310
2024-05-10,1.789000,1.800000,1.788000,1.799000,878813
2024-05-13,1.801000,1.810000,1.799000,1.807000,788139
2024-05-14,1.801000,1.809000,1.797000,1.807000,991864
2024-05-15,1.817000,1.827000,1.816000,1.826000,1092086
2024-05-16,1.849000,1.858000,1.845000,1.850000,1233365
2024-05-17,1.844000,1.846000,1.840000,1.844000,942090
2024-05-20,1.844000,1.850000,1.829000,1.834000,1863960
2024-05-21,1.836000,1.840000,1.832000,1.835000,1113187
2024-05-22,1.840000,1.845000,1.837000,1.844000,897985
2024-05-23,1.843000,1.853000,1.841000,1.849000,1331571
2024-05-24,1.829000,1.829000,1.818000,1.818000,1587953
2024-05-27,1.829000,1.836000,1.828000,1.834000,654352
2024-05-28,1.836000,1.841000,1.834000,1.838000,572041
2024-05-29,1.835000,1.835000,1.827000,1.829000,509011
2024-05-30,1.807000,1.817000,1.805000,1.806000,930375
2024-05-31,1.793000,1.808000,1.793000,1.807000,823001
2024-06-03,1.826000,1.836000,1.825000,1.835000,875753
2024-06-04,1.835000,1.838000,1.827000,1.838000,775006
2024-06-05,1.841000,1.848000,1.840000,1.847000,590447
2024-06-06,1.874000,1.880000,1.871000,1.873000,984800
2024-06-07,1.870000,1.883000,1.870000,1.882000,678200
2024-06-11,1.884000,1.897000,1.884000,1.889000,989433
2024-06-12,1.896000,1.898000,1.890000,1.892000,1141583
2024-06-13,1.908000,1.913000,1.906000,1.909000,818673
2024-06-14,1.907000,1.909000,1.900000,1.903000,1048154
2024-06-17,1.903000,1.907000,1.883000,1.893000,1632288
2024-06-18,1.906000,1.909000,1.899000,1.902000,1149279
2024-06-19,1.904000,1.907000,1.902000,1.904000,634292
2024-06-20,1.905000,1.922000,1.905000,1.921000,759909
2024-06-21,1.907000,1.916000,1.900000,1.914000,1133320
2024-06-24,1.912000,1.913000,1.904000,1.910000,621390
2024-06-25,1.901000,1.910000,1.898000,1.907000,992034
2024-06-26,1.920000,1.935000,1.914000,1.933000,941852
2024-06-27,1.933000,1.950000,1.927000,1.948000,1468851
2024-06-28,1.955000,1.985000,1.955000,1.971000,2087549
2024-07-01,1.965000,1.978000,1.958000,1.967000,1245455
2024-07-02,1.975000,1.987000,1.969000,1.971000,1405085
2024-07-03,1.990000,2.000000,1.989000,1.999000,1121194
2024-07-04,2.018000,2.035000,1.968000,1.977000,2556542
2024-07-05,1.974000,1.996000,1.973000,1.993000,1339065
2024-07-08,2.004000,2.008000,1.989000,1.999000,1127275
2024-07-09,2.001000,2.002000,1.993000,1.996000,1207070
2024-07-10,1.995000,1.996000,1.970000,1.985000,1315036
2024-07-11,1.999000,2.004000,1.996000,2.004000,988551
2024-07-12,1.984000,1.984000,1.945000,1.974000,1707796
2024-07-15,1.983000,2.025000,1.983000,2.024000,1978925
2024-07-16,2.029000,2.045000,2.015000,2.028000,1253185
2024-07-17,2.039000,2.067000,2.038000,2.053000,1799228
2024-07-18,2.002000,2.032000,1.984000,2.027000,1748145
2024-07-19,2.010000,2.014000,1.977000,1.979000,1583370
2024-07-22,1.955000,1.965000,1.950000,1.956000,1377124
2024-07-23,1.979000,1.992000,1.978000,1.983000,1081700
2024-07-24,1.975000,1.980000,1.966000,1.968000,776452
2024-07-25,1.912000,1.918000,1.900000,1.911000,1311021
2024-07-26,1.901000,1.929000,1.901000,1.927000,929012
2024-07-29,1.948000,1.973000,1.948000,1.972000,1068190
2024-07-30,1.963000,1.970000,1.947000,1.962000,944175
2024-07-31,1.959000,1.962000,1.940000,1.948000,2268018
2024-08-01,1.979000,1.980000,1.967000,1.972000,1343518
2024-08-02,1.928000,1.943000,1.908000,1.912000,1486308
2024-08-05,1.840000,1.840000,1.773000,1.785000,3336797
2024-08-06,1.813000,1.826000,1.799000,1.804000,2723550
2024-08-07,1.807000,1.826000,1.803000,1.811000,1790875
2024-08-08,1.793000,1.802000,1.782000,1.799000,1068806
2024-08-09,1.836000,1.847000,1.830000,1.835000,1285068
2024-08-12,1.842000,1.861000,1.841000,1.860000,1351843
2024-08-13,1.862000,1.891000,1.861000,1.887000,1171965
2024-08-14,1.914000,1.925000,1.910000,1.922000,1271305
2024-08-15,1.936000,1.957000,1.930000,1.948000,1198460
2024-08-16,1.994000,1.996000,1.962000,1.975000,1957543
2024-08-19,1.978000,1.978000,1.941000,1.942000,1397669
2024-08-20,1.968000,1.974000,1.962000,1.966000,842582
2024-08-21,1.957000,1.969000,1.948000,1.967000,689837
2024-08-22,1.978000,1.993000,1.963000,1.971000,1484566
2024-08-23,1.950000,1.965000,1.948000,1.964000,894428
2024-08-26,1.988000,1.993000,1.970000,1.978000,851835
2024-08-27,1.971000,1.980000,1.962000,1.978000,661214
2024-08-28,1.982000,2.008000,1.975000,1.997000,2227796
2024-08-29,1.971000,1.981000,1.961000,1.974000,1381173
2024-08-30,1.977000,1.983000,1.972000,1.978000,765073
2024-09-02,1.990000,2.004000,1.990000,1.999000,1087549
2024-09-03,2.001000,2.011000,1.992000,1.998000,1059450
2024-09-04,1.925000,1.943000,1.917000,1.919000,1798985
2024-09-05,1.933000,1.940000,1.923000,1.929000,825363
2024-09-06,1.920000,1.925000,1.912000,1.919000,885553
2024-09-09,1.894000,1.906000,1.884000,1.905000,1459737
2024-09-10,1.920000,1.927000,1.894000,1.895000,1678850
2024-09-11,1.908000,1.910000,1.893000,1.899000,790319
2024-09-12,1.927000,1.937000,1.923000,1.931000,1318809
2024-09-13,1.944000,1.950000,1.939000,1.941000,1310968
2024-09-18,1.950000,1.954000,1.935000,1.939000,918491
2024-09-19,1.944000,1.967000,1.942000,1.965000,1012686
2024-09-20,1.986000,1.989000,1.967000,1.970000,1256530
2024-09-23,1.974000,1.979000,1.969000,1.974000,671941
2024-09-24,1.977000,1.978000,1.950000,1.960000,1208342
2024-09-25,1.951000,1.954000,1.938000,1.945000,1239282
2024-09-26,1.949000,1.955000,1.938000,1.948000,1650332
2024-09-27,1.920000,1.934000,1.916000,1.919000,985058
2024-09-30,1.893000,1.917000,1.881000,1.908000,4295250
2024-10-08,1.886000,1.914000,1.879000,1.893000,3528083
2024-10-09,1.914000,1.929000,1.910000,1.925000,2960690
2024-10-10,1.943000,1.961000,1.943000,1.956000,2530206
2024-10-11,1.955000,1.970000,1.951000,1.967000,1730693
2024-10-14,1.984000,1.992000,1.971000,1.988000,2086676
2024-10-15,2.005000,2.048000,2.005000,2.047000,3144859
2024-10-16,2.025000,2.034000,2.005000,2.024000,2328863
2024-10-17,2.030000,2.048000,2.030000,2.045000,2033645
2024-10-18,2.036000,2.041000,2.015000,2.027000,3077818
2024-10-21,2.027000,2.036000,2.015000,2.018000,2048371
2024-10-22,2.015000,2.015000,2.005000,2.006000,1531023
2024-10-23,2.006000,2.011000,1.998000,1.999000,1162317
2024-10-24,1.986000,1.992000,1.982000,1.991000,1646827
2024-10-25,1.992000,1.998000,1.990000,1.991000,1019866
2024-10-28,2.000000,2.016000,1.998000,2.012000,2281468
2024-10-29,2.005000,2.009000,2.000000,2.005000,1346076
2024-10-30,2.016000,2.023000,2.012000,2.020000,1395275
2024-10-31,2.008000,2.008000,1.995000,1.996000,1048136
2024-11-01,1.965000,1.977000,1.957000,1.971000,1676201
2024-11-04,1.966000,1.972000,1.961000,1.963000,1533905
2024-11-05,1.960000,1.962000,1.953000,1.961000,1124936
2024-11-06,1.996000,2.030000,1.988000,2.029000,3330988
2024-11-07,2.065000,2.079000,2.038000,2.045000,3815080
2024-11-08,2.047000,2.063000,2.047000,2.063000,2309079
2024-11-11,2.065000,2.091000,2.065000,2.089000,1935112
2024-11-12,2.092000,2.126000,2.092000,2.113000,2807170
2024-11-13,2.109000,2.109000,2.090000,2.095000,1987802
2024-11-14,2.097000,2.131000,2.097000,2.122000,3260906
2024-11-15,2.104000,2.105000,2.083000,2.088000,2328753
2024-11-18,2.067000,2.107000,2.067000,2.102000,2789812
2024-11-19,2.102000,2.121000,2.098000,2.106000,2558811
2024-11-20,2.122000,2.123000,2.108000,2.112000,1737842
2024-11-21,2.105000,2.109000,2.096000,2.107000,1156296
2024-11-22,2.121000,2.134000,2.115000,2.128000,2244054
2024-11-25,2.141000,2.178000,2.141000,2.177000,3434824
2024-11-26,2.181000,2.187000,2.143000,2.181000,3995963
2024-11-27,2.197000,2.236000,2.174000,2.180000,5099924
2024-11-28,2.173000,2.190000,2.160000,2.178000,2601024
2024-11-29,2.182000,2.188000,2.170000,2.182000,2147402
2024-12-02,2.199000,2.202000,2.184000,2.199000,2388134
2024-12-03,2.210000,2.222000,2.207000,2.217000,1921348
2024-12-04,2.220000,2.221000,2.208000,2.217000,1570989
2024-12-05,2.230000,2.235000,2.225000,2.233000,1565477
2024-12-06,2.228000,2.231000,2.210000,2.228000,1458954
2024-12-09,2.233000,2.233000,2.225000,2.227000,1365980
2024-12-10,2.182000,2.210000,2.182000,2.207000,2246211
2024-12-11,2.200000,2.229000,2.199000,2.227000,2116906
2024-12-12,2.248000,2.250000,2.226000,2.232000,2115516
2024-12-13,2.226000,2.246000,2.223000,2.244000,1507003
2024-12-16,2.244000,2.285000,2.241000,2.274000,3267669
2024-12-17,2.501000,2.501000,2.047000,2.254000,4655671
2024-12-18,2.248000,2.248000,2.220000,2.229000,2469285
2024-12-19,2.149000,2.195000,2.149000,2.157000,3024560
2024-12-20,2.155000,2.174000,2.120000,2.144000,2840519
2024-12-23,2.176000,2.200000,2.176000,2.194000,2725916
2024-12-24,2.213000,2.217000,2.181000,2.186000,1996193
2024-12-25,2.198000,2.205000,2.191000,2.197000,1035301
2024-12-26,2.199000,2.200000,2.185000,2.200000,930463
2024-12-27,2.197000,2.199000,2.190000,2.191000,824590
2024-12-30,2.170000,2.172000,2.161000,2.165000,1165096
2024-12-31,2.151000,2.178000,2.143000,2.162000,1603420
2025-01-02,2.163000,2.185000,2.160000,2.183000,1579559
2025-01-03,2.181000,2.186000,2.167000,2.170000,1141237
2025-01-06,2.188000,2.213000,2.188000,2.211000,1848995
2025-01-07,2.220000,2.238000,2.180000,2.193000,3000409
2025-01-08,2.172000,2.197000,2.170000,2.190000,1411851
2025-01-09,2.193000,2.200000,2.184000,2.186000,955483
2025-01-10,2.181000,2.198000,2.172000,2.173000,1352753
2025-01-13,2.152000,2.160000,2.135000,2.139000,1128826
2025-01-14,2.152000,2.164000,2.146000,2.162000,1149908
2025-01-15,2.161000,2.167000,2.152000,2.158000,749169
2025-01-16,2.198000,2.200000,2.187000,2.193000,1182130
2025-01-17,2.189000,2.192000,2.177000,2.191000,656203
2025-01-20,2.202000,2.207000,2.197000,2.201000,960154
2025-01-21,2.202000,2.203000,2.193000,2.200000,662009
2025-01-22,2.212000,2.220000,2.209000,2.218000,927383
2025-01-23,2.225000,2.228000,2.204000,2.205000,1259120
2025-01-24,2.214000,2.220000,2.212000,2.214000,995621
2025-01-27,2.200000,2.200000,2.165000,2.196000,2484108
2025-02-05,2.191000,2.195000,2.178000,2.192000,894929
2025-02-06,2.200000,2.203000,2.195000,2.198000,712735
2025-02-07,2.198000,2.201000,2.187000,2.192000,934739
2025-02-10,2.180000,2.188000,2.170000,2.187000,1013117
2025-02-11,2.187000,2.192000,2.180000,2.183000,663169
2025-02-12,2.183000,2.185000,2.170000,2.175000,584026
2025-02-13,2.179000,2.179000,2.165000,2.172000,756592
2025-02-14,2.180000,2.184000,2.171000,2.173000,912017
2025-02-17,2.172000,2.172000,2.160000,2.170000,757005
2025-02-18,2.170000,2.189000,2.167000,2.185000,693093
2025-02-19,2.185000,2.185000,2.175000,2.176000,597854
2025-02-20,2.180000,2.181000,2.173000,2.174000,464705
2025-02-21,2.168000,2.168000,2.150000,2.154000,1217864
2025-02-24,2.118000,2.138000,2.112000,2.125000,1481295
2025-02-25,2.110000,2.116000,2.092000,2.094000,1422639
2025-02-26,2.092000,2.092000,2.077000,2.091000,1666490
2025-02-27,2.089000,2.089000,2.079000,2.084000,1367344
2025-02-28,2.050000,2.051000,2.028000,2.032000,3038343
2025-03-03,2.052000,2.071000,2.052000,2.070000,2279092
2025-03-04,2.034000,2.034000,2.028000,2.031000,1637668
2025-03-05,2.015000,2.027000,2.011000,2.024000,2151237
2025-03-06,2.031000,2.034000,2.022000,2.025000,1229199
2025-03-07,2.000000,2.006000,1.998000,2.001000,1436892
2025-03-10,1.998000,2.004000,1.995000,1.999000,868611
2025-03-11,1.937000,1.949000,1.931000,1.949000,2298535
2025-03-12,1.938000,1.941000,1.930000,1.938000,1650503
2025-03-13,1.944000,1.947000,1.927000,1.932000,1300855
2025-03-14,1.920000,1.931000,1.917000,1.930000,1954379
2025-03-17,1.940000,1.943000,1.928000,1.929000,1647829
2025-03-18,1.938000,1.949000,1.938000,1.948000,2093329
2025-03-19,1.935000,1.935000,1.928000,1.933000,814493
2025-03-20,1.955000,1.983000,1.951000,1.981000,3178334
2025-03-21,1.979000,1.979000,1.962000,1.973000,2256099
2025-03-24,1.984000,1.999000,1.983000,1.999000,2507265
2025-03-25,2.025000,2.026000,2.010000,2.017000,2451371
2025-03-26,2.028000,2.028000,2.008000,2.011000,1746173
2025-03-27,1.980000,1.986000,1.980000,1.983000,1622048
2025-03-28,1.974000,1.976000,1.962000,1.963000,1564705
2025-03-31,1.910000,1.920000,1.906000,1.907000,2001722
2025-04-01,1.917000,1.939000,1.917000,1.937000,2248768
2025-04-02,1.940000,1.942000,1.936000,1.937000,1966888
2025-04-03,1.903000,1.912000,1.895000,1.897000,3416121
2025-04-07,1.707000,1.725000,1.707000,1.707000,5655432
2025-04-08,1.737000,1.793000,1.737000,1.776000,5082647
2025-04-09,1.707000,1.729000,1.695000,1.722000,7420048
2025-04-10,1.881000,1.888000,1.831000,1.886000,6701700
2025-04-11,1.807000,1.849000,1.802000,1.841000,6209563
2025-04-14,1.864000,1.875000,1.857000,1.872000,2963731
2025-04-15,1.868000,1.869000,1.863000,1.865000,1515088
2025-04-16,1.854000,1.854000,1.835000,1.842000,2154094
2025-04-17,1.831000,1.840000,1.826000,1.835000,2632814
2025-04-18,1.826000,1.832000,1.823000,1.829000,928764
2025-04-21,1.811000,1.815000,1.804000,1.806000,1841734
2025-04-22,1.792000,1.804000,1.787000,1.803000,2202368
2025-04-23,1.846000,1.858000,1.842000,1.855000,5282818
2025-04-24,1.855000,1.859000,1.846000,1.846000,3137396
2025-04-25,1.891000,1.898000,1.889000,1.895000,3776175
2025-04-28,1.892000,1.902000,1.889000,1.901000,2329212
2025-04-29,1.903000,1.907000,1.895000,1.897000,2139831
2025-04-30,1.903000,1.903000,1.897000,1.900000,1698314
2025-05-06,1.922000,1.927000,1.915000,1.918000,1988920
2025-05-07,1.920000,1.925000,1.919000,1.922000,1310773
2025-05-08,1.931000,1.942000,1.930000,1.940000,2398358
2025-05-09,1.940000,1.944000,1.937000,1.942000,1534709
2025-05-12,1.964000,1.966000,1.957000,1.963000,2372225
2025-05-13,1.987000,1.987000,1.977000,1.977000,2743638
2025-05-14,1.998000,2.013000,1.998000,2.013000,2628048
2025-05-15,2.007000,2.007000,1.998000,1.999000,1748776
2025-05-16,2.007000,2.014000,2.007000,2.012000,1262025
2025-05-19,2.009000,2.015000,2.006000,2.006000,2086891
2025-05-20,2.026000,2.032000,2.024000,2.025000,1626987
2025-05-21,2.019000,2.021000,2.009000,2.010000,1497482
2025-05-22,1.989000,1.994000,1.985000,1.989000,2545229
2025-05-23,1.987000,1.993000,1.983000,1.986000,1561138
2025-05-26,1.985000,1.992000,1.983000,1.991000,1193597
2025-05-27,1.990000,1.997000,1.987000,1.997000,1011548
2025-05-28,2.015000,2.017000,2.011000,2.012000,1574523
2025-05-29,2.032000,2.036000,2.031000,2.032000,2589658
2025-05-30,2.001000,2.009000,1.999000,2.004000,2605744
2025-06-03,2.013000,2.016000,2.009000,2.010000,1371410
2025-06-04,2.026000,2.030000,2.023000,2.029000,1210579
2025-06-05,2.025000,2.027000,2.023000,2.025000,1524792
2025-06-06,2.018000,2.025000,2.016000,2.024000,850335
2025-06-09,2.032000,2.036000,2.031000,2.035000,963823
2025-06-10,2.042000,2.047000,2.033000,2.036000,1493926
2025-06-11,2.044000,2.046000,2.042000,2.046000,1041704
2025-06-12,2.040000,2.042000,2.036000,2.040000,1100902
2025-06-13,2.020000,2.025000,2.011000,2.023000,2221110
2025-06-16,2.029000,2.038000,2.028000,2.038000,1144822
2025-06-17,2.039000,2.043000,2.036000,2.038000,1200707
2025-06-18,2.033000,2.039000,2.032000,2.035000,1089067
2025-06-19,2.028000,2.030000,2.022000,2.025000,1583901
2025-06-20,2.023000,2.030000,2.019000,2.027000,956389
2025-06-23,2.015000,2.027000,2.014000,2.025000,906971
2025-06-24,2.051000,2.062000,2.048000,2.061000,2045860
2025-06-25,2.062000,2.066000,2.059000,2.065000,1719257
2025-06-26,2.063000,2.072000,2.061000,2.071000,1542598
2025-06-27,2.080000,2.093000,2.080000,2.091000,2724125
2025-06-30,2.102000,2.104000,2.096000,2.102000,1622426
2025-07-01,2.102000,2.104000,2.095000,2.096000,1275137
2025-07-02,2.098000,2.111000,2.098000,2.110000,1391608
2025-07-03,2.114000,2.115000,2.109000,2.114000,1254423
2025-07-04,2.125000,2.132000,2.122000,2.125000,2325591
2025-07-07,2.121000,2.127000,2.118000,2.121000,1579035
2025-07-08,2.114000,2.121000,2.112000,2.121000,1542763
2025-07-09,2.118000,2.118000,2.112000,2.113000,1277141
2025-07-10,2.119000,2.128000,2.119000,2.121000,1892997
2025-07-11,2.124000,2.126000,2.122000,2.124000,1390238
2025-07-14,2.115000,2.116000,2.107000,2.107000,2687672
2025-07-15,2.118000,2.131000,2.117000,2.131000,1781706
2025-07-16,2.117000,2.119000,2.114000,2.115000,1539316
2025-07-17,2.123000,2.135000,2.123000,2.131000,2251254
2025-07-18,2.141000,2.146000,2.141000,2.143000,1031171
2025-07-21,2.142000,2.142000,2.137000,2.140000,1491100
2025-07-22,2.138000,2.141000,2.135000,2.136000,1336900
2025-07-23,2.137000,2.144000,2.137000,2.144000,1257314
2025-07-24,2.155000,2.156000,2.152000,2.153000,1308246
2025-07-25,2.157000,2.167000,2.156000,2.164000,1355980
2025-07-28,2.176000,2.187000,2.176000,2.185000,1825007
2025-07-29,2.183000,2.185000,2.173000,2.184000,1609620
2025-07-30,2.175000,2.181000,2.174000,2.180000,974192
2025-07-31,2.196000,2.203000,2.188000,2.202000,1444080
2025-08-01,2.170000,2.183000,2.169000,2.172000,1791382
2025-08-04,2.148000,2.158000,2.137000,2.148000,2940038
2025-08-05,2.171000,2.187000,2.171000,2.187000,1743225
2025-08-06,2.167000,2.175000,2.166000,2.174000,1897912
2025-08-07,2.185000,2.190000,2.173000,2.174000,1354707
2025-08-08,2.176000,2.181000,2.169000,2.174000,988571
2025-08-11,2.185000,2.194000,2.185000,2.192000,1470859
2025-08-12,2.188000,2.191000,2.183000,2.187000,1011301
2025-08-13,2.202000,2.207000,2.202000,2.204000,830206
2025-08-14,2.207000,2.209000,2.201000,2.203000,913248
2025-08-15,2.208000,2.218000,2.205000,2.217000,923013
2025-08-18,2.209000,2.211000,2.201000,2.203000,1457107
2025-08-19,2.202000,2.203000,2.192000,2.197000,1035037
2025-08-20,2.182000,2.194000,2.178000,2.185000,2200807
2025-08-21,2.177000,2.194000,2.177000,2.183000,1907261
2025-08-22,2.179000,2.180000,2.169000,2.170000,1850136
2025-08-25,2.197000,2.203000,2.194000,2.200000,3091222
2025-08-26,2.190000,2.193000,2.188000,2.191000,836753
2025-08-27,2.200000,2.207000,2.198000,2.206000,1081363
2025-08-28,2.201000,2.203000,2.192000,2.194000,1538029
2025-08-29,2.196000,2.201000,2.194000,2.195000,912789
2025-09-01,2.193000,2.193000,2.180000,2.185000,1191555
2025-09-02,2.185000,2.188000,2.182000,2.187000,799735
2025-09-03,2.177000,2.180000,2.173000,2.177000,1060301
2025-09-04,2.187000,2.192000,2.185000,2.189000,869275
2025-09-05,2.210000,2.219000,2.203000,2.204000,1296751
2025-09-08,2.195000,2.197000,2.191000,2.195000,951844
2025-09-09,2.197000,2.200000,2.194000,2.198000,1351638
2025-09-10,2.202000,2.208000,2.202000,2.207000,1016544
2025-09-11,2.210000,2.211000,2.206000,2.210000,1063295
2025-09-12,2.221000,2.224000,2.220000,2.222000,1133535
2025-09-15,2.223000,2.230000,2.222000,2.229000,999886
2025-09-16,2.234000,2.239000,2.233000,2.238000,1234160
2025-09-17,2.235000,2.235000,2.227000,2.230000,922670
2025-09-18,2.231000,2.243000,2.231000,2.241000,1405032
2025-09-19,2.249000,2.254000,2.244000,2.252000,1847227
2025-09-22,2.258000,2.271000,2.258000,2.269000,1818886
2025-09-23,2.283000,2.291000,2.282000,2.288000,1364793
2025-09-24,2.275000,2.280000,2.267000,2.280000,1385152
2025-09-25,2.277000,2.278000,2.267000,2.270000,1043312
2025-09-26,2.264000,2.266000,2.256000,2.265000,956785
2025-09-29,2.275000,2.282000,2.275000,2.281000,1117310
2025-09-30,2.286000,2.287000,2.280000,2.284000,1351413
2025-10-09,2.304000,2.330000,2.304000,2.322000,2187955
2025-10-10,2.321000,2.333000,2.318000,2.329000,1567534
2025-10-13,2.284000,2.318000,2.275000,2.294000,5482610
2025-10-14,2.306000,2.320000,2.254000,2.263000,3404703
2025-10-15,2.278000,2.290000,2.273000,2.289000,1381869
2025-10-16,2.289000,2.289000,2.275000,2.285000,2726402
2025-10-17,2.269000,2.280000,2.261000,2.263000,2266907
2025-10-20,2.293000,2.323000,2.285000,2.321000,2509999
2025-10-21,2.342000,2.349000,2.313000,2.326000,2737634
2025-10-22,2.325000,2.351000,2.320000,2.348000,1775666
2025-10-23,2.348000,2.359000,2.333000,2.352000,1974016
2025-10-24,2.367000,2.371000,2.352000,2.360000,2050907
2025-10-27,2.383000,2.418000,2.381000,2.415000,2546133
2025-10-28,2.433000,2.457000,2.412000,2.421000,2146901
2025-10-29,2.435000,2.469000,2.430000,2.468000,2075648
2025-10-30,2.469000,2.504000,2.449000,2.473000,3503014
2025-10-31,2.470000,2.479000,2.439000,2.454000,2090276
2025-11-03,2.454000,2.490000,2.454000,2.479000,2281028
2025-11-04,2.479000,2.479000,2.407000,2.415000,2340533
2025-11-05,2.376000,2.389000,2.336000,2.388000,2664473
2025-11-06,2.400000,2.412000,2.385000,2.389000,2455362
2025-11-07,2.365000,2.399000,2.360000,2.384000,1949888
2025-11-10,2.405000,2.436000,2.403000,2.424000,2032831
2025-11-11,2.451000,2.457000,2.413000,2.430000,1895394
2025-11-12,2.434000,2.464000,2.434000,2.463000,2040668
2025-11-13,2.468000,2.490000,2.466000,2.488000,1791791
2025-11-14,2.447000,2.466000,2.441000,2.448000,2013309
2025-11-17,2.460000,2.488000,2.449000,2.454000,2102620
2025-11-18,2.440000,2.440000,2.390000,2.399000,1953771
2025-11-19,2.388000,2.405000,2.317000,2.359000,4080812
2025-11-20,2.399000,2.417000,2.396000,2.413000,1933380
2025-11-21,2.366000,2.370000,2.334000,2.355000,2843167
2025-11-24,2.382000,2.396000,2.359000,2.390000,2575878
2025-11-25,2.435000,2.435000,2.395000,2.404000,2150813
2025-11-26,2.424000,2.449000,2.420000,2.447000,2240962
2025-11-27,2.460000,2.470000,2.430000,2.433000,1330255
2025-11-28,2.441000,2.467000,2.438000,2.463000,1759636
2025-12-01,2.462000,2.475000,2.443000,2.460000,2340864
2025-12-02,2.459000,2.468000,2.454000,2.460000,1225923
2025-12-03,2.468000,2.480000,2.466000,2.469000,1877449
2025-12-04,2.474000,2.476000,2.456000,2.461000,1767662
2025-12-05,2.464000,2.466000,2.445000,2.451000,2605216
2025-12-08,2.451000,2.452000,2.439000,2.444000,1432267
2025-12-09,2.440000,2.440000,2.416000,2.420000,1172529
2025-12-10,2.420000,2.447000,2.420000,2.443000,1613500
2025-12-11,2.449000,2.460000,2.429000,2.432000,1538183
2025-12-12,2.450000,2.461000,2.441000,2.453000,1471310
2025-12-15,2.437000,2.448000,2.429000,2.447000,1353797
2025-12-16,2.429000,2.438000,2.411000,2.420000,1233409
2025-12-17,2.421000,2.442000,2.420000,2.435000,1341278
2025-12-18,2.412000,2.428000,2.410000,2.426000,1162286
2025-12-19,2.439000,2.456000,2.439000,2.451000,1515402
2025-12-22,2.470000,2.471000,2.455000,2.456000,1914873
2025-12-23,2.463000,2.465000,2.444000,2.447000,1329278
2025-12-24,2.456000,2.459000,2.448000,2.455000,1117995
2025-12-25,2.456000,2.464000,2.455000,2.458000,1114147
2025-12-26,2.461000,2.464000,2.453000,2.461000,817915
2025-12-29,2.461000,2.465000,2.440000,2.447000,1139450
2025-12-30,2.444000,2.451000,2.426000,2.439000,1064966
2025-12-31,2.436000,2.437000,2.426000,2.432000,655886
2026-01-05,2.437000,2.469000,2.435000,2.468000,1332765
2026-01-06,2.470000,2.472000,2.455000,2.467000,1096968
2026-01-07,2.470000,2.477000,2.462000,2.465000,1003027
2026-01-08,2.465000,2.465000,2.455000,2.458000,608726
2026-01-09,2.458000,2.460000,2.451000,2.460000,724801
2026-01-12,2.460000,2.468000,2.446000,2.458000,1213196
2026-01-13,2.458000,2.461000,2.454000,2.460000,1045582
2026-01-14,2.460000,2.460000,2.450000,2.452000,822806
2026-01-15,2.440000,2.447000,2.434000,2.445000,909693
2026-01-16,2.445000,2.456000,2.439000,2.455000,840316
2026-01-19,2.446000,2.452000,2.435000,2.441000,892266
2026-01-20,2.440000,2.440000,2.430000,2.432000,718749
2026-01-21,2.410000,2.437000,2.408000,2.427000,1463315
2026-01-22,2.439000,2.460000,2.439000,2.459000,986568
2026-01-23,2.463000,2.468000,2.431000,2.434000,2354760
2026-01-26,2.433000,2.433000,2.410000,2.412000,1147891
2026-01-27,2.422000,2.429000,2.420000,2.424000,736775
2026-01-28,2.432000,2.438000,2.426000,2.433000,889876
2026-01-29,2.432000,2.437000,2.411000,2.425000,869670
2026-01-30,2.423000,2.439000,2.415000,2.439000,1609274
2026-02-02,2.435000,2.435000,2.358000,2.364000,2449969
2026-02-03,2.399000,2.405000,2.368000,2.375000,2452086
2026-02-04,2.355000,2.380000,2.344000,2.375000,1082316
2026-02-05,2.369000,2.372000,2.352000,2.368000,843091
2026-02-06,2.340000,2.348000,2.324000,2.326000,1654298
2026-02-09,2.371000,2.384000,2.353000,2.383000,1894999
2026-02-10,2.384000,2.399000,2.378000,2.394000,839064
2026-02-11,2.395000,2.397000,2.384000,2.395000,575007
2026-02-12,2.393000,2.400000,2.385000,2.389000,872677
2026-02-13,2.363000,2.383000,2.360000,2.382000,796423
2026-02-24,2.381000,2.391000,2.362000,2.385000,944075
2026-02-25,2.393000,2.407000,2.378000,2.382000,994516
2026-02-26,2.391000,2.394000,2.379000,2.384000,723444
2026-02-27,2.381000,2.391000,2.367000,2.387000,674735
2026-03-02,2.375000,2.379000,2.356000,2.358000,1202995
2026-03-03,2.360000,2.369000,2.359000,2.367000,934609
2026-03-04,2.355000,2.355000,2.338000,2.338000,854842
2026-03-05,2.350000,2.364000,2.350000,2.361000,1287539
2026-03-06,2.358000,2.358000,2.335000,2.350000,1039132
2026-03-09,2.306000,2.310000,2.280000,2.294000,1444542
2026-03-10,2.320000,2.325000,2.302000,2.311000,1234062
2026-03-11,2.312000,2.317000,2.309000,2.313000,706048
2026-03-12,2.304000,2.327000,2.300000,2.318000,1056923
2026-03-13,2.307000,2.307000,2.280000,2.286000,1299375
2026-03-16,2.284000,2.285000,2.270000,2.279000,1346419
2026-03-17,2.286000,2.294000,2.279000,2.283000,990191
2026-03-18,2.292000,2.296000,2.281000,2.284000,1289379
2026-03-19,2.259000,2.271000,2.255000,2.259000,1092605
2026-03-20,2.258000,2.270000,2.242000,2.244000,1036483
2026-03-23,2.225000,2.225000,2.130000,2.149000,3025265
2026-03-24,2.171000,2.195000,2.161000,2.190000,2319160
2026-03-25,2.199000,2.236000,2.199000,2.213000,2273940
2026-03-26,2.222000,2.230000,2.215000,2.219000,921780
2026-03-27,2.190000,2.218000,2.182000,2.209000,1026027
2026-03-30,2.159000,2.180000,2.156000,2.171000,1862203
2026-03-31,2.168000,2.192000,2.160000,2.164000,1228516
2026-04-01,2.217000,2.244000,2.203000,2.238000,1905977
2026-04-02,2.241000,2.241000,2.186000,2.206000,1565828
2026-04-03,2.223000,2.227000,2.205000,2.206000,859306
2026-04-07,2.209000,2.222000,2.206000,2.207000,1158436
2026-04-08,2.261000,2.292000,2.257000,2.290000,1973051
2026-04-09,2.264000,2.289000,2.260000,2.275000,1172983
2026-04-10,2.300000,2.312000,2.290000,2.294000,1007994
2026-04-13,2.280000,2.290000,2.272000,2.281000,1005119
2026-04-14,2.314000,2.319000,2.305000,2.313000,1218483
2026-04-15,2.334000,2.352000,2.330000,2.337000,1363408
2026-04-16,2.362000,2.366000,2.357000,2.365000,1444987
2026-04-17,2.365000,2.366000,2.354000,2.361000,1348054
2026-04-20,2.372000,2.376000,2.358000,2.360000,1304514
2026-04-21,2.370000,2.370000,2.355000,2.370000,888684
2026-04-22,2.369000,2.377000,2.358000,2.373000,950651
2026-04-23,2.378000,2.384000,2.365000,2.369000,1179817
2026-04-24,2.370000,2.372000,2.362000,2.366000,651124
2026-04-27,2.383000,2.385000,2.373000,2.384000,1213047
2026-04-28,2.385000,2.410000,2.384000,2.407000,1418572
2026-04-29,2.400000,2.432000,2.395000,2.411000,1348282
2026-04-30,2.420000,2.431000,2.411000,2.419000,1041308
2026-05-06,2.455000,2.463000,2.448000,2.454000,1650968
2026-05-07,2.469000,2.483000,2.469000,2.482000,1502243
2026-05-08,2.479000,2.484000,2.450000,2.483000,1238384
2026-05-11,2.493000,2.497000,2.483000,2.492000,1605490
2026-05-12,2.491000,2.491000,2.476000,2.477000,1177570
2026-05-13,2.475000,2.489000,2.469000,2.488000,1042329
2026-05-14,2.499000,2.507000,2.486000,2.489000,1146810
2026-05-15,2.491000,2.505000,2.473000,2.480000,1811004
2026-05-18,2.440000,2.456000,2.433000,2.440000,1967608
2026-05-19,2.441000,2.452000,2.432000,2.440000,1165104
2026-05-20,2.427000,2.439000,2.417000,2.432000,1295226
2026-05-21,2.454000,2.469000,2.448000,2.452000,1491904
2026-05-22,2.465000,2.490000,2.465000,2.485000,1701672
2026-05-25,2.531000,2.548000,2.515000,2.546000,2963298
2026-05-26,2.546000,2.560000,2.525000,2.529000,1457970
2026-05-27,2.545000,2.552000,2.535000,2.541000,1190641
2026-05-28,2.547000,2.548000,2.503000,2.524000,1850242
2026-05-29,2.537000,2.558000,2.536000,2.557000,1646606
2026-06-01,2.562000,2.630000,2.562000,2.625000,2755651
2026-06-02,2.636000,2.671000,2.591000,2.611000,3664452
2026-06-03,2.623000,2.634000,2.593000,2.602000,1641121
2026-06-04,2.564000,2.575000,2.555000,2.566000,1428359
2026-06-05,2.569000,2.588000,2.561000,2.568000,1771835
2026-06-08,2.499000,2.525000,2.490000,2.515000,2252619
2026-06-09,2.522000,2.554000,2.522000,2.552000,1620887
2026-06-10,2.522000,2.540000,2.501000,2.515000,1406705
2026-06-11,2.482000,2.503000,2.451000,2.498000,1829083
2026-06-12,2.550000,2.558000,2.512000,2.515000,1564368
2026-06-15,2.555000,2.575000,2.554000,2.574000,2043625
2026-06-16,2.581000,2.596000,2.576000,2.586000,1815490
2026-06-17,2.581000,2.584000,2.571000,2.578000,1293941
2026-06-18,2.570000,2.570000,2.557000,2.564000,1426885
2026-06-22,2.569000,2.580000,2.549000,2.565000,1407050
2026-06-23,2.540000,2.552000,2.496000,2.505000,1739872
2026-06-24,2.501000,2.534000,2.486000,2.523000,1686226
2026-06-25,2.528000,2.535000,2.506000,2.518000,1375455
2026-06-26,2.500000,2.508000,2.461000,2.482000,1586905
2026-06-29,2.492000,2.498000,2.469000,2.478000,2325150
2026-06-30,2.496000,2.500000,2.473000,2.483000,2478970
2026-07-01,2.498000,2.500000,2.486000,2.491000,1351140
2026-07-02,2.490000,2.502000,2.480000,2.483000,1425867
2026-07-03,2.490000,2.509000,2.488000,2.503000,1513511
2026-07-06,2.507000,2.512000,2.496000,2.511000,1108433
2026-07-07,2.520000,2.529000,2.511000,2.528000,1530330
2026-07-08,2.528000,2.528000,2.502000,2.503000,1142889
2026-07-09,2.497000,2.515000,2.497000,2.515000,857059
2026-07-10,2.525000,2.530000,2.521000,2.527000,1229348
2026-07-13,2.531000,2.533000,2.514000,2.522000,1003827
2026-07-14,2.510000,2.544000,2.504000,2.540000,1891979
2026-07-15,2.543000,2.566000,2.542000,2.564000,1678617
2026-07-16,2.564000,2.579000,2.557000,2.577000,1318423
2026-07-17,2.548000,2.554000,2.500000,2.503000,1930239
2026-07-20,2.503000,2.522000,2.491000,2.498000,1351756
2026-07-21,2.507000,2.543000,2.503000,2.526000,2109092
2026-07-22,2.538000,2.551000,2.514000,2.523000,1503890
2026-07-23,2.532000,2.533000,2.515000,2.524000,1275490
2026-07-24,2.500000,2.519000,2.496000,2.506000,1033752
2026-07-27,2.508000,2.521000,2.504000,2.520000,1142223
2026-07-28,2.499000,2.503000,2.482000,2.484000,1449122
2026-07-29,2.495000,2.511000,2.486000,2.511000,1042015
2026-07-30,2.490000,2.493000,2.473000,2.479000,1211027
2026-07-31,2.522000,2.523000,2.506000,2.509000,1541940
2026-08-03,2.522000,2.535000,2.513000,2.533000,1595496
2026-08-04,2.563000,2.583000,2.562000,2.582000,1934293
2026-08-05,2.632000,2.671000,2.631000,2.669000,3234254
2026-08-06,2.658000,2.696000,2.618000,2.690000,3028908
2026-08-07,2.682000,2.699000,2.675000,2.695000,1743221
2026-08-10,2.695000,2.719000,2.695000,2.696000,1866146
2026-08-11,2.693000,2.712000,2.679000,2.705000,958170
