date,open,high,low,close,volume
2018-01-02,15.409577,15.941553,15.356380,15.888356,109164698
2018-01-03,15.923821,16.313937,15.746496,15.835158,84272829
2018-01-04,15.799693,16.207542,15.781961,15.852891,74872489
2018-01-05,15.888356,15.994751,15.622368,15.728763,64615607
2018-01-08,15.728763,16.562192,15.657833,16.473530,143477912
2018-01-09,16.473530,16.473530,15.977019,16.136611,102535050
2018-01-10,15.959286,16.189809,15.852891,16.047949,68645937
2018-01-11,16.047949,16.065681,15.569170,15.657833,84626078
2018-01-12,15.746496,16.154344,15.622368,16.118879,95494062
2018-01-15,16.012484,16.030216,15.515973,15.640100,105289581
2018-01-16,15.640100,15.764228,15.515973,15.728763,71990862
2018-01-17,15.693298,16.118879,15.569170,15.870623,104756306
2018-01-18,15.870623,16.562192,15.711030,16.349402,232239693
2018-01-19,16.402600,17.111901,16.225274,16.508995,422988848
2018-01-22,16.668588,16.863646,16.367134,16.526727,289735728
2018-01-23,16.508995,16.544460,16.189809,16.384867,285206160
2018-01-24,16.420332,16.792715,16.296204,16.491262,232513610
2018-01-25,16.508995,17.324692,16.420332,17.271494,309145536
2018-01-26,17.253761,17.661610,16.916843,17.218296,325586304
2018-01-29,17.502017,18.104923,17.484284,17.750273,259255769
2018-01-30,17.750273,18.033993,17.253761,17.324692,178116746
2018-01-31,17.253761,17.785738,16.987773,17.697075,162056535
2018-02-01,18.051726,18.707830,17.785738,18.229051,220958467
2018-02-02,18.051726,19.736317,17.750273,19.683119,278474560
2018-02-05,19.363934,20.303758,19.275271,19.913642,268171137
2018-02-06,19.239806,19.683119,18.973818,19.629922,322676816
2018-02-07,20.037770,20.356956,18.477307,18.885155,324132336
2018-02-08,18.441842,18.601434,17.413354,17.980796,250429295
2018-02-09,17.377889,17.838935,16.384867,17.732540,329374608
2018-02-12,17.306959,17.821203,17.040971,17.714807,161542936
2018-02-13,17.803470,18.175853,17.431087,17.714807,161950891
2018-02-14,17.714807,18.353179,17.590680,18.229051,115947874
2018-02-22,18.459574,18.548237,17.785738,18.477307,162821838
2018-02-23,18.282249,18.725562,18.158121,18.619167,136747875
2018-02-26,19.062480,19.381666,18.654632,18.831957,158687923
2018-02-27,18.743295,18.796492,17.679342,17.980796,215780880
2018-02-28,17.768005,17.963063,17.377889,17.803470,130882449
2018-03-01,17.643877,17.927598,17.555215,17.732540,103207276
2018-03-02,17.360157,17.360157,16.774983,17.040971,140519942
2018-03-05,17.058703,17.111901,16.544460,16.863646,135995250
2018-03-06,16.970041,17.182831,16.633123,17.094169,121046149
2018-03-07,17.040971,17.129634,16.597657,16.704053,80130819
2018-03-08,16.633123,16.757250,16.455797,16.633123,73081324
2018-03-09,16.704053,16.721785,15.959286,16.136611,176672316
2018-03-12,16.154344,16.455797,15.977019,16.331669,141394021
2018-03-13,16.278472,16.597657,16.207542,16.367134,101973181
2018-03-14,16.296204,16.987773,16.172076,16.899111,127380163
2018-03-15,16.810448,17.005506,16.615390,16.916843,80977673
2018-03-16,16.934576,17.005506,16.668588,16.686320,65121524
2018-03-19,16.455797,16.455797,16.083414,16.172076,89529647
2018-03-20,15.977019,16.349402,15.941553,16.260739,55273909
2018-03-21,16.296204,16.367134,16.030216,16.243007,67154205
2018-03-22,16.225274,16.260739,15.959286,16.047949,58929451
2018-03-23,15.249984,15.427310,14.806671,15.391845,208308993
2018-03-26,15.072659,15.072659,14.505218,14.771206,144048023
2018-03-27,14.948531,15.054926,14.788938,14.895334,87699219
2018-03-28,14.540683,15.090392,14.505218,14.806671,61517687
2018-03-29,14.983996,15.409577,14.664811,15.320915,101618990
2018-03-30,15.338647,15.391845,14.895334,15.108124,80508422
2018-04-02,15.232252,15.569170,15.143589,15.179054,84930021
2018-04-03,15.054926,15.090392,14.806671,14.842136,57249023
2018-04-04,14.930799,15.019461,14.558415,14.593880,57237851
2018-04-09,14.647078,15.214519,14.647078,15.179054,76406410
2018-04-10,15.303182,15.781961,15.303182,15.746496,100182054
2018-04-11,15.817426,16.047949,15.533705,15.569170,75174396
2018-04-12,15.622368,15.622368,15.409577,15.462775,37682851
2018-04-13,15.586903,15.622368,15.338647,15.515973,48376867
2018-04-16,15.445042,15.515973,14.824403,15.072659,85864481
2018-04-17,15.019461,15.285449,14.842136,14.983996,54866575
2018-04-18,15.320915,15.888356,15.320915,15.498240,108155445
2018-04-19,15.746496,16.189809,15.622368,16.172076,109241262
2018-04-20,16.047949,16.420332,15.888356,16.118879,86934728
2018-04-23,16.047949,16.473530,15.977019,16.189809,61493952
2018-04-24,16.491262,16.952308,16.331669,16.402600,118222982
2018-04-25,16.260739,16.384867,16.065681,16.331669,46917888
2018-04-26,16.367134,16.438065,16.012484,16.296204,52527298
2018-04-27,16.313937,16.491262,15.923821,16.384867,60382592
2018-05-02,15.959286,16.278472,15.267717,15.586903,135665519
2018-05-03,15.604635,15.870623,15.515973,15.852891,66185147
2018-05-04,15.888356,16.101146,15.799693,15.959286,55476185
2018-05-07,16.012484,16.225274,15.693298,16.047949,49580663
2018-05-08,16.101146,16.260739,16.012484,16.083414,50976730
2018-05-09,16.118879,16.189809,15.604635,15.781961,68506486
2018-05-10,15.799693,15.923821,15.693298,15.835158,31710572
2018-05-11,15.959286,16.030216,15.711030,15.977019,51922378
2018-05-14,15.994751,16.225274,15.959286,16.207542,59925286
2018-05-15,16.243007,16.243007,15.711030,15.923821,79998352
2018-05-16,15.799693,15.852891,15.640100,15.711030,42423257
2018-05-17,15.711030,15.764228,15.427310,15.445042,45353893
2018-05-18,15.445042,15.622368,15.320915,15.569170,43251162
2018-05-21,15.728763,15.835158,15.427310,15.569170,64449209
2018-05-22,15.569170,15.586903,15.232252,15.303182,47988286
2018-05-23,15.303182,15.303182,14.948531,14.983996,48845744
2018-05-24,15.001729,15.072659,14.913066,15.001729,25468334
2018-05-25,15.037194,15.125857,14.771206,15.001729,45993715
2018-05-28,14.948531,15.072659,14.859869,14.930799,27826557
2018-05-29,14.895334,15.285449,14.771206,15.196787,65336513
2018-05-30,15.001729,15.037194,14.611613,14.629345,57751528
2018-05-31,14.718008,14.966264,14.700276,14.930799,57102829
2018-06-01,14.859869,15.338647,14.842136,15.125857,58476625
2018-06-04,15.374112,15.622368,15.285449,15.551438,74532185
2018-06-05,15.604635,15.622368,15.427310,15.569170,42042272
2018-06-06,15.604635,15.817426,15.586903,15.781961,62774364
2018-06-07,15.870623,16.367134,15.870623,16.296204,105624039
2018-06-08,16.258920,16.333502,15.979236,16.240274,74279918
2018-06-11,16.091110,16.780995,16.053819,16.445375,67088636
2018-06-12,16.519957,16.725058,16.202983,16.650476,51851120
2018-06-13,16.445375,16.911514,16.408084,16.631831,60351951
2018-06-14,16.501312,16.874223,16.109755,16.613185,84167440
2018-06-15,16.519957,16.892868,16.445375,16.725058,86554554
2018-06-19,16.445375,16.669122,15.718199,15.997882,109533463
2018-06-20,16.035173,16.221629,15.718199,16.147046,60239802
2018-06-21,16.072464,16.687767,16.053819,16.202983,69219464
2018-06-22,16.072464,16.314856,15.680908,16.202983,59638342
2018-06-25,16.184337,16.258920,15.755490,15.774135,58451124
2018-06-26,15.569034,15.569034,14.860503,15.084250,71882923
2018-06-27,15.084250,15.177478,14.375719,14.413010,87798482
2018-06-28,14.487592,14.674048,14.170618,14.282491,62250585
2018-06-29,14.357074,14.618111,14.189264,14.524883,69049566
2018-07-02,14.431656,14.468947,13.573960,13.685834,66220431
2018-07-03,13.779061,13.853644,13.014594,13.518024,82646846
2018-07-04,13.518024,13.965517,13.499378,13.555315,56570527
2018-07-05,13.443442,13.499378,13.070531,13.201049,45499400
2018-07-06,13.219695,13.573960,13.145113,13.424796,55962804
2018-07-09,13.518024,14.040099,13.480733,13.965517,62861165
2018-07-10,13.946871,14.282491,13.853644,14.189264,77489355
2018-07-11,13.797707,13.946871,13.555315,13.834998,47674326
2018-07-12,13.984163,14.319782,13.984163,14.189264,61036215
2018-07-13,14.319782,14.394365,14.096036,14.245200,45434324
2018-07-16,14.263846,14.282491,13.834998,14.002808,43539755
2018-07-17,13.909580,14.002808,13.555315,13.704479,44785519
2018-07-18,13.797707,14.058745,13.741770,13.760416,51842465
2018-07-19,13.965517,14.431656,13.928226,14.413010,128320816
2018-07-20,14.394365,14.804567,14.226555,14.729985,81699907
2018-07-23,14.599466,15.457161,14.543529,15.252060,74837607
2018-07-24,15.792781,16.575894,15.792781,15.923300,142025706
2018-07-25,16.072464,16.333502,15.811426,16.072464,74141302
2018-07-26,16.091110,16.221629,15.457161,15.643616,73805942
2018-07-27,15.923300,15.997882,15.569034,15.886009,50623871
2018-07-30,15.904654,16.687767,15.848717,16.352147,104876395
2018-07-31,16.221629,16.352147,15.941945,16.202983,40091190
2018-08-01,16.557248,16.669122,15.513098,15.587680,93131357
2018-08-02,15.587680,15.830072,15.233414,15.438515,92569203
2018-08-03,15.531743,15.923300,15.401224,15.457161,54393074
2018-08-06,15.531743,15.680908,14.841858,15.252060,49730608
2018-08-07,15.382579,15.997882,15.307997,15.960591,59507164
2018-08-08,16.035173,16.464021,15.923300,16.147046,78031862
2018-08-09,15.997882,16.352147,15.718199,16.165692,56295092
2018-08-10,16.202983,16.258920,15.886009,16.016527,35103354
2018-08-13,15.848717,16.314856,15.699553,16.240274,56442798
2018-08-14,16.184337,16.184337,15.699553,15.774135,64455287
2018-08-15,15.811426,15.867363,15.326642,15.345288,41730759
2018-08-16,15.177478,15.363933,14.860503,15.065604,51008300
2018-08-17,15.307997,15.382579,15.028313,15.102896,35892251
2018-08-20,15.289351,15.569034,15.121541,15.569034,44750542
2018-08-21,15.550389,15.830072,15.494452,15.569034,47581958
2018-08-22,15.475806,15.718199,15.475806,15.531743,23507498
2018-08-23,15.494452,15.531743,15.028313,15.140187,52067750
2018-08-24,15.084250,15.214769,14.935086,15.046959,37868986
2018-08-27,15.121541,15.345288,14.916440,15.270705,54683503
2018-08-28,15.289351,15.382579,15.121541,15.252060,54908678
2018-08-29,15.196123,15.233414,14.972377,15.028313,36903055
2018-08-30,15.028313,15.084250,14.636757,14.785921,73630900
2018-08-31,14.711339,14.767276,14.468947,14.692693,59563470
2018-09-03,14.562175,14.636757,14.189264,14.338428,48906676
2018-09-04,14.301137,14.580820,14.226555,14.506238,40025018
2018-09-05,14.431656,14.487592,14.077390,14.077390,45976106
2018-09-06,14.002808,14.245200,13.797707,13.872289,52520361
2018-09-07,14.021454,14.301137,14.002808,14.096036,46375153
2018-09-10,14.170618,14.282491,14.021454,14.189264,33763740
2018-09-11,14.077390,14.077390,13.275632,13.368859,123265448
2018-09-12,13.331568,13.536669,13.145113,13.424796,54091200
2018-09-13,13.611251,13.667188,13.294277,13.499378,44403458
2018-09-14,13.518024,13.685834,13.387505,13.685834,41323208
2018-09-17,13.629897,13.629897,13.462087,13.480733,24853873
2018-09-18,13.536669,14.189264,13.480733,14.151972,58317376
2018-09-19,14.096036,14.394365,14.077390,14.301137,56743584
2018-09-20,14.301137,14.468947,14.189264,14.357074,29374254
2018-09-21,14.319782,14.935086,14.245200,14.823212,46597952
2018-09-25,14.655402,14.655402,14.450301,14.524883,26147982
2018-09-26,14.823212,14.953731,14.692693,14.692693,57336056
2018-09-27,14.823212,14.897794,14.711339,14.748630,30475598
2018-09-28,14.580820,14.729985,14.319782,14.636757,64099274
2018-10-08,14.282491,14.413010,13.573960,13.741770,93943318
2018-10-09,13.704479,13.834998,13.685834,13.760416,41476108
2018-10-10,13.779061,14.058745,13.760416,13.946871,42267331
2018-10-11,13.555315,13.704479,13.312923,13.387505,61234717
2018-10-12,13.462087,13.984163,13.294277,13.946871,70450020
2018-10-15,13.946871,13.984163,13.518024,13.611251,43886777
2018-10-16,13.611251,13.928226,13.443442,13.518024,37232209
2018-10-17,13.704479,13.834998,13.518024,13.816353,38142802
2018-10-18,13.629897,13.741770,13.368859,13.406150,44329187
2018-10-19,13.312923,13.834998,13.163758,13.834998,50197188
2018-10-22,14.002808,14.487592,13.872289,14.468947,99450739
2018-10-23,14.319782,14.375719,13.741770,13.834998,74577882
2018-10-24,13.834998,14.226555,13.704479,13.909580,56423629
2018-10-25,13.611251,14.133327,13.443442,14.096036,54850457
2018-10-26,14.151972,14.431656,14.021454,14.133327,47905798
2018-10-29,14.170618,14.226555,13.704479,13.779061,41874647
2018-10-30,13.890935,14.096036,13.779061,14.002808,43704019
2018-10-31,13.984163,14.357074,13.872289,14.263846,61280557
2018-11-01,14.450301,14.487592,14.077390,14.114681,53284751
2018-11-02,14.263846,14.450301,14.077390,14.431656,52158338
2018-11-05,14.357074,14.431656,14.114681,14.282491,37337952
2018-11-06,14.263846,14.263846,14.096036,14.207909,23062137
2018-11-07,14.263846,14.357074,14.002808,14.077390,26778076
2018-11-08,14.189264,14.226555,13.984163,14.096036,29207009
2018-11-09,14.021454,14.170618,13.928226,13.928226,22203025
2018-11-12,13.872289,13.984163,13.779061,13.965517,22580988
2018-11-13,13.816353,14.058745,13.797707,13.946871,33180662
2018-11-14,13.928226,14.151972,13.816353,13.853644,43233710
2018-11-15,13.853644,13.965517,13.779061,13.946871,30225430
2018-11-16,13.928226,13.965517,13.816353,13.853644,30566482
2018-11-19,13.890935,13.946871,13.723125,13.890935,47467014
2018-11-20,13.797707,13.797707,13.555315,13.611251,55588375
2018-11-21,13.406150,14.077390,13.387505,13.853644,74793850
2018-11-22,13.611251,13.685834,13.518024,13.555315,41287392
2018-11-23,13.518024,13.555315,13.256986,13.256986,42798651
2018-11-26,13.219695,13.219695,12.902721,12.940012,48294335
2018-11-27,12.995948,13.033239,12.697620,12.753556,37149454
2018-11-28,12.734911,12.809493,12.641683,12.772202,34196894
2018-11-29,12.902721,12.902721,12.492518,12.492518,41677486
2018-11-30,12.455227,12.585746,12.343354,12.529810,42962608
2018-12-03,12.790847,12.884075,12.716265,12.753556,66513200
2018-12-04,12.790847,13.145113,12.734911,13.051885,68804627
2018-12-05,12.865429,13.014594,12.809493,12.940012,33760515
2018-12-06,12.809493,12.902721,12.753556,12.828138,25447697
2018-12-07,12.828138,12.940012,12.772202,12.902721,23335759
2018-12-10,12.772202,12.865429,12.604392,12.865429,26956491
2018-12-11,12.772202,12.846784,12.697620,12.846784,21742350
2018-12-12,12.958657,12.958657,12.716265,12.734911,21153538
2018-12-13,12.753556,12.958657,12.641683,12.884075,40486732
2018-12-14,12.809493,12.846784,12.585746,12.623037,52694413
2018-12-17,12.604392,12.716265,12.567101,12.678974,30599861
2018-12-18,12.567101,12.678974,12.436582,12.511164,28771213
2018-12-19,12.492518,12.585746,12.399291,12.399291,26784060
2018-12-20,12.343354,12.436582,12.250126,12.268772,36393544
2018-12-21,12.268772,12.399291,12.212835,12.343354,35377005
2018-12-24,12.268772,12.380645,12.250126,12.343354,22630248
2018-12-25,12.250126,12.287417,11.765342,11.914506,50320945
2018-12-26,11.914506,11.951798,11.783988,11.802633,23434393
2018-12-27,11.951798,12.212835,11.914506,11.989089,50343069
2018-12-28,12.007734,12.194190,11.989089,12.119608,36465973
2019-01-02,12.045025,12.138253,11.746697,11.839924,37581275
2019-01-03,11.821279,12.007734,11.802633,11.989089,24650296
2019-01-04,11.895861,12.194190,11.858570,12.138253,42153162
2019-01-07,12.250126,12.343354,12.175544,12.250126,46166391
2019-01-08,12.324709,12.511164,12.268772,12.380645,34190362
2019-01-09,12.511164,12.772202,12.455227,12.548455,45190434
2019-01-10,12.529810,12.678974,12.436582,12.455227,30089360
2019-01-11,12.511164,12.660328,12.492518,12.567101,24486710
2019-01-14,12.567101,12.734911,12.473873,12.585746,29363669
2019-01-15,12.604392,12.716265,12.567101,12.660328,30400947
2019-01-16,12.641683,12.734911,12.604392,12.697620,23701897
2019-01-17,12.790847,12.809493,12.604392,12.623037,27219349
2019-01-18,12.716265,13.014594,12.623037,12.921366,65035570
2019-01-21,12.940012,13.238340,12.940012,13.182404,51503339
2019-01-22,13.219695,13.219695,12.958657,12.958657,26943374
2019-01-23,12.921366,13.014594,12.697620,12.828138,36560151
2019-01-24,12.884075,12.884075,12.604392,12.809493,34764511
2019-01-25,12.828138,13.014594,12.828138,12.958657,35272118
2019-01-28,12.940012,13.089176,12.716265,12.772202,44702814
2019-01-29,12.734911,13.033239,12.678974,12.995948,43150351
2019-01-30,12.921366,13.089176,12.828138,12.940012,30774366
2019-01-31,12.958657,13.107822,12.940012,13.070531,38989196
2019-02-01,13.163758,13.201049,13.014594,13.182404,29883947
2019-02-11,13.182404,13.331568,13.089176,13.219695,45570500
2019-02-12,13.182404,13.238340,13.051885,13.163758,50484575
2019-02-13,13.201049,13.424796,13.107822,13.368859,59048698
2019-02-14,13.294277,13.462087,13.256986,13.387505,51943324
2019-02-15,13.350214,13.350214,13.051885,13.089176,46751914
2019-02-18,13.126467,13.331568,13.126467,13.294277,62542844
2019-02-19,13.331568,13.443442,13.275632,13.312923,62018428
2019-02-20,13.350214,13.424796,13.275632,13.387505,37284968
2019-02-21,13.368859,13.443442,13.201049,13.256986,44450722
2019-02-22,13.331568,13.350214,13.163758,13.331568,39993621
2019-02-25,13.368859,14.319782,13.350214,14.114681,130155512
2019-02-26,14.170618,14.748630,14.058745,14.245200,155875835
2019-02-27,14.207909,14.450301,13.909580,14.040099,78688318
2019-02-28,14.040099,14.226555,13.909580,13.984163,53483138
2019-03-01,14.096036,14.226555,13.946871,14.189264,71040094
2019-03-04,14.282491,14.580820,14.207909,14.357074,92284281
2019-03-05,14.338428,14.394365,14.245200,14.375719,53498605
2019-03-06,14.338428,14.711339,14.245200,14.580820,106823871
2019-03-07,14.580820,14.636757,14.394365,14.506238,92353604
2019-03-08,14.133327,14.263846,13.648543,13.760416,85419035
2019-03-11,13.723125,13.872289,13.629897,13.816353,74590068
2019-03-12,14.002808,14.207909,13.816353,13.946871,86188585
2019-03-13,13.909580,13.946871,13.667188,13.779061,61361291
2019-03-14,13.741770,13.909580,13.536669,13.611251,65780464
2019-03-15,13.611251,13.760416,13.573960,13.648543,62553954
2019-03-18,13.685834,14.133327,13.685834,14.114681,99256231
2019-03-19,14.040099,14.133327,13.928226,14.002808,67294258
2019-03-20,14.002808,14.133327,13.760416,13.890935,62565318
2019-03-21,13.928226,14.002808,13.816353,13.834998,68079393
2019-03-22,13.834998,13.872289,13.648543,13.816353,47290052
2019-03-25,13.611251,13.704479,13.424796,13.424796,77531019
2019-03-26,13.499378,13.536669,13.201049,13.238340,56728811
2019-03-27,13.312923,13.331568,13.201049,13.294277,41288758
2019-03-28,13.238340,13.275632,13.145113,13.201049,35957629
2019-03-29,13.182404,13.518024,13.182404,13.480733,76202169
2019-04-01,13.555315,14.114681,13.555315,14.058745,152888051
2019-04-02,14.058745,14.189264,13.946871,14.133327,101779751
2019-04-03,14.170618,14.599466,14.096036,14.506238,107827550
2019-04-04,14.506238,14.692693,14.319782,14.468947,100508921
2019-04-08,14.543529,14.916440,14.394365,14.879149,139518503
2019-04-09,14.897794,14.897794,14.506238,14.618111,81710678
2019-04-10,14.506238,14.785921,14.413010,14.562175,65950458
2019-04-11,14.618111,14.711339,14.282491,14.319782,53836638
2019-04-12,14.263846,14.282491,14.021454,14.114681,59530944
2019-04-15,14.357074,14.450301,13.984163,14.021454,56789721
2019-04-16,13.984163,14.319782,13.928226,14.301137,53098080
2019-04-17,14.319782,14.357074,14.170618,14.282491,44502132
2019-04-18,14.282491,14.580820,14.245200,14.394365,48586068
2019-04-19,14.468947,14.562175,14.263846,14.431656,40636556
2019-04-22,14.431656,14.468947,14.077390,14.133327,45589563
2019-04-23,14.133327,14.207909,13.984163,14.077390,42745953
2019-04-24,14.096036,14.151972,13.984163,14.096036,32713428
2019-04-25,13.890935,13.909580,13.443442,13.480733,104912049
2019-04-26,13.406150,13.555315,13.312923,13.406150,52287179
2019-04-29,13.499378,13.518024,13.331568,13.350214,43789384
2019-04-30,13.331568,13.462087,13.331568,13.368859,30653398
2019-05-06,13.201049,13.201049,12.604392,12.865429,88720720
2019-05-07,12.921366,12.977303,12.678974,12.809493,55146405
2019-05-08,12.641683,12.678974,12.473873,12.567101,49334783
2019-05-09,12.585746,12.641683,12.380645,12.455227,37496722
2019-05-10,12.567101,12.828138,12.455227,12.809493,58506607
2019-05-13,12.660328,12.734911,12.585746,12.604392,31703785
2019-05-14,12.455227,12.660328,12.417936,12.436582,41676373
2019-05-15,12.473873,12.734911,12.473873,12.678974,36224222
2019-05-16,12.660328,12.902721,12.623037,12.753556,38559290
2019-05-17,12.772202,12.809493,12.567101,12.604392,36604925
2019-05-20,12.548455,12.716265,12.511164,12.585746,32377280
2019-05-21,12.548455,12.678974,12.529810,12.604392,52168531
2019-05-22,12.585746,12.604392,12.380645,12.417936,56528872
2019-05-23,12.362000,12.436582,12.287417,12.343354,32630543
2019-05-24,12.362000,12.473873,12.343354,12.417936,19612465
2019-05-27,12.473873,12.641683,12.436582,12.585746,46453191
2019-05-28,12.641683,13.051885,12.641683,13.051885,88912944
2019-05-29,12.995948,13.014594,12.884075,12.940012,34363621
2019-05-30,12.884075,13.014594,12.865429,12.902721,45530984
2019-05-31,12.902717,12.922815,12.661545,12.661545,60133680
2019-06-03,12.741935,12.902717,12.681642,12.822326,32076055
2019-06-04,12.802229,12.842424,12.661545,12.762033,18637349
2019-06-05,12.862522,12.902717,12.721838,12.741935,20590590
2019-06-06,12.822326,12.822326,12.661545,12.661545,18669365
2019-06-10,12.782131,12.822326,12.661545,12.762033,26081723
2019-06-11,12.762033,13.043401,12.762033,13.003205,49285690
2019-06-12,12.942912,12.963010,12.822326,12.862522,25662186
2019-06-13,12.862522,12.942912,12.741935,12.842424,26916577
2019-06-14,12.842424,12.882619,12.802229,12.822326,23669905
2019-06-17,12.842424,12.983108,12.782131,12.902717,25311062
2019-06-18,12.983108,12.983108,12.842424,12.902717,19861263
2019-06-19,13.083596,13.163987,12.942912,12.983108,28045791
2019-06-20,12.983108,13.163987,12.862522,13.083596,41015137
2019-06-21,13.063498,13.163987,13.043401,13.143889,33951827
2019-06-24,13.184085,13.505648,13.184085,13.385062,53432880
2019-06-25,13.385062,13.405159,13.123792,13.204182,28819558
2019-06-26,13.163987,13.204182,13.083596,13.103694,19277563
2019-06-27,13.143889,13.284573,13.043401,13.143889,40936963
2019-06-28,13.143889,13.143889,12.983108,13.063498,21458555
2019-07-01,13.204182,13.324768,13.163987,13.264475,43093446
2019-07-02,13.244378,13.364964,13.204182,13.344866,35004779
2019-07-03,13.385062,13.385062,13.123792,13.284573,30541984
2019-07-04,13.304671,13.385062,13.244378,13.284573,24718540
2019-07-05,13.304671,13.304671,13.143889,13.244378,17265828
2019-07-08,13.184085,13.204182,12.922815,12.942912,28289912
2019-07-09,12.942912,13.003205,12.862522,12.902717,19633889
2019-07-10,12.922815,12.963010,12.721838,12.762033,23437201
2019-07-11,12.842424,12.922815,12.661545,12.741935,23772620
2019-07-12,12.741935,12.802229,12.681642,12.721838,20057196
2019-07-15,12.681642,12.701740,12.319884,12.561056,48850719
2019-07-16,12.540959,12.601252,12.480665,12.561056,20299346
2019-07-17,12.520861,12.601252,12.480665,12.561056,17594099
2019-07-18,12.540959,12.561056,12.480665,12.500763,14260752
2019-07-19,12.520861,12.681642,12.500763,12.601252,18756190
2019-07-22,12.561056,12.601252,12.380177,12.440470,28986111
2019-07-23,12.460568,12.621349,12.460568,12.581154,22571597
2019-07-24,12.641447,12.741935,12.621349,12.681642,19081765
2019-07-25,12.721838,12.721838,12.601252,12.641447,18963526
2019-07-26,12.601252,12.681642,12.581154,12.641447,14590550
2019-07-29,12.641447,12.721838,12.621349,12.701740,24849063
2019-07-30,12.721838,12.822326,12.681642,12.822326,34172071
2019-07-31,12.762033,12.842424,12.741935,12.822326,22539559
2019-08-01,12.782131,12.802229,12.581154,12.581154,27993766
2019-08-02,12.460568,12.480665,12.339982,12.420372,31995789
2019-08-05,12.360079,12.380177,12.139005,12.139005,37191919
2019-08-06,12.038516,12.058614,11.777246,11.877735,47533739
2019-08-07,11.877735,11.938028,11.777246,11.777246,24796710
2019-08-08,11.837539,11.897832,11.797344,11.857637,21459635
2019-08-09,11.857637,11.897832,11.777246,11.837539,19031238
2019-08-12,11.837539,11.897832,11.757149,11.897832,24510297
2019-08-13,11.857637,11.857637,11.757149,11.797344,16471607
2019-08-14,11.877735,11.938028,11.817442,11.837539,13684923
2019-08-15,11.716953,11.817442,11.536074,11.757149,28988389
2019-08-16,11.757149,11.817442,11.716953,11.737051,18700502
2019-08-19,11.817442,11.938028,11.716953,11.917930,30323004
2019-08-20,11.877735,11.978223,11.857637,11.897832,20837925
2019-08-21,11.877735,11.897832,11.837539,11.877735,14978791
2019-08-22,11.917930,11.917930,11.777246,11.837539,15178416
2019-08-23,11.797344,11.897832,11.757149,11.897832,22343066
2019-08-26,11.676758,11.817442,11.656660,11.757149,16164084
2019-08-27,11.777246,11.958126,11.757149,11.958126,40175187
2019-08-28,11.938028,11.998321,11.817442,11.837539,21666157
2019-08-29,11.817442,11.857637,11.676758,11.777246,20415552
2019-08-30,11.837539,11.837539,11.656660,11.676758,27196997
2019-09-02,11.676758,11.817442,11.676758,11.797344,29959043
2019-09-03,11.797344,11.857637,11.757149,11.837539,24660695
2019-09-04,11.837539,12.259591,11.797344,12.259591,63488125
2019-09-05,12.319884,12.480665,12.179200,12.199298,64917613
2019-09-06,12.239493,12.299786,12.098809,12.179200,33609839
2019-09-09,12.259591,12.339982,12.179200,12.279689,25810135
2019-09-10,12.279689,12.319884,12.219396,12.279689,20785674
2019-09-11,12.319884,12.380177,12.239493,12.339982,27879522
2019-09-12,12.400275,12.621349,12.360079,12.561056,43817011
2019-09-16,12.601252,12.741935,12.500763,12.661545,39998181
2019-09-17,12.661545,12.721838,12.460568,12.480665,33617239
2019-09-18,12.500763,12.540959,12.339982,12.339982,20618569
2019-09-19,12.360079,12.480665,12.279689,12.420372,17603318
2019-09-20,12.440470,12.460568,12.319884,12.400275,27760102
2019-09-23,12.360079,12.380177,12.098809,12.299786,26930250
2019-09-24,12.299786,12.339982,12.159102,12.199298,20738579
2019-09-25,12.159102,12.179200,12.038516,12.078712,18357052
2019-09-26,12.098809,12.139005,12.018419,12.118907,18189448
2019-09-27,12.118907,12.118907,11.877735,11.897832,34477184
2019-09-30,11.877735,11.978223,11.857637,11.877735,18031226
2019-10-08,11.877735,11.938028,11.837539,11.857637,24031060
2019-10-09,11.777246,11.857637,11.757149,11.837539,21209831
2019-10-10,11.837539,11.897832,11.797344,11.897832,15912023
2019-10-11,11.938028,12.018419,11.817442,11.978223,22312284
2019-10-14,11.998321,12.118907,11.998321,12.058614,31511907
2019-10-15,12.078712,12.078712,11.998321,11.998321,15216710
2019-10-16,12.018419,12.078712,11.938028,11.958126,17806006
2019-10-17,11.938028,12.018419,11.877735,11.917930,13807731
2019-10-18,11.958126,11.958126,11.757149,11.817442,25074237
2019-10-21,11.777246,11.797344,11.676758,11.696856,21074161
2019-10-22,11.797344,11.797344,11.616465,11.696856,32344763
2019-10-23,11.696856,11.716953,11.556172,11.596367,28427642
2019-10-24,11.596367,11.716953,11.576269,11.676758,23994211
2019-10-25,11.737051,11.737051,11.596367,11.696856,26146525
2019-10-28,11.696856,11.897832,11.696856,11.897832,37015067
2019-10-29,11.857637,11.857637,11.797344,11.837539,20600195
2019-10-30,11.817442,11.837539,11.676758,11.757149,17982303
2019-10-31,11.696856,11.757149,11.596367,11.656660,20637470
2019-11-01,11.656660,11.676758,11.536074,11.656660,45265982
2019-11-04,11.656660,11.656660,11.435586,11.495879,69771044
2019-11-05,11.455683,11.515976,11.375293,11.455683,57620706
2019-11-06,11.475781,11.515976,11.415488,11.455683,42166305
2019-11-07,11.455683,11.475781,11.375293,11.395390,44645283
2019-11-08,11.415488,11.435586,11.274804,11.274804,48761290
2019-11-11,11.254706,11.274804,10.973339,11.013534,51919881
2019-11-12,11.033632,11.053729,10.872850,10.913046,44379347
2019-11-13,10.892948,10.913046,10.691971,10.752264,55526711
2019-11-14,10.732166,10.812557,10.671873,10.732166,50782274
2019-11-15,10.732166,10.752264,10.571385,10.611580,56205204
2019-11-18,10.611580,10.712069,10.490994,10.591483,114619144
2019-11-19,10.551287,10.792460,10.511092,10.792460,111242033
2019-11-20,10.772362,10.892948,10.671873,10.812557,111577128
2019-11-21,10.732166,10.852753,10.631678,10.812557,88263770
2019-11-22,10.852753,11.093925,10.812557,11.053729,158953597
2019-11-25,11.254706,11.676758,11.174316,11.576269,210781022
2019-11-26,11.556172,11.556172,11.254706,11.375293,119357922
2019-11-27,11.314999,11.395390,11.114023,11.254706,85237216
2019-11-28,11.194413,11.234609,11.013534,11.053729,58437800
2019-11-29,11.053729,11.134120,10.953241,10.993436,58637152
2019-12-02,10.993436,11.053729,10.913046,10.973339,63406453
2019-12-03,10.933143,10.953241,10.772362,10.832655,73446669
2019-12-04,10.772362,10.933143,10.752264,10.913046,61526455
2019-12-05,10.913046,10.913046,10.752264,10.852753,69233772
2019-12-06,10.792460,10.872850,10.792460,10.872850,38461470
2019-12-09,10.913046,11.355195,10.892948,11.314999,167375756
2019-12-10,11.415488,11.415488,11.254706,11.274804,73354360
2019-12-11,11.335097,11.495879,11.314999,11.375293,84388715
2019-12-12,11.375293,11.395390,11.134120,11.174316,86776699
2019-12-13,11.254706,11.435586,11.174316,11.435586,142798211
2019-12-16,11.395390,11.515976,11.375293,11.515976,107750588
2019-12-17,11.475781,11.777246,11.415488,11.656660,133858422
2019-12-18,11.656660,11.757149,11.515976,11.576269,97198347
2019-12-19,11.515976,11.556172,11.415488,11.515976,74710360
2019-12-20,11.495879,11.515976,11.274804,11.294902,110327128
2019-12-23,11.314999,11.415488,11.154218,11.214511,70984269
2019-12-24,11.234609,11.335097,11.154218,11.335097,49658497
2019-12-25,11.294902,11.294902,11.174316,11.214511,47706432
2019-12-26,11.234609,11.335097,11.194413,11.314999,54353249
2019-12-27,11.314999,11.515976,11.274804,11.415488,108232077
2019-12-30,11.395390,11.576269,11.335097,11.556172,123396555
2019-12-31,11.515976,11.576269,11.395390,11.536074,99198956
2020-01-02,11.596367,11.817442,11.596367,11.656660,160874567
2020-01-03,11.696856,11.737051,11.596367,11.656660,81037937
2020-01-06,11.596367,11.656660,11.495879,11.556172,105138931
2020-01-07,11.556172,11.716953,11.536074,11.716953,97816139
2020-01-08,11.656660,11.656660,11.515976,11.536074,88402132
2020-01-09,11.616465,11.656660,11.556172,11.656660,59386188
2020-01-10,11.676758,11.676758,11.475781,11.536074,68621527
2020-01-13,11.556172,11.556172,11.395390,11.515976,66175333
2020-01-14,11.515976,11.616465,11.475781,11.495879,72209290
2020-01-15,11.515976,11.556172,11.355195,11.415488,67245297
2020-01-16,11.415488,11.435586,11.294902,11.335097,57181152
2020-01-17,11.335097,11.495879,11.314999,11.495879,70913188
2020-01-20,11.515976,11.556172,11.415488,11.536074,65536529
2020-01-21,11.495879,11.495879,11.214511,11.254706,75229040
2020-01-22,11.194413,11.274804,11.114023,11.254706,49723441
2020-01-23,11.154218,11.154218,10.852753,10.913046,72919584
2020-02-03,9.827770,10.068943,9.827770,9.827770,169519735
2020-02-04,9.787575,10.450799,9.707184,10.430701,198145578
2020-02-05,10.330213,10.551287,10.249822,10.370408,106252525
2020-02-06,10.450799,10.490994,10.310115,10.450799,66322999
2020-02-07,10.430701,10.511092,10.269920,10.490994,52913445
2020-02-10,10.410603,10.691971,10.390506,10.631678,59545384
2020-02-11,10.651776,11.013534,10.651776,10.712069,73737524
2020-02-12,10.671873,10.732166,10.591483,10.691971,40339232
2020-02-13,10.691971,10.792460,10.551287,10.591483,48107832
2020-02-14,10.591483,10.651776,10.531190,10.631678,35202783
2020-02-17,10.631678,10.913046,10.611580,10.892948,60387558
2020-02-18,10.852753,10.973339,10.792460,10.812557,51406648
2020-02-19,10.792460,10.872850,10.732166,10.772362,47706096
2020-02-20,10.792460,10.872850,10.691971,10.852753,60926071
2020-02-21,10.832655,10.892948,10.772362,10.832655,50137601
2020-02-24,10.772362,10.792460,10.691971,10.732166,76338095
2020-02-25,10.531190,10.631678,10.450799,10.511092,78198423
2020-02-26,10.430701,10.772362,10.390506,10.691971,90216616
2020-02-27,10.651776,10.772362,10.611580,10.631678,50620117
2020-02-28,10.370408,10.571385,10.370408,10.450799,69726184
2020-03-02,10.410603,10.973339,10.410603,10.892948,121531035
2020-03-03,11.013534,11.093925,10.812557,10.852753,96926202
2020-03-04,10.852753,10.953241,10.792460,10.892948,63582010
2020-03-05,10.953241,11.093925,10.872850,11.053729,99724496
2020-03-06,10.953241,10.973339,10.812557,10.832655,70931203
2020-03-09,10.671873,10.691971,10.490994,10.611580,84135021
2020-03-10,10.490994,10.792460,10.490994,10.651776,62741894
2020-03-11,10.631678,10.651776,10.531190,10.551287,56159406
2020-03-12,10.470896,10.511092,10.370408,10.410603,56321776
2020-03-13,10.109138,10.350310,10.048845,10.269920,70680914
2020-03-16,10.310115,10.350310,9.968454,9.968454,81680584
2020-03-17,9.948357,10.089040,9.767477,9.847868,89211219
2020-03-18,9.888063,9.968454,9.767477,9.787575,54120169
2020-03-19,9.787575,9.827770,9.425817,9.486110,85514697
2020-03-20,9.566500,9.646891,9.466012,9.606696,44734230
2020-03-23,9.405719,9.445914,9.204742,9.244937,78925245
2020-03-24,9.365524,9.466012,9.305230,9.425817,51512694
2020-03-25,9.646891,9.666989,9.506207,9.626794,47807699
2020-03-26,9.586598,9.606696,9.486110,9.486110,32528708
2020-03-27,9.586598,9.687087,9.526305,9.586598,33216714
2020-03-30,9.486110,9.646891,9.466012,9.546403,35541193
2020-03-31,9.626794,9.867966,9.566500,9.787575,65079907
2020-04-01,9.787575,9.827770,9.606696,9.646891,36455059
2020-04-02,9.626794,9.687087,9.506207,9.666989,36072113
2020-04-03,9.666989,9.666989,9.586598,9.626794,19678392
2020-04-07,9.747380,9.827770,9.687087,9.787575,41032873
2020-04-08,9.787575,9.928259,9.747380,9.908161,39010889
2020-04-09,9.928259,9.968454,9.847868,9.888063,21842206
2020-04-10,9.908161,9.928259,9.707184,9.747380,23280680
2020-04-13,9.727282,9.747380,9.687087,9.727282,16466250
2020-04-14,9.787575,9.867966,9.747380,9.867966,31305355
2020-04-15,9.908161,9.928259,9.807673,9.847868,21933018
2020-04-16,9.787575,9.847868,9.747380,9.847868,20597184
2020-04-17,9.908161,9.928259,9.787575,9.908161,36085070
2020-04-20,9.888063,9.908161,9.807673,9.827770,28036760
2020-04-21,9.767477,9.787575,9.666989,9.727282,26609497
2020-04-22,9.687087,9.727282,9.626794,9.707184,30651837
2020-04-23,9.747380,9.787575,9.666989,9.707184,27272647
2020-04-24,9.747380,9.747380,9.646891,9.687087,22099485
2020-04-27,9.727282,9.767477,9.687087,9.707184,21015626
2020-04-28,9.727282,9.727282,9.425817,9.546403,33980291
2020-04-29,9.506207,9.626794,9.466012,9.586598,22233986
2020-04-30,9.626794,9.807673,9.606696,9.787575,27799224
2020-05-06,9.747380,9.888063,9.707184,9.847868,39902055
2020-05-07,9.888063,9.908161,9.687087,9.707184,41347816
2020-05-08,9.747380,9.827770,9.727282,9.807673,29602357
2020-05-11,9.867966,9.968454,9.847868,9.888063,50810097
2020-05-12,9.888063,9.908161,9.747380,9.827770,40616839
2020-05-13,9.787575,9.888063,9.707184,9.888063,31776335
2020-05-14,9.847868,9.867966,9.687087,9.707184,30341448
2020-05-15,9.747380,9.787575,9.606696,9.606696,29218428
2020-05-18,9.646891,9.707184,9.566500,9.606696,23409990
2020-05-19,9.707184,9.747380,9.666989,9.707184,26478330
2020-05-20,9.707184,9.747380,9.626794,9.646891,27694526
2020-05-21,9.687087,9.727282,9.586598,9.586598,35365681
2020-05-22,9.606696,9.626794,9.486110,9.486110,33436151
2020-05-25,9.506207,9.586598,9.486110,9.546403,21254884
2020-05-26,9.586598,9.646891,9.546403,9.606696,29400160
2020-05-27,9.606696,9.787575,9.566500,9.767477,42009350
2020-05-28,9.807673,9.847868,9.767477,9.827770,39764766
2020-05-29,9.847868,9.847868,9.707184,9.827770,54926609
2020-06-01,9.847868,9.888063,9.747380,9.888063,66242906
2020-06-02,9.867966,9.888063,9.787575,9.847868,55648851
2020-06-03,9.869188,9.933135,9.805240,9.847872,75844621
2020-06-04,9.826556,9.869188,9.783925,9.805240,35183756
2020-06-05,9.805240,9.826556,9.698662,9.719977,43366208
2020-06-08,9.741293,9.805240,9.698662,9.719977,56836258
2020-06-09,9.719977,9.762609,9.719977,9.762609,42473753
2020-06-10,9.762609,9.826556,9.719977,9.741293,64606245
2020-06-11,9.762609,9.762609,9.613399,9.613399,70136360
2020-06-12,9.528136,9.741293,9.485504,9.741293,69032449
2020-06-15,9.677346,9.783925,9.592083,9.592083,60808929
2020-06-16,9.656030,9.847872,9.613399,9.847872,88653765
2020-06-17,9.805240,10.039714,9.783925,9.911819,90075666
2020-06-18,9.933135,10.380765,9.847872,10.210239,147736193
2020-06-19,10.188924,10.188924,10.018398,10.124977,84591450
2020-06-22,10.146292,10.188924,10.018398,10.039714,49591778
2020-06-23,9.997082,9.997082,9.826556,9.826556,58684074
2020-06-24,9.847872,9.890503,9.783925,9.805240,32047261
2020-06-29,9.741293,9.783925,9.698662,9.719977,37422170
2020-06-30,9.741293,9.783925,9.698662,9.719977,35918558
2020-07-01,9.719977,9.890503,9.698662,9.890503,44924585
2020-07-02,9.826556,10.103661,9.826556,10.039714,75859062
2020-07-03,10.103661,10.338134,10.082345,10.252871,118982070
2020-07-06,10.402081,10.998922,10.359450,10.977606,202000042
2020-07-07,11.190763,11.446552,11.020238,11.105501,225032671
2020-07-08,11.062869,11.467868,10.998922,11.339974,143971225
2020-07-09,11.339974,11.638394,11.212079,11.574447,176062225
2020-07-10,11.446552,11.446552,11.084185,11.190763,105659513
2020-07-13,11.169448,11.361289,11.105501,11.276026,108990133
2020-07-14,11.276026,11.531815,11.105501,11.190763,111588262
2020-07-15,11.254711,11.297342,10.807080,10.913659,84960154
2020-07-16,10.934975,11.041553,10.551291,10.572607,74921829
2020-07-17,10.593923,10.657870,10.295502,10.423397,83718482
2020-07-20,10.423397,11.084185,10.402081,11.041553,123193323
2020-07-21,11.041553,11.105501,10.828396,10.934975,63062625
2020-07-22,10.998922,11.020238,10.828396,10.892343,74867014
2020-07-23,10.785764,10.849712,10.615239,10.764449,67693619
2020-07-24,10.721817,10.785764,10.402081,10.466028,70955812
2020-07-27,10.508660,10.572607,10.338134,10.423397,45842986
2020-07-28,10.466028,10.721817,10.423397,10.466028,51725104
2020-07-29,10.466028,10.636554,10.359450,10.593923,52837582
2020-07-30,10.593923,10.679186,10.444713,10.487344,47937576
2020-07-31,10.508660,10.636554,10.402081,10.487344,68519422
2020-08-03,10.551291,10.593923,10.487344,10.593923,61193799
2020-08-04,10.657870,10.700501,10.508660,10.636554,85176639
2020-08-05,10.636554,10.636554,10.466028,10.487344,80652573
2020-08-06,10.529976,10.551291,10.402081,10.508660,60832613
2020-08-07,10.508660,10.508660,10.338134,10.380765,58329734
2020-08-10,10.402081,10.508660,10.338134,10.466028,59213146
2020-08-11,10.508660,10.615239,10.380765,10.423397,61422048
2020-08-12,10.423397,10.551291,10.359450,10.466028,74283556
2020-08-13,10.508660,10.572607,10.466028,10.551291,64402701
2020-08-14,10.529976,10.572607,10.444713,10.551291,44874406
2020-08-17,10.551291,10.807080,10.529976,10.785764,100669852
2020-08-18,10.764449,10.892343,10.700501,10.743133,69678791
2020-08-19,10.743133,10.828396,10.657870,10.721817,54172208
2020-08-20,10.721817,10.892343,10.657870,10.743133,91588377
2020-08-21,10.721817,10.892343,10.657870,10.828396,89551560
2020-08-24,10.871027,10.892343,10.700501,10.700501,72240244
2020-08-25,10.679186,10.743133,10.551291,10.572607,60905224
2020-08-26,10.551291,10.572607,10.423397,10.444713,50997425
2020-08-27,10.466028,10.487344,10.380765,10.444713,42270624
2020-08-28,10.423397,10.636554,10.423397,10.615239,54756242
2020-08-31,10.636554,10.764449,10.529976,10.529976,63906446
2020-09-01,10.529976,10.615239,10.487344,10.572607,31917704
2020-09-02,10.700501,10.721817,10.551291,10.615239,54055491
2020-09-03,10.657870,10.913659,10.636554,10.700501,100855181
2020-09-04,10.636554,10.721817,10.572607,10.679186,54639889
2020-09-07,10.721817,10.785764,10.593923,10.615239,60082770
2020-09-08,10.657870,10.807080,10.636554,10.764449,61566244
2020-09-09,10.700501,10.934975,10.679186,10.871027,118580871
2020-09-10,10.871027,10.892343,10.679186,10.721817,98190628
2020-09-11,10.743133,10.764449,10.529976,10.721817,70494920
2020-09-14,10.679186,10.743133,10.615239,10.700501,40606526
2020-09-15,10.700501,10.721817,10.636554,10.679186,25752243
2020-09-16,10.679186,10.807080,10.636554,10.785764,54583993
2020-09-17,10.764449,10.849712,10.700501,10.785764,47380501
2020-09-18,10.785764,10.956290,10.721817,10.934975,101561938
2020-09-21,10.956290,10.977606,10.828396,10.892343,56994248
2020-09-22,10.828396,10.849712,10.679186,10.721817,57115311
2020-09-23,10.764449,10.764449,10.636554,10.657870,40446782
2020-09-24,10.615239,10.636554,10.444713,10.487344,62487651
2020-09-25,10.487344,10.551291,10.444713,10.487344,33963671
2020-09-28,10.508660,10.551291,10.466028,10.551291,30337465
2020-09-29,10.529976,10.615239,10.529976,10.572607,30911948
2020-09-30,10.593923,10.700501,10.529976,10.636554,38402549
2020-10-09,10.721817,10.807080,10.700501,10.764449,42297344
2020-10-12,10.764449,10.849712,10.764449,10.849712,57318095
2020-10-13,10.807080,10.828396,10.721817,10.743133,31855091
2020-10-14,10.743133,10.743133,10.636554,10.657870,43394886
2020-10-15,10.657870,10.743133,10.636554,10.679186,40295737
2020-10-16,10.743133,11.169448,10.679186,11.105501,197549647
2020-10-19,11.126816,11.595763,11.105501,11.297342,177084264
2020-10-20,11.318658,11.361289,10.892343,10.956290,125067351
2020-10-21,11.020238,11.148132,10.913659,11.105501,64911793
2020-10-22,11.062869,11.254711,10.977606,11.084185,65215911
2020-10-23,11.084185,11.510500,11.041553,11.361289,109395999
2020-10-26,11.403921,11.638394,11.169448,11.403921,119956209
2020-10-27,11.403921,11.595763,11.254711,11.574447,137284882
2020-10-28,11.574447,11.681026,11.425237,11.638394,120999209
2020-10-29,11.553131,11.915499,11.425237,11.766288,123441785
2020-10-30,11.681026,11.894183,11.361289,11.382605,170520791
2020-11-02,11.382605,11.830236,11.361289,11.830236,176139947
2020-11-03,11.894183,12.000762,11.723657,11.915499,124333474
2020-11-04,11.915499,12.299182,11.787604,12.256550,119262820
2020-11-05,12.363129,13.130496,12.320498,13.045233,246608724
2020-11-06,13.023917,13.215759,12.810760,13.194443,153998326
2020-11-09,13.450232,13.961810,13.151812,13.940494,230459368
2020-11-10,14.004441,14.174967,13.535495,13.748652,196837031
2020-11-11,13.684705,13.961810,13.535495,13.620758,136416169
2020-11-12,13.599442,13.642074,13.237075,13.620758,131885868
2020-11-13,13.428916,13.748652,13.322337,13.535495,100770076
2020-11-16,13.599442,14.047073,13.407600,13.940494,157797420
2020-11-17,13.876547,13.983125,13.386285,13.556811,111739526
2020-11-18,13.471548,13.812600,13.279706,13.450232,120487116
2020-11-19,13.450232,13.578126,13.130496,13.407600,106275032
2020-11-20,13.428916,13.876547,13.301022,13.833915,119093760
2020-11-23,13.833915,14.111020,13.471548,13.620758,184351065
2020-11-24,13.684705,13.961810,13.492863,13.897862,137050551
2020-11-25,14.047073,14.089704,13.599442,13.599442,115901852
2020-11-26,13.620758,13.684705,13.386285,13.599442,61888241
2020-11-27,13.556811,13.940494,13.237075,13.471548,146815785
2020-11-30,13.471548,13.919178,13.237075,13.237075,160529023
2020-12-01,13.407600,13.471548,13.173127,13.428916,119091048
2020-12-02,13.535495,13.791284,13.428916,13.791284,130645302
2020-12-03,13.663389,13.706021,13.173127,13.215759,162303822
2020-12-04,13.151812,13.151812,12.576287,12.938654,165204126
2020-12-07,12.938654,13.023917,12.554971,12.704181,133879627
2020-12-08,12.768128,12.853391,12.640234,12.725497,61577820
2020-12-09,12.768128,12.938654,12.576287,12.618918,71408634
2020-12-10,12.789444,13.194443,12.768128,13.130496,160216703
2020-12-11,13.258390,13.301022,12.661550,13.023917,112526026
2020-12-14,12.896023,12.981286,12.448392,12.704181,113727229
2020-12-15,12.725497,12.789444,12.405761,12.597602,83021817
2020-12-16,12.618918,12.810760,12.427076,12.533655,70606919
2020-12-17,12.554971,13.066549,12.469708,13.045233,122598567
2020-12-18,13.002601,13.471548,13.002601,13.279706,101617508
2020-12-21,13.301022,13.514179,13.130496,13.215759,86813177
2020-12-22,13.279706,13.364969,12.576287,12.640234,125482689
2020-12-23,12.618918,12.874707,12.554971,12.853391,81799457
2020-12-24,12.874707,13.002601,12.597602,12.661550,52251995
2020-12-25,12.618918,12.938654,12.597602,12.917338,51605291
2020-12-28,12.874707,12.938654,12.661550,12.768128,60422246
2020-12-29,12.810760,12.832075,12.512339,12.533655,67368922
2020-12-30,12.597602,12.832075,12.554971,12.725497,57562928
2020-12-31,12.682865,12.768128,12.554971,12.682865,63801694
2021-01-04,12.704181,13.066549,12.576287,12.981286,102953697
2021-01-05,12.981286,12.981286,12.448392,12.661550,126137592
2021-01-06,12.576287,12.832075,12.576287,12.682865,102015498
2021-01-07,12.832075,13.578126,12.832075,13.556811,236557004
2021-01-08,13.620758,13.983125,13.237075,13.983125,178693900
2021-01-11,14.025757,14.174967,13.343653,13.407600,182730525
2021-01-12,13.322337,13.663389,13.279706,13.535495,109759992
2021-01-13,13.428916,14.025757,13.258390,13.855231,148898985
2021-01-14,13.748652,14.643913,13.386285,14.579966,237601992
2021-01-15,14.388124,14.473387,13.514179,13.535495,223239174
2021-01-18,13.343653,13.535495,13.173127,13.407600,108615672
2021-01-19,13.407600,13.428916,13.130496,13.237075,107386373
2021-01-20,14.047073,14.558650,14.047073,14.537335,376176752
2021-01-21,14.388124,14.579966,14.196283,14.516019,202989395
2021-01-22,14.430756,14.452072,14.153651,14.174967,123457770
2021-01-25,14.068388,14.984965,14.047073,14.558650,181114214
2021-01-26,14.494703,15.240754,14.494703,14.984965,241287680
2021-01-27,15.027597,15.347333,14.771808,14.878387,150724624
2021-01-28,14.707861,14.899702,14.388124,14.473387,132863886
2021-01-29,14.494703,14.622598,13.855231,13.983125,141258968
2021-02-01,13.940494,14.153651,13.748652,14.025757,99778633
2021-02-02,13.940494,14.047073,13.556811,13.876547,119884282
2021-02-03,13.791284,14.324177,13.620758,14.174967,123978416
2021-02-04,14.047073,14.238914,13.620758,14.174967,139720909
2021-02-05,14.153651,14.537335,14.047073,14.217599,102763116
2021-02-08,14.238914,14.601282,14.111020,14.579966,127948935
2021-02-09,14.494703,14.857071,14.388124,14.771808,116681285
2021-02-10,14.729176,14.750492,14.324177,14.516019,164014430
2021-02-18,14.921018,15.432596,14.899702,15.240754,205883231
2021-02-19,15.091544,15.517859,15.027597,15.517859,154136257
2021-02-22,15.880226,17.073908,15.731016,17.052592,429221728
2021-02-23,17.244434,17.393644,16.711540,16.924698,272749568
2021-02-24,16.860750,16.967329,15.944174,16.072068,232058521
2021-02-25,16.349173,16.839435,16.327857,16.519699,216304190
2021-02-26,15.922858,16.455751,15.752332,16.029436,180962496
2021-03-01,16.199962,17.393644,16.199962,17.137855,287601648
2021-03-02,17.457591,17.819959,16.732856,17.031276,239525084
2021-03-03,17.393644,18.715220,17.372328,18.629957,446334736
2021-03-04,18.288905,19.312060,18.182326,18.331536,382785264
2021-03-05,17.521538,17.692064,16.754172,16.903382,303546368
2021-03-08,17.478907,18.118379,16.839435,17.116539,241818946
2021-03-09,17.073908,18.821798,16.818119,18.097063,417491840
2021-03-10,17.734696,18.971009,17.393644,17.692064,267466314
2021-03-11,17.692064,19.056272,17.436275,18.907061,276226160
2021-03-12,19.290745,19.503902,18.459431,19.333376,304116288
2021-03-15,19.610481,20.335216,18.864430,19.461271,263715634
2021-03-16,19.056272,19.226797,18.352852,19.077587,202668717
2021-03-17,18.672588,18.821798,17.862590,18.502062,228372851
2021-03-18,18.693904,19.674428,18.416799,19.013640,192378114
2021-03-19,18.587325,19.333376,18.523378,19.226797,175744026
2021-03-22,19.503902,20.143374,19.056272,19.098903,160560245
2021-03-23,18.928377,19.397323,18.075748,18.203642,196585081
2021-03-24,18.011800,18.011800,16.882066,17.116539,234090980
2021-03-25,16.860750,17.287065,16.519699,16.882066,164113216
2021-03-26,17.095223,17.457591,17.009961,17.351012,103297604
2021-03-29,17.500223,17.798643,17.159171,17.500223,155515227
2021-03-30,17.372328,17.564170,17.073908,17.457591,109578456
2021-03-31,17.692064,17.734696,17.095223,17.223118,92770731
2021-04-01,17.223118,18.267589,17.052592,17.969169,159641365
2021-04-02,17.777327,17.862590,17.116539,17.436275,121863208
2021-04-06,17.564170,18.011800,17.457591,17.542854,101341138
2021-04-07,17.457591,18.523378,17.223118,18.118379,195653236
2021-04-08,18.075748,18.800483,17.926537,18.352852,204346921
2021-04-09,18.480747,18.757851,17.969169,18.459431,156576381
2021-04-12,18.459431,18.672588,17.649433,17.905222,209024922
2021-04-13,17.628117,17.692064,17.223118,17.500223,116511834
2021-04-14,17.457591,17.862590,17.308381,17.606801,93934370
2021-04-15,17.606801,17.798643,17.265749,17.564170,67711297
2021-04-16,17.500223,18.011800,17.457591,17.628117,104673568
2021-04-19,17.478907,17.756011,17.308381,17.542854,77099333
2021-04-20,17.351012,18.054432,17.287065,17.947853,154297008
2021-04-21,17.819959,17.819959,17.095223,17.201802,159581751
2021-04-22,17.308381,18.288905,17.308381,17.670748,204696927
2021-04-23,17.628117,18.629957,17.521538,18.416799,205330275
2021-04-26,18.672588,19.333376,18.331536,18.459431,210091296
2021-04-27,18.118379,18.544694,17.585486,18.203642,186088275
2021-04-28,18.139695,18.928377,18.011800,18.757851,181779453
2021-04-29,18.928377,18.992324,18.139695,18.523378,130904363
2021-04-30,18.480747,18.736535,18.224958,18.395484,92828602
2021-05-06,18.864430,19.503902,18.864430,19.205482,196863301
2021-05-07,19.546534,19.589165,18.800483,19.248113,231620847
2021-05-10,19.589165,19.908901,18.821798,19.589165,280877936
2021-05-11,18.971009,19.077587,18.224958,18.715220,201355989
2021-05-12,18.757851,19.013640,18.224958,18.736535,127633279
2021-05-13,18.331536,18.395484,17.478907,17.478907,195748554
2021-05-14,17.500223,17.649433,17.159171,17.329697,147967764
2021-05-17,17.180486,17.436275,17.180486,17.244434,138618353
2021-05-18,17.372328,17.414960,17.223118,17.393644,82887046
2021-05-19,17.287065,17.287065,16.711540,16.839435,177054064
2021-05-20,16.178647,16.732856,15.816279,16.541014,269830112
2021-05-21,16.477067,16.946013,16.349173,16.796803,119652487
2021-05-24,16.562330,16.690224,16.136015,16.477067,129679274
2021-05-25,16.477067,16.562330,16.093384,16.498383,142062158
2021-05-26,16.285225,16.626277,16.221278,16.541014,83468173
2021-05-27,16.583646,16.903382,16.455751,16.775487,114313626
2021-05-28,17.052592,17.180486,16.647593,16.754172,99841789
2021-05-31,16.839435,16.882066,16.583646,16.796803,81633176
2021-06-01,16.583646,16.988645,16.178647,16.946013,142670231
2021-06-02,16.818119,16.988645,16.541014,16.583646,83539368
2021-06-03,16.668909,17.009961,16.604961,16.711540,84433157
2021-06-04,16.647593,17.052592,16.541014,16.839435,82733703
2021-06-07,16.796803,16.818119,16.391804,16.477067,72519987
2021-06-08,16.413120,16.946013,16.391804,16.796803,110299289
2021-06-09,16.796803,17.137855,16.732856,16.924698,97018302
2021-06-10,17.095223,17.223118,16.860750,16.924698,91549830
2021-06-11,17.052592,17.201802,16.839435,17.095223,104639342
2021-06-15,17.073908,17.073908,16.413120,16.583646,94046857
2021-06-16,16.541014,16.946013,16.306541,16.391804,88210544
2021-06-17,16.391804,16.413120,15.517859,15.667069,203613346
2021-06-18,15.644844,15.911518,15.400393,15.555953,160002617
2021-06-21,15.733735,15.933740,15.667067,15.844849,128207969
2021-06-22,15.778181,16.000409,15.578176,15.889295,114770506
2021-06-23,15.867072,16.867098,15.778181,16.644870,163413288
2021-06-24,16.644870,17.089326,16.467087,16.978212,105469898
2021-06-25,17.044880,17.222662,16.778206,17.044880,96628245
2021-06-28,17.022657,17.067103,16.733761,17.000434,68726147
2021-06-29,16.955989,17.022657,16.755984,16.822652,57712666
2021-06-30,16.955989,17.133771,16.822652,16.978212,51975016
2021-07-01,17.044880,17.289331,16.800429,17.178217,79346020
2021-07-02,16.911543,17.133771,16.622647,16.955989,99148685
2021-07-05,16.911543,17.022657,16.289305,16.667092,95906604
2021-07-06,16.733761,17.067103,16.467087,16.555979,67349040
2021-07-07,16.578201,16.911543,16.467087,16.867098,69958999
2021-07-08,17.000434,17.067103,16.667092,16.844875,75327032
2021-07-09,16.755984,17.267108,16.689315,17.111548,108233195
2021-07-12,17.222662,17.622672,16.844875,17.000434,136778384
2021-07-13,17.000434,17.111548,16.800429,16.978212,88939247
2021-07-14,16.978212,17.200439,16.689315,16.689315,70354690
2021-07-15,16.822652,18.044905,16.689315,17.889346,176349936
2021-07-16,17.911569,18.267133,17.622672,17.733786,169345852
2021-07-19,17.933792,18.178242,17.355999,17.467113,116160814
2021-07-20,17.178217,17.200439,16.667092,16.933766,125401656
2021-07-21,17.089326,17.178217,16.755984,17.022657,94632421
2021-07-22,16.911543,18.067128,16.867098,17.911569,190706498
2021-07-23,18.178242,18.644921,17.956014,17.978237,182151975
2021-07-26,18.067128,18.178242,17.067103,17.244885,161681822
2021-07-27,17.333776,17.556004,16.355973,16.378196,168962794
2021-07-28,16.222637,16.333751,15.622621,15.933740,175443703
2021-07-29,16.178191,16.200414,15.689290,16.067077,150498104
2021-07-30,16.067077,17.667118,15.978186,17.600450,257671618
2021-08-02,16.889320,16.955989,15.889295,16.222637,269323776
2021-08-03,15.978186,16.200414,15.800404,15.911518,138500529
2021-08-04,16.022632,16.667092,15.978186,16.400419,143397447
2021-08-05,16.311528,16.511533,16.089300,16.333751,106722331
2021-08-06,16.267082,16.800429,16.222637,16.578201,97246343
2021-08-09,16.489310,17.289331,16.444865,17.222662,126335806
2021-08-10,17.355999,17.689341,17.044880,17.622672,123265854
2021-08-11,17.822678,18.022683,17.467113,17.889346,136885073
2021-08-12,17.867123,19.067154,17.733786,18.422693,264559856
2021-08-13,18.133797,18.600475,18.111574,18.333802,117683517
2021-08-16,18.378247,19.044931,18.200465,18.822703,171319304
2021-08-17,18.733812,18.933817,18.200465,18.444916,112688865
2021-08-18,18.422693,18.911594,18.289356,18.578252,95308545
2021-08-19,18.200465,18.822703,17.867123,18.689366,117210195
2021-08-20,18.444916,18.867149,18.178242,18.644921,117295656
2021-08-23,18.733812,18.911594,18.356025,18.511584,88041325
2021-08-24,18.578252,19.289382,18.444916,18.667144,143642896
2021-08-25,18.711589,19.000485,18.444916,18.956040,119731098
2021-08-26,18.978263,20.267184,18.889371,19.844951,296050464
2021-08-27,19.600501,20.444967,19.600501,20.222739,213858073
2021-08-30,20.889423,21.667220,20.822754,21.422770,289726400
2021-08-31,21.489438,22.911696,21.467215,22.645023,293296688
2021-09-01,22.667246,23.445043,22.178344,22.778360,260183019
2021-09-02,22.689469,23.422821,22.178344,23.111702,220727961
2021-09-03,22.933919,23.000588,21.978339,22.333904,171451877
2021-09-06,22.333904,23.067256,22.311681,22.756137,145522769
2021-09-07,22.600577,24.289509,22.467241,24.089504,193627764
2021-09-08,23.756163,24.000613,23.178370,23.400598,154901053
2021-09-09,23.356152,25.711768,23.356152,25.378426,357583552
2021-09-10,25.067307,25.422872,24.511737,24.978416,218458137
2021-09-13,24.778411,26.822908,24.778411,26.311783,251552030
2021-09-14,26.045110,26.045110,24.356178,24.533960,237940715
2021-09-15,24.378401,25.245089,24.067282,24.511737,192861488
2021-09-16,24.933970,25.600654,24.311732,24.467292,187597046
2021-09-17,24.267287,24.778411,22.467241,23.222816,212302914
2021-09-22,22.845028,23.289484,22.178344,23.245038,194784653
2021-09-23,23.245038,23.600603,22.422795,23.000588,144776066
2021-09-24,22.622800,23.022810,21.156096,21.356101,272336528
2021-09-27,21.356101,21.489438,20.444967,20.556081,205430747
2021-09-28,20.733863,21.000537,20.156071,20.511635,168772376
2021-09-29,20.444967,20.511635,18.933817,19.133822,281948272
2021-09-30,19.311605,19.511610,19.022708,19.333827,188906340
2021-10-08,19.667169,19.667169,18.867149,19.156045,162094903
2021-10-11,19.222713,19.222713,18.244911,18.644921,181253481
2021-10-12,18.711589,18.889371,17.578227,17.867123,217881474
2021-10-13,17.889346,18.089351,17.511559,17.933792,123513126
2021-10-14,17.822678,18.267133,17.711564,17.867123,144985353
2021-10-15,18.099159,18.307995,17.774302,18.029547,166584953
2021-10-18,17.983139,18.284791,17.797506,18.145567,154922063
2021-10-19,18.099159,18.331200,17.820710,18.284791,157200996
2021-10-20,18.099159,18.238383,17.403037,18.099159,160888350
2021-10-21,18.238383,18.424016,17.797506,17.843914,183023139
2021-10-22,17.658282,17.913527,17.101385,17.263813,208634026
2021-10-25,17.263813,17.403037,16.776528,17.310221,108610663
2021-10-26,17.333425,17.519058,17.054977,17.194201,104977965
2021-10-27,17.217405,17.310221,16.660508,16.753324,141910070
2021-10-28,16.822936,16.822936,16.126815,16.405263,183037979
2021-10-29,16.521284,16.683712,16.358855,16.544488,135981879
2021-11-01,16.567692,16.567692,16.196427,16.266039,157695176
2021-11-02,16.242835,16.312447,15.384285,15.685938,232873386
2021-11-03,15.709142,15.987590,15.477101,15.894774,120425899
2021-11-04,15.871570,15.871570,15.453897,15.569918,135119884
2021-11-05,15.337877,15.384285,14.804184,14.873796,187138888
2021-11-08,14.966612,15.221857,14.827388,14.873796,133794824
2021-11-09,14.920204,14.943408,14.548939,14.641756,159211960
2021-11-10,14.525735,14.873796,14.247287,14.780980,234686189
2021-11-11,14.850592,15.546713,14.827388,15.245061,292875616
2021-11-12,15.245061,15.291469,14.734572,14.780980,181086078
2021-11-15,14.757776,15.105837,14.548939,15.082633,141913268
2021-11-16,15.082633,15.314673,14.641756,14.664960,155550091
2021-11-17,14.618552,15.013020,14.572143,14.989816,135647177
2021-11-18,14.920204,15.105837,14.827388,14.897000,102227796
2021-11-19,14.850592,15.221857,14.664960,15.152245,128208918
2021-11-22,15.152245,15.198653,14.897000,14.920204,136562617
2021-11-23,15.059428,15.732346,15.059428,15.291469,264398754
2021-11-24,15.430693,15.801958,15.221857,15.732346,207270667
2021-11-25,15.778754,15.801958,15.523509,15.593122,126893958
2021-11-26,15.453897,16.080407,15.337877,15.709142,170622552
2021-11-29,15.430693,15.546713,15.105837,15.453897,151758791
2021-11-30,15.361081,15.546713,15.036224,15.129041,127912900
2021-12-01,15.175449,15.709142,15.036224,15.709142,150286706
2021-12-02,15.616326,16.335651,15.569918,16.219631,201301940
2021-12-03,16.219631,16.358855,15.941182,16.266039,142384934
2021-12-06,16.358855,16.869344,16.242835,16.266039,184635601
2021-12-07,16.451671,16.799732,16.126815,16.776528,200143052
2021-12-08,16.683712,16.776528,16.428467,16.660508,148456684
2021-12-09,16.637304,16.683712,16.405263,16.498080,123992889
2021-12-10,16.498080,16.544488,16.080407,16.266039,167685646
2021-12-13,16.358855,16.637304,16.312447,16.428467,137260000
2021-12-14,16.335651,16.474875,16.126815,16.150019,125992413
2021-12-15,16.150019,16.382059,16.103611,16.242835,91206392
2021-12-16,16.266039,17.426242,16.266039,17.333425,331261296
2021-12-17,17.379833,17.681486,17.217405,17.379833,158215012
2021-12-20,17.310221,17.472650,16.730120,16.799732,136340728
2021-12-21,16.869344,17.403037,16.660508,17.356629,142257287
2021-12-22,17.356629,17.379833,16.892548,17.031773,105989073
2021-12-23,17.008569,17.147793,16.938956,17.124589,67083390
2021-12-24,17.101385,17.194201,16.799732,16.846140,69095628
2021-12-27,16.683712,16.846140,16.474875,16.799732,70601904
2021-12-28,16.730120,16.776528,16.498080,16.614100,72127726
2021-12-29,16.544488,16.730120,16.498080,16.544488,55470339
2021-12-30,16.590896,16.683712,16.428467,16.498080,66130425
2021-12-31,16.451671,16.706916,16.405263,16.614100,53106255
2022-01-04,16.567692,16.938956,16.521284,16.776528,91426481
2022-01-05,16.869344,16.938956,16.544488,16.614100,83816524
2022-01-06,16.614100,17.287017,16.544488,17.170997,138188066
2022-01-07,17.078181,17.867119,17.031773,17.681486,161248196
2022-01-10,17.843914,17.959935,17.426242,17.635078,93990240
2022-01-11,17.588670,18.052751,17.542262,17.751098,110943599
2022-01-12,17.658282,17.658282,17.101385,17.426242,99247363
2022-01-13,17.426242,17.727894,17.240609,17.310221,60702293
2022-01-14,17.240609,17.310221,16.799732,16.846140,73675452
2022-01-17,16.753324,17.054977,16.660508,16.985365,70552968
2022-01-18,16.915752,17.565466,16.822936,17.542262,110049233
2022-01-19,17.658282,17.936731,17.519058,17.867119,153015334
2022-01-20,17.774302,18.215179,17.704690,18.029547,125985796
2022-01-21,17.890323,17.936731,17.310221,17.403037,109629409
2022-01-24,17.263813,17.658282,17.078181,17.542262,69531136
2022-01-25,17.472650,17.495854,16.730120,16.776528,105180856
2022-01-26,16.799732,17.147793,16.590896,16.869344,80848225
2022-01-27,16.753324,17.054977,16.637304,16.776528,69675345
2022-01-28,16.915752,16.915752,16.080407,16.335651,117144415
2022-02-07,16.358855,17.147793,16.358855,16.915752,118612175
2022-02-08,17.008569,17.727894,16.869344,17.681486,152162656
2022-02-09,17.635078,17.774302,17.426242,17.681486,89645316
2022-02-10,17.588670,17.983139,17.449446,17.867119,98038533
2022-02-11,17.867119,18.377608,17.727894,17.797506,138908175
2022-02-14,17.658282,17.727894,16.962161,17.078181,101400888
2022-02-15,17.031773,17.147793,16.730120,16.892548,73353895
2022-02-16,16.938956,17.519058,16.915752,17.310221,108021360
2022-02-17,17.310221,17.472650,17.078181,17.147793,68651053
2022-02-18,17.031773,17.727894,16.962161,17.658282,132092111
2022-02-21,17.681486,17.751098,17.287017,17.472650,88999058
2022-02-22,17.310221,17.426242,16.985365,17.147793,82587685
2022-02-23,17.078181,17.217405,16.892548,17.054977,83713287
2022-02-24,16.938956,16.962161,16.266039,16.521284,175624003
2022-02-25,16.521284,16.985365,16.498080,16.637304,100786837
2022-02-28,16.683712,16.776528,16.405263,16.753324,74618617
2022-03-01,16.822936,17.217405,16.706916,16.915752,79876834
2022-03-02,16.846140,17.240609,16.753324,16.869344,92024159
2022-03-03,17.031773,17.426242,16.892548,17.403037,203011910
2022-03-04,17.310221,17.565466,17.008569,17.287017,109877106
2022-03-07,17.449446,17.704690,17.124589,17.194201,170705773
2022-03-08,17.240609,17.287017,16.660508,16.822936,126917357
2022-03-09,16.846140,16.892548,15.778754,16.544488,174685816
2022-03-10,16.660508,16.753324,16.405263,16.428467,82985437
2022-03-11,16.312447,16.312447,15.662734,16.033999,129037644
2022-03-14,15.778754,16.080407,15.569918,15.569918,80071898
2022-03-15,15.500305,15.500305,14.316899,14.340103,147231485
2022-03-16,14.432919,14.850592,13.968838,14.711368,126279046
2022-03-17,14.920204,15.639530,14.827388,15.430693,149567189
2022-03-18,15.430693,15.616326,15.268265,15.500305,67286292
2022-03-21,15.639530,15.662734,15.221857,15.384285,79755887
2022-03-22,15.407489,15.685938,15.314673,15.616326,79952722
2022-03-23,15.546713,15.639530,15.268265,15.453897,65571634
2022-03-24,15.500305,15.662734,15.384285,15.500305,55638163
2022-03-25,15.523509,15.546713,15.314673,15.337877,50130528
2022-03-28,15.221857,15.685938,14.966612,15.546713,59604146
2022-03-29,15.477101,15.569918,15.314673,15.361081,60876836
2022-03-30,15.407489,15.616326,15.268265,15.616326,74334951
2022-03-31,15.523509,15.848366,15.500305,15.662734,79334125
2022-04-01,15.593122,15.964386,15.523509,15.941182,91917859
2022-04-06,16.010794,16.892548,15.917978,16.822936,179060567
2022-04-07,16.706916,17.101385,16.614100,16.706916,160815320
2022-04-08,16.660508,17.054977,16.590896,16.962161,115850733
2022-04-11,16.753324,16.869344,16.428467,16.567692,85746047
2022-04-12,16.498080,16.637304,16.266039,16.498080,79480059
2022-04-13,16.474875,16.985365,16.358855,16.590896,82749269
2022-04-14,16.660508,17.263813,16.614100,17.078181,130826796
2022-04-15,16.938956,17.472650,16.892548,17.054977,117758847
2022-04-18,16.846140,16.938956,16.498080,16.544488,74927256
2022-04-19,16.521284,16.938956,16.451671,16.799732,79036620
2022-04-20,16.730120,16.776528,16.057203,16.103611,100557153
2022-04-21,16.010794,16.126815,15.546713,15.593122,87359059
2022-04-22,15.546713,15.848366,15.314673,15.825162,64815773
2022-04-25,15.546713,15.546713,14.850592,14.943408,103992623
2022-04-26,15.036224,15.152245,14.595347,14.688164,76142450
2022-04-27,14.525735,14.989816,14.293695,14.920204,109062968
2022-04-28,14.804184,14.873796,14.432919,14.664960,111768880
2022-04-29,14.456123,15.059428,14.386511,14.989816,129783860
2022-05-05,14.966612,15.013020,14.641756,14.688164,108156573
2022-05-06,14.386511,14.386511,14.015246,14.131266,91925856
2022-05-09,14.015246,14.177675,13.945634,14.061654,51978702
2022-05-10,13.968838,13.968838,13.620777,13.876022,114950574
2022-05-11,13.829614,14.247287,13.806410,14.015246,125521534
2022-05-12,13.922430,14.061654,13.736798,13.899226,82204368
2022-05-13,13.876022,14.131266,13.876022,14.084858,91255480
2022-05-16,14.224083,14.456123,14.108062,14.409715,118341641
2022-05-17,14.409715,14.479327,14.293695,14.432919,86284900
2022-05-18,14.525735,14.827388,14.316899,14.804184,90965434
2022-05-19,14.572143,14.734572,14.456123,14.711368,56313779
2022-05-20,14.711368,14.873796,14.618552,14.780980,68831470
2022-05-23,14.780980,15.268265,14.757776,15.036224,88642134
2022-05-24,15.036224,15.082633,14.641756,14.664960,72871538
2022-05-25,14.641756,14.897000,14.618552,14.688164,50794489
2022-05-26,14.711368,14.873796,14.502531,14.827388,63082280
2022-05-27,14.850592,14.966612,14.641756,14.780980,58667814
2022-05-30,14.827388,14.920204,14.711368,14.804184,41945493
2022-05-31,14.804184,14.850592,14.641756,14.850592,52052407
2022-06-01,14.850592,14.966612,14.734572,14.943408,51543374
2022-06-02,14.850592,15.152245,14.827388,15.082633,56769836
2022-06-06,15.082633,15.245061,14.804184,15.198653,103766837
2022-06-07,15.129041,15.175449,14.943408,15.082633,80130124
2022-06-08,15.129041,15.384285,15.036224,15.361081,92029253
2022-06-09,15.314673,15.477101,15.221857,15.430693,63843514
2022-06-10,15.337877,15.546713,15.198653,15.500305,70041333
2022-06-13,15.407489,15.407489,15.013020,15.129041,76154014
2022-06-14,14.966612,15.430693,14.897000,15.384285,74014648
2022-06-15,15.361081,15.732346,15.337877,15.500305,83379330
2022-06-16,15.500305,15.662734,15.198653,15.221857,66932459
2022-06-17,15.129041,15.129041,14.827388,14.920204,101103147
2022-06-20,14.897000,14.989816,14.618552,14.873796,88536436
2022-06-21,14.850592,14.920204,14.572143,14.688164,95594685
2022-06-22,14.664960,14.711368,14.456123,14.456123,74481491
2022-06-23,14.456123,14.572143,14.409715,14.548939,51164234
2022-06-24,14.618552,14.618552,14.456123,14.572143,73624982
2022-06-27,14.572143,14.618552,14.409715,14.432919,111701203
2022-06-28,14.479327,14.525735,14.363307,14.502531,67837301
2022-06-29,14.548939,14.664960,14.456123,14.456123,95927674
2022-06-30,14.601168,14.649517,14.456124,14.552820,64381176
2022-07-01,14.601168,14.963780,14.480298,14.939606,99583284
2022-07-04,14.818736,15.012129,14.770387,14.915432,62614828
2022-07-05,14.939606,15.568133,14.915432,15.350566,126142921
2022-07-06,15.278044,15.326392,15.012129,15.060477,75662912
2022-07-07,15.108825,15.157173,14.939606,14.987954,45325330
2022-07-08,15.012129,15.108825,14.818736,14.963780,37759905
2022-07-11,14.891258,14.915432,14.601168,14.625343,63634217
2022-07-12,14.625343,14.939606,14.601168,14.722039,67155393
2022-07-13,14.770387,14.770387,14.625343,14.673691,43551193
2022-07-14,14.673691,14.673691,14.311079,14.335253,77753066
2022-07-15,14.262731,14.286905,13.851771,13.875945,77894059
2022-07-18,13.851771,14.117686,13.779248,14.069338,71424013
2022-07-19,14.069338,14.141860,13.851771,13.924293,76172450
2022-07-20,13.972641,14.069338,13.827597,13.875945,69701998
2022-07-21,13.851771,13.851771,13.537507,13.561681,114077138
2022-07-22,13.585855,13.585855,13.247418,13.368288,98103106
2022-07-25,13.344114,13.368288,13.174895,13.223244,44064578
2022-07-26,13.247418,13.440811,13.223244,13.392462,55398850
2022-07-27,13.392462,13.634204,13.295766,13.585855,55510270
2022-07-28,13.658378,13.682552,13.585855,13.682552,49624496
2022-07-29,13.682552,13.875945,13.634204,13.706726,65140473
2022-08-01,13.706726,13.755074,13.440811,13.489159,49725622
2022-08-02,13.392462,13.392462,13.005677,13.223244,83666570
2022-08-03,13.174895,13.319940,12.522194,12.570542,175155212
2022-08-04,12.570542,12.667239,12.401324,12.618891,96429537
2022-08-05,12.594717,12.788109,12.498020,12.739761,68516877
2022-08-08,12.691413,12.981502,12.691413,12.933154,54418673
2022-08-09,12.957328,13.005677,12.860632,12.908980,41670261
2022-08-10,12.908980,12.981502,12.715587,12.739761,56339873
2022-08-11,12.836458,13.005677,12.788109,12.981502,58167520
2022-08-12,12.981502,13.078199,12.933154,13.005677,50906327
2022-08-15,13.005677,13.102373,12.908980,12.981502,40079047
2022-08-16,12.981502,13.029851,12.884806,12.957328,35538922
2022-08-17,12.957328,13.029851,12.763935,12.981502,47811451
2022-08-18,12.933154,12.957328,12.788109,12.836458,39507281
2022-08-19,12.836458,13.029851,12.788109,12.933154,56698135
2022-08-22,12.933154,13.005677,12.860632,12.981502,37477443
2022-08-23,12.933154,12.957328,12.812284,12.860632,38045440
2022-08-24,12.908980,13.078199,12.715587,12.739761,60465098
2022-08-25,12.812284,12.981502,12.691413,12.981502,42868540
2022-08-26,13.005677,13.054025,12.860632,12.884806,36619595
2022-08-29,12.884806,13.078199,12.667239,13.054025,68447332
2022-08-30,13.005677,13.174895,12.908980,12.957328,49082603
2022-08-31,12.933154,13.005677,12.836458,12.884806,56851135
2022-09-01,12.860632,13.005677,12.836458,12.884806,47453251
2022-09-02,12.908980,12.933154,12.715587,12.739761,45715052
2022-09-05,12.739761,13.054025,12.715587,13.054025,64824200
2022-09-06,13.102373,13.223244,13.029851,13.126547,49414279
2022-09-07,13.126547,13.174895,12.981502,13.150721,41792258
2022-09-08,13.174895,13.392462,13.102373,13.295766,58424220
2022-09-09,13.319940,13.489159,13.271592,13.464985,58359566
2022-09-13,13.489159,13.513333,13.319940,13.344114,53617538
2022-09-14,13.247418,13.368288,13.150721,13.295766,41384671
2022-09-15,13.295766,13.585855,13.295766,13.585855,100031720
2022-09-16,13.585855,13.585855,13.126547,13.150721,89662179
2022-09-19,13.078199,13.223244,12.933154,13.126547,58521240
2022-09-20,13.126547,13.223244,12.908980,12.981502,48698907
2022-09-21,12.981502,13.319940,12.812284,13.295766,52965339
2022-09-22,13.223244,13.295766,12.981502,13.005677,42121188
2022-09-23,13.005677,13.295766,12.981502,13.054025,43224155
2022-09-26,12.981502,12.981502,12.498020,12.522194,94414594
2022-09-27,12.522194,12.884806,12.449672,12.860632,55262948
2022-09-28,12.812284,12.860632,12.618891,12.667239,54220359
2022-09-29,12.739761,12.836458,12.498020,12.522194,59359818
2022-09-30,12.522194,12.788109,12.522194,12.715587,47084549
2022-10-10,12.715587,12.860632,12.594717,12.643065,59540388
2022-10-11,12.667239,12.715587,12.570542,12.618891,45483750
2022-10-12,12.643065,12.715587,12.473846,12.691413,47697407
2022-10-13,12.816579,12.966773,12.716449,12.841611,51649476
2022-10-14,12.916708,13.217097,12.866643,13.167032,58016466
2022-10-17,13.192064,13.442388,13.116967,13.392323,47520763
2022-10-18,13.467420,13.467420,13.167032,13.317226,44797512
2022-10-19,13.367291,13.392323,13.066902,13.142000,28462963
2022-10-20,13.091935,13.267161,12.966773,13.142000,41798955
2022-10-21,13.192064,13.292194,13.142000,13.217097,30881421
2022-10-24,13.292194,13.292194,12.891676,12.941740,47372612
2022-10-25,12.891676,13.091935,12.841611,12.966773,45972550
2022-10-26,12.816579,12.991805,12.666384,12.691417,74776546
2022-10-27,12.716449,12.791546,12.691417,12.691417,36815865
2022-10-28,12.691417,12.716449,12.315931,12.391028,99940779
2022-10-31,12.340963,12.365996,11.965478,12.040575,78497427
2022-11-01,12.015542,12.240834,11.990510,12.215801,47905544
2022-11-02,12.215801,12.340963,12.140704,12.240834,34913636
2022-11-03,12.140704,12.240834,12.090640,12.215801,38611691
2022-11-04,12.165737,12.466125,12.165737,12.391028,45793693
2022-11-07,12.391028,12.691417,12.340963,12.566255,55303108
2022-11-08,12.591287,12.641352,12.491158,12.616320,36968959
2022-11-09,12.616320,12.816579,12.591287,12.791546,57682168
2022-11-10,12.716449,12.866643,12.616320,12.816579,39766167
2022-11-11,12.966773,13.192064,12.916708,13.116967,80281634
2022-11-14,13.242129,13.467420,13.192064,13.317226,97971483
2022-11-15,13.267161,13.517485,13.217097,13.442388,76631986
2022-11-16,13.467420,13.542518,13.317226,13.392323,48801118
2022-11-17,13.367291,13.417356,13.217097,13.317226,57648600
2022-11-18,13.317226,13.442388,13.292194,13.317226,43680498
2022-11-21,13.292194,13.292194,13.066902,13.142000,48370271
2022-11-22,13.167032,13.742777,13.091935,13.492453,72389118
2022-11-23,13.492453,13.842906,13.467420,13.692712,67042821
2022-11-24,13.767809,13.842906,13.542518,13.692712,31697911
2022-11-25,13.667679,13.968068,13.617615,13.943036,53350754
2022-11-28,13.817874,13.817874,13.542518,13.742777,42723209
2022-11-29,13.867939,14.218392,13.767809,14.143295,83725492
2022-11-30,14.118262,14.218392,14.043165,14.118262,56210986
2022-12-01,14.193359,14.318521,14.018133,14.043165,52433464
2022-12-02,14.043165,14.168327,13.993100,13.993100,48343356
2022-12-05,14.093230,15.044460,14.068198,14.794137,160559633
2022-12-06,14.819169,14.969363,14.643942,14.919298,88245695
2022-12-07,14.919298,14.944331,14.468716,14.543813,71183395
2022-12-08,14.543813,14.643942,14.443683,14.543813,37679082
2022-12-09,14.618910,14.944331,14.443683,14.719039,86546925
2022-12-12,14.769104,14.794137,14.343554,14.418651,75531337
2022-12-13,14.443683,14.694007,14.443683,14.543813,43206220
2022-12-14,14.493748,14.643942,14.168327,14.443683,60115392
2022-12-15,14.393619,14.418651,14.143295,14.168327,42238713
2022-12-16,14.068198,14.869234,14.068198,14.618910,110848901
2022-12-19,14.618910,14.643942,14.218392,14.243424,41996041
2022-12-20,14.168327,14.443683,14.093230,14.168327,29418479
2022-12-21,14.168327,14.393619,14.143295,14.243424,22367516
2022-12-22,14.518780,14.769104,13.993100,14.093230,63634879
2022-12-23,13.993100,14.193359,13.792841,14.168327,28199036
2022-12-26,14.118262,14.118262,13.792841,13.867939,36642007
2022-12-27,13.918003,14.193359,13.892971,14.018133,32944213
2022-12-28,14.143295,14.218392,14.018133,14.093230,31884536
2022-12-29,14.018133,14.168327,13.918003,14.018133,23564327
2022-12-30,14.143295,14.143295,13.943036,13.993100,22629375
2023-01-03,13.968068,14.043165,13.817874,14.018133,29708052
2023-01-04,13.968068,14.268457,13.968068,14.143295,31472353
2023-01-05,14.193359,14.468716,14.168327,14.418651,48641657
2023-01-06,14.468716,14.894266,14.418651,14.769104,73953243
2023-01-09,14.819169,14.919298,14.643942,14.744072,36790886
2023-01-10,14.744072,14.794137,14.518780,14.593878,33570945
2023-01-11,14.643942,14.819169,14.543813,14.719039,36592001
2023-01-12,14.719039,14.969363,14.618910,14.844201,42660292
2023-01-13,14.894266,14.994396,14.769104,14.969363,44531034
2023-01-16,15.019428,15.419946,14.969363,15.319817,77548684
2023-01-17,15.319817,15.369881,15.069493,15.194655,40831997
2023-01-18,15.244719,15.269752,15.119558,15.244719,29730400
2023-01-19,15.269752,15.294784,15.119558,15.219687,27256117
2023-01-20,15.244719,15.369881,15.144590,15.344849,50376965
2023-01-30,15.419946,15.545108,15.344849,15.344849,50258890
2023-01-31,15.369881,15.520076,15.319817,15.470011,37063943
2023-02-01,15.495043,15.870529,15.444978,15.770399,56131779
2023-02-02,15.770399,15.870529,15.620205,15.745367,38115119
2023-02-03,15.695302,15.695302,15.069493,15.294784,85832804
2023-02-06,15.194655,15.194655,15.019428,15.119558,38662215
2023-02-07,15.194655,15.344849,15.144590,15.269752,33708724
2023-02-08,15.344849,15.344849,15.144590,15.169622,23205846
2023-02-09,15.169622,15.294784,15.119558,15.219687,21370869
2023-02-10,15.244719,15.344849,15.169622,15.194655,23152651
2023-02-13,15.269752,15.394914,15.144590,15.294784,34175667
2023-02-14,15.369881,15.595173,15.319817,15.595173,43535861
2023-02-15,15.620205,15.695302,15.495043,15.545108,32878421
2023-02-16,15.570140,15.745367,15.369881,15.520076,46167714
2023-02-17,15.470011,15.620205,15.394914,15.394914,28407584
2023-02-20,15.394914,16.070788,15.394914,16.070788,120565431
2023-02-21,16.145885,16.821759,16.095820,16.596468,127700105
2023-02-22,16.546403,16.796727,16.471306,16.596468,44963048
2023-02-23,16.596468,16.721630,16.521371,16.596468,37904893
2023-02-24,16.596468,16.971954,16.596468,16.821759,83414668
2023-02-27,16.721630,16.871824,16.446274,16.621500,54634976
2023-02-28,16.571436,16.621500,16.371177,16.471306,57732295
2023-03-01,16.571436,16.596468,16.421241,16.571436,40509551
2023-03-02,16.571436,17.072083,16.446274,16.846792,64390561
2023-03-03,16.896856,17.047051,16.671565,17.022018,47522496
2023-03-06,17.072083,17.072083,16.596468,16.721630,60677221
2023-03-07,16.696597,17.147180,16.696597,16.796727,75104350
2023-03-08,16.721630,16.921889,16.546403,16.746662,49027744
2023-03-09,16.746662,16.821759,16.521371,16.571436,38617379
2023-03-10,16.496338,16.546403,16.120853,16.120853,79470489
2023-03-13,16.246015,16.496338,16.170917,16.446274,53491955
2023-03-14,16.446274,16.821759,16.296079,16.321112,66978696
2023-03-15,16.396209,16.971954,16.246015,16.846792,84437288
2023-03-16,16.746662,16.796727,16.220982,16.271047,67406502
2023-03-17,16.396209,16.846792,16.321112,16.571436,78728191
2023-03-20,16.621500,16.771695,16.195950,16.271047,53173488
2023-03-21,16.396209,16.421241,15.795432,15.920594,63449151
2023-03-22,15.945626,16.120853,15.795432,16.020723,42700761
2023-03-23,15.895561,16.095820,15.795432,16.045756,28467920
2023-03-24,16.045756,16.045756,15.770399,15.870529,36534703
2023-03-27,15.895561,15.895561,15.645238,15.720335,36029425
2023-03-28,15.720335,15.970658,15.620205,15.695302,34938148
2023-03-29,15.745367,15.745367,15.394914,15.495043,43680303
2023-03-30,15.545108,15.795432,15.470011,15.770399,30008827
2023-03-31,15.720335,15.845497,15.545108,15.620205,50252725
2023-04-03,15.545108,15.770399,15.545108,15.720335,37227011
2023-04-04,15.670270,16.296079,15.670270,16.145885,50904577
2023-04-06,16.095820,16.321112,16.070788,16.246015,29128271
2023-04-07,16.346144,16.371177,16.120853,16.346144,32027721
2023-04-10,16.246015,16.696597,16.220982,16.446274,40401000
2023-04-11,16.546403,16.696597,16.321112,16.646533,58982943
2023-04-12,16.671565,17.472601,16.621500,17.372472,119616822
2023-04-13,17.297375,17.647828,17.097116,17.197245,62035966
2023-04-14,17.272342,17.372472,17.097116,17.247310,32449917
2023-04-17,17.247310,17.722925,17.147180,17.597763,82663612
2023-04-18,17.597763,17.672860,17.322407,17.447569,39827309
2023-04-19,17.497634,17.898152,17.422536,17.722925,85149084
2023-04-20,17.823055,17.823055,17.247310,17.597763,65920291
2023-04-21,17.647828,17.722925,17.197245,17.222277,51259751
2023-04-24,17.197245,17.222277,16.771695,16.896856,61280044
2023-04-25,17.022018,17.097116,16.546403,16.671565,57904822
2023-04-26,16.671565,16.771695,16.271047,16.446274,67413503
2023-04-27,16.471306,16.546403,16.170917,16.421241,47885148
2023-04-28,16.195950,16.271047,15.895561,16.120853,109192611
2023-05-04,16.421241,17.022018,16.220982,16.621500,133748240
2023-05-05,16.546403,17.047051,16.471306,16.571436,98785931
2023-05-08,16.596468,17.272342,16.546403,17.222277,112385062
2023-05-09,17.372472,18.273637,17.372472,17.622796,180854041
2023-05-10,17.547698,17.772990,16.971954,17.047051,107631311
2023-05-11,17.097116,17.172213,16.771695,16.846792,61502386
2023-05-12,16.821759,16.846792,16.271047,16.296079,69328887
2023-05-15,16.296079,16.371177,15.720335,16.045756,104356179
2023-05-16,15.995691,16.195950,15.695302,15.720335,66395356
2023-05-17,15.695302,15.845497,15.495043,15.520076,62762088
2023-05-18,15.645238,15.795432,15.444978,15.595173,58162546
2023-05-19,15.520076,15.770399,15.369881,15.620205,67516073
2023-05-22,15.620205,15.770399,15.570140,15.695302,53946842
2023-05-23,15.670270,15.695302,15.269752,15.269752,59243224
2023-05-24,15.244719,15.244719,14.944331,14.994396,60771047
2023-05-25,14.919298,15.069493,14.794137,14.994396,42624121
2023-05-26,14.994396,15.219687,14.844201,15.194655,32409691
2023-05-29,15.194655,15.294784,14.944331,15.094525,59009311
2023-05-30,15.094525,15.219687,14.769104,14.969363,64564118
2023-05-31,14.819169,14.894266,14.668975,14.719039,64006008
2023-06-01,14.694007,14.869234,14.618910,14.643942,73751849
2023-06-02,14.643942,14.894266,14.593878,14.869234,82961157
2023-06-05,14.869234,15.069493,14.844201,14.894266,51205894
2023-06-06,14.919298,14.969363,14.694007,14.769104,79893558
2023-06-07,14.869234,14.919298,14.694007,14.744072,38533292
2023-06-08,14.769104,14.894266,14.543813,14.894266,71012389
2023-06-09,14.919298,14.944331,14.744072,14.794137,62799096
2023-06-12,14.819169,14.844201,14.668975,14.668975,63820142
2023-06-13,14.668975,14.744072,14.493748,14.568845,59187516
2023-06-14,14.645250,14.823540,14.568840,14.594310,52064594
2023-06-15,14.696190,14.721660,14.390550,14.594310,59256009
2023-06-16,14.594310,14.849010,14.594310,14.823540,59706180
2023-06-19,14.798070,14.823540,14.441490,14.466960,63971880
2023-06-20,14.466960,14.492430,14.135850,14.237730,81642137
2023-06-21,14.212260,14.314140,14.084910,14.084910,50996397
2023-06-26,14.084910,14.212260,13.906620,14.008500,58811960
2023-06-27,14.033970,14.365080,13.957560,14.314140,63186439
2023-06-28,14.314140,14.390550,14.186790,14.390550,36219920
2023-06-29,14.339610,14.390550,14.237730,14.314140,36483915
2023-06-30,14.339610,14.441490,14.263200,14.314140,48374411
2023-07-03,14.314140,14.747130,14.288670,14.645250,49701096
2023-07-04,14.645250,14.721660,14.517900,14.568840,31239658
2023-07-05,14.568840,14.645250,14.517900,14.594310,26187580
2023-07-06,14.568840,14.594310,14.441490,14.466960,21452866
2023-07-07,14.416020,14.619780,14.390550,14.543370,25264618
2023-07-10,14.568840,14.696190,14.441490,14.492430,27069242
2023-07-11,14.466960,14.645250,14.466960,14.543370,23943821
2023-07-12,14.543370,14.568840,14.365080,14.416020,24770934
2023-07-13,14.466960,14.696190,14.441490,14.619780,37364752
2023-07-14,14.594310,14.823540,14.594310,14.696190,42319936
2023-07-17,14.696190,14.721660,14.543370,14.619780,21808220
2023-07-18,14.645250,14.645250,14.466960,14.543370,26901735
2023-07-19,14.517900,14.645250,14.466960,14.619780,28469973
2023-07-20,14.619780,14.772600,14.594310,14.670720,49758486
2023-07-21,14.696190,14.721660,14.543370,14.670720,32956659
2023-07-24,14.645250,14.798070,14.594310,14.670720,26420703
2023-07-25,14.849010,15.562170,14.849010,15.511230,169902603
2023-07-26,15.485760,15.893280,15.332940,15.536700,87460623
2023-07-27,15.536700,16.402680,15.511230,16.020630,204665755
2023-07-28,15.995160,16.631910,15.944220,16.504560,134172489
2023-07-31,16.504560,16.810200,16.249860,16.351740,126627619
2023-08-01,16.377210,16.682850,16.249860,16.479090,106774627
2023-08-02,16.326270,16.657380,16.198920,16.555500,88207578
2023-08-03,16.428150,16.682850,16.351740,16.657380,65000796
2023-08-04,16.733790,17.090370,16.555500,16.606440,78157332
2023-08-07,16.555500,16.555500,16.122510,16.300800,74875052
2023-08-08,16.300800,16.402680,16.173450,16.198920,36556170
2023-08-09,16.275330,16.377210,16.122510,16.224390,43835650
2023-08-10,16.198920,16.402680,16.173450,16.351740,32934435
2023-08-11,16.402680,16.428150,15.944220,16.020630,47462482
2023-08-14,15.893280,16.071570,15.689520,15.969690,46302953
2023-08-15,16.020630,16.147980,15.867810,16.020630,30575200
2023-08-16,16.046100,16.173450,15.893280,16.020630,30847626
2023-08-17,15.918750,15.969690,15.714990,15.918750,50244634
2023-08-18,15.969690,16.122510,15.816870,15.842340,29090119
2023-08-21,15.842340,15.995160,15.714990,15.714990,34099144
2023-08-22,15.689520,15.969690,15.638580,15.842340,54261758
2023-08-23,15.918750,15.918750,15.664050,15.664050,35173385
2023-08-24,15.740460,15.842340,15.409350,15.460290,52842957
2023-08-25,15.485760,15.842340,15.383880,15.714990,56347509
2023-08-28,16.351740,16.453620,16.046100,16.198920,104482270
2023-08-29,16.198920,16.224390,15.613110,15.740460,92211820
2023-08-30,15.714990,15.842340,15.511230,15.562170,53042637
2023-08-31,15.434820,15.587640,15.409350,15.434820,64344759
2023-09-01,15.485760,16.300800,15.485760,16.198920,104420623
2023-09-04,16.275330,17.243190,16.249860,16.886610,167021543
2023-09-05,16.937550,16.963020,16.504560,16.682850,74373343
2023-09-06,16.733790,16.733790,16.351740,16.351740,51357200
2023-09-07,16.300800,16.530030,16.147980,16.224390,73136718
2023-09-08,16.147980,16.198920,15.816870,15.842340,56691099
2023-09-11,15.816870,15.944220,15.714990,15.816870,74397672
2023-09-12,15.816870,15.969690,15.664050,15.791400,59427727
2023-09-13,15.765930,16.275330,15.714990,15.893280,90291050
2023-09-14,15.867810,16.097040,15.791400,15.995160,79253650
2023-09-15,16.020630,16.224390,15.791400,15.842340,113332691
2023-09-18,15.867810,15.918750,15.638580,15.816870,62924264
2023-09-19,15.740460,16.300800,15.740460,16.275330,120858183
2023-09-20,16.275330,16.377210,16.046100,16.300800,68643971
2023-09-21,16.326270,16.326270,15.918750,15.944220,67881782
2023-09-22,15.969690,16.071570,15.740460,15.893280,68188655
2023-09-25,15.893280,16.097040,15.765930,15.893280,72691557
2023-09-26,15.867810,16.071570,15.765930,15.791400,59385325
2023-09-27,15.765930,15.842340,15.536700,15.587640,72905701
2023-09-28,15.613110,15.664050,15.485760,15.511230,54898218
2023-10-09,15.511230,15.714990,15.485760,15.638580,53782846
2023-10-10,15.638580,15.791400,15.485760,15.562170,65419912
2023-10-11,15.587640,15.587640,15.307470,15.358410,62283653
2023-10-12,15.434820,15.664050,15.409350,15.587640,51210117
2023-10-13,15.511230,15.536700,15.307470,15.434820,45844324
2023-10-16,15.486705,15.512646,15.201356,15.305119,52692627
2023-10-17,15.953641,16.187109,15.720173,16.083346,147688902
2023-10-18,16.083346,16.316814,15.668292,16.135227,213383805
2023-10-19,15.953641,15.979582,15.149474,15.149474,191256525
2023-10-20,15.045710,15.382942,14.967888,15.149474,80828063
2023-10-23,15.201356,15.201356,14.890065,15.019770,61449209
2023-10-24,15.045710,15.097592,14.916006,15.045710,48310750
2023-10-25,15.460764,16.472459,15.460764,16.420577,300587901
2023-10-26,16.290873,16.628104,16.109286,16.420577,137481953
2023-10-27,16.394636,16.628104,16.213050,16.290873,112003269
2023-10-30,16.238991,16.472459,16.187109,16.290873,73958530
2023-10-31,16.264932,16.394636,16.187109,16.238991,56664670
2023-11-01,16.290873,16.316814,16.057405,16.213050,71992643
2023-11-02,16.161168,16.472459,16.161168,16.316814,70615014
2023-11-03,16.342754,16.446518,15.953641,16.005523,93481029
2023-11-06,16.031464,16.083346,15.772055,15.797996,98618035
2023-11-07,15.797996,15.901759,15.668292,15.797996,71785739
2023-11-08,15.746114,15.772055,15.564528,15.642351,60288622
2023-11-09,15.642351,15.849878,15.590469,15.746114,56241006
2023-11-10,15.694232,15.772055,15.564528,15.694232,41922873
2023-11-13,15.746114,16.109286,15.720173,16.031464,87933526
2023-11-14,16.005523,16.005523,15.642351,15.746114,77151882
2023-11-15,15.875819,16.083346,15.823937,16.083346,89313579
2023-11-16,16.031464,16.290873,15.953641,16.161168,80351992
2023-11-17,16.161168,16.342754,16.005523,16.031464,47683803
2023-11-20,16.031464,16.161168,15.953641,16.031464,46067897
2023-11-21,16.135227,16.394636,16.109286,16.238991,82639544
2023-11-22,16.264932,16.290873,16.109286,16.109286,51288922
2023-11-23,16.109286,16.238991,15.979582,16.213050,59169460
2023-11-24,16.187109,16.290873,16.109286,16.109286,51683804
2023-11-27,16.109286,16.135227,15.772055,15.979582,75195304
2023-11-28,16.005523,16.264932,15.901759,16.238991,73374133
2023-11-29,16.238991,16.290873,15.953641,16.005523,52891745
2023-11-30,15.979582,16.213050,15.953641,16.135227,53562869
2023-12-01,16.161168,16.316814,16.109286,16.213050,60656191
2023-12-04,16.213050,16.394636,16.135227,16.161168,52067103
2023-12-05,16.161168,16.187109,15.901759,15.927700,50306402
2023-12-06,15.927700,16.031464,15.746114,15.875819,41325390
2023-12-07,15.875819,16.057405,15.746114,15.927700,62075794
2023-12-08,15.979582,16.109286,15.849878,15.849878,93308156
2023-12-11,15.927700,16.031464,15.175415,16.005523,143492585
2023-12-12,15.875819,15.875819,15.331060,15.668292,119279249
2023-12-13,15.564528,15.772055,15.408883,15.564528,101496854
2023-12-14,15.564528,15.772055,15.512646,15.590469,66376469
2023-12-15,15.642351,15.849878,15.538587,15.720173,74403405
2023-12-18,15.668292,15.797996,15.538587,15.564528,45723420
2023-12-19,15.564528,15.616410,15.460764,15.564528,41789168
2023-12-20,15.590469,15.875819,15.538587,15.616410,57961982
2023-12-21,15.590469,15.642351,15.408883,15.564528,60550118
2023-12-22,15.564528,15.797996,15.486705,15.746114,64141362
2023-12-25,15.772055,15.797996,15.642351,15.746114,34359149
2023-12-26,15.746114,15.823937,15.590469,15.616410,41700213
2023-12-27,15.616410,15.694232,15.460764,15.694232,57070929
2023-12-28,15.668292,15.772055,15.408883,15.460764,126353993
2023-12-29,15.382942,15.460764,15.253237,15.382942,88167907
2024-01-02,15.382942,15.694232,15.357001,15.590469,83846158
2024-01-03,15.564528,15.927700,15.538587,15.927700,104082386
2024-01-04,15.927700,16.031464,15.823937,15.953641,57185285
2024-01-05,15.979582,16.264932,15.901759,16.031464,78923380
2024-01-08,16.031464,16.109286,15.927700,15.953641,61597552
2024-01-09,15.953641,16.031464,15.746114,15.927700,54444062
2024-01-10,15.875819,15.953641,15.668292,15.668292,67091468
2024-01-11,15.720173,15.720173,15.408883,15.460764,91556951
2024-01-12,15.408883,15.512646,15.357001,15.357001,61601976
2024-01-15,15.408883,15.486705,15.227297,15.279178,74928777
2024-01-16,15.279178,15.357001,15.175415,15.305119,69554526
2024-01-17,15.305119,15.408883,15.045710,15.045710,76908396
2024-01-18,15.045710,15.045710,14.423129,14.890065,144008692
2024-01-19,14.838183,14.993829,14.656597,14.967888,84995462
2024-01-22,14.941947,15.045710,14.552834,14.656597,79507852
2024-01-23,14.656597,14.890065,14.397188,14.708479,97454178
2024-01-24,14.786302,15.305119,14.760361,15.279178,86389864
2024-01-25,15.305119,15.772055,15.279178,15.772055,120436639
2024-01-26,15.746114,16.109286,15.694232,16.109286,109667106
2024-01-29,16.161168,16.290873,16.057405,16.083346,83971791
2024-01-30,16.057405,16.238991,15.901759,15.979582,75549950
2024-01-31,15.953641,16.161168,15.772055,15.953641,117025790
2024-02-01,15.875819,16.161168,15.797996,15.875819,87744455
2024-02-02,15.927700,16.213050,15.694232,16.005523,104485317
2024-02-05,16.057405,16.238991,15.823937,16.135227,120368378
2024-02-06,16.109286,16.446518,16.031464,16.394636,111221626
2024-02-07,16.446518,16.472459,16.005523,16.316814,125984850
2024-02-08,16.213050,16.368695,16.031464,16.368695,122688915
2024-02-19,16.368695,16.731868,16.342754,16.705927,85018968
2024-02-20,16.705927,17.095040,16.602163,17.017217,75589724
2024-02-21,17.043158,17.172863,16.861572,16.991276,73297621
2024-02-22,16.991276,17.302567,16.913454,17.276626,56804245
2024-02-23,17.276626,17.561976,17.224744,17.276626,59883903
2024-02-26,17.302567,17.561976,17.017217,17.069099,72212438
2024-02-27,17.043158,17.432271,16.991276,17.250685,62545018
2024-02-28,17.250685,17.354449,17.095040,17.120981,56785777
2024-02-29,17.069099,17.354449,17.069099,17.302567,67402168
2024-03-01,17.276626,17.536035,17.250685,17.328508,44815228
2024-03-04,17.302567,17.484153,17.172863,17.224744,61677158
2024-03-05,17.224744,17.510094,17.120981,17.458212,63702617
2024-03-06,17.458212,17.587917,17.354449,17.380390,43110129
2024-03-07,17.328508,17.925148,17.328508,17.743562,87864228
2024-03-08,17.821385,18.002971,17.665739,17.795444,62402155
2024-03-11,17.769503,17.951089,17.432271,17.639798,64901319
2024-03-12,17.587917,17.613858,17.069099,17.146922,115395595
2024-03-13,17.146922,17.328508,17.043158,17.120981,68034787
2024-03-14,17.172863,17.432271,17.069099,17.146922,63580097
2024-03-15,17.043158,17.198803,16.835631,17.043158,99462912
2024-03-18,17.120981,17.224744,16.887513,17.198803,67842713
2024-03-19,17.172863,17.328508,17.043158,17.095040,60269200
2024-03-20,17.043158,17.224744,16.991276,17.069099,51376065
2024-03-21,17.043158,17.146922,16.965336,16.965336,34941170
2024-03-22,16.965336,17.017217,16.705927,16.809690,49553069
2024-03-25,16.705927,17.043158,16.705927,16.835631,48772545
2024-03-26,16.861572,16.913454,16.679986,16.835631,41645811
2024-03-27,16.835631,17.017217,16.783749,16.887513,51991069
2024-03-28,16.861572,16.965336,16.731868,16.783749,61272632
2024-03-29,16.783749,17.302567,16.757808,17.224744,60620588
2024-04-01,17.276626,17.354449,17.069099,17.198803,51512605
2024-04-02,17.198803,17.561976,17.146922,17.354449,55414479
2024-04-03,17.406330,17.510094,17.198803,17.302567,83876844
2024-04-08,17.328508,17.639798,17.276626,17.406330,80510747
2024-04-09,17.406330,17.484153,16.991276,17.224744,66256513
2024-04-10,17.172863,17.354449,17.095040,17.224744,55037151
2024-04-11,17.146922,17.561976,17.017217,17.354449,62924052
2024-04-12,17.406330,17.587917,17.328508,17.484153,71355198
2024-04-15,17.510094,17.977030,17.432271,17.899207,104550024
2024-04-16,17.899207,18.366143,17.847325,18.158616,157610882
2024-04-17,18.080793,18.755256,17.951089,18.703374,127820869
2024-04-18,18.677434,19.144369,18.625552,18.910902,106301706
2024-04-19,18.807138,19.274074,18.729315,19.092488,93120665
2024-04-22,19.170310,19.403778,18.703374,18.884961,86565666
2024-04-23,18.884961,18.884961,18.184557,18.236439,87121575
2024-04-24,18.262380,18.392084,18.132675,18.340202,48564892
2024-04-25,18.366143,18.599611,18.262380,18.443966,53612273
2024-04-26,18.443966,18.677434,18.106734,18.392084,82994614
2024-04-29,18.288320,18.392084,17.795444,18.236439,113103875
2024-04-30,18.184557,18.469907,18.028912,18.028912,79044050
2024-05-06,18.184557,18.392084,18.002971,18.080793,89014314
2024-05-07,18.106734,18.106734,17.691680,17.795444,88738632
2024-05-08,17.743562,17.847325,17.587917,17.743562,61148967
2024-05-09,17.743562,18.054852,17.743562,18.028912,67009996
2024-05-10,18.028912,18.288320,17.977030,18.236439,68275355
2024-05-13,18.236439,18.469907,18.002971,18.418025,76513875
2024-05-14,18.366143,18.418025,18.028912,18.028912,70038149
2024-05-15,18.002971,18.106734,17.821385,17.951089,53911161
2024-05-16,17.951089,18.236439,17.899207,18.158616,78632119
2024-05-17,18.158616,18.236439,17.873266,18.210498,64452662
2024-05-20,18.184557,18.366143,17.977030,18.184557,99993556
2024-05-21,18.158616,18.366143,18.028912,18.158616,87704899
2024-05-22,18.158616,18.625552,18.132675,18.392084,103890117
2024-05-23,18.314261,18.340202,18.028912,18.054852,77336843
2024-05-24,17.977030,18.158616,17.899207,17.925148,47597255
2024-05-27,17.977030,18.210498,17.925148,18.132675,56715687
2024-05-28,18.158616,18.366143,18.028912,18.132675,61414882
2024-05-29,18.054852,18.262380,17.925148,18.132675,48018615
2024-05-30,18.392084,18.625552,18.054852,18.106734,117118247
2024-05-31,18.080793,18.236439,17.899207,17.899207,73920526
2024-06-03,17.899207,18.106734,17.769503,18.028912,80914704
2024-06-04,17.977030,18.392084,17.873266,18.340202,89602524
2024-06-05,18.418025,18.495847,18.236439,18.288320,53328881
2024-06-06,18.288320,18.495847,18.158616,18.262380,72468231
2024-06-07,18.340202,18.366143,18.002971,18.132675,77047924
2024-06-11,18.132675,18.132675,17.743562,17.743562,83873255
2024-06-12,17.743562,17.951089,17.587917,17.873266,72894589
2024-06-13,18.033563,18.086996,17.739683,17.766399,63245449
2024-06-14,17.766399,18.193862,17.712967,18.167145,83678411
2024-06-17,18.033563,18.113712,17.285504,17.338937,139640128
2024-06-18,17.312221,17.632817,17.285504,17.525952,63525069
2024-06-19,17.525952,17.899981,17.499235,17.739683,50460493
2024-06-20,17.793116,17.873265,17.686250,17.793116,32443194
2024-06-21,17.819832,17.846549,17.552668,17.579385,40888194
2024-06-24,17.552668,17.632817,17.419086,17.552668,48390778
2024-06-25,17.552668,17.739683,17.445803,17.606101,40385102
2024-06-26,17.606101,17.766399,17.445803,17.632817,40650438
2024-06-27,17.552668,17.712967,17.499235,17.525952,41918149
2024-06-28,17.525952,17.899981,17.499235,17.766399,53880025
2024-07-01,17.686250,18.113712,17.659534,18.060280,51878802
2024-07-02,18.086996,18.835055,18.060280,18.674757,84008937
2024-07-03,18.674757,18.835055,18.541175,18.648040,48426453
2024-07-04,18.701473,18.808339,18.648040,18.674757,47863320
2024-07-05,18.701473,18.888488,18.434309,18.701473,59348582
2024-07-08,18.781622,18.968637,18.674757,18.861771,65344404
2024-07-09,18.941921,18.968637,18.674757,18.835055,54238462
2024-07-10,18.808339,18.861771,18.407593,18.487742,53422736
2024-07-11,18.487742,18.648040,18.380876,18.567891,46570756
2024-07-12,18.541175,18.674757,18.434309,18.541175,39631976
2024-07-15,18.514458,18.781622,18.487742,18.701473,43558327
2024-07-16,18.621324,18.781622,18.567891,18.728189,36059971
2024-07-17,18.701473,18.835055,18.648040,18.781622,45015811
2024-07-18,18.701473,18.995353,18.541175,18.941921,61743002
2024-07-19,18.941921,19.022070,18.728189,18.888488,64674131
2024-07-22,18.941921,19.048786,18.781622,18.995353,53795796
2024-07-23,18.915204,18.968637,18.487742,18.514458,55597708
2024-07-24,18.461025,18.674757,18.407593,18.594607,51525617
2024-07-25,18.621324,18.701473,18.274011,18.461025,54922277
2024-07-26,18.461025,18.621324,18.167145,18.274011,58839272
2024-07-29,18.300727,18.674757,18.247294,18.594607,49848533
2024-07-30,18.648040,18.674757,18.380876,18.514458,43367588
2024-07-31,18.567891,18.648040,18.140429,18.167145,119344344
2024-08-01,18.167145,18.354160,18.086996,18.220578,87445473
2024-08-02,18.140429,18.193862,17.926698,17.953414,56534013
2024-08-05,17.926698,17.926698,17.392370,17.419086,95195306
2024-08-06,17.419086,17.739683,17.045057,17.232072,89195154
2024-08-07,17.232072,17.258788,17.098490,17.151922,62191931
2024-08-08,17.151922,17.151922,16.884758,17.045057,61319241
2024-08-09,17.045057,17.151922,16.964908,16.964908,49714823
2024-08-12,16.964908,16.991624,16.671027,16.751177,55947929
2024-08-13,16.804609,16.831326,16.617595,16.831326,53738165
2024-08-14,16.804609,16.804609,16.350431,16.377147,69019935
2024-08-15,16.296998,16.457296,16.109983,16.403863,62587608
2024-08-16,16.403863,16.484013,16.216849,16.296998,58171682
2024-08-19,16.270282,16.457296,16.243565,16.296998,57980422
2024-08-20,16.350431,16.377147,16.029834,16.056550,65373020
2024-08-21,16.056550,16.216849,15.949685,16.136700,71117813
2024-08-22,16.136700,16.190132,15.842819,15.949685,63085676
2024-08-23,15.922968,16.029834,15.869536,15.976401,37673391
2024-08-26,15.976401,16.056550,15.842819,16.056550,61797633
2024-08-27,16.029834,16.243565,15.949685,16.163416,61682484
2024-08-28,16.377147,16.377147,15.869536,16.003118,82818415
2024-08-29,15.949685,15.976401,15.575655,15.629088,88989956
2024-08-30,15.655805,16.083267,15.602372,15.922968,89859655
2024-09-02,15.896252,15.976401,15.682521,15.842819,55579203
2024-09-03,15.869536,15.896252,15.548939,15.682521,60480449
2024-09-04,15.709237,15.709237,15.388641,15.629088,45311875
2024-09-05,15.629088,15.682521,15.388641,15.575655,56046142
2024-09-06,15.548939,15.789386,15.495506,15.522223,44441339
2024-09-09,15.495506,15.522223,14.934462,15.148193,82137666
2024-09-10,15.121477,15.201626,14.934462,15.148193,57300705
2024-09-11,15.094760,15.121477,14.774164,14.907746,60804989
2024-09-12,14.881029,14.987895,14.800880,14.961178,41499769
2024-09-13,14.934462,15.094760,14.907746,14.907746,31700168
2024-09-18,14.881029,14.961178,14.694014,14.907746,39757857
2024-09-19,14.961178,15.121477,14.800880,14.961178,77141199
2024-09-20,14.961178,15.121477,14.907746,14.987895,67988198
2024-09-23,14.987895,15.388641,14.961178,15.281775,60803482
2024-09-24,15.361924,16.056550,15.361924,16.029834,125926399
2024-09-25,16.465281,17.227310,16.465281,16.791865,253123253
2024-09-26,16.846295,17.445033,16.764649,17.363387,175111351
2024-09-27,17.526679,17.934909,17.118449,17.445033,113574254
2024-09-30,18.125416,18.941877,18.098201,18.887446,251096196
2024-10-08,20.765304,20.765304,18.588077,19.132384,300369627
2024-10-09,18.969092,18.969092,17.363387,17.390602,236811859
2024-10-10,17.390602,18.941877,17.363387,18.397570,240171018
2024-10-11,18.397570,18.805800,17.989340,18.424785,149641512
2024-10-14,18.560862,19.295676,18.533647,18.860231,159240558
2024-10-15,18.669723,18.914661,18.125416,18.125416,133005329
2024-10-16,18.070986,18.533647,17.934909,18.288708,111923723
2024-10-17,18.343139,18.479216,17.798832,17.798832,106553977
2024-10-18,17.798832,18.098201,17.526679,17.853263,128171822
2024-10-21,18.043770,18.043770,17.608325,17.744402,100174512
2024-10-22,17.689971,17.934909,17.635540,17.880478,75911305
2024-10-23,17.934909,18.288708,17.853263,18.098201,87304823
2024-10-24,18.125416,18.152632,17.826048,17.934909,49902863
2024-10-25,17.962124,18.070986,17.853263,17.934909,53761090
2024-10-28,18.098201,18.914661,18.070986,18.805800,206009825
2024-10-29,18.887446,18.887446,18.370355,18.424785,109075322
2024-10-30,18.125416,18.288708,17.717186,17.853263,123616262
2024-10-31,17.771617,18.016555,17.526679,17.744402,97801363
2024-11-01,17.689971,18.452001,17.635540,18.179847,142103583
2024-11-04,18.179847,18.261493,17.771617,18.207062,85385859
2024-11-05,18.125416,18.452001,18.098201,18.452001,89670380
2024-11-06,18.506431,18.506431,18.261493,18.479216,96450908
2024-11-07,18.315924,18.914661,18.234278,18.914661,139933580
2024-11-08,18.996307,19.105169,18.424785,18.588077,116722466
2024-11-11,18.533647,18.533647,18.043770,18.261493,94968311
2024-11-12,18.234278,18.397570,17.989340,17.989340,81831382
2024-11-13,17.962124,18.234278,17.962124,18.043770,66925157
2024-11-14,18.070986,18.152632,17.826048,17.826048,66801369
2024-11-15,17.798832,18.070986,17.744402,17.907694,67918264
2024-11-18,18.098201,18.860231,18.098201,18.506431,192455019
2024-11-19,18.424785,18.533647,18.070986,18.315924,97868122
2024-11-20,18.152632,18.343139,18.125416,18.315924,57240509
2024-11-21,18.261493,18.479216,18.261493,18.424785,54681499
2024-11-22,18.370355,18.533647,17.853263,17.853263,77096604
2024-11-25,17.907694,18.125416,17.744402,17.853263,61202426
2024-11-26,17.853263,17.934909,17.689971,17.744402,52612064
2024-11-27,17.744402,17.962124,17.553894,17.962124,53945780
2024-11-28,17.907694,18.152632,17.880478,18.016555,48384343
2024-11-29,18.070986,18.343139,17.989340,18.016555,70180763
2024-12-02,18.016555,18.560862,17.989340,18.452001,116655042
2024-12-03,18.506431,18.615293,18.370355,18.560862,61502714
2024-12-04,18.533647,18.696939,18.343139,18.560862,70890334
2024-12-05,18.560862,18.615293,18.424785,18.588077,58091273
2024-12-06,18.642508,18.914661,18.588077,18.833015,94926874
2024-12-09,18.833015,18.969092,18.751369,18.914661,74949755
2024-12-10,19.186815,19.295676,18.778585,18.805800,89521505
2024-12-11,18.751369,19.077953,18.724154,19.023523,78164451
2024-12-12,19.023523,19.050738,18.669723,18.751369,84188631
2024-12-13,18.751369,18.751369,18.343139,18.370355,100510020
2024-12-16,18.370355,18.642508,18.234278,18.479216,72421613
2024-12-17,18.452001,18.778585,18.397570,18.669723,72731633
2024-12-18,18.724154,19.268461,18.724154,19.105169,138007685
2024-12-19,19.023523,19.077953,18.751369,18.751369,71208904
2024-12-20,18.805800,18.887446,18.424785,18.452001,79057963
2024-12-23,18.452001,19.077953,18.424785,19.023523,131246966
2024-12-24,18.914661,19.214030,18.887446,19.105169,79103225
2024-12-25,19.159599,19.350107,19.077953,19.350107,81977004
2024-12-26,19.404537,19.458968,18.914661,19.023523,64182681
2024-12-27,19.077953,19.295676,18.914661,19.159599,64852276
2024-12-30,19.050738,19.241245,18.941877,19.159599,57577768
2024-12-31,19.132384,19.295676,18.969092,19.050738,59773911
2025-01-02,19.023523,19.186815,18.751369,18.833015,89251555
2025-01-03,18.860231,19.105169,18.642508,18.724154,74877211
2025-01-06,18.751369,18.833015,18.343139,18.805800,81032463
2025-01-07,18.805800,18.805800,18.043770,18.315924,113662899
2025-01-08,18.315924,18.343139,17.989340,18.288708,67394369
2025-01-09,18.125416,18.179847,17.934909,17.962124,56480399
2025-01-10,17.907694,18.016555,17.744402,17.826048,40902114
2025-01-13,17.689971,17.717186,17.445033,17.717186,65889294
2025-01-14,17.771617,17.962124,17.662756,17.907694,51227225
2025-01-15,17.907694,18.234278,17.853263,18.179847,61910905
2025-01-16,18.234278,18.452001,18.125416,18.452001,53426709
2025-01-17,18.343139,18.424785,17.880478,17.962124,72650099
2025-01-20,18.016555,18.125416,17.853263,17.907694,55528939
2025-01-21,18.016555,18.016555,17.526679,17.553894,70530114
2025-01-22,17.553894,17.934909,17.445033,17.826048,63451579
2025-01-23,17.934909,18.125416,17.771617,17.853263,65916370
2025-01-24,17.880478,18.696939,17.826048,18.560862,124461175
2025-01-27,18.533647,19.105169,18.506431,19.077953,121403004
2025-02-05,19.050738,19.050738,18.179847,18.288708,100088764
2025-02-06,18.288708,18.479216,18.179847,18.234278,59352464
2025-02-07,18.234278,18.941877,18.179847,18.914661,109027030
2025-02-10,18.914661,19.241245,18.642508,18.778585,84090179
2025-02-11,18.778585,19.023523,18.669723,18.751369,58163845
2025-02-12,18.778585,18.833015,18.452001,18.642508,48973895
2025-02-13,18.642508,18.778585,18.642508,18.642508,40534952
2025-02-14,18.642508,18.696939,18.397570,18.506431,46051080
2025-02-17,18.506431,18.588077,18.370355,18.397570,45741321
2025-02-18,18.370355,18.533647,18.234278,18.343139,58562001
2025-02-19,18.315924,18.424785,18.016555,18.098201,81241667
2025-02-20,18.043770,18.179847,17.907694,18.098201,50733289
2025-02-21,18.098201,18.261493,17.907694,18.261493,89660351
2025-02-24,18.234278,18.397570,18.152632,18.288708,60977731
2025-02-25,18.234278,18.343139,18.016555,18.043770,51041864
2025-02-26,18.098201,18.941877,18.098201,18.887446,167335720
2025-02-27,19.023523,19.268461,18.669723,19.268461,181620801
2025-02-28,19.268461,19.431753,19.159599,19.268461,116898643
2025-03-03,19.268461,19.921629,19.268461,19.785552,142688641
2025-03-04,19.731122,19.948844,19.567829,19.758337,69691628
2025-03-05,19.785552,20.030490,19.486183,20.003275,87397307
2025-03-06,20.003275,20.084921,19.649475,20.057706,103040559
2025-03-07,20.030490,20.547582,20.003275,20.411505,129508573
2025-03-10,20.465936,20.465936,19.894414,20.084921,77994476
2025-03-11,20.030490,20.438720,19.839983,20.438720,67335847
2025-03-12,20.438720,20.683658,20.193782,20.357074,72799811
2025-03-13,20.465936,20.547582,20.112136,20.547582,58057782
2025-03-14,20.574797,20.683658,20.139352,20.275428,81816884
2025-03-17,20.302644,20.574797,20.248213,20.384290,62607536
2025-03-18,20.411505,20.411505,19.867198,20.139352,59445559
2025-03-19,20.139352,20.248213,19.812768,19.867198,39894062
2025-03-20,19.894414,20.302644,19.676691,20.084921,65608897
2025-03-21,20.084921,20.520366,20.084921,20.438720,93661177
2025-03-24,20.438720,20.629228,20.275428,20.493151,56103274
2025-03-25,20.547582,20.819735,20.302644,20.493151,49874321
2025-03-26,20.411505,20.493151,20.057706,20.248213,55001293
2025-03-27,20.220998,20.357074,20.139352,20.193782,32040387
2025-03-28,20.220998,20.248213,19.921629,19.948844,40196769
2025-03-31,19.867198,19.948844,19.486183,19.595045,68489071
2025-04-01,19.731122,20.057706,19.567829,19.921629,50831339
2025-04-02,19.622260,19.921629,19.595045,19.676691,36921279
2025-04-03,19.595045,19.894414,19.540614,19.758337,34460170
2025-04-07,19.322891,19.350107,17.771617,18.207062,158354652
2025-04-08,18.070986,18.696939,18.070986,18.479216,120937178
2025-04-09,18.479216,18.588077,18.043770,18.588077,103008747
2025-04-10,18.669723,18.778585,18.397570,18.424785,94567843
2025-04-11,18.424785,18.506431,18.207062,18.452001,52400674
2025-04-14,18.506431,18.615293,18.397570,18.533647,50297753
2025-04-15,18.533647,18.560862,18.234278,18.343139,70178495
2025-04-16,18.343139,18.452001,18.125416,18.452001,81171472
2025-04-17,18.315924,18.397570,18.125416,18.179847,70588796
2025-04-18,18.179847,18.506431,18.125416,18.452001,50123233
2025-04-21,18.424785,18.615293,18.234278,18.261493,57639795
2025-04-22,18.261493,18.261493,17.962124,18.016555,93479263
2025-04-23,18.043770,18.070986,17.744402,17.771617,113884990
2025-04-24,17.771617,17.907694,17.689971,17.744402,56579814
2025-04-25,17.771617,18.152632,17.717186,18.070986,89927373
2025-04-28,18.234278,19.214030,18.179847,18.833015,226895743
2025-04-29,18.833015,19.105169,18.751369,18.860231,61638762
2025-04-30,18.887446,18.887446,18.506431,18.615293,64113729
2025-05-06,18.642508,18.914661,18.424785,18.751369,70509802
2025-05-07,18.969092,18.996307,18.669723,18.914661,50278835
2025-05-08,18.805800,18.969092,18.696939,18.724154,48499977
2025-05-09,18.751369,18.887446,18.669723,18.860231,46398753
2025-05-12,18.860231,18.914661,18.696939,18.805800,53492353
2025-05-13,18.860231,19.295676,18.860231,18.996307,83861978
2025-05-14,19.023523,19.132384,18.914661,19.077953,38010893
2025-05-15,19.050738,19.132384,18.941877,18.969092,31684823
2025-05-16,18.941877,18.996307,18.724154,18.941877,41928403
2025-05-19,18.914661,18.996307,18.778585,18.969092,31645782
2025-05-20,18.969092,19.105169,18.833015,18.887446,32850568
2025-05-21,18.887446,19.077953,18.751369,18.914661,60709626
2025-05-22,18.887446,18.941877,18.588077,18.669723,70091856
2025-05-23,18.696939,19.050738,18.669723,18.669723,59615426
2025-05-26,18.642508,18.724154,18.506431,18.506431,40723815
2025-05-27,18.506431,18.533647,18.261493,18.288708,43941934
2025-05-28,18.315924,18.343139,18.152632,18.152632,39116692
2025-05-29,18.152632,18.261493,18.098201,18.207062,49070936
2025-05-30,18.179847,18.479216,18.179847,18.343139,54475236
2025-06-03,18.288708,18.288708,17.880478,17.907694,133847544
2025-06-04,17.989340,18.207062,17.934909,18.179847,80513730
2025-06-05,18.234278,18.288708,18.016555,18.070986,46617757
2025-06-06,18.098201,18.261493,18.070986,18.098201,52284699
2025-06-09,18.152632,18.207062,18.070986,18.152632,43641140
2025-06-10,18.152632,18.288708,18.070986,18.179847,53783923
2025-06-11,18.262736,18.594283,18.179849,18.511397,66093425
2025-06-12,18.511397,18.621912,18.400881,18.621912,48883303
2025-06-13,18.594283,18.621912,18.428510,18.594283,66823230
2025-06-16,18.539025,18.566654,18.290365,18.345623,51178156
2025-06-17,18.345623,18.456139,18.235107,18.345623,40002955
2025-06-18,18.345623,18.400881,18.179849,18.262736,37905462
2025-06-19,18.262736,18.317994,17.875931,17.931189,84128236
2025-06-20,17.931189,18.262736,17.931189,18.179849,62871608
2025-06-23,18.124591,18.124591,17.848302,17.875931,75568939
2025-06-24,17.903560,18.096962,17.903560,18.069333,56779456
2025-06-25,18.069333,18.235107,18.014075,18.207478,45805550
2025-06-26,18.179849,18.262736,18.096962,18.096962,43135121
2025-06-27,18.124591,18.345623,18.096962,18.152220,59326208
2025-06-30,18.179849,18.317994,18.124591,18.207478,56925645
2025-07-01,18.207478,18.290365,18.124591,18.235107,47587488
2025-07-02,18.235107,19.091604,18.207478,19.063976,179506587
2025-07-03,19.063976,19.367894,18.732428,19.257378,133885738
2025-07-04,19.340265,19.782328,19.257378,19.616554,133111985
2025-07-07,19.533668,19.975731,19.423152,19.892844,87113354
2025-07-08,19.892844,20.003360,19.671812,19.782328,61516658
2025-07-09,19.754699,19.892844,19.450781,19.478410,68437816
2025-07-10,19.478410,19.671812,19.367894,19.367894,73540803
2025-07-11,19.423152,19.865215,19.367894,19.367894,119125328
2025-07-14,19.450781,19.865215,19.450781,19.533668,79043620
2025-07-15,19.561297,19.699441,19.312636,19.478410,62057866
2025-07-16,19.450781,19.533668,19.119233,19.174491,59766069
2025-07-17,19.174491,19.478410,19.091604,19.450781,67394481
2025-07-18,19.478410,19.727070,19.450781,19.616554,53801452
2025-07-21,19.865215,20.555939,19.837586,20.334907,125236758
2025-07-22,20.500681,21.163776,20.390165,21.053260,155508651
2025-07-23,21.108518,21.191405,20.611197,20.749341,134656694
2025-07-24,20.555939,20.749341,20.279649,20.749341,80817136
2025-07-25,20.776970,20.832228,20.500681,20.555939,82179480
2025-07-28,20.445423,20.473052,19.892844,20.113876,103477532
2025-07-29,20.113876,20.776970,20.113876,20.666455,91850088
2025-07-30,20.694084,21.550581,20.694084,20.859857,145945108
2025-07-31,20.721712,20.832228,19.975731,20.279649,120858227
2025-08-01,20.224391,20.445423,20.113876,20.141505,66678853
2025-08-04,20.058618,20.252020,20.003360,20.169134,64837087
2025-08-05,20.196762,20.417794,20.113876,20.224391,62226801
2025-08-06,20.279649,20.390165,20.169134,20.279649,51235301
2025-08-07,20.307278,20.334907,20.086247,20.279649,75660360
2025-08-08,20.252020,20.804599,20.196762,20.638826,70552738
2025-08-11,20.721712,20.776970,20.169134,20.196762,93593126
2025-08-12,20.224391,20.307278,19.837586,19.892844,83034249
2025-08-13,19.948102,20.196762,19.865215,19.865215,84843535
2025-08-14,19.920473,20.003360,19.837586,19.865215,67678606
2025-08-15,19.837586,19.920473,19.699441,19.699441,71305033
2025-08-18,19.754699,19.865215,19.561297,19.561297,87414525
2025-08-19,19.588926,19.865215,19.588926,19.644183,71647495
2025-08-20,19.561297,19.809957,19.478410,19.782328,67637819
2025-08-21,19.837586,19.920473,19.754699,19.865215,58207551
2025-08-22,19.837586,19.865215,19.506039,19.754699,83312470
2025-08-25,19.809957,20.224391,19.754699,20.058618,117662238
2025-08-26,19.975731,20.030989,19.727070,19.920473,74835271
2025-08-27,19.892844,19.975731,19.423152,19.423152,122554453
2025-08-28,19.340265,19.395523,19.063976,19.395523,133571838
2025-08-29,19.340265,19.948102,19.119233,19.146862,257202611
2025-09-01,19.202120,19.423152,18.925831,19.036347,186797077
2025-09-02,19.063976,19.754699,18.953460,19.588926,194387461
2025-09-03,19.616554,19.837586,19.561297,19.699441,119956554
2025-09-04,19.616554,19.644183,19.063976,19.450781,116863536
2025-09-05,19.340265,19.423152,19.063976,19.257378,111276580
2025-09-08,19.202120,19.533668,19.146862,19.395523,148597315
2025-09-09,19.340265,19.920473,19.285007,19.533668,115174491
2025-09-10,19.450781,19.506039,19.119233,19.174491,92937544
2025-09-11,19.174491,19.533668,19.146862,19.506039,95050610
2025-09-12,19.533668,19.892844,19.257378,19.423152,185923380
2025-09-15,19.340265,19.450781,19.202120,19.367894,101241554
2025-09-16,19.367894,19.616554,19.008718,19.146862,139710919
2025-09-17,19.063976,19.423152,19.008718,19.119233,142538263
2025-09-18,19.146862,19.174491,18.870573,18.953460,129868498
2025-09-19,18.953460,19.257378,18.898202,19.091604,118395665
2025-09-22,19.063976,19.229749,18.898202,19.229749,94852953
2025-09-23,19.146862,19.257378,18.925831,19.119233,84851226
2025-09-24,19.147350,19.344166,18.950534,19.287933,79570268
2025-09-25,19.259816,19.316049,19.063001,19.091117,64773759
2025-09-26,19.091117,19.737797,19.034884,19.569098,139920443
2025-09-29,19.540981,19.681564,19.231700,19.653447,93068603
2025-09-30,19.625331,19.906496,19.484748,19.878380,106094939
2025-10-09,20.018962,20.384477,19.512865,20.187661,176770838
2025-10-10,20.018962,20.637526,19.962729,20.412594,170612872
2025-10-13,20.047079,20.581293,19.878380,20.468827,149693348
2025-10-14,20.609409,20.693759,20.215778,20.300127,96197425
2025-10-15,20.328244,20.581293,20.187661,20.384477,97740100
2025-10-16,20.328244,20.384477,20.018962,20.103312,76730140
2025-10-17,20.187661,20.440710,20.018962,20.103312,92658715
2025-10-20,20.075195,20.159545,19.906496,20.131428,63376757
2025-10-21,20.159545,20.272011,20.018962,20.131428,61739741
2025-10-22,20.103312,20.215778,20.018962,20.159545,42340710
2025-10-23,20.131428,20.356360,20.018962,20.300127,60499397
2025-10-24,20.300127,20.328244,19.962729,20.075195,73339488
2025-10-27,20.103312,20.637526,20.047079,20.440710,120662401
2025-10-28,20.412594,20.412594,19.962729,19.990846,95243689
2025-10-29,20.018962,20.047079,19.765914,19.906496,74764765
2025-10-30,20.047079,20.553176,19.990846,20.356360,136732232
2025-10-31,20.525060,21.227973,20.468827,20.721875,205427407
2025-11-03,20.721875,21.424788,20.721875,21.284206,163125025
2025-11-04,21.284206,21.565371,21.003040,21.115507,99429101
2025-11-05,21.031157,21.115507,20.862458,21.031157,65002412
2025-11-06,21.031157,21.790303,21.003040,21.762186,143515163
2025-11-07,21.677837,21.959002,21.424788,21.509138,85592644
2025-11-10,21.565371,21.565371,21.171740,21.396672,72346751
2025-11-11,21.424788,21.565371,21.199856,21.481021,75938167
2025-11-12,21.509138,21.902769,21.424788,21.734070,97846420
2025-11-13,21.790303,22.015235,21.396672,21.818420,90961513
2025-11-14,21.734070,22.015235,21.537254,21.565371,70889328
2025-11-17,21.565371,21.677837,21.284206,21.537254,77552740
2025-11-18,21.565371,21.621604,21.059273,21.143623,80715570
2025-11-19,21.087390,21.199856,20.806225,21.003040,72265659
2025-11-20,20.974924,21.227973,20.974924,21.003040,49535036
2025-11-21,20.862458,20.946807,20.412594,20.440710,124840200
2025-11-24,20.468827,20.665642,20.075195,20.159545,137124756
2025-11-25,20.215778,20.272011,19.962729,20.131428,89193875
2025-11-26,20.159545,20.384477,20.159545,20.215778,83583438
2025-11-27,20.243894,20.412594,20.047079,20.215778,52703922
2025-11-28,20.215778,20.440710,20.103312,20.384477,63281367
2025-12-01,20.384477,20.496943,20.187661,20.356360,90406242
2025-12-02,20.356360,20.581293,20.300127,20.496943,81416442
2025-12-03,20.440710,20.918691,20.356360,20.693759,78692606
2025-12-04,20.778108,20.834341,20.328244,20.440710,64206192
2025-12-05,20.384477,20.665642,20.328244,20.609409,51152632
2025-12-08,20.581293,20.637526,20.131428,20.187661,116900964
2025-12-09,20.103312,20.131428,19.850263,19.934613,94528855
2025-12-10,19.878380,20.131428,19.709681,20.103312,90930808
2025-12-11,20.075195,20.103312,19.794030,19.906496,89095602
2025-12-12,19.934613,20.215778,19.737797,20.215778,194708159
2025-12-15,20.103312,20.272011,19.794030,19.822147,129514126
2025-12-16,19.850263,19.934613,19.709681,19.850263,76912294
2025-12-17,19.878380,20.103312,19.681564,19.990846,83189996
2025-12-18,19.990846,20.243894,19.934613,20.215778,73256348
2025-12-19,20.159545,20.468827,20.075195,20.272011,64382386
2025-12-22,20.384477,20.440710,20.243894,20.300127,61499038
2025-12-23,20.272011,20.300127,20.103312,20.131428,48851960
2025-12-24,20.131428,20.243894,20.018962,20.215778,43408260
2025-12-25,20.215778,20.356360,20.075195,20.187661,45082374
2025-12-26,20.215778,20.721875,20.187661,20.665642,96754666
2025-12-29,20.609409,21.199856,20.553176,20.918691,128536352
2025-12-30,20.890574,21.087390,20.721875,20.834341,56295890
2025-12-31,20.834341,21.115507,20.778108,20.946807,54374565
2026-01-05,21.059273,21.087390,20.384477,20.468827,106168349
2026-01-06,20.468827,20.693759,20.384477,20.665642,90502000
2026-01-07,20.553176,20.834341,20.356360,20.412594,116107586
2026-01-08,20.356360,20.778108,20.131428,20.609409,106470055
2026-01-09,20.609409,20.749992,20.384477,20.468827,95038024
2026-01-12,20.525060,20.862458,20.496943,20.609409,100440279
2026-01-13,20.665642,20.721875,20.412594,20.440710,99561947
2026-01-14,20.440710,20.525060,20.103312,20.187661,134642654
2026-01-15,20.187661,20.243894,19.906496,19.962729,106289896
2026-01-16,20.047079,20.131428,19.681564,19.681564,122684789
2026-01-19,19.737797,20.103312,19.709681,20.075195,109964745
2026-01-20,20.103312,20.412594,20.047079,20.412594,142466675
2026-01-21,20.328244,20.412594,20.131428,20.272011,94931049
2026-01-22,20.300127,20.609409,20.187661,20.440710,123596404
2026-01-23,20.496943,20.525060,20.272011,20.356360,97505511
2026-01-26,20.440710,20.749992,20.384477,20.525060,159359166
2026-01-27,20.553176,20.665642,20.103312,20.131428,127016308
2026-01-28,20.131428,20.918691,20.018962,20.525060,247749118
2026-01-29,20.553176,20.834341,20.243894,20.721875,293336248
2026-01-30,20.496943,20.778108,20.103312,20.525060,189252252
2026-02-02,20.412594,20.468827,19.540981,19.540981,254330284
2026-02-03,19.681564,19.794030,19.456632,19.737797,130957908
2026-02-04,19.681564,20.300127,19.653447,20.300127,157324271
2026-02-05,20.215778,20.440710,19.906496,20.018962,114952143
2026-02-06,19.906496,20.215778,19.850263,19.962729,86421683
2026-02-09,20.159545,20.384477,19.990846,20.018962,115647471
2026-02-10,20.018962,20.018962,19.709681,19.850263,88178973
2026-02-11,19.850263,20.243894,19.765914,20.187661,117379341
2026-02-12,20.159545,20.215778,19.962729,20.018962,93347850
2026-02-13,19.962729,19.990846,19.456632,19.456632,194945900
2026-02-24,19.653447,19.765914,19.540981,19.709681,100861925
2026-02-25,19.681564,20.665642,19.625331,19.737797,550851272
2026-02-26,19.850263,20.243894,19.822147,19.850263,220699678
2026-02-27,19.850263,20.356360,19.765914,20.243894,316744034
2026-03-02,20.103312,20.609409,20.018962,20.553176,269976147
2026-03-03,20.412594,20.637526,20.159545,20.187661,203160022
2026-03-04,20.131428,20.328244,19.850263,19.962729,161845318
2026-03-05,20.075195,20.215778,19.906496,20.018962,137914121
2026-03-06,19.990846,20.018962,19.737797,19.962729,132856409
2026-03-09,19.794030,20.075195,19.737797,19.822147,162842736
2026-03-10,19.878380,19.962729,19.625331,19.681564,176050125
2026-03-11,19.709681,19.822147,19.512865,19.794030,117793042
2026-03-12,19.765914,20.018962,19.681564,19.934613,147270722
2026-03-13,19.962729,20.187661,19.906496,19.990846,157311005
2026-03-16,20.018962,20.075195,19.287933,19.344166,298418243
2026-03-17,19.372282,19.625331,19.231700,19.231700,187360393
2026-03-18,19.231700,19.287933,18.725602,18.894301,176224564
2026-03-19,18.725602,18.838068,18.500670,18.528787,114324595
2026-03-20,18.528787,18.669369,18.360088,18.472554,98924825
2026-03-23,18.275738,18.331971,17.460359,17.572825,172844382
2026-03-24,17.825874,18.050806,17.657175,17.966456,124807808
2026-03-25,17.994573,18.135155,17.882107,18.050806,84493105
2026-03-26,18.050806,18.163272,17.657175,17.741524,78359495
2026-03-27,17.629058,18.135155,17.544708,18.078922,98782662
2026-03-30,17.966456,18.303855,17.910223,18.247621,78459353
2026-03-31,18.219505,18.416321,18.022689,18.022689,70422783
2026-04-01,18.163272,18.331971,18.135155,18.219505,78726411
2026-04-02,18.163272,18.275738,17.994573,18.107039,58856043
2026-04-03,18.135155,18.135155,17.910223,17.994573,46202651
2026-04-07,17.966456,17.994573,17.797757,17.938340,51385925
2026-04-08,18.107039,18.247621,18.050806,18.247621,94310328
2026-04-09,18.163272,18.219505,17.910223,17.994573,84039509
2026-04-10,18.022689,18.191388,17.966456,18.050806,63048133
2026-04-13,18.022689,18.107039,17.910223,18.107039,63750101
2026-04-14,18.107039,18.191388,17.994573,18.163272,75304436
2026-04-15,18.163272,18.191388,17.882107,17.882107,93654912
2026-04-16,17.882107,17.994573,17.825874,17.882107,80207413
2026-04-17,17.853990,17.882107,17.657175,17.713408,115347934
2026-04-20,17.741524,17.741524,17.544708,17.572825,106856899
2026-04-21,17.572825,17.769641,17.544708,17.769641,93694817
2026-04-22,17.769641,17.938340,17.685291,17.853990,96005738
2026-04-23,17.853990,18.050806,17.769641,17.938340,104582243
2026-04-24,17.966456,17.966456,17.741524,17.853990,58835890
2026-04-27,17.797757,17.882107,17.600942,17.685291,71633171
2026-04-28,17.741524,17.966456,17.657175,17.910223,80843921
2026-04-29,17.825874,18.247621,17.825874,18.219505,97323587
2026-04-30,18.219505,18.275738,17.685291,17.741524,161588881
2026-05-06,17.797757,17.882107,17.629058,17.797757,134988734
2026-05-07,17.825874,17.938340,17.713408,17.769641,77594567
2026-05-08,17.769641,18.022689,17.741524,18.022689,90721024
2026-05-11,17.994573,18.360088,17.882107,18.275738,150172088
2026-05-12,18.275738,18.416321,18.078922,18.078922,89241308
2026-05-13,18.107039,18.107039,17.797757,17.853990,94169492
2026-05-14,17.882107,17.994573,17.825874,17.853990,91454287
2026-05-15,17.882107,17.882107,17.488475,17.488475,120053896
2026-05-18,17.488475,17.488475,16.982378,17.122961,135784492
2026-05-19,17.122961,17.179194,16.841795,16.982378,90858876
2026-05-20,16.926145,17.038611,16.757446,16.785562,76049972
2026-05-21,16.841795,17.038611,16.673096,16.701213,89194105
2026-05-22,16.729329,16.841795,16.504397,16.588747,76092775
2026-05-25,16.616863,16.869912,16.588747,16.729329,70914266
2026-05-26,16.701213,17.010495,16.588747,16.982378,105532658
2026-05-27,17.010495,17.066728,16.701213,16.954262,88804356
2026-05-28,16.869912,17.066728,16.729329,16.757446,66912615
2026-05-29,16.785562,17.094844,16.757446,16.954262,95524625
2026-06-01,16.954262,16.982378,16.673096,16.982378,111586589
2026-06-02,16.954262,17.066728,16.616863,16.701213,127650981
2026-06-03,16.673096,16.701213,16.335698,16.391931,137737585
2026-06-04,16.363815,16.391931,15.998300,16.082649,113316083
2026-06-05,16.082649,16.335698,16.054533,16.138882,107292706
2026-06-08,16.026416,16.026416,15.717135,15.801484,107023657
2026-06-09,15.745251,15.913950,15.717135,15.885834,83858226
2026-06-10,15.857717,16.251349,15.801484,16.138882,129116256
2026-06-11,16.166999,16.476281,16.026416,16.448164,151649469
2026-06-12,16.420048,17.066728,16.307582,16.926145,272239072
2026-06-15,17.094844,17.319776,16.729329,16.785562,167181027
2026-06-16,16.729329,16.813679,16.391931,16.448164,102788121
2026-06-17,16.476281,16.504397,16.026416,16.223232,101643698
2026-06-18,16.251349,16.307582,15.942067,15.970183,86931792
2026-06-22,15.970183,16.279465,15.829601,16.166999,85516346
2026-06-23,16.166999,16.673096,16.110766,16.251349,135039651
2026-06-24,16.279465,16.279465,15.801484,15.942067,106337930
2026-06-25,16.029180,16.290526,15.796873,15.942065,91690713
2026-06-26,15.913027,16.058219,15.622643,15.651681,80549658
2026-06-29,15.651681,16.290526,15.390336,16.087257,112965881
2026-06-30,16.000142,16.145334,15.651681,15.767835,75366963
2026-07-01,15.767835,16.232449,15.680720,16.087257,77776097
2026-07-02,16.087257,16.348602,15.971103,16.290526,88571229
2026-07-03,16.319564,16.522833,16.087257,16.232449,72009810
2026-07-06,16.203410,16.464756,16.116295,16.406679,67565829
2026-07-07,16.377641,16.406679,16.087257,16.145334,53134024
2026-07-08,16.145334,16.319564,16.029180,16.145334,51969353
2026-07-09,16.087257,16.087257,15.767835,15.854950,65535995
2026-07-10,15.883988,16.058219,15.593605,15.913027,85815597
2026-07-13,15.854950,15.971103,15.796873,15.971103,70833935
2026-07-14,15.942065,16.261487,15.883988,16.261487,90082647
2026-07-15,16.203410,16.668024,16.145334,16.668024,102934714
2026-07-16,16.609948,16.755139,16.319564,16.493794,89424468
2026-07-17,16.464756,16.871293,16.435717,16.726101,151086909
2026-07-20,16.726101,17.103600,16.697063,17.103600,159011843
2026-07-21,17.016485,17.393984,16.813216,16.871293,163484891
2026-07-22,16.813216,17.016485,16.609948,17.016485,122118341
2026-07-23,16.871293,17.393984,16.871293,17.335907,99030814
2026-07-24,17.335907,17.481099,17.132638,17.161677,65911015
2026-07-27,17.161677,17.364945,17.103600,17.248792,71717992
2026-07-28,17.161677,17.393984,17.074562,17.335907,91277785
2026-07-29,17.277830,17.771482,17.248792,17.742444,117787546
2026-07-30,17.742444,18.236096,17.684367,18.178020,132994460
2026-07-31,17.916674,18.148981,17.771482,17.800521,133990720
2026-08-03,17.887636,18.090905,17.684367,17.742444,107781414
2026-08-04,17.771482,17.829559,17.190715,17.248792,130237040
2026-08-05,17.248792,17.306869,16.987446,17.016485,107839432
2026-08-06,17.045523,17.103600,16.726101,16.987446,95281911
2026-08-07,16.929370,16.958408,16.697063,16.726101,98746666
2026-08-10,16.697063,16.842255,16.668024,16.784178,87738142
