date,open,high,low,close,volume
2018-01-02,8.690000,8.990000,8.660000,8.960000,109164698
2018-01-03,8.980000,9.200000,8.880000,8.930000,84272829
2018-01-04,8.910000,9.140000,8.900000,8.940000,74872489
2018-01-05,8.960000,9.020000,8.810000,8.870000,64615607
2018-01-08,8.870000,9.340000,8.830000,9.290000,143477912
2018-01-09,9.290000,9.290000,9.010000,9.100000,102535050
2018-01-10,9.000000,9.130000,8.940000,9.050000,68645937
2018-01-11,9.050000,9.060000,8.780000,8.830000,84626078
2018-01-12,8.880000,9.110000,8.810000,9.090000,95494062
2018-01-15,9.030000,9.040000,8.750000,8.820000,105289581
2018-01-16,8.820000,8.890000,8.750000,8.870000,71990862
2018-01-17,8.850000,9.090000,8.780000,8.950000,104756306
2018-01-18,8.950000,9.340000,8.860000,9.220000,232239693
2018-01-19,9.250000,9.650000,9.150000,9.310000,422988848
2018-01-22,9.400000,9.510000,9.230000,9.320000,289735728
2018-01-23,9.310000,9.330000,9.130000,9.240000,285206160
2018-01-24,9.260000,9.470000,9.190000,9.300000,232513610
2018-01-25,9.310000,9.770000,9.260000,9.740000,309145536
2018-01-26,9.730000,9.960000,9.540000,9.710000,325586304
2018-01-29,9.870000,10.210000,9.860000,10.010000,259255769
2018-01-30,10.010000,10.170000,9.730000,9.770000,178116746
2018-01-31,9.730000,10.030000,9.580000,9.980000,162056535
2018-02-01,10.180000,10.550000,10.030000,10.280000,220958467
2018-02-02,10.180000,11.130000,10.010000,11.100000,278474560
2018-02-05,10.920000,11.450000,10.870000,11.230000,268171137
2018-02-06,10.850000,11.100000,10.700000,11.070000,322676816
2018-02-07,11.300000,11.480000,10.420000,10.650000,324132336
2018-02-08,10.400000,10.490000,9.820000,10.140000,250429295
2018-02-09,9.800000,10.060000,9.240000,10.000000,329374608
2018-02-12,9.760000,10.050000,9.610000,9.990000,161542936
2018-02-13,10.040000,10.250000,9.830000,9.990000,161950891
2018-02-14,9.990000,10.350000,9.920000,10.280000,115947874
2018-02-22,10.410000,10.460000,10.030000,10.420000,162821838
2018-02-23,10.310000,10.560000,10.240000,10.500000,136747875
2018-02-26,10.750000,10.930000,10.520000,10.620000,158687923
2018-02-27,10.570000,10.600000,9.970000,10.140000,215780880
2018-02-28,10.020000,10.130000,9.800000,10.040000,130882449
2018-03-01,9.950000,10.110000,9.900000,10.000000,103207276
2018-03-02,9.790000,9.790000,9.460000,9.610000,140519942
2018-03-05,9.620000,9.650000,9.330000,9.510000,135995250
2018-03-06,9.570000,9.690000,9.380000,9.640000,121046149
2018-03-07,9.610000,9.660000,9.360000,9.420000,80130819
2018-03-08,9.380000,9.450000,9.280000,9.380000,73081324
2018-03-09,9.420000,9.430000,9.000000,9.100000,176672316
2018-03-12,9.110000,9.280000,9.010000,9.210000,141394021
2018-03-13,9.180000,9.360000,9.140000,9.230000,101973181
2018-03-14,9.190000,9.580000,9.120000,9.530000,127380163
2018-03-15,9.480000,9.590000,9.370000,9.540000,80977673
2018-03-16,9.550000,9.590000,9.400000,9.410000,65121524
2018-03-19,9.280000,9.280000,9.070000,9.120000,89529647
2018-03-20,9.010000,9.220000,8.990000,9.170000,55273909
2018-03-21,9.190000,9.230000,9.040000,9.160000,67154205
2018-03-22,9.150000,9.170000,9.000000,9.050000,58929451
2018-03-23,8.600000,8.700000,8.350000,8.680000,208308993
2018-03-26,8.500000,8.500000,8.180000,8.330000,144048023
2018-03-27,8.430000,8.490000,8.340000,8.400000,87699219
2018-03-28,8.200000,8.510000,8.180000,8.350000,61517687
2018-03-29,8.450000,8.690000,8.270000,8.640000,101618990
2018-03-30,8.650000,8.680000,8.400000,8.520000,80508422
2018-04-02,8.590000,8.780000,8.540000,8.560000,84930021
2018-04-03,8.490000,8.510000,8.350000,8.370000,57249023
2018-04-04,8.420000,8.470000,8.210000,8.230000,57237851
2018-04-09,8.260000,8.580000,8.260000,8.560000,76406410
2018-04-10,8.630000,8.900000,8.630000,8.880000,100182054
2018-04-11,8.920000,9.050000,8.760000,8.780000,75174396
2018-04-12,8.810000,8.810000,8.690000,8.720000,37682851
2018-04-13,8.790000,8.810000,8.650000,8.750000,48376867
2018-04-16,8.710000,8.750000,8.360000,8.500000,85864481
2018-04-17,8.470000,8.620000,8.370000,8.450000,54866575
2018-04-18,8.640000,8.960000,8.640000,8.740000,108155445
2018-04-19,8.880000,9.130000,8.810000,9.120000,109241262
2018-04-20,9.050000,9.260000,8.960000,9.090000,86934728
2018-04-23,9.050000,9.290000,9.010000,9.130000,61493952
2018-04-24,9.300000,9.560000,9.210000,9.250000,118222982
2018-04-25,9.170000,9.240000,9.060000,9.210000,46917888
2018-04-26,9.230000,9.270000,9.030000,9.190000,52527298
2018-04-27,9.200000,9.300000,8.980000,9.240000,60382592
2018-05-02,9.000000,9.180000,8.610000,8.790000,135665519
2018-05-03,8.800000,8.950000,8.750000,8.940000,66185147
2018-05-04,8.960000,9.080000,8.910000,9.000000,55476185
2018-05-07,9.030000,9.150000,8.850000,9.050000,49580663
2018-05-08,9.080000,9.170000,9.030000,9.070000,50976730
2018-05-09,9.090000,9.130000,8.800000,8.900000,68506486
2018-05-10,8.910000,8.980000,8.850000,8.930000,31710572
2018-05-11,9.000000,9.040000,8.860000,9.010000,51922378
2018-05-14,9.020000,9.150000,9.000000,9.140000,59925286
2018-05-15,9.160000,9.160000,8.860000,8.980000,79998352
2018-05-16,8.910000,8.940000,8.820000,8.860000,42423257
2018-05-17,8.860000,8.890000,8.700000,8.710000,45353893
2018-05-18,8.710000,8.810000,8.640000,8.780000,43251162
2018-05-21,8.870000,8.930000,8.700000,8.780000,64449209
2018-05-22,8.780000,8.790000,8.590000,8.630000,47988286
2018-05-23,8.630000,8.630000,8.430000,8.450000,48845744
2018-05-24,8.460000,8.500000,8.410000,8.460000,25468334
2018-05-25,8.480000,8.530000,8.330000,8.460000,45993715
2018-05-28,8.430000,8.500000,8.380000,8.420000,27826557
2018-05-29,8.400000,8.620000,8.330000,8.570000,65336513
2018-05-30,8.460000,8.480000,8.240000,8.250000,57751528
2018-05-31,8.300000,8.440000,8.290000,8.420000,57102829
2018-06-01,8.380000,8.650000,8.370000,8.530000,58476625
2018-06-04,8.670000,8.810000,8.620000,8.770000,74532185
2018-06-05,8.800000,8.810000,8.700000,8.780000,42042272
2018-06-06,8.800000,8.920000,8.790000,8.900000,62774364
2018-06-07,8.950000,9.230000,8.950000,9.190000,105624039
2018-06-08,8.720000,8.760000,8.570000,8.710000,74279918
2018-06-11,8.630000,9.000000,8.610000,8.820000,67088636
2018-06-12,8.860000,8.970000,8.690000,8.930000,51851120
2018-06-13,8.820000,9.070000,8.800000,8.920000,60351951
2018-06-14,8.850000,9.050000,8.640000,8.910000,84167440
2018-06-15,8.860000,9.060000,8.820000,8.970000,86554554
2018-06-19,8.820000,8.940000,8.430000,8.580000,109533463
2018-06-20,8.600000,8.700000,8.430000,8.660000,60239802
2018-06-21,8.620000,8.950000,8.610000,8.690000,69219464
2018-06-22,8.620000,8.750000,8.410000,8.690000,59638342
2018-06-25,8.680000,8.720000,8.450000,8.460000,58451124
2018-06-26,8.350000,8.350000,7.970000,8.090000,71882923
2018-06-27,8.090000,8.140000,7.710000,7.730000,87798482
2018-06-28,7.770000,7.870000,7.600000,7.660000,62250585
2018-06-29,7.700000,7.840000,7.610000,7.790000,69049566
2018-07-02,7.740000,7.760000,7.280000,7.340000,66220431
2018-07-03,7.390000,7.430000,6.980000,7.250000,82646846
2018-07-04,7.250000,7.490000,7.240000,7.270000,56570527
2018-07-05,7.210000,7.240000,7.010000,7.080000,45499400
2018-07-06,7.090000,7.280000,7.050000,7.200000,55962804
2018-07-09,7.250000,7.530000,7.230000,7.490000,62861165
2018-07-10,7.480000,7.660000,7.430000,7.610000,77489355
2018-07-11,7.400000,7.480000,7.270000,7.420000,47674326
2018-07-12,7.500000,7.680000,7.500000,7.610000,61036215
2018-07-13,7.680000,7.720000,7.560000,7.640000,45434324
2018-07-16,7.650000,7.660000,7.420000,7.510000,43539755
2018-07-17,7.460000,7.510000,7.270000,7.350000,44785519
2018-07-18,7.400000,7.540000,7.370000,7.380000,51842465
2018-07-19,7.490000,7.740000,7.470000,7.730000,128320816
2018-07-20,7.720000,7.940000,7.630000,7.900000,81699907
2018-07-23,7.830000,8.290000,7.800000,8.180000,74837607
2018-07-24,8.470000,8.890000,8.470000,8.540000,142025706
2018-07-25,8.620000,8.760000,8.480000,8.620000,74141302
2018-07-26,8.630000,8.700000,8.290000,8.390000,73805942
2018-07-27,8.540000,8.580000,8.350000,8.520000,50623871
2018-07-30,8.530000,8.950000,8.500000,8.770000,104876395
2018-07-31,8.700000,8.770000,8.550000,8.690000,40091190
2018-08-01,8.880000,8.940000,8.320000,8.360000,93131357
2018-08-02,8.360000,8.490000,8.170000,8.280000,92569203
2018-08-03,8.330000,8.540000,8.260000,8.290000,54393074
2018-08-06,8.330000,8.410000,7.960000,8.180000,49730608
2018-08-07,8.250000,8.580000,8.210000,8.560000,59507164
2018-08-08,8.600000,8.830000,8.540000,8.660000,78031862
2018-08-09,8.580000,8.770000,8.430000,8.670000,56295092
2018-08-10,8.690000,8.720000,8.520000,8.590000,35103354
2018-08-13,8.500000,8.750000,8.420000,8.710000,56442798
2018-08-14,8.680000,8.680000,8.420000,8.460000,64455287
2018-08-15,8.480000,8.510000,8.220000,8.230000,41730759
2018-08-16,8.140000,8.240000,7.970000,8.080000,51008300
2018-08-17,8.210000,8.250000,8.060000,8.100000,35892251
2018-08-20,8.200000,8.350000,8.110000,8.350000,44750542
2018-08-21,8.340000,8.490000,8.310000,8.350000,47581958
2018-08-22,8.300000,8.430000,8.300000,8.330000,23507498
2018-08-23,8.310000,8.330000,8.060000,8.120000,52067750
2018-08-24,8.090000,8.160000,8.010000,8.070000,37868986
2018-08-27,8.110000,8.230000,8.000000,8.190000,54683503
2018-08-28,8.200000,8.250000,8.110000,8.180000,54908678
2018-08-29,8.150000,8.170000,8.030000,8.060000,36903055
2018-08-30,8.060000,8.090000,7.850000,7.930000,73630900
2018-08-31,7.890000,7.920000,7.760000,7.880000,59563470
2018-09-03,7.810000,7.850000,7.610000,7.690000,48906676
2018-09-04,7.670000,7.820000,7.630000,7.780000,40025018
2018-09-05,7.740000,7.770000,7.550000,7.550000,45976106
2018-09-06,7.510000,7.640000,7.400000,7.440000,52520361
2018-09-07,7.520000,7.670000,7.510000,7.560000,46375153
2018-09-10,7.600000,7.660000,7.520000,7.610000,33763740
2018-09-11,7.550000,7.550000,7.120000,7.170000,123265448
2018-09-12,7.150000,7.260000,7.050000,7.200000,54091200
2018-09-13,7.300000,7.330000,7.130000,7.240000,44403458
2018-09-14,7.250000,7.340000,7.180000,7.340000,41323208
2018-09-17,7.310000,7.310000,7.220000,7.230000,24853873
2018-09-18,7.260000,7.610000,7.230000,7.590000,58317376
2018-09-19,7.560000,7.720000,7.550000,7.670000,56743584
2018-09-20,7.670000,7.760000,7.610000,7.700000,29374254
2018-09-21,7.680000,8.010000,7.640000,7.950000,46597952
2018-09-25,7.860000,7.860000,7.750000,7.790000,26147982
2018-09-26,7.950000,8.020000,7.880000,7.880000,57336056
2018-09-27,7.950000,7.990000,7.890000,7.910000,30475598
2018-09-28,7.820000,7.900000,7.680000,7.850000,64099274
2018-10-08,7.660000,7.730000,7.280000,7.370000,93943318
2018-10-09,7.350000,7.420000,7.340000,7.380000,41476108
2018-10-10,7.390000,7.540000,7.380000,7.480000,42267331
2018-10-11,7.270000,7.350000,7.140000,7.180000,61234717
2018-10-12,7.220000,7.500000,7.130000,7.480000,70450020
2018-10-15,7.480000,7.500000,7.250000,7.300000,43886777
2018-10-16,7.300000,7.470000,7.210000,7.250000,37232209
2018-10-17,7.350000,7.420000,7.250000,7.410000,38142802
2018-10-18,7.310000,7.370000,7.170000,7.190000,44329187
2018-10-19,7.140000,7.420000,7.060000,7.420000,50197188
2018-10-22,7.510000,7.770000,7.440000,7.760000,99450739
2018-10-23,7.680000,7.710000,7.370000,7.420000,74577882
2018-10-24,7.420000,7.630000,7.350000,7.460000,56423629
2018-10-25,7.300000,7.580000,7.210000,7.560000,54850457
2018-10-26,7.590000,7.740000,7.520000,7.580000,47905798
2018-10-29,7.600000,7.630000,7.350000,7.390000,41874647
2018-10-30,7.450000,7.560000,7.390000,7.510000,43704019
2018-10-31,7.500000,7.700000,7.440000,7.650000,61280557
2018-11-01,7.750000,7.770000,7.550000,7.570000,53284751
2018-11-02,7.650000,7.750000,7.550000,7.740000,52158338
2018-11-05,7.700000,7.740000,7.570000,7.660000,37337952
2018-11-06,7.650000,7.650000,7.560000,7.620000,23062137
2018-11-07,7.650000,7.700000,7.510000,7.550000,26778076
2018-11-08,7.610000,7.630000,7.500000,7.560000,29207009
2018-11-09,7.520000,7.600000,7.470000,7.470000,22203025
2018-11-12,7.440000,7.500000,7.390000,7.490000,22580988
2018-11-13,7.410000,7.540000,7.400000,7.480000,33180662
2018-11-14,7.470000,7.590000,7.410000,7.430000,43233710
2018-11-15,7.430000,7.490000,7.390000,7.480000,30225430
2018-11-16,7.470000,7.490000,7.410000,7.430000,30566482
2018-11-19,7.450000,7.480000,7.360000,7.450000,47467014
2018-11-20,7.400000,7.400000,7.270000,7.300000,55588375
2018-11-21,7.190000,7.550000,7.180000,7.430000,74793850
2018-11-22,7.300000,7.340000,7.250000,7.270000,41287392
2018-11-23,7.250000,7.270000,7.110000,7.110000,42798651
2018-11-26,7.090000,7.090000,6.920000,6.940000,48294335
2018-11-27,6.970000,6.990000,6.810000,6.840000,37149454
2018-11-28,6.830000,6.870000,6.780000,6.850000,34196894
2018-11-29,6.920000,6.920000,6.700000,6.700000,41677486
2018-11-30,6.680000,6.750000,6.620000,6.720000,42962608
2018-12-03,6.860000,6.910000,6.820000,6.840000,66513200
2018-12-04,6.860000,7.050000,6.830000,7.000000,68804627
2018-12-05,6.900000,6.980000,6.870000,6.940000,33760515
2018-12-06,6.870000,6.920000,6.840000,6.880000,25447697
2018-12-07,6.880000,6.940000,6.850000,6.920000,23335759
2018-12-10,6.850000,6.900000,6.760000,6.900000,26956491
2018-12-11,6.850000,6.890000,6.810000,6.890000,21742350
2018-12-12,6.950000,6.950000,6.820000,6.830000,21153538
2018-12-13,6.840000,6.950000,6.780000,6.910000,40486732
2018-12-14,6.870000,6.890000,6.750000,6.770000,52694413
2018-12-17,6.760000,6.820000,6.740000,6.800000,30599861
2018-12-18,6.740000,6.800000,6.670000,6.710000,28771213
2018-12-19,6.700000,6.750000,6.650000,6.650000,26784060
2018-12-20,6.620000,6.670000,6.570000,6.580000,36393544
2018-12-21,6.580000,6.650000,6.550000,6.620000,35377005
2018-12-24,6.580000,6.640000,6.570000,6.620000,22630248
2018-12-25,6.570000,6.590000,6.310000,6.390000,50320945
2018-12-26,6.390000,6.410000,6.320000,6.330000,23434393
2018-12-27,6.410000,6.550000,6.390000,6.430000,50343069
2018-12-28,6.440000,6.540000,6.430000,6.500000,36465973
2019-01-02,6.460000,6.510000,6.300000,6.350000,37581275
2019-01-03,6.340000,6.440000,6.330000,6.430000,24650296
2019-01-04,6.380000,6.540000,6.360000,6.510000,42153162
2019-01-07,6.570000,6.620000,6.530000,6.570000,46166391
2019-01-08,6.610000,6.710000,6.580000,6.640000,34190362
2019-01-09,6.710000,6.850000,6.680000,6.730000,45190434
2019-01-10,6.720000,6.800000,6.670000,6.680000,30089360
2019-01-11,6.710000,6.790000,6.700000,6.740000,24486710
2019-01-14,6.740000,6.830000,6.690000,6.750000,29363669
2019-01-15,6.760000,6.820000,6.740000,6.790000,30400947
2019-01-16,6.780000,6.830000,6.760000,6.810000,23701897
2019-01-17,6.860000,6.870000,6.760000,6.770000,27219349
2019-01-18,6.820000,6.980000,6.770000,6.930000,65035570
2019-01-21,6.940000,7.100000,6.940000,7.070000,51503339
2019-01-22,7.090000,7.090000,6.950000,6.950000,26943374
2019-01-23,6.930000,6.980000,6.810000,6.880000,36560151
2019-01-24,6.910000,6.910000,6.760000,6.870000,34764511
2019-01-25,6.880000,6.980000,6.880000,6.950000,35272118
2019-01-28,6.940000,7.020000,6.820000,6.850000,44702814
2019-01-29,6.830000,6.990000,6.800000,6.970000,43150351
2019-01-30,6.930000,7.020000,6.880000,6.940000,30774366
2019-01-31,6.950000,7.030000,6.940000,7.010000,38989196
2019-02-01,7.060000,7.080000,6.980000,7.070000,29883947
2019-02-11,7.070000,7.150000,7.020000,7.090000,45570500
2019-02-12,7.070000,7.100000,7.000000,7.060000,50484575
2019-02-13,7.080000,7.200000,7.030000,7.170000,59048698
2019-02-14,7.130000,7.220000,7.110000,7.180000,51943324
2019-02-15,7.160000,7.160000,7.000000,7.020000,46751914
2019-02-18,7.040000,7.150000,7.040000,7.130000,62542844
2019-02-19,7.150000,7.210000,7.120000,7.140000,62018428
2019-02-20,7.160000,7.200000,7.120000,7.180000,37284968
2019-02-21,7.170000,7.210000,7.080000,7.110000,44450722
2019-02-22,7.150000,7.160000,7.060000,7.150000,39993621
2019-02-25,7.170000,7.680000,7.160000,7.570000,130155512
2019-02-26,7.600000,7.910000,7.540000,7.640000,155875835
2019-02-27,7.620000,7.750000,7.460000,7.530000,78688318
2019-02-28,7.530000,7.630000,7.460000,7.500000,53483138
2019-03-01,7.560000,7.630000,7.480000,7.610000,71040094
2019-03-04,7.660000,7.820000,7.620000,7.700000,92284281
2019-03-05,7.690000,7.720000,7.640000,7.710000,53498605
2019-03-06,7.690000,7.890000,7.640000,7.820000,106823871
2019-03-07,7.820000,7.850000,7.720000,7.780000,92353604
2019-03-08,7.580000,7.650000,7.320000,7.380000,85419035
2019-03-11,7.360000,7.440000,7.310000,7.410000,74590068
2019-03-12,7.510000,7.620000,7.410000,7.480000,86188585
2019-03-13,7.460000,7.480000,7.330000,7.390000,61361291
2019-03-14,7.370000,7.460000,7.260000,7.300000,65780464
2019-03-15,7.300000,7.380000,7.280000,7.320000,62553954
2019-03-18,7.340000,7.580000,7.340000,7.570000,99256231
2019-03-19,7.530000,7.580000,7.470000,7.510000,67294258
2019-03-20,7.510000,7.580000,7.380000,7.450000,62565318
2019-03-21,7.470000,7.510000,7.410000,7.420000,68079393
2019-03-22,7.420000,7.440000,7.320000,7.410000,47290052
2019-03-25,7.300000,7.350000,7.200000,7.200000,77531019
2019-03-26,7.240000,7.260000,7.080000,7.100000,56728811
2019-03-27,7.140000,7.150000,7.080000,7.130000,41288758
2019-03-28,7.100000,7.120000,7.050000,7.080000,35957629
2019-03-29,7.070000,7.250000,7.070000,7.230000,76202169
2019-04-01,7.270000,7.570000,7.270000,7.540000,152888051
2019-04-02,7.540000,7.610000,7.480000,7.580000,101779751
2019-04-03,7.600000,7.830000,7.560000,7.780000,107827550
2019-04-04,7.780000,7.880000,7.680000,7.760000,100508921
2019-04-08,7.800000,8.000000,7.720000,7.980000,139518503
2019-04-09,7.990000,7.990000,7.780000,7.840000,81710678
2019-04-10,7.780000,7.930000,7.730000,7.810000,65950458
2019-04-11,7.840000,7.890000,7.660000,7.680000,53836638
2019-04-12,7.650000,7.660000,7.520000,7.570000,59530944
2019-04-15,7.700000,7.750000,7.500000,7.520000,56789721
2019-04-16,7.500000,7.680000,7.470000,7.670000,53098080
2019-04-17,7.680000,7.700000,7.600000,7.660000,44502132
2019-04-18,7.660000,7.820000,7.640000,7.720000,48586068
2019-04-19,7.760000,7.810000,7.650000,7.740000,40636556
2019-04-22,7.740000,7.760000,7.550000,7.580000,45589563
2019-04-23,7.580000,7.620000,7.500000,7.550000,42745953
2019-04-24,7.560000,7.590000,7.500000,7.560000,32713428
2019-04-25,7.450000,7.460000,7.210000,7.230000,104912049
2019-04-26,7.190000,7.270000,7.140000,7.190000,52287179
2019-04-29,7.240000,7.250000,7.150000,7.160000,43789384
2019-04-30,7.150000,7.220000,7.150000,7.170000,30653398
2019-05-06,7.080000,7.080000,6.760000,6.900000,88720720
2019-05-07,6.930000,6.960000,6.800000,6.870000,55146405
2019-05-08,6.780000,6.800000,6.690000,6.740000,49334783
2019-05-09,6.750000,6.780000,6.640000,6.680000,37496722
2019-05-10,6.740000,6.880000,6.680000,6.870000,58506607
2019-05-13,6.790000,6.830000,6.750000,6.760000,31703785
2019-05-14,6.680000,6.790000,6.660000,6.670000,41676373
2019-05-15,6.690000,6.830000,6.690000,6.800000,36224222
2019-05-16,6.790000,6.920000,6.770000,6.840000,38559290
2019-05-17,6.850000,6.870000,6.740000,6.760000,36604925
2019-05-20,6.730000,6.820000,6.710000,6.750000,32377280
2019-05-21,6.730000,6.800000,6.720000,6.760000,52168531
2019-05-22,6.750000,6.760000,6.640000,6.660000,56528872
2019-05-23,6.630000,6.670000,6.590000,6.620000,32630543
2019-05-24,6.630000,6.690000,6.620000,6.660000,19612465
2019-05-27,6.690000,6.780000,6.670000,6.750000,46453191
2019-05-28,6.780000,7.000000,6.780000,7.000000,88912944
2019-05-29,6.970000,6.980000,6.910000,6.940000,34363621
2019-05-30,6.910000,6.980000,6.900000,6.920000,45530984
2019-05-31,6.420000,6.430000,6.300000,6.300000,60133680
2019-06-03,6.340000,6.420000,6.310000,6.380000,32076055
2019-06-04,6.370000,6.390000,6.300000,6.350000,18637349
2019-06-05,6.400000,6.420000,6.330000,6.340000,20590590
2019-06-06,6.380000,6.380000,6.300000,6.300000,18669365
2019-06-10,6.360000,6.380000,6.300000,6.350000,26081723
2019-06-11,6.350000,6.490000,6.350000,6.470000,49285690
2019-06-12,6.440000,6.450000,6.380000,6.400000,25662186
2019-06-13,6.400000,6.440000,6.340000,6.390000,26916577
2019-06-14,6.390000,6.410000,6.370000,6.380000,23669905
2019-06-17,6.390000,6.460000,6.360000,6.420000,25311062
2019-06-18,6.460000,6.460000,6.390000,6.420000,19861263
2019-06-19,6.510000,6.550000,6.440000,6.460000,28045791
2019-06-20,6.460000,6.550000,6.400000,6.510000,41015137
2019-06-21,6.500000,6.550000,6.490000,6.540000,33951827
2019-06-24,6.560000,6.720000,6.560000,6.660000,53432880
2019-06-25,6.660000,6.670000,6.530000,6.570000,28819558
2019-06-26,6.550000,6.570000,6.510000,6.520000,19277563
2019-06-27,6.540000,6.610000,6.490000,6.540000,40936963
2019-06-28,6.540000,6.540000,6.460000,6.500000,21458555
2019-07-01,6.570000,6.630000,6.550000,6.600000,43093446
2019-07-02,6.590000,6.650000,6.570000,6.640000,35004779
2019-07-03,6.660000,6.660000,6.530000,6.610000,30541984
2019-07-04,6.620000,6.660000,6.590000,6.610000,24718540
2019-07-05,6.620000,6.620000,6.540000,6.590000,17265828
2019-07-08,6.560000,6.570000,6.430000,6.440000,28289912
2019-07-09,6.440000,6.470000,6.400000,6.420000,19633889
2019-07-10,6.430000,6.450000,6.330000,6.350000,23437201
2019-07-11,6.390000,6.430000,6.300000,6.340000,23772620
2019-07-12,6.340000,6.370000,6.310000,6.330000,20057196
2019-07-15,6.310000,6.320000,6.130000,6.250000,48850719
2019-07-16,6.240000,6.270000,6.210000,6.250000,20299346
2019-07-17,6.230000,6.270000,6.210000,6.250000,17594099
2019-07-18,6.240000,6.250000,6.210000,6.220000,14260752
2019-07-19,6.230000,6.310000,6.220000,6.270000,18756190
2019-07-22,6.250000,6.270000,6.160000,6.190000,28986111
2019-07-23,6.200000,6.280000,6.200000,6.260000,22571597
2019-07-24,6.290000,6.340000,6.280000,6.310000,19081765
2019-07-25,6.330000,6.330000,6.270000,6.290000,18963526
2019-07-26,6.270000,6.310000,6.260000,6.290000,14590550
2019-07-29,6.290000,6.330000,6.280000,6.320000,24849063
2019-07-30,6.330000,6.380000,6.310000,6.380000,34172071
2019-07-31,6.350000,6.390000,6.340000,6.380000,22539559
2019-08-01,6.360000,6.370000,6.260000,6.260000,27993766
2019-08-02,6.200000,6.210000,6.140000,6.180000,31995789
2019-08-05,6.150000,6.160000,6.040000,6.040000,37191919
2019-08-06,5.990000,6.000000,5.860000,5.910000,47533739
2019-08-07,5.910000,5.940000,5.860000,5.860000,24796710
2019-08-08,5.890000,5.920000,5.870000,5.900000,21459635
2019-08-09,5.900000,5.920000,5.860000,5.890000,19031238
2019-08-12,5.890000,5.920000,5.850000,5.920000,24510297
2019-08-13,5.900000,5.900000,5.850000,5.870000,16471607
2019-08-14,5.910000,5.940000,5.880000,5.890000,13684923
2019-08-15,5.830000,5.880000,5.740000,5.850000,28988389
2019-08-16,5.850000,5.880000,5.830000,5.840000,18700502
2019-08-19,5.880000,5.940000,5.830000,5.930000,30323004
2019-08-20,5.910000,5.960000,5.900000,5.920000,20837925
2019-08-21,5.910000,5.920000,5.890000,5.910000,14978791
2019-08-22,5.930000,5.930000,5.860000,5.890000,15178416
2019-08-23,5.870000,5.920000,5.850000,5.920000,22343066
2019-08-26,5.810000,5.880000,5.800000,5.850000,16164084
2019-08-27,5.860000,5.950000,5.850000,5.950000,40175187
2019-08-28,5.940000,5.970000,5.880000,5.890000,21666157
2019-08-29,5.880000,5.900000,5.810000,5.860000,20415552
2019-08-30,5.890000,5.890000,5.800000,5.810000,27196997
2019-09-02,5.810000,5.880000,5.810000,5.870000,29959043
2019-09-03,5.870000,5.900000,5.850000,5.890000,24660695
2019-09-04,5.890000,6.100000,5.870000,6.100000,63488125
2019-09-05,6.130000,6.210000,6.060000,6.070000,64917613
2019-09-06,6.090000,6.120000,6.020000,6.060000,33609839
2019-09-09,6.100000,6.140000,6.060000,6.110000,25810135
2019-09-10,6.110000,6.130000,6.080000,6.110000,20785674
2019-09-11,6.130000,6.160000,6.090000,6.140000,27879522
2019-09-12,6.170000,6.280000,6.150000,6.250000,43817011
2019-09-16,6.270000,6.340000,6.220000,6.300000,39998181
2019-09-17,6.300000,6.330000,6.200000,6.210000,33617239
2019-09-18,6.220000,6.240000,6.140000,6.140000,20618569
2019-09-19,6.150000,6.210000,6.110000,6.180000,17603318
2019-09-20,6.190000,6.200000,6.130000,6.170000,27760102
2019-09-23,6.150000,6.160000,6.020000,6.120000,26930250
2019-09-24,6.120000,6.140000,6.050000,6.070000,20738579
2019-09-25,6.050000,6.060000,5.990000,6.010000,18357052
2019-09-26,6.020000,6.040000,5.980000,6.030000,18189448
2019-09-27,6.030000,6.030000,5.910000,5.920000,34477184
2019-09-30,5.910000,5.960000,5.900000,5.910000,18031226
2019-10-08,5.910000,5.940000,5.890000,5.900000,24031060
2019-10-09,5.860000,5.900000,5.850000,5.890000,21209831
2019-10-10,5.890000,5.920000,5.870000,5.920000,15912023
2019-10-11,5.940000,5.980000,5.880000,5.960000,22312284
2019-10-14,5.970000,6.030000,5.970000,6.000000,31511907
2019-10-15,6.010000,6.010000,5.970000,5.970000,15216710
2019-10-16,5.980000,6.010000,5.940000,5.950000,17806006
2019-10-17,5.940000,5.980000,5.910000,5.930000,13807731
2019-10-18,5.950000,5.950000,5.850000,5.880000,25074237
2019-10-21,5.860000,5.870000,5.810000,5.820000,21074161
2019-10-22,5.870000,5.870000,5.780000,5.820000,32344763
2019-10-23,5.820000,5.830000,5.750000,5.770000,28427642
2019-10-24,5.770000,5.830000,5.760000,5.810000,23994211
2019-10-25,5.840000,5.840000,5.770000,5.820000,26146525
2019-10-28,5.820000,5.920000,5.820000,5.920000,37015067
2019-10-29,5.900000,5.900000,5.870000,5.890000,20600195
2019-10-30,5.880000,5.890000,5.810000,5.850000,17982303
2019-10-31,5.820000,5.850000,5.770000,5.800000,20637470
2019-11-01,5.800000,5.810000,5.740000,5.800000,45265982
2019-11-04,5.800000,5.800000,5.690000,5.720000,69771044
2019-11-05,5.700000,5.730000,5.660000,5.700000,57620706
2019-11-06,5.710000,5.730000,5.680000,5.700000,42166305
2019-11-07,5.700000,5.710000,5.660000,5.670000,44645283
2019-11-08,5.680000,5.690000,5.610000,5.610000,48761290
2019-11-11,5.600000,5.610000,5.460000,5.480000,51919881
2019-11-12,5.490000,5.500000,5.410000,5.430000,44379347
2019-11-13,5.420000,5.430000,5.320000,5.350000,55526711
2019-11-14,5.340000,5.380000,5.310000,5.340000,50782274
2019-11-15,5.340000,5.350000,5.260000,5.280000,56205204
2019-11-18,5.280000,5.330000,5.220000,5.270000,114619144
2019-11-19,5.250000,5.370000,5.230000,5.370000,111242033
2019-11-20,5.360000,5.420000,5.310000,5.380000,111577128
2019-11-21,5.340000,5.400000,5.290000,5.380000,88263770
2019-11-22,5.400000,5.520000,5.380000,5.500000,158953597
2019-11-25,5.600000,5.810000,5.560000,5.760000,210781022
2019-11-26,5.750000,5.750000,5.600000,5.660000,119357922
2019-11-27,5.630000,5.670000,5.530000,5.600000,85237216
2019-11-28,5.570000,5.590000,5.480000,5.500000,58437800
2019-11-29,5.500000,5.540000,5.450000,5.470000,58637152
2019-12-02,5.470000,5.500000,5.430000,5.460000,63406453
2019-12-03,5.440000,5.450000,5.360000,5.390000,73446669
2019-12-04,5.360000,5.440000,5.350000,5.430000,61526455
2019-12-05,5.430000,5.430000,5.350000,5.400000,69233772
2019-12-06,5.370000,5.410000,5.370000,5.410000,38461470
2019-12-09,5.430000,5.650000,5.420000,5.630000,167375756
2019-12-10,5.680000,5.680000,5.600000,5.610000,73354360
2019-12-11,5.640000,5.720000,5.630000,5.660000,84388715
2019-12-12,5.660000,5.670000,5.540000,5.560000,86776699
2019-12-13,5.600000,5.690000,5.560000,5.690000,142798211
2019-12-16,5.670000,5.730000,5.660000,5.730000,107750588
2019-12-17,5.710000,5.860000,5.680000,5.800000,133858422
2019-12-18,5.800000,5.850000,5.730000,5.760000,97198347
2019-12-19,5.730000,5.750000,5.680000,5.730000,74710360
2019-12-20,5.720000,5.730000,5.610000,5.620000,110327128
2019-12-23,5.630000,5.680000,5.550000,5.580000,70984269
2019-12-24,5.590000,5.640000,5.550000,5.640000,49658497
2019-12-25,5.620000,5.620000,5.560000,5.580000,47706432
2019-12-26,5.590000,5.640000,5.570000,5.630000,54353249
2019-12-27,5.630000,5.730000,5.610000,5.680000,108232077
2019-12-30,5.670000,5.760000,5.640000,5.750000,123396555
2019-12-31,5.730000,5.760000,5.670000,5.740000,99198956
2020-01-02,5.770000,5.880000,5.770000,5.800000,160874567
2020-01-03,5.820000,5.840000,5.770000,5.800000,81037937
2020-01-06,5.770000,5.800000,5.720000,5.750000,105138931
2020-01-07,5.750000,5.830000,5.740000,5.830000,97816139
2020-01-08,5.800000,5.800000,5.730000,5.740000,88402132
2020-01-09,5.780000,5.800000,5.750000,5.800000,59386188
2020-01-10,5.810000,5.810000,5.710000,5.740000,68621527
2020-01-13,5.750000,5.750000,5.670000,5.730000,66175333
2020-01-14,5.730000,5.780000,5.710000,5.720000,72209290
2020-01-15,5.730000,5.750000,5.650000,5.680000,67245297
2020-01-16,5.680000,5.690000,5.620000,5.640000,57181152
2020-01-17,5.640000,5.720000,5.630000,5.720000,70913188
2020-01-20,5.730000,5.750000,5.680000,5.740000,65536529
2020-01-21,5.720000,5.720000,5.580000,5.600000,75229040
2020-01-22,5.570000,5.610000,5.530000,5.600000,49723441
2020-01-23,5.550000,5.550000,5.400000,5.430000,72919584
2020-02-03,4.890000,5.010000,4.890000,4.890000,169519735
2020-02-04,4.870000,5.200000,4.830000,5.190000,198145578
2020-02-05,5.140000,5.250000,5.100000,5.160000,106252525
2020-02-06,5.200000,5.220000,5.130000,5.200000,66322999
2020-02-07,5.190000,5.230000,5.110000,5.220000,52913445
2020-02-10,5.180000,5.320000,5.170000,5.290000,59545384
2020-02-11,5.300000,5.480000,5.300000,5.330000,73737524
2020-02-12,5.310000,5.340000,5.270000,5.320000,40339232
2020-02-13,5.320000,5.370000,5.250000,5.270000,48107832
2020-02-14,5.270000,5.300000,5.240000,5.290000,35202783
2020-02-17,5.290000,5.430000,5.280000,5.420000,60387558
2020-02-18,5.400000,5.460000,5.370000,5.380000,51406648
2020-02-19,5.370000,5.410000,5.340000,5.360000,47706096
2020-02-20,5.370000,5.410000,5.320000,5.400000,60926071
2020-02-21,5.390000,5.420000,5.360000,5.390000,50137601
2020-02-24,5.360000,5.370000,5.320000,5.340000,76338095
2020-02-25,5.240000,5.290000,5.200000,5.230000,78198423
2020-02-26,5.190000,5.360000,5.170000,5.320000,90216616
2020-02-27,5.300000,5.360000,5.280000,5.290000,50620117
2020-02-28,5.160000,5.260000,5.160000,5.200000,69726184
2020-03-02,5.180000,5.460000,5.180000,5.420000,121531035
2020-03-03,5.480000,5.520000,5.380000,5.400000,96926202
2020-03-04,5.400000,5.450000,5.370000,5.420000,63582010
2020-03-05,5.450000,5.520000,5.410000,5.500000,99724496
2020-03-06,5.450000,5.460000,5.380000,5.390000,70931203
2020-03-09,5.310000,5.320000,5.220000,5.280000,84135021
2020-03-10,5.220000,5.370000,5.220000,5.300000,62741894
2020-03-11,5.290000,5.300000,5.240000,5.250000,56159406
2020-03-12,5.210000,5.230000,5.160000,5.180000,56321776
2020-03-13,5.030000,5.150000,5.000000,5.110000,70680914
2020-03-16,5.130000,5.150000,4.960000,4.960000,81680584
2020-03-17,4.950000,5.020000,4.860000,4.900000,89211219
2020-03-18,4.920000,4.960000,4.860000,4.870000,54120169
2020-03-19,4.870000,4.890000,4.690000,4.720000,85514697
2020-03-20,4.760000,4.800000,4.710000,4.780000,44734230
2020-03-23,4.680000,4.700000,4.580000,4.600000,78925245
2020-03-24,4.660000,4.710000,4.630000,4.690000,51512694
2020-03-25,4.800000,4.810000,4.730000,4.790000,47807699
2020-03-26,4.770000,4.780000,4.720000,4.720000,32528708
2020-03-27,4.770000,4.820000,4.740000,4.770000,33216714
2020-03-30,4.720000,4.800000,4.710000,4.750000,35541193
2020-03-31,4.790000,4.910000,4.760000,4.870000,65079907
2020-04-01,4.870000,4.890000,4.780000,4.800000,36455059
2020-04-02,4.790000,4.820000,4.730000,4.810000,36072113
2020-04-03,4.810000,4.810000,4.770000,4.790000,19678392
2020-04-07,4.850000,4.890000,4.820000,4.870000,41032873
2020-04-08,4.870000,4.940000,4.850000,4.930000,39010889
2020-04-09,4.940000,4.960000,4.900000,4.920000,21842206
2020-04-10,4.930000,4.940000,4.830000,4.850000,23280680
2020-04-13,4.840000,4.850000,4.820000,4.840000,16466250
2020-04-14,4.870000,4.910000,4.850000,4.910000,31305355
2020-04-15,4.930000,4.940000,4.880000,4.900000,21933018
2020-04-16,4.870000,4.900000,4.850000,4.900000,20597184
2020-04-17,4.930000,4.940000,4.870000,4.930000,36085070
2020-04-20,4.920000,4.930000,4.880000,4.890000,28036760
2020-04-21,4.860000,4.870000,4.810000,4.840000,26609497
2020-04-22,4.820000,4.840000,4.790000,4.830000,30651837
2020-04-23,4.850000,4.870000,4.810000,4.830000,27272647
2020-04-24,4.850000,4.850000,4.800000,4.820000,22099485
2020-04-27,4.840000,4.860000,4.820000,4.830000,21015626
2020-04-28,4.840000,4.840000,4.690000,4.750000,33980291
2020-04-29,4.730000,4.790000,4.710000,4.770000,22233986
2020-04-30,4.790000,4.880000,4.780000,4.870000,27799224
2020-05-06,4.850000,4.920000,4.830000,4.900000,39902055
2020-05-07,4.920000,4.930000,4.820000,4.830000,41347816
2020-05-08,4.850000,4.890000,4.840000,4.880000,29602357
2020-05-11,4.910000,4.960000,4.900000,4.920000,50810097
2020-05-12,4.920000,4.930000,4.850000,4.890000,40616839
2020-05-13,4.870000,4.920000,4.830000,4.920000,31776335
2020-05-14,4.900000,4.910000,4.820000,4.830000,30341448
2020-05-15,4.850000,4.870000,4.780000,4.780000,29218428
2020-05-18,4.800000,4.830000,4.760000,4.780000,23409990
2020-05-19,4.830000,4.850000,4.810000,4.830000,26478330
2020-05-20,4.830000,4.850000,4.790000,4.800000,27694526
2020-05-21,4.820000,4.840000,4.770000,4.770000,35365681
2020-05-22,4.780000,4.790000,4.720000,4.720000,33436151
2020-05-25,4.730000,4.770000,4.720000,4.750000,21254884
2020-05-26,4.770000,4.800000,4.750000,4.780000,29400160
2020-05-27,4.780000,4.870000,4.760000,4.860000,42009350
2020-05-28,4.880000,4.900000,4.860000,4.890000,39764766
2020-05-29,4.900000,4.900000,4.830000,4.890000,54926609
2020-06-01,4.900000,4.920000,4.850000,4.920000,66242906
2020-06-02,4.910000,4.920000,4.870000,4.900000,55648851
2020-06-03,4.630000,4.660000,4.600000,4.620000,75844621
2020-06-04,4.610000,4.630000,4.590000,4.600000,35183756
2020-06-05,4.600000,4.610000,4.550000,4.560000,43366208
2020-06-08,4.570000,4.600000,4.550000,4.560000,56836258
2020-06-09,4.560000,4.580000,4.560000,4.580000,42473753
2020-06-10,4.580000,4.610000,4.560000,4.570000,64606245
2020-06-11,4.580000,4.580000,4.510000,4.510000,70136360
2020-06-12,4.470000,4.570000,4.450000,4.570000,69032449
2020-06-15,4.540000,4.590000,4.500000,4.500000,60808929
2020-06-16,4.530000,4.620000,4.510000,4.620000,88653765
2020-06-17,4.600000,4.710000,4.590000,4.650000,90075666
2020-06-18,4.660000,4.870000,4.620000,4.790000,147736193
2020-06-19,4.780000,4.780000,4.700000,4.750000,84591450
2020-06-22,4.760000,4.780000,4.700000,4.710000,49591778
2020-06-23,4.690000,4.690000,4.610000,4.610000,58684074
2020-06-24,4.620000,4.640000,4.590000,4.600000,32047261
2020-06-29,4.570000,4.590000,4.550000,4.560000,37422170
2020-06-30,4.570000,4.590000,4.550000,4.560000,35918558
2020-07-01,4.560000,4.640000,4.550000,4.640000,44924585
2020-07-02,4.610000,4.740000,4.610000,4.710000,75859062
2020-07-03,4.740000,4.850000,4.730000,4.810000,118982070
2020-07-06,4.880000,5.160000,4.860000,5.150000,202000042
2020-07-07,5.250000,5.370000,5.170000,5.210000,225032671
2020-07-08,5.190000,5.380000,5.160000,5.320000,143971225
2020-07-09,5.320000,5.460000,5.260000,5.430000,176062225
2020-07-10,5.370000,5.370000,5.200000,5.250000,105659513
2020-07-13,5.240000,5.330000,5.210000,5.290000,108990133
2020-07-14,5.290000,5.410000,5.210000,5.250000,111588262
2020-07-15,5.280000,5.300000,5.070000,5.120000,84960154
2020-07-16,5.130000,5.180000,4.950000,4.960000,74921829
2020-07-17,4.970000,5.000000,4.830000,4.890000,83718482
2020-07-20,4.890000,5.200000,4.880000,5.180000,123193323
2020-07-21,5.180000,5.210000,5.080000,5.130000,63062625
2020-07-22,5.160000,5.170000,5.080000,5.110000,74867014
2020-07-23,5.060000,5.090000,4.980000,5.050000,67693619
2020-07-24,5.030000,5.060000,4.880000,4.910000,70955812
2020-07-27,4.930000,4.960000,4.850000,4.890000,45842986
2020-07-28,4.910000,5.030000,4.890000,4.910000,51725104
2020-07-29,4.910000,4.990000,4.860000,4.970000,52837582
2020-07-30,4.970000,5.010000,4.900000,4.920000,47937576
2020-07-31,4.930000,4.990000,4.880000,4.920000,68519422
2020-08-03,4.950000,4.970000,4.920000,4.970000,61193799
2020-08-04,5.000000,5.020000,4.930000,4.990000,85176639
2020-08-05,4.990000,4.990000,4.910000,4.920000,80652573
2020-08-06,4.940000,4.950000,4.880000,4.930000,60832613
2020-08-07,4.930000,4.930000,4.850000,4.870000,58329734
2020-08-10,4.880000,4.930000,4.850000,4.910000,59213146
2020-08-11,4.930000,4.980000,4.870000,4.890000,61422048
2020-08-12,4.890000,4.950000,4.860000,4.910000,74283556
2020-08-13,4.930000,4.960000,4.910000,4.950000,64402701
2020-08-14,4.940000,4.960000,4.900000,4.950000,44874406
2020-08-17,4.950000,5.070000,4.940000,5.060000,100669852
2020-08-18,5.050000,5.110000,5.020000,5.040000,69678791
2020-08-19,5.040000,5.080000,5.000000,5.030000,54172208
2020-08-20,5.030000,5.110000,5.000000,5.040000,91588377
2020-08-21,5.030000,5.110000,5.000000,5.080000,89551560
2020-08-24,5.100000,5.110000,5.020000,5.020000,72240244
2020-08-25,5.010000,5.040000,4.950000,4.960000,60905224
2020-08-26,4.950000,4.960000,4.890000,4.900000,50997425
2020-08-27,4.910000,4.920000,4.870000,4.900000,42270624
2020-08-28,4.890000,4.990000,4.890000,4.980000,54756242
2020-08-31,4.990000,5.050000,4.940000,4.940000,63906446
2020-09-01,4.940000,4.980000,4.920000,4.960000,31917704
2020-09-02,5.020000,5.030000,4.950000,4.980000,54055491
2020-09-03,5.000000,5.120000,4.990000,5.020000,100855181
2020-09-04,4.990000,5.030000,4.960000,5.010000,54639889
2020-09-07,5.030000,5.060000,4.970000,4.980000,60082770
2020-09-08,5.000000,5.070000,4.990000,5.050000,61566244
2020-09-09,5.020000,5.130000,5.010000,5.100000,118580871
2020-09-10,5.100000,5.110000,5.010000,5.030000,98190628
2020-09-11,5.040000,5.050000,4.940000,5.030000,70494920
2020-09-14,5.010000,5.040000,4.980000,5.020000,40606526
2020-09-15,5.020000,5.030000,4.990000,5.010000,25752243
2020-09-16,5.010000,5.070000,4.990000,5.060000,54583993
2020-09-17,5.050000,5.090000,5.020000,5.060000,47380501
2020-09-18,5.060000,5.140000,5.030000,5.130000,101561938
2020-09-21,5.140000,5.150000,5.080000,5.110000,56994248
2020-09-22,5.080000,5.090000,5.010000,5.030000,57115311
2020-09-23,5.050000,5.050000,4.990000,5.000000,40446782
2020-09-24,4.980000,4.990000,4.900000,4.920000,62487651
2020-09-25,4.920000,4.950000,4.900000,4.920000,33963671
2020-09-28,4.930000,4.950000,4.910000,4.950000,30337465
2020-09-29,4.940000,4.980000,4.940000,4.960000,30911948
2020-09-30,4.970000,5.020000,4.940000,4.990000,38402549
2020-10-09,5.030000,5.070000,5.020000,5.050000,42297344
2020-10-12,5.050000,5.090000,5.050000,5.090000,57318095
2020-10-13,5.070000,5.080000,5.030000,5.040000,31855091
2020-10-14,5.040000,5.040000,4.990000,5.000000,43394886
2020-10-15,5.000000,5.040000,4.990000,5.010000,40295737
2020-10-16,5.040000,5.240000,5.010000,5.210000,197549647
2020-10-19,5.220000,5.440000,5.210000,5.300000,177084264
2020-10-20,5.310000,5.330000,5.110000,5.140000,125067351
2020-10-21,5.170000,5.230000,5.120000,5.210000,64911793
2020-10-22,5.190000,5.280000,5.150000,5.200000,65215911
2020-10-23,5.200000,5.400000,5.180000,5.330000,109395999
2020-10-26,5.350000,5.460000,5.240000,5.350000,119956209
2020-10-27,5.350000,5.440000,5.280000,5.430000,137284882
2020-10-28,5.430000,5.480000,5.360000,5.460000,120999209
2020-10-29,5.420000,5.590000,5.360000,5.520000,123441785
2020-10-30,5.480000,5.580000,5.330000,5.340000,170520791
2020-11-02,5.340000,5.550000,5.330000,5.550000,176139947
2020-11-03,5.580000,5.630000,5.500000,5.590000,124333474
2020-11-04,5.590000,5.770000,5.530000,5.750000,119262820
2020-11-05,5.800000,6.160000,5.780000,6.120000,246608724
2020-11-06,6.110000,6.200000,6.010000,6.190000,153998326
2020-11-09,6.310000,6.550000,6.170000,6.540000,230459368
2020-11-10,6.570000,6.650000,6.350000,6.450000,196837031
2020-11-11,6.420000,6.550000,6.350000,6.390000,136416169
2020-11-12,6.380000,6.400000,6.210000,6.390000,131885868
2020-11-13,6.300000,6.450000,6.250000,6.350000,100770076
2020-11-16,6.380000,6.590000,6.290000,6.540000,157797420
2020-11-17,6.510000,6.560000,6.280000,6.360000,111739526
2020-11-18,6.320000,6.480000,6.230000,6.310000,120487116
2020-11-19,6.310000,6.370000,6.160000,6.290000,106275032
2020-11-20,6.300000,6.510000,6.240000,6.490000,119093760
2020-11-23,6.490000,6.620000,6.320000,6.390000,184351065
2020-11-24,6.420000,6.550000,6.330000,6.520000,137050551
2020-11-25,6.590000,6.610000,6.380000,6.380000,115901852
2020-11-26,6.390000,6.420000,6.280000,6.380000,61888241
2020-11-27,6.360000,6.540000,6.210000,6.320000,146815785
2020-11-30,6.320000,6.530000,6.210000,6.210000,160529023
2020-12-01,6.290000,6.320000,6.180000,6.300000,119091048
2020-12-02,6.350000,6.470000,6.300000,6.470000,130645302
2020-12-03,6.410000,6.430000,6.180000,6.200000,162303822
2020-12-04,6.170000,6.170000,5.900000,6.070000,165204126
2020-12-07,6.070000,6.110000,5.890000,5.960000,133879627
2020-12-08,5.990000,6.030000,5.930000,5.970000,61577820
2020-12-09,5.990000,6.070000,5.900000,5.920000,71408634
2020-12-10,6.000000,6.190000,5.990000,6.160000,160216703
2020-12-11,6.220000,6.240000,5.940000,6.110000,112526026
2020-12-14,6.050000,6.090000,5.840000,5.960000,113727229
2020-12-15,5.970000,6.000000,5.820000,5.910000,83021817
2020-12-16,5.920000,6.010000,5.830000,5.880000,70606919
2020-12-17,5.890000,6.130000,5.850000,6.120000,122598567
2020-12-18,6.100000,6.320000,6.100000,6.230000,101617508
2020-12-21,6.240000,6.340000,6.160000,6.200000,86813177
2020-12-22,6.230000,6.270000,5.900000,5.930000,125482689
2020-12-23,5.920000,6.040000,5.890000,6.030000,81799457
2020-12-24,6.040000,6.100000,5.910000,5.940000,52251995
2020-12-25,5.920000,6.070000,5.910000,6.060000,51605291
2020-12-28,6.040000,6.070000,5.940000,5.990000,60422246
2020-12-29,6.010000,6.020000,5.870000,5.880000,67368922
2020-12-30,5.910000,6.020000,5.890000,5.970000,57562928
2020-12-31,5.950000,5.990000,5.890000,5.950000,63801694
2021-01-04,5.960000,6.130000,5.900000,6.090000,102953697
2021-01-05,6.090000,6.090000,5.840000,5.940000,126137592
2021-01-06,5.900000,6.020000,5.900000,5.950000,102015498
2021-01-07,6.020000,6.370000,6.020000,6.360000,236557004
2021-01-08,6.390000,6.560000,6.210000,6.560000,178693900
2021-01-11,6.580000,6.650000,6.260000,6.290000,182730525
2021-01-12,6.250000,6.410000,6.230000,6.350000,109759992
2021-01-13,6.300000,6.580000,6.220000,6.500000,148898985
2021-01-14,6.450000,6.870000,6.280000,6.840000,237601992
2021-01-15,6.750000,6.790000,6.340000,6.350000,223239174
2021-01-18,6.260000,6.350000,6.180000,6.290000,108615672
2021-01-19,6.290000,6.300000,6.160000,6.210000,107386373
2021-01-20,6.590000,6.830000,6.590000,6.820000,376176752
2021-01-21,6.750000,6.840000,6.660000,6.810000,202989395
2021-01-22,6.770000,6.780000,6.640000,6.650000,123457770
2021-01-25,6.600000,7.030000,6.590000,6.830000,181114214
2021-01-26,6.800000,7.150000,6.800000,7.030000,241287680
2021-01-27,7.050000,7.200000,6.930000,6.980000,150724624
2021-01-28,6.900000,6.990000,6.750000,6.790000,132863886
2021-01-29,6.800000,6.860000,6.500000,6.560000,141258968
2021-02-01,6.540000,6.640000,6.450000,6.580000,99778633
2021-02-02,6.540000,6.590000,6.360000,6.510000,119884282
2021-02-03,6.470000,6.720000,6.390000,6.650000,123978416
2021-02-04,6.590000,6.680000,6.390000,6.650000,139720909
2021-02-05,6.640000,6.820000,6.590000,6.670000,102763116
2021-02-08,6.680000,6.850000,6.620000,6.840000,127948935
2021-02-09,6.800000,6.970000,6.750000,6.930000,116681285
2021-02-10,6.910000,6.920000,6.720000,6.810000,164014430
2021-02-18,7.000000,7.240000,6.990000,7.150000,205883231
2021-02-19,7.080000,7.280000,7.050000,7.280000,154136257
2021-02-22,7.450000,8.010000,7.380000,8.000000,429221728
2021-02-23,8.090000,8.160000,7.840000,7.940000,272749568
2021-02-24,7.910000,7.960000,7.480000,7.540000,232058521
2021-02-25,7.670000,7.900000,7.660000,7.750000,216304190
2021-02-26,7.470000,7.720000,7.390000,7.520000,180962496
2021-03-01,7.600000,8.160000,7.600000,8.040000,287601648
2021-03-02,8.190000,8.360000,7.850000,7.990000,239525084
2021-03-03,8.160000,8.780000,8.150000,8.740000,446334736
2021-03-04,8.580000,9.060000,8.530000,8.600000,382785264
2021-03-05,8.220000,8.300000,7.860000,7.930000,303546368
2021-03-08,8.200000,8.500000,7.900000,8.030000,241818946
2021-03-09,8.010000,8.830000,7.890000,8.490000,417491840
2021-03-10,8.320000,8.900000,8.160000,8.300000,267466314
2021-03-11,8.300000,8.940000,8.180000,8.870000,276226160
2021-03-12,9.050000,9.150000,8.660000,9.070000,304116288
2021-03-15,9.200000,9.540000,8.850000,9.130000,263715634
2021-03-16,8.940000,9.020000,8.610000,8.950000,202668717
2021-03-17,8.760000,8.830000,8.380000,8.680000,228372851
2021-03-18,8.770000,9.230000,8.640000,8.920000,192378114
2021-03-19,8.720000,9.070000,8.690000,9.020000,175744026
2021-03-22,9.150000,9.450000,8.940000,8.960000,160560245
2021-03-23,8.880000,9.100000,8.480000,8.540000,196585081
2021-03-24,8.450000,8.450000,7.920000,8.030000,234090980
2021-03-25,7.910000,8.110000,7.750000,7.920000,164113216
2021-03-26,8.020000,8.190000,7.980000,8.140000,103297604
2021-03-29,8.210000,8.350000,8.050000,8.210000,155515227
2021-03-30,8.150000,8.240000,8.010000,8.190000,109578456
2021-03-31,8.300000,8.320000,8.020000,8.080000,92770731
2021-04-01,8.080000,8.570000,8.000000,8.430000,159641365
2021-04-02,8.340000,8.380000,8.030000,8.180000,121863208
2021-04-06,8.240000,8.450000,8.190000,8.230000,101341138
2021-04-07,8.190000,8.690000,8.080000,8.500000,195653236
2021-04-08,8.480000,8.820000,8.410000,8.610000,204346921
2021-04-09,8.670000,8.800000,8.430000,8.660000,156576381
2021-04-12,8.660000,8.760000,8.280000,8.400000,209024922
2021-04-13,8.270000,8.300000,8.080000,8.210000,116511834
2021-04-14,8.190000,8.380000,8.120000,8.260000,93934370
2021-04-15,8.260000,8.350000,8.100000,8.240000,67711297
2021-04-16,8.210000,8.450000,8.190000,8.270000,104673568
2021-04-19,8.200000,8.330000,8.120000,8.230000,77099333
2021-04-20,8.140000,8.470000,8.110000,8.420000,154297008
2021-04-21,8.360000,8.360000,8.020000,8.070000,159581751
2021-04-22,8.120000,8.580000,8.120000,8.290000,204696927
2021-04-23,8.270000,8.740000,8.220000,8.640000,205330275
2021-04-26,8.760000,9.070000,8.600000,8.660000,210091296
2021-04-27,8.500000,8.700000,8.250000,8.540000,186088275
2021-04-28,8.510000,8.880000,8.450000,8.800000,181779453
2021-04-29,8.880000,8.910000,8.510000,8.690000,130904363
2021-04-30,8.670000,8.790000,8.550000,8.630000,92828602
2021-05-06,8.850000,9.150000,8.850000,9.010000,196863301
2021-05-07,9.170000,9.190000,8.820000,9.030000,231620847
2021-05-10,9.190000,9.340000,8.830000,9.190000,280877936
2021-05-11,8.900000,8.950000,8.550000,8.780000,201355989
2021-05-12,8.800000,8.920000,8.550000,8.790000,127633279
2021-05-13,8.600000,8.630000,8.200000,8.200000,195748554
2021-05-14,8.210000,8.280000,8.050000,8.130000,147967764
2021-05-17,8.060000,8.180000,8.060000,8.090000,138618353
2021-05-18,8.150000,8.170000,8.080000,8.160000,82887046
2021-05-19,8.110000,8.110000,7.840000,7.900000,177054064
2021-05-20,7.590000,7.850000,7.420000,7.760000,269830112
2021-05-21,7.730000,7.950000,7.670000,7.880000,119652487
2021-05-24,7.770000,7.830000,7.570000,7.730000,129679274
2021-05-25,7.730000,7.770000,7.550000,7.740000,142062158
2021-05-26,7.640000,7.800000,7.610000,7.760000,83468173
2021-05-27,7.780000,7.930000,7.720000,7.870000,114313626
2021-05-28,8.000000,8.060000,7.810000,7.860000,99841789
2021-05-31,7.900000,7.920000,7.780000,7.880000,81633176
2021-06-01,7.780000,7.970000,7.590000,7.950000,142670231
2021-06-02,7.890000,7.970000,7.760000,7.780000,83539368
2021-06-03,7.820000,7.980000,7.790000,7.840000,84433157
2021-06-04,7.810000,8.000000,7.760000,7.900000,82733703
2021-06-07,7.880000,7.890000,7.690000,7.730000,72519987
2021-06-08,7.700000,7.950000,7.690000,7.880000,110299289
2021-06-09,7.880000,8.040000,7.850000,7.940000,97018302
2021-06-10,8.020000,8.080000,7.910000,7.940000,91549830
2021-06-11,8.000000,8.070000,7.900000,8.020000,104639342
2021-06-15,8.010000,8.010000,7.700000,7.780000,94046857
2021-06-16,7.760000,7.950000,7.650000,7.690000,88210544
2021-06-17,7.690000,7.700000,7.280000,7.350000,203613346
2021-06-18,7.040000,7.160000,6.930000,7.000000,160002617
2021-06-21,7.080000,7.170000,7.050000,7.130000,128207969
2021-06-22,7.100000,7.200000,7.010000,7.150000,114770506
2021-06-23,7.140000,7.590000,7.100000,7.490000,163413288
2021-06-24,7.490000,7.690000,7.410000,7.640000,105469898
2021-06-25,7.670000,7.750000,7.550000,7.670000,96628245
2021-06-28,7.660000,7.680000,7.530000,7.650000,68726147
2021-06-29,7.630000,7.660000,7.540000,7.570000,57712666
2021-06-30,7.630000,7.710000,7.570000,7.640000,51975016
2021-07-01,7.670000,7.780000,7.560000,7.730000,79346020
2021-07-02,7.610000,7.710000,7.480000,7.630000,99148685
2021-07-05,7.610000,7.660000,7.330000,7.500000,95906604
2021-07-06,7.530000,7.680000,7.410000,7.450000,67349040
2021-07-07,7.460000,7.610000,7.410000,7.590000,69958999
2021-07-08,7.650000,7.680000,7.500000,7.580000,75327032
2021-07-09,7.540000,7.770000,7.510000,7.700000,108233195
2021-07-12,7.750000,7.930000,7.580000,7.650000,136778384
2021-07-13,7.650000,7.700000,7.560000,7.640000,88939247
2021-07-14,7.640000,7.740000,7.510000,7.510000,70354690
2021-07-15,7.570000,8.120000,7.510000,8.050000,176349936
2021-07-16,8.060000,8.220000,7.930000,7.980000,169345852
2021-07-19,8.070000,8.180000,7.810000,7.860000,116160814
2021-07-20,7.730000,7.740000,7.500000,7.620000,125401656
2021-07-21,7.690000,7.730000,7.540000,7.660000,94632421
2021-07-22,7.610000,8.130000,7.590000,8.060000,190706498
2021-07-23,8.180000,8.390000,8.080000,8.090000,182151975
2021-07-26,8.130000,8.180000,7.680000,7.760000,161681822
2021-07-27,7.800000,7.900000,7.360000,7.370000,168962794
2021-07-28,7.300000,7.350000,7.030000,7.170000,175443703
2021-07-29,7.280000,7.290000,7.060000,7.230000,150498104
2021-07-30,7.230000,7.950000,7.190000,7.920000,257671618
2021-08-02,7.600000,7.630000,7.150000,7.300000,269323776
2021-08-03,7.190000,7.290000,7.110000,7.160000,138500529
2021-08-04,7.210000,7.500000,7.190000,7.380000,143397447
2021-08-05,7.340000,7.430000,7.240000,7.350000,106722331
2021-08-06,7.320000,7.560000,7.300000,7.460000,97246343
2021-08-09,7.420000,7.780000,7.400000,7.750000,126335806
2021-08-10,7.810000,7.960000,7.670000,7.930000,123265854
2021-08-11,8.020000,8.110000,7.860000,8.050000,136885073
2021-08-12,8.040000,8.580000,7.980000,8.290000,264559856
2021-08-13,8.160000,8.370000,8.150000,8.250000,117683517
2021-08-16,8.270000,8.570000,8.190000,8.470000,171319304
2021-08-17,8.430000,8.520000,8.190000,8.300000,112688865
2021-08-18,8.290000,8.510000,8.230000,8.360000,95308545
2021-08-19,8.190000,8.470000,8.040000,8.410000,117210195
2021-08-20,8.300000,8.490000,8.180000,8.390000,117295656
2021-08-23,8.430000,8.510000,8.260000,8.330000,88041325
2021-08-24,8.360000,8.680000,8.300000,8.400000,143642896
2021-08-25,8.420000,8.550000,8.300000,8.530000,119731098
2021-08-26,8.540000,9.120000,8.500000,8.930000,296050464
2021-08-27,8.820000,9.200000,8.820000,9.100000,213858073
2021-08-30,9.400000,9.750000,9.370000,9.640000,289726400
2021-08-31,9.670000,10.310000,9.660000,10.190000,293296688
2021-09-01,10.200000,10.550000,9.980000,10.250000,260183019
2021-09-02,10.210000,10.540000,9.980000,10.400000,220727961
2021-09-03,10.320000,10.350000,9.890000,10.050000,171451877
2021-09-06,10.050000,10.380000,10.040000,10.240000,145522769
2021-09-07,10.170000,10.930000,10.110000,10.840000,193627764
2021-09-08,10.690000,10.800000,10.430000,10.530000,154901053
2021-09-09,10.510000,11.570000,10.510000,11.420000,357583552
2021-09-10,11.280000,11.440000,11.030000,11.240000,218458137
2021-09-13,11.150000,12.070000,11.150000,11.840000,251552030
2021-09-14,11.720000,11.720000,10.960000,11.040000,237940715
2021-09-15,10.970000,11.360000,10.830000,11.030000,192861488
2021-09-16,11.220000,11.520000,10.940000,11.010000,187597046
2021-09-17,10.920000,11.150000,10.110000,10.450000,212302914
2021-09-22,10.280000,10.480000,9.980000,10.460000,194784653
2021-09-23,10.460000,10.620000,10.090000,10.350000,144776066
2021-09-24,10.180000,10.360000,9.520000,9.610000,272336528
2021-09-27,9.610000,9.670000,9.200000,9.250000,205430747
2021-09-28,9.330000,9.450000,9.070000,9.230000,168772376
2021-09-29,9.200000,9.230000,8.520000,8.610000,281948272
2021-09-30,8.690000,8.780000,8.560000,8.700000,188906340
2021-10-08,8.850000,8.850000,8.490000,8.620000,162094903
2021-10-11,8.650000,8.650000,8.210000,8.390000,181253481
2021-10-12,8.420000,8.500000,7.910000,8.040000,217881474
2021-10-13,8.050000,8.140000,7.880000,8.070000,123513126
2021-10-14,8.020000,8.220000,7.970000,8.040000,144985353
2021-10-15,7.800000,7.890000,7.660000,7.770000,166584953
2021-10-18,7.750000,7.880000,7.670000,7.820000,154922063
2021-10-19,7.800000,7.900000,7.680000,7.880000,157200996
2021-10-20,7.800000,7.860000,7.500000,7.800000,160888350
2021-10-21,7.860000,7.940000,7.670000,7.690000,183023139
2021-10-22,7.610000,7.720000,7.370000,7.440000,208634026
2021-10-25,7.440000,7.500000,7.230000,7.460000,108610663
2021-10-26,7.470000,7.550000,7.350000,7.410000,104977965
2021-10-27,7.420000,7.460000,7.180000,7.220000,141910070
2021-10-28,7.250000,7.250000,6.950000,7.070000,183037979
2021-10-29,7.120000,7.190000,7.050000,7.130000,135981879
2021-11-01,7.140000,7.140000,6.980000,7.010000,157695176
2021-11-02,7.000000,7.030000,6.630000,6.760000,232873386
2021-11-03,6.770000,6.890000,6.670000,6.850000,120425899
2021-11-04,6.840000,6.840000,6.660000,6.710000,135119884
2021-11-05,6.610000,6.630000,6.380000,6.410000,187138888
2021-11-08,6.450000,6.560000,6.390000,6.410000,133794824
2021-11-09,6.430000,6.440000,6.270000,6.310000,159211960
2021-11-10,6.260000,6.410000,6.140000,6.370000,234686189
2021-11-11,6.400000,6.700000,6.390000,6.570000,292875616
2021-11-12,6.570000,6.590000,6.350000,6.370000,181086078
2021-11-15,6.360000,6.510000,6.270000,6.500000,141913268
2021-11-16,6.500000,6.600000,6.310000,6.320000,155550091
2021-11-17,6.300000,6.470000,6.280000,6.460000,135647177
2021-11-18,6.430000,6.510000,6.390000,6.420000,102227796
2021-11-19,6.400000,6.560000,6.320000,6.530000,128208918
2021-11-22,6.530000,6.550000,6.420000,6.430000,136562617
2021-11-23,6.490000,6.780000,6.490000,6.590000,264398754
2021-11-24,6.650000,6.810000,6.560000,6.780000,207270667
2021-11-25,6.800000,6.810000,6.690000,6.720000,126893958
2021-11-26,6.660000,6.930000,6.610000,6.770000,170622552
2021-11-29,6.650000,6.700000,6.510000,6.660000,151758791
2021-11-30,6.620000,6.700000,6.480000,6.520000,127912900
2021-12-01,6.540000,6.770000,6.480000,6.770000,150286706
2021-12-02,6.730000,7.040000,6.710000,6.990000,201301940
2021-12-03,6.990000,7.050000,6.870000,7.010000,142384934
2021-12-06,7.050000,7.270000,7.000000,7.010000,184635601
2021-12-07,7.090000,7.240000,6.950000,7.230000,200143052
2021-12-08,7.190000,7.230000,7.080000,7.180000,148456684
2021-12-09,7.170000,7.190000,7.070000,7.110000,123992889
2021-12-10,7.110000,7.130000,6.930000,7.010000,167685646
2021-12-13,7.050000,7.170000,7.030000,7.080000,137260000
2021-12-14,7.040000,7.100000,6.950000,6.960000,125992413
2021-12-15,6.960000,7.060000,6.940000,7.000000,91206392
2021-12-16,7.010000,7.510000,7.010000,7.470000,331261296
2021-12-17,7.490000,7.620000,7.420000,7.490000,158215012
2021-12-20,7.460000,7.530000,7.210000,7.240000,136340728
2021-12-21,7.270000,7.500000,7.180000,7.480000,142257287
2021-12-22,7.480000,7.490000,7.280000,7.340000,105989073
2021-12-23,7.330000,7.390000,7.300000,7.380000,67083390
2021-12-24,7.370000,7.410000,7.240000,7.260000,69095628
2021-12-27,7.190000,7.260000,7.100000,7.240000,70601904
2021-12-28,7.210000,7.230000,7.110000,7.160000,72127726
2021-12-29,7.130000,7.210000,7.110000,7.130000,55470339
2021-12-30,7.150000,7.190000,7.080000,7.110000,66130425
2021-12-31,7.090000,7.200000,7.070000,7.160000,53106255
2022-01-04,7.140000,7.300000,7.120000,7.230000,91426481
2022-01-05,7.270000,7.300000,7.130000,7.160000,83816524
2022-01-06,7.160000,7.450000,7.130000,7.400000,138188066
2022-01-07,7.360000,7.700000,7.340000,7.620000,161248196
2022-01-10,7.690000,7.740000,7.510000,7.600000,93990240
2022-01-11,7.580000,7.780000,7.560000,7.650000,110943599
2022-01-12,7.610000,7.610000,7.370000,7.510000,99247363
2022-01-13,7.510000,7.640000,7.430000,7.460000,60702293
2022-01-14,7.430000,7.460000,7.240000,7.260000,73675452
2022-01-17,7.220000,7.350000,7.180000,7.320000,70552968
2022-01-18,7.290000,7.570000,7.250000,7.560000,110049233
2022-01-19,7.610000,7.730000,7.550000,7.700000,153015334
2022-01-20,7.660000,7.850000,7.630000,7.770000,125985796
2022-01-21,7.710000,7.730000,7.460000,7.500000,109629409
2022-01-24,7.440000,7.610000,7.360000,7.560000,69531136
2022-01-25,7.530000,7.540000,7.210000,7.230000,105180856
2022-01-26,7.240000,7.390000,7.150000,7.270000,80848225
2022-01-27,7.220000,7.350000,7.170000,7.230000,69675345
2022-01-28,7.290000,7.290000,6.930000,7.040000,117144415
2022-02-07,7.050000,7.390000,7.050000,7.290000,118612175
2022-02-08,7.330000,7.640000,7.270000,7.620000,152162656
2022-02-09,7.600000,7.660000,7.510000,7.620000,89645316
2022-02-10,7.580000,7.750000,7.520000,7.700000,98038533
2022-02-11,7.700000,7.920000,7.640000,7.670000,138908175
2022-02-14,7.610000,7.640000,7.310000,7.360000,101400888
2022-02-15,7.340000,7.390000,7.210000,7.280000,73353895
2022-02-16,7.300000,7.550000,7.290000,7.460000,108021360
2022-02-17,7.460000,7.530000,7.360000,7.390000,68651053
2022-02-18,7.340000,7.640000,7.310000,7.610000,132092111
2022-02-21,7.620000,7.650000,7.450000,7.530000,88999058
2022-02-22,7.460000,7.510000,7.320000,7.390000,82587685
2022-02-23,7.360000,7.420000,7.280000,7.350000,83713287
2022-02-24,7.300000,7.310000,7.010000,7.120000,175624003
2022-02-25,7.120000,7.320000,7.110000,7.170000,100786837
2022-02-28,7.190000,7.230000,7.070000,7.220000,74618617
2022-03-01,7.250000,7.420000,7.200000,7.290000,79876834
2022-03-02,7.260000,7.430000,7.220000,7.270000,92024159
2022-03-03,7.340000,7.510000,7.280000,7.500000,203011910
2022-03-04,7.460000,7.570000,7.330000,7.450000,109877106
2022-03-07,7.520000,7.630000,7.380000,7.410000,170705773
2022-03-08,7.430000,7.450000,7.180000,7.250000,126917357
2022-03-09,7.260000,7.280000,6.800000,7.130000,174685816
2022-03-10,7.180000,7.220000,7.070000,7.080000,82985437
2022-03-11,7.030000,7.030000,6.750000,6.910000,129037644
2022-03-14,6.800000,6.930000,6.710000,6.710000,80071898
2022-03-15,6.680000,6.680000,6.170000,6.180000,147231485
2022-03-16,6.220000,6.400000,6.020000,6.340000,126279046
2022-03-17,6.430000,6.740000,6.390000,6.650000,149567189
2022-03-18,6.650000,6.730000,6.580000,6.680000,67286292
2022-03-21,6.740000,6.750000,6.560000,6.630000,79755887
2022-03-22,6.640000,6.760000,6.600000,6.730000,79952722
2022-03-23,6.700000,6.740000,6.580000,6.660000,65571634
2022-03-24,6.680000,6.750000,6.630000,6.680000,55638163
2022-03-25,6.690000,6.700000,6.600000,6.610000,50130528
2022-03-28,6.560000,6.760000,6.450000,6.700000,59604146
2022-03-29,6.670000,6.710000,6.600000,6.620000,60876836
2022-03-30,6.640000,6.730000,6.580000,6.730000,74334951
2022-03-31,6.690000,6.830000,6.680000,6.750000,79334125
2022-04-01,6.720000,6.880000,6.690000,6.870000,91917859
2022-04-06,6.900000,7.280000,6.860000,7.250000,179060567
2022-04-07,7.200000,7.370000,7.160000,7.200000,160815320
2022-04-08,7.180000,7.350000,7.150000,7.310000,115850733
2022-04-11,7.220000,7.270000,7.080000,7.140000,85746047
2022-04-12,7.110000,7.170000,7.010000,7.110000,79480059
2022-04-13,7.100000,7.320000,7.050000,7.150000,82749269
2022-04-14,7.180000,7.440000,7.160000,7.360000,130826796
2022-04-15,7.300000,7.530000,7.280000,7.350000,117758847
2022-04-18,7.260000,7.300000,7.110000,7.130000,74927256
2022-04-19,7.120000,7.300000,7.090000,7.240000,79036620
2022-04-20,7.210000,7.230000,6.920000,6.940000,100557153
2022-04-21,6.900000,6.950000,6.700000,6.720000,87359059
2022-04-22,6.700000,6.830000,6.600000,6.820000,64815773
2022-04-25,6.700000,6.700000,6.400000,6.440000,103992623
2022-04-26,6.480000,6.530000,6.290000,6.330000,76142450
2022-04-27,6.260000,6.460000,6.160000,6.430000,109062968
2022-04-28,6.380000,6.410000,6.220000,6.320000,111768880
2022-04-29,6.230000,6.490000,6.200000,6.460000,129783860
2022-05-05,6.450000,6.470000,6.310000,6.330000,108156573
2022-05-06,6.200000,6.200000,6.040000,6.090000,91925856
2022-05-09,6.040000,6.110000,6.010000,6.060000,51978702
2022-05-10,6.020000,6.020000,5.870000,5.980000,114950574
2022-05-11,5.960000,6.140000,5.950000,6.040000,125521534
2022-05-12,6.000000,6.060000,5.920000,5.990000,82204368
2022-05-13,5.980000,6.090000,5.980000,6.070000,91255480
2022-05-16,6.130000,6.230000,6.080000,6.210000,118341641
2022-05-17,6.210000,6.240000,6.160000,6.220000,86284900
2022-05-18,6.260000,6.390000,6.170000,6.380000,90965434
2022-05-19,6.280000,6.350000,6.230000,6.340000,56313779
2022-05-20,6.340000,6.410000,6.300000,6.370000,68831470
2022-05-23,6.370000,6.580000,6.360000,6.480000,88642134
2022-05-24,6.480000,6.500000,6.310000,6.320000,72871538
2022-05-25,6.310000,6.420000,6.300000,6.330000,50794489
2022-05-26,6.340000,6.410000,6.250000,6.390000,63082280
2022-05-27,6.400000,6.450000,6.310000,6.370000,58667814
2022-05-30,6.390000,6.430000,6.340000,6.380000,41945493
2022-05-31,6.380000,6.400000,6.310000,6.400000,52052407
2022-06-01,6.400000,6.450000,6.350000,6.440000,51543374
2022-06-02,6.400000,6.530000,6.390000,6.500000,56769836
2022-06-06,6.500000,6.570000,6.380000,6.550000,103766837
2022-06-07,6.520000,6.540000,6.440000,6.500000,80130124
2022-06-08,6.520000,6.630000,6.480000,6.620000,92029253
2022-06-09,6.600000,6.670000,6.560000,6.650000,63843514
2022-06-10,6.610000,6.700000,6.550000,6.680000,70041333
2022-06-13,6.640000,6.640000,6.470000,6.520000,76154014
2022-06-14,6.450000,6.650000,6.420000,6.630000,74014648
2022-06-15,6.620000,6.780000,6.610000,6.680000,83379330
2022-06-16,6.680000,6.750000,6.550000,6.560000,66932459
2022-06-17,6.520000,6.520000,6.390000,6.430000,101103147
2022-06-20,6.420000,6.460000,6.300000,6.410000,88536436
2022-06-21,6.400000,6.430000,6.280000,6.330000,95594685
2022-06-22,6.320000,6.340000,6.230000,6.230000,74481491
2022-06-23,6.230000,6.280000,6.210000,6.270000,51164234
2022-06-24,6.300000,6.300000,6.230000,6.280000,73624982
2022-06-27,6.280000,6.300000,6.210000,6.220000,111701203
2022-06-28,6.240000,6.260000,6.190000,6.250000,67837301
2022-06-29,6.270000,6.320000,6.230000,6.230000,95927674
2022-06-30,6.040000,6.060000,5.980000,6.020000,64381176
2022-07-01,6.040000,6.190000,5.990000,6.180000,99583284
2022-07-04,6.130000,6.210000,6.110000,6.170000,62614828
2022-07-05,6.180000,6.440000,6.170000,6.350000,126142921
2022-07-06,6.320000,6.340000,6.210000,6.230000,75662912
2022-07-07,6.250000,6.270000,6.180000,6.200000,45325330
2022-07-08,6.210000,6.250000,6.130000,6.190000,37759905
2022-07-11,6.160000,6.170000,6.040000,6.050000,63634217
2022-07-12,6.050000,6.180000,6.040000,6.090000,67155393
2022-07-13,6.110000,6.110000,6.050000,6.070000,43551193
2022-07-14,6.070000,6.070000,5.920000,5.930000,77753066
2022-07-15,5.900000,5.910000,5.730000,5.740000,77894059
2022-07-18,5.730000,5.840000,5.700000,5.820000,71424013
2022-07-19,5.820000,5.850000,5.730000,5.760000,76172450
2022-07-20,5.780000,5.820000,5.720000,5.740000,69701998
2022-07-21,5.730000,5.730000,5.600000,5.610000,114077138
2022-07-22,5.620000,5.620000,5.480000,5.530000,98103106
2022-07-25,5.520000,5.530000,5.450000,5.470000,44064578
2022-07-26,5.480000,5.560000,5.470000,5.540000,55398850
2022-07-27,5.540000,5.640000,5.500000,5.620000,55510270
2022-07-28,5.650000,5.660000,5.620000,5.660000,49624496
2022-07-29,5.660000,5.740000,5.640000,5.670000,65140473
2022-08-01,5.670000,5.690000,5.560000,5.580000,49725622
2022-08-02,5.540000,5.540000,5.380000,5.470000,83666570
2022-08-03,5.450000,5.510000,5.180000,5.200000,175155212
2022-08-04,5.200000,5.240000,5.130000,5.220000,96429537
2022-08-05,5.210000,5.290000,5.170000,5.270000,68516877
2022-08-08,5.250000,5.370000,5.250000,5.350000,54418673
2022-08-09,5.360000,5.380000,5.320000,5.340000,41670261
2022-08-10,5.340000,5.370000,5.260000,5.270000,56339873
2022-08-11,5.310000,5.380000,5.290000,5.370000,58167520
2022-08-12,5.370000,5.410000,5.350000,5.380000,50906327
2022-08-15,5.380000,5.420000,5.340000,5.370000,40079047
2022-08-16,5.370000,5.390000,5.330000,5.360000,35538922
2022-08-17,5.360000,5.390000,5.280000,5.370000,47811451
2022-08-18,5.350000,5.360000,5.290000,5.310000,39507281
2022-08-19,5.310000,5.390000,5.290000,5.350000,56698135
2022-08-22,5.350000,5.380000,5.320000,5.370000,37477443
2022-08-23,5.350000,5.360000,5.300000,5.320000,38045440
2022-08-24,5.340000,5.410000,5.260000,5.270000,60465098
2022-08-25,5.300000,5.370000,5.250000,5.370000,42868540
2022-08-26,5.380000,5.400000,5.320000,5.330000,36619595
2022-08-29,5.330000,5.410000,5.240000,5.400000,68447332
2022-08-30,5.380000,5.450000,5.340000,5.360000,49082603
2022-08-31,5.350000,5.380000,5.310000,5.330000,56851135
2022-09-01,5.320000,5.380000,5.310000,5.330000,47453251
2022-09-02,5.340000,5.350000,5.260000,5.270000,45715052
2022-09-05,5.270000,5.400000,5.260000,5.400000,64824200
2022-09-06,5.420000,5.470000,5.390000,5.430000,49414279
2022-09-07,5.430000,5.450000,5.370000,5.440000,41792258
2022-09-08,5.450000,5.540000,5.420000,5.500000,58424220
2022-09-09,5.510000,5.580000,5.490000,5.570000,58359566
2022-09-13,5.580000,5.590000,5.510000,5.520000,53617538
2022-09-14,5.480000,5.530000,5.440000,5.500000,41384671
2022-09-15,5.500000,5.620000,5.500000,5.620000,100031720
2022-09-16,5.620000,5.620000,5.430000,5.440000,89662179
2022-09-19,5.410000,5.470000,5.350000,5.430000,58521240
2022-09-20,5.430000,5.470000,5.340000,5.370000,48698907
2022-09-21,5.370000,5.510000,5.300000,5.500000,52965339
2022-09-22,5.470000,5.500000,5.370000,5.380000,42121188
2022-09-23,5.380000,5.500000,5.370000,5.400000,43224155
2022-09-26,5.370000,5.370000,5.170000,5.180000,94414594
2022-09-27,5.180000,5.330000,5.150000,5.320000,55262948
2022-09-28,5.300000,5.320000,5.220000,5.240000,54220359
2022-09-29,5.270000,5.310000,5.170000,5.180000,59359818
2022-09-30,5.180000,5.290000,5.180000,5.260000,47084549
2022-10-10,5.260000,5.320000,5.210000,5.230000,59540388
2022-10-11,5.240000,5.260000,5.200000,5.220000,45483750
2022-10-12,5.230000,5.260000,5.160000,5.250000,47697407
2022-10-13,5.120000,5.180000,5.080000,5.130000,51649476
2022-10-14,5.160000,5.280000,5.140000,5.260000,58016466
2022-10-17,5.270000,5.370000,5.240000,5.350000,47520763
2022-10-18,5.380000,5.380000,5.260000,5.320000,44797512
2022-10-19,5.340000,5.350000,5.220000,5.250000,28462963
2022-10-20,5.230000,5.300000,5.180000,5.250000,41798955
2022-10-21,5.270000,5.310000,5.250000,5.280000,30881421
2022-10-24,5.310000,5.310000,5.150000,5.170000,47372612
2022-10-25,5.150000,5.230000,5.130000,5.180000,45972550
2022-10-26,5.120000,5.190000,5.060000,5.070000,74776546
2022-10-27,5.080000,5.110000,5.070000,5.070000,36815865
2022-10-28,5.070000,5.080000,4.920000,4.950000,99940779
2022-10-31,4.930000,4.940000,4.780000,4.810000,78497427
2022-11-01,4.800000,4.890000,4.790000,4.880000,47905544
2022-11-02,4.880000,4.930000,4.850000,4.890000,34913636
2022-11-03,4.850000,4.890000,4.830000,4.880000,38611691
2022-11-04,4.860000,4.980000,4.860000,4.950000,45793693
2022-11-07,4.950000,5.070000,4.930000,5.020000,55303108
2022-11-08,5.030000,5.050000,4.990000,5.040000,36968959
2022-11-09,5.040000,5.120000,5.030000,5.110000,57682168
2022-11-10,5.080000,5.140000,5.040000,5.120000,39766167
2022-11-11,5.180000,5.270000,5.160000,5.240000,80281634
2022-11-14,5.290000,5.380000,5.270000,5.320000,97971483
2022-11-15,5.300000,5.400000,5.280000,5.370000,76631986
2022-11-16,5.380000,5.410000,5.320000,5.350000,48801118
2022-11-17,5.340000,5.360000,5.280000,5.320000,57648600
2022-11-18,5.320000,5.370000,5.310000,5.320000,43680498
2022-11-21,5.310000,5.310000,5.220000,5.250000,48370271
2022-11-22,5.260000,5.490000,5.230000,5.390000,72389118
2022-11-23,5.390000,5.530000,5.380000,5.470000,67042821
2022-11-24,5.500000,5.530000,5.410000,5.470000,31697911
2022-11-25,5.460000,5.580000,5.440000,5.570000,53350754
2022-11-28,5.520000,5.520000,5.410000,5.490000,42723209
2022-11-29,5.540000,5.680000,5.500000,5.650000,83725492
2022-11-30,5.640000,5.680000,5.610000,5.640000,56210986
2022-12-01,5.670000,5.720000,5.600000,5.610000,52433464
2022-12-02,5.610000,5.660000,5.590000,5.590000,48343356
2022-12-05,5.630000,6.010000,5.620000,5.910000,160559633
2022-12-06,5.920000,5.980000,5.850000,5.960000,88245695
2022-12-07,5.960000,5.970000,5.780000,5.810000,71183395
2022-12-08,5.810000,5.850000,5.770000,5.810000,37679082
2022-12-09,5.840000,5.970000,5.770000,5.880000,86546925
2022-12-12,5.900000,5.910000,5.730000,5.760000,75531337
2022-12-13,5.770000,5.870000,5.770000,5.810000,43206220
2022-12-14,5.790000,5.850000,5.660000,5.770000,60115392
2022-12-15,5.750000,5.760000,5.650000,5.660000,42238713
2022-12-16,5.620000,5.940000,5.620000,5.840000,110848901
2022-12-19,5.840000,5.850000,5.680000,5.690000,41996041
2022-12-20,5.660000,5.770000,5.630000,5.660000,29418479
2022-12-21,5.660000,5.750000,5.650000,5.690000,22367516
2022-12-22,5.800000,5.900000,5.590000,5.630000,63634879
2022-12-23,5.590000,5.670000,5.510000,5.660000,28199036
2022-12-26,5.640000,5.640000,5.510000,5.540000,36642007
2022-12-27,5.560000,5.670000,5.550000,5.600000,32944213
2022-12-28,5.650000,5.680000,5.600000,5.630000,31884536
2022-12-29,5.600000,5.660000,5.560000,5.600000,23564327
2022-12-30,5.650000,5.650000,5.570000,5.590000,22629375
2023-01-03,5.580000,5.610000,5.520000,5.600000,29708052
2023-01-04,5.580000,5.700000,5.580000,5.650000,31472353
2023-01-05,5.670000,5.780000,5.660000,5.760000,48641657
2023-01-06,5.780000,5.950000,5.760000,5.900000,73953243
2023-01-09,5.920000,5.960000,5.850000,5.890000,36790886
2023-01-10,5.890000,5.910000,5.800000,5.830000,33570945
2023-01-11,5.850000,5.920000,5.810000,5.880000,36592001
2023-01-12,5.880000,5.980000,5.840000,5.930000,42660292
2023-01-13,5.950000,5.990000,5.900000,5.980000,44531034
2023-01-16,6.000000,6.160000,5.980000,6.120000,77548684
2023-01-17,6.120000,6.140000,6.020000,6.070000,40831997
2023-01-18,6.090000,6.100000,6.040000,6.090000,29730400
2023-01-19,6.100000,6.110000,6.040000,6.080000,27256117
2023-01-20,6.090000,6.140000,6.050000,6.130000,50376965
2023-01-30,6.160000,6.210000,6.130000,6.130000,50258890
2023-01-31,6.140000,6.200000,6.120000,6.180000,37063943
2023-02-01,6.190000,6.340000,6.170000,6.300000,56131779
2023-02-02,6.300000,6.340000,6.240000,6.290000,38115119
2023-02-03,6.270000,6.270000,6.020000,6.110000,85832804
2023-02-06,6.070000,6.070000,6.000000,6.040000,38662215
2023-02-07,6.070000,6.130000,6.050000,6.100000,33708724
2023-02-08,6.130000,6.130000,6.050000,6.060000,23205846
2023-02-09,6.060000,6.110000,6.040000,6.080000,21370869
2023-02-10,6.090000,6.130000,6.060000,6.070000,23152651
2023-02-13,6.100000,6.150000,6.050000,6.110000,34175667
2023-02-14,6.140000,6.230000,6.120000,6.230000,43535861
2023-02-15,6.240000,6.270000,6.190000,6.210000,32878421
2023-02-16,6.220000,6.290000,6.140000,6.200000,46167714
2023-02-17,6.180000,6.240000,6.150000,6.150000,28407584
2023-02-20,6.150000,6.420000,6.150000,6.420000,120565431
2023-02-21,6.450000,6.720000,6.430000,6.630000,127700105
2023-02-22,6.610000,6.710000,6.580000,6.630000,44963048
2023-02-23,6.630000,6.680000,6.600000,6.630000,37904893
2023-02-24,6.630000,6.780000,6.630000,6.720000,83414668
2023-02-27,6.680000,6.740000,6.570000,6.640000,54634976
2023-02-28,6.620000,6.640000,6.540000,6.580000,57732295
2023-03-01,6.620000,6.630000,6.560000,6.620000,40509551
2023-03-02,6.620000,6.820000,6.570000,6.730000,64390561
2023-03-03,6.750000,6.810000,6.660000,6.800000,47522496
2023-03-06,6.820000,6.820000,6.630000,6.680000,60677221
2023-03-07,6.670000,6.850000,6.670000,6.710000,75104350
2023-03-08,6.680000,6.760000,6.610000,6.690000,49027744
2023-03-09,6.690000,6.720000,6.600000,6.620000,38617379
2023-03-10,6.590000,6.610000,6.440000,6.440000,79470489
2023-03-13,6.490000,6.590000,6.460000,6.570000,53491955
2023-03-14,6.570000,6.720000,6.510000,6.520000,66978696
2023-03-15,6.550000,6.780000,6.490000,6.730000,84437288
2023-03-16,6.690000,6.710000,6.480000,6.500000,67406502
2023-03-17,6.550000,6.730000,6.520000,6.620000,78728191
2023-03-20,6.640000,6.700000,6.470000,6.500000,53173488
2023-03-21,6.550000,6.560000,6.310000,6.360000,63449151
2023-03-22,6.370000,6.440000,6.310000,6.400000,42700761
2023-03-23,6.350000,6.430000,6.310000,6.410000,28467920
2023-03-24,6.410000,6.410000,6.300000,6.340000,36534703
2023-03-27,6.350000,6.350000,6.250000,6.280000,36029425
2023-03-28,6.280000,6.380000,6.240000,6.270000,34938148
2023-03-29,6.290000,6.290000,6.150000,6.190000,43680303
2023-03-30,6.210000,6.310000,6.180000,6.300000,30008827
2023-03-31,6.280000,6.330000,6.210000,6.240000,50252725
2023-04-03,6.210000,6.300000,6.210000,6.280000,37227011
2023-04-04,6.260000,6.510000,6.260000,6.450000,50904577
2023-04-06,6.430000,6.520000,6.420000,6.490000,29128271
2023-04-07,6.530000,6.540000,6.440000,6.530000,32027721
2023-04-10,6.490000,6.670000,6.480000,6.570000,40401000
2023-04-11,6.610000,6.670000,6.520000,6.650000,58982943
2023-04-12,6.660000,6.980000,6.640000,6.940000,119616822
2023-04-13,6.910000,7.050000,6.830000,6.870000,62035966
2023-04-14,6.900000,6.940000,6.830000,6.890000,32449917
2023-04-17,6.890000,7.080000,6.850000,7.030000,82663612
2023-04-18,7.030000,7.060000,6.920000,6.970000,39827309
2023-04-19,6.990000,7.150000,6.960000,7.080000,85149084
2023-04-20,7.120000,7.120000,6.890000,7.030000,65920291
2023-04-21,7.050000,7.080000,6.870000,6.880000,51259751
2023-04-24,6.870000,6.880000,6.700000,6.750000,61280044
2023-04-25,6.800000,6.830000,6.610000,6.660000,57904822
2023-04-26,6.660000,6.700000,6.500000,6.570000,67413503
2023-04-27,6.580000,6.610000,6.460000,6.560000,47885148
2023-04-28,6.470000,6.500000,6.350000,6.440000,109192611
2023-05-04,6.560000,6.800000,6.480000,6.640000,133748240
2023-05-05,6.610000,6.810000,6.580000,6.620000,98785931
2023-05-08,6.630000,6.900000,6.610000,6.880000,112385062
2023-05-09,6.940000,7.300000,6.940000,7.040000,180854041
2023-05-10,7.010000,7.100000,6.780000,6.810000,107631311
2023-05-11,6.830000,6.860000,6.700000,6.730000,61502386
2023-05-12,6.720000,6.730000,6.500000,6.510000,69328887
2023-05-15,6.510000,6.540000,6.280000,6.410000,104356179
2023-05-16,6.390000,6.470000,6.270000,6.280000,66395356
2023-05-17,6.270000,6.330000,6.190000,6.200000,62762088
2023-05-18,6.250000,6.310000,6.170000,6.230000,58162546
2023-05-19,6.200000,6.300000,6.140000,6.240000,67516073
2023-05-22,6.240000,6.300000,6.220000,6.270000,53946842
2023-05-23,6.260000,6.270000,6.100000,6.100000,59243224
2023-05-24,6.090000,6.090000,5.970000,5.990000,60771047
2023-05-25,5.960000,6.020000,5.910000,5.990000,42624121
2023-05-26,5.990000,6.080000,5.930000,6.070000,32409691
2023-05-29,6.070000,6.110000,5.970000,6.030000,59009311
2023-05-30,6.030000,6.080000,5.900000,5.980000,64564118
2023-05-31,5.920000,5.950000,5.860000,5.880000,64006008
2023-06-01,5.870000,5.940000,5.840000,5.850000,73751849
2023-06-02,5.850000,5.950000,5.830000,5.940000,82961157
2023-06-05,5.940000,6.020000,5.930000,5.950000,51205894
2023-06-06,5.960000,5.980000,5.870000,5.900000,79893558
2023-06-07,5.940000,5.960000,5.870000,5.890000,38533292
2023-06-08,5.900000,5.950000,5.810000,5.950000,71012389
2023-06-09,5.960000,5.970000,5.890000,5.910000,62799096
2023-06-12,5.920000,5.930000,5.860000,5.860000,63820142
2023-06-13,5.860000,5.890000,5.790000,5.820000,59187516
2023-06-14,5.750000,5.820000,5.720000,5.730000,52064594
2023-06-15,5.770000,5.780000,5.650000,5.730000,59256009
2023-06-16,5.730000,5.830000,5.730000,5.820000,59706180
2023-06-19,5.810000,5.820000,5.670000,5.680000,63971880
2023-06-20,5.680000,5.690000,5.550000,5.590000,81642137
2023-06-21,5.580000,5.620000,5.530000,5.530000,50996397
2023-06-26,5.530000,5.580000,5.460000,5.500000,58811960
2023-06-27,5.510000,5.640000,5.480000,5.620000,63186439
2023-06-28,5.620000,5.650000,5.570000,5.650000,36219920
2023-06-29,5.630000,5.650000,5.590000,5.620000,36483915
2023-06-30,5.630000,5.670000,5.600000,5.620000,48374411
2023-07-03,5.620000,5.790000,5.610000,5.750000,49701096
2023-07-04,5.750000,5.780000,5.700000,5.720000,31239658
2023-07-05,5.720000,5.750000,5.700000,5.730000,26187580
2023-07-06,5.720000,5.730000,5.670000,5.680000,21452866
2023-07-07,5.660000,5.740000,5.650000,5.710000,25264618
2023-07-10,5.720000,5.770000,5.670000,5.690000,27069242
2023-07-11,5.680000,5.750000,5.680000,5.710000,23943821
2023-07-12,5.710000,5.720000,5.640000,5.660000,24770934
2023-07-13,5.680000,5.770000,5.670000,5.740000,37364752
2023-07-14,5.730000,5.820000,5.730000,5.770000,42319936
2023-07-17,5.770000,5.780000,5.710000,5.740000,21808220
2023-07-18,5.750000,5.750000,5.680000,5.710000,26901735
2023-07-19,5.700000,5.750000,5.680000,5.740000,28469973
2023-07-20,5.740000,5.800000,5.730000,5.760000,49758486
2023-07-21,5.770000,5.780000,5.710000,5.760000,32956659
2023-07-24,5.750000,5.810000,5.730000,5.760000,26420703
2023-07-25,5.830000,6.110000,5.830000,6.090000,169902603
2023-07-26,6.080000,6.240000,6.020000,6.100000,87460623
2023-07-27,6.100000,6.440000,6.090000,6.290000,204665755
2023-07-28,6.280000,6.530000,6.260000,6.480000,134172489
2023-07-31,6.480000,6.600000,6.380000,6.420000,126627619
2023-08-01,6.430000,6.550000,6.380000,6.470000,106774627
2023-08-02,6.410000,6.540000,6.360000,6.500000,88207578
2023-08-03,6.450000,6.550000,6.420000,6.540000,65000796
2023-08-04,6.570000,6.710000,6.500000,6.520000,78157332
2023-08-07,6.500000,6.500000,6.330000,6.400000,74875052
2023-08-08,6.400000,6.440000,6.350000,6.360000,36556170
2023-08-09,6.390000,6.430000,6.330000,6.370000,43835650
2023-08-10,6.360000,6.440000,6.350000,6.420000,32934435
2023-08-11,6.440000,6.450000,6.260000,6.290000,47462482
2023-08-14,6.240000,6.310000,6.160000,6.270000,46302953
2023-08-15,6.290000,6.340000,6.230000,6.290000,30575200
2023-08-16,6.300000,6.350000,6.240000,6.290000,30847626
2023-08-17,6.250000,6.270000,6.170000,6.250000,50244634
2023-08-18,6.270000,6.330000,6.210000,6.220000,29090119
2023-08-21,6.220000,6.280000,6.170000,6.170000,34099144
2023-08-22,6.160000,6.270000,6.140000,6.220000,54261758
2023-08-23,6.250000,6.250000,6.150000,6.150000,35173385
2023-08-24,6.180000,6.220000,6.050000,6.070000,52842957
2023-08-25,6.080000,6.220000,6.040000,6.170000,56347509
2023-08-28,6.420000,6.460000,6.300000,6.360000,104482270
2023-08-29,6.360000,6.370000,6.130000,6.180000,92211820
2023-08-30,6.170000,6.220000,6.090000,6.110000,53042637
2023-08-31,6.060000,6.120000,6.050000,6.060000,64344759
2023-09-01,6.080000,6.400000,6.080000,6.360000,104420623
2023-09-04,6.390000,6.770000,6.380000,6.630000,167021543
2023-09-05,6.650000,6.660000,6.480000,6.550000,74373343
2023-09-06,6.570000,6.570000,6.420000,6.420000,51357200
2023-09-07,6.400000,6.490000,6.340000,6.370000,73136718
2023-09-08,6.340000,6.360000,6.210000,6.220000,56691099
2023-09-11,6.210000,6.260000,6.170000,6.210000,74397672
2023-09-12,6.210000,6.270000,6.150000,6.200000,59427727
2023-09-13,6.190000,6.390000,6.170000,6.240000,90291050
2023-09-14,6.230000,6.320000,6.200000,6.280000,79253650
2023-09-15,6.290000,6.370000,6.200000,6.220000,113332691
2023-09-18,6.230000,6.250000,6.140000,6.210000,62924264
2023-09-19,6.180000,6.400000,6.180000,6.390000,120858183
2023-09-20,6.390000,6.430000,6.300000,6.400000,68643971
2023-09-21,6.410000,6.410000,6.250000,6.260000,67881782
2023-09-22,6.270000,6.310000,6.180000,6.240000,68188655
2023-09-25,6.240000,6.320000,6.190000,6.240000,72691557
2023-09-26,6.230000,6.310000,6.190000,6.200000,59385325
2023-09-27,6.190000,6.220000,6.100000,6.120000,72905701
2023-09-28,6.130000,6.150000,6.080000,6.090000,54898218
2023-10-09,6.090000,6.170000,6.080000,6.140000,53782846
2023-10-10,6.140000,6.200000,6.080000,6.110000,65419912
2023-10-11,6.120000,6.120000,6.010000,6.030000,62283653
2023-10-12,6.060000,6.150000,6.050000,6.120000,51210117
2023-10-13,6.090000,6.100000,6.010000,6.060000,45844324
2023-10-16,5.970000,5.980000,5.860000,5.900000,52692627
2023-10-17,6.150000,6.240000,6.060000,6.200000,147688902
2023-10-18,6.200000,6.290000,6.040000,6.220000,213383805
2023-10-19,6.150000,6.160000,5.840000,5.840000,191256525
2023-10-20,5.800000,5.930000,5.770000,5.840000,80828063
2023-10-23,5.860000,5.860000,5.740000,5.790000,61449209
2023-10-24,5.800000,5.820000,5.750000,5.800000,48310750
2023-10-25,5.960000,6.350000,5.960000,6.330000,300587901
2023-10-26,6.280000,6.410000,6.210000,6.330000,137481953
2023-10-27,6.320000,6.410000,6.250000,6.280000,112003269
2023-10-30,6.260000,6.350000,6.240000,6.280000,73958530
2023-10-31,6.270000,6.320000,6.240000,6.260000,56664670
2023-11-01,6.280000,6.290000,6.190000,6.250000,71992643
2023-11-02,6.230000,6.350000,6.230000,6.290000,70615014
2023-11-03,6.300000,6.340000,6.150000,6.170000,93481029
2023-11-06,6.180000,6.200000,6.080000,6.090000,98618035
2023-11-07,6.090000,6.130000,6.040000,6.090000,71785739
2023-11-08,6.070000,6.080000,6.000000,6.030000,60288622
2023-11-09,6.030000,6.110000,6.010000,6.070000,56241006
2023-11-10,6.050000,6.080000,6.000000,6.050000,41922873
2023-11-13,6.070000,6.210000,6.060000,6.180000,87933526
2023-11-14,6.170000,6.170000,6.030000,6.070000,77151882
2023-11-15,6.120000,6.200000,6.100000,6.200000,89313579
2023-11-16,6.180000,6.280000,6.150000,6.230000,80351992
2023-11-17,6.230000,6.300000,6.170000,6.180000,47683803
2023-11-20,6.180000,6.230000,6.150000,6.180000,46067897
2023-11-21,6.220000,6.320000,6.210000,6.260000,82639544
2023-11-22,6.270000,6.280000,6.210000,6.210000,51288922
2023-11-23,6.210000,6.260000,6.160000,6.250000,59169460
2023-11-24,6.240000,6.280000,6.210000,6.210000,51683804
2023-11-27,6.210000,6.220000,6.080000,6.160000,75195304
2023-11-28,6.170000,6.270000,6.130000,6.260000,73374133
2023-11-29,6.260000,6.280000,6.150000,6.170000,52891745
2023-11-30,6.160000,6.250000,6.150000,6.220000,53562869
2023-12-01,6.230000,6.290000,6.210000,6.250000,60656191
2023-12-04,6.250000,6.320000,6.220000,6.230000,52067103
2023-12-05,6.230000,6.240000,6.130000,6.140000,50306402
2023-12-06,6.140000,6.180000,6.070000,6.120000,41325390
2023-12-07,6.120000,6.190000,6.070000,6.140000,62075794
2023-12-08,6.160000,6.210000,6.110000,6.110000,93308156
2023-12-11,6.140000,6.180000,5.850000,6.170000,143492585
2023-12-12,6.120000,6.120000,5.910000,6.040000,119279249
2023-12-13,6.000000,6.080000,5.940000,6.000000,101496854
2023-12-14,6.000000,6.080000,5.980000,6.010000,66376469
2023-12-15,6.030000,6.110000,5.990000,6.060000,74403405
2023-12-18,6.040000,6.090000,5.990000,6.000000,45723420
2023-12-19,6.000000,6.020000,5.960000,6.000000,41789168
2023-12-20,6.010000,6.120000,5.990000,6.020000,57961982
2023-12-21,6.010000,6.030000,5.940000,6.000000,60550118
2023-12-22,6.000000,6.090000,5.970000,6.070000,64141362
2023-12-25,6.080000,6.090000,6.030000,6.070000,34359149
2023-12-26,6.070000,6.100000,6.010000,6.020000,41700213
2023-12-27,6.020000,6.050000,5.960000,6.050000,57070929
2023-12-28,6.040000,6.080000,5.940000,5.960000,126353993
2023-12-29,5.930000,5.960000,5.880000,5.930000,88167907
2024-01-02,5.930000,6.050000,5.920000,6.010000,83846158
2024-01-03,6.000000,6.140000,5.990000,6.140000,104082386
2024-01-04,6.140000,6.180000,6.100000,6.150000,57185285
2024-01-05,6.160000,6.270000,6.130000,6.180000,78923380
2024-01-08,6.180000,6.210000,6.140000,6.150000,61597552
2024-01-09,6.150000,6.180000,6.070000,6.140000,54444062
2024-01-10,6.120000,6.150000,6.040000,6.040000,67091468
2024-01-11,6.060000,6.060000,5.940000,5.960000,91556951
2024-01-12,5.940000,5.980000,5.920000,5.920000,61601976
2024-01-15,5.940000,5.970000,5.870000,5.890000,74928777
2024-01-16,5.890000,5.920000,5.850000,5.900000,69554526
2024-01-17,5.900000,5.940000,5.800000,5.800000,76908396
2024-01-18,5.800000,5.800000,5.560000,5.740000,144008692
2024-01-19,5.720000,5.780000,5.650000,5.770000,84995462
2024-01-22,5.760000,5.800000,5.610000,5.650000,79507852
2024-01-23,5.650000,5.740000,5.550000,5.670000,97454178
2024-01-24,5.700000,5.900000,5.690000,5.890000,86389864
2024-01-25,5.900000,6.080000,5.890000,6.080000,120436639
2024-01-26,6.070000,6.210000,6.050000,6.210000,109667106
2024-01-29,6.230000,6.280000,6.190000,6.200000,83971791
2024-01-30,6.190000,6.260000,6.130000,6.160000,75549950
2024-01-31,6.150000,6.230000,6.080000,6.150000,117025790
2024-02-01,6.120000,6.230000,6.090000,6.120000,87744455
2024-02-02,6.140000,6.250000,6.050000,6.170000,104485317
2024-02-05,6.190000,6.260000,6.100000,6.220000,120368378
2024-02-06,6.210000,6.340000,6.180000,6.320000,111221626
2024-02-07,6.340000,6.350000,6.170000,6.290000,125984850
2024-02-08,6.250000,6.310000,6.180000,6.310000,122688915
2024-02-19,6.310000,6.450000,6.300000,6.440000,85018968
2024-02-20,6.440000,6.590000,6.400000,6.560000,75589724
2024-02-21,6.570000,6.620000,6.500000,6.550000,73297621
2024-02-22,6.550000,6.670000,6.520000,6.660000,56804245
2024-02-23,6.660000,6.770000,6.640000,6.660000,59883903
2024-02-26,6.670000,6.770000,6.560000,6.580000,72212438
2024-02-27,6.570000,6.720000,6.550000,6.650000,62545018
2024-02-28,6.650000,6.690000,6.590000,6.600000,56785777
2024-02-29,6.580000,6.690000,6.580000,6.670000,67402168
2024-03-01,6.660000,6.760000,6.650000,6.680000,44815228
2024-03-04,6.670000,6.740000,6.620000,6.640000,61677158
2024-03-05,6.640000,6.750000,6.600000,6.730000,63702617
2024-03-06,6.730000,6.780000,6.690000,6.700000,43110129
2024-03-07,6.680000,6.910000,6.680000,6.840000,87864228
2024-03-08,6.870000,6.940000,6.810000,6.860000,62402155
2024-03-11,6.850000,6.920000,6.720000,6.800000,64901319
2024-03-12,6.780000,6.790000,6.580000,6.610000,115395595
2024-03-13,6.610000,6.680000,6.570000,6.600000,68034787
2024-03-14,6.620000,6.720000,6.580000,6.610000,63580097
2024-03-15,6.570000,6.630000,6.490000,6.570000,99462912
2024-03-18,6.600000,6.640000,6.510000,6.630000,67842713
2024-03-19,6.620000,6.680000,6.570000,6.590000,60269200
2024-03-20,6.570000,6.640000,6.550000,6.580000,51376065
2024-03-21,6.570000,6.610000,6.540000,6.540000,34941170
2024-03-22,6.540000,6.560000,6.440000,6.480000,49553069
2024-03-25,6.440000,6.570000,6.440000,6.490000,48772545
2024-03-26,6.500000,6.520000,6.430000,6.490000,41645811
2024-03-27,6.490000,6.560000,6.470000,6.510000,51991069
2024-03-28,6.500000,6.540000,6.450000,6.470000,61272632
2024-03-29,6.470000,6.670000,6.460000,6.640000,60620588
2024-04-01,6.660000,6.690000,6.580000,6.630000,51512605
2024-04-02,6.630000,6.770000,6.610000,6.690000,55414479
2024-04-03,6.710000,6.750000,6.630000,6.670000,83876844
2024-04-08,6.680000,6.800000,6.660000,6.710000,80510747
2024-04-09,6.710000,6.740000,6.550000,6.640000,66256513
2024-04-10,6.620000,6.690000,6.590000,6.640000,55037151
2024-04-11,6.610000,6.770000,6.560000,6.690000,62924052
2024-04-12,6.710000,6.780000,6.680000,6.740000,71355198
2024-04-15,6.750000,6.930000,6.720000,6.900000,104550024
2024-04-16,6.900000,7.080000,6.880000,7.000000,157610882
2024-04-17,6.970000,7.230000,6.920000,7.210000,127820869
2024-04-18,7.200000,7.380000,7.180000,7.290000,106301706
2024-04-19,7.250000,7.430000,7.220000,7.360000,93120665
2024-04-22,7.390000,7.480000,7.210000,7.280000,86565666
2024-04-23,7.280000,7.280000,7.010000,7.030000,87121575
2024-04-24,7.040000,7.090000,6.990000,7.070000,48564892
2024-04-25,7.080000,7.170000,7.040000,7.110000,53612273
2024-04-26,7.110000,7.200000,6.980000,7.090000,82994614
2024-04-29,7.050000,7.090000,6.860000,7.030000,113103875
2024-04-30,7.010000,7.120000,6.950000,6.950000,79044050
2024-05-06,7.010000,7.090000,6.940000,6.970000,89014314
2024-05-07,6.980000,6.980000,6.820000,6.860000,88738632
2024-05-08,6.840000,6.880000,6.780000,6.840000,61148967
2024-05-09,6.840000,6.960000,6.840000,6.950000,67009996
2024-05-10,6.950000,7.050000,6.930000,7.030000,68275355
2024-05-13,7.030000,7.120000,6.940000,7.100000,76513875
2024-05-14,7.080000,7.100000,6.950000,6.950000,70038149
2024-05-15,6.940000,6.980000,6.870000,6.920000,53911161
2024-05-16,6.920000,7.030000,6.900000,7.000000,78632119
2024-05-17,7.000000,7.030000,6.890000,7.020000,64452662
2024-05-20,7.010000,7.080000,6.930000,7.010000,99993556
2024-05-21,7.000000,7.080000,6.950000,7.000000,87704899
2024-05-22,7.000000,7.180000,6.990000,7.090000,103890117
2024-05-23,7.060000,7.070000,6.950000,6.960000,77336843
2024-05-24,6.930000,7.000000,6.900000,6.910000,47597255
2024-05-27,6.930000,7.020000,6.910000,6.990000,56715687
2024-05-28,7.000000,7.080000,6.950000,6.990000,61414882
2024-05-29,6.960000,7.040000,6.910000,6.990000,48018615
2024-05-30,7.090000,7.180000,6.960000,6.980000,117118247
2024-05-31,6.970000,7.030000,6.900000,6.900000,73920526
2024-06-03,6.900000,6.980000,6.850000,6.950000,80914704
2024-06-04,6.930000,7.090000,6.890000,7.070000,89602524
2024-06-05,7.100000,7.130000,7.030000,7.050000,53328881
2024-06-06,7.050000,7.130000,7.000000,7.040000,72468231
2024-06-07,7.070000,7.080000,6.940000,6.990000,77047924
2024-06-11,6.990000,6.990000,6.840000,6.840000,83873255
2024-06-12,6.840000,6.920000,6.780000,6.890000,72894589
2024-06-13,6.750000,6.770000,6.640000,6.650000,63245449
2024-06-14,6.650000,6.810000,6.630000,6.800000,83678411
2024-06-17,6.750000,6.780000,6.470000,6.490000,139640128
2024-06-18,6.480000,6.600000,6.470000,6.560000,63525069
2024-06-19,6.560000,6.700000,6.550000,6.640000,50460493
2024-06-20,6.660000,6.690000,6.620000,6.660000,32443194
2024-06-21,6.670000,6.680000,6.570000,6.580000,40888194
2024-06-24,6.570000,6.600000,6.520000,6.570000,48390778
2024-06-25,6.570000,6.640000,6.530000,6.590000,40385102
2024-06-26,6.590000,6.650000,6.530000,6.600000,40650438
2024-06-27,6.570000,6.630000,6.550000,6.560000,41918149
2024-06-28,6.560000,6.700000,6.550000,6.650000,53880025
2024-07-01,6.620000,6.780000,6.610000,6.760000,51878802
2024-07-02,6.770000,7.050000,6.760000,6.990000,84008937
2024-07-03,6.990000,7.050000,6.940000,6.980000,48426453
2024-07-04,7.000000,7.040000,6.980000,6.990000,47863320
2024-07-05,7.000000,7.070000,6.900000,7.000000,59348582
2024-07-08,7.030000,7.100000,6.990000,7.060000,65344404
2024-07-09,7.090000,7.100000,6.990000,7.050000,54238462
2024-07-10,7.040000,7.060000,6.890000,6.920000,53422736
2024-07-11,6.920000,6.980000,6.880000,6.950000,46570756
2024-07-12,6.940000,6.990000,6.900000,6.940000,39631976
2024-07-15,6.930000,7.030000,6.920000,7.000000,43558327
2024-07-16,6.970000,7.030000,6.950000,7.010000,36059971
2024-07-17,7.000000,7.050000,6.980000,7.030000,45015811
2024-07-18,7.000000,7.110000,6.940000,7.090000,61743002
2024-07-19,7.090000,7.120000,7.010000,7.070000,64674131
2024-07-22,7.090000,7.130000,7.030000,7.110000,53795796
2024-07-23,7.080000,7.100000,6.920000,6.930000,55597708
2024-07-24,6.910000,6.990000,6.890000,6.960000,51525617
2024-07-25,6.970000,7.000000,6.840000,6.910000,54922277
2024-07-26,6.910000,6.970000,6.800000,6.840000,58839272
2024-07-29,6.850000,6.990000,6.830000,6.960000,49848533
2024-07-30,6.980000,6.990000,6.880000,6.930000,43367588
2024-07-31,6.950000,6.980000,6.790000,6.800000,119344344
2024-08-01,6.800000,6.870000,6.770000,6.820000,87445473
2024-08-02,6.790000,6.810000,6.710000,6.720000,56534013
2024-08-05,6.710000,6.710000,6.510000,6.520000,95195306
2024-08-06,6.520000,6.640000,6.380000,6.450000,89195154
2024-08-07,6.450000,6.460000,6.400000,6.420000,62191931
2024-08-08,6.420000,6.420000,6.320000,6.380000,61319241
2024-08-09,6.380000,6.420000,6.350000,6.350000,49714823
2024-08-12,6.350000,6.360000,6.240000,6.270000,55947929
2024-08-13,6.290000,6.300000,6.220000,6.300000,53738165
2024-08-14,6.290000,6.290000,6.120000,6.130000,69019935
2024-08-15,6.100000,6.160000,6.030000,6.140000,62587608
2024-08-16,6.140000,6.170000,6.070000,6.100000,58171682
2024-08-19,6.090000,6.160000,6.080000,6.100000,57980422
2024-08-20,6.120000,6.130000,6.000000,6.010000,65373020
2024-08-21,6.010000,6.070000,5.970000,6.040000,71117813
2024-08-22,6.040000,6.060000,5.930000,5.970000,63085676
2024-08-23,5.960000,6.000000,5.940000,5.980000,37673391
2024-08-26,5.980000,6.010000,5.930000,6.010000,61797633
2024-08-27,6.000000,6.080000,5.970000,6.050000,61682484
2024-08-28,6.130000,6.130000,5.940000,5.990000,82818415
2024-08-29,5.970000,5.980000,5.830000,5.850000,88989956
2024-08-30,5.860000,6.020000,5.840000,5.960000,89859655
2024-09-02,5.950000,5.980000,5.870000,5.930000,55579203
2024-09-03,5.940000,5.950000,5.820000,5.870000,60480449
2024-09-04,5.880000,5.880000,5.760000,5.850000,45311875
2024-09-05,5.850000,5.870000,5.760000,5.830000,56046142
2024-09-06,5.820000,5.910000,5.800000,5.810000,44441339
2024-09-09,5.800000,5.810000,5.590000,5.670000,82137666
2024-09-10,5.660000,5.690000,5.590000,5.670000,57300705
2024-09-11,5.650000,5.660000,5.530000,5.580000,60804989
2024-09-12,5.570000,5.610000,5.540000,5.600000,41499769
2024-09-13,5.590000,5.650000,5.580000,5.580000,31700168
2024-09-18,5.570000,5.600000,5.500000,5.580000,39757857
2024-09-19,5.600000,5.660000,5.540000,5.600000,77141199
2024-09-20,5.600000,5.660000,5.580000,5.610000,67988198
2024-09-23,5.610000,5.760000,5.600000,5.720000,60803482
2024-09-24,5.750000,6.010000,5.750000,6.000000,125926399
2024-09-25,6.050000,6.330000,6.050000,6.170000,253123253
2024-09-26,6.190000,6.410000,6.160000,6.380000,175111351
2024-09-27,6.440000,6.590000,6.290000,6.410000,113574254
2024-09-30,6.660000,6.960000,6.650000,6.940000,251096196
2024-10-08,7.630000,7.630000,6.830000,7.030000,300369627
2024-10-09,6.970000,6.970000,6.380000,6.390000,236811859
2024-10-10,6.390000,6.960000,6.380000,6.760000,240171018
2024-10-11,6.760000,6.910000,6.610000,6.770000,149641512
2024-10-14,6.820000,7.090000,6.810000,6.930000,159240558
2024-10-15,6.860000,6.950000,6.660000,6.660000,133005329
2024-10-16,6.640000,6.810000,6.590000,6.720000,111923723
2024-10-17,6.740000,6.790000,6.540000,6.540000,106553977
2024-10-18,6.540000,6.650000,6.440000,6.560000,128171822
2024-10-21,6.630000,6.630000,6.470000,6.520000,100174512
2024-10-22,6.500000,6.590000,6.480000,6.570000,75911305
2024-10-23,6.590000,6.720000,6.560000,6.650000,87304823
2024-10-24,6.660000,6.670000,6.550000,6.590000,49902863
2024-10-25,6.600000,6.640000,6.560000,6.590000,53761090
2024-10-28,6.650000,6.950000,6.640000,6.910000,206009825
2024-10-29,6.940000,6.940000,6.750000,6.770000,109075322
2024-10-30,6.660000,6.720000,6.510000,6.560000,123616262
2024-10-31,6.530000,6.620000,6.440000,6.520000,97801363
2024-11-01,6.500000,6.780000,6.480000,6.680000,142103583
2024-11-04,6.680000,6.710000,6.530000,6.690000,85385859
2024-11-05,6.660000,6.780000,6.650000,6.780000,89670380
2024-11-06,6.800000,6.800000,6.710000,6.790000,96450908
2024-11-07,6.730000,6.950000,6.700000,6.950000,139933580
2024-11-08,6.980000,7.020000,6.770000,6.830000,116722466
2024-11-11,6.810000,6.810000,6.630000,6.710000,94968311
2024-11-12,6.700000,6.760000,6.610000,6.610000,81831382
2024-11-13,6.600000,6.700000,6.600000,6.630000,66925157
2024-11-14,6.640000,6.670000,6.550000,6.550000,66801369
2024-11-15,6.540000,6.640000,6.520000,6.580000,67918264
2024-11-18,6.650000,6.930000,6.650000,6.800000,192455019
2024-11-19,6.770000,6.810000,6.640000,6.730000,97868122
2024-11-20,6.670000,6.740000,6.660000,6.730000,57240509
2024-11-21,6.710000,6.790000,6.710000,6.770000,54681499
2024-11-22,6.750000,6.810000,6.560000,6.560000,77096604
2024-11-25,6.580000,6.660000,6.520000,6.560000,61202426
2024-11-26,6.560000,6.590000,6.500000,6.520000,52612064
2024-11-27,6.520000,6.600000,6.450000,6.600000,53945780
2024-11-28,6.580000,6.670000,6.570000,6.620000,48384343
2024-11-29,6.640000,6.740000,6.610000,6.620000,70180763
2024-12-02,6.620000,6.820000,6.610000,6.780000,116655042
2024-12-03,6.800000,6.840000,6.750000,6.820000,61502714
2024-12-04,6.810000,6.870000,6.740000,6.820000,70890334
2024-12-05,6.820000,6.840000,6.770000,6.830000,58091273
2024-12-06,6.850000,6.950000,6.830000,6.920000,94926874
2024-12-09,6.920000,6.970000,6.890000,6.950000,74949755
2024-12-10,7.050000,7.090000,6.900000,6.910000,89521505
2024-12-11,6.890000,7.010000,6.880000,6.990000,78164451
2024-12-12,6.990000,7.000000,6.860000,6.890000,84188631
2024-12-13,6.890000,6.890000,6.740000,6.750000,100510020
2024-12-16,6.750000,6.850000,6.700000,6.790000,72421613
2024-12-17,6.780000,6.900000,6.760000,6.860000,72731633
2024-12-18,6.880000,7.080000,6.880000,7.020000,138007685
2024-12-19,6.990000,7.010000,6.890000,6.890000,71208904
2024-12-20,6.910000,6.940000,6.770000,6.780000,79057963
2024-12-23,6.780000,7.010000,6.770000,6.990000,131246966
2024-12-24,6.950000,7.060000,6.940000,7.020000,79103225
2024-12-25,7.040000,7.110000,7.010000,7.110000,81977004
2024-12-26,7.130000,7.150000,6.950000,6.990000,64182681
2024-12-27,7.010000,7.090000,6.950000,7.040000,64852276
2024-12-30,7.000000,7.070000,6.960000,7.040000,57577768
2024-12-31,7.030000,7.090000,6.970000,7.000000,59773911
2025-01-02,6.990000,7.050000,6.890000,6.920000,89251555
2025-01-03,6.930000,7.020000,6.850000,6.880000,74877211
2025-01-06,6.890000,6.920000,6.740000,6.910000,81032463
2025-01-07,6.910000,6.910000,6.630000,6.730000,113662899
2025-01-08,6.730000,6.740000,6.610000,6.720000,67394369
2025-01-09,6.660000,6.680000,6.590000,6.600000,56480399
2025-01-10,6.580000,6.620000,6.520000,6.550000,40902114
2025-01-13,6.500000,6.510000,6.410000,6.510000,65889294
2025-01-14,6.530000,6.600000,6.490000,6.580000,51227225
2025-01-15,6.580000,6.700000,6.560000,6.680000,61910905
2025-01-16,6.700000,6.780000,6.660000,6.780000,53426709
2025-01-17,6.740000,6.770000,6.570000,6.600000,72650099
2025-01-20,6.620000,6.660000,6.560000,6.580000,55528939
2025-01-21,6.620000,6.620000,6.440000,6.450000,70530114
2025-01-22,6.450000,6.590000,6.410000,6.550000,63451579
2025-01-23,6.590000,6.660000,6.530000,6.560000,65916370
2025-01-24,6.570000,6.870000,6.550000,6.820000,124461175
2025-01-27,6.810000,7.020000,6.800000,7.010000,121403004
2025-02-05,7.000000,7.000000,6.680000,6.720000,100088764
2025-02-06,6.720000,6.790000,6.680000,6.700000,59352464
2025-02-07,6.700000,6.960000,6.680000,6.950000,109027030
2025-02-10,6.950000,7.070000,6.850000,6.900000,84090179
2025-02-11,6.900000,6.990000,6.860000,6.890000,58163845
2025-02-12,6.900000,6.920000,6.780000,6.850000,48973895
2025-02-13,6.850000,6.900000,6.850000,6.850000,40534952
2025-02-14,6.850000,6.870000,6.760000,6.800000,46051080
2025-02-17,6.800000,6.830000,6.750000,6.760000,45741321
2025-02-18,6.750000,6.810000,6.700000,6.740000,58562001
2025-02-19,6.730000,6.770000,6.620000,6.650000,81241667
2025-02-20,6.630000,6.680000,6.580000,6.650000,50733289
2025-02-21,6.650000,6.710000,6.580000,6.710000,89660351
2025-02-24,6.700000,6.760000,6.670000,6.720000,60977731
2025-02-25,6.700000,6.740000,6.620000,6.630000,51041864
2025-02-26,6.650000,6.960000,6.650000,6.940000,167335720
2025-02-27,6.990000,7.080000,6.860000,7.080000,181620801
2025-02-28,7.080000,7.140000,7.040000,7.080000,116898643
2025-03-03,7.080000,7.320000,7.080000,7.270000,142688641
2025-03-04,7.250000,7.330000,7.190000,7.260000,69691628
2025-03-05,7.270000,7.360000,7.160000,7.350000,87397307
2025-03-06,7.350000,7.380000,7.220000,7.370000,103040559
2025-03-07,7.360000,7.550000,7.350000,7.500000,129508573
2025-03-10,7.520000,7.520000,7.310000,7.380000,77994476
2025-03-11,7.360000,7.510000,7.290000,7.510000,67335847
2025-03-12,7.510000,7.600000,7.420000,7.480000,72799811
2025-03-13,7.520000,7.550000,7.390000,7.550000,58057782
2025-03-14,7.560000,7.600000,7.400000,7.450000,81816884
2025-03-17,7.460000,7.560000,7.440000,7.490000,62607536
2025-03-18,7.500000,7.500000,7.300000,7.400000,59445559
2025-03-19,7.400000,7.440000,7.280000,7.300000,39894062
2025-03-20,7.310000,7.460000,7.230000,7.380000,65608897
2025-03-21,7.380000,7.540000,7.380000,7.510000,93661177
2025-03-24,7.510000,7.580000,7.450000,7.530000,56103274
2025-03-25,7.550000,7.650000,7.460000,7.530000,49874321
2025-03-26,7.500000,7.530000,7.370000,7.440000,55001293
2025-03-27,7.430000,7.480000,7.400000,7.420000,32040387
2025-03-28,7.430000,7.440000,7.320000,7.330000,40196769
2025-03-31,7.300000,7.330000,7.160000,7.200000,68489071
2025-04-01,7.250000,7.370000,7.190000,7.320000,50831339
2025-04-02,7.210000,7.320000,7.200000,7.230000,36921279
2025-04-03,7.200000,7.310000,7.180000,7.260000,34460170
2025-04-07,7.100000,7.110000,6.530000,6.690000,158354652
2025-04-08,6.640000,6.870000,6.640000,6.790000,120937178
2025-04-09,6.790000,6.830000,6.630000,6.830000,103008747
2025-04-10,6.860000,6.900000,6.760000,6.770000,94567843
2025-04-11,6.770000,6.800000,6.690000,6.780000,52400674
2025-04-14,6.800000,6.840000,6.760000,6.810000,50297753
2025-04-15,6.810000,6.820000,6.700000,6.740000,70178495
2025-04-16,6.740000,6.780000,6.660000,6.780000,81171472
2025-04-17,6.730000,6.760000,6.660000,6.680000,70588796
2025-04-18,6.680000,6.800000,6.660000,6.780000,50123233
2025-04-21,6.770000,6.840000,6.700000,6.710000,57639795
2025-04-22,6.710000,6.710000,6.600000,6.620000,93479263
2025-04-23,6.630000,6.640000,6.520000,6.530000,113884990
2025-04-24,6.530000,6.580000,6.500000,6.520000,56579814
2025-04-25,6.530000,6.670000,6.510000,6.640000,89927373
2025-04-28,6.700000,7.060000,6.680000,6.920000,226895743
2025-04-29,6.920000,7.020000,6.890000,6.930000,61638762
2025-04-30,6.940000,6.940000,6.800000,6.840000,64113729
2025-05-06,6.850000,6.950000,6.770000,6.890000,70509802
2025-05-07,6.970000,6.980000,6.860000,6.950000,50278835
2025-05-08,6.910000,6.970000,6.870000,6.880000,48499977
2025-05-09,6.890000,6.940000,6.860000,6.930000,46398753
2025-05-12,6.930000,6.950000,6.870000,6.910000,53492353
2025-05-13,6.930000,7.090000,6.930000,6.980000,83861978
2025-05-14,6.990000,7.030000,6.950000,7.010000,38010893
2025-05-15,7.000000,7.030000,6.960000,6.970000,31684823
2025-05-16,6.960000,6.980000,6.880000,6.960000,41928403
2025-05-19,6.950000,6.980000,6.900000,6.970000,31645782
2025-05-20,6.970000,7.020000,6.920000,6.940000,32850568
2025-05-21,6.940000,7.010000,6.890000,6.950000,60709626
2025-05-22,6.940000,6.960000,6.830000,6.860000,70091856
2025-05-23,6.870000,7.000000,6.860000,6.860000,59615426
2025-05-26,6.850000,6.880000,6.800000,6.800000,40723815
2025-05-27,6.800000,6.810000,6.710000,6.720000,43941934
2025-05-28,6.730000,6.740000,6.670000,6.670000,39116692
2025-05-29,6.670000,6.710000,6.650000,6.690000,49070936
2025-05-30,6.680000,6.790000,6.680000,6.740000,54475236
2025-06-03,6.720000,6.720000,6.570000,6.580000,133847544
2025-06-04,6.610000,6.690000,6.590000,6.680000,80513730
2025-06-05,6.700000,6.720000,6.620000,6.640000,46617757
2025-06-06,6.650000,6.710000,6.640000,6.650000,52284699
2025-06-09,6.670000,6.690000,6.640000,6.670000,43641140
2025-06-10,6.670000,6.720000,6.640000,6.680000,53783923
2025-06-11,6.610000,6.730000,6.580000,6.700000,66093425
2025-06-12,6.700000,6.740000,6.660000,6.740000,48883303
2025-06-13,6.730000,6.740000,6.670000,6.730000,66823230
2025-06-16,6.710000,6.720000,6.620000,6.640000,51178156
2025-06-17,6.640000,6.680000,6.600000,6.640000,40002955
2025-06-18,6.640000,6.660000,6.580000,6.610000,37905462
2025-06-19,6.610000,6.630000,6.470000,6.490000,84128236
2025-06-20,6.490000,6.610000,6.490000,6.580000,62871608
2025-06-23,6.560000,6.560000,6.460000,6.470000,75568939
2025-06-24,6.480000,6.550000,6.480000,6.540000,56779456
2025-06-25,6.540000,6.600000,6.520000,6.590000,45805550
2025-06-26,6.580000,6.610000,6.550000,6.550000,43135121
2025-06-27,6.560000,6.640000,6.550000,6.570000,59326208
2025-06-30,6.580000,6.630000,6.560000,6.590000,56925645
2025-07-01,6.590000,6.620000,6.560000,6.600000,47587488
2025-07-02,6.600000,6.910000,6.590000,6.900000,179506587
2025-07-03,6.900000,7.010000,6.780000,6.970000,133885738
2025-07-04,7.000000,7.160000,6.970000,7.100000,133111985
2025-07-07,7.070000,7.230000,7.030000,7.200000,87113354
2025-07-08,7.200000,7.240000,7.120000,7.160000,61516658
2025-07-09,7.150000,7.200000,7.040000,7.050000,68437816
2025-07-10,7.050000,7.120000,7.010000,7.010000,73540803
2025-07-11,7.030000,7.190000,7.010000,7.010000,119125328
2025-07-14,7.040000,7.190000,7.040000,7.070000,79043620
2025-07-15,7.080000,7.130000,6.990000,7.050000,62057866
2025-07-16,7.040000,7.070000,6.920000,6.940000,59766069
2025-07-17,6.940000,7.050000,6.910000,7.040000,67394481
2025-07-18,7.050000,7.140000,7.040000,7.100000,53801452
2025-07-21,7.190000,7.440000,7.180000,7.360000,125236758
2025-07-22,7.420000,7.660000,7.380000,7.620000,155508651
2025-07-23,7.640000,7.670000,7.460000,7.510000,134656694
2025-07-24,7.440000,7.510000,7.340000,7.510000,80817136
2025-07-25,7.520000,7.540000,7.420000,7.440000,82179480
2025-07-28,7.400000,7.410000,7.200000,7.280000,103477532
2025-07-29,7.280000,7.520000,7.280000,7.480000,91850088
2025-07-30,7.490000,7.800000,7.490000,7.550000,145945108
2025-07-31,7.500000,7.540000,7.230000,7.340000,120858227
2025-08-01,7.320000,7.400000,7.280000,7.290000,66678853
2025-08-04,7.260000,7.330000,7.240000,7.300000,64837087
2025-08-05,7.310000,7.390000,7.280000,7.320000,62226801
2025-08-06,7.340000,7.380000,7.300000,7.340000,51235301
2025-08-07,7.350000,7.360000,7.270000,7.340000,75660360
2025-08-08,7.330000,7.530000,7.310000,7.470000,70552738
2025-08-11,7.500000,7.520000,7.300000,7.310000,93593126
2025-08-12,7.320000,7.350000,7.180000,7.200000,83034249
2025-08-13,7.220000,7.310000,7.190000,7.190000,84843535
2025-08-14,7.210000,7.240000,7.180000,7.190000,67678606
2025-08-15,7.180000,7.210000,7.130000,7.130000,71305033
2025-08-18,7.150000,7.190000,7.080000,7.080000,87414525
2025-08-19,7.090000,7.190000,7.090000,7.110000,71647495
2025-08-20,7.080000,7.170000,7.050000,7.160000,67637819
2025-08-21,7.180000,7.210000,7.150000,7.190000,58207551
2025-08-22,7.180000,7.190000,7.060000,7.150000,83312470
2025-08-25,7.170000,7.320000,7.150000,7.260000,117662238
2025-08-26,7.230000,7.250000,7.140000,7.210000,74835271
2025-08-27,7.200000,7.230000,7.030000,7.030000,122554453
2025-08-28,7.000000,7.020000,6.900000,7.020000,133571838
2025-08-29,7.000000,7.220000,6.920000,6.930000,257202611
2025-09-01,6.950000,7.030000,6.850000,6.890000,186797077
2025-09-02,6.900000,7.150000,6.860000,7.090000,194387461
2025-09-03,7.100000,7.180000,7.080000,7.130000,119956554
2025-09-04,7.100000,7.110000,6.900000,7.040000,116863536
2025-09-05,7.000000,7.030000,6.900000,6.970000,111276580
2025-09-08,6.950000,7.070000,6.930000,7.020000,148597315
2025-09-09,7.000000,7.210000,6.980000,7.070000,115174491
2025-09-10,7.040000,7.060000,6.920000,6.940000,92937544
2025-09-11,6.940000,7.070000,6.930000,7.060000,95050610
2025-09-12,7.070000,7.200000,6.970000,7.030000,185923380
2025-09-15,7.000000,7.040000,6.950000,7.010000,101241554
2025-09-16,7.010000,7.100000,6.880000,6.930000,139710919
2025-09-17,6.900000,7.030000,6.880000,6.920000,142538263
2025-09-18,6.930000,6.940000,6.830000,6.860000,129868498
2025-09-19,6.860000,6.970000,6.840000,6.910000,118395665
2025-09-22,6.900000,6.960000,6.840000,6.960000,94852953
2025-09-23,6.930000,6.970000,6.850000,6.920000,84851226
2025-09-24,6.810000,6.880000,6.740000,6.860000,79570268
2025-09-25,6.850000,6.870000,6.780000,6.790000,64773759
2025-09-26,6.790000,7.020000,6.770000,6.960000,139920443
2025-09-29,6.950000,7.000000,6.840000,6.990000,93068603
2025-09-30,6.980000,7.080000,6.930000,7.070000,106094939
2025-10-09,7.120000,7.250000,6.940000,7.180000,176770838
2025-10-10,7.120000,7.340000,7.100000,7.260000,170612872
2025-10-13,7.130000,7.320000,7.070000,7.280000,149693348
2025-10-14,7.330000,7.360000,7.190000,7.220000,96197425
2025-10-15,7.230000,7.320000,7.180000,7.250000,97740100
2025-10-16,7.230000,7.250000,7.120000,7.150000,76730140
2025-10-17,7.180000,7.270000,7.120000,7.150000,92658715
2025-10-20,7.140000,7.170000,7.080000,7.160000,63376757
2025-10-21,7.170000,7.210000,7.120000,7.160000,61739741
2025-10-22,7.150000,7.190000,7.120000,7.170000,42340710
2025-10-23,7.160000,7.240000,7.120000,7.220000,60499397
2025-10-24,7.220000,7.230000,7.100000,7.140000,73339488
2025-10-27,7.150000,7.340000,7.130000,7.270000,120662401
2025-10-28,7.260000,7.260000,7.100000,7.110000,95243689
2025-10-29,7.120000,7.130000,7.030000,7.080000,74764765
2025-10-30,7.130000,7.310000,7.110000,7.240000,136732232
2025-10-31,7.300000,7.550000,7.280000,7.370000,205427407
2025-11-03,7.370000,7.620000,7.370000,7.570000,163125025
2025-11-04,7.570000,7.670000,7.470000,7.510000,99429101
2025-11-05,7.480000,7.510000,7.420000,7.480000,65002412
2025-11-06,7.480000,7.750000,7.470000,7.740000,143515163
2025-11-07,7.710000,7.810000,7.620000,7.650000,85592644
2025-11-10,7.670000,7.670000,7.530000,7.610000,72346751
2025-11-11,7.620000,7.670000,7.540000,7.640000,75938167
2025-11-12,7.650000,7.790000,7.620000,7.730000,97846420
2025-11-13,7.750000,7.830000,7.610000,7.760000,90961513
2025-11-14,7.730000,7.830000,7.660000,7.670000,70889328
2025-11-17,7.670000,7.710000,7.570000,7.660000,77552740
2025-11-18,7.670000,7.690000,7.490000,7.520000,80715570
2025-11-19,7.500000,7.540000,7.400000,7.470000,72265659
2025-11-20,7.460000,7.550000,7.460000,7.470000,49535036
2025-11-21,7.420000,7.450000,7.260000,7.270000,124840200
2025-11-24,7.280000,7.350000,7.140000,7.170000,137124756
2025-11-25,7.190000,7.210000,7.100000,7.160000,89193875
2025-11-26,7.170000,7.250000,7.170000,7.190000,83583438
2025-11-27,7.200000,7.260000,7.130000,7.190000,52703922
2025-11-28,7.190000,7.270000,7.150000,7.250000,63281367
2025-12-01,7.250000,7.290000,7.180000,7.240000,90406242
2025-12-02,7.240000,7.320000,7.220000,7.290000,81416442
2025-12-03,7.270000,7.440000,7.240000,7.360000,78692606
2025-12-04,7.390000,7.410000,7.230000,7.270000,64206192
2025-12-05,7.250000,7.350000,7.230000,7.330000,51152632
2025-12-08,7.320000,7.340000,7.160000,7.180000,116900964
2025-12-09,7.150000,7.160000,7.060000,7.090000,94528855
2025-12-10,7.070000,7.160000,7.010000,7.150000,90930808
2025-12-11,7.140000,7.150000,7.040000,7.080000,89095602
2025-12-12,7.090000,7.190000,7.020000,7.190000,194708159
2025-12-15,7.150000,7.210000,7.040000,7.050000,129514126
2025-12-16,7.060000,7.090000,7.010000,7.060000,76912294
2025-12-17,7.070000,7.150000,7.000000,7.110000,83189996
2025-12-18,7.110000,7.200000,7.090000,7.190000,73256348
2025-12-19,7.170000,7.280000,7.140000,7.210000,64382386
2025-12-22,7.250000,7.270000,7.200000,7.220000,61499038
2025-12-23,7.210000,7.220000,7.150000,7.160000,48851960
2025-12-24,7.160000,7.200000,7.120000,7.190000,43408260
2025-12-25,7.190000,7.240000,7.140000,7.180000,45082374
2025-12-26,7.190000,7.370000,7.180000,7.350000,96754666
2025-12-29,7.330000,7.540000,7.310000,7.440000,128536352
2025-12-30,7.430000,7.500000,7.370000,7.410000,56295890
2025-12-31,7.410000,7.510000,7.390000,7.450000,54374565
2026-01-05,7.490000,7.500000,7.250000,7.280000,106168349
2026-01-06,7.280000,7.360000,7.250000,7.350000,90502000
2026-01-07,7.310000,7.410000,7.240000,7.260000,116107586
2026-01-08,7.240000,7.390000,7.160000,7.330000,106470055
2026-01-09,7.330000,7.380000,7.250000,7.280000,95038024
2026-01-12,7.300000,7.420000,7.290000,7.330000,100440279
2026-01-13,7.350000,7.370000,7.260000,7.270000,99561947
2026-01-14,7.270000,7.300000,7.150000,7.180000,134642654
2026-01-15,7.180000,7.200000,7.080000,7.100000,106289896
2026-01-16,7.130000,7.160000,7.000000,7.000000,122684789
2026-01-19,7.020000,7.150000,7.010000,7.140000,109964745
2026-01-20,7.150000,7.260000,7.130000,7.260000,142466675
2026-01-21,7.230000,7.260000,7.160000,7.210000,94931049
2026-01-22,7.220000,7.330000,7.180000,7.270000,123596404
2026-01-23,7.290000,7.300000,7.210000,7.240000,97505511
2026-01-26,7.270000,7.380000,7.250000,7.300000,159359166
2026-01-27,7.310000,7.350000,7.150000,7.160000,127016308
2026-01-28,7.160000,7.440000,7.120000,7.300000,247749118
2026-01-29,7.310000,7.410000,7.200000,7.370000,293336248
2026-01-30,7.290000,7.390000,7.150000,7.300000,189252252
2026-02-02,7.260000,7.280000,6.950000,6.950000,254330284
2026-02-03,7.000000,7.040000,6.920000,7.020000,130957908
2026-02-04,7.000000,7.220000,6.990000,7.220000,157324271
2026-02-05,7.190000,7.270000,7.080000,7.120000,114952143
2026-02-06,7.080000,7.190000,7.060000,7.100000,86421683
2026-02-09,7.170000,7.250000,7.110000,7.120000,115647471
2026-02-10,7.120000,7.120000,7.010000,7.060000,88178973
2026-02-11,7.060000,7.200000,7.030000,7.180000,117379341
2026-02-12,7.170000,7.190000,7.100000,7.120000,93347850
2026-02-13,7.100000,7.110000,6.920000,6.920000,194945900
2026-02-24,6.990000,7.030000,6.950000,7.010000,100861925
2026-02-25,7.000000,7.350000,6.980000,7.020000,550851272
2026-02-26,7.060000,7.200000,7.050000,7.060000,220699678
2026-02-27,7.060000,7.240000,7.030000,7.200000,316744034
2026-03-02,7.150000,7.330000,7.120000,7.310000,269976147
2026-03-03,7.260000,7.340000,7.170000,7.180000,203160022
2026-03-04,7.160000,7.230000,7.060000,7.100000,161845318
2026-03-05,7.140000,7.190000,7.080000,7.120000,137914121
2026-03-06,7.110000,7.120000,7.020000,7.100000,132856409
2026-03-09,7.040000,7.140000,7.020000,7.050000,162842736
2026-03-10,7.070000,7.100000,6.980000,7.000000,176050125
2026-03-11,7.010000,7.050000,6.940000,7.040000,117793042
2026-03-12,7.030000,7.120000,7.000000,7.090000,147270722
2026-03-13,7.100000,7.180000,7.080000,7.110000,157311005
2026-03-16,7.120000,7.140000,6.860000,6.880000,298418243
2026-03-17,6.890000,6.980000,6.840000,6.840000,187360393
2026-03-18,6.840000,6.860000,6.660000,6.720000,176224564
2026-03-19,6.660000,6.700000,6.580000,6.590000,114324595
2026-03-20,6.590000,6.640000,6.530000,6.570000,98924825
2026-03-23,6.500000,6.520000,6.210000,6.250000,172844382
2026-03-24,6.340000,6.420000,6.280000,6.390000,124807808
2026-03-25,6.400000,6.450000,6.360000,6.420000,84493105
2026-03-26,6.420000,6.460000,6.280000,6.310000,78359495
2026-03-27,6.270000,6.450000,6.240000,6.430000,98782662
2026-03-30,6.390000,6.510000,6.370000,6.490000,78459353
2026-03-31,6.480000,6.550000,6.410000,6.410000,70422783
2026-04-01,6.460000,6.520000,6.450000,6.480000,78726411
2026-04-02,6.460000,6.500000,6.400000,6.440000,58856043
2026-04-03,6.450000,6.450000,6.370000,6.400000,46202651
2026-04-07,6.390000,6.400000,6.330000,6.380000,51385925
2026-04-08,6.440000,6.490000,6.420000,6.490000,94310328
2026-04-09,6.460000,6.480000,6.370000,6.400000,84039509
2026-04-10,6.410000,6.470000,6.390000,6.420000,63048133
2026-04-13,6.410000,6.440000,6.370000,6.440000,63750101
2026-04-14,6.440000,6.470000,6.400000,6.460000,75304436
2026-04-15,6.460000,6.470000,6.360000,6.360000,93654912
2026-04-16,6.360000,6.400000,6.340000,6.360000,80207413
2026-04-17,6.350000,6.360000,6.280000,6.300000,115347934
2026-04-20,6.310000,6.310000,6.240000,6.250000,106856899
2026-04-21,6.250000,6.320000,6.240000,6.320000,93694817
2026-04-22,6.320000,6.380000,6.290000,6.350000,96005738
2026-04-23,6.350000,6.420000,6.320000,6.380000,104582243
2026-04-24,6.390000,6.390000,6.310000,6.350000,58835890
2026-04-27,6.330000,6.360000,6.260000,6.290000,71633171
2026-04-28,6.310000,6.390000,6.280000,6.370000,80843921
2026-04-29,6.340000,6.490000,6.340000,6.480000,97323587
2026-04-30,6.480000,6.500000,6.290000,6.310000,161588881
2026-05-06,6.330000,6.360000,6.270000,6.330000,134988734
2026-05-07,6.340000,6.380000,6.300000,6.320000,77594567
2026-05-08,6.320000,6.410000,6.310000,6.410000,90721024
2026-05-11,6.400000,6.530000,6.360000,6.500000,150172088
2026-05-12,6.500000,6.550000,6.430000,6.430000,89241308
2026-05-13,6.440000,6.440000,6.330000,6.350000,94169492
2026-05-14,6.360000,6.400000,6.340000,6.350000,91454287
2026-05-15,6.360000,6.360000,6.220000,6.220000,120053896
2026-05-18,6.220000,6.220000,6.040000,6.090000,135784492
2026-05-19,6.090000,6.110000,5.990000,6.040000,90858876
2026-05-20,6.020000,6.060000,5.960000,5.970000,76049972
2026-05-21,5.990000,6.060000,5.930000,5.940000,89194105
2026-05-22,5.950000,5.990000,5.870000,5.900000,76092775
2026-05-25,5.910000,6.000000,5.900000,5.950000,70914266
2026-05-26,5.940000,6.050000,5.900000,6.040000,105532658
2026-05-27,6.050000,6.070000,5.940000,6.030000,88804356
2026-05-28,6.000000,6.070000,5.950000,5.960000,66912615
2026-05-29,5.970000,6.080000,5.960000,6.030000,95524625
2026-06-01,6.030000,6.040000,5.930000,6.040000,111586589
2026-06-02,6.030000,6.070000,5.910000,5.940000,127650981
2026-06-03,5.930000,5.940000,5.810000,5.830000,137737585
2026-06-04,5.820000,5.830000,5.690000,5.720000,113316083
2026-06-05,5.720000,5.810000,5.710000,5.740000,107292706
2026-06-08,5.700000,5.700000,5.590000,5.620000,107023657
2026-06-09,5.600000,5.660000,5.590000,5.650000,83858226
2026-06-10,5.640000,5.780000,5.620000,5.740000,129116256
2026-06-11,5.750000,5.860000,5.700000,5.850000,151649469
2026-06-12,5.840000,6.070000,5.800000,6.020000,272239072
2026-06-15,6.080000,6.160000,5.950000,5.970000,167181027
2026-06-16,5.950000,5.980000,5.830000,5.850000,102788121
2026-06-17,5.860000,5.870000,5.700000,5.770000,101643698
2026-06-18,5.780000,5.800000,5.670000,5.680000,86931792
2026-06-22,5.680000,5.790000,5.630000,5.750000,85516346
2026-06-23,5.750000,5.930000,5.730000,5.780000,135039651
2026-06-24,5.790000,5.790000,5.620000,5.670000,106337930
2026-06-25,5.520000,5.610000,5.440000,5.490000,91690713
2026-06-26,5.480000,5.530000,5.380000,5.390000,80549658
2026-06-29,5.390000,5.610000,5.300000,5.540000,112965881
2026-06-30,5.510000,5.560000,5.390000,5.430000,75366963
2026-07-01,5.430000,5.590000,5.400000,5.540000,77776097
2026-07-02,5.540000,5.630000,5.500000,5.610000,88571229
2026-07-03,5.620000,5.690000,5.540000,5.590000,72009810
2026-07-06,5.580000,5.670000,5.550000,5.650000,67565829
2026-07-07,5.640000,5.650000,5.540000,5.560000,53134024
2026-07-08,5.560000,5.620000,5.520000,5.560000,51969353
2026-07-09,5.540000,5.540000,5.430000,5.460000,65535995
2026-07-10,5.470000,5.530000,5.370000,5.480000,85815597
2026-07-13,5.460000,5.500000,5.440000,5.500000,70833935
2026-07-14,5.490000,5.600000,5.470000,5.600000,90082647
2026-07-15,5.580000,5.740000,5.560000,5.740000,102934714
2026-07-16,5.720000,5.770000,5.620000,5.680000,89424468
2026-07-17,5.670000,5.810000,5.660000,5.760000,151086909
2026-07-20,5.760000,5.890000,5.750000,5.890000,159011843
2026-07-21,5.860000,5.990000,5.790000,5.810000,163484891
2026-07-22,5.790000,5.860000,5.720000,5.860000,122118341
2026-07-23,5.810000,5.990000,5.810000,5.970000,99030814
2026-07-24,5.970000,6.020000,5.900000,5.910000,65911015
2026-07-27,5.910000,5.980000,5.890000,5.940000,71717992
2026-07-28,5.910000,5.990000,5.880000,5.970000,91277785
2026-07-29,5.950000,6.120000,5.940000,6.110000,117787546
2026-07-30,6.110000,6.280000,6.090000,6.260000,132994460
2026-07-31,6.170000,6.250000,6.120000,6.130000,133990720
2026-08-03,6.160000,6.230000,6.090000,6.110000,107781414
2026-08-04,6.120000,6.140000,5.920000,5.940000,130237040
2026-08-05,5.940000,5.960000,5.850000,5.860000,107839432
2026-08-06,5.870000,5.890000,5.760000,5.850000,95281911
2026-08-07,5.830000,5.840000,5.750000,5.760000,98746666
