date,open,high,low,close,volume
2018-01-02,31.460000,31.660000,31.020000,31.560000,20535435
2018-01-03,32.100000,32.620000,31.600000,31.630000,30920320
2018-01-04,31.300000,31.590000,31.010000,31.570000,17175223
2018-01-05,31.820000,32.370000,31.620000,31.960000,27422165
2018-01-08,31.830000,32.650000,31.690000,32.380000,28036734
2018-01-09,32.200000,32.280000,31.850000,31.890000,14649144
2018-01-10,31.610000,31.980000,30.960000,31.250000,17672847
2018-01-11,31.460000,31.950000,31.290000,31.580000,15286609
2018-01-12,31.350000,32.850000,31.350000,32.590000,34677636
2018-01-15,33.300000,33.620000,32.810000,32.990000,41930758
2018-01-16,33.000000,33.330000,32.550000,33.250000,23687403
2018-01-17,33.150000,34.090000,32.700000,33.120000,33458248
2018-01-18,32.300000,32.510000,31.880000,32.170000,23407537
2018-01-19,31.950000,32.590000,31.700000,32.520000,19439050
2018-01-22,32.360000,32.440000,32.020000,32.190000,15181163
2018-01-23,32.150000,33.040000,32.140000,32.720000,21850276
2018-01-24,32.880000,33.080000,32.460000,32.870000,19632813
2018-01-25,33.560000,34.200000,33.300000,33.820000,45863714
2018-01-26,33.000000,33.350000,32.930000,33.120000,24079294
2018-01-29,32.900000,33.290000,32.150000,32.380000,24610824
2018-01-30,31.960000,32.180000,31.450000,31.520000,18842755
2018-01-31,31.620000,31.960000,31.140000,31.780000,18579561
2018-02-01,31.560000,31.680000,30.000000,30.210000,24250452
2018-02-02,30.020000,30.770000,29.750000,30.560000,17872904
2018-02-05,29.700000,30.160000,29.380000,30.050000,17519037
2018-02-06,30.110000,31.660000,30.110000,30.650000,38110251
2018-02-07,29.620000,30.650000,29.620000,30.120000,24892111
2018-02-08,29.490000,29.490000,27.120000,27.260000,45593004
2018-02-09,27.280000,27.800000,24.570000,25.550000,40041322
2018-02-12,25.170000,25.840000,25.000000,25.670000,18280915
2018-02-13,25.730000,26.220000,25.600000,25.890000,16116459
2018-02-14,26.030000,26.670000,25.900000,26.590000,15822994
2018-02-22,26.100000,26.530000,25.900000,26.410000,23168838
2018-02-23,26.330000,26.360000,26.000000,26.180000,14842071
2018-02-26,26.170000,26.680000,26.100000,26.620000,19866704
2018-02-27,26.540000,26.540000,26.010000,26.300000,16419805
2018-02-28,25.800000,26.060000,25.510000,25.940000,13434741
2018-03-01,25.720000,25.950000,25.610000,25.900000,10057009
2018-03-02,25.930000,26.880000,25.910000,26.790000,29950630
2018-03-05,26.880000,27.180000,26.500000,26.720000,18591805
2018-03-06,26.550000,26.810000,26.260000,26.790000,16053864
2018-03-07,27.270000,27.390000,26.880000,26.920000,24015441
2018-03-08,26.570000,27.500000,26.500000,27.280000,19339931
2018-03-09,27.000000,27.180000,26.770000,27.120000,18562496
2018-03-12,27.110000,27.300000,26.900000,27.180000,17647178
2018-03-13,27.200000,27.420000,27.060000,27.090000,14354465
2018-03-14,27.330000,27.470000,27.170000,27.240000,16593642
2018-03-15,27.230000,27.230000,26.680000,26.730000,12855332
2018-03-16,26.490000,27.050000,26.330000,26.750000,11586072
2018-03-19,26.630000,26.960000,26.560000,26.660000,11176248
2018-03-20,26.950000,27.280000,26.870000,27.020000,17165863
2018-03-21,26.800000,28.510000,26.740000,28.180000,36402476
2018-03-22,28.110000,28.300000,27.500000,27.520000,30274693
2018-03-23,28.390000,29.950000,27.800000,29.140000,77966401
2018-03-26,29.600000,30.990000,28.820000,29.010000,67655211
2018-03-27,28.450000,30.550000,28.010000,30.160000,55170867
2018-03-28,29.440000,30.500000,29.230000,29.510000,43124036
2018-03-29,28.800000,29.330000,28.530000,28.840000,31697350
2018-03-30,28.640000,29.100000,28.530000,29.040000,22646882
2018-04-02,29.230000,31.000000,29.230000,30.870000,53385580
2018-04-03,31.200000,31.730000,30.240000,31.070000,59371899
2018-04-04,30.470000,32.000000,30.300000,31.630000,57825758
2018-04-09,31.000000,32.200000,30.790000,31.030000,45234909
2018-04-10,31.050000,31.250000,30.320000,30.410000,29216510
2018-04-11,30.440000,32.130000,29.830000,31.990000,54042623
2018-04-12,31.680000,32.880000,31.500000,32.050000,59952700
2018-04-13,30.840000,31.480000,30.660000,31.170000,33484278
2018-04-16,31.550000,32.130000,31.160000,31.220000,35808782
2018-04-17,31.220000,31.580000,30.290000,31.540000,33756577
2018-04-18,30.860000,31.200000,30.450000,30.880000,24253794
2018-04-19,30.730000,31.450000,30.440000,31.200000,27361062
2018-04-20,30.840000,31.330000,30.610000,30.670000,22147434
2018-04-23,29.870000,30.030000,28.260000,28.460000,33031505
2018-04-24,28.000000,28.430000,27.570000,28.420000,23436024
2018-04-25,28.450000,28.750000,28.190000,28.240000,17871212
2018-04-26,28.070000,28.650000,27.830000,28.230000,15783514
2018-04-27,27.810000,28.180000,27.660000,27.920000,12262255
2018-05-02,27.700000,27.700000,27.140000,27.430000,14568314
2018-05-03,27.540000,27.880000,27.460000,27.730000,12278687
2018-05-04,27.720000,28.400000,27.650000,28.280000,17618762
2018-05-07,28.350000,28.420000,28.010000,28.370000,14749964
2018-05-08,28.350000,28.830000,28.220000,28.800000,15294559
2018-05-09,28.400000,28.670000,28.280000,28.470000,11301771
2018-05-10,28.480000,28.700000,28.310000,28.470000,8988119
2018-05-11,28.620000,28.950000,28.530000,28.740000,13433804
2018-05-14,28.700000,28.720000,28.040000,28.050000,14906675
2018-05-15,27.750000,27.990000,27.510000,27.860000,13338715
2018-05-16,27.290000,27.300000,26.900000,27.230000,22319054
2018-05-17,27.100000,27.390000,27.030000,27.050000,13880608
2018-05-18,27.000000,27.550000,26.930000,27.320000,10101955
2018-05-21,27.020000,27.400000,26.900000,27.240000,15841310
2018-05-22,27.310000,27.440000,27.180000,27.350000,10680126
2018-05-23,27.420000,27.470000,27.060000,27.140000,10168762
2018-05-24,27.230000,27.400000,27.120000,27.380000,9014967
2018-05-25,27.790000,27.830000,27.470000,27.560000,15177911
2018-05-28,27.250000,27.250000,26.570000,26.660000,14410586
2018-05-29,26.630000,27.030000,26.630000,26.840000,6784930
2018-05-30,27.250000,28.900000,27.250000,28.590000,41569715
2018-05-31,27.900000,28.850000,27.600000,28.350000,29660272
2018-06-01,28.300000,28.480000,27.820000,28.000000,20355771
2018-06-04,27.240000,27.670000,27.200000,27.310000,14781399
2018-06-05,27.180000,27.630000,27.020000,27.560000,10385445
2018-06-06,27.650000,28.150000,27.590000,28.080000,16116512
2018-06-07,27.800000,28.330000,27.750000,28.170000,13103992
2018-06-08,28.120000,28.210000,27.260000,27.570000,13303005
2018-06-11,27.650000,28.190000,27.580000,28.030000,15301736
2018-06-12,27.810000,28.030000,27.580000,27.890000,10111265
2018-06-13,27.590000,28.120000,27.560000,27.880000,12690324
2018-06-14,27.830000,28.230000,27.700000,28.170000,16644214
2018-06-15,28.170000,28.190000,26.300000,26.930000,24684755
2018-06-19,26.150000,27.180000,24.520000,25.140000,27760262
2018-06-20,25.050000,25.050000,24.150000,24.750000,16642123
2018-06-21,24.510000,24.750000,23.900000,23.960000,16376872
2018-06-22,23.970000,24.400000,23.900000,24.380000,11576898
2018-06-25,24.490000,24.500000,24.150000,24.250000,9297404
2018-06-26,24.070000,24.070000,23.630000,24.030000,10104486
2018-06-27,23.750000,24.190000,23.720000,24.120000,11119937
2018-06-28,23.950000,24.070000,23.510000,23.620000,9767362
2018-06-29,23.520000,23.940000,23.130000,23.920000,12656567
2018-07-02,23.880000,24.040000,23.200000,23.330000,12212705
2018-07-03,23.100000,23.470000,22.950000,23.440000,8986701
2018-07-04,24.070000,25.300000,23.900000,24.990000,29757313
2018-07-05,24.600000,24.940000,24.260000,24.300000,17323246
2018-07-06,24.210000,24.660000,23.510000,24.420000,15448998
2018-07-09,24.250000,24.570000,23.880000,24.540000,11840758
2018-07-10,24.490000,24.540000,23.970000,24.220000,15047661
2018-07-11,24.100000,24.650000,23.830000,24.010000,14954310
2018-07-12,23.320000,24.160000,23.240000,24.090000,16001944
2018-07-13,23.900000,24.040000,23.780000,23.910000,9494344
2018-07-16,23.860000,23.970000,23.650000,23.850000,6811138
2018-07-17,23.520000,23.850000,23.510000,23.840000,5353577
2018-07-18,23.520000,23.870000,23.460000,23.690000,8387014
2018-07-19,23.570000,23.760000,23.160000,23.210000,10221902
2018-07-20,23.270000,23.610000,23.090000,23.520000,12505690
2018-07-23,23.840000,23.920000,23.610000,23.820000,10811007
2018-07-24,23.580000,24.150000,23.500000,24.130000,17847502
2018-07-25,24.130000,24.640000,24.090000,24.510000,20404825
2018-07-26,24.570000,24.590000,24.110000,24.250000,12229687
2018-07-27,24.000000,24.100000,23.850000,23.940000,9416785
2018-07-30,24.010000,24.480000,23.960000,24.210000,12720342
2018-07-31,24.200000,24.590000,24.120000,24.460000,11956321
2018-08-01,24.320000,24.450000,24.020000,24.080000,8495283
2018-08-02,24.080000,24.300000,22.720000,23.100000,17109497
2018-08-03,22.800000,22.880000,22.350000,22.390000,12134961
2018-08-06,22.420000,22.570000,21.370000,21.600000,12869687
2018-08-07,21.580000,22.060000,21.040000,22.010000,10441440
2018-08-08,21.870000,22.960000,21.750000,22.440000,14517795
2018-08-09,22.420000,22.790000,21.920000,22.540000,11307060
2018-08-10,22.340000,22.670000,22.310000,22.390000,6983422
2018-08-13,22.550000,23.150000,22.550000,22.920000,14974247
2018-08-14,22.440000,22.740000,22.200000,22.660000,8865974
2018-08-15,22.590000,22.590000,22.200000,22.290000,6786951
2018-08-16,21.550000,22.150000,21.480000,22.000000,8098692
2018-08-17,22.000000,22.140000,21.510000,21.600000,6883572
2018-08-20,21.670000,21.950000,21.540000,21.870000,4557823
2018-08-21,22.040000,22.440000,22.040000,22.380000,8079371
2018-08-22,22.480000,22.550000,22.290000,22.330000,7444592
2018-08-23,22.310000,22.440000,22.210000,22.300000,5451938
2018-08-24,22.100000,22.350000,21.930000,22.260000,5438573
2018-08-27,22.560000,22.680000,22.440000,22.610000,8809117
2018-08-28,22.700000,22.830000,22.530000,22.810000,8200854
2018-08-29,22.600000,22.770000,22.520000,22.590000,5844031
2018-08-30,22.590000,22.720000,22.420000,22.440000,5790364
2018-08-31,22.200000,22.650000,22.190000,22.600000,5782860
2018-09-03,22.270000,22.400000,22.050000,22.310000,5785957
2018-09-04,22.310000,22.420000,22.140000,22.350000,5068140
2018-09-05,22.240000,22.450000,22.100000,22.150000,5378929
2018-09-06,22.230000,22.940000,22.230000,22.780000,16996308
2018-09-07,22.730000,23.840000,22.510000,23.460000,23968847
2018-09-10,23.180000,23.390000,22.860000,23.010000,11273158
2018-09-11,23.030000,23.660000,23.010000,23.420000,14574421
2018-09-12,23.440000,23.500000,23.050000,23.240000,7940734
2018-09-13,23.630000,23.830000,23.320000,23.460000,12729221
2018-09-14,23.360000,23.600000,23.150000,23.470000,6892563
2018-09-17,23.100000,23.120000,22.220000,22.220000,13243519
2018-09-18,22.370000,22.540000,22.220000,22.520000,6695312
2018-09-19,22.440000,23.060000,22.320000,22.950000,8206973
2018-09-20,23.000000,23.380000,22.890000,22.980000,10361745
2018-09-21,23.230000,23.500000,23.180000,23.500000,11940465
2018-09-25,23.230000,23.950000,23.170000,23.810000,15788316
2018-09-26,23.800000,24.330000,23.710000,23.980000,16145926
2018-09-27,23.730000,23.930000,23.600000,23.700000,10887155
2018-09-28,23.380000,23.670000,23.220000,23.670000,9380489
2018-10-08,23.540000,24.440000,23.430000,23.800000,19828450
2018-10-09,23.400000,25.380000,23.300000,24.930000,31647462
2018-10-10,24.760000,26.270000,24.560000,26.100000,32556625
2018-10-11,26.200000,27.010000,25.360000,25.790000,39686822
2018-10-12,26.850000,26.990000,25.800000,26.060000,32203462
2018-10-15,25.980000,26.770000,25.850000,26.480000,21018859
2018-10-16,26.200000,26.430000,25.470000,25.660000,19446185
2018-10-17,25.240000,25.990000,25.200000,25.550000,17245410
2018-10-18,25.490000,25.560000,24.450000,24.540000,17079555
2018-10-19,24.860000,25.580000,24.690000,25.480000,15391901
2018-10-22,25.160000,26.280000,25.070000,26.040000,21637000
2018-10-23,25.700000,27.080000,25.550000,26.910000,29674557
2018-10-24,26.500000,27.480000,26.390000,26.760000,28685225
2018-10-25,27.300000,27.570000,26.890000,27.020000,25671042
2018-10-26,26.580000,27.250000,26.300000,26.800000,15910314
2018-10-29,26.690000,27.420000,26.660000,26.860000,15683408
2018-10-30,26.500000,26.970000,25.900000,26.450000,13688753
2018-10-31,26.150000,26.440000,25.810000,26.300000,12814880
2018-11-01,26.010000,27.500000,25.930000,27.400000,25695726
2018-11-02,26.990000,27.500000,26.910000,27.290000,22749606
2018-11-05,27.090000,27.330000,26.420000,26.700000,20173606
2018-11-06,26.540000,27.040000,26.460000,26.680000,12812190
2018-11-07,26.300000,27.170000,26.180000,26.980000,18885299
2018-11-08,26.600000,26.750000,26.220000,26.280000,16339803
2018-11-09,26.010000,26.180000,25.280000,25.350000,15031465
2018-11-12,25.050000,25.250000,24.850000,25.160000,18551916
2018-11-13,25.090000,25.670000,25.070000,25.550000,19163807
2018-11-14,25.360000,25.850000,25.270000,25.600000,13440260
2018-11-15,25.690000,25.900000,25.560000,25.810000,13374273
2018-11-16,25.810000,26.050000,25.680000,26.010000,16978463
2018-11-19,26.180000,26.250000,25.650000,25.800000,13386942
2018-11-20,25.800000,26.970000,25.800000,26.700000,29993161
2018-11-21,26.600000,26.740000,26.080000,26.390000,16528943
2018-11-22,26.490000,26.970000,26.400000,26.470000,14049662
2018-11-23,26.530000,26.880000,25.620000,25.640000,16263107
2018-11-26,25.460000,25.720000,24.780000,25.580000,9762233
2018-11-27,25.480000,26.000000,25.280000,25.820000,9106444
2018-11-28,25.480000,25.860000,25.330000,25.710000,7451905
2018-11-29,26.100000,27.700000,26.080000,27.140000,39859748
2018-11-30,26.990000,27.350000,26.700000,27.050000,18565588
2018-12-03,26.650000,27.450000,26.310000,27.370000,23900888
2018-12-04,27.280000,28.350000,27.150000,28.030000,36192376
2018-12-05,28.280000,28.560000,27.800000,28.070000,26783555
2018-12-06,28.310000,28.860000,28.140000,28.240000,26221133
2018-12-07,28.240000,28.840000,27.870000,28.090000,19537472
2018-12-10,28.960000,29.290000,28.600000,28.780000,26346145
2018-12-11,28.500000,29.850000,28.260000,29.570000,25022161
2018-12-12,29.200000,29.820000,29.130000,29.730000,20432726
2018-12-13,29.600000,29.780000,29.210000,29.500000,15951349
2018-12-14,29.280000,29.640000,28.400000,28.580000,21309468
2018-12-17,28.500000,28.990000,28.020000,28.850000,15028192
2018-12-18,29.370000,29.930000,29.250000,29.500000,21504354
2018-12-19,29.550000,29.930000,28.920000,29.120000,15868186
2018-12-20,28.500000,29.450000,28.250000,29.280000,13363867
2018-12-21,30.120000,30.480000,29.580000,29.650000,18466605
2018-12-24,30.000000,30.060000,29.270000,29.690000,13385919
2018-12-25,30.410000,30.480000,29.670000,29.880000,18352356
2018-12-26,29.700000,30.460000,29.500000,30.400000,19672980
2018-12-27,30.010000,30.250000,29.800000,29.860000,17251058
2018-12-28,29.860000,30.320000,29.800000,30.250000,13003498
2019-01-02,30.060000,30.710000,29.250000,30.500000,21445094
2019-01-03,30.200000,31.150000,30.030000,31.090000,19178372
2019-01-04,31.370000,32.000000,30.710000,31.040000,21253255
2019-01-07,30.400000,31.160000,30.300000,30.900000,17509659
2019-01-08,30.620000,30.800000,29.010000,29.190000,29015264
2019-01-09,29.000000,29.490000,28.900000,29.490000,19509809
2019-01-10,29.560000,30.820000,29.460000,30.480000,29037672
2019-01-11,30.100000,30.830000,30.080000,30.450000,15747884
2019-01-14,30.400000,30.700000,30.010000,30.330000,11780235
2019-01-15,30.300000,30.560000,30.120000,30.400000,12245709
2019-01-16,30.210000,30.400000,29.190000,29.820000,23807488
2019-01-17,29.800000,30.070000,29.350000,29.800000,14116842
2019-01-18,29.550000,29.750000,29.010000,29.520000,13140414
2019-01-21,28.950000,29.640000,28.910000,29.470000,14576001
2019-01-22,29.330000,30.220000,29.220000,29.900000,18540299
2019-01-23,29.910000,30.110000,29.600000,29.800000,10511256
2019-01-24,29.740000,29.850000,29.300000,29.560000,10302054
2019-01-25,29.440000,29.760000,29.310000,29.760000,9516218
2019-01-28,30.650000,31.090000,30.420000,30.770000,25679721
2019-01-29,31.050000,31.330000,30.280000,30.790000,21407135
2019-01-30,31.300000,31.400000,30.770000,31.250000,17047802
2019-01-31,31.300000,31.490000,30.600000,30.680000,18542246
2019-02-01,30.700000,30.980000,30.580000,30.900000,12514037
2019-02-11,30.500000,30.800000,30.000000,30.800000,20968901
2019-02-12,30.550000,31.380000,30.320000,31.380000,21614167
2019-02-13,31.000000,31.670000,30.910000,31.510000,21764206
2019-02-14,31.400000,31.500000,30.950000,31.200000,17094020
2019-02-15,31.240000,31.980000,31.240000,31.590000,22267693
2019-02-18,31.950000,32.330000,31.680000,32.200000,20227567
2019-02-19,32.500000,33.320000,32.130000,32.810000,24640908
2019-02-20,33.600000,34.150000,33.160000,33.350000,29278417
2019-02-21,33.000000,34.320000,32.900000,34.080000,26777693
2019-02-22,33.210000,33.380000,32.820000,33.130000,26913738
2019-02-25,33.000000,34.090000,32.880000,33.990000,32202337
2019-02-26,33.620000,34.830000,33.150000,33.210000,36533491
2019-02-27,33.050000,33.490000,32.610000,32.940000,29794194
2019-02-28,32.390000,32.750000,31.810000,32.600000,33806853
2019-03-01,32.170000,32.600000,32.050000,32.430000,22366010
2019-03-04,31.800000,32.970000,31.700000,32.950000,49414678
2019-03-05,32.430000,32.600000,32.150000,32.430000,32020679
2019-03-06,32.390000,33.460000,32.260000,33.030000,46964994
2019-03-07,32.860000,33.450000,32.550000,32.750000,40294666
2019-03-08,32.810000,33.190000,31.900000,31.900000,39672368
2019-03-11,32.100000,32.200000,31.580000,31.990000,28403324
2019-03-12,31.750000,32.520000,31.700000,32.200000,30241914
2019-03-13,32.380000,32.680000,32.030000,32.200000,27513446
2019-03-14,32.250000,32.290000,30.860000,30.940000,28457537
2019-03-15,30.770000,30.790000,30.070000,30.500000,26780017
2019-03-18,30.400000,30.980000,30.170000,30.970000,22105237
2019-03-19,30.970000,31.560000,30.810000,31.100000,23857191
2019-03-20,31.020000,31.230000,30.470000,30.630000,21707691
2019-03-21,31.290000,32.290000,31.290000,32.190000,47358633
2019-03-22,31.870000,32.140000,31.620000,32.000000,18890457
2019-03-25,32.590000,32.890000,32.210000,32.420000,27566746
2019-03-26,32.620000,33.180000,32.420000,32.840000,35062635
2019-03-27,32.400000,32.750000,31.990000,32.420000,21243314
2019-03-28,32.080000,32.190000,31.340000,31.630000,18582946
2019-03-29,30.660000,31.120000,30.270000,31.080000,35507654
2019-04-01,30.840000,31.640000,30.640000,31.430000,33305153
2019-04-02,31.200000,32.060000,31.080000,31.900000,30555842
2019-04-03,31.620000,31.870000,31.510000,31.700000,19385711
2019-04-04,31.640000,32.050000,31.550000,31.850000,23862905
2019-04-08,31.790000,32.180000,31.330000,31.630000,29181672
2019-04-09,31.640000,31.810000,30.860000,30.990000,32000952
2019-04-10,31.150000,31.530000,30.960000,31.440000,25083098
2019-04-11,31.400000,31.430000,30.750000,30.760000,21175515
2019-04-12,30.280000,30.460000,30.000000,30.190000,20889962
2019-04-15,30.190000,30.480000,29.910000,29.920000,18785925
2019-04-16,29.930000,30.250000,29.770000,30.200000,15287737
2019-04-17,29.610000,30.160000,29.600000,30.160000,18785955
2019-04-18,30.000000,30.090000,29.720000,29.890000,16298260
2019-04-19,29.880000,30.000000,29.780000,29.910000,12228960
2019-04-22,29.890000,30.660000,29.810000,30.450000,28508788
2019-04-23,30.180000,30.240000,29.630000,29.710000,18738948
2019-04-24,29.500000,29.630000,29.020000,29.500000,14204615
2019-04-25,29.520000,29.760000,29.150000,29.250000,14070011
2019-04-26,29.350000,29.670000,29.210000,29.510000,11100593
2019-04-29,29.670000,29.670000,28.370000,28.420000,14699927
2019-04-30,28.460000,29.390000,28.450000,29.170000,11946595
2019-05-06,29.960000,30.270000,28.800000,29.420000,36746873
2019-05-07,28.890000,29.670000,28.430000,29.050000,18037807
2019-05-08,29.500000,30.840000,29.150000,30.690000,40392402
2019-05-09,30.310000,30.800000,30.000000,30.390000,27657692
2019-05-10,29.950000,31.320000,29.680000,30.600000,35842767
2019-05-13,30.610000,31.160000,30.380000,30.840000,27881070
2019-05-14,31.920000,32.190000,31.370000,31.780000,45480706
2019-05-15,31.280000,31.650000,31.000000,31.550000,29277001
2019-05-16,31.300000,32.050000,31.250000,31.920000,28685855
2019-05-17,31.200000,31.470000,30.730000,30.930000,25945242
2019-05-20,30.250000,30.490000,29.490000,29.710000,22066967
2019-05-21,29.670000,29.980000,29.330000,29.800000,15253443
2019-05-22,29.620000,30.090000,29.460000,29.920000,15315220
2019-05-23,29.700000,29.730000,29.080000,29.360000,14339962
2019-05-24,29.740000,29.940000,29.500000,29.500000,13170858
2019-05-27,29.530000,29.840000,29.380000,29.810000,11492634
2019-05-28,29.600000,29.990000,29.500000,29.950000,15460488
2019-05-29,29.720000,30.470000,29.560000,30.470000,16639111
2019-05-30,30.000000,30.210000,29.760000,29.990000,13324334
2019-05-31,30.710000,31.270000,30.400000,31.090000,29345980
2019-06-03,31.950000,32.930000,31.730000,32.290000,41984434
2019-06-04,32.800000,33.530000,32.430000,32.670000,38316950
2019-06-05,32.300000,33.500000,32.190000,33.460000,40925838
2019-06-06,32.970000,33.680000,32.880000,32.970000,31192293
2019-06-10,32.850000,33.300000,32.440000,32.800000,22353305
2019-06-11,32.700000,33.130000,32.400000,32.830000,23770960
2019-06-12,32.870000,34.560000,32.640000,34.340000,43548286
2019-06-13,33.850000,34.650000,33.510000,34.400000,27246395
2019-06-14,34.890000,35.820000,34.200000,35.490000,42200343
2019-06-17,34.770000,35.980000,34.700000,34.880000,30531277
2019-06-18,35.000000,36.060000,34.780000,36.020000,33279429
2019-06-19,35.100000,35.620000,34.800000,35.500000,39960284
2019-06-20,36.830000,38.050000,36.100000,37.260000,53731484
2019-06-21,37.940000,40.670000,37.500000,39.300000,59281031
2019-06-24,39.900000,41.110000,39.870000,40.450000,52895945
2019-06-25,41.900000,44.500000,41.600000,44.500000,76767414
2019-06-26,42.500000,42.960000,40.350000,41.000000,75781795
2019-06-27,40.800000,41.780000,40.180000,40.900000,50980326
2019-06-28,41.750000,42.850000,41.010000,41.170000,51860402
2019-07-01,39.020000,39.880000,38.600000,39.760000,63859181
2019-07-02,39.700000,41.300000,39.550000,41.070000,51206427
2019-07-03,44.000000,44.100000,42.330000,42.470000,56333687
2019-07-04,42.240000,43.170000,40.570000,41.160000,44987911
2019-07-05,41.390000,41.870000,40.750000,41.860000,29063105
2019-07-08,40.900000,41.180000,39.130000,40.660000,44417151
2019-07-09,39.510000,40.260000,39.220000,39.990000,24100447
2019-07-10,39.780000,40.150000,38.500000,38.900000,28240550
2019-07-11,40.800000,41.760000,40.350000,41.400000,52023735
2019-07-12,40.760000,40.760000,39.930000,40.670000,27292917
2019-07-15,40.490000,41.080000,40.010000,40.950000,22024520
2019-07-16,40.600000,41.460000,40.440000,40.880000,19455185
2019-07-17,40.300000,40.300000,39.610000,39.760000,22881592
2019-07-18,41.010000,41.250000,40.030000,40.050000,29329742
2019-07-19,41.800000,42.940000,41.180000,42.240000,46110203
2019-07-22,41.150000,41.820000,40.890000,41.300000,24853547
2019-07-23,40.640000,41.130000,40.160000,41.130000,20023377
2019-07-24,40.900000,41.880000,40.620000,41.750000,22151480
2019-07-25,41.200000,41.600000,40.890000,41.450000,17720962
2019-07-26,40.800000,41.150000,40.600000,40.840000,17504608
2019-07-29,41.300000,41.440000,40.710000,40.950000,14756513
2019-07-30,41.030000,41.920000,40.530000,41.920000,30406894
2019-07-31,41.810000,42.460000,41.610000,42.130000,28985151
2019-08-01,40.010000,40.680000,39.820000,40.100000,34899138
2019-08-02,41.960000,41.960000,40.800000,40.950000,33017046
2019-08-05,41.880000,45.050000,41.830000,45.050000,63932039
2019-08-06,45.930000,47.150000,43.990000,45.190000,71368123
2019-08-07,46.250000,47.480000,46.100000,46.890000,50945391
2019-08-08,47.320000,47.400000,45.760000,46.070000,45635189
2019-08-09,46.120000,46.870000,45.520000,46.100000,34269918
2019-08-12,45.500000,46.700000,45.010000,46.090000,27363775
2019-08-13,47.510000,50.500000,47.220000,49.960000,54014761
2019-08-14,47.200000,49.210000,46.730000,48.840000,53143524
2019-08-15,50.200000,52.000000,50.020000,50.590000,60060772
2019-08-16,51.180000,51.870000,50.450000,51.250000,41336097
2019-08-19,49.850000,50.460000,49.390000,50.450000,50613289
2019-08-20,35.370000,37.790000,35.240000,37.600000,54222398
2019-08-21,37.000000,37.550000,36.600000,37.000000,54864300
2019-08-22,36.510000,36.780000,36.030000,36.360000,48368644
2019-08-23,35.960000,36.830000,35.600000,36.390000,50192968
2019-08-26,38.970000,39.000000,37.910000,38.100000,87614254
2019-08-27,37.770000,39.400000,37.350000,39.200000,74290766
2019-08-28,39.510000,40.200000,39.010000,39.300000,60392379
2019-08-29,39.100000,40.480000,38.940000,40.400000,57363735
2019-08-30,39.200000,40.700000,38.830000,39.880000,78446675
2019-09-02,39.500000,39.750000,39.010000,39.540000,52752559
2019-09-03,39.300000,39.630000,39.150000,39.450000,34473940
2019-09-04,40.300000,40.750000,39.760000,39.840000,70139187
2019-09-05,39.840000,40.200000,39.450000,40.000000,52806801
2019-09-06,38.160000,38.670000,37.980000,38.000000,84665955
2019-09-09,37.830000,38.260000,37.300000,38.240000,48986476
2019-09-10,37.400000,37.680000,37.020000,37.490000,54903708
2019-09-11,37.200000,37.880000,37.100000,37.650000,53452920
2019-09-12,37.290000,37.460000,37.010000,37.290000,36244070
2019-09-16,37.670000,38.330000,37.200000,38.190000,60250844
2019-09-17,37.710000,38.150000,37.310000,37.330000,45017195
2019-09-18,37.500000,37.620000,36.710000,36.810000,40246402
2019-09-19,36.300000,36.650000,35.780000,36.550000,39243354
2019-09-20,36.520000,37.490000,36.380000,37.490000,43402107
2019-09-23,37.860000,38.400000,37.500000,37.630000,50725365
2019-09-24,37.800000,38.160000,37.420000,37.710000,32624773
2019-09-25,38.200000,38.320000,37.220000,37.320000,34504907
2019-09-26,36.300000,36.370000,34.040000,34.180000,74242276
2019-09-27,33.840000,34.920000,32.800000,34.050000,50129989
2019-09-30,34.220000,34.510000,33.700000,33.890000,25512029
2019-10-08,33.900000,34.280000,33.390000,33.690000,29026109
2019-10-09,34.080000,35.390000,34.070000,35.270000,49483690
2019-10-10,35.300000,35.580000,34.780000,35.180000,31432957
2019-10-11,34.650000,34.780000,34.050000,34.720000,37347953
2019-10-14,33.600000,34.100000,33.180000,34.000000,41565897
2019-10-15,33.920000,34.510000,33.280000,33.400000,33711128
2019-10-16,32.680000,33.140000,32.510000,32.680000,36347284
2019-10-17,33.030000,33.210000,32.420000,32.970000,26167251
2019-10-18,32.900000,32.910000,31.970000,32.170000,28556184
2019-10-21,32.060000,32.600000,31.800000,32.520000,22639857
2019-10-22,32.120000,32.500000,32.030000,32.420000,16727363
2019-10-23,32.390000,32.950000,32.330000,32.760000,25001910
2019-10-24,32.510000,32.650000,31.120000,31.200000,45498399
2019-10-25,31.670000,32.590000,31.210000,32.420000,40595966
2019-10-28,32.300000,33.160000,31.950000,33.080000,30648751
2019-10-29,32.410000,32.640000,32.000000,32.200000,28287628
2019-10-30,31.800000,32.300000,31.610000,32.000000,19347860
2019-10-31,32.220000,32.590000,31.490000,31.780000,23357016
2019-11-01,32.400000,32.600000,32.080000,32.230000,25220736
2019-11-04,32.000000,32.420000,31.880000,32.380000,22057665
2019-11-05,32.100000,32.150000,31.500000,31.780000,34439187
2019-11-06,30.860000,31.100000,30.550000,30.740000,37198636
2019-11-07,30.900000,30.920000,30.560000,30.660000,18760568
2019-11-08,29.790000,30.100000,29.580000,30.080000,42252049
2019-11-11,29.950000,29.960000,29.510000,29.620000,25759457
2019-11-12,29.470000,29.640000,28.720000,28.960000,33739841
2019-11-13,29.100000,30.560000,29.100000,30.340000,58206869
2019-11-14,30.130000,30.190000,29.750000,30.090000,27319317
2019-11-15,29.920000,30.250000,29.310000,29.420000,27451547
2019-11-18,29.130000,29.610000,29.020000,29.340000,18354067
2019-11-19,29.740000,29.830000,29.360000,29.610000,23249635
2019-11-20,29.690000,30.670000,29.550000,30.490000,47910898
2019-11-21,30.290000,30.780000,29.880000,30.430000,40217031
2019-11-22,30.050000,31.230000,29.890000,31.100000,53395294
2019-11-25,30.550000,31.010000,30.200000,30.280000,36522149
2019-11-26,29.960000,30.650000,29.690000,30.600000,31030238
2019-11-27,30.450000,30.670000,30.190000,30.480000,21045724
2019-11-28,30.480000,30.660000,30.260000,30.340000,18698047
2019-11-29,30.390000,30.500000,29.850000,30.090000,21957014
2019-12-02,29.990000,30.180000,29.820000,29.880000,20275919
2019-12-03,30.120000,30.350000,29.840000,29.890000,23345125
2019-12-04,30.620000,32.450000,30.310000,32.220000,84350064
2019-12-05,31.510000,31.880000,31.450000,31.790000,44672790
2019-12-06,31.610000,32.110000,31.310000,31.670000,39719400
2019-12-09,30.800000,31.150000,30.650000,31.110000,42022177
2019-12-10,31.010000,31.380000,30.900000,31.120000,34428419
2019-12-11,31.010000,31.320000,30.910000,31.250000,27825211
2019-12-12,31.600000,31.670000,31.270000,31.400000,37749889
2019-12-13,30.760000,31.120000,30.660000,30.880000,41245580
2019-12-16,30.890000,31.160000,30.760000,31.130000,33029558
2019-12-17,31.020000,31.570000,30.940000,31.550000,42863152
2019-12-18,31.350000,31.840000,31.150000,31.810000,49673180
2019-12-19,31.550000,31.830000,31.240000,31.300000,41291156
2019-12-20,31.150000,31.550000,31.150000,31.370000,31150013
2019-12-23,31.370000,31.590000,31.120000,31.430000,30319579
2019-12-24,31.450000,31.860000,31.280000,31.710000,40195698
2019-12-25,32.300000,32.470000,31.800000,31.940000,49268549
2019-12-26,31.700000,32.190000,31.630000,31.940000,32274787
2019-12-27,32.180000,33.250000,32.160000,32.310000,64847574
2019-12-30,32.500000,32.910000,31.850000,32.120000,46491171
2019-12-31,32.440000,32.790000,32.220000,32.620000,42290408
2020-01-02,32.310000,32.960000,32.260000,32.900000,48910637
2020-01-03,33.210000,35.250000,33.100000,34.780000,98724895
2020-01-06,36.500000,37.970000,36.500000,37.910000,123400491
2020-01-07,36.790000,37.070000,36.010000,36.760000,70704272
2020-01-08,39.010000,39.280000,37.130000,38.490000,132635752
2020-01-09,35.400000,36.400000,35.400000,35.730000,100637385
2020-01-10,35.390000,35.390000,34.610000,35.060000,62751277
2020-01-13,34.840000,35.100000,34.500000,34.810000,38636186
2020-01-14,34.130000,34.640000,33.920000,34.390000,54428934
2020-01-15,34.430000,34.780000,34.080000,34.460000,41608503
2020-01-16,34.680000,34.700000,34.000000,34.080000,32736185
2020-01-17,33.810000,34.480000,33.780000,34.280000,32216473
2020-01-20,34.150000,34.450000,33.860000,34.410000,28075385
2020-01-21,34.550000,34.990000,34.410000,34.630000,43852311
2020-01-22,33.800000,33.930000,32.750000,33.160000,47523316
2020-01-23,33.310000,33.500000,32.040000,32.470000,37029667
2020-02-03,30.990000,33.000000,29.530000,31.600000,69832040
2020-02-04,30.990000,31.480000,30.580000,31.320000,37099632
2020-02-05,30.500000,32.690000,30.500000,32.280000,63329511
2020-02-06,31.810000,32.480000,31.680000,32.240000,48502852
2020-02-07,32.500000,33.180000,32.320000,32.420000,50509457
2020-02-10,32.580000,33.200000,32.160000,33.080000,52321077
2020-02-11,32.620000,33.110000,32.510000,32.580000,38419919
2020-02-12,32.280000,32.770000,32.130000,32.640000,31699345
2020-02-13,32.670000,33.760000,32.530000,33.750000,71917180
2020-02-14,33.500000,33.880000,33.210000,33.400000,48877703
2020-02-17,33.600000,34.030000,33.420000,33.940000,47468577
2020-02-18,34.200000,35.090000,34.040000,34.790000,63133554
2020-02-19,36.030000,36.360000,35.240000,35.510000,80106087
2020-02-20,35.450000,35.710000,35.080000,35.270000,62430825
2020-02-21,36.000000,37.650000,35.730000,37.190000,95565714
2020-02-24,39.000000,39.250000,38.110000,38.500000,112875866
2020-02-25,37.350000,39.240000,37.010000,37.200000,120001090
2020-02-26,37.170000,37.270000,35.550000,35.630000,88248511
2020-02-27,35.620000,36.270000,35.200000,36.040000,53950142
2020-02-28,34.820000,35.400000,33.700000,33.920000,76670880
2020-03-02,33.000000,34.570000,33.000000,34.340000,60437490
2020-03-03,34.110000,35.160000,34.010000,34.570000,51793009
2020-03-04,35.780000,35.930000,34.880000,35.100000,69309877
2020-03-05,34.800000,35.530000,34.640000,35.510000,42662269
2020-03-06,36.300000,37.000000,36.030000,36.510000,78574990
2020-03-09,37.250000,37.320000,34.300000,35.020000,74837448
2020-03-10,34.020000,34.480000,33.000000,34.370000,66097472
2020-03-11,34.010000,34.920000,33.670000,34.800000,44823935
2020-03-12,33.760000,33.970000,33.160000,33.600000,44410802
2020-03-13,30.370000,32.400000,30.360000,32.030000,64903792
2020-03-16,31.220000,32.860000,31.220000,31.680000,48541366
2020-03-17,31.510000,31.700000,29.180000,30.060000,51786479
2020-03-18,30.770000,31.050000,29.400000,29.480000,41270592
2020-03-19,29.000000,29.570000,27.800000,28.930000,43791778
2020-03-20,29.050000,30.350000,28.630000,30.100000,43138739
2020-03-23,29.030000,31.020000,29.030000,30.000000,49084344
2020-03-24,32.800000,33.000000,31.900000,33.000000,93571877
2020-03-25,35.000000,35.000000,33.750000,34.000000,78192446
2020-03-26,33.700000,34.700000,33.170000,34.410000,63914826
2020-03-27,34.400000,35.600000,34.100000,35.160000,70942391
2020-03-30,34.430000,35.400000,33.730000,34.260000,58179325
2020-03-31,33.950000,34.920000,33.550000,34.340000,37995753
2020-04-01,33.160000,34.900000,32.840000,34.760000,56240221
2020-04-02,34.170000,34.180000,33.420000,33.900000,40619856
2020-04-03,34.300000,35.100000,34.130000,34.320000,45017445
2020-04-07,36.000000,37.110000,35.640000,36.970000,73362891
2020-04-08,36.130000,36.620000,35.970000,36.290000,38869987
2020-04-09,36.100000,36.580000,35.660000,36.500000,32945665
2020-04-10,37.880000,38.000000,35.950000,36.050000,57349259
2020-04-13,35.990000,36.460000,35.410000,36.220000,27082442
2020-04-14,37.000000,38.030000,36.790000,37.170000,65672619
2020-04-15,37.000000,37.450000,36.790000,36.790000,33506027
2020-04-16,36.470000,37.550000,36.350000,37.490000,30869602
2020-04-17,36.990000,37.060000,36.010000,36.330000,47472225
2020-04-20,35.520000,36.270000,35.380000,36.050000,30752303
2020-04-21,35.960000,36.440000,35.670000,36.170000,23606938
2020-04-22,36.000000,36.300000,35.820000,36.030000,18880265
2020-04-23,36.650000,37.210000,36.460000,37.080000,42619876
2020-04-24,36.900000,37.900000,36.690000,37.450000,40537081
2020-04-27,37.100000,37.850000,36.680000,37.110000,30362320
2020-04-28,36.700000,36.720000,35.650000,36.150000,33379568
2020-04-29,36.310000,36.750000,36.110000,36.140000,21042330
2020-04-30,36.000000,36.400000,35.450000,36.290000,36530432
2020-05-06,35.980000,36.650000,35.870000,36.460000,29220018
2020-05-07,35.890000,36.330000,35.780000,35.900000,24838942
2020-05-08,36.700000,36.880000,36.410000,36.630000,36855054
2020-05-11,36.200000,36.250000,35.700000,35.910000,36757700
2020-05-12,35.630000,35.860000,35.250000,35.710000,22516264
2020-05-13,35.750000,35.960000,35.470000,35.690000,15658875
2020-05-14,35.880000,36.060000,35.500000,36.020000,25585572
2020-05-15,36.400000,37.150000,36.300000,36.910000,52144022
2020-05-18,37.880000,40.350000,37.700000,39.900000,85837776
2020-05-19,38.650000,38.880000,37.820000,37.820000,64045547
2020-05-20,38.500000,38.940000,37.990000,38.540000,41820937
2020-05-21,38.020000,38.190000,37.200000,37.300000,33317945
2020-05-22,36.830000,37.120000,35.740000,36.810000,41831515
2020-05-25,36.310000,36.650000,36.010000,36.400000,17998284
2020-05-26,36.800000,37.350000,36.500000,37.030000,19874185
2020-05-27,36.290000,36.530000,35.880000,36.120000,27197594
2020-05-28,36.320000,37.220000,36.230000,37.040000,28651429
2020-05-29,36.700000,37.200000,36.610000,37.100000,19500044
2020-06-01,37.190000,37.970000,37.010000,37.760000,29797254
2020-06-02,37.610000,37.650000,37.080000,37.230000,25352412
2020-06-03,36.650000,36.810000,36.480000,36.650000,25180705
2020-06-04,36.000000,36.280000,35.790000,36.050000,31971155
2020-06-05,36.380000,36.380000,35.950000,36.120000,18624504
2020-06-08,35.740000,36.330000,35.530000,36.290000,30082092
2020-06-09,36.340000,36.430000,35.870000,35.950000,24381999
2020-06-10,36.410000,36.480000,36.060000,36.150000,22538767
2020-06-11,36.500000,36.620000,36.120000,36.440000,29738416
2020-06-12,35.910000,36.180000,35.680000,35.860000,26002668
2020-06-15,35.880000,36.200000,35.340000,35.370000,26354843
2020-06-16,35.650000,35.880000,35.430000,35.620000,20530094
2020-06-17,35.450000,35.840000,35.170000,35.810000,24075947
2020-06-18,35.680000,35.760000,34.850000,35.070000,37054053
2020-06-19,35.090000,35.340000,34.660000,35.290000,27808888
2020-06-22,35.990000,36.650000,35.950000,36.340000,46749966
2020-06-23,36.580000,36.630000,35.750000,35.770000,35422909
2020-06-24,36.600000,37.010000,36.410000,36.480000,45589925
2020-06-29,36.650000,36.960000,36.290000,36.720000,32040209
2020-06-30,36.500000,36.720000,36.080000,36.620000,23965319
2020-07-01,37.120000,37.190000,36.630000,36.990000,33322340
2020-07-02,36.210000,36.580000,36.020000,36.520000,40897313
2020-07-03,36.460000,36.850000,36.200000,36.540000,41367459
2020-07-06,36.460000,37.690000,36.360000,37.670000,73293734
2020-07-07,37.990000,39.080000,37.820000,38.430000,70727188
2020-07-08,39.100000,39.840000,38.430000,39.370000,63928520
2020-07-09,40.290000,42.000000,40.000000,41.550000,83520618
2020-07-10,40.710000,40.730000,39.010000,39.300000,71955948
2020-07-13,39.500000,39.880000,39.070000,39.850000,48770116
2020-07-14,38.900000,39.290000,38.170000,38.750000,49618481
2020-07-15,39.380000,39.490000,38.810000,38.910000,38240273
2020-07-16,38.900000,39.120000,37.210000,37.350000,40376272
2020-07-17,37.000000,37.500000,36.540000,37.230000,28568481
2020-07-20,37.400000,38.610000,37.270000,38.430000,34352710
2020-07-21,38.970000,39.330000,38.500000,39.130000,42017946
2020-07-22,41.250000,41.300000,39.380000,39.450000,67608066
2020-07-23,40.000000,40.720000,39.330000,40.150000,59762654
2020-07-24,40.390000,41.660000,39.550000,40.450000,79404033
2020-07-27,41.700000,44.000000,41.270000,43.980000,101893204
2020-07-28,46.180000,46.840000,41.890000,42.400000,108416124
2020-07-29,42.900000,42.930000,41.880000,42.790000,57730317
2020-07-30,42.800000,42.820000,41.310000,41.350000,59840615
2020-07-31,41.350000,43.350000,41.290000,43.010000,66977980
2020-08-03,42.390000,43.180000,41.810000,42.640000,53012855
2020-08-04,42.640000,42.970000,42.000000,42.140000,42116203
2020-08-05,43.620000,44.930000,42.900000,44.860000,78358696
2020-08-06,44.860000,46.970000,44.500000,45.610000,86222403
2020-08-07,46.160000,47.570000,43.820000,44.520000,81933169
2020-08-10,43.330000,43.570000,42.450000,43.160000,49797273
2020-08-11,42.350000,42.960000,41.150000,41.390000,54696199
2020-08-12,38.610000,39.320000,37.500000,39.300000,84127001
2020-08-13,39.200000,39.200000,38.500000,38.880000,38392371
2020-08-14,39.270000,39.580000,38.790000,39.210000,31980120
2020-08-17,39.180000,41.070000,38.980000,40.940000,41447697
2020-08-18,41.650000,42.560000,41.610000,42.500000,49794998
2020-08-19,30.700000,30.990000,30.180000,30.280000,51172075
2020-08-20,28.780000,29.630000,28.230000,29.070000,56469385
2020-08-21,29.140000,29.290000,28.650000,28.780000,34898469
2020-08-24,28.480000,29.290000,28.380000,29.030000,30732332
2020-08-25,28.800000,28.930000,28.280000,28.490000,37220997
2020-08-26,28.350000,28.660000,28.000000,28.160000,33248972
2020-08-27,28.640000,28.780000,28.290000,28.680000,26614466
2020-08-28,28.230000,29.050000,28.120000,28.980000,35368848
2020-08-31,29.300000,29.850000,28.990000,28.990000,55707619
2020-09-01,29.070000,29.870000,29.070000,29.790000,53301363
2020-09-02,29.250000,29.250000,28.790000,28.880000,47513756
2020-09-03,28.570000,28.780000,28.230000,28.330000,35278706
2020-09-04,28.250000,28.600000,28.080000,28.460000,24587192
2020-09-07,28.340000,28.650000,27.510000,27.720000,38251900
2020-09-08,27.520000,27.660000,26.400000,27.210000,43091406
2020-09-09,26.800000,27.060000,26.510000,27.040000,26394379
2020-09-10,27.460000,27.530000,26.740000,26.870000,23541958
2020-09-11,26.750000,27.050000,26.510000,27.040000,16945393
2020-09-14,27.050000,27.330000,26.870000,27.050000,19880426
2020-09-15,27.150000,27.720000,27.090000,27.640000,29867692
2020-09-16,27.170000,27.280000,27.010000,27.110000,19144648
2020-09-17,26.890000,26.890000,25.900000,26.160000,41759968
2020-09-18,26.220000,26.750000,26.060000,26.750000,23111483
2020-09-21,26.580000,26.780000,26.470000,26.620000,15882227
2020-09-22,25.930000,26.100000,25.710000,25.810000,28441960
2020-09-23,25.810000,25.890000,25.390000,25.510000,26497501
2020-09-24,25.300000,25.650000,25.000000,25.160000,30048975
2020-09-25,25.270000,25.440000,25.150000,25.360000,15362301
2020-09-28,25.370000,25.740000,25.110000,25.550000,18379089
2020-09-29,25.810000,25.900000,25.410000,25.500000,18591855
2020-09-30,25.500000,25.500000,25.500000,25.500000,0
2020-10-09,25.610000,26.250000,25.610000,25.910000,27752983
2020-10-12,26.170000,26.470000,26.170000,26.450000,27635806
2020-10-13,26.250000,26.500000,25.990000,26.370000,23250900
2020-10-14,25.960000,26.020000,25.770000,25.880000,21400508
2020-10-15,25.720000,26.060000,25.720000,25.870000,13993493
2020-10-16,26.070000,26.350000,25.900000,26.010000,19604059
2020-10-19,25.900000,26.220000,25.710000,26.120000,24273332
2020-10-20,25.860000,25.860000,25.540000,25.820000,16574974
2020-10-21,25.960000,26.200000,25.910000,26.080000,27853836
2020-10-22,26.000000,26.000000,25.380000,25.580000,24563952
2020-10-23,25.350000,25.660000,25.320000,25.450000,16023641
2020-10-26,25.400000,25.580000,25.100000,25.140000,16372002
2020-10-27,25.200000,25.360000,25.180000,25.290000,13691819
2020-10-28,25.210000,25.250000,24.950000,25.050000,21611205
2020-10-29,24.370000,24.480000,24.240000,24.470000,29657601
2020-10-30,24.300000,24.500000,23.690000,23.780000,29974548
2020-11-02,23.740000,24.270000,23.680000,24.190000,25140602
2020-11-03,24.250000,24.980000,24.190000,24.840000,30642511
2020-11-04,24.750000,24.750000,24.400000,24.600000,20188934
2020-11-05,24.810000,24.950000,24.600000,24.890000,21068573
2020-11-06,25.400000,26.250000,25.320000,25.820000,53848645
2020-11-09,25.810000,26.110000,25.350000,25.900000,45011656
2020-11-10,24.510000,24.910000,24.400000,24.890000,49218504
2020-11-11,24.660000,24.770000,24.510000,24.660000,21442584
2020-11-12,24.520000,24.580000,24.350000,24.400000,21291895
2020-11-13,24.510000,24.570000,24.320000,24.450000,15468986
2020-11-16,24.520000,24.990000,24.490000,24.740000,31170182
2020-11-17,24.610000,24.650000,24.210000,24.310000,26314330
2020-11-18,24.100000,24.500000,24.080000,24.370000,18136986
2020-11-19,24.240000,24.270000,24.090000,24.200000,17751689
2020-11-20,24.100000,24.480000,24.100000,24.450000,19942602
2020-11-23,24.480000,24.730000,24.250000,24.620000,30910598
2020-11-24,24.150000,24.150000,23.850000,23.970000,43442530
2020-11-25,23.800000,23.960000,23.750000,23.880000,22248001
2020-11-26,23.900000,23.960000,23.740000,23.800000,15952626
2020-11-27,23.840000,23.930000,23.720000,23.910000,15658441
2020-11-30,23.660000,23.860000,23.350000,23.840000,30905119
2020-12-01,23.830000,24.120000,23.710000,24.110000,27901316
2020-12-02,24.500000,24.700000,24.290000,24.320000,32666604
2020-12-03,24.540000,24.580000,24.220000,24.330000,19596103
2020-12-04,24.320000,24.450000,24.200000,24.360000,16714043
2020-12-07,24.320000,24.320000,23.970000,24.070000,17702423
2020-12-08,24.300000,24.630000,24.300000,24.500000,28291770
2020-12-09,24.370000,24.540000,24.000000,24.030000,19585457
2020-12-10,23.820000,23.920000,23.610000,23.700000,16584750
2020-12-11,23.700000,23.850000,23.350000,23.480000,17011997
2020-12-14,23.400000,23.560000,23.120000,23.530000,13883724
2020-12-15,23.480000,23.850000,23.230000,23.830000,17115455
2020-12-16,23.820000,23.990000,23.600000,23.750000,15157748
2020-12-17,23.750000,23.950000,23.600000,23.910000,19171638
2020-12-18,24.080000,24.130000,23.830000,23.940000,24342889
2020-12-21,24.150000,24.500000,24.060000,24.450000,34800040
2020-12-22,24.020000,24.110000,23.450000,23.510000,33870174
2020-12-23,23.360000,23.460000,23.260000,23.380000,18354409
2020-12-24,23.500000,23.570000,23.250000,23.310000,13787810
2020-12-25,23.300000,23.470000,23.140000,23.410000,12258170
2020-12-28,23.600000,23.960000,23.500000,23.660000,20882306
2020-12-29,23.500000,23.510000,23.270000,23.400000,14615064
2020-12-30,23.380000,23.550000,23.290000,23.440000,13318029
2020-12-31,23.600000,23.750000,23.480000,23.620000,21378694
2021-01-04,23.960000,24.340000,23.880000,24.170000,42050262
2021-01-05,24.450000,24.840000,24.190000,24.730000,56536536
2021-01-06,24.660000,24.850000,24.110000,24.360000,37475818
2021-01-07,24.000000,24.650000,23.880000,24.640000,42532539
2021-01-08,24.400000,24.460000,24.020000,24.260000,35039453
2021-01-11,23.500000,23.680000,23.240000,23.390000,42714965
2021-01-12,23.300000,23.500000,23.180000,23.500000,25845691
2021-01-13,23.390000,23.480000,23.210000,23.340000,24467426
2021-01-14,23.250000,23.310000,22.710000,22.780000,41909604
2021-01-15,22.800000,22.950000,22.800000,22.880000,18965827
2021-01-18,22.600000,23.070000,22.440000,23.070000,22330800
2021-01-19,23.090000,23.190000,22.850000,23.140000,19214923
2021-01-20,23.000000,23.100000,22.900000,23.020000,16618133
2021-01-21,23.160000,23.190000,22.930000,23.060000,24222338
2021-01-22,22.890000,22.890000,22.540000,22.580000,26480550
2021-01-25,22.530000,22.550000,22.020000,22.040000,32022881
2021-01-26,22.000000,23.370000,21.630000,23.010000,48485214
2021-01-27,22.500000,22.760000,22.210000,22.230000,27415847
2021-01-28,22.000000,22.490000,21.890000,22.060000,19724050
2021-01-29,22.260000,22.380000,21.900000,22.210000,19087371
2021-02-01,22.300000,23.000000,22.300000,22.830000,31654847
2021-02-02,22.600000,22.660000,22.260000,22.300000,23030516
2021-02-03,22.030000,22.300000,21.900000,22.060000,18606464
2021-02-04,22.070000,22.070000,21.090000,21.250000,31107099
2021-02-05,20.770000,21.230000,20.750000,20.810000,21815741
2021-02-08,20.990000,21.340000,20.900000,21.180000,16361546
2021-02-09,21.380000,21.630000,21.280000,21.390000,20703795
2021-02-10,21.320000,21.770000,21.100000,21.730000,21733150
2021-02-18,21.630000,22.400000,21.500000,22.100000,39885145
2021-02-19,21.900000,22.480000,21.800000,22.390000,36244199
2021-02-22,22.550000,24.500000,22.540000,23.940000,108268068
2021-02-23,24.000000,24.500000,23.400000,24.080000,82759109
2021-02-24,23.800000,24.000000,22.800000,23.100000,59397410
2021-02-25,23.350000,23.440000,22.740000,22.790000,31540200
2021-02-26,22.330000,22.520000,22.150000,22.210000,29493991
2021-03-01,22.350000,22.380000,22.000000,22.360000,23344371
2021-03-02,22.100000,22.410000,21.680000,22.410000,37184624
2021-03-03,22.380000,22.600000,22.220000,22.490000,21428370
2021-03-04,22.170000,22.680000,22.090000,22.280000,25647293
2021-03-05,22.000000,22.260000,21.850000,22.160000,16581080
2021-03-08,22.330000,22.630000,22.100000,22.160000,25458980
2021-03-09,21.960000,22.150000,21.360000,21.540000,25564427
2021-03-10,21.870000,21.960000,21.250000,21.290000,20210925
2021-03-11,21.300000,22.300000,21.300000,22.160000,29183025
2021-03-12,22.000000,22.080000,21.710000,21.780000,16735476
2021-03-15,21.950000,22.230000,21.740000,21.910000,17202479
2021-03-16,21.930000,22.170000,21.780000,22.010000,12516858
2021-03-17,21.900000,22.140000,21.820000,22.050000,13339768
2021-03-18,22.350000,22.540000,22.220000,22.270000,20981310
2021-03-19,21.900000,22.150000,21.710000,22.150000,18385968
2021-03-22,21.950000,22.070000,21.800000,22.010000,13022069
2021-03-23,21.970000,22.010000,21.670000,21.850000,14603553
2021-03-24,21.710000,21.860000,21.610000,21.800000,14550816
2021-03-25,21.760000,21.950000,21.680000,21.690000,11993562
2021-03-26,21.680000,21.740000,21.400000,21.740000,15021024
2021-03-29,21.730000,21.750000,21.530000,21.590000,11798703
2021-03-30,21.450000,21.450000,21.290000,21.390000,14988904
2021-03-31,21.100000,21.350000,21.080000,21.310000,10717736
2021-04-01,21.450000,21.480000,21.300000,21.370000,8889336
2021-04-02,21.670000,21.710000,21.380000,21.430000,14106227
2021-04-06,21.400000,21.500000,21.160000,21.220000,17804447
2021-04-07,21.250000,21.340000,21.200000,21.290000,13086542
2021-04-08,21.190000,21.510000,21.100000,21.430000,15747033
2021-04-09,21.530000,21.740000,21.290000,21.350000,20492038
2021-04-12,21.320000,21.350000,21.010000,21.020000,17981758
2021-04-13,20.450000,20.450000,19.740000,19.830000,40611572
2021-04-14,19.900000,20.040000,19.740000,19.990000,13776587
2021-04-15,19.900000,19.900000,19.690000,19.860000,12180194
2021-04-16,20.000000,20.290000,20.000000,20.170000,16569493
2021-04-19,20.200000,20.400000,20.080000,20.360000,13602657
2021-04-20,20.180000,20.300000,20.130000,20.210000,11996504
2021-04-21,20.210000,20.260000,20.080000,20.240000,12262663
2021-04-22,20.360000,20.440000,20.120000,20.190000,12474708
2021-04-23,20.010000,20.150000,20.010000,20.100000,10700561
2021-04-26,20.010000,20.180000,20.010000,20.010000,12612351
2021-04-27,20.010000,20.060000,19.520000,19.660000,16726410
2021-04-28,19.530000,19.540000,19.260000,19.330000,18012527
2021-04-29,19.430000,19.780000,19.430000,19.720000,15428569
2021-04-30,19.600000,19.600000,19.110000,19.360000,19617807
2021-05-06,19.430000,19.730000,19.430000,19.640000,13210767
2021-05-07,19.950000,21.110000,19.950000,20.820000,52748613
2021-05-10,21.000000,22.390000,21.000000,22.240000,70156778
2021-05-11,21.890000,21.900000,21.340000,21.700000,37027511
2021-05-12,21.500000,21.650000,21.150000,21.270000,28383455
2021-05-13,20.890000,20.980000,20.530000,20.690000,23965495
2021-05-14,20.750000,20.880000,20.530000,20.810000,27398521
2021-05-17,21.300000,21.500000,20.830000,21.190000,32719674
2021-05-18,21.820000,21.950000,21.370000,21.470000,32985642
2021-05-19,21.300000,21.650000,21.100000,21.530000,20067538
2021-05-20,21.150000,21.600000,20.850000,21.290000,23765733
2021-05-21,21.180000,21.380000,20.980000,21.010000,16821741
2021-05-24,21.150000,21.350000,21.060000,21.120000,12912955
2021-05-25,20.880000,21.110000,20.620000,21.110000,21314944
2021-05-26,21.340000,22.240000,21.300000,21.850000,50226924
2021-05-27,21.550000,21.670000,21.370000,21.500000,22199869
2021-05-28,21.500000,21.570000,21.120000,21.170000,21204790
2021-05-31,21.410000,21.550000,21.240000,21.370000,18120078
2021-06-01,21.500000,21.550000,21.300000,21.520000,18940062
2021-06-02,21.350000,21.350000,20.850000,20.870000,25304486
2021-06-03,20.900000,21.000000,20.780000,20.800000,12327256
2021-06-04,20.390000,20.650000,20.120000,20.470000,18977959
2021-06-07,20.500000,20.620000,20.340000,20.400000,11007941
2021-06-08,20.570000,20.580000,20.210000,20.240000,13481823
2021-06-09,20.300000,20.330000,20.150000,20.210000,11604592
2021-06-10,20.170000,20.170000,19.980000,20.010000,20908335
2021-06-11,20.150000,20.330000,20.030000,20.320000,19812810
2021-06-15,19.900000,19.940000,19.650000,19.770000,23929365
2021-06-16,19.600000,19.810000,19.600000,19.720000,10319684
2021-06-17,19.450000,19.600000,19.350000,19.480000,13993657
2021-06-18,19.180000,19.470000,19.000000,19.390000,16427609
2021-06-21,19.300000,19.560000,19.220000,19.560000,11653709
2021-06-22,19.580000,19.720000,19.430000,19.450000,12926104
2021-06-23,19.470000,19.490000,19.280000,19.360000,10110561
2021-06-24,19.320000,19.460000,19.250000,19.360000,8850060
2021-06-25,19.340000,19.610000,19.290000,19.550000,11545729
2021-06-28,19.560000,19.570000,19.400000,19.530000,8737768
2021-06-29,19.460000,19.460000,19.210000,19.230000,12248686
2021-06-30,19.120000,19.340000,19.100000,19.220000,9297979
2021-07-01,19.220000,19.410000,19.170000,19.400000,11684104
2021-07-02,19.300000,19.570000,19.160000,19.190000,16119688
2021-07-05,19.300000,19.350000,19.140000,19.260000,11778798
2021-07-06,19.270000,19.590000,19.210000,19.580000,18351022
2021-07-07,19.440000,19.500000,19.360000,19.470000,12428417
2021-07-08,19.470000,19.470000,19.100000,19.140000,17379544
2021-07-09,19.130000,19.430000,19.110000,19.330000,19144077
2021-07-12,19.400000,19.500000,19.080000,19.130000,29010691
2021-07-13,19.100000,19.130000,18.650000,18.710000,41397683
2021-07-14,18.700000,18.710000,18.080000,18.340000,31836771
2021-07-15,18.100000,18.110000,17.000000,17.310000,63671822
2021-07-16,17.180000,17.440000,17.120000,17.360000,24573518
2021-07-19,17.320000,17.320000,17.010000,17.210000,18865248
2021-07-20,17.260000,17.460000,17.250000,17.420000,15758230
2021-07-21,17.280000,17.400000,17.230000,17.330000,12062663
2021-07-22,17.360000,17.540000,17.250000,17.480000,16317913
2021-07-23,17.490000,17.950000,17.440000,17.590000,26527456
2021-07-26,17.600000,17.680000,17.280000,17.360000,18475731
2021-07-27,17.400000,17.710000,17.320000,17.480000,21677017
2021-07-28,17.450000,17.500000,16.830000,16.980000,19250226
2021-07-29,17.220000,17.420000,17.020000,17.280000,16378954
2021-07-30,17.460000,17.750000,17.330000,17.560000,23037482
2021-08-02,17.380000,17.660000,17.190000,17.480000,20418001
2021-08-03,17.360000,17.510000,17.190000,17.280000,17890982
2021-08-04,17.280000,17.330000,17.160000,17.300000,12157877
2021-08-05,17.250000,17.310000,17.140000,17.180000,11669753
2021-08-06,17.460000,17.790000,17.360000,17.490000,30914409
2021-08-09,17.010000,17.430000,16.910000,17.410000,20653954
2021-08-10,17.310000,17.410000,17.210000,17.370000,13914229
2021-08-11,17.300000,17.750000,17.270000,17.520000,20920836
2021-08-12,17.550000,18.340000,17.550000,18.220000,52770316
2021-08-13,18.020000,18.360000,17.900000,18.200000,28954290
2021-08-16,18.360000,18.660000,17.950000,18.030000,28985139
2021-08-17,18.100000,18.200000,17.760000,17.810000,19536493
2021-08-18,17.780000,17.940000,17.620000,17.930000,14931208
2021-08-19,17.750000,17.830000,17.500000,17.550000,19835237
2021-08-20,17.380000,17.600000,17.330000,17.590000,14315301
2021-08-23,17.500000,17.670000,17.500000,17.590000,12378740
2021-08-24,17.730000,17.890000,17.600000,17.830000,19974712
2021-08-25,17.770000,17.770000,17.530000,17.710000,15369174
2021-08-26,17.680000,17.960000,17.560000,17.730000,19268652
2021-08-27,17.620000,18.060000,17.570000,18.060000,24826534
2021-08-30,18.180000,18.280000,17.720000,17.850000,23721713
2021-08-31,17.820000,18.000000,17.580000,18.000000,19806614
2021-09-01,17.880000,18.260000,17.810000,18.230000,32612191
2021-09-02,18.120000,18.360000,18.100000,18.220000,25291589
2021-09-03,18.120000,18.440000,18.100000,18.360000,25710269
2021-09-06,18.500000,18.650000,18.320000,18.500000,25642773
2021-09-07,18.410000,18.490000,18.260000,18.400000,21185162
2021-09-08,18.170000,19.080000,18.170000,18.960000,49720979
2021-09-09,18.800000,19.610000,18.800000,19.290000,53037538
2021-09-10,19.320000,20.650000,19.320000,19.980000,73556158
2021-09-13,20.600000,21.910000,20.080000,21.730000,120811874
2021-09-14,21.590000,21.950000,21.050000,21.250000,70445994
2021-09-15,21.270000,21.850000,21.100000,21.310000,47382129
2021-09-16,21.310000,21.880000,21.000000,21.030000,49045407
2021-09-17,20.490000,20.660000,19.670000,20.200000,46876898
2021-09-22,20.280000,20.440000,19.900000,20.100000,24016738
2021-09-23,20.300000,20.380000,19.650000,19.780000,31863433
2021-09-24,19.560000,19.760000,19.330000,19.370000,26920581
2021-09-27,19.280000,19.350000,18.730000,18.950000,26137414
2021-09-28,18.850000,19.140000,18.820000,18.990000,13723424
2021-09-29,18.990000,20.210000,18.920000,19.950000,49266021
2021-09-30,19.680000,19.840000,19.410000,19.610000,21546213
2021-10-08,19.780000,19.990000,19.510000,19.860000,17739521
2021-10-11,19.890000,20.290000,19.710000,20.040000,19870829
2021-10-12,19.920000,20.010000,19.400000,19.600000,17142125
2021-10-13,19.530000,19.590000,19.000000,19.150000,19457544
2021-10-14,19.650000,20.600000,19.600000,20.290000,47644889
2021-10-15,20.000000,20.550000,19.940000,20.070000,23351610
2021-10-18,19.700000,19.980000,19.610000,19.970000,18159413
2021-10-19,19.970000,20.140000,19.630000,20.130000,17782359
2021-10-20,19.770000,19.920000,19.660000,19.690000,17091705
2021-10-21,19.820000,20.340000,19.750000,20.030000,29304210
2021-10-22,19.870000,20.160000,19.650000,19.840000,18045845
2021-10-25,19.800000,20.180000,19.600000,19.990000,16845472
2021-10-26,20.160000,20.430000,19.900000,20.130000,18626151
2021-10-27,19.900000,19.950000,19.550000,19.720000,18050064
2021-10-28,19.740000,20.200000,19.660000,19.800000,20843361
2021-10-29,19.900000,20.070000,19.720000,19.920000,13637471
2021-11-01,19.750000,19.980000,19.670000,19.890000,11636458
2021-11-02,19.910000,21.090000,19.500000,20.380000,37596863
2021-11-03,19.930000,20.050000,19.770000,19.820000,18836104
2021-11-04,19.760000,19.890000,19.670000,19.780000,12292426
2021-11-05,19.910000,20.280000,19.900000,19.950000,17397096
2021-11-08,20.360000,20.430000,20.060000,20.190000,21980815
2021-11-09,20.240000,20.440000,19.970000,20.070000,15100839
2021-11-10,20.200000,20.600000,20.060000,20.320000,34209295
2021-11-11,20.750000,21.060000,20.510000,20.960000,49457567
2021-11-12,21.060000,21.350000,20.720000,20.870000,28788440
2021-11-15,20.810000,21.110000,20.630000,20.720000,17026317
2021-11-16,20.880000,20.950000,20.660000,20.850000,15157802
2021-11-17,20.580000,20.690000,20.150000,20.220000,26860928
2021-11-18,20.410000,20.600000,20.020000,20.060000,18897163
2021-11-19,20.000000,20.180000,19.910000,20.120000,12511715
2021-11-22,19.900000,20.040000,19.620000,19.840000,22241348
2021-11-23,19.540000,19.770000,19.510000,19.650000,21782188
2021-11-24,19.560000,19.590000,19.310000,19.390000,20886770
2021-11-25,19.510000,19.520000,19.380000,19.410000,13667023
2021-11-26,19.410000,19.430000,19.190000,19.330000,15637266
2021-11-29,19.260000,19.260000,19.020000,19.100000,17369367
2021-11-30,19.000000,19.190000,19.000000,19.100000,16992165
2021-12-01,19.000000,19.090000,18.860000,19.050000,20423958
2021-12-02,18.970000,19.030000,18.820000,18.840000,16036590
2021-12-03,18.840000,18.890000,18.560000,18.880000,22986059
2021-12-06,18.960000,19.190000,18.870000,19.120000,18460060
2021-12-07,19.100000,19.110000,18.900000,19.030000,11258081
2021-12-08,19.090000,19.260000,19.030000,19.240000,13549106
2021-12-09,19.160000,19.350000,19.140000,19.310000,14287125
2021-12-10,19.200000,19.340000,19.130000,19.210000,15228822
2021-12-13,19.230000,19.260000,19.100000,19.120000,16037419
2021-12-14,19.150000,19.180000,18.920000,18.990000,13322008
2021-12-15,18.900000,19.040000,18.850000,19.030000,12012723
2021-12-16,18.980000,19.070000,18.960000,19.030000,10864556
2021-12-17,19.280000,19.350000,19.150000,19.290000,25306594
2021-12-20,19.170000,19.180000,18.870000,18.960000,13483318
2021-12-21,18.910000,19.010000,18.830000,18.990000,10156657
2021-12-22,18.960000,19.010000,18.850000,18.860000,13999694
2021-12-23,18.980000,19.020000,18.830000,18.880000,12069703
2021-12-24,18.860000,18.870000,18.570000,18.580000,18623781
2021-12-27,18.590000,18.700000,18.460000,18.490000,14352803
2021-12-28,18.500000,18.700000,18.500000,18.700000,12687135
2021-12-29,18.640000,18.650000,18.520000,18.620000,10985624
2021-12-30,18.610000,18.690000,18.560000,18.590000,11630449
2021-12-31,18.700000,18.870000,18.650000,18.820000,14450346
2022-01-04,18.670000,18.940000,18.630000,18.910000,15523760
2022-01-05,18.910000,19.180000,18.860000,19.080000,19351723
2022-01-06,19.080000,19.140000,18.900000,19.100000,14271689
2022-01-07,18.900000,19.120000,18.880000,19.000000,13478116
2022-01-10,18.980000,19.260000,18.950000,19.200000,15976825
2022-01-11,19.280000,19.450000,19.180000,19.340000,20267231
2022-01-12,19.450000,19.550000,19.190000,19.470000,17976827
2022-01-13,19.540000,20.080000,19.470000,19.620000,29045718
2022-01-14,19.660000,19.760000,19.300000,19.360000,17763342
2022-01-17,19.280000,19.350000,19.090000,19.170000,13785255
2022-01-18,19.180000,19.250000,19.040000,19.090000,13430278
2022-01-19,19.010000,19.300000,18.960000,19.250000,15422025
2022-01-20,19.610000,19.850000,19.460000,19.500000,32475265
2022-01-21,19.400000,19.880000,19.260000,19.790000,30307849
2022-01-24,19.600000,19.930000,19.560000,19.670000,19122534
2022-01-25,19.850000,20.240000,19.590000,20.170000,58489940
2022-01-26,19.900000,20.110000,19.650000,19.870000,33259994
2022-01-27,19.400000,19.450000,18.500000,18.560000,45984625
2022-01-28,18.300000,18.770000,18.080000,18.750000,19918531
2022-02-07,18.810000,19.130000,18.710000,18.790000,16353163
2022-02-08,18.960000,19.100000,18.840000,19.090000,13136601
2022-02-09,19.210000,19.340000,19.080000,19.250000,12557959
2022-02-10,19.350000,19.550000,19.150000,19.290000,15129475
2022-02-11,19.110000,19.250000,18.940000,18.970000,12516374
2022-02-14,19.490000,20.490000,19.450000,19.970000,58001997
2022-02-15,20.330000,20.390000,19.910000,20.130000,32003409
2022-02-16,19.460000,19.540000,19.290000,19.310000,32344002
2022-02-17,19.500000,20.400000,19.440000,20.230000,53967080
2022-02-18,20.520000,20.550000,19.800000,19.910000,34382699
2022-02-21,19.950000,20.080000,19.750000,19.850000,18256780
2022-02-22,20.330000,20.580000,20.150000,20.460000,61741579
2022-02-23,20.060000,20.200000,19.850000,19.940000,37593283
2022-02-24,20.100000,21.840000,19.950000,21.410000,136955985
2022-02-25,20.380000,20.950000,20.010000,20.760000,93909101
2022-02-28,20.700000,21.340000,20.500000,20.760000,59532835
2022-03-01,20.370000,20.500000,20.150000,20.410000,34355396
2022-03-02,20.740000,20.890000,20.420000,20.540000,35482477
2022-03-03,20.230000,20.610000,20.210000,20.400000,26542047
2022-03-04,20.560000,20.700000,20.220000,20.230000,33781003
2022-03-07,20.820000,21.660000,20.710000,21.130000,95928289
2022-03-08,20.990000,21.290000,20.510000,21.120000,53139474
2022-03-09,21.300000,22.380000,21.130000,21.820000,112914473
2022-03-10,20.730000,21.490000,20.170000,21.460000,72572431
2022-03-11,21.250000,21.600000,20.610000,20.950000,55989358
2022-03-14,20.580000,21.040000,20.280000,20.310000,40608166
2022-03-15,19.800000,20.020000,18.540000,18.980000,68555859
2022-03-16,18.910000,19.050000,18.080000,18.850000,42534586
2022-03-17,18.910000,19.150000,18.510000,19.060000,49704186
2022-03-18,19.150000,19.190000,18.770000,18.960000,29255420
2022-03-21,18.770000,19.340000,18.710000,19.070000,26817891
2022-03-22,18.970000,19.630000,18.950000,19.500000,34184178
2022-03-23,19.300000,19.580000,19.180000,19.510000,19892964
2022-03-24,19.690000,21.250000,19.660000,21.020000,84657415
2022-03-25,21.180000,22.000000,21.090000,21.550000,76793929
2022-03-28,21.520000,22.200000,21.290000,21.780000,61412947
2022-03-29,21.250000,22.130000,21.180000,21.800000,52037506
2022-03-30,21.610000,21.790000,21.380000,21.560000,32257523
2022-03-31,21.570000,21.780000,21.340000,21.500000,28780788
2022-04-01,21.550000,21.690000,21.180000,21.580000,22861220
2022-04-06,21.460000,22.140000,21.390000,21.770000,33545990
2022-04-07,21.590000,22.060000,21.500000,21.910000,24722783
2022-04-08,22.100000,23.350000,22.100000,23.150000,79432923
2022-04-11,23.340000,23.700000,22.800000,23.050000,53025282
2022-04-12,22.820000,23.330000,22.650000,23.330000,38211001
2022-04-13,23.430000,23.820000,22.990000,23.060000,38962677
2022-04-14,23.050000,23.350000,22.660000,22.700000,34829500
2022-04-15,22.610000,22.810000,21.410000,21.700000,44785838
2022-04-18,22.000000,22.140000,21.700000,22.030000,27193932
2022-04-19,21.770000,22.140000,21.450000,21.990000,22900428
2022-04-20,21.500000,21.690000,20.730000,20.820000,39070206
2022-04-21,21.000000,21.000000,19.950000,20.020000,32986306
2022-04-22,20.000000,20.350000,19.680000,20.210000,29830962
2022-04-25,19.690000,19.860000,18.580000,18.660000,46773744
2022-04-26,18.660000,18.780000,18.050000,18.130000,41168273
2022-04-27,17.950000,18.650000,17.910000,18.620000,33696040
2022-04-28,18.300000,18.480000,18.000000,18.290000,26174241
2022-04-29,18.480000,19.200000,18.470000,19.160000,34743091
2022-05-05,18.990000,19.240000,18.810000,19.020000,25749048
2022-05-06,18.500000,18.570000,18.300000,18.430000,21362594
2022-05-09,18.450000,18.570000,18.210000,18.330000,18820705
2022-05-10,18.080000,18.270000,17.750000,18.260000,26780175
2022-05-11,17.970000,18.430000,17.900000,18.210000,30883458
2022-05-12,18.220000,18.220000,17.780000,17.940000,30439437
2022-05-13,17.760000,18.080000,17.750000,18.050000,19788339
2022-05-16,18.040000,18.120000,17.860000,17.910000,21001115
2022-05-17,18.000000,18.090000,17.900000,18.030000,20281708
2022-05-18,17.890000,17.950000,17.750000,17.800000,24007368
2022-05-19,17.720000,17.780000,17.390000,17.780000,24691344
2022-05-20,17.940000,18.150000,17.930000,18.120000,27521577
2022-05-23,18.200000,18.580000,18.050000,18.500000,34076339
2022-05-24,18.350000,18.460000,17.900000,17.920000,25869886
2022-05-25,18.040000,18.780000,18.020000,18.480000,43274304
2022-05-26,18.350000,18.550000,18.160000,18.490000,20981352
2022-05-27,18.520000,18.750000,18.370000,18.510000,24627269
2022-05-30,18.370000,18.600000,18.280000,18.490000,18518563
2022-05-31,18.350000,18.400000,18.140000,18.390000,24778305
2022-06-01,18.220000,18.280000,17.940000,18.160000,26003956
2022-06-02,18.180000,18.320000,18.080000,18.240000,19064918
2022-06-06,18.010000,18.300000,17.960000,18.280000,34376852
2022-06-07,18.160000,18.290000,18.050000,18.160000,24167163
2022-06-08,18.210000,18.340000,18.010000,18.340000,28849079
2022-06-09,18.320000,18.820000,18.150000,18.650000,49526392
2022-06-10,18.400000,18.600000,18.120000,18.400000,45736992
2022-06-13,18.790000,19.190000,18.660000,18.890000,62546245
2022-06-14,18.330000,18.520000,18.150000,18.520000,41900688
2022-06-15,18.310000,18.880000,18.300000,18.720000,43081351
2022-06-16,18.770000,19.100000,18.580000,18.730000,39092456
2022-06-17,18.930000,19.450000,18.880000,19.210000,60103417
2022-06-20,19.030000,19.140000,18.600000,19.080000,40732095
2022-06-21,18.890000,19.030000,18.630000,18.770000,23551725
2022-06-22,18.690000,18.750000,18.380000,18.440000,22566090
2022-06-23,18.430000,18.750000,18.400000,18.620000,18695311
2022-06-24,18.450000,18.650000,18.370000,18.630000,19006020
2022-06-27,18.810000,18.890000,18.710000,18.830000,29697268
2022-06-28,18.810000,18.850000,18.620000,18.830000,22088761
2022-06-29,18.800000,18.800000,18.520000,18.560000,23692452
2022-06-30,18.570000,18.650000,18.520000,18.560000,18219669
2022-07-01,18.500000,18.500000,18.230000,18.280000,25894702
2022-07-04,18.300000,18.440000,18.300000,18.440000,22552264
2022-07-05,18.350000,18.540000,18.200000,18.310000,19630768
2022-07-06,18.060000,18.140000,17.900000,18.000000,30839183
2022-07-07,17.950000,18.040000,17.880000,17.910000,20670317
2022-07-08,17.930000,18.130000,17.860000,18.010000,15520532
2022-07-11,18.000000,18.000000,17.680000,17.710000,22151307
2022-07-12,17.690000,17.700000,17.570000,17.680000,14298320
2022-07-13,17.620000,17.710000,17.560000,17.700000,18187654
2022-07-14,17.710000,17.790000,17.600000,17.730000,13560693
2022-07-15,17.590000,17.680000,17.410000,17.440000,19452486
2022-07-18,17.470000,17.770000,17.460000,17.750000,17120295
2022-07-19,17.640000,17.780000,17.610000,17.700000,13287514
2022-07-20,17.750000,17.850000,17.720000,17.780000,13323757
2022-07-21,17.650000,17.860000,17.620000,17.680000,15274039
2022-07-22,17.850000,17.940000,17.610000,17.740000,14402515
2022-07-25,17.750000,18.190000,17.690000,18.050000,29555132
2022-07-26,17.990000,18.070000,17.870000,18.010000,16153029
2022-07-27,18.030000,18.070000,17.910000,18.040000,13800782
2022-07-28,18.130000,18.510000,18.110000,18.120000,26161549
2022-07-29,18.370000,18.410000,18.160000,18.290000,24864070
2022-08-01,18.300000,18.530000,18.160000,18.180000,20906552
2022-08-02,18.440000,18.750000,18.240000,18.420000,51087213
2022-08-03,17.830000,18.350000,17.730000,18.150000,33568236
2022-08-04,18.040000,18.150000,17.900000,18.020000,18457650
2022-08-05,18.220000,18.580000,18.220000,18.540000,46842143
2022-08-08,18.360000,18.360000,18.120000,18.350000,21651417
2022-08-09,18.360000,18.480000,18.130000,18.220000,19450479
2022-08-10,18.200000,19.060000,18.200000,18.880000,74959122
2022-08-11,18.640000,18.840000,18.540000,18.630000,38000001
2022-08-12,18.510000,19.100000,18.460000,18.860000,36470395
2022-08-15,18.930000,18.990000,18.690000,18.720000,20710773
2022-08-16,18.540000,18.680000,18.410000,18.440000,24200596
2022-08-17,18.450000,18.490000,18.160000,18.380000,21230016
2022-08-18,18.300000,18.320000,18.040000,18.060000,26108497
2022-08-19,18.030000,18.050000,17.910000,17.920000,20456437
2022-08-22,17.840000,18.000000,17.810000,17.950000,18631092
2022-08-23,17.950000,17.970000,17.850000,17.960000,12607333
2022-08-24,17.990000,18.050000,17.700000,17.720000,20124163
2022-08-25,17.730000,18.040000,17.730000,18.030000,20594709
2022-08-26,17.950000,18.100000,17.900000,18.090000,17497847
2022-08-29,17.790000,17.900000,17.690000,17.900000,17953320
2022-08-30,17.930000,18.030000,17.790000,17.920000,12574123
2022-08-31,17.800000,17.940000,17.750000,17.900000,12794329
2022-09-01,17.820000,17.910000,17.780000,17.820000,10309480
2022-09-02,17.760000,17.820000,17.510000,17.690000,23021489
2022-09-05,17.650000,17.770000,17.620000,17.750000,11900482
2022-09-06,17.800000,18.050000,17.760000,18.010000,22356399
2022-09-07,17.850000,18.050000,17.800000,18.040000,18375087
2022-09-08,18.120000,18.580000,18.010000,18.370000,42302563
2022-09-09,18.340000,18.600000,18.300000,18.460000,28375472
2022-09-13,18.550000,18.750000,18.480000,18.550000,29103460
2022-09-14,18.220000,18.410000,18.200000,18.220000,19016704
2022-09-15,18.300000,18.330000,17.930000,18.030000,21744656
2022-09-16,17.920000,18.000000,17.360000,17.370000,34527487
2022-09-19,17.380000,17.470000,17.010000,17.090000,24852837
2022-09-20,17.190000,17.520000,17.160000,17.460000,14844840
2022-09-21,17.300000,17.720000,17.170000,17.620000,14975281
2022-09-22,17.440000,18.210000,17.370000,17.850000,25155468
2022-09-23,17.790000,17.980000,17.660000,17.790000,14307416
2022-09-26,17.450000,17.510000,17.000000,17.020000,24840922
2022-09-27,17.000000,17.090000,16.580000,17.030000,22489450
2022-09-28,16.900000,16.960000,16.590000,16.600000,18179001
2022-09-29,16.900000,17.050000,16.720000,16.820000,17060431
2022-09-30,16.900000,17.170000,16.800000,17.130000,15589100
2022-10-10,17.310000,17.410000,17.000000,17.090000,18306516
2022-10-11,16.910000,17.030000,16.710000,16.970000,11192367
2022-10-12,16.850000,17.060000,16.680000,17.060000,13416403
2022-10-13,17.030000,17.080000,16.810000,17.030000,9087760
2022-10-14,16.960000,17.250000,16.930000,17.250000,12873087
2022-10-17,17.060000,17.290000,17.050000,17.260000,14205838
2022-10-18,17.270000,17.320000,17.110000,17.200000,13417756
2022-10-19,17.180000,17.230000,16.860000,16.910000,13035290
2022-10-20,16.760000,17.030000,16.680000,16.930000,11910756
2022-10-21,16.900000,17.000000,16.820000,16.880000,7742832
2022-10-24,17.140000,17.620000,17.050000,17.200000,34246849
2022-10-25,17.130000,17.180000,16.860000,16.950000,14739340
2022-10-26,16.980000,17.300000,16.960000,17.280000,18774813
2022-10-27,17.280000,17.660000,17.250000,17.550000,24685179
2022-10-28,17.500000,17.860000,17.330000,17.430000,26815787
2022-10-31,17.000000,17.420000,16.860000,17.300000,17859172
2022-11-01,17.260000,17.570000,17.190000,17.540000,15183116
2022-11-02,17.560000,17.780000,17.400000,17.660000,16492390
2022-11-03,17.390000,17.660000,17.380000,17.540000,9647390
2022-11-04,17.450000,17.720000,17.380000,17.670000,17465993
2022-11-07,18.000000,18.160000,17.830000,17.890000,27700041
2022-11-08,17.870000,18.220000,17.810000,18.020000,22648642
2022-11-09,18.630000,18.900000,18.600000,18.680000,65259346
2022-11-10,18.510000,18.770000,18.390000,18.580000,22287185
2022-11-11,19.510000,20.420000,19.510000,20.080000,101113729
2022-11-14,20.010000,20.180000,19.300000,19.500000,42579885
2022-11-15,19.400000,19.880000,19.340000,19.550000,24098089
2022-11-16,19.850000,20.500000,19.500000,20.050000,39975867
2022-11-17,19.930000,20.240000,19.740000,19.850000,23738211
2022-11-18,19.900000,19.900000,19.370000,19.640000,28081449
2022-11-21,19.500000,19.510000,19.210000,19.410000,15973429
2022-11-22,19.340000,19.800000,19.320000,19.610000,14926733
2022-11-23,19.600000,19.800000,19.360000,19.540000,11924775
2022-11-24,19.900000,20.230000,19.820000,20.050000,31498653
2022-11-25,20.050000,21.600000,20.020000,20.890000,51664131
2022-11-28,20.740000,21.110000,20.550000,20.860000,27526410
2022-11-29,20.580000,20.610000,20.030000,20.410000,35128673
2022-11-30,20.300000,20.720000,20.160000,20.450000,22631215
2022-12-01,21.030000,21.160000,20.680000,20.970000,26376572
2022-12-02,21.370000,21.550000,20.450000,20.800000,48747204
2022-12-05,20.670000,21.320000,20.640000,20.940000,34183982
2022-12-06,20.550000,20.800000,20.420000,20.710000,22493869
2022-12-07,20.670000,20.830000,20.270000,20.370000,24034802
2022-12-08,20.370000,20.690000,20.360000,20.510000,16398350
2022-12-09,20.540000,20.630000,20.260000,20.590000,15048939
2022-12-12,20.500000,20.570000,19.220000,19.290000,45180191
2022-12-13,19.420000,19.800000,19.350000,19.800000,20192488
2022-12-14,19.920000,20.150000,19.730000,19.880000,15818839
2022-12-15,19.700000,19.710000,18.950000,19.270000,29177972
2022-12-16,19.160000,19.300000,19.040000,19.270000,14053584
2022-12-19,19.310000,19.580000,19.000000,19.070000,13733681
2022-12-20,19.040000,19.150000,18.880000,18.980000,9050799
2022-12-21,19.500000,19.560000,18.930000,19.000000,16449575
2022-12-22,19.110000,19.220000,18.760000,18.840000,12007932
2022-12-23,18.600000,18.950000,18.470000,18.810000,9657608
2022-12-26,18.770000,18.800000,18.570000,18.650000,9952492
2022-12-27,18.740000,19.080000,18.660000,18.990000,15579592
2022-12-28,19.020000,19.280000,18.920000,19.060000,12323746
2022-12-29,19.000000,19.030000,18.700000,18.910000,8579599
2022-12-30,19.050000,19.280000,18.940000,19.160000,10956016
2023-01-03,19.190000,19.530000,19.050000,19.490000,21781856
2023-01-04,19.440000,19.780000,19.350000,19.580000,21168163
2023-01-05,19.850000,19.860000,19.330000,19.380000,23160157
2023-01-06,19.230000,19.390000,19.130000,19.200000,15058430
2023-01-09,19.610000,20.060000,19.400000,19.960000,33894864
2023-01-10,19.940000,20.080000,19.740000,19.900000,18993937
2023-01-11,19.950000,20.040000,19.680000,19.780000,15434169
2023-01-12,19.720000,19.930000,19.560000,19.580000,13490395
2023-01-13,19.810000,19.860000,19.490000,19.600000,17252080
2023-01-16,20.000000,20.090000,19.740000,19.820000,22837297
2023-01-17,19.740000,19.800000,19.360000,19.620000,16281439
2023-01-18,19.560000,19.690000,19.540000,19.650000,10593200
2023-01-19,19.610000,19.640000,19.200000,19.370000,27506925
2023-01-20,19.440000,20.080000,19.440000,20.000000,43857415
2023-01-30,20.080000,20.120000,19.700000,19.850000,31484285
2023-01-31,19.840000,20.120000,19.720000,19.790000,24387860
2023-02-01,19.980000,20.350000,19.850000,20.190000,32898446
2023-02-02,20.500000,20.720000,20.180000,20.410000,43926352
2023-02-03,20.000000,20.050000,19.780000,19.950000,28618454
2023-02-06,19.450000,19.480000,18.920000,19.110000,51329085
2023-02-07,19.090000,19.280000,19.010000,19.250000,22720726
2023-02-08,19.220000,19.250000,19.100000,19.110000,13989884
2023-02-09,19.110000,19.200000,18.940000,19.180000,14249486
2023-02-10,19.080000,19.150000,18.980000,19.040000,21246333
2023-02-13,18.970000,19.190000,18.960000,19.130000,19286271
2023-02-14,19.130000,19.280000,19.090000,19.260000,19453012
2023-02-15,19.200000,19.360000,19.130000,19.150000,18699406
2023-02-16,19.020000,19.180000,18.720000,18.890000,24972445
2023-02-17,18.880000,18.950000,18.680000,18.760000,19880283
2023-02-20,18.890000,18.980000,18.740000,18.980000,17909224
2023-02-21,18.910000,19.180000,18.910000,19.100000,16875839
2023-02-22,19.030000,19.250000,19.020000,19.220000,18204409
2023-02-23,19.100000,19.200000,19.020000,19.170000,12697357
2023-02-24,19.140000,19.160000,18.910000,18.950000,12328033
2023-02-27,18.860000,19.050000,18.750000,18.830000,13673110
2023-02-28,18.840000,19.000000,18.840000,18.980000,9773566
2023-03-01,19.090000,19.190000,19.010000,19.150000,16002027
2023-03-02,19.100000,19.310000,19.080000,19.200000,17063513
2023-03-03,19.280000,19.320000,19.150000,19.230000,13181961
2023-03-06,19.300000,19.700000,19.300000,19.570000,32299545
2023-03-07,19.590000,20.090000,19.500000,19.710000,38251484
2023-03-08,19.410000,19.420000,18.870000,19.110000,31572882
2023-03-09,19.140000,19.250000,19.020000,19.130000,12479612
2023-03-10,19.310000,19.540000,19.160000,19.450000,26750985
2023-03-13,20.180000,20.300000,19.780000,20.050000,53175331
2023-03-14,20.550000,21.310000,20.550000,20.800000,88272034
2023-03-15,20.600000,20.800000,20.300000,20.590000,40856808
2023-03-16,20.800000,21.030000,20.590000,20.810000,46576974
2023-03-17,20.520000,20.970000,20.360000,20.860000,32477323
2023-03-20,21.490000,21.970000,21.220000,21.800000,92795867
2023-03-21,21.350000,21.680000,21.300000,21.530000,45047599
2023-03-22,21.080000,21.450000,20.970000,21.300000,34384139
2023-03-23,21.430000,22.150000,21.230000,21.970000,54710138
2023-03-24,22.230000,22.260000,21.730000,21.810000,32336985
2023-03-27,21.810000,21.890000,21.320000,21.790000,35520564
2023-03-28,21.580000,21.860000,21.460000,21.470000,21948050
2023-03-29,21.640000,21.670000,21.360000,21.440000,20377198
2023-03-30,21.300000,21.590000,21.100000,21.340000,22299755
2023-03-31,21.520000,22.280000,21.500000,22.040000,41687845
2023-04-03,21.720000,22.000000,21.540000,21.610000,23569517
2023-04-04,21.940000,22.910000,21.900000,22.760000,52001204
2023-04-06,23.330000,25.000000,23.320000,24.850000,84367081
2023-04-07,24.500000,25.070000,24.500000,24.970000,44035834
2023-04-10,24.960000,25.100000,24.310000,24.520000,34598016
2023-04-11,24.410000,26.080000,24.340000,25.860000,64859037
2023-04-12,25.840000,26.650000,25.700000,26.180000,50518450
2023-04-13,26.220000,27.070000,25.980000,26.390000,70916929
2023-04-14,27.060000,27.600000,26.890000,27.290000,59976456
2023-04-17,26.120000,27.020000,25.900000,26.820000,50995178
2023-04-18,26.660000,27.360000,26.500000,26.900000,34059451
2023-04-19,26.900000,27.450000,26.400000,26.480000,41945056
2023-04-20,26.420000,26.530000,25.450000,26.000000,67344206
2023-04-21,26.000000,26.180000,25.540000,25.650000,33964823
2023-04-24,25.500000,25.780000,24.780000,24.990000,36091396
2023-04-25,25.450000,26.110000,25.220000,25.450000,39174209
2023-04-26,25.500000,25.700000,24.920000,25.250000,25714884
2023-04-27,24.900000,26.410000,24.870000,25.960000,45653721
2023-04-28,25.510000,25.800000,25.070000,25.700000,30280256
2023-05-04,27.200000,27.390000,26.530000,26.650000,45344521
2023-05-05,26.850000,27.150000,26.050000,26.380000,32185356
2023-05-08,25.900000,26.550000,25.700000,26.500000,26125857
2023-05-09,26.470000,26.470000,25.570000,25.670000,23554054
2023-05-10,25.860000,26.250000,24.960000,25.370000,29778281
2023-05-11,25.370000,25.780000,24.680000,24.890000,34209179
2023-05-12,24.570000,24.570000,23.910000,23.990000,42705587
2023-05-15,24.070000,24.320000,23.670000,24.130000,24767907
2023-05-16,24.100000,24.530000,23.910000,24.090000,20658724
2023-05-17,23.650000,24.100000,23.530000,23.970000,15039829
2023-05-18,23.960000,25.380000,23.960000,24.840000,32929241
2023-05-19,25.000000,25.110000,23.550000,24.580000,46548473
2023-05-22,24.590000,24.950000,24.480000,24.760000,23043650
2023-05-23,24.500000,24.630000,24.080000,24.110000,17689510
2023-05-24,24.110000,24.850000,24.110000,24.510000,20876370
2023-05-25,24.160000,24.360000,23.850000,24.090000,15619232
2023-05-26,23.780000,25.340000,23.710000,24.860000,28157102
2023-05-29,24.720000,25.030000,24.540000,24.940000,16205595
2023-05-30,24.950000,25.300000,24.560000,24.750000,18821756
2023-05-31,25.030000,25.600000,24.880000,25.250000,27021327
2023-06-01,25.400000,26.470000,25.380000,25.530000,33754636
2023-06-02,25.790000,26.780000,25.790000,26.140000,36695078
2023-06-05,25.520000,25.620000,25.010000,25.060000,28760528
2023-06-06,25.430000,26.080000,24.870000,25.000000,27969827
2023-06-07,25.060000,25.320000,24.730000,24.830000,15534813
2023-06-08,24.510000,24.800000,24.250000,24.690000,18872274
2023-06-09,25.090000,25.540000,24.740000,25.400000,23680973
2023-06-12,25.260000,25.260000,24.640000,24.940000,18037512
2023-06-13,24.830000,25.060000,24.610000,25.010000,13898758
2023-06-14,24.650000,25.100000,24.410000,25.000000,29637156
2023-06-15,24.490000,24.490000,23.010000,23.550000,75775264
2023-06-16,23.600000,24.100000,23.480000,23.920000,39789709
2023-06-19,23.860000,23.960000,23.300000,23.890000,23169056
2023-06-20,23.610000,24.040000,23.340000,23.770000,18324303
2023-06-21,23.500000,23.880000,23.310000,23.350000,15865006
2023-06-26,23.350000,23.990000,23.210000,23.440000,22691191
2023-06-27,23.180000,23.830000,23.180000,23.770000,15880787
2023-06-28,23.620000,23.800000,23.420000,23.620000,13892473
2023-06-29,23.560000,24.050000,23.170000,23.880000,17526215
2023-06-30,23.880000,23.890000,23.340000,23.480000,16801920
2023-07-03,23.580000,24.220000,23.530000,24.020000,22217754
2023-07-04,24.080000,24.170000,23.550000,23.790000,13511607
2023-07-05,23.800000,24.060000,23.670000,23.940000,14138043
2023-07-06,23.900000,23.900000,23.580000,23.650000,13313433
2023-07-07,23.570000,23.670000,23.080000,23.470000,16283275
2023-07-10,23.760000,24.100000,23.700000,23.980000,20762309
2023-07-11,24.120000,25.040000,23.910000,24.940000,31222948
2023-07-12,24.940000,25.680000,24.940000,25.200000,30035231
2023-07-13,25.960000,26.190000,25.500000,25.600000,35867896
2023-07-14,25.610000,25.990000,25.170000,25.300000,32726485
2023-07-17,25.090000,25.620000,24.830000,25.510000,17767270
2023-07-18,25.450000,25.990000,25.300000,25.570000,16388047
2023-07-19,25.970000,26.150000,25.580000,25.900000,28457738
2023-07-20,25.880000,26.090000,25.550000,25.610000,22636369
2023-07-21,25.440000,25.600000,25.200000,25.350000,10425943
2023-07-24,25.050000,25.700000,25.050000,25.570000,13003380
2023-07-25,25.570000,25.640000,25.060000,25.210000,19531390
2023-07-26,25.270000,25.990000,25.200000,25.880000,20226498
2023-07-27,25.750000,25.910000,25.490000,25.710000,15430563
2023-07-28,25.300000,25.450000,24.850000,24.880000,35871129
2023-07-31,24.950000,25.050000,24.300000,24.390000,42965657
2023-08-01,24.510000,24.850000,24.450000,24.720000,20593809
2023-08-02,24.390000,24.470000,24.200000,24.390000,18831790
2023-08-03,24.150000,24.380000,24.150000,24.300000,11239697
2023-08-04,24.250000,24.600000,24.110000,24.410000,18693885
2023-08-07,24.380000,24.710000,24.270000,24.580000,16534219
2023-08-08,24.450000,25.550000,24.330000,25.310000,32526424
2023-08-09,25.150000,25.680000,24.880000,24.980000,18707144
2023-08-10,24.900000,25.170000,24.610000,25.090000,10395453
2023-08-11,25.250000,25.300000,24.360000,24.400000,17837595
2023-08-14,24.350000,25.290000,24.250000,24.510000,23800139
2023-08-15,24.460000,24.550000,24.010000,24.220000,17612736
2023-08-16,24.120000,24.280000,23.490000,24.130000,19813597
2023-08-17,23.870000,24.330000,23.760000,24.290000,13565319
2023-08-18,24.160000,24.380000,23.830000,23.830000,10630312
2023-08-21,23.880000,24.030000,23.690000,23.700000,8997025
2023-08-22,23.910000,24.400000,23.800000,24.380000,16721694
2023-08-23,24.400000,24.650000,24.280000,24.440000,14174064
2023-08-24,24.880000,26.080000,24.650000,25.970000,55243763
2023-08-25,25.820000,26.000000,25.450000,25.750000,26125874
2023-08-28,26.430000,26.610000,25.120000,25.690000,30673513
2023-08-29,25.700000,25.950000,25.580000,25.880000,23443010
2023-08-30,26.300000,26.490000,26.060000,26.340000,26278185
2023-08-31,26.370000,27.150000,26.190000,26.230000,34527562
2023-09-01,26.000000,26.350000,25.870000,26.250000,13789939
2023-09-04,26.190000,26.480000,25.820000,25.940000,21027299
2023-09-05,25.840000,26.050000,25.650000,25.820000,10756397
2023-09-06,25.450000,25.770000,25.450000,25.540000,12486903
2023-09-07,25.540000,25.790000,25.310000,25.550000,13094700
2023-09-08,25.790000,26.200000,25.780000,26.000000,18905802
2023-09-11,25.900000,26.500000,25.740000,26.240000,22770317
2023-09-12,26.090000,26.450000,25.980000,26.030000,11057819
2023-09-13,26.000000,26.150000,25.720000,26.080000,11762861
2023-09-14,26.080000,26.630000,26.000000,26.390000,34881460
2023-09-15,26.540000,26.770000,25.970000,26.160000,26042333
2023-09-18,26.200000,26.290000,25.830000,26.080000,13311586
2023-09-19,26.200000,26.650000,26.050000,26.280000,13743669
2023-09-20,26.310000,26.390000,25.950000,26.070000,9089328
2023-09-21,25.870000,26.030000,25.600000,25.780000,14173577
2023-09-22,25.780000,25.780000,25.150000,25.510000,20877581
2023-09-25,25.510000,25.960000,25.390000,25.770000,19313336
2023-09-26,25.650000,25.730000,25.340000,25.560000,14300045
2023-09-27,25.410000,25.600000,25.200000,25.380000,13783376
2023-09-28,24.970000,25.260000,24.660000,25.110000,14034963
2023-10-09,25.000000,25.590000,24.090000,25.420000,25755194
2023-10-10,25.440000,25.940000,25.300000,25.710000,19412753
2023-10-11,25.710000,25.750000,24.840000,24.970000,19425281
2023-10-12,25.020000,25.480000,25.020000,25.310000,14934022
2023-10-13,25.150000,25.610000,24.860000,25.310000,13392215
2023-10-16,25.950000,26.010000,25.320000,25.440000,29996751
2023-10-17,25.200000,25.600000,24.960000,25.510000,22580436
2023-10-18,25.570000,25.750000,25.090000,25.180000,20122012
2023-10-19,25.230000,25.370000,24.820000,24.990000,15263886
2023-10-20,25.230000,25.440000,24.780000,25.060000,20321846
2023-10-23,24.660000,25.150000,24.560000,24.780000,14996622
2023-10-24,24.700000,24.940000,24.550000,24.850000,13496002
2023-10-25,24.800000,25.090000,24.720000,24.890000,14033732
2023-10-26,24.890000,25.150000,24.810000,25.000000,14159134
2023-10-27,24.960000,25.250000,24.000000,24.700000,27915927
2023-10-30,24.840000,24.930000,23.980000,24.020000,41878717
2023-10-31,24.050000,24.060000,23.700000,23.890000,21592631
2023-11-01,23.710000,23.820000,23.600000,23.780000,15903295
2023-11-02,23.790000,23.870000,23.600000,23.620000,10632409
2023-11-03,23.620000,23.650000,23.320000,23.470000,16786887
2023-11-06,23.530000,23.620000,22.920000,23.220000,32002389
2023-11-07,23.060000,23.150000,22.750000,23.140000,22002876
2023-11-08,23.120000,23.170000,22.800000,23.040000,15143872
2023-11-09,22.800000,22.950000,22.760000,22.830000,16262971
2023-11-10,22.800000,22.800000,22.380000,22.680000,21965269
2023-11-13,22.600000,22.870000,22.340000,22.860000,16538844
2023-11-14,22.780000,22.850000,22.590000,22.700000,15066047
2023-11-15,22.860000,22.900000,22.610000,22.720000,20373333
2023-11-16,22.600000,22.620000,22.150000,22.530000,28186784
2023-11-17,22.580000,22.840000,22.330000,22.760000,25571564
2023-11-20,22.600000,22.820000,22.500000,22.600000,16038177
2023-11-21,22.590000,22.780000,22.570000,22.740000,19333561
2023-11-22,22.800000,22.980000,22.630000,22.740000,19362357
2023-11-23,22.630000,22.640000,22.310000,22.490000,19745184
2023-11-24,22.450000,22.560000,22.350000,22.420000,9730810
2023-11-27,22.530000,22.850000,22.330000,22.680000,22575117
2023-11-28,22.680000,22.720000,22.320000,22.450000,12928040
2023-11-29,22.820000,23.250000,22.620000,23.130000,53386277
2023-11-30,23.020000,23.250000,22.940000,23.200000,21123464
2023-12-01,23.100000,23.210000,22.950000,23.160000,14359418
2023-12-04,23.800000,24.550000,23.800000,24.210000,51623223
2023-12-05,23.700000,23.760000,23.380000,23.400000,22670493
2023-12-06,23.200000,23.300000,23.020000,23.280000,14526057
2023-12-07,23.200000,23.200000,22.850000,23.040000,12829909
2023-12-08,22.940000,23.000000,22.770000,22.780000,13489367
2023-12-11,22.430000,22.460000,21.720000,22.130000,29180272
2023-12-12,21.910000,22.430000,21.830000,22.380000,15427845
2023-12-13,22.200000,22.430000,21.890000,21.920000,14577487
2023-12-14,22.820000,22.860000,22.260000,22.440000,22489871
2023-12-15,22.500000,22.750000,21.950000,22.000000,16486050
2023-12-18,21.800000,21.960000,21.700000,21.730000,12472469
2023-12-19,21.780000,21.880000,21.610000,21.850000,12911016
2023-12-20,21.870000,22.400000,21.870000,22.100000,17820879
2023-12-21,21.990000,22.170000,21.680000,22.100000,14372240
2023-12-22,22.200000,22.430000,21.950000,22.100000,16249197
2023-12-25,22.060000,22.580000,22.000000,22.450000,16072659
2023-12-26,22.480000,23.060000,22.380000,22.990000,23202446
2023-12-27,22.970000,23.170000,22.820000,23.120000,16581044
2023-12-28,23.280000,23.350000,22.830000,23.200000,24205532
2023-12-29,22.990000,23.290000,22.820000,22.870000,18361517
2024-01-02,22.880000,23.150000,22.770000,22.990000,14536495
2024-01-03,22.810000,23.130000,22.730000,22.850000,10940752
2024-01-04,22.650000,22.940000,22.410000,22.900000,13919058
2024-01-05,22.830000,23.200000,22.750000,22.850000,13974079
2024-01-08,22.790000,22.850000,22.250000,22.330000,12655996
2024-01-09,22.250000,22.520000,22.100000,22.390000,10360104
2024-01-10,22.360000,22.660000,22.240000,22.570000,11527272
2024-01-11,22.450000,22.450000,22.050000,22.090000,16137853
2024-01-12,21.970000,22.450000,21.870000,22.290000,14742725
2024-01-15,22.270000,22.450000,22.120000,22.240000,8485785
2024-01-16,22.130000,22.200000,21.650000,22.000000,10783468
2024-01-17,21.880000,21.920000,21.080000,21.100000,20653265
2024-01-18,20.640000,20.780000,19.800000,20.680000,33159471
2024-01-19,20.510000,20.990000,20.420000,20.910000,15636155
2024-01-22,20.890000,20.890000,19.920000,20.020000,17467248
2024-01-23,19.970000,20.190000,19.630000,20.130000,13203861
2024-01-24,20.080000,20.330000,19.720000,20.290000,13942522
2024-01-25,20.180000,20.600000,20.080000,20.590000,17555125
2024-01-26,20.540000,20.730000,20.400000,20.640000,12097188
2024-01-29,20.700000,21.150000,20.690000,20.750000,16800905
2024-01-30,20.650000,20.890000,20.390000,20.560000,16447421
2024-01-31,20.690000,20.850000,20.480000,20.570000,16881718
2024-02-01,20.350000,20.750000,20.250000,20.480000,12316065
2024-02-02,20.620000,21.260000,20.300000,20.880000,28168806
2024-02-05,20.600000,21.000000,20.300000,20.940000,20149574
2024-02-06,20.900000,21.280000,20.600000,21.270000,23902885
2024-02-07,21.270000,21.470000,20.880000,21.460000,24746922
2024-02-08,21.480000,21.820000,21.100000,21.800000,24320423
2024-02-19,21.510000,21.510000,21.010000,21.240000,32859616
2024-02-20,21.050000,21.410000,21.030000,21.380000,25721885
2024-02-21,21.270000,22.080000,21.190000,21.720000,25524965
2024-02-22,21.620000,22.000000,21.580000,21.920000,14960515
2024-02-23,21.810000,22.260000,21.800000,22.030000,15608601
2024-02-26,22.060000,22.180000,21.710000,21.810000,16687252
2024-02-27,21.700000,22.000000,21.650000,21.990000,11986934
2024-02-28,21.990000,22.200000,21.600000,21.600000,21611473
2024-02-29,21.560000,21.780000,21.450000,21.690000,20494057
2024-03-01,21.690000,22.740000,21.670000,22.650000,37491591
2024-03-04,23.330000,23.650000,23.100000,23.150000,34203186
2024-03-05,23.750000,24.660000,23.750000,24.220000,44095726
2024-03-06,24.600000,24.750000,24.220000,24.640000,38645473
2024-03-07,24.980000,25.870000,24.830000,25.390000,44962296
2024-03-08,25.390000,25.400000,24.950000,25.350000,24555749
2024-03-11,25.700000,25.800000,25.150000,25.440000,25179676
2024-03-12,25.500000,25.540000,24.500000,24.640000,33630780
2024-03-13,24.150000,24.600000,24.040000,24.470000,24044341
2024-03-14,24.690000,25.130000,24.530000,24.640000,23361581
2024-03-15,24.590000,25.250000,24.200000,25.060000,28369817
2024-03-18,24.930000,25.200000,24.680000,24.980000,22316341
2024-03-19,25.040000,25.580000,24.980000,25.140000,17546703
2024-03-20,25.040000,25.380000,24.930000,25.180000,13053097
2024-03-21,26.300000,26.480000,25.730000,25.930000,27745938
2024-03-22,25.610000,25.840000,25.050000,25.410000,23432918
2024-03-25,25.450000,25.860000,25.430000,25.560000,17918265
2024-03-26,25.600000,25.690000,25.320000,25.500000,16125769
2024-03-27,25.680000,25.910000,25.500000,25.610000,20391400
2024-03-28,25.630000,26.360000,25.470000,26.160000,24146983
2024-03-29,27.000000,28.300000,27.000000,28.230000,61211426
2024-04-01,28.800000,29.800000,28.700000,29.490000,52013632
2024-04-02,29.060000,29.500000,28.770000,29.070000,37901859
2024-04-03,29.800000,30.100000,29.290000,29.740000,51570508
2024-04-08,30.180000,32.380000,30.100000,31.780000,74397021
2024-04-09,31.160000,31.520000,30.630000,31.360000,43822935
2024-04-10,31.450000,31.960000,31.130000,31.610000,41922186
2024-04-11,30.800000,32.170000,30.750000,31.270000,41277100
2024-04-12,32.660000,33.250000,31.700000,33.110000,66366382
2024-04-15,31.210000,32.010000,31.010000,31.940000,59770784
2024-04-16,32.000000,32.310000,30.600000,30.610000,55217678
2024-04-17,30.650000,31.350000,30.580000,31.030000,37987552
2024-04-18,30.750000,31.280000,30.200000,31.100000,40751793
2024-04-19,31.300000,32.100000,31.140000,31.430000,40157268
2024-04-22,31.000000,31.430000,30.200000,30.390000,43994351
2024-04-23,29.570000,29.690000,28.830000,29.000000,66616574
2024-04-24,29.200000,29.430000,28.910000,29.310000,27893965
2024-04-25,29.140000,29.500000,28.730000,29.300000,23890869
2024-04-26,29.350000,30.240000,29.350000,29.990000,36482433
2024-04-29,29.390000,29.440000,28.700000,29.240000,43367324
2024-04-30,29.240000,29.380000,28.760000,28.870000,25887216
2024-05-06,28.290000,29.270000,28.010000,29.270000,40244720
2024-05-07,29.330000,29.760000,29.140000,29.450000,25834137
2024-05-08,29.320000,30.130000,29.000000,29.890000,26501297
2024-05-09,29.660000,30.470000,29.630000,30.130000,27409526
2024-05-10,30.870000,30.990000,30.080000,30.660000,36878643
2024-05-13,30.250000,30.610000,29.810000,30.310000,21377039
2024-05-14,30.190000,30.660000,29.980000,30.450000,21604183
2024-05-15,30.490000,31.650000,30.400000,31.180000,26926399
2024-05-16,31.880000,32.000000,30.350000,30.440000,30429204
2024-05-17,30.230000,30.470000,29.800000,30.310000,18032891
2024-05-20,31.280000,32.220000,30.560000,31.800000,48766113
2024-05-21,31.460000,31.650000,30.030000,30.100000,35385098
2024-05-22,30.100000,30.400000,29.600000,29.860000,21179596
2024-05-23,28.710000,29.380000,28.340000,29.070000,29175191
2024-05-24,28.700000,29.220000,28.620000,28.880000,24094604
2024-05-27,28.890000,29.930000,28.890000,29.350000,22823415
2024-05-28,29.530000,29.700000,29.050000,29.080000,16481163
2024-05-29,29.190000,29.610000,28.820000,29.310000,21317273
2024-05-30,29.100000,29.180000,28.390000,28.590000,23116806
2024-05-31,28.610000,29.010000,28.500000,28.810000,21030502
2024-06-03,28.500000,28.610000,27.680000,28.000000,37657820
2024-06-04,28.350000,28.660000,27.970000,28.380000,20405837
2024-06-05,28.000000,28.380000,27.730000,28.120000,22448436
2024-06-06,28.550000,29.300000,28.530000,29.110000,32077787
2024-06-07,29.270000,29.390000,28.370000,28.850000,27875006
2024-06-11,27.510000,27.920000,27.350000,27.690000,39167306
2024-06-12,27.600000,28.250000,27.550000,28.120000,19190888
2024-06-13,28.130000,28.170000,27.210000,27.780000,23107414
2024-06-14,27.700000,27.880000,27.410000,27.580000,13945279
2024-06-17,27.580000,28.010000,27.340000,27.500000,15258011
2024-06-18,27.500000,27.990000,27.390000,27.770000,13352061
2024-06-19,27.960000,28.580000,27.790000,28.180000,21133542
2024-06-20,28.250000,28.510000,27.630000,27.990000,17210828
2024-06-21,28.360000,28.470000,27.880000,27.970000,23565421
2024-06-24,27.350000,27.940000,27.300000,27.750000,14667856
2024-06-25,27.750000,27.780000,27.340000,27.600000,13268311
2024-06-26,27.400000,27.540000,26.930000,27.360000,16842241
2024-06-27,27.100000,27.170000,26.750000,26.880000,14508623
2024-06-28,27.080000,27.600000,26.910000,27.380000,18240310
2024-07-01,27.310000,27.580000,26.920000,27.460000,19120642
2024-07-02,27.510000,27.820000,27.250000,27.470000,16125370
2024-07-03,27.510000,27.550000,27.020000,27.180000,15432287
2024-07-04,27.500000,28.660000,27.500000,27.860000,35274920
2024-07-05,27.670000,29.250000,27.490000,29.210000,40913073
2024-07-08,29.600000,29.960000,29.380000,29.420000,29674130
2024-07-09,29.200000,29.650000,29.020000,29.480000,22933195
2024-07-10,29.350000,30.060000,29.340000,29.470000,24628260
2024-07-11,29.480000,29.880000,29.250000,29.720000,30907384
2024-07-12,30.000000,30.080000,27.960000,28.300000,66356936
2024-07-15,28.240000,29.510000,27.990000,29.360000,42204216
2024-07-16,29.400000,30.940000,29.370000,30.860000,37987952
2024-07-17,31.660000,31.770000,30.670000,31.020000,38763877
2024-07-18,31.000000,31.310000,30.350000,31.250000,22975866
2024-07-19,30.080000,30.590000,29.610000,30.500000,24893129
2024-07-22,30.060000,30.590000,29.760000,30.180000,20872028
2024-07-23,30.180000,30.390000,28.830000,28.910000,24396458
2024-07-24,29.020000,29.610000,29.000000,29.540000,20541930
2024-07-25,29.100000,29.100000,27.710000,27.980000,28571331
2024-07-26,27.980000,28.320000,27.860000,28.040000,15465737
2024-07-29,28.360000,28.630000,28.090000,28.380000,15247781
2024-07-30,28.380000,28.700000,27.900000,28.580000,15332491
2024-07-31,28.780000,29.450000,28.630000,29.420000,20646485
2024-08-01,29.690000,30.430000,29.270000,29.490000,21578590
2024-08-02,28.880000,30.480000,28.880000,30.300000,30803932
2024-08-05,29.200000,30.190000,28.980000,29.660000,37259350
2024-08-06,29.320000,29.580000,28.620000,29.020000,25229103
2024-08-07,28.600000,29.310000,28.570000,28.920000,14433372
2024-08-08,28.700000,28.980000,28.260000,28.530000,15808510
2024-08-09,28.950000,29.320000,28.830000,28.980000,16672813
2024-08-12,29.060000,29.090000,28.510000,28.880000,8803773
2024-08-13,29.300000,29.500000,28.710000,28.970000,17071346
2024-08-14,28.860000,29.150000,28.760000,28.900000,8738089
2024-08-15,28.620000,29.040000,28.450000,29.000000,11206720
2024-08-16,29.040000,29.240000,27.850000,28.370000,24586032
2024-08-19,28.730000,29.780000,28.620000,29.460000,28000246
2024-08-20,29.510000,29.800000,29.280000,29.520000,14392194
2024-08-21,29.600000,30.880000,29.200000,30.560000,29425087
2024-08-22,30.250000,30.680000,30.190000,30.380000,15350432
2024-08-23,30.050000,30.490000,29.780000,30.440000,13465470
2024-08-26,30.760000,30.940000,29.460000,29.800000,21068499
2024-08-27,29.810000,29.830000,28.540000,28.820000,21548615
2024-08-28,28.820000,29.090000,27.890000,28.030000,22499544
2024-08-29,28.030000,28.060000,27.400000,27.720000,23694033
2024-08-30,27.580000,27.600000,26.710000,27.000000,48296463
2024-09-02,26.790000,26.840000,25.880000,26.170000,39390336
2024-09-03,25.910000,26.080000,25.510000,25.690000,29723767
2024-09-04,25.500000,25.670000,25.140000,25.350000,18758807
2024-09-05,25.350000,25.800000,25.310000,25.540000,22527846
2024-09-06,25.600000,25.860000,25.450000,25.670000,17121516
2024-09-09,25.290000,25.290000,24.490000,24.700000,28336266
2024-09-10,24.700000,24.850000,24.350000,24.620000,16802986
2024-09-11,24.650000,25.210000,24.530000,25.050000,20299733
2024-09-12,24.990000,24.990000,24.530000,24.850000,14532268
2024-09-13,25.480000,25.980000,25.240000,25.570000,37365068
2024-09-18,25.860000,26.180000,25.250000,25.640000,18883492
2024-09-19,25.670000,25.770000,24.680000,25.730000,24483257
2024-09-20,25.740000,26.360000,25.490000,26.300000,29053968
2024-09-23,26.600000,27.000000,26.480000,26.680000,26388216
2024-09-24,26.680000,27.000000,26.350000,26.990000,33496662
2024-09-25,27.260000,27.980000,27.260000,27.690000,32365001
2024-09-26,27.570000,27.910000,27.350000,27.910000,25512430
2024-09-27,27.910000,28.180000,27.200000,27.860000,43160505
2024-09-30,27.870000,29.950000,27.400000,29.290000,100288120
2024-10-08,31.460000,31.660000,28.010000,28.940000,118823452
2024-10-09,28.180000,28.450000,26.830000,26.910000,65227374
2024-10-10,26.910000,27.600000,26.700000,27.160000,42652614
2024-10-11,27.660000,27.960000,27.250000,27.390000,40377735
2024-10-14,27.360000,28.070000,26.920000,27.950000,39169703
2024-10-15,27.400000,27.540000,26.760000,27.050000,41674134
2024-10-16,27.100000,28.150000,27.050000,28.050000,52927807
2024-10-17,28.100000,28.100000,27.500000,27.710000,32875699
2024-10-18,28.070000,28.630000,27.950000,28.300000,56352576
2024-10-21,28.680000,29.160000,28.450000,28.860000,48408879
2024-10-22,28.700000,29.030000,28.380000,28.660000,34992104
2024-10-23,29.070000,29.150000,28.510000,28.800000,30329828
2024-10-24,28.230000,28.240000,27.520000,27.780000,37308114
2024-10-25,27.540000,27.630000,27.280000,27.400000,24710173
2024-10-28,27.350000,27.470000,27.150000,27.330000,24559047
2024-10-29,27.350000,27.590000,27.020000,27.210000,38818643
2024-10-30,27.470000,27.600000,26.850000,27.090000,38774128
2024-10-31,26.900000,26.950000,26.330000,26.400000,43210624
2024-11-01,26.030000,26.620000,25.880000,26.180000,39607670
2024-11-04,26.210000,26.450000,25.890000,26.450000,22858244
2024-11-05,26.370000,26.630000,26.200000,26.630000,38589646
2024-11-06,26.520000,27.050000,26.320000,26.490000,47257139
2024-11-07,25.700000,25.760000,25.070000,25.750000,62230343
2024-11-08,25.940000,26.170000,25.410000,25.470000,48097037
2024-11-11,25.340000,25.340000,24.870000,25.120000,43082025
2024-11-12,24.810000,25.200000,24.560000,24.670000,45791613
2024-11-13,24.670000,25.270000,24.570000,25.090000,38127458
2024-11-14,24.870000,25.100000,24.660000,24.750000,28300526
2024-11-15,24.820000,25.280000,24.820000,24.840000,29692919
2024-11-18,25.000000,25.100000,24.660000,24.850000,23500799
2024-11-19,25.050000,25.450000,24.980000,25.230000,36592618
2024-11-20,25.320000,25.330000,25.030000,25.150000,24959140
2024-11-21,25.180000,25.590000,25.060000,25.580000,31764203
2024-11-22,25.580000,25.750000,25.180000,25.230000,31710809
2024-11-25,25.280000,25.590000,24.480000,24.660000,32159783
2024-11-26,24.350000,24.710000,24.230000,24.320000,21230263
2024-11-27,24.360000,24.480000,24.050000,24.480000,17756747
2024-11-28,24.300000,24.400000,24.150000,24.200000,14941920
2024-11-29,24.210000,24.480000,24.100000,24.460000,15690659
2024-12-02,24.180000,24.550000,24.110000,24.490000,25456560
2024-12-03,24.490000,24.700000,24.310000,24.440000,17985406
2024-12-04,24.460000,24.570000,24.320000,24.420000,17614974
2024-12-05,24.330000,24.340000,24.140000,24.190000,16761603
2024-12-06,24.090000,24.280000,24.020000,24.280000,18895942
2024-12-09,24.490000,25.090000,24.420000,24.860000,39305935
2024-12-10,25.150000,25.200000,24.600000,24.690000,32231559
2024-12-11,24.850000,25.100000,24.810000,24.850000,23440250
2024-12-12,24.960000,25.250000,24.920000,25.030000,30329988
2024-12-13,24.550000,24.740000,24.400000,24.420000,28213905
2024-12-16,24.410000,24.420000,23.670000,23.700000,29926234
2024-12-17,23.700000,23.770000,23.510000,23.570000,19034828
2024-12-18,23.530000,23.760000,23.400000,23.600000,16476274
2024-12-19,23.210000,23.610000,22.890000,23.550000,18619184
2024-12-20,23.540000,23.640000,23.200000,23.250000,23927242
2024-12-23,23.330000,23.660000,23.270000,23.440000,20254223
2024-12-24,23.260000,23.400000,23.030000,23.270000,19546005
2024-12-25,23.270000,23.270000,23.030000,23.070000,14869522
2024-12-26,23.100000,23.330000,23.030000,23.110000,15991607
2024-12-27,23.110000,23.270000,23.050000,23.160000,15997091
2024-12-30,23.100000,23.290000,22.810000,22.970000,22679323
2024-12-31,22.880000,23.050000,22.620000,22.630000,19122277
2025-01-02,22.670000,23.550000,22.640000,23.150000,46696783
2025-01-03,23.300000,24.220000,23.300000,24.120000,67635705
2025-01-06,23.990000,24.430000,23.490000,24.040000,44671782
2025-01-07,23.910000,24.430000,23.780000,24.410000,36072397
2025-01-08,24.370000,24.910000,24.220000,24.480000,37072068
2025-01-09,24.540000,24.600000,24.090000,24.270000,23944622
2025-01-10,24.310000,24.530000,23.990000,24.190000,25513876
2025-01-13,24.020000,24.800000,24.000000,24.540000,35659066
2025-01-14,24.220000,24.610000,24.120000,24.510000,28646410
2025-01-15,24.400000,24.480000,23.710000,24.120000,26621856
2025-01-16,24.300000,24.610000,24.290000,24.420000,29480370
2025-01-17,24.630000,24.690000,24.300000,24.310000,16898774
2025-01-20,24.320000,24.320000,23.710000,23.960000,26448840
2025-01-21,23.880000,23.990000,23.620000,23.840000,16385896
2025-01-22,23.990000,25.100000,23.930000,24.990000,57592284
2025-01-23,24.820000,25.250000,24.670000,24.810000,34492490
2025-01-24,24.820000,25.050000,24.310000,24.750000,27319004
2025-01-27,24.500000,24.990000,24.310000,24.330000,31594264
2025-02-05,25.200000,25.960000,25.180000,25.930000,72196790
2025-02-06,25.930000,26.100000,25.600000,25.820000,39699103
2025-02-07,25.790000,25.950000,25.490000,25.900000,37105449
2025-02-10,26.000000,26.300000,25.620000,26.200000,36848506
2025-02-11,26.490000,26.980000,26.140000,26.190000,68325195
2025-02-12,25.780000,25.890000,25.570000,25.710000,32916385
2025-02-13,25.730000,26.140000,25.670000,25.730000,27394839
2025-02-14,25.980000,26.110000,25.490000,25.650000,24733441
2025-02-17,25.000000,25.000000,24.510000,24.620000,42040798
2025-02-18,24.620000,24.870000,24.390000,24.730000,24897802
2025-02-19,24.990000,25.120000,24.630000,24.730000,25433723
2025-02-20,24.880000,25.090000,24.660000,25.020000,25916221
2025-02-21,24.930000,25.090000,24.430000,24.500000,34987587
2025-02-24,24.390000,24.840000,24.180000,24.610000,24538772
2025-02-25,24.790000,25.000000,24.250000,24.260000,30753829
2025-02-26,24.060000,24.350000,23.960000,24.110000,23835693
2025-02-27,24.100000,24.100000,23.530000,23.660000,31612843
2025-02-28,23.500000,23.640000,23.310000,23.330000,23341524
2025-03-03,23.490000,23.720000,23.410000,23.490000,18849787
2025-03-04,23.590000,23.980000,23.520000,23.960000,26850696
2025-03-05,23.950000,24.240000,23.880000,24.210000,26217937
2025-03-06,24.220000,24.300000,23.890000,24.160000,22423022
2025-03-07,24.020000,24.490000,23.980000,24.200000,23929297
2025-03-10,24.350000,24.380000,24.030000,24.280000,16367000
2025-03-11,24.000000,24.340000,23.890000,24.340000,18105555
2025-03-12,24.340000,24.540000,24.250000,24.470000,19774900
2025-03-13,24.600000,24.650000,24.350000,24.440000,20206775
2025-03-14,25.050000,25.370000,24.900000,25.330000,54693262
2025-03-17,25.270000,25.600000,25.170000,25.520000,31610562
2025-03-18,25.670000,27.190000,25.600000,27.010000,83165762
2025-03-19,27.240000,27.550000,27.050000,27.470000,53676884
2025-03-20,27.670000,27.880000,27.150000,27.160000,40353237
2025-03-21,27.120000,27.160000,26.010000,26.210000,41050587
2025-03-24,26.190000,26.430000,25.680000,26.130000,27758642
2025-03-25,26.100000,26.370000,25.830000,26.180000,19900812
2025-03-26,26.300000,26.540000,25.870000,25.960000,24416618
2025-03-27,25.830000,26.180000,25.570000,25.970000,23273119
2025-03-28,26.350000,26.880000,26.060000,26.600000,46050881
2025-03-31,26.610000,27.130000,26.530000,26.880000,50613449
2025-04-01,27.000000,27.350000,26.380000,26.560000,50997828
2025-04-02,26.400000,26.680000,25.850000,25.920000,26875992
2025-04-03,26.380000,26.660000,26.120000,26.190000,42803846
2025-04-07,24.000000,25.800000,24.000000,25.360000,70485557
2025-04-08,25.300000,26.290000,24.800000,26.280000,50991430
2025-04-09,25.860000,27.300000,25.530000,27.300000,55781479
2025-04-10,27.580000,29.100000,27.010000,28.750000,77404085
2025-04-11,29.900000,30.360000,29.400000,29.650000,94667267
2025-04-14,29.400000,31.150000,29.320000,30.900000,64741192
2025-04-15,30.200000,31.060000,29.900000,30.770000,45170029
2025-04-16,31.650000,31.750000,30.930000,31.710000,52579903
2025-04-17,32.480000,33.430000,31.190000,31.640000,70182698
2025-04-18,31.250000,31.720000,30.600000,31.300000,36690708
2025-04-21,32.130000,33.800000,32.100000,33.800000,71111883
2025-04-22,34.000000,35.290000,33.800000,33.950000,78836446
2025-04-23,32.000000,32.960000,31.210000,31.340000,91282716
2025-04-24,31.700000,32.000000,31.200000,31.250000,39802288
2025-04-25,31.450000,31.630000,30.550000,30.660000,41630931
2025-04-28,30.050000,31.050000,30.040000,30.850000,32136458
2025-04-29,31.090000,31.150000,30.380000,30.450000,23241420
2025-04-30,30.440000,30.830000,30.090000,30.300000,22830552
2025-05-06,31.000000,31.330000,30.710000,30.910000,36384708
2025-05-07,30.700000,31.300000,30.480000,31.120000,35745011
2025-05-08,30.940000,31.180000,30.280000,30.360000,31725671
2025-05-09,29.620000,30.370000,29.610000,30.210000,29281289
2025-05-12,29.580000,29.830000,28.980000,29.310000,48368229
2025-05-13,29.100000,30.010000,28.990000,29.790000,45487511
2025-05-14,29.560000,29.860000,29.100000,29.280000,27428131
2025-05-15,29.000000,29.300000,28.850000,29.150000,27367177
2025-05-16,29.380000,29.550000,29.160000,29.350000,21657832
2025-05-19,29.500000,29.830000,29.060000,29.210000,18671058
2025-05-20,29.180000,29.790000,29.100000,29.350000,22878893
2025-05-21,30.060000,30.760000,29.450000,30.700000,59473779
2025-05-22,30.730000,31.340000,30.610000,30.730000,38252265
2025-05-23,30.560000,31.080000,30.200000,30.820000,35370677
2025-05-26,30.500000,31.290000,30.400000,31.020000,33160043
2025-05-27,30.830000,31.200000,29.830000,30.060000,22729116
2025-05-28,30.000000,30.300000,29.920000,30.090000,11736733
2025-05-29,29.400000,29.930000,29.240000,29.880000,21899629
2025-05-30,30.170000,30.300000,29.800000,30.000000,14289874
2025-06-03,30.940000,31.150000,30.440000,30.580000,29319746
2025-06-04,30.630000,30.940000,30.450000,30.490000,17713911
2025-06-05,30.550000,30.880000,30.150000,30.220000,19583823
2025-06-06,30.210000,30.850000,30.150000,30.350000,21035924
2025-06-09,30.000000,30.000000,29.370000,29.820000,31544286
2025-06-10,29.600000,29.950000,29.480000,29.900000,20864969
2025-06-11,29.890000,30.350000,29.710000,30.150000,17762905
2025-06-12,30.500000,30.790000,30.100000,30.770000,24613794
2025-06-13,31.390000,32.180000,31.120000,31.990000,61610333
2025-06-16,31.980000,32.200000,31.090000,31.210000,40833827
2025-06-17,30.800000,31.870000,30.800000,31.380000,27782606
2025-06-18,31.250000,32.200000,31.200000,32.090000,28342013
2025-06-19,32.000000,32.770000,31.880000,32.370000,33168907
2025-06-20,32.000000,32.440000,31.650000,32.000000,25558683
2025-06-23,32.000000,32.180000,31.470000,31.980000,23558225
2025-06-24,31.500000,31.980000,31.220000,31.300000,34156844
2025-06-25,31.360000,32.000000,31.050000,32.000000,30541163
2025-06-26,31.960000,33.120000,31.660000,32.710000,33189217
2025-06-27,32.400000,32.720000,31.700000,31.790000,34291211
2025-06-30,31.330000,31.930000,31.330000,31.930000,25098646
2025-07-01,31.980000,33.690000,31.950000,33.310000,38387723
2025-07-02,33.150000,34.900000,33.150000,34.040000,38515870
2025-07-03,34.000000,34.300000,33.100000,33.300000,28588744
2025-07-04,32.800000,33.450000,32.450000,32.920000,24257116
2025-07-07,32.450000,32.990000,32.240000,32.340000,26772338
2025-07-08,32.640000,32.880000,32.060000,32.220000,22086491
2025-07-09,31.900000,32.090000,31.330000,31.400000,29309932
2025-07-10,31.500000,31.600000,31.100000,31.120000,26226952
2025-07-11,31.290000,31.520000,30.830000,31.140000,35092648
2025-07-14,31.400000,31.780000,31.240000,31.490000,57107087
2025-07-15,31.580000,31.610000,30.900000,31.410000,40422139
2025-07-16,31.120000,31.460000,31.000000,31.260000,25158064
2025-07-17,31.230000,31.380000,30.460000,30.610000,38228941
2025-07-18,30.570000,30.980000,30.500000,30.950000,27443382
2025-07-21,30.950000,31.270000,30.700000,31.090000,24979911
2025-07-22,31.500000,32.150000,31.430000,31.900000,49113112
2025-07-23,32.340000,32.380000,31.710000,31.790000,26328493
2025-07-24,31.270000,31.270000,30.670000,30.840000,35990363
2025-07-25,30.710000,31.000000,30.560000,30.650000,24911745
2025-07-28,30.520000,30.520000,30.030000,30.190000,27764401
2025-07-29,29.970000,30.060000,29.650000,29.900000,27028888
2025-07-30,29.970000,30.390000,29.820000,30.070000,29505074
2025-07-31,29.730000,29.730000,29.160000,29.370000,34098568
2025-08-01,29.180000,29.720000,29.110000,29.490000,20519523
2025-08-04,30.080000,31.580000,30.070000,31.490000,81187970
2025-08-05,31.590000,32.250000,31.490000,31.750000,40759380
2025-08-06,31.750000,32.350000,31.700000,32.250000,32644782
2025-08-07,32.230000,32.880000,32.040000,32.800000,29600466
2025-08-08,33.050000,33.250000,32.530000,32.880000,31198655
2025-08-11,32.000000,32.160000,31.200000,31.280000,52681724
2025-08-12,31.210000,31.830000,31.210000,31.550000,26053480
2025-08-13,31.550000,31.920000,31.350000,31.600000,28045877
2025-08-14,31.780000,31.880000,31.340000,31.470000,27031271
2025-08-15,31.170000,31.650000,31.020000,31.260000,29258779
2025-08-18,31.270000,31.350000,30.720000,30.880000,43953908
2025-08-19,30.720000,30.920000,30.480000,30.520000,29177673
2025-08-20,30.300000,30.750000,30.220000,30.670000,23438963
2025-08-21,30.750000,31.000000,30.440000,30.540000,33199212
2025-08-22,30.500000,30.780000,30.450000,30.730000,26187473
2025-08-25,31.250000,31.980000,31.180000,31.960000,50115950
2025-08-26,31.980000,32.580000,31.750000,32.580000,40627713
2025-08-27,32.600000,32.750000,32.050000,32.140000,36641904
2025-08-28,32.620000,33.470000,32.300000,32.990000,50407990
2025-08-29,33.100000,33.850000,33.100000,33.360000,55571278
2025-09-01,34.000000,36.190000,33.650000,35.940000,98864528
2025-09-02,36.000000,36.780000,35.610000,35.910000,65591933
2025-09-03,37.350000,37.660000,36.100000,36.700000,58738245
2025-09-04,36.640000,36.950000,35.520000,36.250000,51216219
2025-09-05,36.120000,38.380000,36.120000,37.690000,54540809
2025-09-08,38.470000,38.780000,36.550000,37.180000,58146350
2025-09-09,38.100000,40.430000,37.760000,39.550000,85869778
2025-09-10,38.000000,38.880000,37.700000,38.570000,58792768
2025-09-11,38.210000,38.510000,37.500000,38.050000,47610756
2025-09-12,37.990000,38.850000,37.640000,37.990000,58185910
2025-09-15,37.600000,38.590000,37.360000,37.990000,43236578
2025-09-16,38.900000,39.110000,37.430000,37.760000,57795588
2025-09-17,37.600000,37.920000,36.700000,37.430000,41092909
2025-09-18,37.130000,37.180000,35.690000,36.100000,50060849
2025-09-19,35.960000,37.120000,35.880000,36.500000,36360193
2025-09-22,37.900000,38.560000,36.880000,38.490000,53906006
2025-09-23,38.990000,40.550000,38.500000,39.380000,63659732
2025-09-24,38.820000,39.860000,38.700000,39.790000,43510790
2025-09-25,39.000000,39.220000,37.560000,37.900000,78957600
2025-09-26,37.900000,38.580000,37.880000,38.220000,37389253
2025-09-29,38.660000,39.170000,37.540000,39.000000,56958867
2025-09-30,39.510000,39.750000,38.750000,39.330000,57061697
2025-10-09,42.300000,43.260000,42.000000,43.260000,68591661
2025-10-10,42.000000,42.420000,41.010000,41.250000,70295782
2025-10-13,41.300000,43.950000,40.830000,43.600000,93214665
2025-10-14,45.300000,45.880000,41.700000,42.890000,89219797
2025-10-15,41.980000,42.000000,39.780000,41.700000,111693664
2025-10-16,41.660000,42.010000,39.720000,39.870000,73712339
2025-10-17,41.080000,42.110000,40.000000,40.510000,89276095
2025-10-20,38.700000,39.500000,37.600000,37.940000,81627238
2025-10-21,38.880000,39.210000,38.000000,38.160000,65587448
2025-10-22,35.350000,37.100000,35.350000,37.000000,72711332
2025-10-23,36.410000,37.160000,35.610000,36.910000,45273904
2025-10-24,37.030000,37.120000,36.300000,36.500000,31284882
2025-10-27,36.140000,36.860000,36.140000,36.620000,46550348
2025-10-28,36.150000,36.450000,35.520000,35.610000,51664323
2025-10-29,35.850000,36.880000,35.730000,36.820000,53091201
2025-10-30,36.010000,36.900000,35.950000,36.310000,46375534
2025-10-31,36.880000,36.970000,35.800000,36.040000,52293341
2025-11-03,35.600000,35.780000,34.610000,35.690000,45718200
2025-11-04,35.240000,35.470000,34.050000,34.330000,49405902
2025-11-05,33.600000,35.090000,33.550000,34.870000,36823322
2025-11-06,34.770000,35.200000,34.710000,35.180000,28247330
2025-11-07,35.030000,35.450000,35.010000,35.210000,21304469
2025-11-10,35.620000,36.490000,35.620000,36.410000,48305279
2025-11-11,36.980000,37.190000,36.060000,36.100000,47642161
2025-11-12,36.150000,36.310000,35.380000,35.560000,30334664
2025-11-13,36.170000,36.690000,35.900000,36.530000,43484057
2025-11-14,35.900000,36.350000,35.550000,35.830000,28641150
2025-11-17,35.080000,35.650000,35.000000,35.120000,32975193
2025-11-18,34.940000,35.030000,34.200000,34.420000,23731329
2025-11-19,34.750000,36.560000,34.700000,36.480000,46030494
2025-11-20,36.000000,36.550000,35.720000,35.780000,26207580
2025-11-21,35.230000,35.700000,34.750000,35.100000,31436636
2025-11-24,34.820000,35.200000,34.330000,34.720000,25598160
2025-11-25,35.430000,36.080000,35.340000,35.600000,31878916
2025-11-26,35.620000,36.190000,35.460000,35.920000,23902862
2025-11-27,36.080000,36.480000,35.880000,36.290000,27396792
2025-11-28,36.660000,36.820000,36.280000,36.460000,27618721
2025-12-01,37.020000,37.680000,36.800000,37.100000,43761855
2025-12-02,36.660000,37.070000,36.520000,36.660000,21059291
2025-12-03,36.710000,36.830000,36.220000,36.310000,20706101
2025-12-04,36.400000,36.900000,35.550000,35.670000,27684583
2025-12-05,35.510000,36.390000,35.510000,36.330000,22506379
2025-12-08,36.280000,36.290000,35.370000,35.740000,33260677
2025-12-09,35.400000,35.500000,34.600000,34.740000,31947318
2025-12-10,35.000000,35.340000,34.870000,35.080000,23257530
2025-12-11,35.440000,35.980000,34.800000,34.980000,32577917
2025-12-12,35.780000,36.050000,35.460000,36.000000,37654442
2025-12-15,36.000000,36.800000,35.880000,36.670000,34243119
2025-12-16,36.300000,36.380000,34.810000,35.110000,34685254
2025-12-17,35.350000,36.500000,35.310000,36.180000,32949840
2025-12-18,36.200000,37.570000,35.850000,37.090000,43114846
2025-12-19,36.760000,36.800000,35.860000,36.420000,31416372
2025-12-22,36.910000,38.240000,36.880000,38.080000,56097718
2025-12-23,38.930000,41.360000,38.810000,40.710000,95261788
2025-12-24,41.510000,41.700000,39.710000,40.080000,53954357
2025-12-25,39.310000,39.500000,38.700000,38.970000,35273120
2025-12-26,39.540000,40.100000,39.350000,39.700000,35770640
2025-12-29,39.700000,39.960000,38.500000,38.650000,39654719
2025-12-30,37.200000,38.920000,37.020000,38.510000,41002976
2025-12-31,38.300000,39.280000,38.100000,38.710000,34660186
2026-01-05,39.450000,40.200000,38.730000,40.190000,57675136
2026-01-06,40.190000,41.420000,39.990000,40.980000,48172565
2026-01-07,40.990000,41.200000,40.130000,41.090000,51216501
2026-01-08,41.000000,42.440000,40.610000,41.380000,43279668
2026-01-09,41.000000,44.120000,40.950000,43.760000,54550076
2026-01-12,44.660000,46.090000,44.130000,45.010000,53516687
2026-01-13,44.800000,48.000000,44.660000,46.270000,51658580
2026-01-14,46.800000,47.300000,45.910000,46.350000,48959871
2026-01-15,46.300000,48.550000,45.990000,47.460000,56697111
2026-01-16,47.000000,47.910000,45.500000,45.940000,51535526
2026-01-19,46.950000,47.580000,46.000000,47.110000,44933813
2026-01-20,47.110000,48.040000,45.100000,47.570000,57324701
2026-01-21,48.920000,51.830000,48.710000,51.470000,85440257
2026-01-22,49.400000,50.890000,48.750000,50.490000,59985329
2026-01-23,52.490000,53.260000,50.310000,50.700000,71572244
2026-01-26,52.660000,55.770000,52.600000,55.740000,94411579
2026-01-27,53.500000,57.750000,53.100000,54.250000,101398364
2026-01-28,55.670000,59.670000,55.300000,59.660000,129433568
2026-01-29,64.000000,65.550000,57.930000,60.610000,164451587
2026-01-30,56.050000,57.500000,54.550000,54.550000,76927754
2026-02-02,49.100000,49.100000,49.100000,49.100000,7436600
2026-02-03,45.500000,49.100000,45.110000,48.810000,196135477
2026-02-04,49.000000,49.000000,46.980000,47.690000,99395882
2026-02-05,46.000000,47.500000,44.130000,45.820000,97631067
2026-02-06,44.000000,45.580000,42.850000,44.970000,85556076
2026-02-09,45.700000,45.990000,44.860000,45.550000,65189352
2026-02-10,45.650000,45.880000,44.980000,45.200000,41059493
2026-02-11,45.070000,48.130000,44.890000,47.350000,77530872
2026-02-12,47.000000,48.550000,46.750000,46.950000,46999354
2026-02-13,45.680000,46.560000,45.300000,45.400000,45884590
2026-02-24,47.250000,47.670000,46.800000,47.040000,69549493
2026-02-25,46.900000,47.750000,46.500000,47.200000,57726605
2026-02-26,47.200000,47.340000,46.330000,46.600000,40414166
2026-02-27,46.930000,47.680000,46.420000,47.310000,55841227
2026-03-02,49.000000,52.040000,47.430000,52.030000,156807973
2026-03-03,50.990000,53.500000,49.350000,50.270000,117625379
2026-03-04,47.220000,48.970000,47.200000,47.970000,71360838
2026-03-05,48.060000,48.380000,46.180000,46.850000,62667080
2026-03-06,45.900000,46.670000,45.340000,46.020000,44722671
2026-03-09,45.000000,47.650000,44.170000,46.930000,69375369
2026-03-10,47.600000,47.960000,46.700000,47.420000,46342751
2026-03-11,48.000000,48.330000,46.900000,47.230000,32254871
2026-03-12,46.800000,48.100000,46.520000,46.900000,39647940
2026-03-13,46.560000,47.750000,46.280000,46.510000,44447942
2026-03-16,45.500000,45.700000,43.030000,44.090000,70271784
2026-03-17,44.090000,45.670000,43.990000,44.500000,48154006
2026-03-18,44.330000,44.480000,43.110000,43.730000,37606581
2026-03-19,41.590000,42.440000,40.570000,40.650000,69059136
2026-03-20,40.640000,41.140000,39.470000,39.690000,63080416
2026-03-23,37.830000,38.350000,36.600000,37.040000,84115608
2026-03-24,37.510000,38.740000,36.700000,38.670000,61458870
2026-03-25,40.110000,40.910000,39.290000,39.560000,68275552
2026-03-26,39.480000,39.650000,37.600000,38.030000,50156288
2026-03-27,37.050000,38.940000,37.020000,38.580000,65728953
2026-03-30,38.120000,40.730000,38.100000,40.690000,73602644
2026-03-31,40.880000,41.500000,40.140000,40.250000,58121370
2026-04-01,41.550000,41.830000,40.580000,41.130000,49314632
2026-04-02,40.700000,40.860000,39.060000,40.030000,44985441
2026-04-03,40.020000,40.500000,39.700000,40.190000,27382716
2026-04-07,39.870000,40.100000,39.000000,39.700000,27202998
2026-04-08,41.680000,42.980000,41.490000,42.490000,66363712
2026-04-09,41.410000,41.540000,40.950000,41.270000,42755062
2026-04-10,41.480000,41.600000,40.120000,40.200000,49376455
2026-04-13,39.970000,39.970000,39.100000,39.500000,38496222
2026-04-14,40.000000,40.180000,38.950000,39.400000,35267811
2026-04-15,40.000000,40.280000,38.550000,38.780000,48346933
2026-04-16,38.880000,39.430000,38.400000,39.250000,40042221
2026-04-17,38.500000,38.900000,38.300000,38.440000,44760790
2026-04-20,38.450000,39.140000,37.880000,38.120000,51918925
2026-04-21,38.130000,38.140000,37.360000,37.800000,39441464
2026-04-22,37.480000,37.480000,36.820000,37.250000,54793053
2026-04-23,36.960000,37.130000,35.700000,35.840000,66501584
2026-04-24,35.650000,35.950000,34.880000,35.840000,54807380
2026-04-27,35.430000,35.930000,35.260000,35.640000,33670348
2026-04-28,35.340000,35.490000,34.700000,34.790000,36674736
2026-04-29,34.470000,35.470000,34.330000,35.400000,42776085
2026-04-30,34.550000,35.030000,33.900000,34.380000,77654536
2026-05-06,34.630000,35.710000,34.370000,35.650000,80521836
2026-05-07,36.360000,36.500000,35.270000,35.970000,76917712
2026-05-08,35.510000,36.950000,35.500000,36.500000,90946714
2026-05-11,36.000000,36.030000,35.100000,35.380000,64245215
2026-05-12,35.950000,35.980000,34.740000,34.830000,52307425
2026-05-13,34.830000,35.180000,34.340000,34.750000,46070984
2026-05-14,34.500000,34.690000,33.560000,33.590000,51597444
2026-05-15,33.000000,33.000000,31.500000,31.900000,72672715
2026-05-18,30.990000,31.480000,30.840000,31.260000,57960207
2026-05-19,31.350000,31.420000,30.470000,30.850000,41483687
2026-05-20,30.220000,30.700000,30.020000,30.450000,46610242
2026-05-21,31.000000,31.180000,29.600000,29.600000,46779256
2026-05-22,29.740000,30.270000,29.500000,30.050000,43724494
2026-05-25,30.350000,30.840000,29.890000,30.060000,48280866
2026-05-26,29.960000,31.550000,29.580000,31.460000,81350286
2026-05-27,31.010000,31.340000,29.790000,29.900000,52653636
2026-05-28,29.400000,29.770000,28.510000,28.960000,54915141
2026-05-29,29.650000,29.900000,28.870000,28.870000,49321304
2026-06-01,28.950000,29.880000,28.870000,29.410000,57625015
2026-06-02,29.530000,30.070000,28.800000,29.930000,45971856
2026-06-03,29.200000,29.890000,29.080000,29.390000,41235177
2026-06-04,29.300000,29.360000,28.550000,28.710000,37901296
2026-06-05,28.640000,28.820000,27.950000,28.050000,41062091
2026-06-08,26.850000,27.250000,26.140000,26.460000,62930927
2026-06-09,26.990000,27.400000,26.330000,27.300000,49094475
2026-06-10,26.460000,26.830000,26.100000,26.610000,54420306
2026-06-11,26.400000,27.450000,26.350000,26.950000,54260295
2026-06-12,27.600000,28.900000,27.190000,27.790000,82780901
2026-06-15,28.820000,29.320000,28.300000,28.660000,80617268
2026-06-16,28.480000,28.730000,28.160000,28.250000,53347522
2026-06-17,28.420000,28.660000,27.960000,28.260000,37758058
2026-06-18,27.850000,28.090000,26.790000,26.910000,63584227
2026-06-22,26.900000,27.330000,26.160000,27.290000,74677530
2026-06-23,27.000000,27.090000,24.750000,24.860000,107012329
2026-06-24,24.650000,24.990000,24.200000,24.760000,59422628
2026-06-25,24.110000,24.210000,23.600000,23.930000,77625325
2026-06-26,24.240000,24.260000,22.820000,23.000000,59805054
2026-06-29,23.030000,23.770000,22.700000,23.550000,63851458
2026-06-30,22.820000,23.300000,22.550000,23.090000,55053410
2026-07-01,23.000000,23.620000,22.720000,23.200000,51431539
2026-07-02,23.800000,24.770000,23.570000,24.180000,108237488
2026-07-03,25.390000,26.480000,25.100000,26.080000,156231178
2026-07-06,25.790000,27.330000,25.550000,25.800000,110631444
2026-07-07,25.320000,25.570000,24.730000,24.770000,58465136
2026-07-08,24.400000,25.700000,24.320000,24.650000,59549646
2026-07-09,23.980000,24.570000,23.410000,24.280000,69347589
2026-07-10,24.500000,25.960000,23.980000,24.960000,78924803
2026-07-13,24.350000,24.540000,23.880000,23.960000,53078505
2026-07-14,23.310000,25.300000,23.230000,25.260000,74897621
2026-07-15,25.200000,25.490000,24.440000,24.690000,53999886
2026-07-16,24.390000,25.500000,24.300000,24.760000,55990084
2026-07-17,24.310000,24.550000,23.260000,23.760000,84995541
2026-07-20,23.650000,24.550000,23.540000,24.420000,69191207
2026-07-21,24.600000,26.080000,24.400000,25.870000,96524499
2026-07-22,26.210000,27.650000,26.210000,27.400000,132895302
2026-07-23,27.260000,28.090000,27.000000,27.420000,105713042
2026-07-24,26.410000,26.860000,25.870000,25.940000,82228481
2026-07-27,26.500000,26.640000,25.950000,26.440000,52219678
2026-07-28,25.880000,26.660000,25.760000,26.600000,49936819
2026-07-29,26.220000,27.670000,26.150000,27.330000,60919938
2026-07-30,27.850000,28.600000,27.560000,27.690000,80047105
2026-07-31,27.700000,28.730000,27.690000,28.200000,73270619
2026-08-03,28.000000,28.180000,27.020000,27.670000,50022526
2026-08-04,27.470000,27.780000,26.970000,27.080000,55830227
2026-08-05,27.390000,28.990000,27.110000,28.950000,97632030
2026-08-06,30.530000,30.720000,29.350000,29.960000,121465056
2026-08-07,29.810000,30.490000,29.600000,30.480000,78236744
