date,open,high,low,close,volume
2018-01-02,96.431533,98.616067,96.119457,98.303990,30255649
2018-01-03,97.835876,99.240219,97.523800,97.991914,19362303
2018-01-04,98.616067,103.921361,98.460028,102.673057,86662053
2018-01-05,101.580790,102.985133,100.956638,102.517019,40199431
2018-01-08,102.204942,104.233437,101.268714,101.736828,39242414
2018-01-09,101.112676,102.360980,100.644562,101.424752,21008000
2018-01-10,104.701552,110.162884,103.921361,105.637780,68070346
2018-01-11,105.169666,105.325704,103.297209,104.077399,22738603
2018-01-12,103.765323,105.793818,103.765323,104.389476,20247738
2018-01-15,105.793818,108.914580,105.169666,107.042123,43512754
2018-01-16,106.261932,107.822313,105.949856,107.354199,26645124
2018-01-17,104.857590,106.261932,100.956638,102.829095,45990233
2018-01-18,102.985133,103.765323,102.048904,103.453247,14548142
2018-01-19,102.829095,103.453247,101.268714,101.736828,27093534
2018-01-22,101.424752,102.673057,100.956638,102.048904,15516121
2018-01-23,102.517019,104.857590,102.360980,104.389476,32259504
2018-01-24,105.013628,112.659494,105.013628,111.723265,79317390
2018-01-25,112.503456,116.872522,112.191380,112.971570,76015894
2018-01-26,114.063836,114.375913,111.723265,113.283646,29019869
2018-01-29,114.063836,116.716484,112.191380,113.439684,40206277
2018-01-30,112.347418,114.063836,110.006846,112.971570,36437007
2018-01-31,110.787037,110.787037,108.290428,109.226656,28308336
2018-02-01,109.382694,110.474961,103.921361,104.233437,33582742
2018-02-02,106.417971,114.687989,105.325704,114.687989,74811412
2018-02-05,113.127608,114.531951,111.723265,114.063836,42345275
2018-02-06,111.567227,111.567227,105.325704,105.793818,49095603
2018-02-07,108.758542,110.162884,103.297209,108.134389,46682996
2018-02-08,106.105894,106.574009,102.673057,103.765323,26571360
2018-02-09,100.020409,100.956638,95.183229,95.963419,37789500
2018-02-12,96.119457,98.147952,95.807381,97.211724,15065068
2018-02-13,97.367762,99.084181,97.211724,98.303990,10483791
2018-02-14,97.991914,98.616067,96.431533,97.679838,9387227
2018-02-22,99.084181,102.517019,98.616067,101.736828,20902811
2018-02-23,101.736828,104.701552,100.644562,101.892866,18524930
2018-02-26,103.297209,105.169666,101.892866,104.857590,17755325
2018-02-27,105.013628,105.325704,100.176447,101.736828,21657505
2018-02-28,100.800600,101.892866,98.928143,101.424752,12829368
2018-03-01,100.488524,101.268714,99.084181,101.112676,24876242
2018-03-02,99.864371,101.736828,99.552295,100.800600,14962233
2018-03-05,100.800600,101.112676,99.396257,99.864371,10414609
2018-03-06,100.800600,100.956638,99.396257,100.956638,14008258
2018-03-07,100.800600,100.800600,97.679838,98.147952,23747390
2018-03-08,98.616067,99.240219,97.679838,98.928143,10059071
2018-03-09,98.772105,99.396257,98.147952,99.240219,12510999
2018-03-12,100.176447,102.204942,99.708333,101.424752,24216768
2018-03-13,100.956638,101.424752,100.020409,100.332485,13980876
2018-03-14,99.864371,102.517019,99.708333,101.268714,14875869
2018-03-15,100.956638,101.424752,100.176447,101.268714,10253960
2018-03-16,101.268714,101.580790,99.552295,99.552295,11624100
2018-03-19,99.864371,100.176447,98.928143,99.552295,8761009
2018-03-20,99.084181,99.552295,98.147952,99.240219,9370356
2018-03-21,100.488524,101.736828,99.084181,99.240219,18500803
2018-03-22,101.424752,103.765323,100.644562,101.892866,37737514
2018-03-23,99.396257,99.552295,95.651343,96.119457,32941188
2018-03-26,96.431533,97.991914,95.495305,97.055686,16813580
2018-03-27,97.991914,98.460028,96.431533,97.991914,21689057
2018-03-28,96.587572,97.055686,94.715115,95.339267,17882988
2018-03-29,95.339267,97.055686,95.339267,96.275495,16113690
2018-03-30,97.055686,97.367762,96.119457,96.431533,9489728
2018-04-02,96.431533,96.899648,95.495305,96.119457,17379992
2018-04-03,94.403038,97.055686,93.934924,95.651343,19784196
2018-04-04,95.963419,96.275495,94.403038,94.559076,17623380
2018-04-09,94.559076,95.339267,93.622848,94.871153,12541332
2018-04-10,95.339267,95.807381,94.403038,95.651343,16518896
2018-04-11,98.772105,101.112676,97.835876,98.616067,50645840
2018-04-12,99.396257,101.268714,98.616067,99.708333,38516464
2018-04-13,99.240219,99.552295,97.055686,97.679838,18225141
2018-04-16,98.460028,100.176447,97.523800,97.835876,26358297
2018-04-17,97.367762,97.991914,95.495305,95.807381,13098944
2018-04-18,96.431533,96.743610,94.871153,96.275495,13614517
2018-04-19,97.835876,99.552295,97.679838,98.616067,25950089
2018-04-20,98.147952,98.460028,96.275495,96.587572,15245107
2018-04-23,96.431533,97.367762,94.559076,94.871153,16241683
2018-04-24,95.339267,96.899648,95.027191,96.899648,15910352
2018-04-25,96.431533,97.523800,95.963419,96.899648,10773969
2018-04-26,97.055686,97.367762,95.183229,95.339267,12671809
2018-04-27,93.466810,93.778886,89.565858,91.126239,39036718
2018-05-02,91.282277,91.282277,85.196792,85.976982,35062909
2018-05-03,85.820944,87.693401,85.040754,87.537363,11285743
2018-05-04,86.913211,87.381325,86.445096,86.913211,7788156
2018-05-07,87.537363,90.033972,87.381325,89.253782,17171697
2018-05-08,88.629629,89.877934,88.473591,89.097744,12705263
2018-05-09,89.877934,90.658124,89.097744,89.409820,12100792
2018-05-10,91.282277,92.686620,90.502086,90.814163,19815757
2018-05-11,90.970201,91.438315,89.721896,90.814163,10591939
2018-05-14,90.658124,90.814163,88.785668,89.253782,11197001
2018-05-15,89.565858,90.970201,89.409820,90.502086,8570201
2018-05-16,90.658124,91.750391,89.877934,91.282277,13536268
2018-05-17,92.062467,95.183229,91.750391,94.403038,40127126
2018-05-18,95.027191,103.921361,93.778886,103.921361,105416190
2018-05-21,105.325704,105.481742,102.048904,102.985133,91426662
2018-05-22,103.141171,105.637780,102.673057,103.921361,59402435
2018-05-23,103.297209,103.297209,99.396257,100.020409,42653646
2018-05-24,99.552295,101.112676,99.240219,99.864371,23045220
2018-05-25,99.552295,100.020409,97.991914,98.147952,20932035
2018-05-28,95.027191,95.963419,93.778886,94.559076,32834047
2018-05-29,93.934924,95.339267,93.934924,94.090962,16091035
2018-05-30,93.310772,93.778886,89.097744,89.409820,32451200
2018-05-31,91.126239,93.778886,90.814163,93.466810,24995669
2018-06-01,92.530581,93.622848,91.594353,92.530581,16629227
2018-06-04,92.998696,92.998696,88.785668,89.565858,34654985
2018-06-05,89.565863,90.352909,88.463999,90.195500,16742517
2018-06-06,90.195500,91.612184,89.408454,91.454774,14046314
2018-06-07,90.982546,91.454774,90.195500,90.510319,11771481
2018-06-08,90.982546,91.769593,88.463999,89.093636,14998748
2018-06-11,88.149180,88.936226,87.362134,88.306589,11643293
2018-06-12,88.306589,89.093636,86.889906,88.936226,11019491
2018-06-13,88.936226,88.936226,87.362134,87.519543,7179761
2018-06-14,87.204724,88.778817,86.732497,87.519543,7116980
2018-06-15,87.991771,87.991771,85.315814,86.575087,13032688
2018-06-19,84.843586,85.630632,78.232397,80.750945,24067034
2018-06-20,79.019443,80.908355,77.917579,79.176853,28618949
2018-06-21,79.019443,79.649080,76.815714,76.973123,15152900
2018-06-22,76.658305,78.074988,75.241621,77.917579,8835141
2018-06-25,79.963899,81.065764,78.389807,78.862034,14312542
2018-06-26,76.815714,80.436127,76.815714,79.963899,11869652
2018-06-27,81.537992,84.056539,80.750945,80.908355,17977275
2018-06-28,82.482447,83.269493,79.176853,79.963899,14699692
2018-06-29,80.278717,82.954675,79.334262,82.797265,13167888
2018-07-02,82.482447,82.482447,79.806490,80.278717,8658100
2018-07-03,80.908355,83.899130,79.649080,83.269493,16651433
2018-07-04,82.639856,83.584312,81.065764,83.269493,11681413
2018-07-05,82.797265,82.797265,79.334262,79.649080,11368853
2018-07-06,79.334262,80.593536,78.074988,79.491671,9556049
2018-07-09,79.806490,81.695401,79.806490,81.537992,9244751
2018-07-10,81.852810,82.954675,81.380582,82.482447,9281206
2018-07-11,80.750945,81.537992,79.806490,80.908355,8970234
2018-07-12,79.491671,82.010219,79.334262,81.537992,8570684
2018-07-13,81.065764,81.380582,80.121308,80.593536,6061138
2018-07-16,79.963899,81.065764,79.963899,80.593536,3717179
2018-07-17,79.649080,79.963899,78.862034,79.491671,7071120
2018-07-18,79.491671,79.806490,79.176853,79.334262,5689053
2018-07-19,79.491671,79.806490,77.602760,78.232397,8010000
2018-07-20,78.074988,79.491671,77.760170,79.334262,5341198
2018-07-23,79.334262,80.593536,78.547216,80.278717,9761080
2018-07-24,80.278717,83.741721,80.121308,82.797265,19255153
2018-07-25,83.269493,83.584312,82.325038,82.954675,8759140
2018-07-26,83.741721,83.899130,82.482447,83.112084,12426729
2018-07-27,83.269493,83.584312,82.325038,82.482447,7881147
2018-07-30,82.325038,85.000995,81.852810,82.797265,13464757
2018-07-31,83.584312,84.686177,82.954675,83.899130,18820775
2018-08-01,83.269493,83.584312,80.750945,80.908355,15152810
2018-08-02,80.593536,80.750945,77.445351,78.232397,19310218
2018-08-03,78.547216,79.334262,77.760170,78.389807,14293870
2018-08-06,78.074988,79.334262,76.658305,77.760170,12849146
2018-08-07,77.917579,82.167629,77.917579,81.852810,21069494
2018-08-08,88.149180,90.038091,84.371358,85.000995,78542724
2018-08-09,84.056539,87.676952,82.482447,86.417678,29276019
2018-08-10,86.417678,88.936226,85.000995,88.306589,27670909
2018-08-13,87.047315,89.408454,86.260269,88.149180,14144986
2018-08-14,87.991771,92.871458,87.519543,92.556639,49379960
2018-08-15,92.084411,93.501094,89.723272,89.880682,28791066
2018-08-16,88.621408,90.982546,85.000995,88.778817,25612169
2018-08-17,89.880682,91.297365,86.102860,86.575087,20075980
2018-08-20,86.575087,90.038091,85.630632,89.408454,26839007
2018-08-21,88.778817,91.927002,88.621408,90.667728,20401039
2018-08-22,90.825137,92.556639,90.510319,91.454774,16833863
2018-08-23,92.556639,93.343685,89.723272,92.714048,22557705
2018-08-24,92.714048,95.390006,91.769593,94.760368,28557139
2018-08-27,95.390006,99.167828,94.130731,98.223372,30778353
2018-08-28,98.223372,98.380781,96.019643,96.177052,12943424
2018-08-29,95.547415,98.065963,95.232596,96.019643,11339931
2018-08-30,96.491870,99.325237,94.288141,95.704824,16664650
2018-08-31,95.232596,96.491870,91.927002,94.445550,19002635
2018-09-03,92.871458,98.223372,92.871458,97.751144,23258543
2018-09-04,98.065963,100.427102,97.751144,99.167828,21018565
2018-09-05,98.538190,101.214148,98.380781,100.741920,21893880
2018-09-06,100.899329,103.103059,96.964098,97.908553,18555105
2018-09-07,97.593735,101.214148,97.436326,100.112283,16357746
2018-09-10,100.427102,100.741920,98.538190,99.482646,12409642
2018-09-11,99.167828,104.519742,98.853009,103.890105,38241541
2018-09-12,103.890105,105.464197,101.371557,102.945650,21613624
2018-09-13,102.630831,107.038290,102.630831,105.464197,28741644
2018-09-14,105.779016,106.251244,102.473422,104.362333,21720966
2018-09-17,103.732696,104.362333,101.528966,102.945650,18707370
2018-09-18,101.214148,103.260468,99.010418,102.001194,18853801
2018-09-19,101.528966,108.454973,101.371557,107.510518,33342039
2018-09-20,108.140155,108.140155,104.991970,105.464197,20930359
2018-09-21,105.306788,106.251244,102.316012,106.251244,23473013
2018-09-25,107.353109,110.501294,106.251244,106.566062,28290705
2018-09-26,106.880881,111.130931,105.936425,107.667927,33801240
2018-09-27,107.038290,108.454973,105.149379,105.936425,18278361
2018-09-28,105.621607,107.038290,104.204924,106.408653,16448138
2018-10-08,104.362333,108.140155,103.890105,104.677151,20424937
2018-10-09,105.149379,109.556838,104.204924,107.667927,29054329
2018-10-10,107.982745,107.982745,104.519742,105.621607,18184349
2018-10-11,101.528966,101.528966,95.075187,95.075187,32112406
2018-10-12,92.871458,96.964098,90.667728,96.491870,25947824
2018-10-15,96.177052,97.908553,94.917778,96.177052,14772298
2018-10-16,95.704824,98.538190,92.241821,94.445550,18116090
2018-10-17,95.232596,96.177052,89.565863,92.084411,22646499
2018-10-18,90.038091,91.769593,89.408454,90.510319,16179176
2018-10-19,89.723272,92.084411,84.843586,91.297365,29678456
2018-10-22,91.927002,95.704824,91.454774,95.232596,25622232
2018-10-23,95.075187,95.704824,91.297365,92.399230,20460035
2018-10-24,86.102860,88.463999,83.112084,86.260269,42884338
2018-10-25,83.899130,88.306589,83.426902,87.047315,25689370
2018-10-26,87.047315,89.093636,85.945451,87.047315,16390009
2018-10-29,87.834361,88.936226,86.575087,86.889906,13201634
2018-10-30,85.945451,88.621408,85.788041,87.519543,12978183
2018-10-31,87.047315,88.306589,85.315814,87.834361,18336820
2018-11-01,86.575087,88.463999,85.473223,86.732497,23698901
2018-11-02,86.102860,88.621408,85.473223,88.621408,33048273
2018-11-05,87.991771,93.028867,87.362134,92.714048,33007561
2018-11-06,92.084411,95.232596,91.297365,92.714048,27346177
2018-11-07,92.556639,93.343685,91.454774,91.454774,9473336
2018-11-08,92.084411,93.343685,90.825137,92.084411,16129960
2018-11-09,91.297365,91.297365,88.621408,90.038091,14214357
2018-11-12,89.723272,90.352909,88.306589,89.880682,19115544
2018-11-13,88.149180,89.880682,87.676952,89.408454,16035157
2018-11-14,84.371358,85.630632,82.325038,85.315814,47217795
2018-11-15,84.371358,87.362134,84.213949,87.047315,32228261
2018-11-16,86.889906,88.149180,85.945451,86.889906,22003353
2018-11-19,87.204724,88.149180,86.732497,87.519543,11781160
2018-11-20,86.889906,87.834361,85.158404,85.630632,11761789
2018-11-21,82.325038,87.204724,80.278717,86.732497,38268586
2018-11-22,86.417678,86.575087,83.899130,84.371358,14939729
2018-11-23,84.371358,84.371358,82.010219,82.167629,10390567
2018-11-26,81.065764,83.426902,79.963899,82.639856,17446999
2018-11-27,82.797265,83.269493,82.010219,82.797265,6380200
2018-11-28,82.797265,83.899130,81.537992,83.741721,7451134
2018-11-29,83.269493,84.213949,82.325038,82.325038,7543135
2018-11-30,82.482447,84.056539,82.010219,82.954675,10766622
2018-12-03,85.158404,86.575087,84.213949,85.630632,17639558
2018-12-04,85.315814,87.676952,85.000995,87.204724,14910034
2018-12-05,85.788041,86.575087,85.000995,85.630632,10877451
2018-12-06,85.473223,85.788041,83.899130,83.899130,11060226
2018-12-07,84.056539,84.371358,83.112084,84.213949,6884066
2018-12-10,85.630632,86.260269,84.843586,85.945451,11650516
2018-12-11,85.788041,85.788041,84.371358,85.315814,7767407
2018-12-12,86.102860,86.260269,85.158404,85.945451,6624461
2018-12-13,85.630632,86.575087,85.158404,86.102860,12946543
2018-12-14,86.889906,87.204724,84.843586,84.843586,8970601
2018-12-17,84.371358,84.843586,82.639856,84.213949,11568121
2018-12-18,82.639856,83.899130,82.639856,83.741721,7360548
2018-12-19,82.797265,83.899130,81.065764,82.482447,16864590
2018-12-20,82.482447,82.482447,81.065764,81.537992,11511004
2018-12-21,80.908355,81.223173,80.278717,81.065764,6407150
2018-12-24,80.593536,80.750945,79.963899,80.436127,7406591
2018-12-25,79.019443,79.019443,76.658305,77.602760,17695517
2018-12-26,77.917579,78.232397,76.815714,77.130533,7585558
2018-12-27,79.334262,79.963899,76.815714,76.973123,16643606
2018-12-28,77.130533,77.602760,76.500895,77.130533,10022788
2019-01-02,77.445351,77.760170,75.871258,76.343486,11080512
2019-01-03,76.815714,77.130533,75.713849,76.500895,9457376
2019-01-04,76.500895,77.917579,75.713849,77.760170,16387048
2019-01-07,78.232397,79.019443,77.602760,78.704625,14274714
2019-01-08,78.547216,79.806490,78.547216,79.491671,11009030
2019-01-09,79.963899,81.537992,79.806490,80.278717,13407519
2019-01-10,81.537992,83.269493,80.436127,80.750945,14019200
2019-01-11,81.380582,82.167629,79.963899,82.167629,10406276
2019-01-14,81.537992,81.852810,81.223173,81.380582,4717517
2019-01-15,81.380582,82.010219,81.065764,82.010219,4874650
2019-01-16,82.010219,83.584312,81.852810,83.112084,9129953
2019-01-17,83.112084,83.112084,81.380582,81.380582,5893770
2019-01-18,82.325038,83.899130,82.010219,83.584312,13621552
2019-01-21,84.371358,84.843586,83.426902,83.899130,7799366
2019-01-22,83.899130,83.899130,81.537992,82.325038,9653889
2019-01-23,81.695401,83.426902,81.380582,83.426902,12661694
2019-01-24,83.112084,84.371358,81.537992,83.584312,17656313
2019-01-25,84.213949,84.686177,83.899130,84.528767,8880772
2019-01-28,84.843586,85.315814,83.112084,83.741721,8698014
2019-01-29,83.426902,83.426902,81.223173,82.325038,15695650
2019-01-30,82.167629,82.639856,80.436127,80.908355,11476346
2019-01-31,81.537992,82.482447,80.908355,82.482447,13816744
2019-02-01,82.167629,84.371358,81.695401,84.371358,13960831
2019-02-11,84.528767,85.630632,83.741721,85.473223,12038765
2019-02-12,85.158404,87.204724,85.158404,87.204724,11976556
2019-02-13,87.204724,88.621408,86.732497,88.149180,18131344
2019-02-14,88.463999,88.778817,87.676952,88.149180,15103988
2019-02-15,88.621408,90.825137,88.463999,88.936226,10377099
2019-02-18,90.352909,91.612184,89.251045,90.825137,13763452
2019-02-19,91.297365,93.186276,90.038091,91.612184,16302007
2019-02-20,91.454774,91.454774,88.621408,89.565863,13780622
2019-02-21,89.880682,90.825137,88.621408,88.936226,11284896
2019-02-22,88.306589,91.139956,88.306589,90.510319,12869812
2019-02-25,91.612184,95.232596,90.510319,94.760368,32230858
2019-02-26,94.760368,95.704824,93.501094,93.815913,35342186
2019-02-27,93.973322,95.075187,91.612184,92.556639,24302857
2019-02-28,93.028867,95.704824,91.927002,95.547415,28621858
2019-03-01,95.704824,96.334461,93.815913,96.019643,24365097
2019-03-04,95.704824,96.649280,94.917778,95.862233,39017769
2019-03-05,95.547415,95.547415,93.028867,94.288141,29274020
2019-03-06,93.973322,95.232596,93.815913,95.075187,27101658
2019-03-07,95.232596,95.862233,94.130731,94.917778,23455572
2019-03-08,93.343685,93.815913,88.936226,88.936226,33443998
2019-03-11,89.251045,91.297365,89.251045,90.667728,21148161
2019-03-12,91.139956,93.028867,91.139956,91.769593,26401956
2019-03-13,92.241821,92.556639,90.195500,90.667728,17363774
2019-03-14,91.297365,92.714048,89.880682,90.667728,24108749
2019-03-15,90.825137,92.871458,90.352909,91.927002,22855347
2019-03-18,91.927002,95.232596,91.927002,95.075187,41537713
2019-03-19,95.232596,96.019643,94.602959,95.547415,33056762
2019-03-20,95.075187,97.908553,94.602959,95.862233,36501854
2019-03-21,96.177052,97.436326,95.547415,96.334461,28466875
2019-03-22,96.491870,96.806689,94.445550,95.704824,21805632
2019-03-25,94.130731,95.704824,93.658504,95.390006,19502887
2019-03-26,96.177052,100.427102,94.917778,95.075187,46459231
2019-03-27,96.334461,102.630831,95.232596,100.741920,66168302
2019-03-28,99.640055,103.575287,98.538190,99.797465,37095700
2019-03-29,100.584511,102.316012,98.538190,101.371557,37468789
2019-04-01,101.056738,106.093834,100.584511,105.936425,51739246
2019-04-02,105.936425,106.566062,102.945650,103.732696,28008453
2019-04-03,104.047514,106.093834,103.890105,104.834560,23949325
2019-04-04,104.991970,104.991970,101.686375,103.575287,31707656
2019-04-08,104.204924,104.677151,101.371557,103.732696,30401861
2019-04-09,104.047514,105.779016,102.945650,103.890105,21183031
2019-04-10,103.575287,103.575287,100.899329,102.316012,18394566
2019-04-11,102.630831,103.260468,99.167828,99.167828,31476239
2019-04-12,99.482646,100.427102,98.223372,99.797465,12814474
2019-04-15,100.741920,101.843785,97.436326,97.751144,18909474
2019-04-16,97.751144,99.010418,95.390006,99.010418,25246651
2019-04-17,98.538190,99.325237,97.436326,98.065963,19212777
2019-04-18,98.065963,98.853009,96.491870,97.278916,15581727
2019-04-19,96.964098,97.908553,96.019643,97.593735,13630044
2019-04-22,98.223372,102.473422,97.908553,100.269692,48478903
2019-04-23,100.427102,101.371557,97.436326,98.065963,30312240
2019-04-24,98.065963,98.538190,96.019643,96.806689,23666982
2019-04-25,96.649280,96.649280,93.658504,93.973322,23108746
2019-04-26,91.612184,93.186276,90.510319,90.982546,22040555
2019-04-29,90.510319,91.139956,88.149180,88.463999,20044384
2019-04-30,88.149180,90.510319,87.834361,90.195500,12412359
2019-05-06,87.991771,88.463999,82.482447,83.426902,26871940
2019-05-07,84.528767,85.158404,83.112084,84.371358,15914654
2019-05-08,83.112084,84.843586,82.010219,83.584312,12742921
2019-05-09,83.426902,84.213949,81.852810,82.954675,13559056
2019-05-10,83.741721,85.000995,82.482447,85.000995,13987365
2019-05-13,84.213949,87.204724,83.741721,86.732497,19980757
2019-05-14,85.473223,86.732497,84.686177,85.630632,14501704
2019-05-15,86.417678,87.047315,85.630632,86.417678,13316485
2019-05-16,86.575087,87.991771,86.260269,87.834361,11529497
2019-05-17,87.991771,88.306589,85.158404,85.473223,12547254
2019-05-20,85.315814,87.834361,85.000995,86.889906,13974406
2019-05-21,86.417678,89.723272,86.417678,87.991771,15922471
2019-05-22,87.991771,88.621408,87.362134,87.834361,8076768
2019-05-23,87.362134,89.880682,85.315814,88.621408,21881471
2019-05-24,85.158404,89.723272,85.158404,88.306589,14420938
2019-05-27,88.306589,89.408454,87.519543,88.936226,6524736
2019-05-28,89.565863,90.195500,88.149180,90.195500,11804462
2019-05-29,88.936226,89.251045,88.149180,88.306589,7349844
2019-05-30,88.778817,92.084411,88.778817,91.769593,21435197
2019-05-31,91.139956,92.556639,90.352909,91.297365,15992749
2019-06-03,90.667728,91.297365,89.251045,89.880682,11214918
2019-06-04,89.880682,89.880682,87.362134,88.621408,10208896
2019-06-05,89.093636,89.723272,87.834361,87.991771,8365384
2019-06-06,87.204724,87.991771,85.315814,85.788041,7308448
2019-06-10,87.047315,88.778817,85.945451,87.834361,7544569
2019-06-11,88.778817,89.723272,87.519543,89.565863,13620514
2019-06-12,88.778817,89.880682,87.991771,88.149180,9265230
2019-06-13,87.834361,89.565863,87.519543,89.565863,9775625
2019-06-14,89.883472,89.883472,87.183791,87.501401,9060116
2019-06-17,87.501401,87.660205,85.436939,85.913354,9134527
2019-06-18,85.913354,86.389768,85.119330,85.595744,5949498
2019-06-19,87.183791,87.660205,85.913354,86.230963,8485725
2019-06-20,86.230963,87.819010,85.754549,87.660205,10878693
2019-06-21,88.771838,91.153909,88.454229,89.883472,19157935
2019-06-24,89.883472,90.995105,89.565862,90.359886,10358084
2019-06-25,90.677495,91.153909,88.454229,90.995105,15324090
2019-06-26,91.312714,92.424347,90.042276,90.995105,16768313
2019-06-27,91.947933,92.106738,89.407057,90.042276,15824228
2019-06-28,90.518690,90.518690,88.613034,88.930643,9448130
2019-07-01,89.724667,90.995105,89.089448,90.518690,19415843
2019-07-02,90.359886,90.359886,88.454229,89.089448,16953488
2019-07-03,87.660205,87.660205,86.389768,87.183791,18566095
2019-07-04,87.501401,87.977815,86.072158,86.548572,15058265
2019-07-05,86.548572,86.548572,85.436939,85.913354,9994598
2019-07-08,86.389768,86.389768,84.007697,84.801720,12970862
2019-07-09,84.166502,84.801720,83.690087,84.325306,8561000
2019-07-10,84.484111,84.960525,83.531283,83.848892,7005248
2019-07-11,84.801720,86.389768,84.801720,85.278135,12530562
2019-07-12,84.960525,85.754549,84.166502,85.119330,6320700
2019-07-15,85.119330,85.913354,83.690087,85.595744,8886291
2019-07-16,85.595744,86.072158,84.960525,85.913354,7125838
2019-07-17,85.436939,86.389768,84.801720,85.436939,8374469
2019-07-18,84.960525,85.278135,84.166502,84.484111,4685141
2019-07-19,84.801720,86.072158,84.484111,85.436939,8900122
2019-07-22,85.436939,85.754549,84.166502,84.166502,7921518
2019-07-23,84.007697,84.801720,83.690087,84.166502,7216468
2019-07-24,85.119330,86.072158,84.642916,85.436939,7506387
2019-07-25,85.119330,85.278135,84.325306,84.801720,4908698
2019-07-26,84.642916,85.278135,84.166502,84.960525,5565488
2019-07-29,85.436939,85.754549,84.484111,85.754549,6228062
2019-07-30,85.436939,85.913354,85.119330,85.436939,6173793
2019-07-31,85.754549,86.230963,84.960525,85.754549,8774305
2019-08-01,85.436939,85.754549,84.642916,84.642916,6692144
2019-08-02,83.213673,83.848892,82.419650,82.896064,9330371
2019-08-05,82.737259,83.690087,82.419650,82.419650,8179598
2019-08-06,81.943236,82.102040,79.561165,80.990407,10833593
2019-08-07,81.149212,82.102040,80.672798,80.990407,6432445
2019-08-08,81.149212,82.102040,81.149212,81.784431,4359911
2019-08-09,82.260845,82.260845,81.466821,81.784431,4712335
2019-08-12,82.102040,84.960525,81.466821,84.801720,13440077
2019-08-13,84.007697,85.595744,83.848892,85.119330,9154994
2019-08-14,85.913354,86.389768,85.119330,85.436939,6161965
2019-08-15,84.325306,85.278135,83.848892,84.801720,6631694
2019-08-16,85.595744,85.754549,84.484111,84.642916,4022431
2019-08-19,85.436939,86.072158,84.960525,85.754549,8785388
2019-08-20,84.801720,84.801720,83.531283,84.166502,14322218
2019-08-21,83.848892,83.848892,81.943236,81.943236,10624663
2019-08-22,82.737259,83.213673,81.308017,82.419650,14770120
2019-08-23,82.260845,83.213673,81.784431,82.896064,10399813
2019-08-26,81.784431,82.896064,81.308017,81.943236,6699360
2019-08-27,82.260845,83.213673,81.943236,81.943236,11112181
2019-08-28,82.419650,82.737259,81.466821,82.578454,9480246
2019-08-29,82.578454,84.642916,81.784431,84.007697,17446387
2019-08-30,83.690087,85.119330,83.372478,84.801720,15752791
2019-09-02,84.484111,85.913354,83.848892,85.119330,14316084
2019-09-03,85.278135,85.436939,84.007697,84.166502,9223229
2019-09-04,84.007697,85.436939,83.848892,85.278135,9876172
2019-09-05,85.913354,86.230963,85.278135,85.754549,11420676
2019-09-06,85.913354,87.024987,85.595744,85.913354,9646367
2019-09-09,87.342596,87.342596,86.072158,86.866182,8745688
2019-09-10,86.866182,87.819010,86.707377,87.660205,10212464
2019-09-11,87.819010,87.977815,85.754549,86.072158,10346975
2019-09-12,86.230963,86.389768,85.278135,86.230963,7592761
2019-09-16,90.518690,91.312714,88.295424,90.995105,47116996
2019-09-17,91.471519,91.630323,88.771838,89.724667,22749484
2019-09-18,87.977815,87.977815,86.389768,87.024987,18442217
2019-09-19,86.707377,87.024987,86.230963,86.866182,8604370
2019-09-20,87.024987,88.930643,86.389768,88.454229,13020795
2019-09-23,88.454229,91.312714,87.819010,90.836300,16847004
2019-09-24,89.883472,91.153909,88.930643,89.248253,8963455
2019-09-25,88.613034,88.771838,86.389768,87.183791,9967900
2019-09-26,86.707377,87.024987,84.801720,86.072158,8397328
2019-09-27,85.436939,86.230963,85.278135,85.913354,5499094
2019-09-30,86.389768,86.866182,85.595744,85.595744,4554647
2019-10-08,87.024987,87.342596,86.072158,86.866182,6143986
2019-10-09,86.230963,87.024987,85.595744,86.866182,3767895
2019-10-10,86.548572,90.836300,86.548572,90.677495,23148876
2019-10-11,90.677495,94.171199,89.724667,93.694785,22750077
2019-10-14,93.218371,95.124027,93.059566,94.330004,18781362
2019-10-15,94.012394,95.600441,93.694785,94.965223,14229377
2019-10-16,94.965223,94.965223,93.694785,94.171199,8493682
2019-10-17,95.282832,96.235660,94.012394,94.330004,11522014
2019-10-18,94.647613,95.441637,92.265542,93.059566,10934714
2019-10-21,93.059566,94.330004,91.947933,92.583152,10248254
2019-10-22,92.900761,93.535980,91.312714,91.630323,8773316
2019-10-23,91.947933,92.106738,89.724667,89.724667,11556863
2019-10-24,90.518690,90.677495,88.613034,89.089448,8772556
2019-10-25,89.407057,89.724667,88.136620,89.565862,13346004
2019-10-28,89.407057,90.359886,88.930643,89.565862,11870339
2019-10-29,89.407057,90.995105,87.977815,90.359886,14255400
2019-10-30,89.883472,95.600441,89.089448,93.535980,26292465
2019-10-31,93.694785,96.553270,93.218371,95.759246,21302940
2019-11-01,95.282832,97.506098,94.806418,97.029684,16779187
2019-11-04,97.506098,98.458926,97.029684,97.664903,13056278
2019-11-05,98.141317,100.364583,97.188489,99.252950,17149878
2019-11-06,98.935341,101.158607,98.776536,99.411755,14005067
2019-11-07,99.252950,100.999802,97.823708,100.523388,14650798
2019-11-08,101.317411,101.476216,98.458926,99.888169,14072448
2019-11-11,98.935341,101.317411,97.982512,98.776536,13700773
2019-11-12,98.776536,99.729364,96.712074,99.252950,15585493
2019-11-13,98.300122,100.364583,98.141317,98.935341,8869292
2019-11-14,99.729364,100.364583,96.870879,98.141317,13478700
2019-11-15,97.664903,97.982512,95.759246,96.076856,9492801
2019-11-18,95.918051,101.317411,95.918051,99.729364,13735358
2019-11-19,99.570559,99.570559,97.664903,99.094145,10725775
2019-11-20,97.664903,100.205778,96.870879,98.935341,12416621
2019-11-21,98.935341,100.046974,97.188489,97.982512,7747703
2019-11-22,98.776536,105.605139,98.458926,104.652310,39754255
2019-11-25,104.493506,105.922748,103.064263,105.446334,23535850
2019-11-26,105.446334,107.669600,103.858287,105.287529,26349109
2019-11-27,106.081553,110.845695,105.922748,109.575257,27065630
2019-11-28,110.051671,111.322109,108.622428,109.416452,20620398
2019-11-29,110.369280,111.798523,109.416452,110.845695,24682781
2019-12-02,109.575257,111.480913,108.940038,110.686890,13219633
2019-12-03,110.369280,113.068961,109.892866,111.798523,17941787
2019-12-04,111.798523,112.592546,111.004499,111.639718,10430732
2019-12-05,113.386570,115.927446,108.940038,110.051671,29138274
2019-12-06,110.528085,110.845695,107.510795,110.528085,23784524
2019-12-09,109.892866,110.528085,106.081553,106.716772,22107669
2019-12-10,107.193186,107.987210,105.922748,107.193186,28437099
2019-12-11,107.193186,108.940038,106.081553,107.034381,23761695
2019-12-12,107.034381,107.669600,105.605139,106.716772,17612639
2019-12-13,107.510795,107.828405,106.399162,106.557967,23095015
2019-12-16,106.557967,107.193186,104.969920,107.034381,24076902
2019-12-17,107.193186,107.828405,105.922748,107.669600,25374850
2019-12-18,107.828405,110.051671,104.811115,105.922748,42633696
2019-12-19,105.128725,105.763944,102.429044,104.334701,28018391
2019-12-20,104.493506,106.081553,103.223068,104.017092,18502686
2019-12-23,103.699482,104.969920,102.111435,103.064263,15918090
2019-12-24,103.540677,106.716772,102.587849,106.399162,19041677
2019-12-25,106.240358,110.051671,106.240358,110.051671,24962873
2019-12-26,109.416452,111.004499,108.940038,109.575257,10943050
2019-12-27,110.369280,110.369280,107.987210,108.146014,16598944
2019-12-30,108.304819,114.021789,107.828405,114.021789,29396820
2019-12-31,113.862984,118.309516,112.910156,117.197883,31482457
2020-01-02,118.785931,123.232463,118.309516,121.962025,35642333
2020-01-03,122.120830,123.391267,120.056368,121.962025,21890119
2020-01-06,123.232463,128.790628,123.232463,127.202581,46763450
2020-01-07,125.455729,125.455729,122.597244,124.820510,17179322
2020-01-08,129.108237,130.219870,124.344096,125.296924,23938251
2020-01-09,122.279634,128.631823,119.421149,124.661705,40257099
2020-01-10,124.661705,125.932143,122.756049,123.391267,17726845
2020-01-13,121.485611,124.661705,121.485611,123.073658,16694099
2020-01-14,122.756049,127.520190,122.597244,123.867682,22556444
2020-01-15,124.661705,126.249752,122.756049,124.979315,12604727
2020-01-16,124.661705,127.361385,123.073658,123.708877,21383478
2020-01-17,124.185291,126.249752,123.391267,125.138119,11112088
2020-01-20,126.090948,126.567362,122.756049,123.867682,10086151
2020-01-21,123.391267,124.979315,121.009197,123.073658,11184108
2020-01-22,122.914853,123.708877,118.468321,123.232463,14962138
2020-01-23,122.279634,122.756049,113.704180,114.180594,24970172
2020-02-03,102.746654,106.240358,102.746654,102.746654,27971471
2020-02-04,97.823708,109.098843,97.823708,107.193186,36093339
2020-02-05,107.193186,110.051671,104.175896,105.446334,20324664
2020-02-06,106.399162,108.463624,105.446334,107.351991,17184774
2020-02-07,106.716772,106.875577,104.334701,105.763944,17206554
2020-02-10,104.969920,110.210476,104.175896,107.987210,24559650
2020-02-11,107.828405,109.098843,106.716772,107.669600,13333349
2020-02-12,107.669600,112.751351,107.034381,111.322109,18400120
2020-02-13,112.433742,113.227765,110.369280,110.845695,14126202
2020-02-14,110.528085,111.004499,107.193186,108.304819,18996181
2020-02-17,108.781233,111.798523,108.304819,111.163304,19047896
2020-02-18,111.480913,111.639718,107.669600,109.892866,19218280
2020-02-19,109.575257,109.892866,105.287529,106.399162,28164067
2020-02-20,107.193186,112.274937,106.875577,111.480913,38722304
2020-02-21,111.957328,111.957328,109.257647,110.210476,29866677
2020-02-24,107.034381,108.622428,106.399162,107.034381,24644850
2020-02-25,104.652310,104.652310,100.046974,103.381873,40372158
2020-02-26,101.952630,101.952630,99.570559,100.205778,35881621
2020-02-27,99.570559,100.682192,97.664903,98.300122,36485538
2020-02-28,95.124027,96.076856,91.471519,92.265542,43112209
2020-03-02,93.218371,96.553270,92.900761,94.965223,28568493
2020-03-03,97.506098,99.094145,95.600441,96.394465,26122340
2020-03-04,96.870879,97.188489,94.171199,95.282832,14650688
2020-03-05,96.394465,98.935341,95.600441,97.982512,23121797
2020-03-06,96.553270,98.776536,95.600441,97.823708,17866211
2020-03-09,90.995105,92.106738,89.089448,90.995105,49142069
2020-03-10,88.930643,91.153909,87.183791,90.518690,37229824
2020-03-11,91.153909,93.377175,88.930643,89.248253,32971887
2020-03-12,87.501401,87.977815,84.325306,85.436939,28740450
2020-03-13,81.149212,84.484111,79.719969,83.690087,35379888
2020-03-16,84.007697,84.166502,79.719969,80.037579,28962470
2020-03-17,80.037579,82.419650,79.878774,81.625626,27547065
2020-03-18,82.260845,82.260845,79.561165,79.719969,25648092
2020-03-19,79.402360,81.149212,77.496703,79.084751,34250957
2020-03-20,80.355188,80.990407,78.290727,79.402360,26466297
2020-03-23,77.814313,77.814313,74.320609,74.797023,36015883
2020-03-24,76.067461,81.625626,75.908656,80.037579,59585831
2020-03-25,82.102040,83.054869,81.308017,82.419650,34042545
2020-03-26,81.308017,81.784431,79.243555,79.561165,31864300
2020-03-27,80.672798,80.831602,77.814313,78.290727,27166680
2020-03-30,77.020289,77.179094,74.479414,75.432242,34527667
2020-03-31,76.067461,79.084751,75.749851,77.655508,25978826
2020-04-01,76.702680,78.449532,76.543875,77.179094,27232697
2020-04-02,77.655508,84.166502,77.496703,84.166502,55816190
2020-04-03,84.642916,84.960525,81.784431,83.213673,42571599
2020-04-07,83.848892,86.230963,83.054869,85.278135,50192615
2020-04-08,84.325306,86.389768,83.531283,85.595744,32441089
2020-04-09,86.389768,87.183791,85.119330,85.913354,19864016
2020-04-10,84.642916,84.642916,83.054869,83.531283,19763708
2020-04-13,84.325306,84.801720,82.737259,82.896064,13847496
2020-04-14,83.848892,86.548572,82.896064,86.230963,26789838
2020-04-15,85.278135,87.183791,84.642916,86.230963,20505592
2020-04-16,84.960525,85.913354,83.531283,83.848892,20090186
2020-04-17,84.642916,86.548572,84.325306,84.642916,16930944
2020-04-20,83.690087,84.801720,82.737259,83.531283,28695102
2020-04-21,82.737259,84.166502,81.784431,82.737259,23274298
2020-04-22,81.784431,81.784431,77.179094,78.925946,52444183
2020-04-23,79.561165,86.866182,79.561165,86.866182,77620290
2020-04-24,87.342596,87.660205,79.084751,79.719969,97716139
2020-04-27,78.290727,78.925946,76.861484,77.179094,62795771
2020-04-28,76.543875,76.702680,73.526585,75.591047,46707936
2020-04-29,76.861484,77.179094,75.432242,76.385070,22266636
2020-04-30,77.496703,79.878774,77.179094,78.608336,29866028
2020-05-06,80.037579,80.037579,77.337899,79.243555,42256640
2020-05-07,79.719969,80.037579,77.496703,77.973118,27136398
2020-05-08,78.608336,80.672798,77.973118,80.037579,34010851
2020-05-11,79.719969,82.102040,79.402360,80.355188,28678821
2020-05-12,80.355188,80.831602,78.290727,79.402360,24374225
2020-05-13,79.084751,79.084751,77.814313,78.131922,25289844
2020-05-14,77.814313,79.243555,77.179094,78.449532,20730181
2020-05-15,78.925946,80.831602,78.608336,79.561165,27114403
2020-05-18,80.513993,80.831602,78.131922,78.131922,26421960
2020-05-19,79.561165,81.625626,79.084751,80.513993,37660263
2020-05-20,80.196384,80.196384,78.131922,78.290727,26082379
2020-05-21,78.925946,78.925946,77.179094,77.337899,19515554
2020-05-22,77.337899,77.496703,75.749851,75.908656,20818986
2020-05-25,76.067461,76.385070,73.050171,73.208976,37101887
2020-05-26,73.526585,74.320609,73.050171,74.320609,19075725
2020-05-27,74.161804,74.320609,73.050171,73.050171,16575126
2020-05-28,73.208976,73.844195,72.573757,73.367781,13112547
2020-05-29,73.050171,73.367781,72.414952,72.732562,10854274
2020-06-01,72.891366,74.320609,72.891366,74.161804,18867931
2020-06-02,74.638218,74.955828,73.844195,74.955828,17008029
2020-06-03,75.273437,78.131922,75.114633,75.591047,38418965
2020-06-04,75.432242,75.432242,74.320609,74.479414,17314515
2020-06-05,74.638218,74.955828,73.844195,74.797023,13409353
2020-06-08,75.749851,78.290727,75.749851,77.337899,37952053
2020-06-09,77.337899,77.496703,75.432242,76.226266,20728635
2020-06-10,75.749851,75.749851,74.955828,75.114633,14362399
2020-06-11,75.432242,75.432242,73.526585,74.003000,22622060
2020-06-12,72.555117,74.163877,72.555117,74.163877,20021209
2020-06-15,73.359497,73.842125,73.037745,73.198621,20167805
2020-06-16,73.681249,74.163877,73.359497,73.842125,13251353
2020-06-17,74.003001,74.485630,73.198621,73.842125,15209166
2020-06-18,73.520373,75.129134,73.359497,74.807382,13541987
2020-06-19,74.807382,75.129134,74.324754,74.646506,12670173
2020-06-22,74.646506,75.450886,74.324754,74.807382,13896371
2020-06-23,74.807382,74.807382,73.842125,73.842125,11714196
2020-06-24,74.003001,74.324754,73.681249,74.003001,6273058
2020-06-29,73.681249,73.842125,72.715993,72.876869,13143614
2020-06-30,73.520373,73.681249,73.037745,73.198621,10373307
2020-07-01,73.198621,73.520373,72.394240,73.520373,17779080
2020-07-02,73.037745,75.290010,73.037745,75.290010,27363842
2020-07-03,75.611762,77.864028,75.450886,76.416143,33424295
2020-07-06,76.898771,80.759797,76.898771,80.116293,61912622
2020-07-07,82.046806,82.690310,79.311912,79.472788,57178918
2020-07-08,79.311912,81.242425,78.668408,81.081549,51086940
2020-07-09,80.920673,84.942576,80.759797,83.816443,56831988
2020-07-10,83.012062,83.012062,79.955417,80.438045,51367402
2020-07-13,80.116293,82.368558,80.116293,81.885930,35146463
2020-07-14,81.403302,82.851186,80.920673,82.207682,41712512
2020-07-15,82.851186,83.172939,80.116293,80.438045,32487724
2020-07-16,80.598921,80.759797,77.381399,77.542275,38337496
2020-07-17,77.864028,78.507532,75.290010,75.772638,34151921
2020-07-20,75.772638,78.507532,75.772638,78.346656,32298030
2020-07-21,78.346656,78.829284,77.381399,77.864028,21610371
2020-07-22,78.668408,82.690310,78.507532,82.046806,77987153
2020-07-23,80.920673,81.403302,78.185780,79.633665,50513003
2020-07-24,79.151036,80.598921,76.898771,77.220523,33455660
2020-07-27,77.703151,78.346656,76.094391,76.737895,20463277
2020-07-28,77.059647,77.703151,75.933514,76.416143,21882001
2020-07-29,76.094391,77.220523,75.450886,77.059647,20703045
2020-07-30,77.220523,78.024904,76.416143,76.737895,25239060
2020-07-31,76.255267,77.864028,75.772638,77.381399,32762789
2020-08-03,77.059647,78.507532,77.059647,78.507532,33298240
2020-08-04,78.668408,78.990160,77.542275,78.990160,31101171
2020-08-05,78.829284,81.081549,77.381399,79.794541,53340506
2020-08-06,79.472788,80.438045,78.185780,79.151036,39284717
2020-08-07,78.668408,78.668408,77.220523,77.703151,29168561
2020-08-10,77.381399,79.311912,77.059647,78.668408,25043609
2020-08-11,79.151036,79.955417,77.542275,77.864028,29476864
2020-08-12,77.703151,78.346656,76.898771,78.346656,24223191
2020-08-13,78.507532,79.794541,78.346656,79.151036,30715626
2020-08-14,79.151036,79.472788,78.024904,78.990160,20880943
2020-08-17,79.472788,80.277169,78.829284,79.955417,35753270
2020-08-18,80.277169,81.885930,80.116293,80.438045,49599298
2020-08-19,80.438045,80.759797,79.472788,79.955417,29829215
2020-08-20,79.955417,79.955417,78.990160,79.151036,25903324
2020-08-21,79.311912,79.794541,78.507532,78.990160,19385344
2020-08-24,78.829284,80.759797,78.346656,80.598921,36530996
2020-08-25,80.438045,80.920673,79.151036,79.633665,30191847
2020-08-26,79.633665,81.403302,79.311912,81.403302,53750083
2020-08-27,81.081549,82.046806,79.955417,80.438045,43441101
2020-08-28,80.277169,80.277169,78.346656,79.633665,42178642
2020-08-31,79.633665,79.955417,79.151036,79.151036,28728168
2020-09-01,78.990160,79.151036,77.703151,78.346656,43536507
2020-09-02,78.024904,78.507532,77.220523,78.024904,29043381
2020-09-03,78.024904,78.346656,77.220523,77.542275,24906790
2020-09-04,76.577019,77.220523,76.094391,76.898771,21548925
2020-09-07,76.577019,77.220523,75.611762,75.933514,25754206
2020-09-08,76.094391,76.737895,75.450886,76.577019,25358663
2020-09-09,75.611762,76.898771,75.290010,76.416143,27392035
2020-09-10,76.737895,76.898771,74.163877,74.324754,36438675
2020-09-11,73.842125,74.646506,73.520373,74.163877,16354488
2020-09-14,74.324754,74.646506,74.003001,74.485630,13638956
2020-09-15,74.485630,75.129134,74.163877,74.646506,12383750
2020-09-16,74.485630,75.611762,74.324754,74.968258,15394762
2020-09-17,74.968258,75.450886,74.003001,74.485630,15461799
2020-09-18,74.324754,75.450886,74.163877,75.290010,17196804
2020-09-21,75.129134,76.255267,74.807382,75.450886,15440052
2020-09-22,74.968258,75.129134,74.003001,74.163877,15584233
2020-09-23,74.163877,74.646506,73.842125,74.003001,11347039
2020-09-24,73.520373,73.681249,72.876869,72.876869,17510272
2020-09-25,72.876869,73.198621,72.555117,72.715993,10032264
2020-09-28,72.876869,73.681249,72.715993,73.037745,9269635
2020-09-29,73.037745,73.198621,72.715993,72.876869,7878872
2020-09-30,72.876869,73.037745,72.394240,72.555117,10342761
2020-10-09,73.198621,73.842125,73.037745,73.359497,11272397
2020-10-12,73.681249,74.968258,73.359497,74.807382,22301182
2020-10-13,74.646506,74.646506,74.003001,74.324754,8900760
2020-10-14,74.163877,74.324754,73.681249,74.163877,9405399
2020-10-15,74.003001,74.163877,73.037745,73.037745,13683481
2020-10-16,73.198621,73.359497,72.555117,72.876869,16849002
2020-10-19,72.715993,73.198621,72.233364,72.394240,22686372
2020-10-20,72.233364,72.233364,71.428984,71.911612,14772595
2020-10-21,71.911612,72.233364,70.946356,71.750736,18883547
2020-10-22,71.589860,71.750736,71.107232,71.428984,8779742
2020-10-23,71.428984,71.589860,71.107232,71.268108,12503849
2020-10-26,71.107232,71.107232,70.463727,70.624604,12573078
2020-10-27,70.302851,70.463727,69.820223,69.981099,10645101
2020-10-28,69.981099,70.141975,69.176719,69.337595,8942156
2020-10-29,68.533214,69.176719,67.889710,68.854967,12752747
2020-10-30,69.176719,69.498471,67.407082,68.050586,18010673
2020-11-02,67.889710,68.211462,66.602701,66.763577,16870636
2020-11-03,67.246206,69.659347,67.085330,69.176719,20992934
2020-11-04,70.624604,70.624604,68.694090,69.176719,11793328
2020-11-05,69.498471,70.141975,69.176719,69.981099,10541198
2020-11-06,69.659347,69.981099,69.176719,69.659347,10597861
2020-11-09,69.659347,71.428984,69.659347,70.946356,15935703
2020-11-10,72.715993,74.324754,72.394240,72.876869,36847335
2020-11-11,73.037745,73.037745,71.589860,72.394240,15663504
2020-11-12,72.394240,72.715993,71.911612,72.233364,11702693
2020-11-13,72.072488,72.233364,70.302851,70.785480,13458108
2020-11-16,70.946356,73.198621,70.946356,73.198621,19105942
2020-11-17,73.681249,74.968258,72.876869,74.324754,23851580
2020-11-18,73.681249,74.807382,73.359497,74.003001,14752514
2020-11-19,73.842125,74.324754,72.876869,73.681249,12855229
2020-11-20,73.842125,75.450886,73.520373,74.807382,20000752
2020-11-23,75.290010,76.898771,74.807382,76.416143,35452917
2020-11-24,76.898771,78.185780,75.450886,77.703151,38245209
2020-11-25,80.598921,81.725054,77.864028,77.864028,73890947
2020-11-26,77.381399,78.668408,76.094391,76.737895,31185766
2020-11-27,76.255267,77.542275,75.772638,76.898771,18620562
2020-11-30,76.737895,77.703151,74.968258,75.129134,33454669
2020-12-01,74.968258,76.255267,74.003001,75.772638,28793305
2020-12-02,76.094391,76.094391,74.807382,74.968258,20641000
2020-12-03,75.450886,77.059647,74.968258,75.611762,32258458
2020-12-04,75.129134,75.611762,74.003001,74.968258,22032910
2020-12-07,74.807382,74.968258,73.359497,73.681249,14917139
2020-12-08,73.198621,73.681249,72.876869,73.198621,9468826
2020-12-09,73.359497,73.359497,71.268108,71.589860,17673389
2020-12-10,71.911612,72.394240,70.946356,71.107232,16738447
2020-12-11,71.911612,72.876869,70.463727,71.589860,30237482
2020-12-14,71.107232,71.268108,68.533214,69.337595,29948465
2020-12-15,69.176719,69.176719,68.050586,68.211462,18546908
2020-12-16,69.015843,69.015843,68.050586,68.694090,26055010
2020-12-17,68.694090,71.589860,68.372338,71.428984,28702403
2020-12-18,71.428984,72.715993,71.268108,72.072488,22561942
2020-12-21,71.750736,72.394240,70.463727,70.785480,22988318
2020-12-22,70.624604,70.946356,68.854967,68.854967,18136234
2020-12-23,68.533214,70.785480,68.533214,70.463727,17885123
2020-12-24,70.785480,71.589860,70.302851,71.428984,14230273
2020-12-25,70.624604,71.268108,70.302851,70.946356,11026099
2020-12-28,70.624604,71.107232,69.498471,69.659347,11547013
2020-12-29,69.981099,71.107232,69.820223,70.785480,10746268
2020-12-30,70.624604,71.428984,69.820223,70.302851,18814644
2020-12-31,69.981099,72.876869,69.659347,72.233364,25353705
2021-01-04,72.233364,73.842125,71.107232,73.359497,29647761
2021-01-05,72.394240,72.715993,71.268108,71.911612,21109944
2021-01-06,72.876869,74.324754,72.072488,72.715993,31247275
2021-01-07,72.876869,73.842125,71.589860,72.555117,27802500
2021-01-08,72.233364,73.037745,71.589860,72.233364,19256404
2021-01-11,72.394240,72.876869,70.946356,71.107232,23711362
2021-01-12,70.785480,72.555117,70.785480,71.911612,16953189
2021-01-13,72.555117,76.255267,72.233364,75.772638,55020428
2021-01-14,74.968258,75.290010,73.359497,74.003001,29653887
2021-01-15,74.324754,75.933514,73.842125,74.324754,20338427
2021-01-18,73.520373,74.003001,72.394240,73.520373,16621501
2021-01-19,73.359497,74.485630,73.198621,73.198621,16506182
2021-01-20,73.842125,74.485630,73.198621,73.842125,18046374
2021-01-21,73.359497,73.842125,72.876869,73.359497,14760883
2021-01-22,73.037745,73.198621,70.141975,70.785480,30363812
2021-01-25,69.981099,71.107232,69.820223,70.785480,15517390
2021-01-26,71.107232,71.268108,69.176719,69.820223,13573245
2021-01-27,69.820223,70.302851,69.015843,69.337595,11628098
2021-01-28,68.854967,69.498471,68.533214,69.176719,12484556
2021-01-29,69.015843,69.498471,67.889710,68.050586,14003265
2021-02-01,67.889710,68.533214,67.567958,68.211462,12398323
2021-02-02,68.372338,69.498471,67.567958,68.211462,18619283
2021-02-03,68.372338,69.820223,68.211462,68.854967,14612320
2021-02-04,69.015843,75.772638,68.533214,75.772638,68820703
2021-02-05,75.772638,79.633665,72.876869,73.842125,94915565
2021-02-08,75.290010,77.703151,73.037745,76.737895,56823390
2021-02-09,76.255267,78.990160,74.807382,78.346656,57813956
2021-02-10,77.220523,79.151036,75.933514,77.220523,46648219
2021-02-18,82.368558,83.333815,79.472788,80.438045,94981002
2021-02-19,79.633665,82.207682,78.829284,80.920673,73434884
2021-02-22,81.081549,84.781699,80.438045,81.725054,78669018
2021-02-23,83.655567,84.459947,81.242425,83.012062,61343065
2021-02-24,83.333815,83.333815,79.151036,80.116293,57348508
2021-02-25,82.207682,83.333815,79.955417,80.598921,52907208
2021-02-26,78.185780,80.277169,77.542275,78.829284,49483385
2021-03-01,79.633665,80.116293,77.703151,79.151036,27745688
2021-03-02,78.507532,79.311912,76.416143,76.737895,41620916
2021-03-03,76.255267,78.185780,76.255267,78.024904,26587804
2021-03-04,78.024904,80.920673,77.703151,78.507532,50376229
2021-03-05,80.116293,81.403302,78.024904,78.990160,40860923
2021-03-08,81.242425,81.725054,79.311912,79.472788,54466695
2021-03-09,78.185780,79.151036,75.611762,77.542275,46724919
2021-03-10,76.737895,77.059647,74.324754,74.968258,33620360
2021-03-11,75.450886,78.185780,75.129134,77.864028,33646852
2021-03-12,77.864028,80.438045,77.381399,79.794541,28645669
2021-03-15,79.472788,80.920673,79.151036,80.116293,20644153
2021-03-16,79.794541,79.794541,77.220523,78.185780,31963229
2021-03-17,78.024904,78.507532,76.737895,77.864028,21047399
2021-03-18,77.703151,79.633665,77.059647,78.990160,26622136
2021-03-19,76.737895,79.151036,75.772638,77.059647,26825135
2021-03-22,77.381399,77.864028,76.577019,77.542275,24291981
2021-03-23,78.829284,78.990160,74.163877,74.324754,55842142
2021-03-24,73.520373,74.163877,71.750736,72.233364,44508011
2021-03-25,72.555117,73.359497,71.428984,71.589860,27864945
2021-03-26,71.268108,71.750736,70.624604,71.107232,38411131
2021-03-29,71.589860,72.072488,70.463727,71.750736,45623047
2021-03-30,71.750736,72.715993,71.268108,71.911612,38694275
2021-03-31,72.233364,73.842125,71.911612,72.876869,41312556
2021-04-01,72.233364,72.233364,71.107232,71.750736,28104811
2021-04-02,71.750736,72.072488,71.107232,71.428984,19867282
2021-04-06,70.946356,71.428984,70.785480,71.428984,15928836
2021-04-07,71.428984,71.589860,71.107232,71.589860,22298244
2021-04-08,71.589860,71.589860,70.785480,70.946356,19189145
2021-04-09,71.107232,71.268108,70.463727,70.785480,19926740
2021-04-12,70.785480,70.946356,70.302851,70.463727,18363891
2021-04-13,70.624604,70.785480,69.498471,69.498471,20489760
2021-04-14,69.659347,70.463727,69.498471,70.141975,15144035
2021-04-15,70.463727,70.785480,69.820223,70.463727,16164583
2021-04-16,70.463727,71.750736,69.981099,71.589860,22829464
2021-04-19,71.428984,71.589860,71.107232,71.428984,16956500
2021-04-20,71.268108,71.428984,70.946356,71.107232,13985554
2021-04-21,70.785480,70.785480,69.820223,70.141975,18731536
2021-04-22,70.141975,70.624604,69.659347,69.820223,13418268
2021-04-23,69.820223,69.820223,69.176719,69.337595,13126265
2021-04-26,69.659347,69.981099,69.337595,69.820223,11058729
2021-04-27,69.498471,69.981099,69.176719,69.498471,8902744
2021-04-28,69.659347,70.141975,69.498471,69.981099,14432121
2021-04-29,69.981099,70.302851,69.498471,69.981099,13761692
2021-04-30,70.463727,70.463727,69.659347,69.981099,17843537
2021-05-06,70.624604,71.911612,70.302851,71.589860,32528837
2021-05-07,71.428984,72.394240,70.946356,71.911612,28347695
2021-05-10,72.555117,74.163877,72.233364,74.003001,40987761
2021-05-11,72.876869,73.198621,71.589860,72.555117,27010208
2021-05-12,72.072488,73.681249,72.072488,73.037745,17564127
2021-05-13,72.876869,73.681249,72.072488,72.233364,20422161
2021-05-14,72.072488,72.394240,71.589860,72.394240,17935647
2021-05-17,72.715993,72.715993,71.589860,72.233364,16830482
2021-05-18,72.394240,73.681249,72.072488,73.520373,32559146
2021-05-19,72.876869,73.037745,71.750736,71.911612,19135301
2021-05-20,71.107232,71.268108,70.302851,70.946356,20599196
2021-05-21,71.107232,71.589860,70.785480,71.107232,13472210
2021-05-24,71.268108,71.589860,70.946356,71.107232,13088401
2021-05-25,71.268108,71.750736,71.107232,71.589860,13644109
2021-05-26,71.750736,71.911612,71.268108,71.911612,14725706
2021-05-27,71.589860,72.072488,71.589860,71.750736,13131935
2021-05-28,72.233364,72.555117,70.946356,71.107232,15208234
2021-05-31,71.268108,71.428984,70.463727,70.785480,12733268
2021-06-01,70.785480,71.911612,70.463727,71.911612,19864478
2021-06-02,72.394240,72.876869,71.911612,72.555117,33383753
2021-06-03,73.037745,73.359497,72.072488,72.233364,23506309
2021-06-04,71.911612,72.233364,71.428984,71.911612,15213672
2021-06-07,72.233364,72.876869,71.750736,71.911612,13859433
2021-06-08,71.911612,71.911612,71.107232,71.428984,15757880
2021-06-09,71.589860,73.359497,71.589860,73.037745,35588359
2021-06-10,72.555117,73.037745,72.394240,73.037745,24621219
2021-06-11,73.037745,74.807382,73.037745,74.324754,47767819
2021-06-15,74.814804,75.141506,73.017942,73.181293,33378159
2021-06-16,73.998048,76.284964,73.671346,75.304857,47723094
2021-06-17,74.161399,74.488102,73.507995,74.161399,24954806
2021-06-18,73.671346,73.671346,72.037835,72.691239,26254430
2021-06-21,72.527888,72.691239,72.037835,72.527888,13047511
2021-06-22,73.344644,75.304857,73.181293,74.651453,40851292
2021-06-23,74.488102,75.468208,73.998048,74.488102,20057656
2021-06-24,74.488102,75.631559,73.998048,74.814804,24010726
2021-06-25,75.468208,75.958262,74.978155,75.468208,27637761
2021-06-28,75.958262,75.958262,74.488102,74.651453,16853255
2021-06-29,74.161399,74.651453,73.344644,73.507995,18106091
2021-06-30,73.507995,74.978155,73.181293,73.507995,16302388
2021-07-01,73.671346,74.324750,72.854591,73.181293,11946355
2021-07-02,74.161399,74.651453,73.017942,73.181293,18180545
2021-07-05,73.017942,73.671346,72.527888,73.181293,18339462
2021-07-06,73.834697,74.488102,73.017942,73.834697,17607653
2021-07-07,72.691239,73.344644,72.527888,73.181293,16507998
2021-07-08,73.017942,73.017942,71.711133,71.874484,20990200
2021-07-09,71.874484,72.037835,71.221080,71.874484,16434229
2021-07-12,72.201186,72.691239,71.547782,72.201186,21660128
2021-07-13,72.364537,72.527888,71.384431,72.364537,18942132
2021-07-14,72.364537,72.364537,71.384431,71.384431,16661334
2021-07-15,71.057728,71.221080,70.077622,70.731026,21376159
2021-07-16,70.567675,70.731026,70.240973,70.404324,17598004
2021-07-19,70.404324,70.404324,69.424217,69.587569,15297239
2021-07-20,68.770813,69.260866,68.444111,69.097515,25534273
2021-07-21,69.097515,69.424217,68.607462,68.607462,17852454
2021-07-22,69.260866,70.077622,68.934164,69.587569,20198829
2021-07-23,69.587569,69.750920,68.770813,69.097515,14537586
2021-07-26,69.097515,69.260866,67.790706,67.954058,19429977
2021-07-27,67.954058,69.260866,67.464004,67.790706,18501443
2021-07-28,67.627355,67.790706,66.647249,66.810600,20095693
2021-07-29,66.973951,67.464004,66.647249,67.300653,10546369
2021-07-30,67.137302,67.790706,66.647249,67.300653,12919509
2021-08-02,67.300653,67.954058,66.647249,67.790706,16233346
2021-08-03,67.464004,68.117409,67.300653,67.790706,9952500
2021-08-04,67.954058,68.444111,67.627355,68.280760,10795532
2021-08-05,67.790706,68.280760,67.464004,67.464004,9547552
2021-08-06,67.464004,67.954058,67.137302,67.790706,9287535
2021-08-09,67.464004,68.444111,67.464004,68.117409,11275958
2021-08-10,67.790706,69.097515,67.627355,68.770813,11581113
2021-08-11,69.097515,69.260866,68.607462,68.934164,10934250
2021-08-12,69.097515,69.587569,68.770813,69.260866,12467204
2021-08-13,69.260866,69.424217,68.607462,68.934164,8810492
2021-08-16,68.934164,69.587569,68.770813,69.097515,10357804
2021-08-17,69.097515,69.260866,67.464004,67.790706,16472527
2021-08-18,67.464004,69.587569,67.464004,69.587569,18762502
2021-08-19,69.424217,69.424217,68.444111,68.934164,10730061
2021-08-20,68.607462,69.097515,68.117409,69.097515,11561444
2021-08-23,69.097515,70.731026,69.097515,70.404324,21511562
2021-08-24,70.731026,70.894377,69.750920,70.077622,19064536
2021-08-25,70.404324,70.894377,69.750920,70.731026,17656053
2021-08-26,70.731026,72.364537,70.567675,71.547782,35733785
2021-08-27,71.874484,72.527888,71.221080,72.201186,26342044
2021-08-30,72.364537,73.834697,72.364537,73.344644,33070423
2021-08-31,72.854591,74.161399,72.527888,74.161399,29579366
2021-09-01,74.161399,74.488102,73.181293,73.344644,37757541
2021-09-02,72.854591,75.141506,72.854591,75.141506,36597820
2021-09-03,75.304857,76.121613,74.324750,74.651453,34843678
2021-09-06,74.651453,76.775017,74.651453,75.958262,36091876
2021-09-07,76.775017,79.388635,76.448315,78.571879,62027709
2021-09-08,78.245177,78.898581,77.591773,78.408528,39829009
2021-09-09,79.551986,83.962465,79.061932,81.512199,89138647
2021-09-10,81.185497,81.185497,78.408528,78.735230,67099477
2021-09-13,79.715337,82.328954,79.061932,82.002252,57933985
2021-09-14,82.165603,84.289168,80.368741,80.695443,87357648
2021-09-15,79.388635,84.125816,79.061932,82.819008,79120519
2021-09-16,84.125816,86.412732,83.799114,85.269274,126048949
2021-09-17,84.289168,85.759327,81.348848,83.309061,57972492
2021-09-22,81.348848,84.289168,79.878688,83.962465,45147583
2021-09-23,84.942572,85.269274,82.002252,82.819008,41883357
2021-09-24,83.309061,87.882892,81.348848,82.002252,79758376
2021-09-27,82.165603,84.615870,80.042039,81.838901,68790075
2021-09-28,82.492306,87.392838,81.838901,86.576083,92810287
2021-09-29,83.309061,83.472412,77.918475,78.571879,101289627
2021-09-30,77.918475,79.225284,75.958262,78.245177,50696438
2021-10-08,81.348848,86.086030,81.348848,84.615870,120959797
2021-10-11,84.615870,84.779221,82.328954,82.655657,77177691
2021-10-12,82.819008,85.105923,80.042039,80.858795,66090469
2021-10-13,80.368741,80.368741,74.978155,77.101719,58333688
2021-10-14,76.284964,77.265070,74.814804,76.938368,26945297
2021-10-15,76.938368,78.245177,75.958262,77.755124,32517120
2021-10-18,78.408528,85.595976,78.408528,85.595976,139866343
2021-10-19,85.922679,92.783425,84.779221,89.843105,203734262
2021-10-20,88.209594,89.516403,86.086030,86.576083,78962637
2021-10-21,87.882892,88.699647,85.269274,85.595976,63462215
2021-10-22,84.452519,85.595976,80.532092,80.858795,94575150
2021-10-25,81.838901,83.799114,81.022146,82.328954,59566188
2021-10-26,82.165603,83.145710,81.348848,81.512199,39232969
2021-10-27,81.185497,81.512199,78.898581,79.551986,42991552
2021-10-28,78.408528,78.735230,75.631559,76.284964,55160374
2021-10-29,75.304857,76.448315,74.161399,75.958262,50195276
2021-11-01,74.978155,75.468208,74.161399,74.814804,42536001
2021-11-02,75.468208,75.631559,71.711133,73.017942,61728031
2021-11-03,72.527888,72.854591,71.547782,72.527888,30122295
2021-11-04,71.874484,72.037835,71.221080,71.711133,33269120
2021-11-05,71.384431,71.547782,69.587569,70.077622,36309985
2021-11-08,69.914271,70.894377,69.750920,70.731026,25859827
2021-11-09,70.731026,70.731026,69.914271,70.404324,21226286
2021-11-10,70.894377,70.894377,69.914271,70.731026,22300923
2021-11-11,70.240973,71.384431,69.914271,70.894377,20773289
2021-11-12,70.567675,71.547782,70.240973,71.057728,18321698
2021-11-15,71.057728,71.547782,70.894377,71.547782,13686828
2021-11-16,71.221080,72.037835,71.057728,71.384431,22236638
2021-11-17,71.221080,71.221080,70.240973,71.221080,20361455
2021-11-18,70.894377,71.221080,70.567675,70.731026,15104529
2021-11-19,70.731026,71.874484,70.404324,71.874484,20366112
2021-11-22,71.547782,71.711133,71.057728,71.547782,16578227
2021-11-23,71.547782,72.201186,71.547782,72.037835,16725491
2021-11-24,72.527888,73.181293,72.037835,72.527888,22311222
2021-11-25,72.201186,72.691239,71.711133,71.874484,12991651
2021-11-26,71.711133,71.711133,71.057728,71.221080,12394413
2021-11-29,70.077622,70.567675,69.260866,70.240973,18462568
2021-11-30,70.077622,70.894377,69.750920,70.404324,17435118
2021-12-01,70.240973,71.384431,69.914271,71.221080,14203686
2021-12-02,71.221080,71.874484,70.894377,70.894377,17885142
2021-12-03,70.894377,71.711133,70.567675,71.547782,15323222
2021-12-06,71.547782,72.201186,71.057728,71.547782,18949365
2021-12-07,71.711133,72.691239,71.057728,71.711133,17872301
2021-12-08,72.201186,72.364537,71.711133,71.874484,14962666
2021-12-09,71.711133,72.527888,71.711133,72.527888,18472072
2021-12-10,72.201186,72.364537,71.057728,71.547782,27274520
2021-12-13,71.711133,72.037835,71.384431,71.711133,15948090
2021-12-14,71.384431,71.547782,71.057728,71.384431,11301941
2021-12-15,71.057728,71.547782,71.057728,71.384431,13825595
2021-12-16,71.384431,72.691239,71.384431,72.527888,29332191
2021-12-17,72.691239,74.488102,72.527888,73.344644,42819799
2021-12-20,73.181293,73.834697,72.854591,73.344644,24808821
2021-12-21,73.507995,74.651453,73.181293,74.324750,25359248
2021-12-22,74.814804,76.121613,74.161399,74.161399,31998828
2021-12-23,74.324750,75.141506,73.671346,74.814804,21691013
2021-12-24,74.814804,75.141506,73.671346,74.161399,18310054
2021-12-27,74.324750,74.978155,73.834697,74.161399,13981100
2021-12-28,74.651453,74.814804,73.671346,74.324750,12469762
2021-12-29,74.161399,74.488102,73.998048,74.488102,10805355
2021-12-30,74.324750,75.958262,74.161399,75.468208,21821380
2021-12-31,75.468208,75.794910,74.814804,75.304857,15452060
2022-01-04,75.304857,76.938368,75.141506,76.448315,21402503
2022-01-05,76.775017,77.918475,75.794910,76.775017,23889362
2022-01-06,76.611666,77.591773,76.121613,77.265070,20655628
2022-01-07,77.755124,79.878688,77.265070,78.735230,43734577
2022-01-10,78.571879,78.898581,77.101719,78.081826,28783606
2022-01-11,77.428421,77.918475,75.958262,76.284964,29261653
2022-01-12,77.755124,78.898581,76.938368,77.755124,31623039
2022-01-13,78.081826,78.898581,77.265070,77.428421,23088355
2022-01-14,77.101719,77.101719,75.631559,75.958262,26243568
2022-01-17,76.284964,77.591773,76.121613,76.611666,16647570
2022-01-18,77.265070,77.428421,76.121613,76.938368,19068423
2022-01-19,77.755124,77.918475,76.448315,77.101719,20234122
2022-01-20,76.121613,77.101719,75.794910,76.448315,22084118
2022-01-21,75.794910,76.284964,73.507995,74.978155,33447466
2022-01-24,74.488102,75.958262,73.671346,75.794910,19963741
2022-01-25,75.141506,75.304857,72.854591,73.017942,21783511
2022-01-26,73.181293,74.488102,73.181293,74.324750,15144146
2022-01-27,74.814804,75.141506,73.671346,73.671346,15590869
2022-01-28,73.998048,74.161399,71.874484,72.691239,17423363
2022-02-07,74.978155,79.878688,74.651453,77.591773,65090288
2022-02-08,76.938368,79.061932,76.284964,79.061932,48501282
2022-02-09,78.081826,79.225284,77.755124,78.571879,38590425
2022-02-10,78.898581,79.225284,78.081826,78.898581,32452505
2022-02-11,78.735230,79.878688,77.755124,77.918475,33850407
2022-02-14,79.878688,81.185497,77.101719,77.591773,43767786
2022-02-15,77.265070,77.755124,76.284964,76.775017,25712361
2022-02-16,76.121613,76.448315,75.468208,76.121613,28315934
2022-02-17,75.958262,76.775017,75.794910,76.284964,22671048
2022-02-18,75.631559,76.775017,75.141506,76.775017,24834517
2022-02-21,76.775017,77.591773,76.448315,77.428421,25661532
2022-02-22,78.408528,78.735230,76.775017,77.918475,31011935
2022-02-23,77.265070,77.918475,76.284964,77.755124,28626538
2022-02-24,77.591773,82.002252,77.428421,80.042039,100900792
2022-02-25,78.408528,79.715337,77.918475,78.571879,59160639
2022-02-28,79.225284,81.838901,79.061932,80.205390,68018360
2022-03-01,80.042039,80.042039,77.591773,79.551986,47237177
2022-03-02,82.002252,82.819008,80.042039,80.695443,85242674
2022-03-03,81.512199,82.492306,81.022146,81.838901,83108568
2022-03-04,80.858795,81.022146,78.571879,78.898581,58104760
2022-03-07,80.532092,81.348848,77.755124,78.081826,66765134
2022-03-08,77.591773,77.755124,74.978155,76.775017,51579835
2022-03-09,77.101719,77.265070,72.037835,75.468208,44235246
2022-03-10,74.651453,75.794910,74.161399,74.978155,30201061
2022-03-11,73.998048,74.161399,71.874484,73.998048,38252006
2022-03-14,72.691239,73.671346,71.221080,71.547782,45658677
2022-03-15,70.731026,70.894377,65.993844,66.320547,59560380
2022-03-16,67.137302,68.770813,65.830493,68.770813,32414056
2022-03-17,68.934164,69.750920,68.444111,69.424217,28737232
2022-03-18,69.424217,71.711133,69.424217,71.221080,28665243
2022-03-21,71.384431,71.547782,70.240973,71.221080,17309479
2022-03-22,70.567675,72.527888,70.567675,72.037835,27650531
2022-03-23,71.547782,71.711133,70.404324,70.567675,25352591
2022-03-24,71.057728,71.221080,69.260866,69.914271,23926455
2022-03-25,69.587569,70.240973,68.934164,69.097515,19928998
2022-03-28,69.097515,70.731026,67.790706,69.914271,23729736
2022-03-29,69.587569,69.750920,68.934164,69.424217,13179220
2022-03-30,69.097515,69.914271,68.934164,69.750920,17646761
2022-03-31,69.750920,70.240973,69.424217,69.914271,16421343
2022-04-01,69.750920,70.404324,69.424217,70.240973,14107370
2022-04-06,70.567675,71.711133,70.404324,71.547782,15441400
2022-04-07,71.221080,71.547782,70.240973,70.404324,16378981
2022-04-08,70.404324,70.894377,69.914271,70.894377,13607361
2022-04-11,71.057728,71.384431,69.424217,69.750920,17202000
2022-04-12,69.750920,70.567675,68.607462,70.567675,14083842
2022-04-13,70.731026,71.221080,70.404324,70.731026,16496273
2022-04-14,71.221080,71.547782,70.731026,71.221080,12087917
2022-04-15,71.057728,71.711133,70.567675,70.894377,16226110
2022-04-18,70.567675,70.731026,69.424217,69.750920,12133944
2022-04-19,69.750920,71.547782,69.424217,71.547782,21341034
2022-04-20,71.057728,71.547782,69.587569,70.077622,18346028
2022-04-21,69.914271,70.731026,67.627355,67.790706,22853236
2022-04-22,68.117409,70.404324,67.300653,69.914271,23090486
2022-04-25,68.934164,68.934164,66.157196,66.320547,24776818
2022-04-26,66.157196,66.810600,62.890174,63.380227,23129499
2022-04-27,63.543578,65.667142,63.380227,65.503791,15469303
2022-04-28,65.013738,66.157196,64.360333,65.993844,12827548
2022-04-29,66.157196,67.300653,65.830493,66.810600,15237202
2022-05-05,67.464004,68.444111,66.973951,68.117409,14733946
2022-05-06,66.973951,67.627355,66.647249,67.300653,11732097
2022-05-09,67.300653,68.444111,66.810600,68.117409,11082717
2022-05-10,67.137302,68.117409,66.647249,68.117409,12882407
2022-05-11,67.954058,68.770813,67.627355,67.790706,14726081
2022-05-12,67.627355,68.280760,66.647249,67.627355,9559799
2022-05-13,67.954058,68.117409,67.300653,67.790706,8927290
2022-05-16,67.954058,68.280760,67.464004,68.117409,9693500
2022-05-17,68.444111,69.587569,67.954058,68.934164,19326927
2022-05-18,68.444111,68.770813,67.790706,68.280760,14636801
2022-05-19,67.464004,67.790706,66.973951,67.790706,10974728
2022-05-20,67.627355,68.770813,67.627355,68.770813,11859597
2022-05-23,68.934164,69.260866,68.444111,69.260866,10929199
2022-05-24,69.260866,69.587569,67.464004,67.464004,16021078
2022-05-25,67.464004,70.567675,67.464004,70.240973,31614997
2022-05-26,69.914271,71.057728,69.750920,70.894377,17543782
2022-05-27,71.221080,72.691239,70.894377,71.547782,25389840
2022-05-30,72.364537,72.527888,71.384431,72.037835,16412807
2022-05-31,72.364537,73.181293,72.037835,72.854591,26741834
2022-06-01,72.691239,73.344644,71.874484,73.017942,20365131
2022-06-02,72.854591,72.854591,71.547782,72.364537,19108853
2022-06-06,72.527888,73.671346,72.201186,72.527888,14709500
2022-06-07,72.854591,72.854591,71.711133,72.691239,15228576
2022-06-08,72.691239,74.324750,72.037835,74.161399,24069441
2022-06-09,74.161399,75.141506,73.834697,74.651453,33809983
2022-06-10,73.820150,75.316505,73.487627,74.983982,22011820
2022-06-13,74.485197,75.482766,73.487627,74.485197,18702700
2022-06-14,73.820150,75.981551,73.653889,75.815290,25083167
2022-06-15,76.314074,76.314074,74.485197,74.651458,23485373
2022-06-16,74.152674,74.651458,72.490058,72.656319,25907694
2022-06-17,72.656319,72.988842,71.658750,72.323796,17663895
2022-06-20,72.157534,72.323796,70.661180,70.993703,24704817
2022-06-21,71.159965,71.658750,69.829872,70.494918,21598000
2022-06-22,70.328657,70.661180,69.164826,69.164826,19818297
2022-06-23,68.998564,69.829872,68.832302,69.331087,34884571
2022-06-24,68.998564,69.497349,68.666041,68.998564,22639565
2022-06-27,69.497349,69.663610,68.832302,69.164826,43171141
2022-06-28,69.164826,69.829872,68.998564,69.829872,27789255
2022-06-29,69.829872,70.162395,68.998564,69.164826,19686175
2022-06-30,69.164826,69.331087,68.832302,68.998564,17621286
2022-07-01,68.998564,69.164826,68.333518,68.832302,14021595
2022-07-04,68.666041,69.331087,68.499779,69.164826,12900158
2022-07-05,69.497349,69.829872,68.666041,69.164826,17571881
2022-07-06,68.998564,68.998564,68.000994,68.499779,17738503
2022-07-07,68.499779,68.666041,68.167256,68.333518,9161476
2022-07-08,68.666041,68.832302,68.333518,68.333518,8124200
2022-07-11,68.666041,68.666041,68.000994,68.333518,7430608
2022-07-12,68.499779,68.666041,68.000994,68.333518,7996400
2022-07-13,68.167256,68.499779,68.000994,68.499779,10999570
2022-07-14,68.499779,68.499779,67.834733,68.000994,10036464
2022-07-15,68.167256,68.167256,67.169686,67.169686,11755601
2022-07-18,67.335948,68.666041,67.335948,68.666041,13782739
2022-07-19,68.998564,69.331087,68.666041,68.998564,12204511
2022-07-20,69.164826,69.497349,68.832302,69.164826,10316679
2022-07-21,69.164826,69.331087,68.499779,68.998564,11253466
2022-07-22,68.666041,69.164826,68.333518,68.998564,7939800
2022-07-25,68.832302,69.331087,68.832302,68.998564,10629808
2022-07-26,69.829872,70.162395,69.164826,69.497349,11807912
2022-07-27,69.331087,69.663610,68.998564,69.497349,9565438
2022-07-28,69.829872,69.996134,69.497349,69.663610,11959413
2022-07-29,69.663610,70.827442,69.497349,70.162395,18010514
2022-08-01,69.996134,70.661180,69.829872,70.494918,11355440
2022-08-02,69.996134,70.162395,68.499779,69.829872,23064439
2022-08-03,69.829872,70.162395,68.998564,68.998564,14330714
2022-08-04,69.497349,69.663610,68.333518,68.998564,11096755
2022-08-05,68.998564,69.497349,68.333518,69.497349,8400165
2022-08-08,69.331087,69.497349,68.998564,69.331087,7822520
2022-08-09,69.164826,69.497349,68.832302,69.497349,6407100
2022-08-10,69.331087,69.331087,68.832302,69.164826,6021800
2022-08-11,69.331087,70.328657,69.164826,70.328657,12708371
2022-08-12,70.494918,71.825011,70.162395,71.658750,25006108
2022-08-15,70.993703,71.492488,70.661180,70.993703,12450047
2022-08-16,70.661180,70.827442,70.162395,70.494918,10535428
2022-08-17,70.661180,70.993703,70.328657,70.827442,8092396
2022-08-18,70.827442,70.993703,69.663610,70.162395,12361643
2022-08-19,70.328657,70.827442,70.162395,70.494918,12296951
2022-08-22,70.162395,71.492488,69.996134,71.326226,16613472
2022-08-23,72.323796,74.318935,71.825011,73.986412,56866158
2022-08-24,74.485197,75.150243,73.155104,73.487627,44885089
2022-08-25,74.152674,75.815290,73.487627,75.649028,48527863
2022-08-26,75.482766,76.979121,74.983982,75.815290,54053042
2022-08-29,75.981551,78.475475,74.983982,77.644167,47598477
2022-08-30,77.644167,78.807998,75.981551,76.979121,34162844
2022-08-31,76.480336,76.646598,74.318935,74.651458,40516100
2022-09-01,74.651458,76.147813,74.485197,75.150243,22576088
2022-09-02,75.150243,77.311644,74.651458,76.979121,32622745
2022-09-05,76.979121,79.805568,76.979121,79.140522,43351065
2022-09-06,79.140522,79.306783,77.976690,78.974260,26408401
2022-09-07,78.475475,79.140522,77.976690,78.807998,23588275
2022-09-08,78.142952,78.974260,76.979121,78.309214,20369368
2022-09-09,78.641737,78.807998,77.311644,77.644167,13719009
2022-09-13,78.475475,79.306783,77.477906,77.810429,18197739
2022-09-14,76.979121,78.309214,76.480336,77.311644,17553326
2022-09-15,77.644167,78.475475,75.981551,76.979121,21219471
2022-09-16,76.314074,77.145382,74.485197,74.983982,24661341
2022-09-19,74.817720,75.649028,73.321366,74.485197,19789767
2022-09-20,75.316505,76.646598,75.150243,75.815290,18670447
2022-09-21,76.314074,77.810429,74.817720,77.644167,23005243
2022-09-22,76.812859,77.810429,76.147813,77.477906,16447070
2022-09-23,76.812859,79.639306,76.812859,77.477906,27799169
2022-09-26,76.812859,76.979121,73.986412,73.986412,22777419
2022-09-27,73.986412,76.314074,72.822581,74.152674,19901909
2022-09-28,74.152674,76.147813,72.988842,73.653889,18962324
2022-09-29,74.485197,75.815290,72.822581,73.321366,17886726
2022-09-30,72.656319,75.150243,72.490058,73.986412,17780974
2022-10-10,75.815290,77.477906,75.316505,75.815290,33731752
2022-10-11,75.649028,76.646598,74.318935,75.482766,18539503
2022-10-12,74.983982,75.482766,73.321366,75.316505,21971689
2022-10-13,74.651458,74.817720,73.155104,74.318935,22046980
2022-10-14,74.485197,76.979121,74.485197,75.482766,23037400
2022-10-17,74.651458,76.147813,73.487627,76.147813,22216500
2022-10-18,76.314074,76.314074,74.983982,75.150243,13975500
2022-10-19,74.485197,74.983982,73.321366,73.487627,20217431
2022-10-20,73.986412,74.983982,73.321366,74.152674,20940193
2022-10-21,73.820150,75.482766,73.820150,74.817720,18038757
2022-10-24,74.817720,79.639306,74.817720,76.314074,56884071
2022-10-25,75.981551,76.812859,74.983982,75.482766,28222538
2022-10-26,75.649028,77.311644,75.316505,75.981551,24937511
2022-10-27,76.646598,78.974260,76.314074,77.976690,33848675
2022-10-28,77.644167,77.810429,75.316505,75.649028,32373433
2022-10-31,76.480336,78.807998,75.981551,78.142952,60006987
2022-11-01,78.142952,81.301922,78.142952,80.803138,50299351
2022-11-02,79.971830,85.624724,79.971830,84.793416,73632391
2022-11-03,84.959678,87.952386,84.460893,87.619863,66841091
2022-11-04,87.287340,89.615002,85.957247,86.456032,81386347
2022-11-07,87.287340,89.448741,86.622294,89.116218,50741021
2022-11-08,89.116218,89.448741,86.622294,88.949956,40461519
2022-11-09,87.619863,89.448741,87.121078,87.952386,27667449
2022-11-10,87.121078,87.287340,85.624724,86.622294,33062021
2022-11-11,87.453602,88.284910,85.790986,86.456032,27855795
2022-11-14,86.456032,88.118648,85.458462,86.456032,31259866
2022-11-15,86.622294,92.607711,86.123509,91.610142,64117942
2022-11-16,91.942665,92.275188,89.781264,90.280049,27585636
2022-11-17,90.612572,91.942665,88.783694,91.277618,29467291
2022-11-18,91.776403,93.937804,90.446310,91.776403,28163978
2022-11-21,91.443880,91.443880,88.284910,89.282479,26813547
2022-11-22,89.615002,93.272758,88.949956,91.776403,41775400
2022-11-23,91.610142,92.607711,89.781264,90.612572,27924209
2022-11-24,89.448741,91.942665,89.282479,91.277618,26460615
2022-11-25,91.942665,94.436589,90.778834,92.607711,33910473
2022-11-28,92.441450,93.605281,89.947526,92.275188,31622523
2022-11-29,92.275188,94.436589,91.942665,94.270327,32829375
2022-11-30,93.605281,95.766682,93.106496,95.101635,39644284
2022-12-01,95.267897,95.600420,92.441450,94.769112,44567853
2022-12-02,94.935374,96.431728,94.436589,95.434158,21502450
2022-12-05,94.436589,99.424437,94.104066,98.759390,38573915
2022-12-06,98.094344,99.923222,96.265466,99.091914,57035846
2022-12-07,98.925652,103.248454,98.593129,101.918361,65010512
2022-12-08,101.087053,102.583407,99.258175,101.253314,41053695
2022-12-09,101.253314,102.417146,98.094344,99.258175,35367207
2022-12-12,98.593129,98.925652,94.935374,95.267897,43248989
2022-12-13,97.263036,97.429298,95.101635,97.096774,33591819
2022-12-14,96.265466,97.761821,96.099205,97.263036,25753328
2022-12-15,96.930513,98.094344,94.270327,94.769112,30932949
2022-12-16,94.602850,96.764251,92.940234,96.431728,37012038
2022-12-19,96.099205,96.431728,91.443880,91.942665,37489080
2022-12-20,92.773973,94.769112,92.607711,93.439019,24856474
2022-12-21,93.272758,93.937804,91.610142,93.106496,18009845
2022-12-22,94.436589,97.263036,93.106496,93.771542,30255866
2022-12-23,93.771542,95.766682,91.942665,93.937804,16579494
2022-12-26,93.771542,95.932943,93.605281,95.267897,13938030
2022-12-27,96.099205,102.749669,95.434158,101.419576,37285796
2022-12-28,101.918361,102.749669,100.255745,102.583407,25875783
2022-12-29,102.417146,102.915930,100.089483,100.588268,19948226
2022-12-30,101.419576,102.583407,100.089483,100.754530,15718872
2023-01-03,100.754530,102.749669,99.756960,101.918361,22873112
2023-01-04,101.918361,106.241162,100.588268,105.243593,30923181
2023-01-05,104.412285,106.241162,103.414715,105.409854,25073027
2023-01-06,105.908639,106.074901,103.747238,104.079762,15484319
2023-01-09,103.747238,105.243593,102.084622,102.749669,21615840
2023-01-10,103.248454,103.414715,99.756960,100.588268,24222201
2023-01-11,100.754530,102.417146,99.923222,101.585838,20219797
2023-01-12,102.417146,105.077331,101.752099,102.915930,19686081
2023-01-13,102.749669,103.580977,102.084622,103.082192,13203707
2023-01-16,103.414715,106.906209,102.250884,105.077331,25655225
2023-01-17,105.409854,106.906209,104.744808,106.573686,17160365
2023-01-18,105.576116,109.067610,105.576116,108.402563,24407141
2023-01-19,107.238732,108.402563,105.576116,107.072470,21336438
2023-01-20,109.400133,112.725365,107.571255,111.894057,37039489
2023-01-30,111.727795,115.219289,107.737517,109.400133,42458711
2023-01-31,110.065179,111.894057,108.568825,110.563964,26633990
2023-02-01,111.727795,112.559103,109.732656,112.226580,20887592
2023-02-02,111.727795,114.055458,111.395272,113.390411,20801452
2023-02-03,113.390411,114.055458,111.894057,113.057888,17192600
2023-02-06,112.392842,115.551812,111.561534,114.554242,26874929
2023-02-07,115.219289,115.385550,112.725365,114.055458,20545857
2023-02-08,113.889196,114.387981,112.060318,113.057888,18452427
2023-02-09,112.559103,114.554242,112.559103,114.055458,16815043
2023-02-10,113.889196,115.718074,112.891626,115.053027,16522834
2023-02-13,115.053027,116.383120,113.390411,115.718074,21286687
2023-02-14,115.718074,119.542090,115.385550,117.048166,26416693
2023-02-15,117.214428,117.546951,111.229010,111.894057,34099001
2023-02-16,111.894057,113.556673,109.732656,110.730226,37524324
2023-02-17,111.229010,113.390411,111.062749,112.060318,16145040
2023-02-20,112.060318,113.057888,111.062749,111.727795,19061359
2023-02-21,111.894057,116.050597,111.727795,114.886766,20912680
2023-02-22,115.053027,115.053027,112.725365,113.556673,12855550
2023-02-23,113.889196,114.554242,110.896487,111.561534,19860790
2023-02-24,111.561534,113.057888,110.231441,111.727795,19781024
2023-02-27,111.395272,114.387981,111.062749,112.891626,17344849
2023-02-28,113.057888,116.050597,111.062749,113.390411,35600628
2023-03-01,113.390411,113.889196,111.062749,112.392842,21192761
2023-03-02,112.559103,117.546951,112.559103,115.385550,22955130
2023-03-03,115.551812,116.383120,114.221719,115.551812,19504594
2023-03-06,115.551812,117.380690,115.053027,116.216858,25540336
2023-03-07,114.554242,119.708352,114.554242,118.045736,39411236
2023-03-08,119.708352,119.708352,110.065179,111.894057,62085357
2023-03-09,111.395272,114.720504,111.395272,113.889196,29089109
2023-03-10,114.055458,114.055458,110.065179,110.397702,21646609
2023-03-13,110.563964,116.383120,110.563964,114.886766,37622915
2023-03-14,114.554242,116.216858,113.722934,114.554242,25870034
2023-03-15,115.053027,117.380690,113.057888,116.549382,22718480
2023-03-16,114.886766,114.886766,104.911070,104.911070,76405599
2023-03-17,104.911070,107.737517,103.913500,106.739947,54655519
2023-03-20,106.241162,107.903778,102.250884,102.749669,60053273
2023-03-21,104.911070,106.241162,101.087053,101.752099,52134259
2023-03-22,102.583407,104.744808,102.084622,103.082192,38464569
2023-03-23,103.580977,104.578546,101.752099,102.250884,31142990
2023-03-24,101.419576,102.749669,98.426867,98.925652,49353973
2023-03-27,99.756960,99.756960,95.766682,96.431728,41168178
2023-03-28,97.761821,100.754530,96.930513,99.923222,52828128
2023-03-29,99.590698,100.089483,97.595559,98.593129,26232500
2023-03-30,98.925652,101.585838,98.094344,100.255745,31835984
2023-03-31,100.754530,102.915930,99.756960,101.918361,27520087
2023-04-03,103.580977,112.060318,103.580977,109.067610,83036009
2023-04-04,110.065179,111.727795,108.568825,110.231441,43021803
2023-04-06,109.732656,114.720504,108.568825,111.727795,38677564
2023-04-07,111.894057,112.891626,108.901348,110.397702,26457741
2023-04-10,110.065179,113.722934,109.067610,112.559103,28850435
2023-04-11,112.226580,113.057888,109.400133,111.062749,32726532
2023-04-12,111.727795,113.390411,110.730226,111.561534,30293299
2023-04-13,113.057888,115.385550,111.894057,112.725365,33427759
2023-04-14,113.057888,113.556673,110.397702,111.894057,27224431
2023-04-17,111.727795,114.221719,111.561534,111.894057,35317669
2023-04-18,112.226580,113.889196,110.231441,112.891626,29993792
2023-04-19,111.894057,114.720504,111.229010,111.894057,21526448
2023-04-20,111.395272,111.395272,108.236302,110.397702,34082531
2023-04-21,110.896487,110.896487,106.074901,106.573686,33072363
2023-04-24,106.906209,108.070040,105.077331,105.576116,23345551
2023-04-25,106.906209,107.571255,103.248454,104.911070,27323228
2023-04-26,105.077331,107.238732,104.079762,105.908639,26155410
2023-04-27,104.079762,105.409854,103.082192,104.412285,24550398
2023-04-28,107.737517,114.554242,106.906209,111.894057,103237728
2023-05-04,110.065179,110.231441,105.576116,107.737517,59973176
2023-05-05,107.238732,108.402563,104.744808,106.573686,48117293
2023-05-08,107.072470,112.725365,107.072470,111.229010,60501269
2023-05-09,113.224150,115.219289,110.730226,110.896487,43225053
2023-05-10,111.229010,112.226580,102.250884,103.248454,58903631
2023-05-11,102.417146,103.580977,101.752099,102.250884,25181104
2023-05-12,102.749669,103.580977,100.588268,100.754530,19145502
2023-05-15,101.419576,102.084622,98.759390,101.087053,22511683
2023-05-16,100.588268,102.915930,99.590698,99.756960,20161872
2023-05-17,99.590698,102.084622,99.590698,101.752099,14919031
2023-05-18,102.250884,106.407424,102.084622,102.749669,44947976
2023-05-19,103.248454,103.248454,98.593129,99.091914,41801503
2023-05-22,99.590698,100.255745,98.260606,100.089483,22998344
2023-05-23,99.424437,100.920791,97.928082,97.928082,20618970
2023-05-24,98.593129,98.925652,96.764251,97.429298,17118851
2023-05-25,96.764251,98.260606,96.265466,97.761821,17269200
2023-05-26,96.431728,99.091914,95.932943,98.593129,20041045
2023-05-29,99.091914,102.417146,98.260606,101.419576,25862598
2023-05-30,101.087053,102.749669,100.089483,102.417146,27129405
2023-05-31,101.253314,102.583407,99.424437,102.084622,28266751
2023-06-01,101.585838,105.908639,101.253314,103.082192,25661267
2023-06-02,104.079762,104.079762,101.752099,102.417146,16383955
2023-06-05,103.082192,103.747238,101.087053,101.585838,21490843
2023-06-06,101.752099,102.250884,99.756960,99.756960,23765680
2023-06-07,100.422006,102.250884,99.756960,100.754530,17404865
2023-06-08,101.752099,102.417146,100.255745,101.419576,21252041
2023-06-09,100.920791,102.417146,100.588268,102.084622,15850243
2023-06-12,102.084619,103.774762,100.394476,100.394476,18618635
2023-06-13,99.380391,102.084619,99.042362,101.408562,19939612
2023-06-14,101.408562,102.929690,101.239548,101.408562,12091230
2023-06-15,101.070533,101.915605,99.718419,101.239548,14302331
2023-06-16,100.901519,102.591662,100.394476,100.732505,16619239
2023-06-19,100.732505,101.070533,98.704334,98.873348,19988568
2023-06-20,99.380391,99.380391,97.690248,97.690248,16693044
2023-06-21,97.183205,98.873348,96.000105,96.169120,15865561
2023-06-26,95.324048,97.352220,94.647991,94.986020,20454660
2023-06-27,94.986020,98.873348,94.986020,98.028277,15265298
2023-06-28,98.366305,98.704334,96.845177,98.366305,12167501
2023-06-29,98.873348,99.211376,96.676162,97.014191,12724600
2023-06-30,97.352220,99.380391,97.014191,98.873348,15082148
2023-07-03,99.042362,103.943776,98.704334,103.098705,32046696
2023-07-04,103.098705,107.155047,102.760676,105.971947,33350712
2023-07-05,105.464904,108.507161,104.957862,107.324061,25348209
2023-07-06,106.478990,109.183218,106.478990,108.845190,27000164
2023-07-07,109.014204,110.028290,108.000119,109.352233,16819483
2023-07-10,109.183218,110.028290,107.155047,108.845190,18916834
2023-07-11,111.042375,112.901532,108.676176,110.028290,30625321
2023-07-12,112.225475,112.732518,110.197304,110.704347,21918662
2023-07-13,110.873361,112.056461,109.521247,111.380404,19179818
2023-07-14,111.380404,112.394490,110.028290,111.549418,12240541
2023-07-17,110.704347,111.380404,109.014204,111.380404,17928325
2023-07-18,110.197304,111.380404,109.521247,110.366318,15778484
2023-07-19,110.366318,111.549418,109.521247,111.211390,10532999
2023-07-20,110.704347,111.887447,108.676176,109.352233,12193877
2023-07-21,109.014204,111.380404,108.169133,108.676176,10874349
2023-07-24,108.507161,109.183218,106.986033,108.169133,10508920
2023-07-25,109.183218,110.197304,107.662090,108.507161,12801945
2023-07-26,108.000119,109.014204,106.309976,106.986033,13450272
2023-07-27,106.986033,107.493076,104.957862,105.295890,13251406
2023-07-28,105.464904,106.817019,104.619833,106.478990,14221152
2023-07-31,106.817019,107.662090,104.957862,105.802933,20855087
2023-08-01,106.478990,107.324061,105.464904,106.478990,22881423
2023-08-02,106.986033,107.155047,104.112790,104.619833,27080013
2023-08-03,104.788847,105.802933,104.450819,105.126876,19671985
2023-08-04,105.464904,106.817019,104.112790,104.281805,23122189
2023-08-07,104.112790,105.295890,103.605748,103.943776,16332379
2023-08-08,104.619833,105.126876,103.605748,104.281805,14876336
2023-08-09,104.957862,105.126876,102.084619,102.591662,20578295
2023-08-10,102.929690,105.126876,102.929690,104.619833,26070178
2023-08-11,104.788847,104.957862,101.070533,101.408562,27245139
2023-08-14,100.732505,102.760676,99.549405,102.422648,17504413
2023-08-15,102.084619,103.605748,100.732505,102.760676,20203641
2023-08-16,101.408562,102.591662,100.225462,100.732505,22416658
2023-08-17,100.225462,101.408562,99.211376,100.732505,19852250
2023-08-18,100.732505,103.436733,100.563491,102.253633,21955385
2023-08-21,101.915605,102.591662,95.324048,96.507148,73892216
2023-08-22,97.183205,98.873348,96.169120,98.535319,34783131
2023-08-23,98.197291,100.901519,97.690248,99.718419,32940386
2023-08-24,100.056448,100.901519,96.676162,96.845177,23151294
2023-08-25,97.014191,97.859262,96.000105,97.183205,16341101
2023-08-28,101.408562,101.915605,98.704334,98.873348,28874802
2023-08-29,100.056448,100.056448,98.028277,98.535319,22620707
2023-08-30,98.704334,99.718419,98.028277,98.704334,13840592
2023-08-31,98.873348,99.380391,97.690248,98.366305,15006358
2023-09-01,98.366305,98.873348,97.014191,98.535319,17737168
2023-09-04,100.056448,104.788847,99.718419,104.281805,49812183
2023-09-05,104.281805,104.450819,101.915605,104.112790,33470157
2023-09-06,105.633919,105.802933,102.929690,104.788847,30586333
2023-09-07,104.112790,106.986033,103.605748,105.464904,32923278
2023-09-08,104.281805,109.521247,104.281805,108.845190,34777858
2023-09-11,108.845190,110.197304,107.831104,108.507161,37938478
2023-09-12,108.507161,109.690261,106.986033,107.662090,26180089
2023-09-13,107.662090,111.887447,107.662090,108.338147,42768210
2023-09-14,108.676176,110.028290,108.338147,109.352233,29408351
2023-09-15,110.535333,113.746604,110.366318,110.873361,48860616
2023-09-18,110.197304,111.718432,108.169133,109.352233,27158120
2023-09-19,109.690261,110.873361,109.183218,109.521247,23058988
2023-09-20,109.690261,110.028290,108.169133,108.507161,15189270
2023-09-21,107.831104,109.690261,107.831104,108.338147,13500639
2023-09-22,108.507161,109.352233,107.324061,107.831104,13277644
2023-09-25,107.493076,109.014204,107.155047,107.324061,15144739
2023-09-26,107.662090,110.197304,107.324061,108.000119,24375379
2023-09-27,107.662090,110.197304,107.324061,109.521247,20213628
2023-09-28,110.704347,111.380404,109.014204,109.521247,19108508
2023-10-09,107.831104,108.507161,106.309976,108.000119,23212784
2023-10-10,108.169133,109.690261,106.648004,106.986033,18919547
2023-10-11,106.986033,106.986033,103.774762,104.450819,32769209
2023-10-12,104.450819,104.957862,102.760676,103.267719,19371403
2023-10-13,102.760676,103.774762,102.084619,103.267719,16222661
2023-10-16,104.112790,107.493076,104.112790,106.309976,29433460
2023-10-17,105.464904,108.507161,104.450819,108.338147,29426655
2023-10-18,108.507161,109.352233,106.140962,106.648004,19932315
2023-10-19,106.986033,106.986033,103.774762,104.112790,16039643
2023-10-20,104.788847,105.633919,102.929690,103.098705,11744701
2023-10-23,102.422648,102.760676,100.563491,101.408562,16515753
2023-10-24,101.408562,103.436733,100.901519,102.760676,16918325
2023-10-25,103.943776,109.014204,103.943776,106.648004,33907214
2023-10-26,106.309976,107.324061,103.774762,105.295890,18170894
2023-10-27,104.619833,107.831104,104.112790,106.986033,20557345
2023-10-30,106.648004,107.155047,102.253633,105.126876,43428080
2023-10-31,104.788847,105.802933,102.929690,104.957862,31386035
2023-11-01,104.788847,104.788847,100.732505,103.605748,30655229
2023-11-02,103.605748,105.126876,103.098705,104.450819,21428228
2023-11-03,104.957862,106.309976,104.450819,105.295890,25155015
2023-11-06,105.126876,105.295890,99.380391,100.901519,55770384
2023-11-07,100.394476,101.408562,99.718419,100.563491,25522481
2023-11-08,99.887434,100.732505,96.169120,99.549405,29890438
2023-11-09,99.380391,99.380391,98.028277,98.197291,21537517
2023-11-10,98.028277,100.056448,97.352220,99.211376,15579112
2023-11-13,99.549405,100.901519,98.535319,100.732505,15677836
2023-11-14,100.394476,102.422648,99.718419,101.915605,25294660
2023-11-15,102.084619,102.253633,100.225462,100.394476,15537663
2023-11-16,100.563491,103.774762,100.225462,102.084619,29959788
2023-11-17,101.746591,103.605748,101.070533,103.436733,25310978
2023-11-20,103.267719,107.831104,103.098705,107.493076,30380335
2023-11-21,107.324061,108.507161,106.648004,107.493076,21404538
2023-11-22,107.493076,108.338147,105.971947,106.309976,15576100
2023-11-23,105.464904,106.986033,104.788847,106.478990,16236186
2023-11-24,106.309976,106.986033,104.957862,105.633919,13242150
2023-11-27,105.464904,105.971947,103.943776,105.464904,23555838
2023-11-28,105.126876,106.648004,104.619833,106.140962,15393612
2023-11-29,105.802933,106.478990,104.957862,105.802933,13480916
2023-11-30,105.802933,109.014204,105.633919,108.676176,30010892
2023-12-01,108.000119,109.859275,107.662090,108.000119,17105687
2023-12-04,108.507161,108.845190,105.971947,106.309976,22900914
2023-12-05,106.478990,106.648004,103.774762,103.943776,14863914
2023-12-06,103.436733,104.281805,102.760676,103.098705,15676928
2023-12-07,102.422648,103.436733,101.239548,101.408562,23523164
2023-12-08,101.239548,102.591662,99.718419,100.225462,47652517
2023-12-11,100.563491,102.253633,98.535319,101.577576,29549400
2023-12-12,101.915605,102.084619,100.394476,102.084619,20126344
2023-12-13,101.070533,101.239548,98.873348,99.380391,27754419
2023-12-14,100.394476,100.394476,99.211376,99.718419,11898906
2023-12-15,100.056448,101.070533,98.704334,98.704334,18025413
2023-12-18,98.366305,99.211376,97.859262,98.028277,12695875
2023-12-19,99.042362,99.211376,96.676162,97.352220,13757816
2023-12-20,97.859262,100.056448,97.690248,98.873348,22029980
2023-12-21,99.042362,100.563491,97.183205,97.690248,18357169
2023-12-22,97.521234,98.535319,96.845177,97.521234,17081374
2023-12-25,97.690248,98.535319,96.338134,98.028277,14940438
2023-12-26,97.859262,98.535319,96.507148,97.014191,15648600
2023-12-27,97.183205,102.422648,97.183205,102.084619,33277751
2023-12-28,102.422648,103.943776,99.718419,101.070533,26880723
2023-12-29,101.070533,101.070533,98.535319,100.394476,26610074
2024-01-02,100.225462,104.619833,99.887434,103.774762,31332424
2024-01-03,103.605748,104.788847,102.760676,104.450819,22634687
2024-01-04,104.619833,105.971947,103.774762,105.295890,18298093
2024-01-05,105.295890,106.140962,104.450819,104.788847,24357667
2024-01-08,104.788847,105.126876,102.591662,102.760676,17631320
2024-01-09,102.422648,104.112790,101.408562,103.098705,14044556
2024-01-10,103.605748,103.605748,100.901519,101.408562,18224936
2024-01-11,101.577576,101.577576,100.056448,100.732505,20992101
2024-01-12,100.732505,102.591662,100.563491,101.915605,16304861
2024-01-15,101.408562,103.436733,101.070533,103.098705,17201989
2024-01-16,102.760676,103.436733,100.563491,101.577576,21046032
2024-01-17,101.408562,101.408562,98.704334,99.042362,20348469
2024-01-18,98.873348,99.042362,93.802920,96.338134,37799610
2024-01-19,95.662077,97.521234,94.309963,96.507148,24222162
2024-01-22,95.831091,95.831091,90.084606,90.591649,28225227
2024-01-23,90.591649,91.774749,88.732492,91.098692,17932925
2024-01-24,91.098692,93.295877,89.577563,92.957848,19773003
2024-01-25,93.802920,98.535319,93.295877,98.197291,34022633
2024-01-26,98.873348,99.549405,97.859262,98.704334,20618048
2024-01-29,99.042362,102.253633,98.366305,99.887434,31330314
2024-01-30,98.535319,99.211376,95.324048,95.662077,27730609
2024-01-31,95.831091,97.014191,93.971934,94.647991,20966135
2024-02-01,93.971934,96.000105,91.774749,92.619820,24663717
2024-02-02,92.281791,93.464891,87.887420,90.253620,40815207
2024-02-05,90.084606,90.422634,82.816992,86.873335,44523229
2024-02-06,86.704321,93.802920,85.521221,92.619820,36179924
2024-02-07,92.788834,100.901519,92.619820,100.732505,56106781
2024-02-08,101.408562,106.140962,101.239548,101.746591,58394817
2024-02-19,103.943776,103.943776,100.563491,101.408562,34426913
2024-02-20,101.577576,102.929690,100.056448,101.239548,20569520
2024-02-21,101.239548,102.253633,100.056448,100.394476,29260918
2024-02-22,100.563491,101.577576,99.887434,101.408562,20453004
2024-02-23,102.422648,103.436733,101.070533,103.098705,37157040
2024-02-26,102.591662,106.648004,102.591662,103.098705,36172400
2024-02-27,103.267719,104.619833,102.591662,104.112790,25178914
2024-02-28,103.605748,104.619833,102.084619,102.422648,28756874
2024-02-29,101.915605,105.126876,101.915605,104.619833,28206063
2024-03-01,104.619833,108.676176,104.281805,107.493076,38016324
2024-03-04,107.662090,109.859275,106.309976,109.521247,35101965
2024-03-05,109.859275,111.380404,108.169133,109.690261,28752848
2024-03-06,108.676176,113.239561,108.676176,112.056461,29101233
2024-03-07,111.718432,116.112803,111.549418,112.563504,30766422
2024-03-08,112.563504,115.098718,111.718432,114.422661,21263407
2024-03-11,114.760689,115.098718,111.718432,112.901532,28439044
2024-03-12,113.239561,113.915618,110.028290,110.535333,27109486
2024-03-13,110.366318,111.380404,109.859275,110.535333,17789662
2024-03-14,111.211390,113.070547,110.873361,111.718432,25677624
2024-03-15,113.408575,116.281818,111.887447,115.943789,37720034
2024-03-18,116.112803,117.802946,113.746604,117.802946,31674342
2024-03-19,114.760689,115.605761,105.971947,105.971947,140144860
2024-03-20,104.957862,106.648004,103.267719,105.464904,83885632
2024-03-21,104.788847,105.126876,103.605748,103.774762,41612922
2024-03-22,103.774762,104.281805,101.070533,101.577576,41412012
2024-03-25,101.408562,103.943776,100.056448,102.084619,45156905
2024-03-26,101.915605,102.760676,100.225462,101.070533,41304457
2024-03-27,100.563491,104.619833,100.225462,102.422648,48317922
2024-03-28,102.253633,111.211390,101.915605,107.662090,88886962
2024-03-29,107.662090,114.760689,107.324061,114.084632,80203883
2024-04-01,112.563504,115.436746,111.211390,112.394490,49513965
2024-04-02,112.394490,115.605761,111.549418,112.056461,46198503
2024-04-03,112.732518,117.633932,111.887447,116.112803,64745331
2024-04-08,113.239561,115.943789,111.549418,113.746604,61139331
2024-04-09,113.239561,113.746604,105.464904,107.831104,73919318
2024-04-10,107.155047,110.028290,107.155047,109.352233,43967459
2024-04-11,109.014204,113.915618,108.169133,112.901532,48049301
2024-04-12,113.239561,114.422661,111.042375,112.732518,31852471
2024-04-15,112.056461,115.943789,110.197304,114.084632,42600754
2024-04-16,113.915618,115.605761,110.704347,111.549418,56021407
2024-04-17,111.042375,113.070547,109.014204,112.225475,56814919
2024-04-18,111.887447,112.563504,109.690261,110.197304,41526201
2024-04-19,109.859275,117.633932,109.690261,116.281818,86547956
2024-04-22,115.267732,116.281818,109.352233,109.690261,78204880
2024-04-23,109.014204,110.028290,106.140962,108.338147,40779668
2024-04-24,106.986033,109.521247,106.986033,108.845190,29707365
2024-04-25,109.352233,111.718432,108.338147,109.014204,30880138
2024-04-26,109.183218,112.732518,109.183218,110.366318,41137837
2024-04-29,109.859275,109.859275,105.633919,107.662090,42740622
2024-04-30,107.324061,109.690261,107.324061,107.662090,33095382
2024-05-06,106.478990,109.521247,105.633919,109.352233,39029079
2024-05-07,109.183218,110.366318,107.493076,108.000119,31367748
2024-05-08,107.662090,108.338147,105.126876,105.802933,39750331
2024-05-09,105.126876,109.183218,105.126876,107.831104,47014933
2024-05-10,108.000119,108.676176,105.802933,108.000119,35178682
2024-05-13,107.324061,109.183218,105.802933,108.507161,43499493
2024-05-14,108.338147,110.704347,107.155047,107.831104,33684665
2024-05-15,108.000119,108.507161,106.309976,106.478990,21265038
2024-05-16,106.986033,107.831104,105.464904,106.478990,36368078
2024-05-17,106.478990,106.986033,104.957862,106.309976,25670144
2024-05-20,106.478990,111.211390,106.478990,110.028290,51490692
2024-05-21,110.028290,110.028290,107.324061,107.831104,24458670
2024-05-22,108.169133,108.169133,105.295890,105.802933,37489758
2024-05-23,105.295890,105.633919,103.774762,104.112790,28383664
2024-05-24,103.774762,105.464904,103.267719,103.605748,16768906
2024-05-27,103.267719,106.140962,103.267719,105.802933,26849928
2024-05-28,105.971947,106.648004,104.957862,105.295890,18258260
2024-05-29,105.633919,108.169133,104.788847,106.986033,24937185
2024-05-30,106.986033,107.324061,103.943776,104.619833,23887143
2024-05-31,104.619833,105.295890,103.605748,103.774762,20845637
2024-06-03,103.943776,104.957862,102.929690,103.605748,20824185
2024-06-04,103.098705,105.464904,102.591662,105.126876,23755607
2024-06-05,105.126876,105.464904,102.929690,102.929690,22412900
2024-06-06,103.436733,104.281805,102.253633,102.760676,24035833
2024-06-07,103.436733,104.450819,102.591662,102.929690,17031098
2024-06-11,103.267719,103.943776,100.056448,101.070533,30257809
2024-06-12,100.563491,103.267719,100.394476,102.929690,19751064
2024-06-13,102.929690,103.098705,100.901519,101.746591,14153279
2024-06-14,101.746591,103.098705,100.901519,102.422648,18036274
2024-06-17,102.422648,103.098705,101.070533,102.253633,21244185
2024-06-18,102.600260,103.466816,101.733704,103.293505,18758385
2024-06-19,103.640128,104.679995,102.946883,103.293505,11056918
2024-06-20,103.640128,105.893174,102.773571,102.946883,22248857
2024-06-21,103.466816,104.160061,102.253637,102.946883,14819857
2024-06-24,103.466816,103.466816,101.387081,102.773571,21836244
2024-06-25,102.426949,103.986750,102.426949,102.773571,22679504
2024-06-26,102.426949,102.773571,101.040459,102.426949,19103802
2024-06-27,102.600260,102.600260,99.653969,100.173902,23722608
2024-06-28,100.173902,103.813439,100.000591,102.426949,31264254
2024-07-01,102.773571,107.106352,102.426949,106.759730,37999004
2024-07-02,107.106352,107.626286,105.373240,107.279664,27286617
2024-07-03,107.279664,107.972909,105.893174,106.239796,20171591
2024-07-04,106.239796,107.106352,104.679995,104.853306,15039566
2024-07-05,104.679995,105.373240,103.813439,104.506684,15909540
2024-07-08,104.679995,105.026618,103.293505,103.466816,15958298
2024-07-09,103.120194,104.506684,101.040459,104.160061,23822100
2024-07-10,104.333372,104.506684,101.387081,101.907015,18313431
2024-07-11,102.426949,103.466816,101.733704,102.426949,18762163
2024-07-12,102.426949,103.120194,100.000591,100.867148,21435487
2024-07-15,100.520525,100.693836,97.747545,98.440790,32246195
2024-07-16,98.614101,100.520525,98.094167,100.173902,18424377
2024-07-17,99.653969,99.653969,95.494499,96.187744,36494252
2024-07-18,96.361055,98.614101,95.494499,98.267479,22440938
2024-07-19,98.267479,98.440790,96.880989,97.920856,14951688
2024-07-22,96.880989,97.400922,94.974565,95.667810,25477500
2024-07-23,95.841121,96.014432,93.934697,93.934697,22315798
2024-07-24,94.108009,96.014432,93.068141,94.974565,20453240
2024-07-25,94.281320,94.974565,92.028274,92.721519,19945286
2024-07-26,93.241452,94.281320,92.548208,94.281320,14275487
2024-07-29,94.627943,95.667810,93.761386,95.147876,15441729
2024-07-30,95.321187,95.321187,92.894830,93.241452,19968920
2024-07-31,93.241452,95.667810,92.894830,95.321187,24730477
2024-08-01,95.494499,97.747545,95.321187,96.880989,24967910
2024-08-02,96.187744,96.361055,94.454631,94.627943,17742917
2024-08-05,93.588075,94.627943,90.988406,91.508340,23663528
2024-08-06,91.508340,93.414764,90.815095,91.335029,29475161
2024-08-07,91.854962,92.201585,90.815095,91.335029,21580581
2024-08-08,91.508340,93.241452,91.161717,92.548208,18299483
2024-08-09,93.241452,94.627943,92.548208,94.108009,20927300
2024-08-12,94.627943,95.494499,93.241452,94.974565,17028722
2024-08-13,96.880989,96.880989,94.627943,96.534366,21867180
2024-08-14,96.361055,96.534366,94.801254,94.801254,14933901
2024-08-15,94.801254,96.534366,94.281320,95.667810,12516981
2024-08-16,96.014432,96.014432,94.281320,94.627943,10180200
2024-08-19,96.187744,98.787413,96.014432,97.920856,33677560
2024-08-20,97.574234,99.827280,96.534366,96.880989,31000411
2024-08-21,96.534366,96.707678,94.454631,94.974565,21102444
2024-08-22,94.627943,94.974565,92.028274,92.721519,20820077
2024-08-23,92.201585,94.281320,92.201585,93.414764,15034971
2024-08-26,93.414764,94.281320,92.028274,93.414764,16868671
2024-08-27,93.761386,94.108009,92.894830,93.588075,15709151
2024-08-28,93.241452,95.494499,93.241452,93.588075,18901250
2024-08-29,93.414764,93.588075,92.201585,92.721519,17613300
2024-08-30,92.721519,96.187744,92.548208,95.147876,24265748
2024-09-02,94.108009,94.454631,91.335029,92.028274,33751740
2024-09-03,92.028274,93.241452,91.508340,91.854962,17946900
2024-09-04,90.641784,90.988406,88.908671,89.428605,22428988
2024-09-05,89.255294,90.468473,88.735360,89.081982,14420200
2024-09-06,89.428605,89.601916,88.042115,88.215426,14251300
2024-09-09,87.695493,87.868804,85.962380,86.482314,23559000
2024-09-10,86.135691,87.348870,83.882645,85.962380,25521284
2024-09-11,85.095824,85.442446,83.189400,83.709334,24307647
2024-09-12,83.882645,85.442446,83.536023,84.922512,22916729
2024-09-13,85.095824,86.655625,84.402579,84.402579,19584276
2024-09-18,84.402579,85.095824,83.536023,84.229268,15647061
2024-09-19,84.402579,84.922512,82.322844,84.055956,27155889
2024-09-20,83.882645,84.749201,82.842777,84.055956,22607807
2024-09-23,84.229268,84.922512,83.362711,84.402579,14505980
2024-09-24,84.922512,88.908671,84.575890,88.735360,37783381
2024-09-25,89.428605,91.854962,89.255294,89.948539,43620012
2024-09-26,89.775227,90.988406,88.908671,90.815095,41376166
2024-09-27,90.815095,94.108009,90.815095,94.108009,36953699
2024-09-30,97.574234,102.253637,96.880989,100.867148,99589453
2024-10-08,110.919200,110.919200,101.213770,104.679995,103017367
2024-10-09,103.120194,103.293505,95.841121,96.880989,72400642
2024-10-10,96.187744,101.560393,95.841121,98.614101,57815381
2024-10-11,98.787413,100.347214,96.707678,97.747545,41274150
2024-10-14,97.574234,98.440790,96.361055,98.440790,40237500
2024-10-15,96.880989,97.227611,94.108009,94.108009,47454303
2024-10-16,94.108009,95.321187,92.894830,94.108009,37547446
2024-10-17,94.627943,96.014432,92.548208,92.721519,30794869
2024-10-18,92.894830,95.667810,92.028274,94.454631,38431437
2024-10-21,94.281320,94.801254,92.894830,93.414764,33733200
2024-10-22,93.761386,94.454631,93.068141,94.454631,31755062
2024-10-23,94.627943,96.707678,94.454631,95.667810,41335435
2024-10-24,95.667810,95.667810,94.281320,94.627943,23643931
2024-10-25,94.627943,95.321187,94.454631,94.974565,25658280
2024-10-28,95.667810,96.707678,95.321187,96.187744,51777336
2024-10-29,96.880989,96.880989,93.241452,93.761386,58039418
2024-10-30,93.761386,94.974565,92.548208,94.281320,45965174
2024-10-31,93.934697,95.147876,93.761386,93.934697,40327206
2024-11-01,94.108009,96.361055,93.934697,95.494499,57298032
2024-11-04,96.014432,97.747545,95.147876,97.574234,44478569
2024-11-05,97.747545,98.960724,97.400922,98.960724,45209311
2024-11-06,98.960724,99.827280,98.094167,98.787413,41648433
2024-11-07,98.267479,100.000591,97.574234,100.000591,44944311
2024-11-08,100.520525,101.040459,97.574234,97.747545,54657412
2024-11-11,96.707678,97.400922,95.494499,96.361055,49829334
2024-11-12,96.534366,98.094167,95.321187,96.014432,63424842
2024-11-13,95.841121,97.400922,95.321187,96.880989,32998981
2024-11-14,96.361055,97.400922,94.801254,94.974565,37981505
2024-11-15,94.627943,96.707678,94.454631,94.974565,33662414
2024-11-18,95.841121,98.267479,95.841121,96.534366,63362461
2024-11-19,96.534366,97.400922,94.974565,96.707678,38888607
2024-11-20,96.707678,97.574234,95.841121,97.400922,39947881
2024-11-21,97.400922,97.920856,96.014432,96.361055,33137693
2024-11-22,96.707678,97.400922,93.414764,93.414764,41886364
2024-11-25,93.588075,96.014432,92.201585,92.201585,75839517
2024-11-26,92.374896,92.894830,90.121850,92.201585,46003549
2024-11-27,91.854962,93.241452,90.641784,93.068141,28599391
2024-11-28,92.548208,93.068141,91.335029,91.508340,34830525
2024-11-29,91.681651,92.894830,91.161717,92.374896,28367701
2024-12-02,92.548208,94.454631,92.201585,94.108009,34584321
2024-12-03,94.108009,94.454631,93.068141,94.454631,31443947
2024-12-04,94.281320,96.361055,93.761386,95.147876,36224711
2024-12-05,94.454631,94.801254,93.068141,93.414764,38911821
2024-12-06,93.241452,94.974565,93.241452,94.801254,29238102
2024-12-09,94.801254,95.841121,94.454631,94.974565,28375691
2024-12-10,96.534366,97.054300,94.801254,94.974565,37635802
2024-12-11,94.627943,96.361055,94.627943,96.361055,35138774
2024-12-12,96.187744,96.880989,95.667810,96.534366,24892597
2024-12-13,96.187744,96.534366,94.281320,94.281320,36595474
2024-12-16,94.454631,95.667810,94.281320,94.974565,26214201
2024-12-17,94.974565,95.667810,93.588075,94.281320,23457633
2024-12-18,94.801254,96.187744,94.801254,94.974565,25334303
2024-12-19,94.627943,94.974565,92.894830,94.281320,27562000
2024-12-20,93.761386,94.281320,92.894830,93.068141,22106470
2024-12-23,93.068141,95.147876,93.068141,93.761386,32247828
2024-12-24,93.588075,96.014432,93.588075,95.494499,29265348
2024-12-25,95.667810,96.187744,94.974565,95.841121,18259600
2024-12-26,95.667810,95.841121,94.454631,94.627943,19781000
2024-12-27,94.974565,95.841121,94.454631,95.667810,23930915
2024-12-30,95.841121,96.880989,95.494499,96.361055,29278181
2024-12-31,96.534366,97.054300,94.627943,94.801254,28845992
2025-01-02,94.801254,95.494499,91.854962,92.894830,43787406
2025-01-03,92.894830,95.841121,92.894830,93.241452,44248577
2025-01-06,93.414764,94.281320,92.201585,93.588075,31302860
2025-01-07,93.588075,94.801254,93.068141,93.934697,20548335
2025-01-08,93.934697,95.841121,93.241452,94.627943,37990788
2025-01-09,94.627943,94.627943,91.854962,91.854962,35398481
2025-01-10,92.028274,92.374896,90.815095,91.508340,23179020
2025-01-13,91.854962,93.241452,91.508340,92.028274,26567374
2025-01-14,91.854962,93.761386,91.161717,93.588075,40136365
2025-01-15,93.241452,95.147876,92.894830,94.801254,39110040
2025-01-16,95.667810,96.707678,95.321187,96.187744,40101568
2025-01-17,96.187744,97.920856,95.321187,97.574234,46648785
2025-01-20,97.574234,98.094167,95.494499,95.667810,34220900
2025-01-21,95.841121,96.014432,92.548208,92.721519,48516795
2025-01-22,92.548208,92.894830,91.335029,92.028274,27518125
2025-01-23,92.374896,93.588075,92.028274,92.028274,28651794
2025-01-24,92.028274,93.241452,91.681651,92.721519,26987686
2025-01-27,92.894830,95.147876,92.894830,93.588075,38095534
2025-02-05,93.761386,94.108009,91.161717,91.681651,45414444
2025-02-06,91.161717,92.028274,90.988406,91.854962,28273507
2025-02-07,91.854962,92.548208,91.161717,92.028274,37458339
2025-02-10,92.028274,92.374896,91.681651,91.681651,32841240
2025-02-11,91.854962,92.721519,91.161717,91.508340,37256201
2025-02-12,91.335029,91.681651,90.468473,91.335029,34617842
2025-02-13,90.988406,91.508340,90.641784,90.815095,29146212
2025-02-14,90.815095,90.988406,89.775227,89.948539,32535211
2025-02-17,90.121850,90.121850,88.908671,89.428605,39196843
2025-02-18,89.428605,90.121850,88.562049,88.908671,35808043
2025-02-19,88.735360,91.508340,87.695493,89.255294,89474755
2025-02-20,88.388738,88.388738,87.522181,87.695493,56946933
2025-02-21,87.695493,88.042115,86.828936,87.522181,37580821
2025-02-24,87.175559,87.868804,86.828936,87.522181,32470322
2025-02-25,87.348870,87.868804,86.655625,87.175559,27466712
2025-02-26,87.175559,87.522181,87.002247,87.348870,25227258
2025-02-27,87.348870,87.868804,86.828936,87.695493,33835307
2025-02-28,87.695493,89.081982,87.522181,88.215426,57368500
2025-03-03,88.388738,89.948539,87.868804,88.042115,41709502
2025-03-04,87.868804,88.042115,87.175559,87.522181,22529919
2025-03-05,87.522181,87.695493,86.482314,86.828936,30663351
2025-03-06,86.655625,87.002247,85.962380,86.482314,44821261
2025-03-07,86.309003,87.002247,86.135691,86.482314,28669936
2025-03-10,86.309003,87.002247,86.135691,87.002247,25104398
2025-03-11,86.482314,87.868804,86.135691,87.868804,29699604
2025-03-12,88.215426,88.215426,87.348870,87.522181,23853315
2025-03-13,87.695493,88.908671,87.695493,88.908671,48253043
2025-03-14,89.775227,93.241452,89.601916,92.548208,132475638
2025-03-17,94.627943,99.307346,94.627943,95.321187,165905254
2025-03-18,96.187744,98.440790,95.494499,97.227611,128467860
2025-03-19,97.920856,98.440790,96.361055,97.054300,77858328
2025-03-20,97.400922,101.907015,97.400922,100.173902,149585535
2025-03-21,101.907015,110.225955,101.040459,107.452975,344694734
2025-03-24,110.399266,110.745889,104.853306,108.666154,271033026
2025-03-25,105.546551,107.799598,104.679995,105.719863,165053429
2025-03-26,105.373240,107.799598,103.986750,104.679995,123273403
2025-03-27,104.333372,105.026618,101.733704,102.600260,115619372
2025-03-28,102.080326,102.253637,99.827280,100.173902,87824891
2025-03-31,99.134035,100.000591,98.267479,98.787413,60926295
2025-04-01,99.653969,101.213770,98.440790,98.787413,58076503
2025-04-02,98.440790,99.307346,97.747545,98.440790,48832998
2025-04-03,97.400922,97.920856,96.534366,97.227611,46587647
2025-04-07,91.335029,91.854962,87.522181,87.522181,89439863
2025-04-08,87.695493,90.468473,87.002247,89.601916,89553357
2025-04-09,89.601916,92.721519,87.522181,92.201585,97503394
2025-04-10,93.068141,94.281320,91.681651,93.414764,80313795
2025-04-11,92.548208,93.068141,91.508340,92.028274,55649760
2025-04-14,92.721519,93.588075,92.201585,93.068141,45374708
2025-04-15,92.721519,92.894830,91.335029,92.374896,32637276
2025-04-16,91.854962,92.028274,90.121850,91.508340,41911880
2025-04-17,91.508340,92.548208,91.161717,92.028274,30480750
2025-04-18,91.681651,93.761386,91.681651,93.068141,38584600
2025-04-21,92.201585,93.414764,92.028274,93.241452,31674196
2025-04-22,92.894830,93.588075,92.721519,93.068141,30443300
2025-04-23,93.241452,94.454631,92.894830,94.108009,37351800
2025-04-24,93.761386,96.014432,93.761386,94.454631,46665253
2025-04-25,94.801254,95.667810,94.281320,94.801254,31469100
2025-04-28,95.667810,95.667810,93.068141,93.934697,36624022
2025-04-29,93.588075,94.801254,92.374896,92.894830,42983600
2025-04-30,92.894830,93.068141,91.854962,92.028274,39831471
2025-05-06,92.201585,92.721519,91.335029,92.548208,70882693
2025-05-07,93.241452,94.627943,93.241452,93.934697,65507477
2025-05-08,93.934699,94.474553,92.854989,93.394844,45212708
2025-05-09,93.754747,94.114650,92.495086,92.854989,38433774
2025-05-12,93.214893,95.014408,93.034941,94.114650,46570437
2025-05-13,94.834456,95.374311,94.114650,94.474553,35157663
2025-05-14,94.834456,95.194359,93.934699,95.014408,42597884
2025-05-15,94.654505,95.014408,93.934699,94.114650,30329600
2025-05-16,93.934699,94.474553,93.214893,93.394844,26444580
2025-05-19,93.394844,93.934699,93.034941,93.574796,22770408
2025-05-20,93.574796,95.734214,93.214893,95.014408,52903835
2025-05-21,95.014408,95.194359,94.294602,94.474553,25213822
2025-05-22,94.114650,94.474553,93.214893,93.214893,31815707
2025-05-23,93.394844,94.294602,92.675038,92.675038,32563600
2025-05-26,92.675038,93.754747,92.495086,93.394844,25805901
2025-05-27,93.394844,93.754747,93.034941,93.214893,17478927
2025-05-28,93.214893,94.834456,93.034941,94.654505,41112215
2025-05-29,94.654505,95.194359,94.294602,94.654505,25695137
2025-05-30,94.654505,94.834456,93.934699,94.114650,23519985
2025-06-03,93.934699,94.294602,93.394844,93.754747,23459040
2025-06-04,93.934699,94.474553,93.574796,94.294602,22486804
2025-06-05,94.294602,94.474553,93.394844,93.574796,25995700
2025-06-06,93.754747,94.474553,93.574796,94.294602,27732438
2025-06-09,94.474553,95.194359,94.294602,94.834456,29614736
2025-06-10,95.014408,95.194359,93.574796,94.294602,27250999
2025-06-11,94.294602,95.374311,94.114650,95.194359,30240149
2025-06-12,96.274069,97.353778,95.554262,96.274069,46473500
2025-06-13,98.973342,100.412954,97.713681,99.333245,139708747
2025-06-16,100.412954,100.592905,96.993875,97.353778,116452628
2025-06-17,96.454020,99.153293,95.914165,99.153293,92702416
2025-06-18,99.513196,101.672614,98.433487,98.613438,86503062
2025-06-19,98.073584,101.852566,97.173826,100.233002,114945032
2025-06-20,99.153293,99.513196,97.353778,98.613438,73129690
2025-06-23,100.412954,100.952808,98.793390,99.513196,80638243
2025-06-24,95.554262,97.173826,94.654505,96.454020,98390873
2025-06-25,96.274069,98.433487,95.194359,97.713681,64933929
2025-06-26,97.533729,98.613438,96.813923,97.173826,40850590
2025-06-27,96.813923,97.713681,96.454020,96.993875,30028037
2025-06-30,97.533729,99.153293,97.173826,98.253535,41331201
2025-07-01,98.073584,98.613438,97.533729,98.073584,22133002
2025-07-02,100.412954,102.932275,99.333245,101.492663,111249901
2025-07-03,101.852566,102.212469,99.873099,100.233002,57048701
2025-07-04,100.412954,100.772857,99.693148,99.873099,35127551
2025-07-07,99.693148,99.873099,98.613438,98.973342,37531000
2025-07-08,98.973342,99.513196,98.613438,99.513196,33544124
2025-07-09,99.333245,99.873099,98.973342,99.153293,30966400
2025-07-10,99.153293,100.952808,98.973342,100.592905,40375173
2025-07-11,100.233002,100.952808,99.873099,100.233002,40652074
2025-07-14,100.412954,101.132760,100.233002,100.233002,26933119
2025-07-15,100.233002,100.412954,98.433487,98.613438,32847694
2025-07-16,98.613438,98.793390,97.893632,98.253535,23258724
2025-07-17,98.073584,98.613438,97.713681,98.253535,21843859
2025-07-18,98.433487,99.513196,98.253535,99.153293,25304133
2025-07-21,99.153293,101.492663,98.973342,100.952808,51759260
2025-07-22,100.952808,102.572372,100.233002,102.572372,51772768
2025-07-23,103.112227,103.472130,101.492663,101.672614,38725566
2025-07-24,101.672614,102.212469,100.772857,102.212469,39523765
2025-07-25,102.212469,102.572372,101.492663,101.852566,31298250
2025-07-28,101.852566,101.852566,100.233002,100.952808,31071385
2025-07-29,101.312711,101.672614,100.412954,101.312711,23275938
2025-07-30,101.492663,102.572372,100.952808,101.492663,32267482
2025-07-31,101.672614,101.852566,98.613438,99.153293,50561301
2025-08-01,98.973342,99.513196,98.613438,98.793390,23513874
2025-08-04,98.253535,99.153293,97.713681,98.793390,23220780
2025-08-05,98.973342,100.412954,98.793390,100.233002,29829398
2025-08-06,100.233002,100.952808,99.693148,100.772857,28691736
2025-08-07,100.772857,101.492663,100.233002,101.132760,25418674
2025-08-08,101.312711,103.112227,100.952808,102.032518,55862984
2025-08-11,101.852566,102.032518,99.873099,100.233002,61966988
2025-08-12,100.233002,103.472130,100.053051,102.932275,62461747
2025-08-13,102.572372,104.011984,102.572372,103.112227,40516200
2025-08-14,102.932275,104.011984,102.032518,102.572372,31222225
2025-08-15,102.572372,103.832033,102.032518,103.652081,36868154
2025-08-18,102.752324,102.752324,100.592905,101.132760,103256951
2025-08-19,100.952808,101.852566,99.513196,100.233002,66292881
2025-08-20,100.233002,100.592905,99.873099,100.592905,47469040
2025-08-21,100.772857,102.212469,100.412954,101.672614,74607047
2025-08-22,101.852566,101.852566,100.053051,101.672614,64825752
2025-08-25,101.672614,102.572372,101.132760,102.392421,102991185
2025-08-26,102.212469,102.932275,101.492663,102.212469,54641931
2025-08-27,102.032518,102.212469,100.053051,100.053051,78551332
2025-08-28,100.233002,101.852566,98.433487,100.053051,83042305
2025-08-29,100.053051,102.572372,99.153293,99.513196,114710094
2025-09-01,102.572372,103.472130,98.973342,99.153293,213741197
2025-09-02,99.333245,99.513196,96.813923,98.793390,100668158
2025-09-03,98.973342,98.973342,96.633972,96.993875,59203757
2025-09-04,96.993875,97.173826,95.374311,96.454020,56763079
2025-09-05,96.274069,98.073584,96.274069,97.533729,46465310
2025-09-08,97.533729,98.073584,96.993875,97.173826,56351505
2025-09-09,97.173826,97.353778,96.094117,96.274069,37961200
2025-09-10,96.454020,96.993875,96.094117,96.274069,45974640
2025-09-11,96.454020,96.993875,95.734214,96.993875,42543302
2025-09-12,96.813923,97.533729,95.554262,96.274069,81035703
2025-09-15,96.094117,96.813923,95.914165,95.914165,34842600
2025-09-16,96.094117,96.274069,94.834456,95.554262,37265546
2025-09-17,95.734214,96.633972,95.374311,96.274069,39683558
2025-09-18,96.274069,96.633972,94.294602,94.834456,51167114
2025-09-19,95.014408,95.194359,94.294602,95.194359,23874633
2025-09-22,95.194359,95.734214,94.114650,95.014408,34943294
2025-09-23,94.834456,95.014408,93.214893,94.294602,39837548
2025-09-24,94.114650,96.274069,94.114650,95.914165,54738946
2025-09-25,95.914165,95.914165,94.474553,95.014408,30370740
2025-09-26,94.834456,95.734214,94.654505,95.194359,33145401
2025-09-29,95.374311,96.274069,94.114650,96.274069,37077023
2025-09-30,95.734214,96.094117,95.014408,95.374311,30341920
2025-10-09,95.374311,96.633972,94.654505,96.454020,55228171
2025-10-10,96.274069,97.713681,95.914165,97.353778,58968962
2025-10-13,95.734214,96.454020,95.014408,96.094117,52133872
2025-10-14,96.454020,97.713681,96.274069,97.353778,64160982
2025-10-15,97.353778,98.613438,96.993875,98.253535,57495019
2025-10-16,98.433487,98.973342,97.713681,98.433487,52758051
2025-10-17,98.253535,98.613438,96.633972,96.993875,34922030
2025-10-20,97.173826,97.353778,95.734214,97.353778,36616321
2025-10-21,97.353778,99.873099,96.993875,99.513196,78797830
2025-10-22,100.053051,101.132760,99.153293,99.873099,76492477
2025-10-23,100.233002,100.772857,99.153293,100.592905,67918380
2025-10-24,100.233002,101.312711,98.613438,98.973342,58309246
2025-10-27,99.513196,102.212469,98.613438,100.772857,86553938
2025-10-28,100.592905,100.952808,98.793390,99.153293,53353986
2025-10-29,98.973342,99.333245,97.893632,98.433487,53060318
2025-10-30,98.613438,100.053051,98.253535,98.793390,47312070
2025-10-31,98.613438,98.973342,97.893632,97.893632,37822515
2025-11-03,98.073584,101.492663,98.073584,100.952808,93423711
2025-11-04,100.412954,101.132760,99.513196,100.233002,42007781
2025-11-05,99.693148,101.672614,99.333245,100.952808,51633716
2025-11-06,100.772857,103.112227,100.412954,102.572372,72716328
2025-11-07,102.572372,103.832033,102.212469,103.292178,59703837
2025-11-10,102.932275,105.271645,102.752324,105.091694,56533239
2025-11-11,104.731790,105.631548,104.371887,104.551839,39181190
2025-11-12,104.911742,107.071160,104.551839,105.271645,67031630
2025-11-13,104.371887,105.271645,103.472130,104.911742,61738105
2025-11-14,104.911742,105.811500,103.472130,103.832033,36322514
2025-11-17,103.832033,104.551839,103.112227,103.652081,41746080
2025-11-18,103.292178,103.652081,101.492663,102.212469,41826201
2025-11-19,102.392421,103.472130,101.852566,102.572372,40908103
2025-11-20,102.032518,102.752324,100.772857,100.952808,36899251
2025-11-21,100.412954,101.132760,98.433487,98.433487,49574367
2025-11-24,98.973342,99.513196,97.173826,97.353778,44902461
2025-11-25,97.533729,97.893632,97.173826,97.173826,35210270
2025-11-26,97.173826,98.073584,96.813923,96.813923,30986393
2025-11-27,96.993875,97.353778,96.454020,96.993875,26318309
2025-11-28,96.813923,97.893632,96.813923,97.353778,30163818
2025-12-01,97.533729,98.793390,97.353778,98.433487,36863309
2025-12-02,98.433487,100.233002,97.533729,99.693148,44129375
2025-12-03,99.513196,101.852566,99.333245,101.132760,39318509
2025-12-04,101.132760,101.672614,100.233002,100.592905,25190670
2025-12-05,100.412954,102.212469,100.233002,101.852566,29931766
2025-12-08,101.672614,102.032518,99.513196,99.693148,41192287
2025-12-09,99.693148,99.873099,97.533729,97.533729,39088262
2025-12-10,97.533729,98.253535,96.993875,97.893632,31111938
2025-12-11,98.073584,99.333245,97.353778,97.533729,31233711
2025-12-12,97.533729,98.613438,97.533729,97.713681,40641452
2025-12-15,97.713681,98.613438,97.533729,97.713681,33296353
2025-12-16,97.533729,97.893632,95.734214,96.094117,52068920
2025-12-17,95.914165,96.993875,95.014408,96.633972,35317777
2025-12-18,96.633972,97.893632,96.274069,97.533729,34564445
2025-12-19,97.173826,97.893632,96.813923,97.353778,32767930
2025-12-22,97.533729,98.973342,97.533729,98.073584,32924901
2025-12-23,98.613438,100.053051,98.433487,98.973342,46075583
2025-12-24,98.973342,99.513196,98.613438,99.153293,22625908
2025-12-25,99.333245,99.873099,98.613438,99.693148,24592224
2025-12-26,99.513196,100.233002,99.153293,99.333245,25258386
2025-12-29,98.973342,100.592905,98.793390,99.333245,32343911
2025-12-30,99.153293,100.233002,98.253535,99.153293,41076240
2025-12-31,99.153293,99.333245,98.433487,98.793390,29050676
2026-01-05,100.233002,101.132760,99.153293,100.053051,59453197
2026-01-06,100.233002,102.212469,99.873099,101.852566,55411310
2026-01-07,101.672614,101.672614,100.412954,100.772857,45940567
2026-01-08,100.772857,106.531306,100.053051,103.832033,113370213
2026-01-09,105.811500,107.611015,103.832033,106.531306,105331662
2026-01-12,106.351354,107.251112,105.451597,106.171403,71547332
2026-01-13,107.071160,109.590482,106.351354,107.431063,100133093
2026-01-14,107.790966,111.569949,107.611015,109.050627,113459416
2026-01-15,108.150870,111.210046,107.251112,111.030094,72360873
2026-01-16,109.590482,109.950385,106.711257,107.251112,76320540
2026-01-19,107.970918,111.569949,106.531306,111.030094,71299928
2026-01-20,111.389997,112.289755,108.870676,111.929852,67388011
2026-01-21,112.289755,114.629125,111.210046,114.269222,79344233
2026-01-22,113.369464,119.667767,113.189512,118.228155,131956710
2026-01-23,117.148446,119.667767,116.248688,117.508349,79953284
2026-01-26,117.868252,120.207622,116.788543,118.228155,102016148
2026-01-27,117.868252,118.947961,115.168979,116.068737,75885590
2026-01-28,117.148446,122.367040,117.148446,120.927428,137865910
2026-01-29,122.367040,125.246265,119.667767,123.446750,164466781
2026-01-30,122.906895,125.246265,116.968495,120.027671,151361440
2026-02-02,115.708834,119.667767,114.809076,115.708834,119748940
2026-02-03,115.888785,117.148446,114.449173,116.608591,65548728
2026-02-04,118.048204,120.927428,116.968495,120.387574,74183075
2026-02-05,120.027671,120.927428,116.428640,116.788543,54403371
2026-02-06,114.629125,120.567525,114.089270,118.947961,58774444
2026-02-09,118.048204,119.667767,116.608591,117.328398,53110060
2026-02-10,118.048204,119.127913,116.608591,117.328398,41063593
2026-02-11,117.328398,129.025247,116.788543,129.025247,197733461
2026-02-12,131.364617,133.524035,128.845295,130.284908,175366338
2026-02-13,128.845295,129.205199,122.546992,123.446750,109262940
2026-02-24,127.765586,135.323551,126.505926,134.423793,213525967
2026-02-25,131.364617,136.943114,129.745053,133.524035,217791726
2026-02-26,132.084423,136.043357,129.745053,129.925005,101502160
2026-02-27,130.104956,132.084423,128.305441,129.745053,76830897
2026-03-02,139.642387,142.701563,133.703987,142.701563,264720056
2026-03-03,150.799382,156.917734,149.359770,156.917734,389096834
2026-03-04,150.259528,153.318704,141.261951,147.020400,395962028
2026-03-05,139.822339,144.860982,134.423793,138.562678,269317312
2026-03-06,136.763163,140.182242,133.164132,135.863405,171380919
2026-03-09,145.940691,147.560255,134.783696,135.143599,260892666
2026-03-10,127.765586,132.264375,127.765586,129.565102,190704054
2026-03-11,128.665344,129.565102,126.685877,128.665344,115469844
2026-03-12,130.464859,130.824762,126.505926,127.225732,139235348
2026-03-13,128.125489,132.084423,127.945538,128.845295,137048828
2026-03-16,131.904471,136.403260,126.505926,127.585635,150901391
2026-03-17,128.485392,129.385150,124.166556,126.325974,112363060
2026-03-18,125.066313,125.246265,121.467283,122.906895,88625022
2026-03-19,125.966071,126.865829,121.467283,122.367040,114576561
2026-03-20,120.207622,122.906895,118.048204,120.927428,104906764
2026-03-23,120.927428,121.467283,113.909318,115.888785,123251570
2026-03-24,115.888785,116.968495,114.089270,116.968495,73732676
2026-03-25,115.168979,117.688301,114.089270,117.328398,67114959
2026-03-26,116.968495,122.007137,116.608591,120.927428,112592016
2026-03-27,119.847719,122.726943,119.487816,120.927428,65416292
2026-03-30,122.367040,122.546992,118.408107,120.027671,58655653
2026-03-31,120.207622,120.927428,116.968495,117.148446,52362390
2026-04-01,116.968495,121.467283,116.788543,119.307864,57395291
2026-04-02,119.487816,124.886362,119.487816,124.166556,127490744
2026-04-03,123.086847,123.626701,119.487816,122.187089,83305053
2026-04-07,120.567525,126.146023,118.588058,125.246265,80769094
2026-04-08,118.048204,123.086847,117.148446,121.827186,110621035
2026-04-09,122.187089,123.986604,119.847719,121.287331,57818423
2026-04-10,121.107380,127.225732,120.207622,126.325974,106195227
2026-04-13,128.305441,128.665344,124.346507,126.325974,70287160
2026-04-14,124.886362,129.025247,124.166556,128.485392,73876470
2026-04-15,126.865829,129.205199,126.685877,127.585635,47595203
2026-04-16,127.405683,131.904471,126.865829,130.644811,72561282
2026-04-17,130.824762,131.364617,125.066313,126.146023,83023941
2026-04-20,125.426216,126.146023,123.086847,125.786119,55147343
2026-04-21,125.786119,126.865829,123.626701,124.706410,37173563
2026-04-22,124.706410,125.246265,122.007137,122.546992,44529900
2026-04-23,122.367040,128.305441,122.367040,127.585635,72446292
2026-04-24,127.585635,128.125489,123.626701,123.626701,46148650
2026-04-27,121.467283,123.446750,118.588058,121.467283,51268235
2026-04-28,121.467283,122.187089,119.127913,121.467283,34287752
2026-04-29,121.467283,123.806653,120.747477,123.266798,34614010
2026-04-30,124.346507,124.886362,120.567525,121.827186,43917102
2026-05-06,120.747477,120.747477,115.528882,116.788543,95798006
2026-05-07,115.888785,116.068737,113.369464,114.809076,57199976
2026-05-08,115.348931,116.068737,114.089270,114.629125,37111849
2026-05-11,115.168979,116.608591,114.989028,115.888785,44249367
2026-05-12,116.428640,117.328398,114.449173,115.168979,35958592
2026-05-13,115.528882,116.248688,113.729367,114.449173,39132314
2026-05-14,114.449173,114.449173,111.210046,111.389997,49799780
2026-05-15,111.210046,112.109803,109.770433,111.389997,38981708
2026-05-18,112.109803,114.629125,111.389997,113.549415,49895428
2026-05-19,112.829609,113.549415,110.490239,111.929852,38824956
2026-05-20,111.569949,112.829609,110.490239,111.749900,36771500
2026-05-21,110.850142,111.210046,107.071160,107.611015,45823010
2026-05-22,107.611015,108.690724,106.711257,108.330821,31408104
2026-05-25,107.251112,108.150870,105.091694,105.271645,41488160
2026-05-26,104.911742,105.451597,103.292178,104.011984,35472196
2026-05-27,103.472130,104.011984,100.592905,101.852566,39926620
2026-05-28,101.672614,102.752324,100.952808,101.852566,24465720
2026-05-29,101.852566,102.032518,100.233002,100.952808,34124452
2026-06-01,101.132760,103.292178,100.952808,103.112227,34990100
2026-06-02,104.191936,104.551839,101.312711,102.212469,40151600
2026-06-03,102.392421,103.472130,101.132760,103.292178,44691316
2026-06-04,102.572372,105.271645,100.592905,103.292178,60796566
2026-06-05,102.572372,105.271645,101.852566,102.392421,40938118
2026-06-08,102.032518,103.472130,101.312711,102.752324,41897387
2026-06-09,101.132760,101.312711,97.893632,98.073584,58153085
2026-06-10,97.713681,97.893632,95.734214,97.173826,41724769
2026-06-11,97.893632,99.693148,97.173826,97.713681,31760000
2026-06-12,96.454020,101.672614,96.274069,98.973342,52474909
2026-06-15,98.793390,100.952808,98.073584,99.693148,43387630
2026-06-16,99.333245,99.693148,96.633972,97.173826,33345072
2026-06-17,97.713681,97.893632,96.274069,97.353778,28342501
2026-06-18,97.353778,98.973342,96.274069,96.454020,39691345
2026-06-22,96.454020,98.613438,94.294602,98.253535,51077312
2026-06-23,97.533729,98.973342,96.274069,96.274069,31983305
2026-06-24,96.274069,97.353778,94.114650,94.474553,39861700
2026-06-25,93.934699,94.114650,90.875523,92.495086,56190129
2026-06-26,92.495086,93.214893,89.975765,90.695571,35288012
2026-06-29,91.235426,91.955232,88.716104,91.235426,35301700
2026-06-30,90.335668,91.055474,89.435910,90.515620,23280547
2026-07-01,90.155717,92.854989,89.975765,91.235426,30318400
2026-07-02,91.055474,92.495086,90.155717,91.595329,30329907
2026-07-03,91.415377,93.214893,91.415377,92.854989,30668172
2026-07-06,92.854989,94.114650,91.595329,93.394844,29347398
2026-07-07,94.114650,94.114650,90.155717,90.695571,31053200
2026-07-08,91.775280,93.214893,90.875523,92.495086,35673960
2026-07-09,93.214893,94.474553,91.595329,91.955232,45739790
2026-07-10,90.875523,94.294602,89.076007,93.394844,48272502
2026-07-13,93.934699,95.194359,93.394844,94.114650,42943792
2026-07-14,95.374311,97.713681,95.014408,96.993875,63928818
2026-07-15,95.374311,97.173826,94.834456,96.274069,37660468
2026-07-16,95.914165,97.533729,94.834456,97.533729,44637908
2026-07-17,97.533729,99.873099,95.374311,95.914165,47703883
2026-07-20,96.993875,101.132760,96.633972,100.592905,85950602
2026-07-21,99.286500,102.459189,97.606841,99.659758,66168180
2026-07-22,100.406273,103.205704,99.659758,103.019076,53897353
2026-07-23,103.952219,106.005136,102.832447,105.818507,53218293
2026-07-24,107.498166,108.058052,102.645818,102.832447,61922029
2026-07-27,99.099872,103.205704,97.606841,103.205704,55235682
2026-07-28,101.526045,103.392333,100.966159,102.832447,33809956
2026-07-29,103.392333,105.445249,103.019076,103.578962,29116220
2026-07-30,105.071992,106.191764,102.645818,105.631878,40634000
2026-07-31,102.645818,106.938279,102.645818,106.751651,49521741
2026-08-03,105.818507,107.684795,105.258621,106.565022,25329801
2026-08-04,106.938279,106.938279,105.071992,105.445249,22708746
2026-08-05,104.698734,105.445249,103.392333,104.698734,27189079
2026-08-06,104.512106,105.258621,102.832447,104.512106,24559600
2026-08-07,105.445249,106.005136,103.578962,103.765591,26353100
