date,open,high,low,close,volume
2018-01-02,6.180000,6.320000,6.160000,6.300000,302556
2018-01-03,6.270000,6.360000,6.250000,6.280000,193623
2018-01-04,6.320000,6.660000,6.310000,6.580000,866621
2018-01-05,6.510000,6.600000,6.470000,6.570000,401994
2018-01-08,6.550000,6.680000,6.490000,6.520000,392424
2018-01-09,6.480000,6.560000,6.450000,6.500000,210080
2018-01-10,6.710000,7.060000,6.660000,6.770000,680703
2018-01-11,6.740000,6.750000,6.620000,6.670000,227386
2018-01-12,6.650000,6.780000,6.650000,6.690000,202477
2018-01-15,6.780000,6.980000,6.740000,6.860000,435128
2018-01-16,6.810000,6.910000,6.790000,6.880000,266451
2018-01-17,6.720000,6.810000,6.470000,6.590000,459902
2018-01-18,6.600000,6.650000,6.540000,6.630000,145481
2018-01-19,6.590000,6.630000,6.490000,6.520000,270935
2018-01-22,6.500000,6.580000,6.470000,6.540000,155161
2018-01-23,6.570000,6.720000,6.560000,6.690000,322595
2018-01-24,6.730000,7.220000,6.730000,7.160000,793174
2018-01-25,7.210000,7.490000,7.190000,7.240000,760159
2018-01-26,7.310000,7.330000,7.160000,7.260000,290199
2018-01-29,7.310000,7.480000,7.190000,7.270000,402063
2018-01-30,7.200000,7.310000,7.050000,7.240000,364370
2018-01-31,7.100000,7.100000,6.940000,7.000000,283083
2018-02-01,7.010000,7.080000,6.660000,6.680000,335827
2018-02-02,6.820000,7.350000,6.750000,7.350000,748114
2018-02-05,7.250000,7.340000,7.160000,7.310000,423453
2018-02-06,7.150000,7.150000,6.750000,6.780000,490956
2018-02-07,6.970000,7.060000,6.620000,6.930000,466830
2018-02-08,6.800000,6.830000,6.580000,6.650000,265714
2018-02-09,6.410000,6.470000,6.100000,6.150000,377895
2018-02-12,6.160000,6.290000,6.140000,6.230000,150651
2018-02-13,6.240000,6.350000,6.230000,6.300000,104838
2018-02-14,6.280000,6.320000,6.180000,6.260000,93872
2018-02-22,6.350000,6.570000,6.320000,6.520000,209028
2018-02-23,6.520000,6.710000,6.450000,6.530000,185249
2018-02-26,6.620000,6.740000,6.530000,6.720000,177553
2018-02-27,6.730000,6.750000,6.420000,6.520000,216575
2018-02-28,6.460000,6.530000,6.340000,6.500000,128294
2018-03-01,6.440000,6.490000,6.350000,6.480000,248762
2018-03-02,6.400000,6.520000,6.380000,6.460000,149622
2018-03-05,6.460000,6.480000,6.370000,6.400000,104146
2018-03-06,6.460000,6.470000,6.370000,6.470000,140083
2018-03-07,6.460000,6.460000,6.260000,6.290000,237474
2018-03-08,6.320000,6.360000,6.260000,6.340000,100591
2018-03-09,6.330000,6.370000,6.290000,6.360000,125110
2018-03-12,6.420000,6.550000,6.390000,6.500000,242168
2018-03-13,6.470000,6.500000,6.410000,6.430000,139809
2018-03-14,6.400000,6.570000,6.390000,6.490000,148759
2018-03-15,6.470000,6.500000,6.420000,6.490000,102540
2018-03-16,6.490000,6.510000,6.380000,6.380000,116241
2018-03-19,6.400000,6.420000,6.340000,6.380000,87610
2018-03-20,6.350000,6.380000,6.290000,6.360000,93704
2018-03-21,6.440000,6.520000,6.350000,6.360000,185008
2018-03-22,6.500000,6.650000,6.450000,6.530000,377375
2018-03-23,6.370000,6.380000,6.130000,6.160000,329412
2018-03-26,6.180000,6.280000,6.120000,6.220000,168136
2018-03-27,6.280000,6.310000,6.180000,6.280000,216891
2018-03-28,6.190000,6.220000,6.070000,6.110000,178830
2018-03-29,6.110000,6.220000,6.110000,6.170000,161137
2018-03-30,6.220000,6.240000,6.160000,6.180000,94897
2018-04-02,6.180000,6.210000,6.120000,6.160000,173800
2018-04-03,6.050000,6.220000,6.020000,6.130000,197842
2018-04-04,6.150000,6.170000,6.050000,6.060000,176234
2018-04-09,6.060000,6.110000,6.000000,6.080000,125413
2018-04-10,6.110000,6.140000,6.050000,6.130000,165189
2018-04-11,6.330000,6.480000,6.270000,6.320000,506458
2018-04-12,6.370000,6.490000,6.320000,6.390000,385165
2018-04-13,6.360000,6.380000,6.220000,6.260000,182251
2018-04-16,6.310000,6.420000,6.250000,6.270000,263583
2018-04-17,6.240000,6.280000,6.120000,6.140000,130989
2018-04-18,6.180000,6.200000,6.080000,6.170000,136145
2018-04-19,6.270000,6.380000,6.260000,6.320000,259501
2018-04-20,6.290000,6.310000,6.170000,6.190000,152451
2018-04-23,6.180000,6.240000,6.060000,6.080000,162417
2018-04-24,6.110000,6.210000,6.090000,6.210000,159104
2018-04-25,6.180000,6.250000,6.150000,6.210000,107740
2018-04-26,6.220000,6.240000,6.100000,6.110000,126718
2018-04-27,5.990000,6.010000,5.740000,5.840000,390367
2018-05-02,5.850000,5.850000,5.460000,5.510000,350629
2018-05-03,5.500000,5.620000,5.450000,5.610000,112857
2018-05-04,5.570000,5.600000,5.540000,5.570000,77882
2018-05-07,5.610000,5.770000,5.600000,5.720000,171717
2018-05-08,5.680000,5.760000,5.670000,5.710000,127053
2018-05-09,5.760000,5.810000,5.710000,5.730000,121008
2018-05-10,5.850000,5.940000,5.800000,5.820000,198158
2018-05-11,5.830000,5.860000,5.750000,5.820000,105919
2018-05-14,5.810000,5.820000,5.690000,5.720000,111970
2018-05-15,5.740000,5.830000,5.730000,5.800000,85702
2018-05-16,5.810000,5.880000,5.760000,5.850000,135363
2018-05-17,5.900000,6.100000,5.880000,6.050000,401271
2018-05-18,6.090000,6.660000,6.010000,6.660000,1054162
2018-05-21,6.750000,6.760000,6.540000,6.600000,914267
2018-05-22,6.610000,6.770000,6.580000,6.660000,594024
2018-05-23,6.620000,6.620000,6.370000,6.410000,426536
2018-05-24,6.380000,6.480000,6.360000,6.400000,230452
2018-05-25,6.380000,6.410000,6.280000,6.290000,209320
2018-05-28,6.090000,6.150000,6.010000,6.060000,328340
2018-05-29,6.020000,6.110000,6.020000,6.030000,160910
2018-05-30,5.980000,6.010000,5.710000,5.730000,324512
2018-05-31,5.840000,6.010000,5.820000,5.990000,249957
2018-06-01,5.930000,6.000000,5.870000,5.930000,166292
2018-06-04,5.960000,5.960000,5.690000,5.740000,346550
2018-06-05,5.690000,5.740000,5.620000,5.730000,167425
2018-06-06,5.730000,5.820000,5.680000,5.810000,140463
2018-06-07,5.780000,5.810000,5.730000,5.750000,117715
2018-06-08,5.780000,5.830000,5.620000,5.660000,149987
2018-06-11,5.600000,5.650000,5.550000,5.610000,116433
2018-06-12,5.610000,5.660000,5.520000,5.650000,110195
2018-06-13,5.650000,5.650000,5.550000,5.560000,71798
2018-06-14,5.540000,5.640000,5.510000,5.560000,71170
2018-06-15,5.590000,5.590000,5.420000,5.500000,130327
2018-06-19,5.390000,5.440000,4.970000,5.130000,240670
2018-06-20,5.020000,5.140000,4.950000,5.030000,286189
2018-06-21,5.020000,5.060000,4.880000,4.890000,151529
2018-06-22,4.870000,4.960000,4.780000,4.950000,88351
2018-06-25,5.080000,5.150000,4.980000,5.010000,143125
2018-06-26,4.880000,5.110000,4.880000,5.080000,118697
2018-06-27,5.180000,5.340000,5.130000,5.140000,179773
2018-06-28,5.240000,5.290000,5.030000,5.080000,146997
2018-06-29,5.100000,5.270000,5.040000,5.260000,131679
2018-07-02,5.240000,5.240000,5.070000,5.100000,86581
2018-07-03,5.140000,5.330000,5.060000,5.290000,166514
2018-07-04,5.250000,5.310000,5.150000,5.290000,116814
2018-07-05,5.260000,5.260000,5.040000,5.060000,113689
2018-07-06,5.040000,5.120000,4.960000,5.050000,95560
2018-07-09,5.070000,5.190000,5.070000,5.180000,92448
2018-07-10,5.200000,5.270000,5.170000,5.240000,92812
2018-07-11,5.130000,5.180000,5.070000,5.140000,89702
2018-07-12,5.050000,5.210000,5.040000,5.180000,85707
2018-07-13,5.150000,5.170000,5.090000,5.120000,60611
2018-07-16,5.080000,5.150000,5.080000,5.120000,37172
2018-07-17,5.060000,5.080000,5.010000,5.050000,70711
2018-07-18,5.050000,5.070000,5.030000,5.040000,56891
2018-07-19,5.050000,5.070000,4.930000,4.970000,80100
2018-07-20,4.960000,5.050000,4.940000,5.040000,53412
2018-07-23,5.040000,5.120000,4.990000,5.100000,97611
2018-07-24,5.100000,5.320000,5.090000,5.260000,192552
2018-07-25,5.290000,5.310000,5.230000,5.270000,87591
2018-07-26,5.320000,5.330000,5.240000,5.280000,124267
2018-07-27,5.290000,5.310000,5.230000,5.240000,78811
2018-07-30,5.230000,5.400000,5.200000,5.260000,134648
2018-07-31,5.310000,5.380000,5.270000,5.330000,188208
2018-08-01,5.290000,5.310000,5.130000,5.140000,151528
2018-08-02,5.120000,5.130000,4.920000,4.970000,193102
2018-08-03,4.990000,5.040000,4.940000,4.980000,142939
2018-08-06,4.960000,5.040000,4.870000,4.940000,128491
2018-08-07,4.950000,5.220000,4.950000,5.200000,210695
2018-08-08,5.600000,5.720000,5.360000,5.400000,785427
2018-08-09,5.340000,5.570000,5.240000,5.490000,292760
2018-08-10,5.490000,5.650000,5.400000,5.610000,276709
2018-08-13,5.530000,5.680000,5.480000,5.600000,141450
2018-08-14,5.590000,5.900000,5.560000,5.880000,493800
2018-08-15,5.850000,5.940000,5.700000,5.710000,287911
2018-08-16,5.630000,5.780000,5.400000,5.640000,256122
2018-08-17,5.710000,5.800000,5.470000,5.500000,200760
2018-08-20,5.500000,5.720000,5.440000,5.680000,268390
2018-08-21,5.640000,5.840000,5.630000,5.760000,204010
2018-08-22,5.770000,5.880000,5.750000,5.810000,168339
2018-08-23,5.880000,5.930000,5.700000,5.890000,225577
2018-08-24,5.890000,6.060000,5.830000,6.020000,285571
2018-08-27,6.060000,6.300000,5.980000,6.240000,307784
2018-08-28,6.240000,6.250000,6.100000,6.110000,129434
2018-08-29,6.070000,6.230000,6.050000,6.100000,113399
2018-08-30,6.130000,6.310000,5.990000,6.080000,166647
2018-08-31,6.050000,6.130000,5.840000,6.000000,190026
2018-09-03,5.900000,6.240000,5.900000,6.210000,232585
2018-09-04,6.230000,6.380000,6.210000,6.300000,210186
2018-09-05,6.260000,6.430000,6.250000,6.400000,218939
2018-09-06,6.410000,6.550000,6.160000,6.220000,185551
2018-09-07,6.200000,6.430000,6.190000,6.360000,163577
2018-09-10,6.380000,6.400000,6.260000,6.320000,124096
2018-09-11,6.300000,6.640000,6.280000,6.600000,382415
2018-09-12,6.600000,6.700000,6.440000,6.540000,216136
2018-09-13,6.520000,6.800000,6.520000,6.700000,287416
2018-09-14,6.720000,6.750000,6.510000,6.630000,217210
2018-09-17,6.590000,6.630000,6.450000,6.540000,187074
2018-09-18,6.430000,6.560000,6.290000,6.480000,188538
2018-09-19,6.450000,6.890000,6.440000,6.830000,333420
2018-09-20,6.870000,6.870000,6.670000,6.700000,209304
2018-09-21,6.690000,6.750000,6.500000,6.750000,234730
2018-09-25,6.820000,7.020000,6.750000,6.770000,282907
2018-09-26,6.790000,7.060000,6.730000,6.840000,338012
2018-09-27,6.800000,6.890000,6.680000,6.730000,182784
2018-09-28,6.710000,6.800000,6.620000,6.760000,164481
2018-10-08,6.630000,6.870000,6.600000,6.650000,204249
2018-10-09,6.680000,6.960000,6.620000,6.840000,290543
2018-10-10,6.860000,6.860000,6.640000,6.710000,181843
2018-10-11,6.450000,6.450000,6.040000,6.040000,321124
2018-10-12,5.900000,6.160000,5.760000,6.130000,259478
2018-10-15,6.110000,6.220000,6.030000,6.110000,147723
2018-10-16,6.080000,6.260000,5.860000,6.000000,181161
2018-10-17,6.050000,6.110000,5.690000,5.850000,226465
2018-10-18,5.720000,5.830000,5.680000,5.750000,161792
2018-10-19,5.700000,5.850000,5.390000,5.800000,296785
2018-10-22,5.840000,6.080000,5.810000,6.050000,256222
2018-10-23,6.040000,6.080000,5.800000,5.870000,204600
2018-10-24,5.470000,5.620000,5.280000,5.480000,428843
2018-10-25,5.330000,5.610000,5.300000,5.530000,256894
2018-10-26,5.530000,5.660000,5.460000,5.530000,163900
2018-10-29,5.580000,5.650000,5.500000,5.520000,132016
2018-10-30,5.460000,5.630000,5.450000,5.560000,129782
2018-10-31,5.530000,5.610000,5.420000,5.580000,183368
2018-11-01,5.500000,5.620000,5.430000,5.510000,236989
2018-11-02,5.470000,5.630000,5.430000,5.630000,330483
2018-11-05,5.590000,5.910000,5.550000,5.890000,330076
2018-11-06,5.850000,6.050000,5.800000,5.890000,273462
2018-11-07,5.880000,5.930000,5.810000,5.810000,94733
2018-11-08,5.850000,5.930000,5.770000,5.850000,161300
2018-11-09,5.800000,5.800000,5.630000,5.720000,142144
2018-11-12,5.700000,5.740000,5.610000,5.710000,191155
2018-11-13,5.600000,5.710000,5.570000,5.680000,160352
2018-11-14,5.360000,5.440000,5.230000,5.420000,472178
2018-11-15,5.360000,5.550000,5.350000,5.530000,322283
2018-11-16,5.520000,5.600000,5.460000,5.520000,220034
2018-11-19,5.540000,5.600000,5.510000,5.560000,117812
2018-11-20,5.520000,5.580000,5.410000,5.440000,117618
2018-11-21,5.230000,5.540000,5.100000,5.510000,382686
2018-11-22,5.490000,5.500000,5.330000,5.360000,149397
2018-11-23,5.360000,5.360000,5.210000,5.220000,103906
2018-11-26,5.150000,5.300000,5.080000,5.250000,174470
2018-11-27,5.260000,5.290000,5.210000,5.260000,63802
2018-11-28,5.260000,5.330000,5.180000,5.320000,74511
2018-11-29,5.290000,5.350000,5.230000,5.230000,75431
2018-11-30,5.240000,5.340000,5.210000,5.270000,107666
2018-12-03,5.410000,5.500000,5.350000,5.440000,176396
2018-12-04,5.420000,5.570000,5.400000,5.540000,149100
2018-12-05,5.450000,5.500000,5.400000,5.440000,108775
2018-12-06,5.430000,5.450000,5.330000,5.330000,110602
2018-12-07,5.340000,5.360000,5.280000,5.350000,68841
2018-12-10,5.440000,5.480000,5.390000,5.460000,116505
2018-12-11,5.450000,5.450000,5.360000,5.420000,77674
2018-12-12,5.470000,5.480000,5.410000,5.460000,66245
2018-12-13,5.440000,5.500000,5.410000,5.470000,129465
2018-12-14,5.520000,5.540000,5.390000,5.390000,89706
2018-12-17,5.360000,5.390000,5.250000,5.350000,115681
2018-12-18,5.250000,5.330000,5.250000,5.320000,73605
2018-12-19,5.260000,5.330000,5.150000,5.240000,168646
2018-12-20,5.240000,5.240000,5.150000,5.180000,115110
2018-12-21,5.140000,5.160000,5.100000,5.150000,64072
2018-12-24,5.120000,5.130000,5.080000,5.110000,74066
2018-12-25,5.020000,5.020000,4.870000,4.930000,176955
2018-12-26,4.950000,4.970000,4.880000,4.900000,75856
2018-12-27,5.040000,5.080000,4.880000,4.890000,166436
2018-12-28,4.900000,4.930000,4.860000,4.900000,100228
2019-01-02,4.920000,4.940000,4.820000,4.850000,110805
2019-01-03,4.880000,4.900000,4.810000,4.860000,94574
2019-01-04,4.860000,4.950000,4.810000,4.940000,163870
2019-01-07,4.970000,5.020000,4.930000,5.000000,142747
2019-01-08,4.990000,5.070000,4.990000,5.050000,110090
2019-01-09,5.080000,5.180000,5.070000,5.100000,134075
2019-01-10,5.180000,5.290000,5.110000,5.130000,140192
2019-01-11,5.170000,5.220000,5.080000,5.220000,104063
2019-01-14,5.180000,5.200000,5.160000,5.170000,47175
2019-01-15,5.170000,5.210000,5.150000,5.210000,48747
2019-01-16,5.210000,5.310000,5.200000,5.280000,91300
2019-01-17,5.280000,5.280000,5.170000,5.170000,58938
2019-01-18,5.230000,5.330000,5.210000,5.310000,136216
2019-01-21,5.360000,5.390000,5.300000,5.330000,77994
2019-01-22,5.330000,5.330000,5.180000,5.230000,96539
2019-01-23,5.190000,5.300000,5.170000,5.300000,126617
2019-01-24,5.280000,5.360000,5.180000,5.310000,176563
2019-01-25,5.350000,5.380000,5.330000,5.370000,88808
2019-01-28,5.390000,5.420000,5.280000,5.320000,86980
2019-01-29,5.300000,5.300000,5.160000,5.230000,156957
2019-01-30,5.220000,5.250000,5.110000,5.140000,114763
2019-01-31,5.180000,5.240000,5.140000,5.240000,138167
2019-02-01,5.220000,5.360000,5.190000,5.360000,139608
2019-02-11,5.370000,5.440000,5.320000,5.430000,120388
2019-02-12,5.410000,5.540000,5.410000,5.540000,119766
2019-02-13,5.540000,5.630000,5.510000,5.600000,181313
2019-02-14,5.620000,5.640000,5.570000,5.600000,151040
2019-02-15,5.630000,5.770000,5.620000,5.650000,103771
2019-02-18,5.740000,5.820000,5.670000,5.770000,137635
2019-02-19,5.800000,5.920000,5.720000,5.820000,163020
2019-02-20,5.810000,5.810000,5.630000,5.690000,137806
2019-02-21,5.710000,5.770000,5.630000,5.650000,112849
2019-02-22,5.610000,5.790000,5.610000,5.750000,128698
2019-02-25,5.820000,6.050000,5.750000,6.020000,322309
2019-02-26,6.020000,6.080000,5.940000,5.960000,353422
2019-02-27,5.970000,6.040000,5.820000,5.880000,243029
2019-02-28,5.910000,6.080000,5.840000,6.070000,286219
2019-03-01,6.080000,6.120000,5.960000,6.100000,243651
2019-03-04,6.080000,6.140000,6.030000,6.090000,390178
2019-03-05,6.070000,6.070000,5.910000,5.990000,292740
2019-03-06,5.970000,6.050000,5.960000,6.040000,271017
2019-03-07,6.050000,6.090000,5.980000,6.030000,234556
2019-03-08,5.930000,5.960000,5.650000,5.650000,334440
2019-03-11,5.670000,5.800000,5.670000,5.760000,211482
2019-03-12,5.790000,5.910000,5.790000,5.830000,264020
2019-03-13,5.860000,5.880000,5.730000,5.760000,173638
2019-03-14,5.800000,5.890000,5.710000,5.760000,241087
2019-03-15,5.770000,5.900000,5.740000,5.840000,228553
2019-03-18,5.840000,6.050000,5.840000,6.040000,415377
2019-03-19,6.050000,6.100000,6.010000,6.070000,330568
2019-03-20,6.040000,6.220000,6.010000,6.090000,365019
2019-03-21,6.110000,6.190000,6.070000,6.120000,284669
2019-03-22,6.130000,6.150000,6.000000,6.080000,218056
2019-03-25,5.980000,6.080000,5.950000,6.060000,195029
2019-03-26,6.110000,6.380000,6.030000,6.040000,464592
2019-03-27,6.120000,6.520000,6.050000,6.400000,661683
2019-03-28,6.330000,6.580000,6.260000,6.340000,370957
2019-03-29,6.390000,6.500000,6.260000,6.440000,374688
2019-04-01,6.420000,6.740000,6.390000,6.730000,517392
2019-04-02,6.730000,6.770000,6.540000,6.590000,280085
2019-04-03,6.610000,6.740000,6.600000,6.660000,239493
2019-04-04,6.670000,6.670000,6.460000,6.580000,317077
2019-04-08,6.620000,6.650000,6.440000,6.590000,304019
2019-04-09,6.610000,6.720000,6.540000,6.600000,211830
2019-04-10,6.580000,6.580000,6.410000,6.500000,183946
2019-04-11,6.520000,6.560000,6.300000,6.300000,314762
2019-04-12,6.320000,6.380000,6.240000,6.340000,128145
2019-04-15,6.400000,6.470000,6.190000,6.210000,189095
2019-04-16,6.210000,6.290000,6.060000,6.290000,252467
2019-04-17,6.260000,6.310000,6.190000,6.230000,192128
2019-04-18,6.230000,6.280000,6.130000,6.180000,155817
2019-04-19,6.160000,6.220000,6.100000,6.200000,136300
2019-04-22,6.240000,6.510000,6.220000,6.370000,484789
2019-04-23,6.380000,6.440000,6.190000,6.230000,303122
2019-04-24,6.230000,6.260000,6.100000,6.150000,236670
2019-04-25,6.140000,6.140000,5.950000,5.970000,231087
2019-04-26,5.820000,5.920000,5.750000,5.780000,220406
2019-04-29,5.750000,5.790000,5.600000,5.620000,200444
2019-04-30,5.600000,5.750000,5.580000,5.730000,124124
2019-05-06,5.590000,5.620000,5.240000,5.300000,268719
2019-05-07,5.370000,5.410000,5.280000,5.360000,159147
2019-05-08,5.280000,5.390000,5.210000,5.310000,127429
2019-05-09,5.300000,5.350000,5.200000,5.270000,135591
2019-05-10,5.320000,5.400000,5.240000,5.400000,139874
2019-05-13,5.350000,5.540000,5.320000,5.510000,199808
2019-05-14,5.430000,5.510000,5.380000,5.440000,145017
2019-05-15,5.490000,5.530000,5.440000,5.490000,133165
2019-05-16,5.500000,5.590000,5.480000,5.580000,115295
2019-05-17,5.590000,5.610000,5.410000,5.430000,125473
2019-05-20,5.420000,5.580000,5.400000,5.520000,139744
2019-05-21,5.490000,5.700000,5.490000,5.590000,159225
2019-05-22,5.590000,5.630000,5.550000,5.580000,80768
2019-05-23,5.550000,5.710000,5.420000,5.630000,218815
2019-05-24,5.410000,5.700000,5.410000,5.610000,144209
2019-05-27,5.610000,5.680000,5.560000,5.650000,65247
2019-05-28,5.690000,5.730000,5.600000,5.730000,118045
2019-05-29,5.650000,5.670000,5.600000,5.610000,73498
2019-05-30,5.640000,5.850000,5.640000,5.830000,214352
2019-05-31,5.790000,5.880000,5.740000,5.800000,159927
2019-06-03,5.760000,5.800000,5.670000,5.710000,112149
2019-06-04,5.710000,5.710000,5.550000,5.630000,102089
2019-06-05,5.660000,5.700000,5.580000,5.590000,83654
2019-06-06,5.540000,5.590000,5.420000,5.450000,73084
2019-06-10,5.530000,5.640000,5.460000,5.580000,75446
2019-06-11,5.640000,5.700000,5.560000,5.690000,136205
2019-06-12,5.640000,5.710000,5.590000,5.600000,92652
2019-06-13,5.580000,5.690000,5.560000,5.690000,97756
2019-06-14,5.660000,5.660000,5.490000,5.510000,90601
2019-06-17,5.510000,5.520000,5.380000,5.410000,91345
2019-06-18,5.410000,5.440000,5.360000,5.390000,59495
2019-06-19,5.490000,5.520000,5.410000,5.430000,84857
2019-06-20,5.430000,5.530000,5.400000,5.520000,108787
2019-06-21,5.590000,5.740000,5.570000,5.660000,191579
2019-06-24,5.660000,5.730000,5.640000,5.690000,103581
2019-06-25,5.710000,5.740000,5.570000,5.730000,153241
2019-06-26,5.750000,5.820000,5.670000,5.730000,167683
2019-06-27,5.790000,5.800000,5.630000,5.670000,158242
2019-06-28,5.700000,5.700000,5.580000,5.600000,94481
2019-07-01,5.650000,5.730000,5.610000,5.700000,194158
2019-07-02,5.690000,5.690000,5.570000,5.610000,169535
2019-07-03,5.520000,5.520000,5.440000,5.490000,185661
2019-07-04,5.510000,5.540000,5.420000,5.450000,150583
2019-07-05,5.450000,5.450000,5.380000,5.410000,99946
2019-07-08,5.440000,5.440000,5.290000,5.340000,129709
2019-07-09,5.300000,5.340000,5.270000,5.310000,85610
2019-07-10,5.320000,5.350000,5.260000,5.280000,70052
2019-07-11,5.340000,5.440000,5.340000,5.370000,125306
2019-07-12,5.350000,5.400000,5.300000,5.360000,63207
2019-07-15,5.360000,5.410000,5.270000,5.390000,88863
2019-07-16,5.390000,5.420000,5.350000,5.410000,71258
2019-07-17,5.380000,5.440000,5.340000,5.380000,83745
2019-07-18,5.350000,5.370000,5.300000,5.320000,46851
2019-07-19,5.340000,5.420000,5.320000,5.380000,89001
2019-07-22,5.380000,5.400000,5.300000,5.300000,79215
2019-07-23,5.290000,5.340000,5.270000,5.300000,72165
2019-07-24,5.360000,5.420000,5.330000,5.380000,75064
2019-07-25,5.360000,5.370000,5.310000,5.340000,49087
2019-07-26,5.330000,5.370000,5.300000,5.350000,55655
2019-07-29,5.380000,5.400000,5.320000,5.400000,62281
2019-07-30,5.380000,5.410000,5.360000,5.380000,61738
2019-07-31,5.400000,5.430000,5.350000,5.400000,87743
2019-08-01,5.380000,5.400000,5.330000,5.330000,66921
2019-08-02,5.240000,5.280000,5.190000,5.220000,93304
2019-08-05,5.210000,5.270000,5.190000,5.190000,81796
2019-08-06,5.160000,5.170000,5.010000,5.100000,108336
2019-08-07,5.110000,5.170000,5.080000,5.100000,64324
2019-08-08,5.110000,5.170000,5.110000,5.150000,43599
2019-08-09,5.180000,5.180000,5.130000,5.150000,47123
2019-08-12,5.170000,5.350000,5.130000,5.340000,134401
2019-08-13,5.290000,5.390000,5.280000,5.360000,91550
2019-08-14,5.410000,5.440000,5.360000,5.380000,61620
2019-08-15,5.310000,5.370000,5.280000,5.340000,66317
2019-08-16,5.390000,5.400000,5.320000,5.330000,40224
2019-08-19,5.380000,5.420000,5.350000,5.400000,87854
2019-08-20,5.340000,5.340000,5.260000,5.300000,143222
2019-08-21,5.280000,5.280000,5.160000,5.160000,106247
2019-08-22,5.210000,5.240000,5.120000,5.190000,147701
2019-08-23,5.180000,5.240000,5.150000,5.220000,103998
2019-08-26,5.150000,5.220000,5.120000,5.160000,66994
2019-08-27,5.180000,5.240000,5.160000,5.160000,111122
2019-08-28,5.190000,5.210000,5.130000,5.200000,94802
2019-08-29,5.200000,5.330000,5.150000,5.290000,174464
2019-08-30,5.270000,5.360000,5.250000,5.340000,157528
2019-09-02,5.320000,5.410000,5.280000,5.360000,143161
2019-09-03,5.370000,5.380000,5.290000,5.300000,92232
2019-09-04,5.290000,5.380000,5.280000,5.370000,98762
2019-09-05,5.410000,5.430000,5.370000,5.400000,114207
2019-09-06,5.410000,5.480000,5.390000,5.410000,96464
2019-09-09,5.500000,5.500000,5.420000,5.470000,87457
2019-09-10,5.470000,5.530000,5.460000,5.520000,102125
2019-09-11,5.530000,5.540000,5.400000,5.420000,103470
2019-09-12,5.430000,5.440000,5.370000,5.430000,75928
2019-09-16,5.700000,5.750000,5.560000,5.730000,471170
2019-09-17,5.760000,5.770000,5.590000,5.650000,227495
2019-09-18,5.540000,5.540000,5.440000,5.480000,184422
2019-09-19,5.460000,5.480000,5.430000,5.470000,86044
2019-09-20,5.480000,5.600000,5.440000,5.570000,130208
2019-09-23,5.570000,5.750000,5.530000,5.720000,168470
2019-09-24,5.660000,5.740000,5.600000,5.620000,89635
2019-09-25,5.580000,5.590000,5.440000,5.490000,99679
2019-09-26,5.460000,5.480000,5.340000,5.420000,83973
2019-09-27,5.380000,5.430000,5.370000,5.410000,54991
2019-09-30,5.440000,5.470000,5.390000,5.390000,45546
2019-10-08,5.480000,5.500000,5.420000,5.470000,61440
2019-10-09,5.430000,5.480000,5.390000,5.470000,37679
2019-10-10,5.450000,5.720000,5.450000,5.710000,231489
2019-10-11,5.710000,5.930000,5.650000,5.900000,227501
2019-10-14,5.870000,5.990000,5.860000,5.940000,187814
2019-10-15,5.920000,6.020000,5.900000,5.980000,142294
2019-10-16,5.980000,5.980000,5.900000,5.930000,84937
2019-10-17,6.000000,6.060000,5.920000,5.940000,115220
2019-10-18,5.960000,6.010000,5.810000,5.860000,109347
2019-10-21,5.860000,5.940000,5.790000,5.830000,102483
2019-10-22,5.850000,5.890000,5.750000,5.770000,87733
2019-10-23,5.790000,5.800000,5.650000,5.650000,115569
2019-10-24,5.700000,5.710000,5.580000,5.610000,87726
2019-10-25,5.630000,5.650000,5.550000,5.640000,133460
2019-10-28,5.630000,5.690000,5.600000,5.640000,118703
2019-10-29,5.630000,5.730000,5.540000,5.690000,142554
2019-10-30,5.660000,6.020000,5.610000,5.890000,262925
2019-10-31,5.900000,6.080000,5.870000,6.030000,213029
2019-11-01,6.000000,6.140000,5.970000,6.110000,167792
2019-11-04,6.140000,6.200000,6.110000,6.150000,130563
2019-11-05,6.180000,6.320000,6.120000,6.250000,171499
2019-11-06,6.230000,6.370000,6.220000,6.260000,140051
2019-11-07,6.250000,6.360000,6.160000,6.330000,146508
2019-11-08,6.380000,6.390000,6.200000,6.290000,140724
2019-11-11,6.230000,6.380000,6.170000,6.220000,137008
2019-11-12,6.220000,6.280000,6.090000,6.250000,155855
2019-11-13,6.190000,6.320000,6.180000,6.230000,88693
2019-11-14,6.280000,6.320000,6.100000,6.180000,134787
2019-11-15,6.150000,6.170000,6.030000,6.050000,94928
2019-11-18,6.040000,6.380000,6.040000,6.280000,137354
2019-11-19,6.270000,6.270000,6.150000,6.240000,107258
2019-11-20,6.150000,6.310000,6.100000,6.230000,124166
2019-11-21,6.230000,6.300000,6.120000,6.170000,77477
2019-11-22,6.220000,6.650000,6.200000,6.590000,397543
2019-11-25,6.580000,6.670000,6.490000,6.640000,235359
2019-11-26,6.640000,6.780000,6.540000,6.630000,263491
2019-11-27,6.680000,6.980000,6.670000,6.900000,270656
2019-11-28,6.930000,7.010000,6.840000,6.890000,206204
2019-11-29,6.950000,7.040000,6.890000,6.980000,246828
2019-12-02,6.900000,7.020000,6.860000,6.970000,132196
2019-12-03,6.950000,7.120000,6.920000,7.040000,179418
2019-12-04,7.040000,7.090000,6.990000,7.030000,104307
2019-12-05,7.140000,7.300000,6.860000,6.930000,291383
2019-12-06,6.960000,6.980000,6.770000,6.960000,237845
2019-12-09,6.920000,6.960000,6.680000,6.720000,221077
2019-12-10,6.750000,6.800000,6.670000,6.750000,284371
2019-12-11,6.750000,6.860000,6.680000,6.740000,237617
2019-12-12,6.740000,6.780000,6.650000,6.720000,176126
2019-12-13,6.770000,6.790000,6.700000,6.710000,230950
2019-12-16,6.710000,6.750000,6.610000,6.740000,240769
2019-12-17,6.750000,6.790000,6.670000,6.780000,253749
2019-12-18,6.790000,6.930000,6.600000,6.670000,426337
2019-12-19,6.620000,6.660000,6.450000,6.570000,280184
2019-12-20,6.580000,6.680000,6.500000,6.550000,185027
2019-12-23,6.530000,6.610000,6.430000,6.490000,159181
2019-12-24,6.520000,6.720000,6.460000,6.700000,190417
2019-12-25,6.690000,6.930000,6.690000,6.930000,249629
2019-12-26,6.890000,6.990000,6.860000,6.900000,109431
2019-12-27,6.950000,6.950000,6.800000,6.810000,165989
2019-12-30,6.820000,7.180000,6.790000,7.180000,293968
2019-12-31,7.170000,7.450000,7.110000,7.380000,314825
2020-01-02,7.480000,7.760000,7.450000,7.680000,356423
2020-01-03,7.690000,7.770000,7.560000,7.680000,218901
2020-01-06,7.760000,8.110000,7.760000,8.010000,467635
2020-01-07,7.900000,7.900000,7.720000,7.860000,171793
2020-01-08,8.130000,8.200000,7.830000,7.890000,239383
2020-01-09,7.700000,8.100000,7.520000,7.850000,402571
2020-01-10,7.850000,7.930000,7.730000,7.770000,177268
2020-01-13,7.650000,7.850000,7.650000,7.750000,166941
2020-01-14,7.730000,8.030000,7.720000,7.800000,225564
2020-01-15,7.850000,7.950000,7.730000,7.870000,126047
2020-01-16,7.850000,8.020000,7.750000,7.790000,213835
2020-01-17,7.820000,7.950000,7.770000,7.880000,111121
2020-01-20,7.940000,7.970000,7.730000,7.800000,100862
2020-01-21,7.770000,7.870000,7.620000,7.750000,111841
2020-01-22,7.740000,7.790000,7.460000,7.760000,149621
2020-01-23,7.700000,7.730000,7.160000,7.190000,249702
2020-02-03,6.470000,6.690000,6.470000,6.470000,279715
2020-02-04,6.160000,6.870000,6.160000,6.750000,360933
2020-02-05,6.750000,6.930000,6.560000,6.640000,203247
2020-02-06,6.700000,6.830000,6.640000,6.760000,171848
2020-02-07,6.720000,6.730000,6.570000,6.660000,172066
2020-02-10,6.610000,6.940000,6.560000,6.800000,245597
2020-02-11,6.790000,6.870000,6.720000,6.780000,133333
2020-02-12,6.780000,7.100000,6.740000,7.010000,184001
2020-02-13,7.080000,7.130000,6.950000,6.980000,141262
2020-02-14,6.960000,6.990000,6.750000,6.820000,189962
2020-02-17,6.850000,7.040000,6.820000,7.000000,190479
2020-02-18,7.020000,7.030000,6.780000,6.920000,192183
2020-02-19,6.900000,6.920000,6.630000,6.700000,281641
2020-02-20,6.750000,7.070000,6.730000,7.020000,387223
2020-02-21,7.050000,7.050000,6.880000,6.940000,298667
2020-02-24,6.740000,6.840000,6.700000,6.740000,246449
2020-02-25,6.590000,6.590000,6.300000,6.510000,403722
2020-02-26,6.420000,6.420000,6.270000,6.310000,358816
2020-02-27,6.270000,6.340000,6.150000,6.190000,364855
2020-02-28,5.990000,6.050000,5.760000,5.810000,431122
2020-03-02,5.870000,6.080000,5.850000,5.980000,285685
2020-03-03,6.140000,6.240000,6.020000,6.070000,261223
2020-03-04,6.100000,6.120000,5.930000,6.000000,146507
2020-03-05,6.070000,6.230000,6.020000,6.170000,231218
2020-03-06,6.080000,6.220000,6.020000,6.160000,178662
2020-03-09,5.730000,5.800000,5.610000,5.730000,491421
2020-03-10,5.600000,5.740000,5.490000,5.700000,372298
2020-03-11,5.740000,5.880000,5.600000,5.620000,329719
2020-03-12,5.510000,5.540000,5.310000,5.380000,287405
2020-03-13,5.110000,5.320000,5.020000,5.270000,353799
2020-03-16,5.290000,5.300000,5.020000,5.040000,289625
2020-03-17,5.040000,5.190000,5.030000,5.140000,275471
2020-03-18,5.180000,5.180000,5.010000,5.020000,256481
2020-03-19,5.000000,5.110000,4.880000,4.980000,342510
2020-03-20,5.060000,5.100000,4.930000,5.000000,264663
2020-03-23,4.900000,4.900000,4.680000,4.710000,360159
2020-03-24,4.790000,5.140000,4.780000,5.040000,595858
2020-03-25,5.170000,5.230000,5.120000,5.190000,340425
2020-03-26,5.120000,5.150000,4.990000,5.010000,318643
2020-03-27,5.080000,5.090000,4.900000,4.930000,271667
2020-03-30,4.850000,4.860000,4.690000,4.750000,345277
2020-03-31,4.790000,4.980000,4.770000,4.890000,259788
2020-04-01,4.830000,4.940000,4.820000,4.860000,272327
2020-04-02,4.890000,5.300000,4.880000,5.300000,558162
2020-04-03,5.330000,5.350000,5.150000,5.240000,425716
2020-04-07,5.280000,5.430000,5.230000,5.370000,501926
2020-04-08,5.310000,5.440000,5.260000,5.390000,324411
2020-04-09,5.440000,5.490000,5.360000,5.410000,198640
2020-04-10,5.330000,5.330000,5.230000,5.260000,197637
2020-04-13,5.310000,5.340000,5.210000,5.220000,138475
2020-04-14,5.280000,5.450000,5.220000,5.430000,267898
2020-04-15,5.370000,5.490000,5.330000,5.430000,205056
2020-04-16,5.350000,5.410000,5.260000,5.280000,200902
2020-04-17,5.330000,5.450000,5.310000,5.330000,169309
2020-04-20,5.270000,5.340000,5.210000,5.260000,286951
2020-04-21,5.210000,5.300000,5.150000,5.210000,232743
2020-04-22,5.150000,5.150000,4.860000,4.970000,524442
2020-04-23,5.010000,5.470000,5.010000,5.470000,776203
2020-04-24,5.500000,5.520000,4.980000,5.020000,977161
2020-04-27,4.930000,4.970000,4.840000,4.860000,627958
2020-04-28,4.820000,4.830000,4.630000,4.760000,467079
2020-04-29,4.840000,4.860000,4.750000,4.810000,222666
2020-04-30,4.880000,5.030000,4.860000,4.950000,298660
2020-05-06,5.040000,5.040000,4.870000,4.990000,422566
2020-05-07,5.020000,5.040000,4.880000,4.910000,271364
2020-05-08,4.950000,5.080000,4.910000,5.040000,340109
2020-05-11,5.020000,5.170000,5.000000,5.060000,286788
2020-05-12,5.060000,5.090000,4.930000,5.000000,243742
2020-05-13,4.980000,4.980000,4.900000,4.920000,252898
2020-05-14,4.900000,4.990000,4.860000,4.940000,207302
2020-05-15,4.970000,5.090000,4.950000,5.010000,271144
2020-05-18,5.070000,5.090000,4.920000,4.920000,264220
2020-05-19,5.010000,5.140000,4.980000,5.070000,376603
2020-05-20,5.050000,5.050000,4.920000,4.930000,260824
2020-05-21,4.970000,4.970000,4.860000,4.870000,195156
2020-05-22,4.870000,4.880000,4.770000,4.780000,208190
2020-05-25,4.790000,4.810000,4.600000,4.610000,371019
2020-05-26,4.630000,4.680000,4.600000,4.680000,190757
2020-05-27,4.670000,4.680000,4.600000,4.600000,165751
2020-05-28,4.610000,4.650000,4.570000,4.620000,131125
2020-05-29,4.600000,4.620000,4.560000,4.580000,108543
2020-06-01,4.590000,4.680000,4.590000,4.670000,188679
2020-06-02,4.700000,4.720000,4.650000,4.720000,170080
2020-06-03,4.740000,4.920000,4.730000,4.760000,384190
2020-06-04,4.750000,4.750000,4.680000,4.690000,173145
2020-06-05,4.700000,4.720000,4.650000,4.710000,134094
2020-06-08,4.770000,4.930000,4.770000,4.870000,379521
2020-06-09,4.870000,4.880000,4.750000,4.800000,207286
2020-06-10,4.770000,4.770000,4.720000,4.730000,143624
2020-06-11,4.750000,4.750000,4.630000,4.660000,226221
2020-06-12,4.510000,4.610000,4.510000,4.610000,200212
2020-06-15,4.560000,4.590000,4.540000,4.550000,201678
2020-06-16,4.580000,4.610000,4.560000,4.590000,132514
2020-06-17,4.600000,4.630000,4.550000,4.590000,152092
2020-06-18,4.570000,4.670000,4.560000,4.650000,135420
2020-06-19,4.650000,4.670000,4.620000,4.640000,126702
2020-06-22,4.640000,4.690000,4.620000,4.650000,138964
2020-06-23,4.650000,4.650000,4.590000,4.590000,117142
2020-06-24,4.600000,4.620000,4.580000,4.600000,62731
2020-06-29,4.580000,4.590000,4.520000,4.530000,131436
2020-06-30,4.570000,4.580000,4.540000,4.550000,103733
2020-07-01,4.550000,4.570000,4.500000,4.570000,177791
2020-07-02,4.540000,4.680000,4.540000,4.680000,273638
2020-07-03,4.700000,4.840000,4.690000,4.750000,334243
2020-07-06,4.780000,5.020000,4.780000,4.980000,619126
2020-07-07,5.100000,5.140000,4.930000,4.940000,571789
2020-07-08,4.930000,5.050000,4.890000,5.040000,510869
2020-07-09,5.030000,5.280000,5.020000,5.210000,568320
2020-07-10,5.160000,5.160000,4.970000,5.000000,513674
2020-07-13,4.980000,5.120000,4.980000,5.090000,351465
2020-07-14,5.060000,5.150000,5.030000,5.110000,417125
2020-07-15,5.150000,5.170000,4.980000,5.000000,324877
2020-07-16,5.010000,5.020000,4.810000,4.820000,383375
2020-07-17,4.840000,4.880000,4.680000,4.710000,341519
2020-07-20,4.710000,4.880000,4.710000,4.870000,322980
2020-07-21,4.870000,4.900000,4.810000,4.840000,216104
2020-07-22,4.890000,5.140000,4.880000,5.100000,779872
2020-07-23,5.030000,5.060000,4.860000,4.950000,505130
2020-07-24,4.920000,5.010000,4.780000,4.800000,334557
2020-07-27,4.830000,4.870000,4.730000,4.770000,204633
2020-07-28,4.790000,4.830000,4.720000,4.750000,218820
2020-07-29,4.730000,4.800000,4.690000,4.790000,207030
2020-07-30,4.800000,4.850000,4.750000,4.770000,252391
2020-07-31,4.740000,4.840000,4.710000,4.810000,327628
2020-08-03,4.790000,4.880000,4.790000,4.880000,332982
2020-08-04,4.890000,4.910000,4.820000,4.910000,311012
2020-08-05,4.900000,5.040000,4.810000,4.960000,533405
2020-08-06,4.940000,5.000000,4.860000,4.920000,392847
2020-08-07,4.890000,4.890000,4.800000,4.830000,291686
2020-08-10,4.810000,4.930000,4.790000,4.890000,250436
2020-08-11,4.920000,4.970000,4.820000,4.840000,294769
2020-08-12,4.830000,4.870000,4.780000,4.870000,242232
2020-08-13,4.880000,4.960000,4.870000,4.920000,307156
2020-08-14,4.920000,4.940000,4.850000,4.910000,208809
2020-08-17,4.940000,4.990000,4.900000,4.970000,357533
2020-08-18,4.990000,5.090000,4.980000,5.000000,495993
2020-08-19,5.000000,5.020000,4.940000,4.970000,298292
2020-08-20,4.970000,4.970000,4.910000,4.920000,259033
2020-08-21,4.930000,4.960000,4.880000,4.910000,193853
2020-08-24,4.900000,5.020000,4.870000,5.010000,365310
2020-08-25,5.000000,5.030000,4.920000,4.950000,301918
2020-08-26,4.950000,5.060000,4.930000,5.060000,537501
2020-08-27,5.040000,5.100000,4.970000,5.000000,434411
2020-08-28,4.990000,4.990000,4.870000,4.950000,421786
2020-08-31,4.950000,4.970000,4.920000,4.920000,287282
2020-09-01,4.910000,4.920000,4.830000,4.870000,435365
2020-09-02,4.850000,4.880000,4.800000,4.850000,290434
2020-09-03,4.850000,4.870000,4.800000,4.820000,249068
2020-09-04,4.760000,4.800000,4.730000,4.780000,215489
2020-09-07,4.760000,4.800000,4.700000,4.720000,257542
2020-09-08,4.730000,4.770000,4.690000,4.760000,253587
2020-09-09,4.700000,4.780000,4.680000,4.750000,273920
2020-09-10,4.770000,4.780000,4.610000,4.620000,364387
2020-09-11,4.590000,4.640000,4.570000,4.610000,163545
2020-09-14,4.620000,4.640000,4.600000,4.630000,136390
2020-09-15,4.630000,4.670000,4.610000,4.640000,123838
2020-09-16,4.630000,4.700000,4.620000,4.660000,153948
2020-09-17,4.660000,4.690000,4.600000,4.630000,154618
2020-09-18,4.620000,4.690000,4.610000,4.680000,171968
2020-09-21,4.670000,4.740000,4.650000,4.690000,154401
2020-09-22,4.660000,4.670000,4.600000,4.610000,155842
2020-09-23,4.610000,4.640000,4.590000,4.600000,113470
2020-09-24,4.570000,4.580000,4.530000,4.530000,175103
2020-09-25,4.530000,4.550000,4.510000,4.520000,100323
2020-09-28,4.530000,4.580000,4.520000,4.540000,92696
2020-09-29,4.540000,4.550000,4.520000,4.530000,78789
2020-09-30,4.530000,4.540000,4.500000,4.510000,103428
2020-10-09,4.550000,4.590000,4.540000,4.560000,112724
2020-10-12,4.580000,4.660000,4.560000,4.650000,223012
2020-10-13,4.640000,4.640000,4.600000,4.620000,89008
2020-10-14,4.610000,4.620000,4.580000,4.610000,94054
2020-10-15,4.600000,4.610000,4.540000,4.540000,136835
2020-10-16,4.550000,4.560000,4.510000,4.530000,168490
2020-10-19,4.520000,4.550000,4.490000,4.500000,226864
2020-10-20,4.490000,4.490000,4.440000,4.470000,147726
2020-10-21,4.470000,4.490000,4.410000,4.460000,188835
2020-10-22,4.450000,4.460000,4.420000,4.440000,87797
2020-10-23,4.440000,4.450000,4.420000,4.430000,125038
2020-10-26,4.420000,4.420000,4.380000,4.390000,125731
2020-10-27,4.370000,4.380000,4.340000,4.350000,106451
2020-10-28,4.350000,4.360000,4.300000,4.310000,89422
2020-10-29,4.260000,4.300000,4.220000,4.280000,127527
2020-10-30,4.300000,4.320000,4.190000,4.230000,180107
2020-11-02,4.220000,4.240000,4.140000,4.150000,168706
2020-11-03,4.180000,4.330000,4.170000,4.300000,209929
2020-11-04,4.390000,4.390000,4.270000,4.300000,117933
2020-11-05,4.320000,4.360000,4.300000,4.350000,105412
2020-11-06,4.330000,4.350000,4.300000,4.330000,105979
2020-11-09,4.330000,4.440000,4.330000,4.410000,159357
2020-11-10,4.520000,4.620000,4.500000,4.530000,368473
2020-11-11,4.540000,4.540000,4.450000,4.500000,156635
2020-11-12,4.500000,4.520000,4.470000,4.490000,117027
2020-11-13,4.480000,4.490000,4.370000,4.400000,134581
2020-11-16,4.410000,4.550000,4.410000,4.550000,191059
2020-11-17,4.580000,4.660000,4.530000,4.620000,238516
2020-11-18,4.580000,4.650000,4.560000,4.600000,147525
2020-11-19,4.590000,4.620000,4.530000,4.580000,128552
2020-11-20,4.590000,4.690000,4.570000,4.650000,200008
2020-11-23,4.680000,4.780000,4.650000,4.750000,354529
2020-11-24,4.780000,4.860000,4.690000,4.830000,382452
2020-11-25,5.010000,5.080000,4.840000,4.840000,738909
2020-11-26,4.810000,4.890000,4.730000,4.770000,311858
2020-11-27,4.740000,4.820000,4.710000,4.780000,186206
2020-11-30,4.770000,4.830000,4.660000,4.670000,334547
2020-12-01,4.660000,4.740000,4.600000,4.710000,287933
2020-12-02,4.730000,4.730000,4.650000,4.660000,206410
2020-12-03,4.690000,4.790000,4.660000,4.700000,322585
2020-12-04,4.670000,4.700000,4.600000,4.660000,220329
2020-12-07,4.650000,4.660000,4.560000,4.580000,149171
2020-12-08,4.550000,4.580000,4.530000,4.550000,94688
2020-12-09,4.560000,4.560000,4.430000,4.450000,176734
2020-12-10,4.470000,4.500000,4.410000,4.420000,167384
2020-12-11,4.470000,4.530000,4.380000,4.450000,302375
2020-12-14,4.420000,4.430000,4.260000,4.310000,299485
2020-12-15,4.300000,4.300000,4.230000,4.240000,185469
2020-12-16,4.290000,4.290000,4.230000,4.270000,260550
2020-12-17,4.270000,4.450000,4.250000,4.440000,287024
2020-12-18,4.440000,4.520000,4.430000,4.480000,225619
2020-12-21,4.460000,4.500000,4.380000,4.400000,229883
2020-12-22,4.390000,4.410000,4.280000,4.280000,181362
2020-12-23,4.260000,4.400000,4.260000,4.380000,178851
2020-12-24,4.400000,4.450000,4.370000,4.440000,142303
2020-12-25,4.390000,4.430000,4.370000,4.410000,110261
2020-12-28,4.390000,4.420000,4.320000,4.330000,115470
2020-12-29,4.350000,4.420000,4.340000,4.400000,107463
2020-12-30,4.390000,4.440000,4.340000,4.370000,188146
2020-12-31,4.350000,4.530000,4.330000,4.490000,253537
2021-01-04,4.490000,4.590000,4.420000,4.560000,296478
2021-01-05,4.500000,4.520000,4.430000,4.470000,211099
2021-01-06,4.530000,4.620000,4.480000,4.520000,312473
2021-01-07,4.530000,4.590000,4.450000,4.510000,278025
2021-01-08,4.490000,4.540000,4.450000,4.490000,192564
2021-01-11,4.500000,4.530000,4.410000,4.420000,237114
2021-01-12,4.400000,4.510000,4.400000,4.470000,169532
2021-01-13,4.510000,4.740000,4.490000,4.710000,550204
2021-01-14,4.660000,4.680000,4.560000,4.600000,296539
2021-01-15,4.620000,4.720000,4.590000,4.620000,203384
2021-01-18,4.570000,4.600000,4.500000,4.570000,166215
2021-01-19,4.560000,4.630000,4.550000,4.550000,165062
2021-01-20,4.590000,4.630000,4.550000,4.590000,180464
2021-01-21,4.560000,4.590000,4.530000,4.560000,147609
2021-01-22,4.540000,4.550000,4.360000,4.400000,303638
2021-01-25,4.350000,4.420000,4.340000,4.400000,155174
2021-01-26,4.420000,4.430000,4.300000,4.340000,135732
2021-01-27,4.340000,4.370000,4.290000,4.310000,116281
2021-01-28,4.280000,4.320000,4.260000,4.300000,124846
2021-01-29,4.290000,4.320000,4.220000,4.230000,140033
2021-02-01,4.220000,4.260000,4.200000,4.240000,123983
2021-02-02,4.250000,4.320000,4.200000,4.240000,186193
2021-02-03,4.250000,4.340000,4.240000,4.280000,146123
2021-02-04,4.290000,4.710000,4.260000,4.710000,688207
2021-02-05,4.710000,4.950000,4.530000,4.590000,949156
2021-02-08,4.680000,4.830000,4.540000,4.770000,568234
2021-02-09,4.740000,4.910000,4.650000,4.870000,578140
2021-02-10,4.800000,4.920000,4.720000,4.800000,466482
2021-02-18,5.120000,5.180000,4.940000,5.000000,949810
2021-02-19,4.950000,5.110000,4.900000,5.030000,734349
2021-02-22,5.040000,5.270000,5.000000,5.080000,786690
2021-02-23,5.200000,5.250000,5.050000,5.160000,613431
2021-02-24,5.180000,5.180000,4.920000,4.980000,573485
2021-02-25,5.110000,5.180000,4.970000,5.010000,529072
2021-02-26,4.860000,4.990000,4.820000,4.900000,494834
2021-03-01,4.950000,4.980000,4.830000,4.920000,277457
2021-03-02,4.880000,4.930000,4.750000,4.770000,416209
2021-03-03,4.740000,4.860000,4.740000,4.850000,265878
2021-03-04,4.850000,5.030000,4.830000,4.880000,503762
2021-03-05,4.980000,5.060000,4.850000,4.910000,408609
2021-03-08,5.050000,5.080000,4.930000,4.940000,544667
2021-03-09,4.860000,4.920000,4.700000,4.820000,467249
2021-03-10,4.770000,4.790000,4.620000,4.660000,336204
2021-03-11,4.690000,4.860000,4.670000,4.840000,336469
2021-03-12,4.840000,5.000000,4.810000,4.960000,286457
2021-03-15,4.940000,5.030000,4.920000,4.980000,206442
2021-03-16,4.960000,4.960000,4.800000,4.860000,319632
2021-03-17,4.850000,4.880000,4.770000,4.840000,210474
2021-03-18,4.830000,4.950000,4.790000,4.910000,266221
2021-03-19,4.770000,4.920000,4.710000,4.790000,268251
2021-03-22,4.810000,4.840000,4.760000,4.820000,242920
2021-03-23,4.900000,4.910000,4.610000,4.620000,558421
2021-03-24,4.570000,4.610000,4.460000,4.490000,445080
2021-03-25,4.510000,4.560000,4.440000,4.450000,278649
2021-03-26,4.430000,4.460000,4.390000,4.420000,384111
2021-03-29,4.450000,4.480000,4.380000,4.460000,456230
2021-03-30,4.460000,4.520000,4.430000,4.470000,386943
2021-03-31,4.490000,4.590000,4.470000,4.530000,413126
2021-04-01,4.490000,4.490000,4.420000,4.460000,281048
2021-04-02,4.460000,4.480000,4.420000,4.440000,198673
2021-04-06,4.410000,4.440000,4.400000,4.440000,159288
2021-04-07,4.440000,4.450000,4.420000,4.450000,222982
2021-04-08,4.450000,4.450000,4.400000,4.410000,191891
2021-04-09,4.420000,4.430000,4.380000,4.400000,199267
2021-04-12,4.400000,4.410000,4.370000,4.380000,183639
2021-04-13,4.390000,4.400000,4.320000,4.320000,204898
2021-04-14,4.330000,4.380000,4.320000,4.360000,151440
2021-04-15,4.380000,4.400000,4.340000,4.380000,161646
2021-04-16,4.380000,4.460000,4.350000,4.450000,228295
2021-04-19,4.440000,4.450000,4.420000,4.440000,169565
2021-04-20,4.430000,4.440000,4.410000,4.420000,139856
2021-04-21,4.400000,4.400000,4.340000,4.360000,187315
2021-04-22,4.360000,4.390000,4.330000,4.340000,134183
2021-04-23,4.340000,4.340000,4.300000,4.310000,131263
2021-04-26,4.330000,4.350000,4.310000,4.340000,110587
2021-04-27,4.320000,4.350000,4.300000,4.320000,89027
2021-04-28,4.330000,4.360000,4.320000,4.350000,144321
2021-04-29,4.350000,4.370000,4.320000,4.350000,137617
2021-04-30,4.380000,4.380000,4.330000,4.350000,178435
2021-05-06,4.390000,4.470000,4.370000,4.450000,325288
2021-05-07,4.440000,4.500000,4.410000,4.470000,283477
2021-05-10,4.510000,4.610000,4.490000,4.600000,409878
2021-05-11,4.530000,4.550000,4.450000,4.510000,270102
2021-05-12,4.480000,4.580000,4.480000,4.540000,175641
2021-05-13,4.530000,4.580000,4.480000,4.490000,204222
2021-05-14,4.480000,4.500000,4.450000,4.500000,179356
2021-05-17,4.520000,4.520000,4.450000,4.490000,168305
2021-05-18,4.500000,4.580000,4.480000,4.570000,325591
2021-05-19,4.530000,4.540000,4.460000,4.470000,191353
2021-05-20,4.420000,4.430000,4.370000,4.410000,205992
2021-05-21,4.420000,4.450000,4.400000,4.420000,134722
2021-05-24,4.430000,4.450000,4.410000,4.420000,130884
2021-05-25,4.430000,4.460000,4.420000,4.450000,136441
2021-05-26,4.460000,4.470000,4.430000,4.470000,147257
2021-05-27,4.450000,4.480000,4.450000,4.460000,131319
2021-05-28,4.490000,4.510000,4.410000,4.420000,152082
2021-05-31,4.430000,4.440000,4.380000,4.400000,127333
2021-06-01,4.400000,4.470000,4.380000,4.470000,198645
2021-06-02,4.500000,4.530000,4.470000,4.510000,333838
2021-06-03,4.540000,4.560000,4.480000,4.490000,235063
2021-06-04,4.470000,4.490000,4.440000,4.470000,152137
2021-06-07,4.490000,4.530000,4.460000,4.470000,138594
2021-06-08,4.470000,4.470000,4.420000,4.440000,157579
2021-06-09,4.450000,4.560000,4.450000,4.540000,355884
2021-06-10,4.510000,4.540000,4.500000,4.540000,246212
2021-06-11,4.540000,4.650000,4.540000,4.620000,477678
2021-06-15,4.580000,4.600000,4.470000,4.480000,333782
2021-06-16,4.530000,4.670000,4.510000,4.610000,477231
2021-06-17,4.540000,4.560000,4.500000,4.540000,249548
2021-06-18,4.510000,4.510000,4.410000,4.450000,262544
2021-06-21,4.440000,4.450000,4.410000,4.440000,130475
2021-06-22,4.490000,4.610000,4.480000,4.570000,408513
2021-06-23,4.560000,4.620000,4.530000,4.560000,200577
2021-06-24,4.560000,4.630000,4.530000,4.580000,240107
2021-06-25,4.620000,4.650000,4.590000,4.620000,276378
2021-06-28,4.650000,4.650000,4.560000,4.570000,168533
2021-06-29,4.540000,4.570000,4.490000,4.500000,181061
2021-06-30,4.500000,4.590000,4.480000,4.500000,163024
2021-07-01,4.510000,4.550000,4.460000,4.480000,119464
2021-07-02,4.540000,4.570000,4.470000,4.480000,181805
2021-07-05,4.470000,4.510000,4.440000,4.480000,183395
2021-07-06,4.520000,4.560000,4.470000,4.520000,176077
2021-07-07,4.450000,4.490000,4.440000,4.480000,165080
2021-07-08,4.470000,4.470000,4.390000,4.400000,209902
2021-07-09,4.400000,4.410000,4.360000,4.400000,164342
2021-07-12,4.420000,4.450000,4.380000,4.420000,216601
2021-07-13,4.430000,4.440000,4.370000,4.430000,189421
2021-07-14,4.430000,4.430000,4.370000,4.370000,166613
2021-07-15,4.350000,4.360000,4.290000,4.330000,213762
2021-07-16,4.320000,4.330000,4.300000,4.310000,175980
2021-07-19,4.310000,4.310000,4.250000,4.260000,152972
2021-07-20,4.210000,4.240000,4.190000,4.230000,255343
2021-07-21,4.230000,4.250000,4.200000,4.200000,178525
2021-07-22,4.240000,4.290000,4.220000,4.260000,201988
2021-07-23,4.260000,4.270000,4.210000,4.230000,145376
2021-07-26,4.230000,4.240000,4.150000,4.160000,194300
2021-07-27,4.160000,4.240000,4.130000,4.150000,185014
2021-07-28,4.140000,4.150000,4.080000,4.090000,200957
2021-07-29,4.100000,4.130000,4.080000,4.120000,105464
2021-07-30,4.110000,4.150000,4.080000,4.120000,129195
2021-08-02,4.120000,4.160000,4.080000,4.150000,162333
2021-08-03,4.130000,4.170000,4.120000,4.150000,99525
2021-08-04,4.160000,4.190000,4.140000,4.180000,107955
2021-08-05,4.150000,4.180000,4.130000,4.130000,95476
2021-08-06,4.130000,4.160000,4.110000,4.150000,92875
2021-08-09,4.130000,4.190000,4.130000,4.170000,112760
2021-08-10,4.150000,4.230000,4.140000,4.210000,115811
2021-08-11,4.230000,4.240000,4.200000,4.220000,109343
2021-08-12,4.230000,4.260000,4.210000,4.240000,124672
2021-08-13,4.240000,4.250000,4.200000,4.220000,88105
2021-08-16,4.220000,4.260000,4.210000,4.230000,103578
2021-08-17,4.230000,4.240000,4.130000,4.150000,164725
2021-08-18,4.130000,4.260000,4.130000,4.260000,187625
2021-08-19,4.250000,4.250000,4.190000,4.220000,107301
2021-08-20,4.200000,4.230000,4.170000,4.230000,115614
2021-08-23,4.230000,4.330000,4.230000,4.310000,215116
2021-08-24,4.330000,4.340000,4.270000,4.290000,190645
2021-08-25,4.310000,4.340000,4.270000,4.330000,176561
2021-08-26,4.330000,4.430000,4.320000,4.380000,357338
2021-08-27,4.400000,4.440000,4.360000,4.420000,263420
2021-08-30,4.430000,4.520000,4.430000,4.490000,330704
2021-08-31,4.460000,4.540000,4.440000,4.540000,295794
2021-09-01,4.540000,4.560000,4.480000,4.490000,377575
2021-09-02,4.460000,4.600000,4.460000,4.600000,365978
2021-09-03,4.610000,4.660000,4.550000,4.570000,348437
2021-09-06,4.570000,4.700000,4.570000,4.650000,360919
2021-09-07,4.700000,4.860000,4.680000,4.810000,620277
2021-09-08,4.790000,4.830000,4.750000,4.800000,398290
2021-09-09,4.870000,5.140000,4.840000,4.990000,891386
2021-09-10,4.970000,4.970000,4.800000,4.820000,670995
2021-09-13,4.880000,5.040000,4.840000,5.020000,579340
2021-09-14,5.030000,5.160000,4.920000,4.940000,873576
2021-09-15,4.860000,5.150000,4.840000,5.070000,791205
2021-09-16,5.150000,5.290000,5.130000,5.220000,1260489
2021-09-17,5.160000,5.250000,4.980000,5.100000,579725
2021-09-22,4.980000,5.160000,4.890000,5.140000,451476
2021-09-23,5.200000,5.220000,5.020000,5.070000,418834
2021-09-24,5.100000,5.380000,4.980000,5.020000,797584
2021-09-27,5.030000,5.180000,4.900000,5.010000,687901
2021-09-28,5.050000,5.350000,5.010000,5.300000,928103
2021-09-29,5.100000,5.110000,4.770000,4.810000,1012896
2021-09-30,4.770000,4.850000,4.650000,4.790000,506964
2021-10-08,4.980000,5.270000,4.980000,5.180000,1209598
2021-10-11,5.180000,5.190000,5.040000,5.060000,771777
2021-10-12,5.070000,5.210000,4.900000,4.950000,660905
2021-10-13,4.920000,4.920000,4.590000,4.720000,583337
2021-10-14,4.670000,4.730000,4.580000,4.710000,269453
2021-10-15,4.710000,4.790000,4.650000,4.760000,325171
2021-10-18,4.800000,5.240000,4.800000,5.240000,1398663
2021-10-19,5.260000,5.680000,5.190000,5.500000,2037343
2021-10-20,5.400000,5.480000,5.270000,5.300000,789626
2021-10-21,5.380000,5.430000,5.220000,5.240000,634622
2021-10-22,5.170000,5.240000,4.930000,4.950000,945752
2021-10-25,5.010000,5.130000,4.960000,5.040000,595662
2021-10-26,5.030000,5.090000,4.980000,4.990000,392330
2021-10-27,4.970000,4.990000,4.830000,4.870000,429916
2021-10-28,4.800000,4.820000,4.630000,4.670000,551604
2021-10-29,4.610000,4.680000,4.540000,4.650000,501953
2021-11-01,4.590000,4.620000,4.540000,4.580000,425360
2021-11-02,4.620000,4.630000,4.390000,4.470000,617280
2021-11-03,4.440000,4.460000,4.380000,4.440000,301223
2021-11-04,4.400000,4.410000,4.360000,4.390000,332691
2021-11-05,4.370000,4.380000,4.260000,4.290000,363100
2021-11-08,4.280000,4.340000,4.270000,4.330000,258598
2021-11-09,4.330000,4.330000,4.280000,4.310000,212263
2021-11-10,4.340000,4.340000,4.280000,4.330000,223009
2021-11-11,4.300000,4.370000,4.280000,4.340000,207733
2021-11-12,4.320000,4.380000,4.300000,4.350000,183217
2021-11-15,4.350000,4.380000,4.340000,4.380000,136868
2021-11-16,4.360000,4.410000,4.350000,4.370000,222366
2021-11-17,4.360000,4.360000,4.300000,4.360000,203615
2021-11-18,4.340000,4.360000,4.320000,4.330000,151045
2021-11-19,4.330000,4.400000,4.310000,4.400000,203661
2021-11-22,4.380000,4.390000,4.350000,4.380000,165782
2021-11-23,4.380000,4.420000,4.380000,4.410000,167255
2021-11-24,4.440000,4.480000,4.410000,4.440000,223112
2021-11-25,4.420000,4.450000,4.390000,4.400000,129917
2021-11-26,4.390000,4.390000,4.350000,4.360000,123944
2021-11-29,4.290000,4.320000,4.240000,4.300000,184626
2021-11-30,4.290000,4.340000,4.270000,4.310000,174351
2021-12-01,4.300000,4.370000,4.280000,4.360000,142037
2021-12-02,4.360000,4.400000,4.340000,4.340000,178851
2021-12-03,4.340000,4.390000,4.320000,4.380000,153232
2021-12-06,4.380000,4.420000,4.350000,4.380000,189494
2021-12-07,4.390000,4.450000,4.350000,4.390000,178723
2021-12-08,4.420000,4.430000,4.390000,4.400000,149627
2021-12-09,4.390000,4.440000,4.390000,4.440000,184721
2021-12-10,4.420000,4.430000,4.350000,4.380000,272745
2021-12-13,4.390000,4.410000,4.370000,4.390000,159481
2021-12-14,4.370000,4.380000,4.350000,4.370000,113019
2021-12-15,4.350000,4.380000,4.350000,4.370000,138256
2021-12-16,4.370000,4.450000,4.370000,4.440000,293322
2021-12-17,4.450000,4.560000,4.440000,4.490000,428198
2021-12-20,4.480000,4.520000,4.460000,4.490000,248088
2021-12-21,4.500000,4.570000,4.480000,4.550000,253592
2021-12-22,4.580000,4.660000,4.540000,4.540000,319988
2021-12-23,4.550000,4.600000,4.510000,4.580000,216910
2021-12-24,4.580000,4.600000,4.510000,4.540000,183101
2021-12-27,4.550000,4.590000,4.520000,4.540000,139811
2021-12-28,4.570000,4.580000,4.510000,4.550000,124698
2021-12-29,4.540000,4.560000,4.530000,4.560000,108054
2021-12-30,4.550000,4.650000,4.540000,4.620000,218214
2021-12-31,4.620000,4.640000,4.580000,4.610000,154521
2022-01-04,4.610000,4.710000,4.600000,4.680000,214025
2022-01-05,4.700000,4.770000,4.640000,4.700000,238894
2022-01-06,4.690000,4.750000,4.660000,4.730000,206556
2022-01-07,4.760000,4.890000,4.730000,4.820000,437346
2022-01-10,4.810000,4.830000,4.720000,4.780000,287836
2022-01-11,4.740000,4.770000,4.650000,4.670000,292617
2022-01-12,4.760000,4.830000,4.710000,4.760000,316230
2022-01-13,4.780000,4.830000,4.730000,4.740000,230884
2022-01-14,4.720000,4.720000,4.630000,4.650000,262436
2022-01-17,4.670000,4.750000,4.660000,4.690000,166476
2022-01-18,4.730000,4.740000,4.660000,4.710000,190684
2022-01-19,4.760000,4.770000,4.680000,4.720000,202341
2022-01-20,4.660000,4.720000,4.640000,4.680000,220841
2022-01-21,4.640000,4.670000,4.500000,4.590000,334475
2022-01-24,4.560000,4.650000,4.510000,4.640000,199637
2022-01-25,4.600000,4.610000,4.460000,4.470000,217835
2022-01-26,4.480000,4.560000,4.480000,4.550000,151441
2022-01-27,4.580000,4.600000,4.510000,4.510000,155909
2022-01-28,4.530000,4.540000,4.400000,4.450000,174234
2022-02-07,4.590000,4.890000,4.570000,4.750000,650903
2022-02-08,4.710000,4.840000,4.670000,4.840000,485013
2022-02-09,4.780000,4.850000,4.760000,4.810000,385904
2022-02-10,4.830000,4.850000,4.780000,4.830000,324525
2022-02-11,4.820000,4.890000,4.760000,4.770000,338504
2022-02-14,4.890000,4.970000,4.720000,4.750000,437678
2022-02-15,4.730000,4.760000,4.670000,4.700000,257124
2022-02-16,4.660000,4.680000,4.620000,4.660000,283159
2022-02-17,4.650000,4.700000,4.640000,4.670000,226710
2022-02-18,4.630000,4.700000,4.600000,4.700000,248345
2022-02-21,4.700000,4.750000,4.680000,4.740000,256615
2022-02-22,4.800000,4.820000,4.700000,4.770000,310119
2022-02-23,4.730000,4.770000,4.670000,4.760000,286265
2022-02-24,4.750000,5.020000,4.740000,4.900000,1009008
2022-02-25,4.800000,4.880000,4.770000,4.810000,591606
2022-02-28,4.850000,5.010000,4.840000,4.910000,680184
2022-03-01,4.900000,4.900000,4.750000,4.870000,472372
2022-03-02,5.020000,5.070000,4.900000,4.940000,852427
2022-03-03,4.990000,5.050000,4.960000,5.010000,831086
2022-03-04,4.950000,4.960000,4.810000,4.830000,581048
2022-03-07,4.930000,4.980000,4.760000,4.780000,667651
2022-03-08,4.750000,4.760000,4.590000,4.700000,515798
2022-03-09,4.720000,4.730000,4.410000,4.620000,442352
2022-03-10,4.570000,4.640000,4.540000,4.590000,302011
2022-03-11,4.530000,4.540000,4.400000,4.530000,382520
2022-03-14,4.450000,4.510000,4.360000,4.380000,456587
2022-03-15,4.330000,4.340000,4.040000,4.060000,595604
2022-03-16,4.110000,4.210000,4.030000,4.210000,324141
2022-03-17,4.220000,4.270000,4.190000,4.250000,287372
2022-03-18,4.250000,4.390000,4.250000,4.360000,286652
2022-03-21,4.370000,4.380000,4.300000,4.360000,173095
2022-03-22,4.320000,4.440000,4.320000,4.410000,276505
2022-03-23,4.380000,4.390000,4.310000,4.320000,253526
2022-03-24,4.350000,4.360000,4.240000,4.280000,239265
2022-03-25,4.260000,4.300000,4.220000,4.230000,199290
2022-03-28,4.230000,4.330000,4.150000,4.280000,237297
2022-03-29,4.260000,4.270000,4.220000,4.250000,131792
2022-03-30,4.230000,4.280000,4.220000,4.270000,176468
2022-03-31,4.270000,4.300000,4.250000,4.280000,164213
2022-04-01,4.270000,4.310000,4.250000,4.300000,141074
2022-04-06,4.320000,4.390000,4.310000,4.380000,154414
2022-04-07,4.360000,4.380000,4.300000,4.310000,163790
2022-04-08,4.310000,4.340000,4.280000,4.340000,136074
2022-04-11,4.350000,4.370000,4.250000,4.270000,172020
2022-04-12,4.270000,4.320000,4.200000,4.320000,140838
2022-04-13,4.330000,4.360000,4.310000,4.330000,164963
2022-04-14,4.360000,4.380000,4.330000,4.360000,120879
2022-04-15,4.350000,4.390000,4.320000,4.340000,162261
2022-04-18,4.320000,4.330000,4.250000,4.270000,121339
2022-04-19,4.270000,4.380000,4.250000,4.380000,213410
2022-04-20,4.350000,4.380000,4.260000,4.290000,183460
2022-04-21,4.280000,4.330000,4.140000,4.150000,228532
2022-04-22,4.170000,4.310000,4.120000,4.280000,230905
2022-04-25,4.220000,4.220000,4.050000,4.060000,247768
2022-04-26,4.050000,4.090000,3.850000,3.880000,231295
2022-04-27,3.890000,4.020000,3.880000,4.010000,154693
2022-04-28,3.980000,4.050000,3.940000,4.040000,128275
2022-04-29,4.050000,4.120000,4.030000,4.090000,152372
2022-05-05,4.130000,4.190000,4.100000,4.170000,147339
2022-05-06,4.100000,4.140000,4.080000,4.120000,117321
2022-05-09,4.120000,4.190000,4.090000,4.170000,110827
2022-05-10,4.110000,4.170000,4.080000,4.170000,128824
2022-05-11,4.160000,4.210000,4.140000,4.150000,147261
2022-05-12,4.140000,4.180000,4.080000,4.140000,95598
2022-05-13,4.160000,4.170000,4.120000,4.150000,89273
2022-05-16,4.160000,4.180000,4.130000,4.170000,96935
2022-05-17,4.190000,4.260000,4.160000,4.220000,193269
2022-05-18,4.190000,4.210000,4.150000,4.180000,146368
2022-05-19,4.130000,4.150000,4.100000,4.150000,109747
2022-05-20,4.140000,4.210000,4.140000,4.210000,118596
2022-05-23,4.220000,4.240000,4.190000,4.240000,109292
2022-05-24,4.240000,4.260000,4.130000,4.130000,160211
2022-05-25,4.130000,4.320000,4.130000,4.300000,316150
2022-05-26,4.280000,4.350000,4.270000,4.340000,175438
2022-05-27,4.360000,4.450000,4.340000,4.380000,253898
2022-05-30,4.430000,4.440000,4.370000,4.410000,164128
2022-05-31,4.430000,4.480000,4.410000,4.460000,267418
2022-06-01,4.450000,4.490000,4.400000,4.470000,203651
2022-06-02,4.460000,4.460000,4.380000,4.430000,191089
2022-06-06,4.440000,4.510000,4.420000,4.440000,147095
2022-06-07,4.460000,4.460000,4.390000,4.450000,152286
2022-06-08,4.450000,4.550000,4.410000,4.540000,240694
2022-06-09,4.540000,4.600000,4.520000,4.570000,338100
2022-06-10,4.440000,4.530000,4.420000,4.510000,220118
2022-06-13,4.480000,4.540000,4.420000,4.480000,187027
2022-06-14,4.440000,4.570000,4.430000,4.560000,250832
2022-06-15,4.590000,4.590000,4.480000,4.490000,234854
2022-06-16,4.460000,4.490000,4.360000,4.370000,259077
2022-06-17,4.370000,4.390000,4.310000,4.350000,176639
2022-06-20,4.340000,4.350000,4.250000,4.270000,247048
2022-06-21,4.280000,4.310000,4.200000,4.240000,215980
2022-06-22,4.230000,4.250000,4.160000,4.160000,198183
2022-06-23,4.150000,4.200000,4.140000,4.170000,348846
2022-06-24,4.150000,4.180000,4.130000,4.150000,226396
2022-06-27,4.180000,4.190000,4.140000,4.160000,431711
2022-06-28,4.160000,4.200000,4.150000,4.200000,277893
2022-06-29,4.200000,4.220000,4.150000,4.160000,196862
2022-06-30,4.160000,4.170000,4.140000,4.150000,176213
2022-07-01,4.150000,4.160000,4.110000,4.140000,140216
2022-07-04,4.130000,4.170000,4.120000,4.160000,129002
2022-07-05,4.180000,4.200000,4.130000,4.160000,175719
2022-07-06,4.150000,4.150000,4.090000,4.120000,177385
2022-07-07,4.120000,4.130000,4.100000,4.110000,91615
2022-07-08,4.130000,4.140000,4.110000,4.110000,81242
2022-07-11,4.130000,4.130000,4.090000,4.110000,74306
2022-07-12,4.120000,4.130000,4.090000,4.110000,79964
2022-07-13,4.100000,4.120000,4.090000,4.120000,109996
2022-07-14,4.120000,4.120000,4.080000,4.090000,100365
2022-07-15,4.100000,4.100000,4.040000,4.040000,117556
2022-07-18,4.050000,4.130000,4.050000,4.130000,137827
2022-07-19,4.150000,4.170000,4.130000,4.150000,122045
2022-07-20,4.160000,4.180000,4.140000,4.160000,103167
2022-07-21,4.160000,4.170000,4.120000,4.150000,112535
2022-07-22,4.130000,4.160000,4.110000,4.150000,79398
2022-07-25,4.140000,4.170000,4.140000,4.150000,106298
2022-07-26,4.200000,4.220000,4.160000,4.180000,118079
2022-07-27,4.170000,4.190000,4.150000,4.180000,95654
2022-07-28,4.200000,4.210000,4.180000,4.190000,119594
2022-07-29,4.190000,4.260000,4.180000,4.220000,180105
2022-08-01,4.210000,4.250000,4.200000,4.240000,113554
2022-08-02,4.210000,4.220000,4.120000,4.200000,230644
2022-08-03,4.200000,4.220000,4.150000,4.150000,143307
2022-08-04,4.180000,4.190000,4.110000,4.150000,110968
2022-08-05,4.150000,4.180000,4.110000,4.180000,84002
2022-08-08,4.170000,4.180000,4.150000,4.170000,78225
2022-08-09,4.160000,4.180000,4.140000,4.180000,64071
2022-08-10,4.170000,4.170000,4.140000,4.160000,60218
2022-08-11,4.170000,4.230000,4.160000,4.230000,127084
2022-08-12,4.240000,4.320000,4.220000,4.310000,250061
2022-08-15,4.270000,4.300000,4.250000,4.270000,124500
2022-08-16,4.250000,4.260000,4.220000,4.240000,105354
2022-08-17,4.250000,4.270000,4.230000,4.260000,80924
2022-08-18,4.260000,4.270000,4.190000,4.220000,123616
2022-08-19,4.230000,4.260000,4.220000,4.240000,122970
2022-08-22,4.220000,4.300000,4.210000,4.290000,166135
2022-08-23,4.350000,4.470000,4.320000,4.450000,568662
2022-08-24,4.480000,4.520000,4.400000,4.420000,448851
2022-08-25,4.460000,4.560000,4.420000,4.550000,485279
2022-08-26,4.540000,4.630000,4.510000,4.560000,540530
2022-08-29,4.570000,4.720000,4.510000,4.670000,475985
2022-08-30,4.670000,4.740000,4.570000,4.630000,341628
2022-08-31,4.600000,4.610000,4.470000,4.490000,405161
2022-09-01,4.490000,4.580000,4.480000,4.520000,225761
2022-09-02,4.520000,4.650000,4.490000,4.630000,326227
2022-09-05,4.630000,4.800000,4.630000,4.760000,433511
2022-09-06,4.760000,4.770000,4.690000,4.750000,264084
2022-09-07,4.720000,4.760000,4.690000,4.740000,235883
2022-09-08,4.700000,4.750000,4.630000,4.710000,203694
2022-09-09,4.730000,4.740000,4.650000,4.670000,137190
2022-09-13,4.720000,4.770000,4.660000,4.680000,181977
2022-09-14,4.630000,4.710000,4.600000,4.650000,175533
2022-09-15,4.670000,4.720000,4.570000,4.630000,212195
2022-09-16,4.590000,4.640000,4.480000,4.510000,246613
2022-09-19,4.500000,4.550000,4.410000,4.480000,197898
2022-09-20,4.530000,4.610000,4.520000,4.560000,186704
2022-09-21,4.590000,4.680000,4.500000,4.670000,230052
2022-09-22,4.620000,4.680000,4.580000,4.660000,164471
2022-09-23,4.620000,4.790000,4.620000,4.660000,277992
2022-09-26,4.620000,4.630000,4.450000,4.450000,227774
2022-09-27,4.450000,4.590000,4.380000,4.460000,199019
2022-09-28,4.460000,4.580000,4.390000,4.430000,189623
2022-09-29,4.480000,4.560000,4.380000,4.410000,178867
2022-09-30,4.370000,4.520000,4.360000,4.450000,177810
2022-10-10,4.560000,4.660000,4.530000,4.560000,337318
2022-10-11,4.550000,4.610000,4.470000,4.540000,185395
2022-10-12,4.510000,4.540000,4.410000,4.530000,219717
2022-10-13,4.490000,4.500000,4.400000,4.470000,220470
2022-10-14,4.480000,4.630000,4.480000,4.540000,230374
2022-10-17,4.490000,4.580000,4.420000,4.580000,222165
2022-10-18,4.590000,4.590000,4.510000,4.520000,139755
2022-10-19,4.480000,4.510000,4.410000,4.420000,202174
2022-10-20,4.450000,4.510000,4.410000,4.460000,209402
2022-10-21,4.440000,4.540000,4.440000,4.500000,180388
2022-10-24,4.500000,4.790000,4.500000,4.590000,568841
2022-10-25,4.570000,4.620000,4.510000,4.540000,282225
2022-10-26,4.550000,4.650000,4.530000,4.570000,249375
2022-10-27,4.610000,4.750000,4.590000,4.690000,338487
2022-10-28,4.670000,4.680000,4.530000,4.550000,323734
2022-10-31,4.600000,4.740000,4.570000,4.700000,600070
2022-11-01,4.700000,4.890000,4.700000,4.860000,502994
2022-11-02,4.810000,5.150000,4.810000,5.100000,736324
2022-11-03,5.110000,5.290000,5.080000,5.270000,668411
2022-11-04,5.250000,5.390000,5.170000,5.200000,813863
2022-11-07,5.250000,5.380000,5.210000,5.360000,507410
2022-11-08,5.360000,5.380000,5.210000,5.350000,404615
2022-11-09,5.270000,5.380000,5.240000,5.290000,276674
2022-11-10,5.240000,5.250000,5.150000,5.210000,330620
2022-11-11,5.260000,5.310000,5.160000,5.200000,278558
2022-11-14,5.200000,5.300000,5.140000,5.200000,312599
2022-11-15,5.210000,5.570000,5.180000,5.510000,641179
2022-11-16,5.530000,5.550000,5.400000,5.430000,275856
2022-11-17,5.450000,5.530000,5.340000,5.490000,294673
2022-11-18,5.520000,5.650000,5.440000,5.520000,281640
2022-11-21,5.500000,5.500000,5.310000,5.370000,268135
2022-11-22,5.390000,5.610000,5.350000,5.520000,417754
2022-11-23,5.510000,5.570000,5.400000,5.450000,279242
2022-11-24,5.380000,5.530000,5.370000,5.490000,264606
2022-11-25,5.530000,5.680000,5.460000,5.570000,339105
2022-11-28,5.560000,5.630000,5.410000,5.550000,316225
2022-11-29,5.550000,5.680000,5.530000,5.670000,328294
2022-11-30,5.630000,5.760000,5.600000,5.720000,396443
2022-12-01,5.730000,5.750000,5.560000,5.700000,445679
2022-12-02,5.710000,5.800000,5.680000,5.740000,215025
2022-12-05,5.680000,5.980000,5.660000,5.940000,385739
2022-12-06,5.900000,6.010000,5.790000,5.960000,570358
2022-12-07,5.950000,6.210000,5.930000,6.130000,650105
2022-12-08,6.080000,6.170000,5.970000,6.090000,410537
2022-12-09,6.090000,6.160000,5.900000,5.970000,353672
2022-12-12,5.930000,5.950000,5.710000,5.730000,432490
2022-12-13,5.850000,5.860000,5.720000,5.840000,335918
2022-12-14,5.790000,5.880000,5.780000,5.850000,257533
2022-12-15,5.830000,5.900000,5.670000,5.700000,309329
2022-12-16,5.690000,5.820000,5.590000,5.800000,370120
2022-12-19,5.780000,5.800000,5.500000,5.530000,374891
2022-12-20,5.580000,5.700000,5.570000,5.620000,248565
2022-12-21,5.610000,5.650000,5.510000,5.600000,180098
2022-12-22,5.680000,5.850000,5.600000,5.640000,302559
2022-12-23,5.640000,5.760000,5.530000,5.650000,165795
2022-12-26,5.640000,5.770000,5.630000,5.730000,139380
2022-12-27,5.780000,6.180000,5.740000,6.100000,372858
2022-12-28,6.130000,6.180000,6.030000,6.170000,258758
2022-12-29,6.160000,6.190000,6.020000,6.050000,199482
2022-12-30,6.100000,6.170000,6.020000,6.060000,157189
2023-01-03,6.060000,6.180000,6.000000,6.130000,228731
2023-01-04,6.130000,6.390000,6.050000,6.330000,309232
2023-01-05,6.280000,6.390000,6.220000,6.340000,250730
2023-01-06,6.370000,6.380000,6.240000,6.260000,154843
2023-01-09,6.240000,6.330000,6.140000,6.180000,216158
2023-01-10,6.210000,6.220000,6.000000,6.050000,242222
2023-01-11,6.060000,6.160000,6.010000,6.110000,202198
2023-01-12,6.160000,6.320000,6.120000,6.190000,196861
2023-01-13,6.180000,6.230000,6.140000,6.200000,132037
2023-01-16,6.220000,6.430000,6.150000,6.320000,256552
2023-01-17,6.340000,6.430000,6.300000,6.410000,171604
2023-01-18,6.350000,6.560000,6.350000,6.520000,244071
2023-01-19,6.450000,6.520000,6.350000,6.440000,213364
2023-01-20,6.580000,6.780000,6.470000,6.730000,370395
2023-01-30,6.720000,6.930000,6.480000,6.580000,424587
2023-01-31,6.620000,6.730000,6.530000,6.650000,266340
2023-02-01,6.720000,6.770000,6.600000,6.750000,208876
2023-02-02,6.720000,6.860000,6.700000,6.820000,208015
2023-02-03,6.820000,6.860000,6.730000,6.800000,171926
2023-02-06,6.760000,6.950000,6.710000,6.890000,268749
2023-02-07,6.930000,6.940000,6.780000,6.860000,205459
2023-02-08,6.850000,6.880000,6.740000,6.800000,184524
2023-02-09,6.770000,6.890000,6.770000,6.860000,168150
2023-02-10,6.850000,6.960000,6.790000,6.920000,165228
2023-02-13,6.920000,7.000000,6.820000,6.960000,212867
2023-02-14,6.960000,7.190000,6.940000,7.040000,264167
2023-02-15,7.050000,7.070000,6.690000,6.730000,340990
2023-02-16,6.730000,6.830000,6.600000,6.660000,375243
2023-02-17,6.690000,6.820000,6.680000,6.740000,161450
2023-02-20,6.740000,6.800000,6.680000,6.720000,190614
2023-02-21,6.730000,6.980000,6.720000,6.910000,209127
2023-02-22,6.920000,6.920000,6.780000,6.830000,128556
2023-02-23,6.850000,6.890000,6.670000,6.710000,198608
2023-02-24,6.710000,6.800000,6.630000,6.720000,197810
2023-02-27,6.700000,6.880000,6.680000,6.790000,173448
2023-02-28,6.800000,6.980000,6.680000,6.820000,356006
2023-03-01,6.820000,6.850000,6.680000,6.760000,211928
2023-03-02,6.770000,7.070000,6.770000,6.940000,229551
2023-03-03,6.950000,7.000000,6.870000,6.950000,195046
2023-03-06,6.950000,7.060000,6.920000,6.990000,255403
2023-03-07,6.890000,7.200000,6.890000,7.100000,394112
2023-03-08,7.200000,7.200000,6.620000,6.730000,620854
2023-03-09,6.700000,6.900000,6.700000,6.850000,290891
2023-03-10,6.860000,6.860000,6.620000,6.640000,216466
2023-03-13,6.650000,7.000000,6.650000,6.910000,376229
2023-03-14,6.890000,6.990000,6.840000,6.890000,258700
2023-03-15,6.920000,7.060000,6.800000,7.010000,227185
2023-03-16,6.910000,6.910000,6.310000,6.310000,764056
2023-03-17,6.310000,6.480000,6.250000,6.420000,546555
2023-03-20,6.390000,6.490000,6.150000,6.180000,600533
2023-03-21,6.310000,6.390000,6.080000,6.120000,521343
2023-03-22,6.170000,6.300000,6.140000,6.200000,384646
2023-03-23,6.230000,6.290000,6.120000,6.150000,311430
2023-03-24,6.100000,6.180000,5.920000,5.950000,493540
2023-03-27,6.000000,6.000000,5.760000,5.800000,411682
2023-03-28,5.880000,6.060000,5.830000,6.010000,528281
2023-03-29,5.990000,6.020000,5.870000,5.930000,262325
2023-03-30,5.950000,6.110000,5.900000,6.030000,318360
2023-03-31,6.060000,6.190000,6.000000,6.130000,275201
2023-04-03,6.230000,6.740000,6.230000,6.560000,830360
2023-04-04,6.620000,6.720000,6.530000,6.630000,430218
2023-04-06,6.600000,6.900000,6.530000,6.720000,386776
2023-04-07,6.730000,6.790000,6.550000,6.640000,264577
2023-04-10,6.620000,6.840000,6.560000,6.770000,288504
2023-04-11,6.750000,6.800000,6.580000,6.680000,327265
2023-04-12,6.720000,6.820000,6.660000,6.710000,302933
2023-04-13,6.800000,6.940000,6.730000,6.780000,334278
2023-04-14,6.800000,6.830000,6.640000,6.730000,272244
2023-04-17,6.720000,6.870000,6.710000,6.730000,353177
2023-04-18,6.750000,6.850000,6.630000,6.790000,299938
2023-04-19,6.730000,6.900000,6.690000,6.730000,215264
2023-04-20,6.700000,6.700000,6.510000,6.640000,340825
2023-04-21,6.670000,6.670000,6.380000,6.410000,330724
2023-04-24,6.430000,6.500000,6.320000,6.350000,233456
2023-04-25,6.430000,6.470000,6.210000,6.310000,273232
2023-04-26,6.320000,6.450000,6.260000,6.370000,261554
2023-04-27,6.260000,6.340000,6.200000,6.280000,245504
2023-04-28,6.480000,6.890000,6.430000,6.730000,1032377
2023-05-04,6.620000,6.630000,6.350000,6.480000,599732
2023-05-05,6.450000,6.520000,6.300000,6.410000,481173
2023-05-08,6.440000,6.780000,6.440000,6.690000,605013
2023-05-09,6.810000,6.930000,6.660000,6.670000,432251
2023-05-10,6.690000,6.750000,6.150000,6.210000,589036
2023-05-11,6.160000,6.230000,6.120000,6.150000,251811
2023-05-12,6.180000,6.230000,6.050000,6.060000,191455
2023-05-15,6.100000,6.140000,5.940000,6.080000,225117
2023-05-16,6.050000,6.190000,5.990000,6.000000,201619
2023-05-17,5.990000,6.140000,5.990000,6.120000,149190
2023-05-18,6.150000,6.400000,6.140000,6.180000,449480
2023-05-19,6.210000,6.210000,5.930000,5.960000,418015
2023-05-22,5.990000,6.030000,5.910000,6.020000,229983
2023-05-23,5.980000,6.070000,5.890000,5.890000,206190
2023-05-24,5.930000,5.950000,5.820000,5.860000,171189
2023-05-25,5.820000,5.910000,5.790000,5.880000,172692
2023-05-26,5.800000,5.960000,5.770000,5.930000,200410
2023-05-29,5.960000,6.160000,5.910000,6.100000,258626
2023-05-30,6.080000,6.180000,6.020000,6.160000,271294
2023-05-31,6.090000,6.170000,5.980000,6.140000,282668
2023-06-01,6.110000,6.370000,6.090000,6.200000,256613
2023-06-02,6.260000,6.260000,6.120000,6.160000,163840
2023-06-05,6.200000,6.240000,6.080000,6.110000,214908
2023-06-06,6.120000,6.150000,6.000000,6.000000,237657
2023-06-07,6.040000,6.150000,6.000000,6.060000,174049
2023-06-08,6.120000,6.160000,6.030000,6.100000,212520
2023-06-09,6.070000,6.160000,6.050000,6.140000,158502
2023-06-12,6.040000,6.140000,5.940000,5.940000,186186
2023-06-13,5.880000,6.040000,5.860000,6.000000,199396
2023-06-14,6.000000,6.090000,5.990000,6.000000,120912
2023-06-15,5.980000,6.030000,5.900000,5.990000,143023
2023-06-16,5.970000,6.070000,5.940000,5.960000,166192
2023-06-19,5.960000,5.980000,5.840000,5.850000,199886
2023-06-20,5.880000,5.880000,5.780000,5.780000,166930
2023-06-21,5.750000,5.850000,5.680000,5.690000,158656
2023-06-26,5.640000,5.760000,5.600000,5.620000,204547
2023-06-27,5.620000,5.850000,5.620000,5.800000,152653
2023-06-28,5.820000,5.840000,5.730000,5.820000,121675
2023-06-29,5.850000,5.870000,5.720000,5.740000,127246
2023-06-30,5.760000,5.880000,5.740000,5.850000,150821
2023-07-03,5.860000,6.150000,5.840000,6.100000,320467
2023-07-04,6.100000,6.340000,6.080000,6.270000,333507
2023-07-05,6.240000,6.420000,6.210000,6.350000,253482
2023-07-06,6.300000,6.460000,6.300000,6.440000,270002
2023-07-07,6.450000,6.510000,6.390000,6.470000,168195
2023-07-10,6.460000,6.510000,6.340000,6.440000,189168
2023-07-11,6.570000,6.680000,6.430000,6.510000,306253
2023-07-12,6.640000,6.670000,6.520000,6.550000,219187
2023-07-13,6.560000,6.630000,6.480000,6.590000,191798
2023-07-14,6.590000,6.650000,6.510000,6.600000,122405
2023-07-17,6.550000,6.590000,6.450000,6.590000,179283
2023-07-18,6.520000,6.590000,6.480000,6.530000,157785
2023-07-19,6.530000,6.600000,6.480000,6.580000,105330
2023-07-20,6.550000,6.620000,6.430000,6.470000,121939
2023-07-21,6.450000,6.590000,6.400000,6.430000,108743
2023-07-24,6.420000,6.460000,6.330000,6.400000,105089
2023-07-25,6.460000,6.520000,6.370000,6.420000,128019
2023-07-26,6.390000,6.450000,6.290000,6.330000,134503
2023-07-27,6.330000,6.360000,6.210000,6.230000,132514
2023-07-28,6.240000,6.320000,6.190000,6.300000,142212
2023-07-31,6.320000,6.370000,6.210000,6.260000,208551
2023-08-01,6.300000,6.350000,6.240000,6.300000,228814
2023-08-02,6.330000,6.340000,6.160000,6.190000,270800
2023-08-03,6.200000,6.260000,6.180000,6.220000,196720
2023-08-04,6.240000,6.320000,6.160000,6.170000,231222
2023-08-07,6.160000,6.230000,6.130000,6.150000,163324
2023-08-08,6.190000,6.220000,6.130000,6.170000,148763
2023-08-09,6.210000,6.220000,6.040000,6.070000,205783
2023-08-10,6.090000,6.220000,6.090000,6.190000,260702
2023-08-11,6.200000,6.210000,5.980000,6.000000,272451
2023-08-14,5.960000,6.080000,5.890000,6.060000,175044
2023-08-15,6.040000,6.130000,5.960000,6.080000,202036
2023-08-16,6.000000,6.070000,5.930000,5.960000,224167
2023-08-17,5.930000,6.000000,5.870000,5.960000,198523
2023-08-18,5.960000,6.120000,5.950000,6.050000,219554
2023-08-21,6.030000,6.070000,5.640000,5.710000,738922
2023-08-22,5.750000,5.850000,5.690000,5.830000,347831
2023-08-23,5.810000,5.970000,5.780000,5.900000,329404
2023-08-24,5.920000,5.970000,5.720000,5.730000,231513
2023-08-25,5.740000,5.790000,5.680000,5.750000,163411
2023-08-28,6.000000,6.030000,5.840000,5.850000,288748
2023-08-29,5.920000,5.920000,5.800000,5.830000,226207
2023-08-30,5.840000,5.900000,5.800000,5.840000,138406
2023-08-31,5.850000,5.880000,5.780000,5.820000,150064
2023-09-01,5.820000,5.850000,5.740000,5.830000,177372
2023-09-04,5.920000,6.200000,5.900000,6.170000,498122
2023-09-05,6.170000,6.180000,6.030000,6.160000,334702
2023-09-06,6.250000,6.260000,6.090000,6.200000,305863
2023-09-07,6.160000,6.330000,6.130000,6.240000,329233
2023-09-08,6.170000,6.480000,6.170000,6.440000,347779
2023-09-11,6.440000,6.520000,6.380000,6.420000,379385
2023-09-12,6.420000,6.490000,6.330000,6.370000,261801
2023-09-13,6.370000,6.620000,6.370000,6.410000,427682
2023-09-14,6.430000,6.510000,6.410000,6.470000,294084
2023-09-15,6.540000,6.730000,6.530000,6.560000,488606
2023-09-18,6.520000,6.610000,6.400000,6.470000,271581
2023-09-19,6.490000,6.560000,6.460000,6.480000,230590
2023-09-20,6.490000,6.510000,6.400000,6.420000,151893
2023-09-21,6.380000,6.490000,6.380000,6.410000,135006
2023-09-22,6.420000,6.470000,6.350000,6.380000,132776
2023-09-25,6.360000,6.450000,6.340000,6.350000,151447
2023-09-26,6.370000,6.520000,6.350000,6.390000,243754
2023-09-27,6.370000,6.520000,6.350000,6.480000,202136
2023-09-28,6.550000,6.590000,6.450000,6.480000,191085
2023-10-09,6.380000,6.420000,6.290000,6.390000,232128
2023-10-10,6.400000,6.490000,6.310000,6.330000,189195
2023-10-11,6.330000,6.330000,6.140000,6.180000,327692
2023-10-12,6.180000,6.210000,6.080000,6.110000,193714
2023-10-13,6.080000,6.140000,6.040000,6.110000,162227
2023-10-16,6.160000,6.360000,6.160000,6.290000,294335
2023-10-17,6.240000,6.420000,6.180000,6.410000,294267
2023-10-18,6.420000,6.470000,6.280000,6.310000,199323
2023-10-19,6.330000,6.330000,6.140000,6.160000,160396
2023-10-20,6.200000,6.250000,6.090000,6.100000,117447
2023-10-23,6.060000,6.080000,5.950000,6.000000,165158
2023-10-24,6.000000,6.120000,5.970000,6.080000,169183
2023-10-25,6.150000,6.450000,6.150000,6.310000,339072
2023-10-26,6.290000,6.350000,6.140000,6.230000,181709
2023-10-27,6.190000,6.380000,6.160000,6.330000,205573
2023-10-30,6.310000,6.340000,6.050000,6.220000,434281
2023-10-31,6.200000,6.260000,6.090000,6.210000,313860
2023-11-01,6.200000,6.200000,5.960000,6.130000,306552
2023-11-02,6.130000,6.220000,6.100000,6.180000,214282
2023-11-03,6.210000,6.290000,6.180000,6.230000,251550
2023-11-06,6.220000,6.230000,5.880000,5.970000,557704
2023-11-07,5.940000,6.000000,5.900000,5.950000,255225
2023-11-08,5.910000,5.960000,5.690000,5.890000,298904
2023-11-09,5.880000,5.880000,5.800000,5.810000,215375
2023-11-10,5.800000,5.920000,5.760000,5.870000,155791
2023-11-13,5.890000,5.970000,5.830000,5.960000,156778
2023-11-14,5.940000,6.060000,5.900000,6.030000,252947
2023-11-15,6.040000,6.050000,5.930000,5.940000,155377
2023-11-16,5.950000,6.140000,5.930000,6.040000,299598
2023-11-17,6.020000,6.130000,5.980000,6.120000,253110
2023-11-20,6.110000,6.380000,6.100000,6.360000,303803
2023-11-21,6.350000,6.420000,6.310000,6.360000,214045
2023-11-22,6.360000,6.410000,6.270000,6.290000,155761
2023-11-23,6.240000,6.330000,6.200000,6.300000,162362
2023-11-24,6.290000,6.330000,6.210000,6.250000,132422
2023-11-27,6.240000,6.270000,6.150000,6.240000,235558
2023-11-28,6.220000,6.310000,6.190000,6.280000,153936
2023-11-29,6.260000,6.300000,6.210000,6.260000,134809
2023-11-30,6.260000,6.450000,6.250000,6.430000,300109
2023-12-01,6.390000,6.500000,6.370000,6.390000,171057
2023-12-04,6.420000,6.440000,6.270000,6.290000,229009
2023-12-05,6.300000,6.310000,6.140000,6.150000,148639
2023-12-06,6.120000,6.170000,6.080000,6.100000,156769
2023-12-07,6.060000,6.120000,5.990000,6.000000,235232
2023-12-08,5.990000,6.070000,5.900000,5.930000,476525
2023-12-11,5.950000,6.050000,5.830000,6.010000,295494
2023-12-12,6.030000,6.040000,5.940000,6.040000,201263
2023-12-13,5.980000,5.990000,5.850000,5.880000,277544
2023-12-14,5.940000,5.940000,5.870000,5.900000,118989
2023-12-15,5.920000,5.980000,5.840000,5.840000,180254
2023-12-18,5.820000,5.870000,5.790000,5.800000,126959
2023-12-19,5.860000,5.870000,5.720000,5.760000,137578
2023-12-20,5.790000,5.920000,5.780000,5.850000,220300
2023-12-21,5.860000,5.950000,5.750000,5.780000,183572
2023-12-22,5.770000,5.830000,5.730000,5.770000,170814
2023-12-25,5.780000,5.830000,5.700000,5.800000,149404
2023-12-26,5.790000,5.830000,5.710000,5.740000,156486
2023-12-27,5.750000,6.060000,5.750000,6.040000,332778
2023-12-28,6.060000,6.150000,5.900000,5.980000,268807
2023-12-29,5.980000,5.980000,5.830000,5.940000,266101
2024-01-02,5.930000,6.190000,5.910000,6.140000,313324
2024-01-03,6.130000,6.200000,6.080000,6.180000,226347
2024-01-04,6.190000,6.270000,6.140000,6.230000,182981
2024-01-05,6.230000,6.280000,6.180000,6.200000,243577
2024-01-08,6.200000,6.220000,6.070000,6.080000,176313
2024-01-09,6.060000,6.160000,6.000000,6.100000,140446
2024-01-10,6.130000,6.130000,5.970000,6.000000,182249
2024-01-11,6.010000,6.010000,5.920000,5.960000,209921
2024-01-12,5.960000,6.070000,5.950000,6.030000,163049
2024-01-15,6.000000,6.120000,5.980000,6.100000,172020
2024-01-16,6.080000,6.120000,5.950000,6.010000,210460
2024-01-17,6.000000,6.000000,5.840000,5.860000,203485
2024-01-18,5.850000,5.860000,5.550000,5.700000,377996
2024-01-19,5.660000,5.770000,5.580000,5.710000,242222
2024-01-22,5.670000,5.670000,5.330000,5.360000,282252
2024-01-23,5.360000,5.430000,5.250000,5.390000,179329
2024-01-24,5.390000,5.520000,5.300000,5.500000,197730
2024-01-25,5.550000,5.830000,5.520000,5.810000,340226
2024-01-26,5.850000,5.890000,5.790000,5.840000,206180
2024-01-29,5.860000,6.050000,5.820000,5.910000,313303
2024-01-30,5.830000,5.870000,5.640000,5.660000,277306
2024-01-31,5.670000,5.740000,5.560000,5.600000,209661
2024-02-01,5.560000,5.680000,5.430000,5.480000,246637
2024-02-02,5.460000,5.530000,5.200000,5.340000,408152
2024-02-05,5.330000,5.350000,4.900000,5.140000,445232
2024-02-06,5.130000,5.550000,5.060000,5.480000,361799
2024-02-07,5.490000,5.970000,5.480000,5.960000,561068
2024-02-08,6.000000,6.280000,5.990000,6.020000,583948
2024-02-19,6.150000,6.150000,5.950000,6.000000,344269
2024-02-20,6.010000,6.090000,5.920000,5.990000,205695
2024-02-21,5.990000,6.050000,5.920000,5.940000,292609
2024-02-22,5.950000,6.010000,5.910000,6.000000,204530
2024-02-23,6.060000,6.120000,5.980000,6.100000,371570
2024-02-26,6.070000,6.310000,6.070000,6.100000,361724
2024-02-27,6.110000,6.190000,6.070000,6.160000,251789
2024-02-28,6.130000,6.190000,6.040000,6.060000,287569
2024-02-29,6.030000,6.220000,6.030000,6.190000,282061
2024-03-01,6.190000,6.430000,6.170000,6.360000,380163
2024-03-04,6.370000,6.500000,6.290000,6.480000,351020
2024-03-05,6.500000,6.590000,6.400000,6.490000,287528
2024-03-06,6.430000,6.700000,6.430000,6.630000,291012
2024-03-07,6.610000,6.870000,6.600000,6.660000,307664
2024-03-08,6.660000,6.810000,6.610000,6.770000,212634
2024-03-11,6.790000,6.810000,6.610000,6.680000,284390
2024-03-12,6.700000,6.740000,6.510000,6.540000,271095
2024-03-13,6.530000,6.590000,6.500000,6.540000,177897
2024-03-14,6.580000,6.690000,6.560000,6.610000,256776
2024-03-15,6.710000,6.880000,6.620000,6.860000,377200
2024-03-18,6.870000,6.970000,6.730000,6.970000,316743
2024-03-19,6.790000,6.840000,6.270000,6.270000,1401449
2024-03-20,6.210000,6.310000,6.110000,6.240000,838856
2024-03-21,6.200000,6.220000,6.130000,6.140000,416129
2024-03-22,6.140000,6.170000,5.980000,6.010000,414120
2024-03-25,6.000000,6.150000,5.920000,6.040000,451569
2024-03-26,6.030000,6.080000,5.930000,5.980000,413045
2024-03-27,5.950000,6.190000,5.930000,6.060000,483179
2024-03-28,6.050000,6.580000,6.030000,6.370000,888870
2024-03-29,6.370000,6.790000,6.350000,6.750000,802039
2024-04-01,6.660000,6.830000,6.580000,6.650000,495140
2024-04-02,6.650000,6.840000,6.600000,6.630000,461985
2024-04-03,6.670000,6.960000,6.620000,6.870000,647453
2024-04-08,6.700000,6.860000,6.600000,6.730000,611393
2024-04-09,6.700000,6.730000,6.240000,6.380000,739193
2024-04-10,6.340000,6.510000,6.340000,6.470000,439675
2024-04-11,6.450000,6.740000,6.400000,6.680000,480493
2024-04-12,6.700000,6.770000,6.570000,6.670000,318525
2024-04-15,6.630000,6.860000,6.520000,6.750000,426008
2024-04-16,6.740000,6.840000,6.550000,6.600000,560214
2024-04-17,6.570000,6.690000,6.450000,6.640000,568149
2024-04-18,6.620000,6.660000,6.490000,6.520000,415262
2024-04-19,6.500000,6.960000,6.490000,6.880000,865480
2024-04-22,6.820000,6.880000,6.470000,6.490000,782049
2024-04-23,6.450000,6.510000,6.280000,6.410000,407797
2024-04-24,6.330000,6.480000,6.330000,6.440000,297074
2024-04-25,6.470000,6.610000,6.410000,6.450000,308801
2024-04-26,6.460000,6.670000,6.460000,6.530000,411378
2024-04-29,6.500000,6.500000,6.250000,6.370000,427406
2024-04-30,6.350000,6.490000,6.350000,6.370000,330954
2024-05-06,6.300000,6.480000,6.250000,6.470000,390291
2024-05-07,6.460000,6.530000,6.360000,6.390000,313677
2024-05-08,6.370000,6.410000,6.220000,6.260000,397503
2024-05-09,6.220000,6.460000,6.220000,6.380000,470149
2024-05-10,6.390000,6.430000,6.260000,6.390000,351787
2024-05-13,6.350000,6.460000,6.260000,6.420000,434995
2024-05-14,6.410000,6.550000,6.340000,6.380000,336847
2024-05-15,6.390000,6.420000,6.290000,6.300000,212650
2024-05-16,6.330000,6.380000,6.240000,6.300000,363681
2024-05-17,6.300000,6.330000,6.210000,6.290000,256701
2024-05-20,6.300000,6.580000,6.300000,6.510000,514907
2024-05-21,6.510000,6.510000,6.350000,6.380000,244587
2024-05-22,6.400000,6.400000,6.230000,6.260000,374898
2024-05-23,6.230000,6.250000,6.140000,6.160000,283837
2024-05-24,6.140000,6.240000,6.110000,6.130000,167689
2024-05-27,6.110000,6.280000,6.110000,6.260000,268499
2024-05-28,6.270000,6.310000,6.210000,6.230000,182583
2024-05-29,6.250000,6.400000,6.200000,6.330000,249372
2024-05-30,6.330000,6.350000,6.150000,6.190000,238871
2024-05-31,6.190000,6.230000,6.130000,6.140000,208456
2024-06-03,6.150000,6.210000,6.090000,6.130000,208242
2024-06-04,6.100000,6.240000,6.070000,6.220000,237556
2024-06-05,6.220000,6.240000,6.090000,6.090000,224129
2024-06-06,6.120000,6.170000,6.050000,6.080000,240358
2024-06-07,6.120000,6.180000,6.070000,6.090000,170311
2024-06-11,6.110000,6.150000,5.920000,5.980000,302578
2024-06-12,5.950000,6.110000,5.940000,6.090000,197511
2024-06-13,6.090000,6.100000,5.970000,6.020000,141533
2024-06-14,6.020000,6.100000,5.970000,6.060000,180363
2024-06-17,6.060000,6.100000,5.980000,6.050000,212442
2024-06-18,5.920000,5.970000,5.870000,5.960000,187584
2024-06-19,5.980000,6.040000,5.940000,5.960000,110569
2024-06-20,5.980000,6.110000,5.930000,5.940000,222489
2024-06-21,5.970000,6.010000,5.900000,5.940000,148199
2024-06-24,5.970000,5.970000,5.850000,5.930000,218362
2024-06-25,5.910000,6.000000,5.910000,5.930000,226795
2024-06-26,5.910000,5.930000,5.830000,5.910000,191038
2024-06-27,5.920000,5.920000,5.750000,5.780000,237226
2024-06-28,5.780000,5.990000,5.770000,5.910000,312643
2024-07-01,5.930000,6.180000,5.910000,6.160000,379990
2024-07-02,6.180000,6.210000,6.080000,6.190000,272866
2024-07-03,6.190000,6.230000,6.110000,6.130000,201716
2024-07-04,6.130000,6.180000,6.040000,6.050000,150396
2024-07-05,6.040000,6.080000,5.990000,6.030000,159095
2024-07-08,6.040000,6.060000,5.960000,5.970000,159583
2024-07-09,5.950000,6.030000,5.830000,6.010000,238221
2024-07-10,6.020000,6.030000,5.850000,5.880000,183134
2024-07-11,5.910000,5.970000,5.870000,5.910000,187622
2024-07-12,5.910000,5.950000,5.770000,5.820000,214355
2024-07-15,5.800000,5.810000,5.640000,5.680000,322462
2024-07-16,5.690000,5.800000,5.660000,5.780000,184244
2024-07-17,5.750000,5.750000,5.510000,5.550000,364943
2024-07-18,5.560000,5.690000,5.510000,5.670000,224409
2024-07-19,5.670000,5.680000,5.590000,5.650000,149517
2024-07-22,5.590000,5.620000,5.480000,5.520000,254775
2024-07-23,5.530000,5.540000,5.420000,5.420000,223158
2024-07-24,5.430000,5.540000,5.370000,5.480000,204532
2024-07-25,5.440000,5.480000,5.310000,5.350000,199453
2024-07-26,5.380000,5.440000,5.340000,5.440000,142755
2024-07-29,5.460000,5.520000,5.410000,5.490000,154417
2024-07-30,5.500000,5.500000,5.360000,5.380000,199689
2024-07-31,5.380000,5.520000,5.360000,5.500000,247305
2024-08-01,5.510000,5.640000,5.500000,5.590000,249679
2024-08-02,5.550000,5.560000,5.450000,5.460000,177429
2024-08-05,5.400000,5.460000,5.250000,5.280000,236635
2024-08-06,5.280000,5.390000,5.240000,5.270000,294752
2024-08-07,5.300000,5.320000,5.240000,5.270000,215806
2024-08-08,5.280000,5.380000,5.260000,5.340000,182995
2024-08-09,5.380000,5.460000,5.340000,5.430000,209273
2024-08-12,5.460000,5.510000,5.380000,5.480000,170287
2024-08-13,5.590000,5.590000,5.460000,5.570000,218672
2024-08-14,5.560000,5.570000,5.470000,5.470000,149339
2024-08-15,5.470000,5.570000,5.440000,5.520000,125170
2024-08-16,5.540000,5.540000,5.440000,5.460000,101802
2024-08-19,5.550000,5.700000,5.540000,5.650000,336776
2024-08-20,5.630000,5.760000,5.570000,5.590000,310004
2024-08-21,5.570000,5.580000,5.450000,5.480000,211024
2024-08-22,5.460000,5.480000,5.310000,5.350000,208201
2024-08-23,5.320000,5.440000,5.320000,5.390000,150350
2024-08-26,5.390000,5.440000,5.310000,5.390000,168687
2024-08-27,5.410000,5.430000,5.360000,5.400000,157092
2024-08-28,5.380000,5.510000,5.380000,5.400000,189013
2024-08-29,5.390000,5.400000,5.320000,5.350000,176133
2024-08-30,5.350000,5.550000,5.340000,5.490000,242657
2024-09-02,5.430000,5.450000,5.270000,5.310000,337517
2024-09-03,5.310000,5.380000,5.280000,5.300000,179469
2024-09-04,5.230000,5.250000,5.130000,5.160000,224290
2024-09-05,5.150000,5.220000,5.120000,5.140000,144202
2024-09-06,5.160000,5.170000,5.080000,5.090000,142513
2024-09-09,5.060000,5.070000,4.960000,4.990000,235590
2024-09-10,4.970000,5.040000,4.840000,4.960000,255213
2024-09-11,4.910000,4.930000,4.800000,4.830000,243076
2024-09-12,4.840000,4.930000,4.820000,4.900000,229167
2024-09-13,4.910000,5.000000,4.870000,4.870000,195843
2024-09-18,4.870000,4.910000,4.820000,4.860000,156471
2024-09-19,4.870000,4.900000,4.750000,4.850000,271559
2024-09-20,4.840000,4.890000,4.780000,4.850000,226078
2024-09-23,4.860000,4.900000,4.810000,4.870000,145060
2024-09-24,4.900000,5.130000,4.880000,5.120000,377834
2024-09-25,5.160000,5.300000,5.150000,5.190000,436200
2024-09-26,5.180000,5.250000,5.130000,5.240000,413762
2024-09-27,5.240000,5.430000,5.240000,5.430000,369537
2024-09-30,5.630000,5.900000,5.590000,5.820000,995895
2024-10-08,6.400000,6.400000,5.840000,6.040000,1030174
2024-10-09,5.950000,5.960000,5.530000,5.590000,724006
2024-10-10,5.550000,5.860000,5.530000,5.690000,578154
2024-10-11,5.700000,5.790000,5.580000,5.640000,412742
2024-10-14,5.630000,5.680000,5.560000,5.680000,402375
2024-10-15,5.590000,5.610000,5.430000,5.430000,474543
2024-10-16,5.430000,5.500000,5.360000,5.430000,375474
2024-10-17,5.460000,5.540000,5.340000,5.350000,307949
2024-10-18,5.360000,5.520000,5.310000,5.450000,384314
2024-10-21,5.440000,5.470000,5.360000,5.390000,337332
2024-10-22,5.410000,5.450000,5.370000,5.450000,317551
2024-10-23,5.460000,5.580000,5.450000,5.520000,413354
2024-10-24,5.520000,5.520000,5.440000,5.460000,236439
2024-10-25,5.460000,5.500000,5.450000,5.480000,256583
2024-10-28,5.520000,5.580000,5.500000,5.550000,517773
2024-10-29,5.590000,5.590000,5.380000,5.410000,580394
2024-10-30,5.410000,5.480000,5.340000,5.440000,459652
2024-10-31,5.420000,5.490000,5.410000,5.420000,403272
2024-11-01,5.430000,5.560000,5.420000,5.510000,572980
2024-11-04,5.540000,5.640000,5.490000,5.630000,444786
2024-11-05,5.640000,5.710000,5.620000,5.710000,452093
2024-11-06,5.710000,5.760000,5.660000,5.700000,416484
2024-11-07,5.670000,5.770000,5.630000,5.770000,449443
2024-11-08,5.800000,5.830000,5.630000,5.640000,546574
2024-11-11,5.580000,5.620000,5.510000,5.560000,498293
2024-11-12,5.570000,5.660000,5.500000,5.540000,634248
2024-11-13,5.530000,5.620000,5.500000,5.590000,329990
2024-11-14,5.560000,5.620000,5.470000,5.480000,379815
2024-11-15,5.460000,5.580000,5.450000,5.480000,336624
2024-11-18,5.530000,5.670000,5.530000,5.570000,633625
2024-11-19,5.570000,5.620000,5.480000,5.580000,388886
2024-11-20,5.580000,5.630000,5.530000,5.620000,399479
2024-11-21,5.620000,5.650000,5.540000,5.560000,331377
2024-11-22,5.580000,5.620000,5.390000,5.390000,418864
2024-11-25,5.400000,5.540000,5.320000,5.320000,758395
2024-11-26,5.330000,5.360000,5.200000,5.320000,460035
2024-11-27,5.300000,5.380000,5.230000,5.370000,285994
2024-11-28,5.340000,5.370000,5.270000,5.280000,348305
2024-11-29,5.290000,5.360000,5.260000,5.330000,283677
2024-12-02,5.340000,5.450000,5.320000,5.430000,345843
2024-12-03,5.430000,5.450000,5.370000,5.450000,314439
2024-12-04,5.440000,5.560000,5.410000,5.490000,362247
2024-12-05,5.450000,5.470000,5.370000,5.390000,389118
2024-12-06,5.380000,5.480000,5.380000,5.470000,292381
2024-12-09,5.470000,5.530000,5.450000,5.480000,283757
2024-12-10,5.570000,5.600000,5.470000,5.480000,376358
2024-12-11,5.460000,5.560000,5.460000,5.560000,351388
2024-12-12,5.550000,5.590000,5.520000,5.570000,248926
2024-12-13,5.550000,5.570000,5.440000,5.440000,365955
2024-12-16,5.450000,5.520000,5.440000,5.480000,262142
2024-12-17,5.480000,5.520000,5.400000,5.440000,234576
2024-12-18,5.470000,5.550000,5.470000,5.480000,253343
2024-12-19,5.460000,5.480000,5.360000,5.440000,275620
2024-12-20,5.410000,5.440000,5.360000,5.370000,221065
2024-12-23,5.370000,5.490000,5.370000,5.410000,322478
2024-12-24,5.400000,5.540000,5.400000,5.510000,292653
2024-12-25,5.520000,5.550000,5.480000,5.530000,182596
2024-12-26,5.520000,5.530000,5.450000,5.460000,197810
2024-12-27,5.480000,5.530000,5.450000,5.520000,239309
2024-12-30,5.530000,5.590000,5.510000,5.560000,292782
2024-12-31,5.570000,5.600000,5.460000,5.470000,288460
2025-01-02,5.470000,5.510000,5.300000,5.360000,437874
2025-01-03,5.360000,5.530000,5.360000,5.380000,442486
2025-01-06,5.390000,5.440000,5.320000,5.400000,313029
2025-01-07,5.400000,5.470000,5.370000,5.420000,205483
2025-01-08,5.420000,5.530000,5.380000,5.460000,379908
2025-01-09,5.460000,5.460000,5.300000,5.300000,353985
2025-01-10,5.310000,5.330000,5.240000,5.280000,231790
2025-01-13,5.300000,5.380000,5.280000,5.310000,265674
2025-01-14,5.300000,5.410000,5.260000,5.400000,401364
2025-01-15,5.380000,5.490000,5.360000,5.470000,391100
2025-01-16,5.520000,5.580000,5.500000,5.550000,401016
2025-01-17,5.550000,5.650000,5.500000,5.630000,466488
2025-01-20,5.630000,5.660000,5.510000,5.520000,342209
2025-01-21,5.530000,5.540000,5.340000,5.350000,485168
2025-01-22,5.340000,5.360000,5.270000,5.310000,275181
2025-01-23,5.330000,5.400000,5.310000,5.310000,286518
2025-01-24,5.310000,5.380000,5.290000,5.350000,269877
2025-01-27,5.360000,5.490000,5.360000,5.400000,380955
2025-02-05,5.410000,5.430000,5.260000,5.290000,454144
2025-02-06,5.260000,5.310000,5.250000,5.300000,282735
2025-02-07,5.300000,5.340000,5.260000,5.310000,374583
2025-02-10,5.310000,5.330000,5.290000,5.290000,328412
2025-02-11,5.300000,5.350000,5.260000,5.280000,372562
2025-02-12,5.270000,5.290000,5.220000,5.270000,346178
2025-02-13,5.250000,5.280000,5.230000,5.240000,291462
2025-02-14,5.240000,5.250000,5.180000,5.190000,325352
2025-02-17,5.200000,5.200000,5.130000,5.160000,391968
2025-02-18,5.160000,5.200000,5.110000,5.130000,358080
2025-02-19,5.120000,5.280000,5.060000,5.150000,894748
2025-02-20,5.100000,5.100000,5.050000,5.060000,569469
2025-02-21,5.060000,5.080000,5.010000,5.050000,375808
2025-02-24,5.030000,5.070000,5.010000,5.050000,324703
2025-02-25,5.040000,5.070000,5.000000,5.030000,274667
2025-02-26,5.030000,5.050000,5.020000,5.040000,252273
2025-02-27,5.040000,5.070000,5.010000,5.060000,338353
2025-02-28,5.060000,5.140000,5.050000,5.090000,573685
2025-03-03,5.100000,5.190000,5.070000,5.080000,417095
2025-03-04,5.070000,5.080000,5.030000,5.050000,225299
2025-03-05,5.050000,5.060000,4.990000,5.010000,306634
2025-03-06,5.000000,5.020000,4.960000,4.990000,448213
2025-03-07,4.980000,5.020000,4.970000,4.990000,286699
2025-03-10,4.980000,5.020000,4.970000,5.020000,251044
2025-03-11,4.990000,5.070000,4.970000,5.070000,296996
2025-03-12,5.090000,5.090000,5.040000,5.050000,238533
2025-03-13,5.060000,5.130000,5.060000,5.130000,482530
2025-03-14,5.180000,5.380000,5.170000,5.340000,1324756
2025-03-17,5.460000,5.730000,5.460000,5.500000,1659053
2025-03-18,5.550000,5.680000,5.510000,5.610000,1284679
2025-03-19,5.650000,5.680000,5.560000,5.600000,778583
2025-03-20,5.620000,5.880000,5.620000,5.780000,1495855
2025-03-21,5.880000,6.360000,5.830000,6.200000,3446947
2025-03-24,6.370000,6.390000,6.050000,6.270000,2710330
2025-03-25,6.090000,6.220000,6.040000,6.100000,1650534
2025-03-26,6.080000,6.220000,6.000000,6.040000,1232734
2025-03-27,6.020000,6.060000,5.870000,5.920000,1156194
2025-03-28,5.890000,5.900000,5.760000,5.780000,878249
2025-03-31,5.720000,5.770000,5.670000,5.700000,609263
2025-04-01,5.750000,5.840000,5.680000,5.700000,580765
2025-04-02,5.680000,5.730000,5.640000,5.680000,488330
2025-04-03,5.620000,5.650000,5.570000,5.610000,465876
2025-04-07,5.270000,5.300000,5.050000,5.050000,894399
2025-04-08,5.060000,5.220000,5.020000,5.170000,895534
2025-04-09,5.170000,5.350000,5.050000,5.320000,975034
2025-04-10,5.370000,5.440000,5.290000,5.390000,803138
2025-04-11,5.340000,5.370000,5.280000,5.310000,556498
2025-04-14,5.350000,5.400000,5.320000,5.370000,453747
2025-04-15,5.350000,5.360000,5.270000,5.330000,326373
2025-04-16,5.300000,5.310000,5.200000,5.280000,419119
2025-04-17,5.280000,5.340000,5.260000,5.310000,304808
2025-04-18,5.290000,5.410000,5.290000,5.370000,385846
2025-04-21,5.320000,5.390000,5.310000,5.380000,316742
2025-04-22,5.360000,5.400000,5.350000,5.370000,304433
2025-04-23,5.380000,5.450000,5.360000,5.430000,373518
2025-04-24,5.410000,5.540000,5.410000,5.450000,466653
2025-04-25,5.470000,5.520000,5.440000,5.470000,314691
2025-04-28,5.520000,5.520000,5.370000,5.420000,366240
2025-04-29,5.400000,5.470000,5.330000,5.360000,429836
2025-04-30,5.360000,5.370000,5.300000,5.310000,398315
2025-05-06,5.320000,5.350000,5.270000,5.340000,708827
2025-05-07,5.380000,5.460000,5.380000,5.420000,655075
2025-05-08,5.220000,5.250000,5.160000,5.190000,452127
2025-05-09,5.210000,5.230000,5.140000,5.160000,384338
2025-05-12,5.180000,5.280000,5.170000,5.230000,465704
2025-05-13,5.270000,5.300000,5.230000,5.250000,351577
2025-05-14,5.270000,5.290000,5.220000,5.280000,425979
2025-05-15,5.260000,5.280000,5.220000,5.230000,303296
2025-05-16,5.220000,5.250000,5.180000,5.190000,264446
2025-05-19,5.190000,5.220000,5.170000,5.200000,227704
2025-05-20,5.200000,5.320000,5.180000,5.280000,529038
2025-05-21,5.280000,5.290000,5.240000,5.250000,252138
2025-05-22,5.230000,5.250000,5.180000,5.180000,318157
2025-05-23,5.190000,5.240000,5.150000,5.150000,325636
2025-05-26,5.150000,5.210000,5.140000,5.190000,258059
2025-05-27,5.190000,5.210000,5.170000,5.180000,174789
2025-05-28,5.180000,5.270000,5.170000,5.260000,411122
2025-05-29,5.260000,5.290000,5.240000,5.260000,256951
2025-05-30,5.260000,5.270000,5.220000,5.230000,235200
2025-06-03,5.220000,5.240000,5.190000,5.210000,234590
2025-06-04,5.220000,5.250000,5.200000,5.240000,224868
2025-06-05,5.240000,5.250000,5.190000,5.200000,259957
2025-06-06,5.210000,5.250000,5.200000,5.240000,277324
2025-06-09,5.250000,5.290000,5.240000,5.270000,296147
2025-06-10,5.280000,5.290000,5.200000,5.240000,272510
2025-06-11,5.240000,5.300000,5.230000,5.290000,302401
2025-06-12,5.350000,5.410000,5.310000,5.350000,464735
2025-06-13,5.500000,5.580000,5.430000,5.520000,1397087
2025-06-16,5.580000,5.590000,5.390000,5.410000,1164526
2025-06-17,5.360000,5.510000,5.330000,5.510000,927024
2025-06-18,5.530000,5.650000,5.470000,5.480000,865031
2025-06-19,5.450000,5.660000,5.400000,5.570000,1149450
2025-06-20,5.510000,5.530000,5.410000,5.480000,731297
2025-06-23,5.580000,5.610000,5.490000,5.530000,806382
2025-06-24,5.310000,5.400000,5.260000,5.360000,983909
2025-06-25,5.350000,5.470000,5.290000,5.430000,649339
2025-06-26,5.420000,5.480000,5.380000,5.400000,408506
2025-06-27,5.380000,5.430000,5.360000,5.390000,300280
2025-06-30,5.420000,5.510000,5.400000,5.460000,413312
2025-07-01,5.450000,5.480000,5.420000,5.450000,221330
2025-07-02,5.580000,5.720000,5.520000,5.640000,1112499
2025-07-03,5.660000,5.680000,5.550000,5.570000,570487
2025-07-04,5.580000,5.600000,5.540000,5.550000,351276
2025-07-07,5.540000,5.550000,5.480000,5.500000,375310
2025-07-08,5.500000,5.530000,5.480000,5.530000,335441
2025-07-09,5.520000,5.550000,5.500000,5.510000,309664
2025-07-10,5.510000,5.610000,5.500000,5.590000,403752
2025-07-11,5.570000,5.610000,5.550000,5.570000,406521
2025-07-14,5.580000,5.620000,5.570000,5.570000,269331
2025-07-15,5.570000,5.580000,5.470000,5.480000,328477
2025-07-16,5.480000,5.490000,5.440000,5.460000,232587
2025-07-17,5.450000,5.480000,5.430000,5.460000,218439
2025-07-18,5.470000,5.530000,5.460000,5.510000,253041
2025-07-21,5.510000,5.640000,5.500000,5.610000,517593
2025-07-22,5.610000,5.700000,5.570000,5.700000,517728
2025-07-23,5.730000,5.750000,5.640000,5.650000,387256
2025-07-24,5.650000,5.680000,5.600000,5.680000,395238
2025-07-25,5.680000,5.700000,5.640000,5.660000,312983
2025-07-28,5.660000,5.660000,5.570000,5.610000,310714
2025-07-29,5.630000,5.650000,5.580000,5.630000,232759
2025-07-30,5.640000,5.700000,5.610000,5.640000,322675
2025-07-31,5.650000,5.660000,5.480000,5.510000,505613
2025-08-01,5.500000,5.530000,5.480000,5.490000,235139
2025-08-04,5.460000,5.510000,5.430000,5.490000,232208
2025-08-05,5.500000,5.580000,5.490000,5.570000,298294
2025-08-06,5.570000,5.610000,5.540000,5.600000,286917
2025-08-07,5.600000,5.640000,5.570000,5.620000,254187
2025-08-08,5.630000,5.730000,5.610000,5.670000,558630
2025-08-11,5.660000,5.670000,5.550000,5.570000,619670
2025-08-12,5.570000,5.750000,5.560000,5.720000,624617
2025-08-13,5.700000,5.780000,5.700000,5.730000,405162
2025-08-14,5.720000,5.780000,5.670000,5.700000,312222
2025-08-15,5.700000,5.770000,5.670000,5.760000,368682
2025-08-18,5.710000,5.710000,5.590000,5.620000,1032570
2025-08-19,5.610000,5.660000,5.530000,5.570000,662929
2025-08-20,5.570000,5.590000,5.550000,5.590000,474690
2025-08-21,5.600000,5.680000,5.580000,5.650000,746070
2025-08-22,5.660000,5.660000,5.560000,5.650000,648258
2025-08-25,5.650000,5.700000,5.620000,5.690000,1029912
2025-08-26,5.680000,5.720000,5.640000,5.680000,546419
2025-08-27,5.670000,5.680000,5.560000,5.560000,785513
2025-08-28,5.570000,5.660000,5.470000,5.560000,830423
2025-08-29,5.560000,5.700000,5.510000,5.530000,1147101
2025-09-01,5.700000,5.750000,5.500000,5.510000,2137412
2025-09-02,5.520000,5.530000,5.380000,5.490000,1006682
2025-09-03,5.500000,5.500000,5.370000,5.390000,592038
2025-09-04,5.390000,5.400000,5.300000,5.360000,567631
2025-09-05,5.350000,5.450000,5.350000,5.420000,464653
2025-09-08,5.420000,5.450000,5.390000,5.400000,563515
2025-09-09,5.400000,5.410000,5.340000,5.350000,379612
2025-09-10,5.360000,5.390000,5.340000,5.350000,459746
2025-09-11,5.360000,5.390000,5.320000,5.390000,425433
2025-09-12,5.380000,5.420000,5.310000,5.350000,810357
2025-09-15,5.340000,5.380000,5.330000,5.330000,348426
2025-09-16,5.340000,5.350000,5.270000,5.310000,372655
2025-09-17,5.320000,5.370000,5.300000,5.350000,396836
2025-09-18,5.350000,5.370000,5.240000,5.270000,511671
2025-09-19,5.280000,5.290000,5.240000,5.290000,238746
2025-09-22,5.290000,5.320000,5.230000,5.280000,349433
2025-09-23,5.270000,5.280000,5.180000,5.240000,398375
2025-09-24,5.230000,5.350000,5.230000,5.330000,547389
2025-09-25,5.330000,5.330000,5.250000,5.280000,303707
2025-09-26,5.270000,5.320000,5.260000,5.290000,331454
2025-09-29,5.300000,5.350000,5.230000,5.350000,370770
2025-09-30,5.320000,5.340000,5.280000,5.300000,303419
2025-10-09,5.300000,5.370000,5.260000,5.360000,552282
2025-10-10,5.350000,5.430000,5.330000,5.410000,589690
2025-10-13,5.320000,5.360000,5.280000,5.340000,521339
2025-10-14,5.360000,5.430000,5.350000,5.410000,641610
2025-10-15,5.410000,5.480000,5.390000,5.460000,574950
2025-10-16,5.470000,5.500000,5.430000,5.470000,527581
2025-10-17,5.460000,5.480000,5.370000,5.390000,349220
2025-10-20,5.400000,5.410000,5.320000,5.410000,366163
2025-10-21,5.410000,5.550000,5.390000,5.530000,787978
2025-10-22,5.560000,5.620000,5.510000,5.550000,764925
2025-10-23,5.570000,5.600000,5.510000,5.590000,679184
2025-10-24,5.570000,5.630000,5.480000,5.500000,583092
2025-10-27,5.530000,5.680000,5.480000,5.600000,865539
2025-10-28,5.590000,5.610000,5.490000,5.510000,533540
2025-10-29,5.500000,5.520000,5.440000,5.470000,530603
2025-10-30,5.480000,5.560000,5.460000,5.490000,473121
2025-10-31,5.480000,5.500000,5.440000,5.440000,378225
2025-11-03,5.450000,5.640000,5.450000,5.610000,934237
2025-11-04,5.580000,5.620000,5.530000,5.570000,420078
2025-11-05,5.540000,5.650000,5.520000,5.610000,516337
2025-11-06,5.600000,5.730000,5.580000,5.700000,727163
2025-11-07,5.700000,5.770000,5.680000,5.740000,597038
2025-11-10,5.720000,5.850000,5.710000,5.840000,565332
2025-11-11,5.820000,5.870000,5.800000,5.810000,391812
2025-11-12,5.830000,5.950000,5.810000,5.850000,670316
2025-11-13,5.800000,5.850000,5.750000,5.830000,617381
2025-11-14,5.830000,5.880000,5.750000,5.770000,363225
2025-11-17,5.770000,5.810000,5.730000,5.760000,417461
2025-11-18,5.740000,5.760000,5.640000,5.680000,418262
2025-11-19,5.690000,5.750000,5.660000,5.700000,409081
2025-11-20,5.670000,5.710000,5.600000,5.610000,368993
2025-11-21,5.580000,5.620000,5.470000,5.470000,495744
2025-11-24,5.500000,5.530000,5.400000,5.410000,449025
2025-11-25,5.420000,5.440000,5.400000,5.400000,352103
2025-11-26,5.400000,5.450000,5.380000,5.380000,309864
2025-11-27,5.390000,5.410000,5.360000,5.390000,263183
2025-11-28,5.380000,5.440000,5.380000,5.410000,301638
2025-12-01,5.420000,5.490000,5.410000,5.470000,368633
2025-12-02,5.470000,5.570000,5.420000,5.540000,441294
2025-12-03,5.530000,5.660000,5.520000,5.620000,393185
2025-12-04,5.620000,5.650000,5.570000,5.590000,251907
2025-12-05,5.580000,5.680000,5.570000,5.660000,299318
2025-12-08,5.650000,5.670000,5.530000,5.540000,411923
2025-12-09,5.540000,5.550000,5.420000,5.420000,390883
2025-12-10,5.420000,5.460000,5.390000,5.440000,311119
2025-12-11,5.450000,5.520000,5.410000,5.420000,312337
2025-12-12,5.420000,5.480000,5.420000,5.430000,406415
2025-12-15,5.430000,5.480000,5.420000,5.430000,332964
2025-12-16,5.420000,5.440000,5.320000,5.340000,520689
2025-12-17,5.330000,5.390000,5.280000,5.370000,353178
2025-12-18,5.370000,5.440000,5.350000,5.420000,345644
2025-12-19,5.400000,5.440000,5.380000,5.410000,327679
2025-12-22,5.420000,5.500000,5.420000,5.450000,329249
2025-12-23,5.480000,5.560000,5.470000,5.500000,460756
2025-12-24,5.500000,5.530000,5.480000,5.510000,226259
2025-12-25,5.520000,5.550000,5.480000,5.540000,245922
2025-12-26,5.530000,5.570000,5.510000,5.520000,252584
2025-12-29,5.500000,5.590000,5.490000,5.520000,323439
2025-12-30,5.510000,5.570000,5.460000,5.510000,410762
2025-12-31,5.510000,5.520000,5.470000,5.490000,290507
2026-01-05,5.570000,5.620000,5.510000,5.560000,594532
2026-01-06,5.570000,5.680000,5.550000,5.660000,554113
2026-01-07,5.650000,5.650000,5.580000,5.600000,459406
2026-01-08,5.600000,5.920000,5.560000,5.770000,1133702
2026-01-09,5.880000,5.980000,5.770000,5.920000,1053317
2026-01-12,5.910000,5.960000,5.860000,5.900000,715473
2026-01-13,5.950000,6.090000,5.910000,5.970000,1001331
2026-01-14,5.990000,6.200000,5.980000,6.060000,1134594
2026-01-15,6.010000,6.180000,5.960000,6.170000,723609
2026-01-16,6.090000,6.110000,5.930000,5.960000,763205
2026-01-19,6.000000,6.200000,5.920000,6.170000,712999
2026-01-20,6.190000,6.240000,6.050000,6.220000,673880
2026-01-21,6.240000,6.370000,6.180000,6.350000,793442
2026-01-22,6.300000,6.650000,6.290000,6.570000,1319567
2026-01-23,6.510000,6.650000,6.460000,6.530000,799533
2026-01-26,6.550000,6.680000,6.490000,6.570000,1020161
2026-01-27,6.550000,6.610000,6.400000,6.450000,758856
2026-01-28,6.510000,6.800000,6.510000,6.720000,1378659
2026-01-29,6.800000,6.960000,6.650000,6.860000,1644668
2026-01-30,6.830000,6.960000,6.500000,6.670000,1513614
2026-02-02,6.430000,6.650000,6.380000,6.430000,1197489
2026-02-03,6.440000,6.510000,6.360000,6.480000,655487
2026-02-04,6.560000,6.720000,6.500000,6.690000,741831
2026-02-05,6.670000,6.720000,6.470000,6.490000,544034
2026-02-06,6.370000,6.700000,6.340000,6.610000,587744
2026-02-09,6.560000,6.650000,6.480000,6.520000,531101
2026-02-10,6.560000,6.620000,6.480000,6.520000,410636
2026-02-11,6.520000,7.170000,6.490000,7.170000,1977335
2026-02-12,7.300000,7.420000,7.160000,7.240000,1753663
2026-02-13,7.160000,7.180000,6.810000,6.860000,1092629
2026-02-24,7.100000,7.520000,7.030000,7.470000,2135260
2026-02-25,7.300000,7.610000,7.210000,7.420000,2177917
2026-02-26,7.340000,7.560000,7.210000,7.220000,1015022
2026-02-27,7.230000,7.340000,7.130000,7.210000,768309
2026-03-02,7.760000,7.930000,7.430000,7.930000,2647201
2026-03-03,8.380000,8.720000,8.300000,8.720000,3890968
2026-03-04,8.350000,8.520000,7.850000,8.170000,3959620
2026-03-05,7.770000,8.050000,7.470000,7.700000,2693173
2026-03-06,7.600000,7.790000,7.400000,7.550000,1713809
2026-03-09,8.110000,8.200000,7.490000,7.510000,2608927
2026-03-10,7.100000,7.350000,7.100000,7.200000,1907041
2026-03-11,7.150000,7.200000,7.040000,7.150000,1154698
2026-03-12,7.250000,7.270000,7.030000,7.070000,1392353
2026-03-13,7.120000,7.340000,7.110000,7.160000,1370488
2026-03-16,7.330000,7.580000,7.030000,7.090000,1509014
2026-03-17,7.140000,7.190000,6.900000,7.020000,1123631
2026-03-18,6.950000,6.960000,6.750000,6.830000,886250
2026-03-19,7.000000,7.050000,6.750000,6.800000,1145766
2026-03-20,6.680000,6.830000,6.560000,6.720000,1049068
2026-03-23,6.720000,6.750000,6.330000,6.440000,1232516
2026-03-24,6.440000,6.500000,6.340000,6.500000,737327
2026-03-25,6.400000,6.540000,6.340000,6.520000,671150
2026-03-26,6.500000,6.780000,6.480000,6.720000,1125920
2026-03-27,6.660000,6.820000,6.640000,6.720000,654163
2026-03-30,6.800000,6.810000,6.580000,6.670000,586557
2026-03-31,6.680000,6.720000,6.500000,6.510000,523624
2026-04-01,6.500000,6.750000,6.490000,6.630000,573953
2026-04-02,6.640000,6.940000,6.640000,6.900000,1274907
2026-04-03,6.840000,6.870000,6.640000,6.790000,833051
2026-04-07,6.700000,7.010000,6.590000,6.960000,807691
2026-04-08,6.560000,6.840000,6.510000,6.770000,1106210
2026-04-09,6.790000,6.890000,6.660000,6.740000,578184
2026-04-10,6.730000,7.070000,6.680000,7.020000,1061952
2026-04-13,7.130000,7.150000,6.910000,7.020000,702872
2026-04-14,6.940000,7.170000,6.900000,7.140000,738765
2026-04-15,7.050000,7.180000,7.040000,7.090000,475952
2026-04-16,7.080000,7.330000,7.050000,7.260000,725613
2026-04-17,7.270000,7.300000,6.950000,7.010000,830239
2026-04-20,6.970000,7.010000,6.840000,6.990000,551473
2026-04-21,6.990000,7.050000,6.870000,6.930000,371736
2026-04-22,6.930000,6.960000,6.780000,6.810000,445299
2026-04-23,6.800000,7.130000,6.800000,7.090000,724463
2026-04-24,7.090000,7.120000,6.870000,6.870000,461487
2026-04-27,6.750000,6.860000,6.590000,6.750000,512682
2026-04-28,6.750000,6.790000,6.620000,6.750000,342878
2026-04-29,6.750000,6.880000,6.710000,6.850000,346140
2026-04-30,6.910000,6.940000,6.700000,6.770000,439171
2026-05-06,6.710000,6.710000,6.420000,6.490000,957980
2026-05-07,6.440000,6.450000,6.300000,6.380000,572000
2026-05-08,6.410000,6.450000,6.340000,6.370000,371118
2026-05-11,6.400000,6.480000,6.390000,6.440000,442494
2026-05-12,6.470000,6.520000,6.360000,6.400000,359586
2026-05-13,6.420000,6.460000,6.320000,6.360000,391323
2026-05-14,6.360000,6.360000,6.180000,6.190000,497998
2026-05-15,6.180000,6.230000,6.100000,6.190000,389817
2026-05-18,6.230000,6.370000,6.190000,6.310000,498954
2026-05-19,6.270000,6.310000,6.140000,6.220000,388250
2026-05-20,6.200000,6.270000,6.140000,6.210000,367715
2026-05-21,6.160000,6.180000,5.950000,5.980000,458230
2026-05-22,5.980000,6.040000,5.930000,6.020000,314081
2026-05-25,5.960000,6.010000,5.840000,5.850000,414882
2026-05-26,5.830000,5.860000,5.740000,5.780000,354722
2026-05-27,5.750000,5.780000,5.590000,5.660000,399266
2026-05-28,5.650000,5.710000,5.610000,5.660000,244657
2026-05-29,5.660000,5.670000,5.570000,5.610000,341245
2026-06-01,5.620000,5.740000,5.610000,5.730000,349901
2026-06-02,5.790000,5.810000,5.630000,5.680000,401516
2026-06-03,5.690000,5.750000,5.620000,5.740000,446913
2026-06-04,5.700000,5.850000,5.590000,5.740000,607966
2026-06-05,5.700000,5.850000,5.660000,5.690000,409381
2026-06-08,5.670000,5.750000,5.630000,5.710000,418974
2026-06-09,5.620000,5.630000,5.440000,5.450000,581531
2026-06-10,5.430000,5.440000,5.320000,5.400000,417248
2026-06-11,5.440000,5.540000,5.400000,5.430000,317600
2026-06-12,5.360000,5.650000,5.350000,5.500000,524749
2026-06-15,5.490000,5.610000,5.450000,5.540000,433876
2026-06-16,5.520000,5.540000,5.370000,5.400000,333451
2026-06-17,5.430000,5.440000,5.350000,5.410000,283425
2026-06-18,5.410000,5.500000,5.350000,5.360000,396913
2026-06-22,5.360000,5.480000,5.240000,5.460000,510773
2026-06-23,5.420000,5.500000,5.350000,5.350000,319833
2026-06-24,5.350000,5.410000,5.230000,5.250000,398617
2026-06-25,5.220000,5.230000,5.050000,5.140000,561901
2026-06-26,5.140000,5.180000,5.000000,5.040000,352880
2026-06-29,5.070000,5.110000,4.930000,5.070000,353017
2026-06-30,5.020000,5.060000,4.970000,5.030000,232805
2026-07-01,5.010000,5.160000,5.000000,5.070000,303184
2026-07-02,5.060000,5.140000,5.010000,5.090000,303299
2026-07-03,5.080000,5.180000,5.080000,5.160000,306682
2026-07-06,5.160000,5.230000,5.090000,5.190000,293474
2026-07-07,5.230000,5.230000,5.010000,5.040000,310532
2026-07-08,5.100000,5.180000,5.050000,5.140000,356740
2026-07-09,5.180000,5.250000,5.090000,5.110000,457398
2026-07-10,5.050000,5.240000,4.950000,5.190000,482725
2026-07-13,5.220000,5.290000,5.190000,5.230000,429438
2026-07-14,5.300000,5.430000,5.280000,5.390000,639288
2026-07-15,5.300000,5.400000,5.270000,5.350000,376605
2026-07-16,5.330000,5.420000,5.270000,5.420000,446379
2026-07-17,5.420000,5.550000,5.300000,5.330000,477039
2026-07-20,5.390000,5.620000,5.370000,5.590000,859506
2026-07-21,5.320000,5.490000,5.230000,5.340000,661682
2026-07-22,5.380000,5.530000,5.340000,5.520000,538974
2026-07-23,5.570000,5.680000,5.510000,5.670000,532183
2026-07-24,5.760000,5.790000,5.500000,5.510000,619220
2026-07-27,5.310000,5.530000,5.230000,5.530000,552357
2026-07-28,5.440000,5.540000,5.410000,5.510000,338100
2026-07-29,5.540000,5.650000,5.520000,5.550000,291162
2026-07-30,5.630000,5.690000,5.500000,5.660000,406340
2026-07-31,5.500000,5.730000,5.500000,5.720000,495217
2026-08-03,5.670000,5.770000,5.640000,5.710000,253298
2026-08-04,5.730000,5.730000,5.630000,5.650000,227087
2026-08-05,5.610000,5.650000,5.540000,5.610000,271891
2026-08-06,5.600000,5.640000,5.510000,5.600000,245596
2026-08-07,5.650000,5.680000,5.550000,5.560000,263531
2026-08-10,5.560000,5.610000,5.540000,5.580000,145128
