date,open,high,low,close,volume
2017-06-16,2867.292577,2904.508358,2865.801461,2874.313251,3333180
2017-06-19,2870.150551,2922.526014,2870.150551,2921.159157,3853668
2017-06-20,2938.741905,2950.422317,2893.138595,2897.114906,3450539
2017-06-21,2917.307107,2938.741905,2895.437400,2936.940139,4203854
2017-06-22,2938.866165,2969.371921,2927.558532,2937.188659,3824234
2017-06-23,2937.872087,2950.422317,2909.727265,2937.064399,3130362
2017-06-26,2938.804035,3013.297725,2932.528920,3011.309570,5293257
2017-06-27,2999.753418,3013.297725,2987.513837,3007.706038,2798078
2017-06-28,3007.643909,3007.643909,2938.741905,2953.031771,3772874
2017-06-29,2959.244755,2965.768390,2920.102950,2938.804035,3509272
2017-06-30,2929.484557,2945.948968,2906.434383,2931.596972,2242717
2017-07-03,2946.197487,2946.197487,2844.925832,2860.271904,4962853
2017-07-04,2851.511596,2857.973100,2789.630265,2807.772181,5648895
2017-07-05,2814.544335,2860.023385,2814.544335,2858.780788,3754032
2017-07-06,2846.230558,2859.215697,2799.571041,2832.996900,4204439
2017-07-07,2844.727696,2845.043041,2782.604721,2812.688639,3779647
2017-07-10,2818.427919,2869.009265,2793.767936,2866.297297,3662409
2017-07-11,2866.486505,2930.060067,2863.333054,2920.915060,4460182
2017-07-12,2937.754486,2938.952797,2869.639955,2885.218000,2895072
2017-07-13,2871.847370,2913.220641,2861.314846,2876.955960,2595135
2017-07-14,2877.523581,2893.353903,2857.341498,2878.532685,1772657
2017-07-17,2882.506033,2888.812934,2814.643778,2838.546933,3526368
2017-07-18,2850.656183,2863.269985,2825.491648,2854.188048,3068449
2017-07-19,2863.333054,2924.005442,2855.764773,2881.370791,5625994
2017-07-20,2875.063890,2944.629008,2875.063890,2941.980109,4663487
2017-07-21,2945.070491,2995.841044,2924.257718,2984.425553,4679241
2017-07-24,2995.021147,3061.054400,2995.021147,3013.437298,4271643
2017-07-25,3041.187662,3044.971803,3002.715566,3014.446402,2192999
2017-07-26,3015.014023,3037.592729,2942.547731,2974.523719,3147018
2017-07-27,2974.523719,3001.138841,2971.181061,2988.651177,1959503
2017-07-28,2970.550371,3052.981567,2949.800667,3052.035532,4661877
2017-07-31,3052.540084,3077.515412,3033.619381,3035.006899,3841218
2017-08-01,3033.619381,3046.233183,3010.914537,3028.826136,2750154
2017-08-02,3027.564756,3058.090157,3017.915198,3045.224079,2677422
2017-08-03,3050.521876,3070.514752,2999.751323,3009.779295,3176839
2017-08-04,3008.391777,3020.879441,2980.641413,2987.200590,1868114
2017-08-07,2980.010723,3042.449042,2971.370268,3037.151246,2309937
2017-08-08,3039.926282,3053.927602,3024.159030,3043.584285,1605158
2017-08-09,3057.837881,3109.176055,3040.115489,3095.742356,4179447
2017-08-10,3097.256012,3150.927740,3084.074589,3100.661739,3536438
2017-08-11,3084.074589,3131.691692,3049.260495,3052.918498,3657257
2017-08-14,3060.171434,3154.081190,3060.171434,3152.378327,3933147
2017-08-15,3154.144259,3160.388091,3121.979064,3128.033689,2716322
2017-08-16,3140.836698,3145.882219,3109.302193,3131.313277,1858722
2017-08-17,3138.313938,3138.313938,3089.120110,3107.347054,2584673
2017-08-18,3108.040813,3118.384130,3077.767688,3088.174075,2385775
2017-08-21,3077.767688,3118.131854,3071.082373,3088.678627,2354662
2017-08-22,3073.983547,3087.101901,3002.084876,3072.848305,4245703
2017-08-23,3061.685090,3119.582442,3054.558292,3115.672163,2721499
2017-08-24,3115.546025,3130.745656,3103.121430,3108.103882,1815678
2017-08-25,3112.140298,3117.185819,3086.092797,3109.239124,1729788
2017-08-28,3109.302193,3136.358798,3096.877598,3103.247568,2902107
2017-08-29,3109.428331,3121.159167,3077.830757,3086.849625,2517662
2017-08-30,3088.489420,3114.032369,3085.083693,3109.112986,1850364
2017-08-31,3115.861370,3121.159167,3089.120110,3097.634426,1873686
2017-09-01,3091.642870,3129.988828,3090.570697,3123.051237,3145100
2017-09-04,3123.051237,3132.385451,3098.391254,3105.644190,1893162
2017-09-05,3108.545365,3115.546025,3087.228039,3090.318421,2262215
2017-09-06,3090.381490,3107.851606,3057.837881,3058.720847,3300650
2017-09-07,3060.802124,3070.830097,3027.690894,3035.322244,3332016
2017-09-08,3016.275403,3030.465931,2989.471074,2991.804627,4117327
2017-09-11,2971.117992,3041.313800,2964.117332,3016.716886,4537440
2017-09-12,3024.159030,3065.153886,3017.221438,3058.279364,3434163
2017-09-13,3058.846985,3104.256672,3036.016003,3100.661739,3307570
2017-09-14,3109.239124,3115.798301,3084.011520,3094.859390,1939949
2017-09-15,3106.148743,3106.148743,3077.767688,3089.372386,1603946
2017-09-18,3091.264456,3156.603950,3091.264456,3146.954392,4220681
2017-09-19,3155.342570,3169.217753,3128.285965,3134.214452,2305481
2017-09-20,3133.899107,3153.576638,3128.222896,3129.484276,1731816
2017-09-21,3127.844482,3157.108503,3108.545365,3145.693012,1940268
2017-09-22,3133.899107,3154.585742,3126.961516,3153.009017,1634353
2017-09-25,3155.405639,3205.167088,3155.342570,3199.112463,3269756
2017-09-26,3195.643668,3216.519510,3176.155344,3212.041610,2547049
2017-09-27,3209.708057,3223.015618,3191.733389,3205.230157,1667111
2017-09-28,3198.860187,3280.849900,3198.544842,3269.875892,2596985
2017-09-29,3254.360916,3316.673098,3251.207466,3264.704234,2243622
2017-10-09,3308.221851,3377.660831,3280.219210,3328.593141,3489129
2017-10-10,3324.052172,3408.816921,3323.799896,3406.104954,3100644
2017-10-11,3393.743428,3476.679176,3393.743428,3440.666772,3340643
2017-10-12,3437.261045,3453.028298,3406.861782,3431.521765,1964622
2017-10-13,3437.261045,3510.421097,3418.403411,3507.582991,2785842
2017-10-16,3531.801491,3573.868521,3505.817059,3536.216322,2990901
2017-10-17,3537.982254,3537.982254,3494.023154,3511.240994,2097712
2017-10-18,3495.284534,3548.199434,3495.284534,3536.405529,1917865
2017-10-19,3538.171461,3690.483120,3536.405529,3674.400523,4065882
2017-10-20,3664.309481,3664.309481,3606.033716,3622.242451,3153433
2017-10-23,3625.963523,3661.156030,3582.319768,3616.440102,2377182
2017-10-24,3607.547372,3618.899794,3554.632473,3578.094144,3127428
2017-10-25,3593.356845,3605.529164,3544.856776,3567.624689,2507600
2017-10-26,3815.675105,3866.130313,3733.117771,3816.242726,11543497
2017-10-27,3797.448161,4131.020155,3784.329807,4097.152097,8438379
2017-10-30,4055.652688,4061.644244,3916.585521,3923.396974,8100786
2017-10-31,3922.955491,3958.211068,3859.066584,3897.854025,5187568
2017-11-01,3915.828693,3983.060258,3905.359237,3929.262392,4343525
2017-11-02,3954.111582,3971.960112,3916.585521,3953.922375,3424973
2017-11-03,3964.833314,4058.112379,3964.833314,4031.181912,4818897
2017-11-06,4045.876991,4147.544236,4037.678020,4118.784767,4851398
2017-11-07,4103.143653,4144.579992,4024.938080,4049.471925,5556485
2017-11-08,4051.111719,4127.866705,4051.111719,4101.882272,4395194
2017-11-09,4086.871848,4125.659289,4065.491454,4099.927133,3364113
2017-11-10,4102.197617,4310.136143,4102.197617,4275.763533,7407860
2017-11-13,4288.692680,4369.294875,4262.203696,4338.391060,4986984
2017-11-14,4333.723953,4334.228505,4271.979392,4280.809054,4636671
2017-11-15,4280.809054,4351.698621,4250.851274,4339.652440,4503633
2017-11-16,4326.597155,4540.716444,4326.597155,4535.355578,6071632
2017-11-17,4389.603096,4471.592809,4274.628291,4353.338415,12386124
2017-11-20,4268.510597,4324.011326,4162.554660,4283.331814,8830582
2017-11-21,4219.316769,4344.193409,4175.294600,4271.348702,9601651
2017-11-22,4269.771977,4339.147888,4099.485650,4102.765239,12849826
2017-11-23,4049.030442,4074.258046,3974.735148,3996.872371,10959913
2017-11-24,4010.558346,4052.183893,3924.343009,3973.599906,7654194
2017-11-27,3998.575234,4013.270313,3866.193382,3918.414522,6354846
2017-11-28,3942.191539,4092.421921,3935.506224,4088.322435,7029183
2017-11-29,4099.107236,4111.910245,3998.638303,4024.559666,4676372
2017-11-30,4008.098655,4089.899160,3948.120026,3979.654531,3801962
2017-12-01,4023.865907,4030.046670,3911.098517,3925.099837,4719274
2017-12-04,3935.190879,4062.274934,3889.591985,4022.478389,5426771
2017-12-05,3998.575234,4083.087707,3974.167527,3992.016057,4746576
2017-12-06,3982.807982,4062.274934,3910.278620,3941.876194,5817409
2017-12-07,3941.497780,3941.750056,3880.383909,3889.402778,5103262
2017-12-08,3881.393013,3966.094694,3881.393013,3956.192859,4550339
2017-12-11,3979.654531,4111.784107,3979.654531,4105.729482,7284917
2017-12-12,4154.355689,4154.797172,4105.918689,4107.810759,4788931
2017-12-13,4130.957086,4225.623670,4104.026619,4214.334317,4850248
2017-12-14,4225.497532,4233.822641,4165.708110,4191.251060,3196794
2017-12-15,4187.782264,4212.694523,4104.405033,4123.388805,3225595
2017-12-18,4162.554660,4224.362290,4153.598861,4198.945479,3916228
2017-12-19,4181.475363,4241.012508,4168.861561,4207.270588,4407221
2017-12-20,4224.992980,4331.958021,4187.971471,4319.659564,6360131
2017-12-21,4307.613383,4335.489885,4260.311626,4299.666688,4668038
2017-12-22,4288.692680,4325.903396,4269.835046,4307.108831,2831701
2017-12-25,4326.534086,4391.495166,4312.154352,4339.904716,3621428
2017-12-26,4340.283130,4370.619324,4266.618527,4293.801270,3186766
2017-12-27,4319.344219,4319.344219,4178.321912,4188.917506,3772205
2017-12-28,4332.840987,4540.338030,4233.948779,4532.706680,12414107
2017-12-29,4528.354918,4581.963577,4361.852732,4399.000378,7603887
2018-01-02,4414.830700,4478.908814,4351.067931,4439.112269,4961248
2018-01-03,4424.291052,4549.798381,4413.190906,4514.858150,5201941
2018-01-04,4549.798381,4689.180893,4536.743096,4648.627520,7220508
2018-01-05,4673.413641,4705.137353,4592.811446,4656.763422,3998907
2018-01-08,4635.698373,4771.170606,4635.698373,4743.609449,5220456
2018-01-09,4744.114001,4938.303483,4744.114001,4935.276171,6459195
2018-01-10,4950.917285,4975.388061,4878.261785,4955.395185,4771424
2018-01-11,4963.531087,4969.837988,4868.927572,4886.649964,5065607
2018-01-12,4880.090787,4974.883509,4837.519205,4972.486886,4598824
2018-01-15,5004.273667,5039.592313,4913.202017,4953.250838,5247313
2018-01-16,4922.410092,4973.685198,4843.699968,4874.856059,6542833
2018-01-17,4856.313770,4881.541374,4657.709458,4717.120465,9070954
2018-01-18,4717.120465,4824.779265,4692.901965,4734.842857,5897851
2018-01-19,4748.465763,4786.307169,4660.925977,4731.310992,5092556
2018-01-22,4741.591241,4881.541374,4741.591241,4879.270890,6712675
2018-01-23,4905.570667,4919.382780,4847.484109,4880.153856,4954918
2018-01-24,4896.930212,4897.056350,4784.415099,4821.373538,4329881
2018-01-25,4799.551661,4894.155176,4736.482651,4851.015973,5004072
2018-01-26,4838.906723,4902.984837,4818.472364,4901.849595,4397833
2018-01-29,4911.562223,4917.301503,4635.572235,4643.897344,7453551
2018-01-30,4641.879136,4722.418262,4604.163868,4680.225094,5191103
2018-01-31,4660.799839,4867.098571,4660.799839,4821.878091,6040241
2018-02-01,4837.393067,4839.285137,4748.591901,4778.928095,5058261
2018-02-02,4744.177070,4750.547040,4572.503225,4669.629500,7542082
2018-02-05,4586.504545,4603.785454,4450.149346,4529.805505,9899585
2018-02-06,4433.751403,4557.366663,4433.751403,4470.709843,8816871
2018-02-07,4540.968720,4565.439496,4301.369551,4310.325350,8828998
2018-02-08,4302.567862,4528.354918,4302.567862,4421.074532,8340943
2018-02-09,4288.692680,4351.067931,4149.940858,4310.325350,10557826
2018-02-12,4358.068591,4449.518656,4321.488565,4398.937309,6417955
2018-02-13,4446.491343,4508.298973,4443.211755,4490.387374,5338918
2018-02-14,4540.968720,4540.968720,4491.901030,4531.193023,3065260
2018-02-22,4587.009097,4692.334344,4561.403079,4682.558647,5076469
2018-02-23,4711.255047,4771.549021,4648.186037,4682.747854,3815877
2018-02-26,4710.498219,4743.104897,4623.084571,4689.243963,4365824
2018-02-27,4723.868849,4768.017156,4649.573555,4654.366800,4260154
2018-02-28,4616.651532,4681.612612,4534.661819,4576.413504,4833067
2018-03-01,4591.423928,4710.309012,4564.745737,4679.531335,4479465
2018-03-02,4654.492938,4689.559308,4604.037730,4644.464965,2599190
2018-03-05,4655.628180,4679.720542,4522.237224,4541.662479,3723470
2018-03-06,4572.503225,4588.901168,4396.729894,4529.994712,6457036
2018-03-07,4509.434215,4566.196324,4471.529740,4478.151986,3459594
2018-03-08,4503.127314,4566.196324,4465.285908,4558.375767,3534930
2018-03-09,4588.585823,4620.246466,4563.042873,4592.685308,3017100
2018-03-12,4601.199625,4628.760782,4558.438836,4565.880979,3988841
2018-03-13,4559.889423,4582.594267,4477.899710,4480.107125,3857709
2018-03-14,4475.818433,4591.928480,4460.366525,4584.360199,3735576
2018-03-15,4591.550066,4711.255047,4591.550066,4707.912389,5614879
2018-03-16,4715.039188,4755.277216,4660.043011,4666.160705,3585552
2018-03-19,4692.145137,4755.340285,4660.799839,4752.123765,3866658
2018-03-20,4730.175750,4742.789552,4667.106740,4715.859085,2887720
2018-03-21,4730.869509,4749.790212,4667.106740,4679.720542,2674271
2018-03-22,4692.334344,4717.561948,4566.259393,4579.314678,3748697
2018-03-23,4421.137601,4562.979804,4415.335252,4484.585025,5254677
2018-03-26,4465.285908,4509.812629,4426.687674,4499.910794,4625611
2018-03-27,4559.889423,4578.053298,4440.058304,4507.794421,4754844
2018-03-28,4414.641493,4433.751403,4219.316769,4301.621827,11353972
2018-03-29,4302.567862,4401.270863,4152.526687,4346.085479,7908196
2018-03-30,4326.534086,4373.835844,4287.935852,4311.523662,3654028
2018-04-02,4288.692680,4358.068591,4251.545033,4289.071094,3203908
2018-04-03,4276.078878,4332.840987,4259.617866,4275.511257,4023558
2018-04-04,4301.306482,4417.542667,4291.089302,4377.052363,5689131
2018-04-09,4396.540687,4449.077172,4352.707725,4404.108968,3083305
2018-04-10,4445.103825,4468.439358,4405.118072,4465.412046,3204325
2018-04-11,4477.899710,4508.046697,4433.877541,4448.635689,2572318
2018-04-12,4440.058304,4458.222179,4365.763010,4378.250674,3071361
2018-04-13,4405.370348,4421.137601,4320.731737,4331.958021,2754952
2018-04-16,4292.350683,4331.894952,4269.771977,4297.396203,3293967
2018-04-17,4320.227185,4322.623807,4197.873306,4201.657446,3517276
2018-04-18,4231.930571,4231.930571,4067.951145,4135.056572,6261660
2018-04-19,4161.608625,4288.692680,4141.489611,4288.440404,4420757
2018-04-20,4294.999581,4376.989294,4214.460455,4227.263464,4151168
2018-04-23,4200.459135,4290.773957,4200.459135,4250.914343,3265920
2018-04-24,4263.465076,4373.835844,4257.158175,4351.004862,4728256
2018-04-25,4345.454789,4364.375492,4307.739521,4357.879384,2525222
2018-04-26,4364.375492,4366.141424,4244.544373,4277.529465,3504790
2018-04-27,4321.803910,4341.418372,4131.020155,4178.511120,5791521
2018-05-02,4162.554660,4219.253700,4068.329559,4211.937695,7025911
2018-05-03,4200.396066,4248.833066,4149.940858,4231.173743,3632653
2018-05-04,4231.804433,4256.086002,4166.149594,4180.655466,3737584
2018-05-07,4162.239315,4426.687674,4148.490271,4403.289071,8559143
2018-05-08,4402.406105,4491.333409,4402.406105,4470.520636,6249783
2018-05-09,4472.097361,4492.405582,4396.666825,4427.129157,3233106
2018-05-10,4436.904854,4515.741116,4436.904854,4504.325625,3929380
2018-05-11,4532.706680,4607.191180,4513.849046,4528.481056,3914165
2018-05-14,4566.196324,4686.027443,4566.196324,4682.306371,5101471
2018-05-15,4704.948146,4707.723182,4629.265334,4686.405857,3805580
2018-05-16,4667.106740,4702.803800,4624.724365,4632.544923,3079520
2018-05-17,4636.329063,4651.339488,4566.196324,4587.513649,2851793
2018-05-18,4566.133255,4673.413641,4548.473932,4662.818047,2925517
2018-05-21,4692.334344,4713.147117,4619.678844,4634.436993,2905958
2018-05-22,4636.959753,4666.097636,4604.163868,4664.394773,1699896
2018-05-23,4667.106740,4667.106740,4563.547426,4564.808806,2826871
2018-05-24,4540.968720,4595.586483,4496.820413,4511.956975,3041634
2018-05-25,4490.513512,4585.117027,4490.513512,4521.165051,2651146
2018-05-28,4528.354918,4671.269295,4510.191043,4669.629500,4280523
2018-05-29,4659.538459,4730.175750,4612.110563,4613.056598,4082027
2018-05-30,4586.504545,4650.078107,4541.284065,4577.990229,3714710
2018-05-31,4605.614455,4740.392930,4605.551386,4737.302548,7185287
2018-06-01,4737.302548,4761.584117,4659.286183,4699.335004,3617763
2018-06-04,4744.996967,4937.672793,4704.191318,4931.807375,7380597
2018-06-05,4960.377637,5012.094225,4901.912664,4970.153333,5262967
2018-06-06,4969.837988,5051.512356,4933.888652,4955.647461,4896948
2018-06-07,4982.325652,5017.455091,4912.445189,4925.500474,3916778
2018-06-08,4919.382780,4956.593496,4856.313770,4906.453633,3495846
2018-06-11,4894.470521,4957.224186,4845.781245,4892.452313,3654755
2018-06-12,4906.768978,5067.594953,4897.308627,5040.412210,5528708
2018-06-13,5045.520800,5062.044881,4975.388061,4984.533067,3524437
2018-06-14,4982.451790,5006.418014,4888.983517,4958.044083,3615961
2018-06-15,4945.698800,4980.111448,4919.473547,4946.530332,3170773
2018-06-19,4918.833907,4918.833907,4714.149011,4720.545414,6019587
2018-06-20,4739.734623,4893.248295,4739.734623,4884.229367,4583802
2018-06-21,4894.655504,4982.094333,4853.398704,4856.916726,3918255
2018-06-22,4822.887862,4906.041101,4797.302250,4903.034792,2885481
2018-06-25,4899.644698,4982.606045,4892.608655,4896.830281,3293416
2018-06-26,4895.231180,4924.462742,4778.113041,4828.004984,4657798
2018-06-27,4810.095056,4842.077071,4611.806563,4621.017383,5729801
2018-06-28,4567.031742,4599.013757,4458.292891,4547.394785,5083394
2018-06-29,4556.157857,4684.085917,4509.464115,4678.712938,3292927
2018-07-02,4698.285932,4729.052630,4496.671309,4551.360555,3755811
2018-07-03,4539.910993,4578.417339,4338.232407,4444.988373,8283710
2018-07-04,4426.310876,4477.482100,4400.725264,4419.338797,3799075
2018-07-05,4477.482100,4581.103829,4477.482100,4492.769503,4712380
2018-07-06,4522.256921,4611.358815,4472.748762,4567.799310,4415661
2018-07-09,4605.602052,4668.478694,4603.683131,4651.720118,4057266
2018-07-10,4662.977787,4678.968794,4562.746152,4642.253441,2901047
2018-07-11,4541.446130,4630.995772,4491.682115,4602.723671,2427845
2018-07-12,4592.617354,4740.822012,4592.617354,4717.603069,4017004
2018-07-13,4748.049947,4785.149084,4702.123773,4778.049077,2890704
2018-07-16,4812.013977,4887.555496,4803.890545,4827.237416,3247487
2018-07-17,4842.077071,4842.077071,4707.880536,4748.881479,2780603
2018-07-18,4748.881479,4795.319365,4701.356205,4716.963428,2452171
2018-07-19,4726.941817,4758.604012,4701.484133,4739.414803,1807850
2018-07-20,4742.932824,4753.358961,4656.581384,4740.566155,3054850
2018-07-23,4707.752608,4740.694083,4605.474124,4682.614744,3596989
2018-07-24,4686.516550,4780.031962,4624.599369,4767.878796,4180860
2018-07-25,4777.793221,4796.534682,4733.402184,4757.708515,2174388
2018-07-26,4790.266207,4790.266207,4696.430975,4705.321975,2306726
2018-07-27,4707.752608,4760.842753,4669.374190,4724.127400,2091360
2018-07-30,4726.302177,4737.559846,4573.428145,4600.357002,4217166
2018-07-31,4607.329081,4655.813816,4600.357002,4646.602995,2068346
2018-08-01,4678.329154,4684.085917,4567.735346,4573.044361,2523788
2018-08-02,4579.632656,4579.632656,4399.957696,4450.873064,5500143
2018-08-03,4445.500085,4445.500085,4325.247709,4343.093673,4733699
2018-08-06,4330.364831,4375.139652,4236.017887,4283.543161,4524812
2018-08-07,4300.301737,4399.637875,4234.546714,4389.723451,3908559
2018-08-08,4394.456789,4407.121667,4297.551284,4325.375637,2968544
2018-08-09,4291.986413,4442.301884,4286.357578,4425.543308,3448575
2018-08-10,4425.543308,4444.028912,4376.418933,4395.480214,2381767
2018-08-13,4368.743249,4368.743249,4264.353952,4344.564846,3457041
2018-08-14,4344.564846,4378.337854,4308.041385,4350.385572,2169683
2018-08-15,4348.274759,4349.554040,4228.022383,4239.535908,3499709
2018-08-16,4170.454756,4275.995405,4093.697920,4147.683561,5993985
2018-08-17,4205.634973,4205.634973,4029.797854,4060.820409,4657457
2018-08-20,4045.405077,4129.197957,3945.685155,4124.336690,4885234
2018-08-21,4138.472741,4300.301737,4138.472741,4295.120650,5224902
2018-08-22,4291.986413,4306.058500,4240.815189,4270.878283,2067551
2018-08-23,4296.463895,4339.959435,4254.759348,4286.933255,2735727
2018-08-24,4279.193607,4279.193607,4198.982713,4223.544901,2609026
2018-08-27,4234.418786,4396.247782,4234.418786,4396.247782,4801692
2018-08-28,4432.707279,4437.696473,4340.279256,4355.950443,3248890
2018-08-29,4362.346846,4406.354099,4343.797277,4386.972998,2740403
2018-08-30,4402.068509,4430.148718,4343.221601,4352.112601,3378833
2018-08-31,4325.567529,4330.364831,4199.238570,4216.444894,5898093
2018-09-03,4170.454756,4270.686391,4162.779072,4261.347643,3017984
2018-09-04,4265.121520,4323.968428,4231.860225,4317.827881,2154048
2018-09-05,4317.572025,4330.300867,4202.436771,4207.489929,2898342
2018-09-06,4170.454756,4216.892642,4093.697920,4119.283532,4237058
2018-09-07,4128.878137,4209.025066,4126.575431,4163.866461,2924006
2018-09-10,4171.734037,4182.032245,4098.175402,4124.400654,2120220
2018-09-11,4129.325885,4163.866461,4097.727654,4132.076338,1949687
2018-09-12,4112.887129,4124.848403,4017.005048,4029.733890,4115737
2018-09-13,4080.905114,4106.490726,3965.769860,4042.398768,4771316
2018-09-14,4055.191574,4156.254741,4020.331178,4112.247489,4090019
2018-09-17,4125.679935,4176.595303,4100.478107,4130.861021,2911295
2018-09-18,4112.887129,4272.797204,4107.897935,4264.481880,3785868
2018-09-19,4263.714312,4387.932458,4260.004398,4358.636932,4822184
2018-09-20,4382.815336,4393.689221,4332.667536,4340.279256,2751948
2018-09-21,4362.346846,4477.546064,4349.618004,4477.546064,4261720
2018-09-25,4445.500085,4514.389345,4434.370344,4458.420819,3063991
2018-09-26,4490.914546,4686.516550,4490.210942,4636.944427,7228777
2018-09-27,4653.383182,4656.581384,4575.986706,4630.995772,4050853
2018-09-28,4648.266060,4689.842680,4598.246189,4669.374190,3508980
2018-10-08,4576.050670,4599.013757,4388.891918,4388.891918,8274502
2018-10-09,4393.689221,4469.230740,4387.292818,4445.500085,4022283
2018-10-10,4459.955956,4464.689294,4283.607125,4291.474701,6309820
2018-10-11,4061.779869,4278.809823,4061.779869,4125.615971,9158196
2018-10-12,4164.058353,4302.732370,4161.371864,4272.797204,5447256
2018-10-15,4282.327844,4298.062996,4221.817872,4265.761161,3560730
2018-10-16,4259.876470,4346.547731,4234.482750,4267.296297,2639360
2018-10-17,4317.572025,4332.283752,4157.022310,4258.213405,4307707
2018-10-18,4221.625980,4221.625980,4125.488043,4131.692554,5215607
2018-10-19,4080.905114,4317.572025,4062.227617,4285.590010,7619938
2018-10-22,4317.572025,4490.402834,4317.572025,4432.707279,7310857
2018-10-23,4407.121667,4407.121667,4061.715905,4104.827661,12311273
2018-10-24,4017.644688,4157.661950,3965.769860,4074.444747,7611282
2018-10-25,3965.769860,3981.760868,3892.722938,3959.373457,7556838
2018-10-26,3959.373457,3997.751875,3888.885096,3902.445470,5532738
2018-10-29,3512.200923,3512.200923,3512.200923,3512.200923,4907600
2018-10-30,3262.165530,3473.246829,3255.897055,3351.715172,20439667
2018-10-31,3370.904381,3550.003665,3338.922366,3510.985607,9688482
2018-11-01,3550.003665,3745.093956,3526.017154,3601.174889,9810672
2018-11-02,3741.895755,3837.841800,3660.277653,3837.202160,8915696
2018-11-05,3793.066979,3793.066979,3657.271343,3683.048847,7551708
2018-11-06,3671.535322,3672.558746,3569.256838,3620.364098,4556614
2018-11-07,3639.553307,3677.611905,3594.842450,3622.922659,3810778
2018-11-08,3671.535322,3690.724531,3633.156904,3648.124487,3376374
2018-11-09,3628.167710,3639.553307,3594.778486,3594.778486,2433682
2018-11-12,3537.210859,3544.886543,3433.589130,3530.814456,6782422
2018-11-13,3493.203606,3645.949710,3473.246829,3645.949710,6642905
2018-11-14,3645.693854,3645.693854,3534.332478,3550.643305,4176683
2018-11-15,3574.309996,3612.688414,3553.201867,3580.066759,3083340
2018-11-16,3588.382083,3620.364098,3569.384766,3581.985680,2893879
2018-11-19,3583.904601,3658.742516,3576.292881,3639.681235,3617925
2018-11-20,3613.967695,3633.156904,3581.985680,3592.219925,2694326
2018-11-21,3543.607262,3638.913667,3541.560413,3612.048774,2710730
2018-11-22,3614.927155,3628.871314,3569.192874,3610.769493,2121333
2018-11-23,3607.571292,3628.679422,3562.156831,3562.156831,2012621
2018-11-26,3569.192874,3583.264961,3530.814456,3531.518060,1912019
2018-11-27,3530.814456,3549.939701,3495.634240,3505.868484,2023382
2018-11-28,3523.458593,3576.804594,3489.237836,3562.796471,2773793
2018-11-29,3620.555990,3644.670429,3511.689211,3528.255895,4506945
2018-11-30,3562.796471,3638.849703,3537.210859,3613.967695,4901046
2018-12-03,3767.481367,3869.823815,3740.424582,3845.517484,8341468
2018-12-04,3856.967045,3865.090477,3805.859785,3852.105779,3147388
2018-12-05,3821.850792,3943.382449,3805.859785,3902.445470,4158819
2018-12-06,3837.841800,3876.092290,3776.180475,3785.391295,3775807
2018-12-07,3809.697627,3830.549901,3739.976834,3754.688561,2684167
2018-12-10,3684.328128,3757.886762,3672.686675,3692.195704,2464068
2018-12-11,3690.724531,3751.810180,3690.724531,3729.038985,1631660
2018-12-12,3766.138122,3768.760648,3727.823668,3767.481367,1992154
2018-12-13,3773.877770,3881.849053,3771.319209,3849.035505,4039941
2018-12-14,3825.112958,3836.562519,3786.670576,3792.811123,2455448
2018-12-17,3790.316526,3812.064296,3741.959719,3777.203900,2489585
2018-12-18,3747.524590,3783.728231,3741.895755,3779.890389,1922218
2018-12-19,3767.481367,3780.210209,3684.520020,3695.841653,2571596
2018-12-20,3685.735337,3719.508345,3638.849703,3674.733524,2694098
2018-12-21,3652.346113,3668.017300,3596.121731,3629.383026,3064043
2018-12-24,3604.373091,3651.770437,3569.192874,3633.156904,1910986
2018-12-25,3596.185695,3629.958703,3541.112665,3619.020853,2659286
2018-12-26,3606.355975,3635.715465,3569.192874,3582.497392,1786620
2018-12-27,3645.949710,3657.783056,3596.185695,3601.174889,2949357
2018-12-28,3603.093810,3814.814749,3581.985680,3773.941734,6367837
2019-01-02,3901.677902,3914.598636,3805.923749,3831.317469,6228649
2019-01-03,3837.649908,3848.459829,3747.012877,3773.877770,3097735
2019-01-04,3756.479554,3886.902211,3722.834474,3850.634606,3768347
2019-01-07,3889.013024,3914.598636,3852.041815,3872.958052,3475013
2019-01-08,3873.022017,3914.598636,3839.632793,3868.480570,2883813
2019-01-09,3901.741866,4005.171702,3895.665283,3940.951816,4989227
2019-01-10,3947.412183,3996.984307,3903.404931,3957.902284,2904390
2019-01-11,3997.751875,4074.508711,3957.774356,4067.344740,3888421
2019-01-14,4048.923099,4067.408704,3975.684285,3995.193314,2564890
2019-01-15,4016.045588,4231.220584,3997.751875,4221.498052,5576485
2019-01-16,4208.833174,4257.765657,4180.689001,4228.662023,4208364
2019-01-17,4240.815189,4283.671089,4194.761087,4216.828678,3028476
2019-01-18,4253.607995,4414.797351,4231.220584,4372.645055,6860918
2019-01-21,4413.518070,4470.318129,4361.579278,4394.200933,4705193
2019-01-22,4387.932458,4387.932458,4255.015204,4291.986413,4212221
2019-01-23,4267.808010,4314.373824,4241.646721,4257.829621,3362481
2019-01-24,4287.508931,4335.673845,4251.561146,4301.581017,2915527
2019-01-25,4323.200860,4380.896415,4285.142262,4347.635119,2898635
2019-01-28,4375.139652,4438.975754,4324.160320,4330.364831,3610287
2019-01-29,4333.563033,4400.725264,4272.797204,4381.536055,3034259
2019-01-30,4381.472091,4389.339667,4323.968428,4323.968428,2269996
2019-01-31,4349.554040,4410.959509,4333.946817,4410.959509,3669657
2019-02-01,4458.548747,4471.085697,4411.023473,4430.596466,3052062
2019-02-11,4445.500085,4666.175989,4401.876617,4639.311096,5814075
2019-02-12,4624.599369,4640.526412,4574.707426,4592.105642,3509143
2019-02-13,4624.599369,4708.776032,4587.628160,4702.955306,3567706
2019-02-14,4677.049874,4756.749055,4670.269686,4715.172435,3225813
2019-02-15,4700.588637,4700.588637,4624.727297,4635.984966,2323798
2019-02-18,4675.770593,4765.000415,4675.770593,4733.338220,3774589
2019-02-19,4739.478767,4749.329228,4648.010204,4674.235456,2950150
2019-02-20,4701.356205,4701.356205,4580.208332,4618.202966,3788237
2019-02-21,4605.410160,4672.444463,4586.220951,4607.009261,2985040
2019-02-22,4586.220951,4659.715621,4567.671382,4643.852542,2590877
2019-02-25,4674.171492,4761.738249,4592.553390,4748.241839,8262259
2019-02-26,4783.230163,4792.057200,4643.788578,4652.423722,5796466
2019-02-27,4688.563399,4848.601402,4675.770593,4737.815702,6594227
2019-02-28,4719.905774,4883.141978,4713.829191,4829.348229,5698625
2019-03-01,4870.860884,5053.158370,4867.662683,5048.680888,6384023
2019-03-04,5085.140385,5106.440407,4971.412340,5001.091650,8458596
2019-03-05,5021.176355,5050.279989,4962.841160,4987.787131,4483056
2019-03-06,4957.212325,4985.996138,4898.877130,4912.437504,4673137
2019-03-07,4875.466295,4875.466295,4768.902221,4788.347286,6018053
2019-03-08,4719.905774,4777.025652,4692.721061,4717.347212,5227525
2019-03-11,4733.594076,4905.721281,4733.594076,4851.927532,5305724
2019-03-12,4885.700539,4885.764503,4726.941817,4765.384199,5251001
2019-03-13,4768.518436,4866.063582,4768.518436,4822.887862,4056136
2019-03-14,4842.077071,5021.176355,4822.887862,4976.401534,6217256
2019-03-15,4963.608728,5037.167363,4892.288835,4971.924052,5240071
2019-03-18,4981.518656,5210.062136,4970.005131,5181.662106,8131880
2019-03-19,5136.311609,5167.781912,5067.870097,5069.852982,4063493
2019-03-20,5053.158370,5131.834127,5021.176355,5071.068298,3111752
2019-03-21,5040.365564,5071.068298,4998.788945,5025.973657,3257328
2019-03-22,5041.772773,5116.994472,5021.176355,5078.743982,3051750
2019-03-25,5027.572758,5040.365564,4946.338440,4961.050167,3727046
2019-03-26,4989.194340,5027.188974,4887.491532,4944.419519,3759569
2019-03-27,4995.590743,5077.976414,4957.212325,5043.563766,4280739
2019-03-28,5075.098032,5209.742315,5025.525909,5160.617940,5756676
2019-03-29,5340.996505,5543.634552,5310.101879,5462.464198,9093396
2019-04-01,5500.906580,5558.154387,5443.338953,5494.510177,6093461
2019-04-02,5500.842616,5500.842616,5347.776692,5436.942550,5322705
2019-04-03,5373.746088,5448.072291,5335.943347,5401.762333,4305680
2019-04-04,5372.978520,5538.005717,5348.672189,5532.888595,5577236
2019-04-08,5756.762700,5807.933924,5693.566238,5758.041981,6625193
2019-04-09,5775.951909,5809.213205,5708.853642,5788.744715,4798980
2019-04-10,5775.951909,6088.736016,5756.762700,6063.726080,6781438
2019-04-11,6063.790044,6076.582850,5792.262737,5917.952056,6110254
2019-04-12,5814.330327,5884.626796,5756.826664,5846.312342,4861217
2019-04-15,5955.051193,6006.222417,5801.537521,5801.537521,4552264
2019-04-16,5788.105075,6011.979180,5764.566312,6011.979180,4642344
2019-04-17,5999.826014,6111.827031,5916.672775,6089.375656,4076102
2019-04-18,6047.223360,6106.518016,5988.440417,6047.799036,1959852
2019-04-19,6037.948576,6146.623463,5957.034078,6092.957642,3237978
2019-04-22,6137.348678,6261.374933,6016.520626,6071.465728,4062796
2019-04-23,6082.979253,6276.278552,6071.465728,6236.173105,4885205
2019-04-24,6267.707372,6332.438970,6084.386462,6204.510910,4522700
2019-04-25,6196.771262,6230.032558,6084.386462,6091.742325,3980134
2019-04-26,6052.916159,6139.779312,6044.600835,6044.600835,4327768
2019-04-29,6044.600835,6326.042567,5980.636805,6217.111824,5257230
2019-04-30,6191.718104,6300.201099,6160.439693,6230.096522,3594318
2019-05-06,5919.870977,5980.636805,5711.987879,5795.141118,13509968
2019-05-07,5713.778872,5845.928558,5566.277819,5692.798670,10083726
2019-05-08,5500.906580,5768.276225,5500.906580,5656.978813,8188298
2019-05-09,5596.852625,5628.003108,5388.969528,5493.294860,9154515
2019-05-10,5601.074251,5825.715924,5553.293121,5802.305089,7990738
2019-05-13,5749.470801,5826.995205,5654.420252,5705.591476,4663718
2019-05-14,5660.816655,5795.141118,5584.059819,5670.859008,5998312
2019-05-15,5694.333807,5967.843999,5694.333807,5929.465581,6312425
2019-05-16,5878.294357,5961.447596,5788.744715,5948.079114,4454012
2019-05-17,5929.593509,5963.366517,5757.402340,5800.194276,4984161
2019-05-20,5756.762700,5756.762700,5571.267013,5660.560799,4440799
2019-05-21,5660.816655,5820.726730,5577.791344,5724.780685,4238565
2019-05-22,5724.652757,5782.348312,5628.834640,5680.005864,3204158
2019-05-23,5635.231043,5654.292324,5476.728177,5507.302983,5805863
2019-05-24,5532.888595,5660.816655,5529.306609,5619.240035,4403409
2019-05-27,5623.077877,5647.959885,5501.226400,5622.438237,3916191
2019-05-28,5615.977870,5804.671758,5596.980553,5680.005864,7477277
2019-05-29,5680.069828,5916.352955,5680.069828,5832.943860,6564696
2019-05-30,5820.726730,5884.626796,5700.602282,5790.663636,4024720
2019-05-31,5760.152794,5801.473557,5692.798670,5692.798670,3579380
2019-06-03,5705.591476,5765.397844,5669.004051,5705.591476,3447924
2019-06-04,5724.780685,5727.531138,5571.267013,5598.771546,3968948
2019-06-05,5654.420252,5668.876123,5564.870610,5575.104855,3406736
2019-06-06,5600.818395,5601.777855,5488.113774,5514.530918,3478685
2019-06-10,5487.985846,5622.118417,5372.978520,5571.778725,5550246
2019-06-11,5603.249028,5856.610551,5596.852625,5826.419529,8010644
2019-06-12,5796.548327,5827.059169,5718.384282,5799.618600,3774740
2019-06-13,5820.726730,5835.438457,5737.573491,5820.726730,3291742
2019-06-14,5827.123133,5963.366517,5820.854658,5839.915939,4245504
2019-06-17,5801.537521,5929.081797,5795.269046,5830.960975,3276903
2019-06-18,5865.501551,5884.690760,5773.393348,5865.501551,2944138
2019-06-19,6012.618820,6055.474720,5961.511560,5961.511560,5372640
2019-06-20,5964.645798,6239.691126,5962.726877,6236.492925,6727197
2019-06-21,6204.319018,6297.194789,6169.330694,6244.808249,4592675
2019-06-24,6257.601055,6394.420115,6236.492925,6313.889401,4577920
2019-06-25,6345.231776,6390.006597,6185.321701,6287.536221,5129595
2019-06-26,6300.456955,6300.456955,6212.314522,6267.579444,2958818
2019-06-27,6300.456955,6402.799403,6275.638911,6373.056129,4797845
2019-06-28,6400.189269,6418.948634,6305.029303,6387.271920,3108840
2019-07-01,6520.469908,6722.214228,6492.558049,6697.937402,5233723
2019-07-02,6653.408250,6682.618335,6594.988080,6653.408250,3906109
2019-07-03,6620.952600,6640.425990,6371.044095,6412.587327,6713932
2019-07-04,6398.955954,6431.411604,6304.315279,6369.096756,4621668
2019-07-05,6400.254180,6530.076780,6337.290219,6489.961597,5003271
2019-07-08,6458.998906,6477.498627,6328.851750,6392.854292,3361352
2019-07-09,6356.763609,6419.727570,6285.685736,6335.732348,3172332
2019-07-10,6367.344151,6429.983555,6341.834010,6377.665048,2816670
2019-07-11,6425.959055,6480.614369,6335.342880,6371.044095,3051419
2019-07-12,6369.745869,6435.955395,6361.372311,6400.838382,2817385
2019-07-15,6282.115614,6361.956513,6173.908477,6334.888501,5987040
2019-07-16,6331.772759,6376.236999,6263.940450,6283.413840,3324524
2019-07-17,6283.413840,6315.804579,6245.310907,6254.203755,2546887
2019-07-18,6241.221495,6250.958190,6148.268513,6150.345675,3925295
2019-07-19,6199.029150,6236.677704,6153.591240,6204.676433,2801481
2019-07-22,6231.484800,6257.449320,6168.196283,6212.141233,2812549
2019-07-23,6246.414399,6248.296827,6126.717962,6192.408197,3248395
2019-07-24,6220.514790,6230.835687,6132.105600,6142.945787,4677120
2019-07-25,6140.414246,6253.294997,6089.653610,6250.958190,3825570
2019-07-26,6244.272326,6302.887230,6222.072662,6264.135184,2646759
2019-07-29,6244.661794,6358.061835,6231.549711,6338.004243,2698133
2019-07-30,6338.588445,6380.780790,6302.887230,6354.361891,1953797
2019-07-31,6328.851750,6372.796700,6274.261347,6313.273038,2252620
2019-08-01,6338.653356,6341.834010,6186.176713,6226.941009,3508952
2019-08-02,6127.626720,6218.372717,6121.135590,6195.459029,3971940
2019-08-05,6134.117850,6192.538020,6101.662200,6117.435646,3677431
2019-08-06,6043.242030,6153.591240,5996.505894,6142.556319,4399116
2019-08-07,6163.327935,6202.469449,6134.117850,6134.117850,2686998
2019-08-08,6189.292455,6322.360620,6179.555760,6307.301198,3880813
2019-08-09,6351.570705,6367.473974,6224.928759,6244.661794,2846170
2019-08-12,6558.053550,6621.601713,6458.739261,6612.059752,8149895
2019-08-13,6596.026661,6659.899380,6560.455268,6607.645784,3032970
2019-08-14,6685.993723,6828.019647,6685.993723,6772.390663,4141095
2019-08-15,6672.881640,6792.837722,6672.881640,6782.581737,2723739
2019-08-16,6814.647919,6981.729605,6757.266330,6845.545698,3608673
2019-08-19,6887.088930,6945.379277,6809.519927,6853.854344,3286758
2019-08-20,6848.142150,6969.396458,6815.686500,6945.509100,2860213
2019-08-21,6946.158213,6990.752276,6891.373076,6919.544580,2506662
2019-08-22,6964.917579,7166.207520,6945.509100,7166.207520,3759078
2019-08-23,7172.698650,7358.085323,7111.811851,7335.626013,4019230
2019-08-26,7224.627690,7321.994640,7118.692448,7159.391833,4849789
2019-08-27,7250.592210,7343.480280,7198.663170,7198.663170,5216421
2019-08-28,7198.663170,7290.772305,7029.958701,7140.957024,4700967
2019-08-29,7172.698650,7258.251743,7091.559525,7225.276803,2933042
2019-08-30,7302.521250,7438.834980,7289.538990,7412.870460,4489077
2019-09-02,7399.823289,7432.214027,7328.485770,7391.839199,2823433
2019-09-03,7399.888200,7471.420453,7325.629673,7399.888200,2948509
2019-09-04,7405.081104,7418.777388,7270.779624,7302.586161,3360022
2019-09-05,7328.485770,7431.694737,7321.994640,7425.852720,3293084
2019-09-06,7429.098285,7439.808649,7341.468030,7416.051114,2617659
2019-09-09,7432.343850,7451.817240,7367.432550,7377.299068,2937934
2019-09-10,7362.888759,7367.432550,7270.130511,7295.056451,2622707
2019-09-11,7265.002519,7269.870866,6932.526840,6942.393358,8171654
2019-09-12,6919.544580,7205.024477,6919.544580,7133.751870,4121133
2019-09-16,7029.893790,7165.882964,7029.893790,7133.751870,3137180
2019-09-17,7101.296220,7183.473926,7055.858310,7101.361131,2519693
2019-09-18,7195.417605,7464.799500,7193.340443,7457.659257,6931447
2019-09-19,7451.817240,7464.799500,7381.063923,7432.343850,2447980
2019-09-20,7471.290630,7529.710800,7449.155877,7512.963685,3762666
2019-09-23,7510.237410,7510.237410,7341.468030,7458.308370,3002633
2019-09-24,7497.255150,7691.339937,7477.781760,7685.497920,3626913
2019-09-25,7659.533400,7717.109723,7597.867665,7620.586620,2402458
2019-09-26,7626.688282,7681.278686,7521.986355,7575.148710,2608194
2019-09-27,7555.675320,7679.006790,7484.272890,7625.454967,2282661
2019-09-30,7549.184190,7590.922156,7464.799500,7464.799500,3082514
2019-10-08,7484.272890,7659.533400,7477.846671,7575.797823,3104527
2019-10-09,7569.955806,7569.955806,7367.757107,7444.092795,3578857
2019-10-10,7315.503510,7522.765291,7198.792993,7497.255150,4117370
2019-10-11,7510.237410,7627.077750,7479.144897,7624.481298,2868925
2019-10-14,7698.480180,7709.255456,7594.622100,7659.533400,2718751
2019-10-15,7659.533400,7891.136918,7640.254744,7860.758430,4003473
2019-10-16,7581.639840,7708.216875,7529.710800,7594.622100,5915059
2019-10-17,7633.568880,7702.764326,7545.938625,7681.148863,3050870
2019-10-18,7653.042270,7724.379789,7605.592110,7632.205743,2829161
2019-10-21,7606.695602,7652.393157,7551.131529,7584.885405,2527467
2019-10-22,7646.551140,7669.270095,7554.961296,7599.815004,1930943
2019-10-23,7581.639840,7646.551140,7504.460304,7522.635468,2308021
2019-10-24,7561.841893,7568.657580,7446.364691,7466.552105,2617844
2019-10-25,7486.220229,7610.849925,7419.556324,7603.385125,2599845
2019-10-28,7568.722491,7666.089441,7562.166450,7648.433568,2248599
2019-10-29,7666.738554,7789.096355,7645.058180,7743.918090,2780371
2019-10-30,7724.444700,7741.970751,7633.568880,7684.199694,2125475
2019-10-31,7763.391480,7776.373740,7634.542549,7659.598311,2590927
2019-11-01,7666.024530,7737.102404,7610.849925,7691.989050,2281196
2019-11-04,7724.444700,7854.202389,7717.953570,7786.694637,2673798
2019-11-05,7786.110435,7821.811650,7737.426960,7782.864870,2225472
2019-11-06,7769.882610,7815.320520,7717.174634,7743.918090,1973751
2019-11-07,7766.701956,7801.559324,7717.953570,7798.248848,1616788
2019-11-08,7821.811650,7890.942184,7799.157606,7821.811650,2451211
2019-11-11,7799.092695,7829.601006,7747.228566,7782.864870,1734246
2019-11-12,7815.320520,7851.670848,7777.736877,7799.741808,1915055
2019-11-13,7834.793910,7969.809414,7789.356000,7945.143120,3197704
2019-11-14,7964.616510,8049.001200,7932.160860,7984.089900,2352112
2019-11-15,7984.089900,8002.979088,7928.915295,7950.985137,1634072
2019-11-18,7952.413186,7980.519779,7906.196340,7966.434026,1803766
2019-11-19,7971.107640,8059.451919,7951.764073,7999.149322,2062375
2019-11-20,7984.089900,8045.820546,7971.497108,8008.431637,1528053
2019-11-21,7990.581030,8019.856026,7926.059198,7992.528369,1918739
2019-11-22,7938.651990,7977.598770,7691.989050,7750.409220,4705428
2019-11-25,7711.786996,7750.409220,7607.993828,7672.905128,3828175
2019-11-26,7702.894148,7780.268418,7679.006790,7691.989050,4023961
2019-11-27,7742.619864,7767.415981,7688.808396,7724.120144,1984881
2019-11-28,7756.705616,7773.193086,7588.260793,7632.270654,2884499
2019-11-29,7565.412015,7565.412015,7223.913666,7328.485770,8239732
2019-12-02,7258.381566,7400.018023,7258.381566,7354.450290,3078441
2019-12-03,7354.450290,7354.450290,7255.395646,7257.083340,2734093
2019-12-04,7399.888200,7430.136866,7257.083340,7285.189933,3528308
2019-12-05,7302.521250,7348.024071,7257.083340,7333.678674,2133879
2019-12-06,7373.728946,7594.622100,7335.626013,7594.622100,3950626
2019-12-09,7627.077750,7633.568880,7504.395393,7521.272331,2182412
2019-12-10,7527.114348,7562.166450,7471.290630,7558.271772,1508658
2019-12-11,7581.639840,7599.490448,7500.825271,7523.089847,1456799
2019-12-12,7503.746280,7529.321332,7335.496190,7380.414810,2940916
2019-12-13,7438.834980,7562.166450,7438.834980,7549.184190,3000059
2019-12-16,7549.184190,7549.184190,7386.516472,7451.297950,3093642
2019-12-17,7462.852161,7617.990168,7419.556324,7594.492277,4261696
2019-12-18,7620.586620,7628.375976,7555.675320,7581.639840,1964009
2019-12-19,7549.184190,7549.184190,7477.781760,7512.833862,1955230
2019-12-20,7543.861463,7543.861463,7409.624895,7440.782319,2356384
2019-12-23,7393.397070,7545.938625,7373.923680,7460.255709,2591918
2019-12-24,7484.272890,7497.255150,7432.343850,7451.817240,1182310
2019-12-25,7419.361590,7419.361590,7335.041811,7358.994081,2430597
2019-12-26,7347.959160,7412.740637,7270.000689,7368.081663,2287727
2019-12-27,7464.799500,7607.604360,7464.799500,7549.184190,4706628
2019-12-30,7595.920326,7760.145915,7595.920326,7697.181954,4076066
2019-12-31,7679.006790,7711.462440,7636.879356,7679.006790,2258881
2020-01-02,7321.994640,7432.733318,7244.101080,7334.976900,14809916
2020-01-03,7250.592210,7250.592210,6990.297897,7001.073173,13031878
2020-01-06,6951.091472,7094.155977,6927.983049,6997.373229,6341478
2020-01-07,6994.192575,7133.751870,6987.052332,7104.736519,4785359
2020-01-08,7043.200606,7111.032915,7027.167515,7063.258198,2500825
2020-01-09,7101.296220,7175.230191,7075.331700,7157.769051,3740587
2020-01-10,7198.663170,7244.036169,7156.470825,7221.382125,3597587
2020-01-13,7221.382125,7329.783996,7218.136560,7297.782725,3851575
2020-01-14,7297.328346,7301.807226,7159.716390,7188.277362,3514465
2020-01-15,7198.728081,7280.451408,7172.698650,7218.980407,2602911
2020-01-16,7262.730623,7262.730623,7156.990115,7185.680910,2319165
2020-01-17,7205.154300,7223.199641,7146.799041,7188.926475,2347275
2020-01-20,7217.227802,7217.227802,7023.402660,7081.822830,3539130
2020-01-21,7016.911530,7055.858310,6960.438699,6979.912089,3287405
2020-01-22,6945.509100,7036.384920,6850.608779,6981.275226,3620004
2020-01-23,6984.455880,6984.455880,6731.301810,6833.861664,5346843
2020-02-03,6393.763050,6560.455268,6361.307400,6516.575230,12344288
2020-02-04,6588.496950,6861.124410,6562.597341,6737.857851,6262418
2020-02-05,6815.686500,6841.651020,6705.532024,6815.621589,4741824
2020-02-06,6876.897856,6977.964750,6828.798583,6952.000230,4717121
2020-02-07,6945.574011,6990.947010,6887.218753,6984.455880,3127871
2020-02-10,6893.580060,6975.368298,6862.422636,6922.725234,3053342
2020-02-11,6900.071190,7138.165838,6898.772964,7127.260740,4791793
2020-02-12,7068.840570,7132.388733,7048.588244,7122.522215,2812543
2020-02-13,7127.260740,7230.404796,7062.414351,7081.822830,3035736
2020-02-14,7078.252709,7098.115566,7030.607814,7062.349440,2328760
2020-02-17,7026.648225,7115.511795,7025.999112,7100.127817,2702822
2020-02-18,7075.396611,7119.990674,7029.893790,7036.384920,2666496
2020-02-19,7042.876050,7149.979695,6997.438140,7117.524045,3705147
2020-02-20,7118.822271,7296.030120,7110.448713,7257.083340,4680262
2020-02-21,7214.631350,7293.044200,7205.219211,7223.848754,2894008
2020-02-24,7175.944215,7205.154300,7046.121615,7057.026713,3865036
2020-02-25,6997.438140,7023.986862,6931.747904,6976.731435,3838562
2020-02-26,6893.580060,7036.384920,6848.142150,6969.526281,4356097
2020-02-27,6984.455880,7107.722439,6984.455880,7058.389851,3449829
2020-02-28,6947.456439,7023.402660,6815.491766,6861.124410,4994657
2020-03-02,6816.400524,7117.848601,6815.751411,7049.432091,4766304
2020-03-03,7127.260740,7262.795534,7127.260740,7224.627690,5025015
2020-03-04,7302.521250,7393.397070,7245.658951,7327.966480,5379299
2020-03-05,7375.935930,7627.012839,7338.611933,7601.113230,6242645
2020-03-06,7549.184190,7633.568880,7477.651937,7500.500715,3064100
2020-03-09,7367.432550,7367.432550,7213.657680,7231.183731,4340409
2020-03-10,7224.627690,7581.639840,7224.627690,7503.746280,5806293
2020-03-11,7500.500715,7591.895825,7406.379330,7520.103928,3554757
2020-03-12,7407.807379,7484.272890,7303.170363,7390.151505,3663063
2020-03-13,7075.331700,7328.355947,7010.420400,7218.331294,7588531
2020-03-16,7166.077697,7191.847483,6893.580060,6926.035710,5123254
2020-03-17,6848.142150,6997.438140,6563.311366,6783.879963,7935912
2020-03-18,6750.775200,6880.597800,6542.994129,6542.994129,7345988
2020-03-19,6452.118309,6588.496950,6232.133913,6465.165480,10226507
2020-03-20,6562.532430,6770.248590,6562.532430,6720.137066,6013919
2020-03-23,6491.130000,6720.137066,6436.085218,6614.461470,4847210
2020-03-24,6770.248590,6873.327734,6718.319550,6854.633280,4665096
2020-03-25,7062.219617,7084.159637,6972.771846,7011.069513,3704866
2020-03-26,6967.124563,7083.121056,6893.580060,6912.534160,3004856
2020-03-27,7042.876050,7088.313960,6978.029661,6981.210315,3626112
2020-03-30,6882.220583,6990.947010,6861.124410,6958.491360,3068741
2020-03-31,7023.402660,7237.609950,7022.104434,7211.645430,4798437
2020-04-01,7250.592210,7328.485770,7159.716390,7159.716390,3320535
2020-04-02,7166.207520,7432.343850,7165.428584,7432.343850,4520561
2020-04-03,7393.591804,7451.557595,7347.829337,7398.525063,2761761
2020-04-07,7542.368503,7571.903145,7457.594346,7529.386244,4348800
2020-04-08,7477.781760,7570.669830,7477.781760,7528.152929,2422442
2020-04-09,7568.657580,7588.130970,7451.557595,7519.974105,2281697
2020-04-10,7515.949604,7669.270095,7487.518455,7562.166450,2780434
2020-04-13,7562.166450,7594.492277,7455.062805,7544.640399,1598147
2020-04-14,7633.568880,7734.505952,7568.657580,7692.638163,3679955
2020-04-15,7737.426960,7815.255609,7705.620423,7721.848248,2933229
2020-04-16,7743.723356,7770.531723,7686.147033,7770.531723,2172774
2020-04-17,7854.267300,8013.689453,7821.876561,7958.125380,3824569
2020-04-20,7925.669730,7993.826595,7898.406984,7966.563849,2423864
2020-04-21,7925.799553,7945.078209,7743.918090,7789.356000,2922422
2020-04-22,7828.302780,8110.666935,7803.766309,8078.211285,4403473
2020-04-23,8113.912500,8215.693418,8099.437280,8128.582454,2689851
2020-04-24,8100.930240,8178.109776,8017.713953,8117.547533,1912240
2020-04-27,8159.350410,8296.767632,8120.143985,8282.681880,2590391
2020-04-28,8343.114300,8438.079532,8255.938424,8302.999117,3466190
2020-04-29,8294.365914,8361.224553,8165.841540,8275.541637,2344406
2020-04-30,8250.226230,8341.166961,8171.553734,8215.823241,2466087
2020-05-06,8120.403630,8438.469000,8113.912500,8438.469000,3583481
2020-05-07,8434.574322,8535.771039,8393.031090,8516.362560,2793474
2020-05-08,8548.818210,8685.131940,8493.708516,8533.304409,2907868
2020-05-11,8568.291600,8665.658550,8527.202747,8587.829901,2367119
2020-05-12,8555.309340,8665.593639,8542.327080,8652.676290,1972181
2020-05-13,8652.676290,8685.067029,8586.986054,8671.825124,2201431
2020-05-14,8633.202900,8664.879614,8601.461274,8611.068147,1857492
2020-05-15,8626.711770,8655.921855,8450.672324,8522.853690,2639808
2020-05-18,8477.415780,8772.762195,8471.768497,8738.424117,3436211
2020-05-19,8853.901320,8853.901320,8685.131940,8737.775004,2478746
2020-05-20,8737.775004,8822.614073,8677.407495,8769.516630,2118340
2020-05-21,8795.481150,8905.570715,8781.590132,8867.532693,2305158
2020-05-22,8866.883580,8867.532693,8586.986054,8621.518866,3442746
2020-05-25,8633.202900,8870.648435,8574.782730,8846.761077,3156100
2020-05-26,8892.069164,8892.523543,8795.481150,8814.954540,2247019
2020-05-27,8821.445670,8827.936800,8652.676290,8685.131940,2677741
2020-05-28,8684.937206,8743.162642,8575.626577,8724.078720,2648591
2020-05-29,8646.834273,8892.718277,8646.834273,8870.778258,3044435
2020-06-01,8964.250530,9218.053713,8964.250530,9214.159035,3547976
2020-06-02,9191.504991,9268.684527,9130.812926,9157.102002,2596010
2020-06-03,9184.948950,9201.176775,9060.124520,9083.038209,2355736
2020-06-04,9061.617480,9158.984430,9061.617480,9139.446129,1803741
2020-06-05,9121.660433,9275.045834,9094.592420,9249.860250,1834706
2020-06-08,9249.860250,9314.771550,9100.629171,9127.177893,2930045
2020-06-09,9139.511040,9249.860250,9091.995968,9195.010201,2261191
2020-06-10,9249.860250,9303.931363,9197.931210,9241.162136,2270074
2020-06-11,9159.049341,9204.357429,9068.043699,9090.567920,3071171
2020-06-12,9004.300802,9193.841798,8979.245040,9193.841798,2842742
2020-06-15,9100.564260,9162.879108,8964.250530,8977.232790,3461541
2020-06-16,9077.845305,9178.457820,9042.987937,9112.767584,2920664
2020-06-17,9164.566802,9164.826447,9055.256173,9120.037650,1945307
2020-06-18,9119.388537,9173.264916,9088.231113,9171.966690,2101041
2020-06-19,9217.404600,9380.981076,9185.598063,9346.188619,3895833
2020-06-22,9315.420663,9372.477696,9303.087516,9340.736070,2324700
2020-06-23,9314.771550,9619.854660,9305.164678,9571.171185,3393426
2020-06-24,9611.360212,9625.216436,9489.215295,9587.784929,2513899
2020-06-29,9508.916088,9627.120846,9436.745516,9608.536431,2808061
2020-06-30,9608.208085,9646.690300,9555.672637,9606.632021,2244614
2020-07-01,9640.254708,9890.454779,9614.118323,9812.767985,3868249
2020-07-02,9843.829569,10184.653288,9817.561845,10139.341464,4588372
2020-07-03,10178.743050,10195.160378,9961.246295,10124.828546,3512581
2020-07-06,10099.939878,10612.160496,10059.290575,10507.089600,5182196
2020-07-07,10527.381417,11458.112547,10513.656531,11084.979528,6666393
2020-07-08,11032.444080,11288.554389,10901.105460,11041.243768,5316998
2020-07-09,11104.680321,11242.585872,11045.577942,11203.184286,3503324
2020-07-10,11091.546459,11404.132375,11091.152443,11254.734694,3710044
2020-07-13,11260.185247,11735.105697,11260.185247,11702.205373,6072716
2020-07-14,11702.205373,11702.468050,11481.622160,11570.932422,4609351
2020-07-15,11458.506563,11706.211201,11457.390185,11508.743585,4071294
2020-07-16,11360.199606,11360.199606,10507.089600,10599.026634,10224219
2020-07-17,10638.428220,10983.783121,10638.428220,10822.630635,6590206
2020-07-20,10851.853478,10927.307515,10434.065327,10749.803370,4528033
2020-07-21,10813.371262,11182.170107,10710.598792,10953.640908,4196950
2020-07-22,10887.971598,11229.452010,10887.971598,11019.835572,3920121
2020-07-23,10979.908632,11104.680321,10835.436150,11006.176356,3432052
2020-07-24,10867.285765,10940.507046,10408.585635,10476.225024,7875201
2020-07-27,10612.226165,10702.784144,10507.089600,10655.173894,3878817
2020-07-28,10704.097530,11032.444080,10704.097530,10966.774770,5491152
2020-07-29,11098.113390,11098.113390,10723.798323,10979.908632,5074843
2020-07-30,10974.655087,11167.657189,10970.058236,11032.444080,3837304
2020-07-31,11065.278735,11196.617355,10809.168426,11020.492266,4068474
2020-08-03,11077.624565,11141.323796,10901.105460,10953.640908,3466114
2020-08-04,10999.609425,11052.079204,10901.105460,10966.709101,3194051
2020-08-05,10914.830346,10987.066587,10791.503382,10953.640908,2552169
2020-08-06,10966.774770,10993.239502,10704.097530,10756.370301,3264878
2020-08-07,10801.091101,10833.269063,10497.239203,10710.664461,3424205
2020-08-10,10690.766660,10802.338818,10560.347410,10730.299585,2362354
2020-08-11,10769.766840,10943.330826,10769.766840,10786.249837,3581818
2020-08-12,10723.798323,10776.333771,10541.565988,10684.068390,2793392
2020-08-13,10704.097530,10762.411877,10566.191979,10736.932185,2054134
2020-08-14,10769.110147,10938.536967,10710.664461,10907.672391,3765318
2020-08-17,10993.042494,11192.348850,10966.774770,11098.113390,4357201
2020-08-18,11146.577341,11295.121320,11104.680321,11196.617355,3042281
2020-08-19,11163.782700,11275.420527,11052.079204,11078.412597,2691498
2020-08-20,10993.042494,11025.877149,10874.837736,10927.373184,2238233
2020-08-21,10986.475563,11150.648838,10973.341701,11006.176356,2508241
2020-08-24,11163.782700,11216.318148,11104.745990,11139.813402,3093344
2020-08-25,11195.303969,11470.983732,11154.786005,11341.089837,4187249
2020-08-26,11387.058354,11459.294595,11262.418004,11341.089837,2621573
2020-08-27,11373.858823,11386.927015,11196.617355,11367.357561,2263553
2020-08-28,11367.357561,11584.066284,11304.971717,11538.097767,4229962
2020-08-31,11627.276690,11925.546696,11627.276690,11731.822232,4781036
2020-09-01,11767.940352,11833.609662,11656.368194,11833.478323,3163992
2020-09-02,11984.649075,12004.349868,11623.467870,11787.641145,3200929
2020-09-03,11787.641145,11899.278972,11687.167101,11774.507283,3043735
2020-09-04,11597.200146,11669.370718,11465.861526,11623.467870,3085796
2020-09-07,11557.798560,11675.937649,11189.853416,11318.105579,3111202
2020-09-08,11373.924492,11412.012692,11013.202972,11238.645713,3447238
2020-09-09,11161.615613,11236.018941,11032.706757,11084.979528,2596355
2020-09-10,11188.343022,11295.121320,11163.782700,11201.870900,2477833
2020-09-11,11084.979528,11400.192216,11084.979528,11380.491423,3108800
2020-09-14,11459.294595,11616.900939,11364.599450,11597.200146,3105601
2020-09-15,11623.402201,11623.402201,11477.353655,11557.798560,2082087
2020-09-16,11557.798560,11589.385498,11288.554389,11328.612668,2251598
2020-09-17,11163.782700,11163.782700,10887.971598,10970.189574,6367985
2020-09-18,10933.940115,11130.948045,10736.997854,11130.948045,4720140
2020-09-21,11116.238120,11116.238120,10944.841220,10945.760591,2244407
2020-09-22,10835.436150,11078.281258,10835.436150,10938.471297,2326547
2020-09-23,10736.932185,10940.572715,10645.126490,10835.304811,3572552
2020-09-24,10743.302108,10893.750497,10683.083351,10699.632017,3005078
2020-09-25,10704.097530,10835.436150,10671.262875,10737.654547,2258296
2020-09-28,10738.179902,10956.924374,10738.179902,10907.672391,2423222
2020-09-29,10962.374926,10962.834611,10850.540091,10850.540091,1743078
2020-09-30,10901.105460,11110.590559,10901.105460,10956.924374,2708781
2020-10-09,11111.247252,11205.942397,11084.979528,11137.514976,3423988
2020-10-12,11163.782700,11496.135078,11163.782700,11496.135078,4372904
2020-10-13,11496.200747,11496.200747,11393.625285,11419.893009,2294389
2020-10-14,11426.459940,11472.297118,11334.522906,11354.223699,2048139
2020-10-15,11302.541952,11393.625285,11301.688251,11327.955975,1620436
2020-10-16,11327.955975,11390.867174,11183.483493,11242.585872,1737738
2020-10-19,11327.955975,11386.927015,11110.590559,11157.215769,1922632
2020-10-20,11163.717031,11393.428277,11130.948045,11387.058354,2773493
2020-10-21,11387.715047,11440.578842,11314.822113,11382.658510,1890137
2020-10-22,11360.790630,11459.294595,11265.635800,11442.877268,2248087
2020-10-23,11431.582146,11476.302946,11255.719734,11264.453752,1929169
2020-10-26,10631.861289,10920.280899,10507.089600,10789.467633,6601529
2020-10-27,10789.467633,10796.034564,10612.948528,10671.262875,4394440
2020-10-28,10677.829806,11012.743287,10671.788229,10932.692398,3463653
2020-10-29,10867.220096,11216.318148,10815.735357,11006.176356,3937376
2020-10-30,11019.310218,11137.514976,10933.940115,10966.906109,2605545
2020-11-02,10999.609425,11130.948045,10979.908632,10993.108163,2106643
2020-11-03,11065.213066,11202.527593,11002.892890,11130.948045,2349749
2020-11-04,11163.782700,11190.050424,11065.278735,11161.024589,1644371
2020-11-05,11275.420527,11377.076619,11243.242565,11307.598489,2352414
2020-11-06,11364.402442,11371.232050,11098.113390,11167.854197,2305153
2020-11-09,11172.845065,11496.594763,11167.854197,11443.336953,4146970
2020-11-10,11511.304689,11587.218411,11400.192216,11459.294595,3018944
2020-11-11,11459.294595,11672.719853,11367.357561,11369.655987,3485073
2020-11-12,11360.856299,11492.129250,11310.028253,11392.246229,2347309
2020-11-13,11321.389044,11353.435667,11104.680321,11196.617355,2815548
2020-11-16,11236.018941,11361.118977,11145.789309,11361.118977,3061349
2020-11-17,11426.459940,11441.892228,11170.809316,11267.540210,2522403
2020-11-18,11262.286665,11298.601793,11053.195582,11122.082688,3517895
2020-11-19,11061.995269,11327.955975,11036.384239,11296.369037,2781576
2020-11-20,11295.121320,11400.192216,11246.854377,11294.858643,2187466
2020-11-23,11630.100470,11885.488417,11630.100470,11756.185546,6663724
2020-11-24,11623.402201,11705.554508,11501.782639,11580.782818,3246536
2020-11-25,11567.648956,11616.112907,11321.389044,11340.301805,2822632
2020-11-26,11334.522906,11426.394271,11329.138023,11389.619457,2322830
2020-11-27,11378.258666,11426.656948,11281.987458,11412.669385,2156861
2020-11-30,11393.625285,11419.236316,11255.128710,11255.128710,3194007
2020-12-01,11334.522906,11419.827340,11295.186989,11406.759147,2819620
2020-12-02,11465.861526,11485.562319,11367.357561,11413.391747,2357169
2020-12-03,11413.391747,11529.298079,11374.581185,11485.562319,2950578
2020-12-04,11505.263112,11821.132493,11505.263112,11775.229645,6249119
2020-12-07,11838.206514,12085.714143,11824.087612,11901.905744,5833133
2020-12-08,11918.979765,12312.995625,11905.845903,12148.822350,6145400
2020-12-09,12253.564899,12253.893246,12076.586109,12083.153040,3115212
2020-12-10,12083.153040,12147.311956,12004.349868,12036.527830,3265354
2020-12-11,12048.873660,12065.553665,11852.062738,11951.814420,3077579
2020-12-14,12002.839474,12017.352391,11918.979765,12010.916799,3305200
2020-12-15,12040.467989,12064.896972,11853.310455,11925.612365,2960497
2020-12-16,12020.767196,12120.387539,11953.193476,12083.153040,3215016
2020-12-17,12119.271161,12267.027108,12083.153040,12250.675450,3603064
2020-12-18,12160.708495,12273.659708,12090.245325,12115.987695,2707698
2020-12-21,12083.153040,12156.899675,12067.392406,12099.570368,3069672
2020-12-22,12148.625342,12470.536300,12099.636037,12352.397211,4065060
2020-12-23,12463.969369,12517.883872,11958.512690,12093.988476,4770609
2020-12-24,11938.680558,12207.136697,11787.772484,12019.716487,3785714
2020-12-25,11840.110924,12129.121557,11820.475800,12017.483730,2308805
2020-12-28,11995.156165,12403.619273,11991.544353,12299.861763,3008037
2020-12-29,12299.861763,12390.485411,12181.657005,12260.460177,2286759
2020-12-30,12280.160970,12693.877623,12280.095301,12693.877623,3445210
2020-12-31,12746.413071,13127.163730,12733.279209,13120.728138,3886007
2021-01-04,13133.730661,13166.630986,13027.543387,13114.161207,4351400
2021-01-05,13068.192690,13524.266048,13018.678030,13524.266048,5211605
2021-01-06,13559.399129,13954.728375,13370.468524,13790.555100,4741020
2021-01-07,13770.854307,14053.232340,13626.381825,14053.232340,3793139
2021-01-08,14066.366202,14124.680549,13547.709992,13724.885790,5386164
2021-01-11,13724.885790,14122.185116,13518.684157,13788.782029,5107990
2021-01-12,13711.751928,14190.481198,13692.051135,14190.481198,4105859
2021-01-13,14210.838684,14272.108150,14020.397685,14210.838684,3438993
2021-01-14,14158.303236,14204.271753,13896.348358,14013.830754,3615220
2021-01-15,13889.059065,14016.129180,13324.302999,13672.350342,5950939
2021-01-18,13534.838807,13734.604848,13398.312311,13547.578653,3914404
2021-01-19,13613.970325,13766.257455,13178.845477,13195.656821,4634519
2021-01-20,13186.397448,13498.261001,13018.940707,13400.676407,4508242
2021-01-21,13449.074688,13725.017129,13403.106171,13593.547170,3831017
2021-01-22,13586.980239,13790.555100,13528.534553,13658.888133,2924761
2021-01-25,13678.917273,14312.626115,13678.917273,14283.074925,5595716
2021-01-26,14348.744235,14361.878097,13955.450737,14065.643840,3174746
2021-01-27,14065.643840,14065.643840,13692.051135,13718.318859,3712017
2021-01-28,13659.216480,13853.991653,13528.009199,13711.751928,3512864
2021-01-29,13798.369748,14115.486846,13726.330515,13896.808044,3370133
2021-02-01,13987.563030,14184.570960,13757.720445,13851.758897,2934059
2021-02-02,13870.802997,14118.835981,13804.345655,14086.066995,3458225
2021-02-03,14118.901650,14435.887409,14053.232340,14380.987866,3871415
2021-02-04,14388.145821,15300.949230,14388.145821,15240.861811,6385101
2021-02-05,15268.114575,15528.165043,15044.838921,15189.311403,3972906
2021-02-08,15346.917747,15621.940817,15189.311403,15555.746153,3578573
2021-02-09,15555.746153,16131.206316,15432.287850,16131.206316,3329655
2021-02-10,16318.823535,17081.900917,16318.823535,17080.587531,6137057
2021-02-18,16995.086089,17257.106636,16187.484915,16226.886501,6591232
2021-02-19,16096.598590,16395.393950,15639.802870,16154.650260,5938546
2021-02-22,16121.815605,16121.815605,14960.913543,15025.269467,7893547
2021-02-23,14875.018085,15398.730833,14874.098715,15149.909817,5745460
2021-02-24,15156.411079,15222.146058,14187.854425,14375.011959,8211578
2021-02-25,14506.350579,14608.138010,13929.839707,14118.901650,5972643
2021-02-26,13790.555100,14315.581233,13575.816456,13940.149788,6652506
2021-03-01,14309.342649,14309.342649,13921.893720,14171.437098,4491626
2021-03-02,14315.909580,14315.909580,13350.570723,13514.743998,7076450
2021-03-03,13396.539240,14117.391256,13350.570723,14053.232340,5421546
2021-03-04,13757.720445,13764.287376,13200.188003,13350.570723,6508829
2021-03-05,13133.862000,13757.720445,13055.058828,13528.600222,6377920
2021-03-08,13626.119148,13692.051135,12871.184760,12871.184760,6309959
2021-03-09,12838.350105,13133.862000,12478.350948,12720.079678,8226581
2021-03-10,12982.822587,13133.008299,12917.153277,12936.919739,5117174
2021-03-11,12969.688725,13659.150811,12880.903818,13449.074688,5676897
2021-03-12,13593.547170,13639.515687,13147.061531,13304.602206,4032251
2021-03-15,13462.208550,13592.233784,12813.067421,12972.643844,6248487
2021-03-16,12969.229040,13265.134951,12904.019415,13202.814776,3464850
2021-03-17,13133.862000,13462.208550,12976.321325,13333.234025,3137491
2021-03-18,13363.704585,13700.982161,13363.704585,13591.577091,3386488
2021-03-19,13363.704585,13416.240033,13082.836946,13199.531310,3578077
2021-03-22,13134.518693,13305.193230,12841.961917,13068.127021,3691407
2021-03-23,13126.507037,13191.650993,12936.854070,13107.594276,2744619
2021-03-24,13009.090311,13219.232103,13009.090311,13061.625759,2935739
2021-03-25,12936.919739,13060.837727,12784.501271,12943.421001,3157523
2021-03-26,13035.358035,13278.334482,12858.050898,13219.232103,5001642
2021-03-29,13417.553419,13766.585802,13305.587246,13357.794347,5699220
2021-03-30,13396.539240,13698.618066,13364.229939,13501.938483,3262697
2021-03-31,13430.030588,13436.072165,13133.862000,13192.964379,3715441
2021-04-01,13271.767551,13441.194371,13141.873656,13426.090430,2658763
2021-04-02,13501.610136,14217.405615,13501.610136,14197.704822,5202757
2021-04-06,14191.137891,14197.573483,13805.659041,13961.492314,3274177
2021-04-07,13817.216840,13904.163006,13462.208550,13534.444791,4020097
2021-04-08,13442.704765,13652.649549,13422.806964,13593.547170,2854762
2021-04-09,13409.673102,13488.476274,13166.762324,13265.200620,2880886
2021-04-12,13206.098241,13330.869930,13079.356473,13192.242017,3194307
2021-04-13,13265.200620,13460.895164,13192.964379,13271.767551,2899215
2021-04-14,13363.704585,13449.074688,13238.932896,13442.507757,2411465
2021-04-15,13336.780168,13441.851064,13068.192690,13236.306124,3436621
2021-04-16,13298.560629,13580.413308,13212.665172,13494.911866,3029370
2021-04-19,13495.043205,13779.785333,13350.570723,13711.751928,3175391
2021-04-20,13600.770794,13980.996099,13593.547170,13756.407059,2829037
2021-04-21,13632.948756,13776.107852,13561.369208,13659.216480,2614975
2021-04-22,13724.229097,13783.988169,13472.058946,13498.326671,2685002
2021-04-23,13501.413128,13921.105688,13478.625878,13849.263463,3346277
2021-04-26,14000.696892,14020.397685,13617.188122,13644.900570,3404511
2021-04-27,13705.710351,13759.362178,13561.303539,13754.042964,2210785
2021-04-28,13199.531310,13445.791223,13153.562793,13409.673102,8134295
2021-04-29,13442.770434,13461.814534,13225.799034,13306.966301,4128378
2021-04-30,13304.602206,13370.271516,13158.225314,13178.385792,3840137
2021-05-06,13133.862000,13178.779808,12825.216243,12864.617829,5354614
2021-05-07,12904.019415,12923.588869,12483.735831,12496.869693,5249339
2021-05-10,12477.168900,12536.271279,12253.958915,12339.460357,4600318
2021-05-11,12319.562556,12910.586346,12301.831842,12864.617829,4249412
2021-05-12,12799.473873,13127.295069,12798.948519,13028.791104,3269887
2021-05-13,12908.944613,13035.686382,12825.216243,12946.704466,2507751
2021-05-14,13015.657242,13334.153395,12976.255656,13198.546270,3561129
2021-05-17,13298.691968,13693.364521,13298.691968,13514.481321,4452400
2021-05-18,13560.712515,13639.515687,13429.767911,13523.346678,1750428
2021-05-19,13521.310929,13625.134108,13396.539240,13455.641619,2240972
2021-05-20,13619.814894,13620.471587,13431.737990,13520.522897,2185716
2021-05-21,13495.568559,13658.428448,13376.969786,13410.329795,2424823
2021-05-24,13468.775481,13659.610496,13337.436861,13602.018511,3254808
2021-05-25,13692.051135,14447.904893,13692.051135,14411.130080,6775695
2021-05-26,14499.652309,14721.745916,14401.805037,14578.586820,3860420
2021-05-27,14519.615780,15235.279920,14454.471824,14742.760095,4537338
2021-05-28,14716.295363,14775.594750,14483.431990,14644.256130,2580731
2021-05-31,14549.035631,14567.751384,14263.374132,14565.452958,3173900
2021-06-01,14591.720682,14768.699472,14486.649786,14716.164024,3061634
2021-06-02,14775.594750,14867.531784,14500.965696,14591.720682,2286277
2021-06-03,14578.586820,14843.496817,14513.442864,14593.165407,2345031
2021-06-04,14545.752165,15025.138128,14539.447911,14785.445147,3142219
2021-06-07,14874.098715,14966.035749,14709.991109,14913.500301,2546627
2021-06-08,14841.264060,14972.537011,14192.122931,14388.145821,4731363
2021-06-09,14394.712752,14539.185234,14185.293322,14443.964734,2550235
2021-06-10,14414.413545,14784.591445,14382.104244,14699.943705,2556663
2021-06-11,14703.358509,14736.193164,14308.094932,14308.094932,3397066
2021-06-15,14415.070238,14505.562547,14105.767788,14401.279683,2936130
2021-06-16,14394.712752,14414.413545,14105.767788,14171.437098,2759315
2021-06-17,14156.004810,14368.445028,14081.864159,14164.279143,2106753
2021-06-18,14099.200857,14161.586702,13560.712515,13731.058705,5402821
2021-06-21,13692.051135,13788.519351,13462.208550,13669.986247,3548826
2021-06-22,13738.019652,13777.421238,13487.753912,13626.184817,3322818
2021-06-23,13659.216480,13678.917273,13358.122694,13383.405378,3707901
2021-06-24,13396.604909,13659.216480,13271.767551,13580.741655,3147370
2021-06-25,13588.696950,13980.059058,13539.909261,13867.370104,3587543
2021-06-28,13920.400200,14039.717916,13741.423626,13940.352774,2745242
2021-06-29,13973.430296,14019.831630,13595.590862,13668.507244,3303063
2021-06-30,13688.393530,13748.052388,13564.435681,13633.374805,2191566
2021-07-01,13655.050857,13986.687820,13466.992879,13953.544010,3370124
2021-07-02,13754.681150,13754.681150,13333.754763,13343.697906,4627531
2021-07-05,13257.524000,13389.303789,13158.092570,13217.751428,3442095
2021-07-06,13224.380190,13350.326668,12992.439808,13343.035030,3528251
2021-07-07,13323.811620,13448.962647,13250.961526,13284.039048,2812212
2021-07-08,13258.186876,13284.039048,13045.403616,13158.092570,3551669
2021-07-09,13022.335524,13164.124743,12892.942090,13072.647828,3090790
2021-07-12,13095.450769,13249.436910,12863.112661,12999.002282,3901024
2021-07-13,13045.403616,13293.982191,13025.517330,13144.172170,2992471
2021-07-14,13085.176188,13088.490569,12892.942090,13005.631044,3077069
2021-07-15,12959.362285,13343.697906,12930.063157,13244.200188,4219005
2021-07-16,13124.948760,13234.986209,12926.085900,12965.195596,3540764
2021-07-19,12965.129308,13164.721332,12866.427042,13091.804950,3005234
2021-07-20,13091.804950,13184.143605,13001.720074,13124.948760,2347521
2021-07-21,13184.607618,13297.296572,13005.697332,13052.032378,2978013
2021-07-22,12992.373520,13084.513312,12852.904368,12859.864568,3909047
2021-07-23,12845.347579,12845.347579,12562.100579,12594.647800,4758547
2021-07-26,12455.443798,12455.443798,11799.196360,11959.015812,9861948
2021-07-27,11951.657886,11998.059220,11288.781686,11354.340142,8657699
2021-07-28,11288.781686,11853.552208,11150.373135,11725.617102,8536884
2021-07-29,11998.125508,12084.233126,11496.527087,11598.941460,6386385
2021-07-30,11434.614450,11434.614450,10988.896493,11129.625110,7773589
2021-08-02,11030.259968,11639.973497,10743.367149,11633.477310,9740065
2021-08-03,11467.758260,11726.213690,11194.653266,11595.693367,5437475
2021-08-04,11494.671034,11666.621120,11388.213116,11427.985688,3817549
2021-08-05,11221.698615,11567.189690,11112.191466,11262.266638,4805969
2021-08-06,11195.979018,11229.189116,10914.919509,11076.661302,4568610
2021-08-09,10944.086062,11328.554258,10937.457300,11227.797076,4769775
2021-08-10,11268.895400,11950.862435,11103.176350,11925.142838,8328505
2021-08-11,11799.262648,11832.406458,11600.399788,11603.647881,3866259
2021-08-12,11481.015784,11593.704738,11177.352197,11202.607780,4755097
2021-08-13,11202.607780,11355.069306,11129.691398,11269.160550,3790452
2021-08-16,11242.380352,11359.046563,11169.994271,11263.592390,2805697
2021-08-17,11268.895400,11268.895400,10797.457847,10838.025870,6120077
2021-08-18,10769.484471,10890.989678,10606.019200,10738.594440,5997026
2021-08-19,10753.310292,10892.381718,10606.019200,10738.395577,4129195
2021-08-20,10308.851800,10589.778733,10112.176431,10261.323576,11454454
2021-08-23,10194.240505,10599.390438,10186.882579,10408.415805,7159720
2021-08-24,10440.300150,10888.073023,10379.116677,10772.931427,7259447
2021-08-25,10921.813422,11142.087183,10891.055966,11037.021305,5423890
2021-08-26,11036.822442,11036.822442,10571.019337,10572.875390,5402037
2021-08-27,10533.102818,10771.738250,10500.621884,10579.703015,3609545
2021-08-30,10639.163010,10692.193106,10247.734614,10513.216532,5158770
2021-08-31,10538.405828,10714.399459,10308.387786,10327.611196,4367709
2021-09-01,10334.239958,10837.959582,10149.297498,10751.918252,7731610
2021-09-02,10824.702058,10891.055966,10611.918798,10730.639926,4283679
2021-09-03,10672.439395,11002.352880,10486.701484,10991.945724,5283518
2021-09-06,10930.828538,11322.986098,10779.361326,11074.473811,5533806
2021-09-07,11010.572545,11166.017014,10944.086062,11063.403778,3121122
2021-09-08,11003.744920,11077.854479,10792.154837,10825.431222,3306367
2021-09-09,10778.367012,10904.313490,10765.175776,10831.927409,1995013
2021-09-10,10831.927409,11062.078026,10824.768346,11020.847126,3338811
2021-09-13,11036.888730,11162.835208,10871.832556,10963.972348,2772002
2021-09-14,10997.116158,11156.206446,10957.343586,10983.858634,3376061
2021-09-15,10937.457300,11003.744920,10672.306820,10710.355914,4157005
2021-09-16,10625.905486,10897.684728,10506.587770,10858.376169,4596802
2021-09-17,10738.594440,11306.016467,10738.594440,11176.092732,5513025
2021-09-22,10995.989268,11189.350256,10838.025870,10855.857240,3174300
2021-09-23,10857.912156,10976.434421,10772.268551,10838.025870,3034181
2021-09-24,10791.624536,11401.338065,10791.624536,11229.122828,6953660
2021-09-27,11600.333500,12352.035111,11600.333500,12296.353510,12686892
2021-09-28,12249.952176,12329.497320,11898.627790,12078.002090,4922105
2021-09-29,11991.430458,12230.132178,11838.306056,12064.346840,4329065
2021-09-30,12052.282493,12264.668028,11954.309391,12130.634460,4053929
2021-10-08,12080.388444,12448.815036,11979.697549,12194.270575,4745196
2021-10-11,12193.673987,12527.697304,12137.329510,12376.694105,3767557
2021-10-12,12369.269892,12442.186274,12212.963684,12402.347414,3060642
2021-10-13,12395.784940,12925.754462,12342.754844,12792.847784,5014261
2021-10-14,12786.417885,12871.730052,12568.132752,12667.564182,2662255
2021-10-15,12529.023056,12793.444372,12529.023056,12707.137891,2856078
2021-10-18,12515.102656,12515.102656,11845.597694,11931.771600,6965202
2021-10-19,11931.771600,12188.967566,11930.976149,12012.509921,4031456
2021-10-20,12150.520746,12261.883948,11971.610460,12203.550842,2866339
2021-10-21,12204.213718,12329.497320,12124.005698,12223.437128,2301870
2021-10-22,12296.353510,12733.918090,12289.724748,12601.276562,3596260
2021-10-25,12462.072560,12495.282658,12316.239796,12415.870089,3246133
2021-10-26,12356.211231,12455.377510,12223.437128,12336.457520,2113026
2021-10-27,12278.455853,12318.228425,11932.434476,12057.718078,3464729
2021-10-28,12098.816402,12221.978800,11945.029124,12100.738743,2949093
2021-10-29,12097.490650,12249.952176,12017.945506,12104.649713,2877586
2021-11-01,11799.196360,12106.108041,11666.621120,11951.657886,4168998
2021-11-02,11909.896685,12224.895456,11852.226456,11962.529056,3250024
2021-11-03,11931.771600,11997.926645,11674.509347,11699.764930,2782931
2021-11-04,11785.541110,12037.831792,11729.064058,11959.612400,3113043
2021-11-05,11959.678688,12229.999602,11959.678688,12063.949114,2707723
2021-11-08,12064.346840,12135.937470,11945.360562,12065.009716,1770572
2021-11-09,12064.214265,12116.515197,11812.453884,11865.550268,2735192
2021-11-10,11865.550268,11898.627790,11500.902070,11626.782260,3534877
2021-11-11,11619.755773,11730.257235,11543.989023,11730.257235,2265187
2021-11-12,11785.938836,11832.671608,11710.768675,11757.965460,1760663
2021-11-15,11757.302584,11825.711408,11600.333500,11674.177909,2494735
2021-11-16,11719.651216,12051.089316,11699.764930,11984.801696,3352624
2021-11-17,11964.915410,12067.661221,11865.550268,11898.627790,2450546
2021-11-18,11807.283450,11978.172934,11732.908740,11878.741504,1952089
2021-11-19,11893.258493,12256.580938,11853.552208,12120.094728,3115559
2021-11-22,12256.580938,12654.306658,12249.952176,12291.514514,4257268
2021-11-23,12276.467224,12707.336754,12276.467224,12570.983120,4578220
2021-11-24,12594.647800,13032.146092,12574.761514,12866.427042,5451235
2021-11-25,12945.972186,13166.047084,12901.228043,12966.057335,3975288
2021-11-26,13024.390440,13038.774854,12760.366850,12866.493330,3265557
2021-11-29,12992.373520,13191.236380,12933.244963,13158.092570,4239934
2021-11-30,13160.744075,13190.573504,12776.938755,12798.614807,3692487
2021-12-01,12926.085900,12992.042082,12720.726853,12813.330658,2625440
2021-12-02,12859.798280,12874.050118,12724.571535,12820.025708,2042182
2021-12-03,12806.768184,13182.088688,12800.470860,13071.123213,3581839
2021-12-06,13144.835046,13191.236380,12926.085900,13040.763483,3106388
2021-12-07,13129.854044,13177.117117,12904.409848,12964.996733,3697989
2021-12-08,13024.721879,13555.818290,12926.085900,13542.560766,6104807
2021-12-09,13621.708184,14032.558853,13555.818290,13831.243351,6423918
2021-12-10,13655.249720,13892.426824,13628.734672,13854.112580,4314822
2021-12-13,14278.353348,14450.701160,14039.717916,14041.043668,6580656
2021-12-14,14041.043668,14370.493140,13920.400200,14251.838300,4044941
2021-12-15,14199.802518,14350.938292,14086.251825,14152.406870,3007827
2021-12-16,14019.831630,14212.397166,13829.122147,14046.280390,3721136
2021-12-17,13923.714581,13973.430296,13496.159432,13593.602233,4840318
2021-12-20,13593.602233,13825.343753,13529.303242,13648.355808,3225769
2021-12-21,13555.818290,13715.770317,13342.571016,13510.742708,2628589
2021-12-22,13522.674480,13675.136006,13522.674480,13575.704576,1743079
2021-12-23,13608.848386,14052.975440,13423.243050,14052.975440,3909854
2021-12-24,14244.414087,14695.700204,14244.414087,14544.100417,5612959
2021-12-27,14371.156016,14371.156016,13999.945344,14131.327407,3755590
2021-12-28,14139.149346,14288.296491,14030.437649,14173.486333,2765070
2021-12-29,14251.838300,14280.010539,13529.303242,13529.303242,5404902
2021-12-30,13529.303242,13847.351243,13443.129336,13754.681150,3526136
2021-12-31,13721.537340,13741.291051,13443.129336,13588.962100,2966491
2022-01-04,13622.105910,13714.577140,13350.326668,13597.115477,3384262
2022-01-05,13555.818290,13688.393530,13376.841716,13416.614288,2839551
2022-01-06,13403.423052,13496.159432,12849.921425,13139.664612,5179475
2022-01-07,13091.804950,13183.812167,12855.290722,12873.055804,2981669
2022-01-10,12780.319424,13105.062474,12710.982573,13032.146092,2962670
2022-01-11,12912.828376,13025.517330,12801.266312,12863.444099,2227664
2022-01-12,12912.828376,13116.994246,12912.828376,13038.774854,2747410
2022-01-13,13024.324153,13045.337328,12366.353237,12444.771491,5674735
2022-01-14,12444.771491,12548.246466,12349.383606,12375.898654,2932164
2022-01-17,12382.527416,12450.803665,12166.032049,12340.169627,2735382
2022-01-18,12340.633640,12653.312344,12276.467224,12543.407470,3121577
2022-01-19,12720.594278,12720.594278,12520.935967,12674.192944,2637094
2022-01-20,12700.707992,13124.882472,12700.707992,13055.479334,3401391
2022-01-21,12992.373520,13214.370759,12932.780950,13158.026282,3081258
2022-01-24,12959.229710,13151.463808,12803.056077,12927.411652,2398580
2022-01-25,12879.684566,13032.146092,12800.139422,12879.684566,2551012
2022-01-26,12873.320954,13052.032378,12720.594278,12959.229710,2390513
2022-01-27,13264.219050,13329.247205,12939.343424,13025.517330,4266516
2022-01-28,12959.229710,13045.403616,12462.138848,12508.473894,4102011
2022-02-07,12601.210274,12684.533813,12263.209700,12382.262266,3515042
2022-02-08,12388.360727,12414.809487,11865.483980,12190.293318,4171306
2022-02-09,12190.889907,12647.677896,12110.549311,12568.000177,3388479
2022-02-10,12594.647800,12633.757496,12312.196251,12415.671226,2303183
2022-02-11,12309.611034,12599.884522,12203.550842,12263.010837,3374649
2022-02-14,12196.922080,12442.186274,12179.090710,12386.968687,2019587
2022-02-15,12387.830426,12667.564182,12322.868558,12532.470012,2710586
2022-02-16,12594.647800,12641.049134,12515.102656,12545.263523,1458685
2022-02-17,12598.691345,12670.745988,12468.701322,12508.407606,1821366
2022-02-18,12446.362394,12647.545321,12367.016113,12641.049134,1938549
2022-02-21,12594.647800,12640.386258,12388.824740,12442.119986,2081573
2022-02-22,12329.563608,12336.126082,11931.904175,11983.939957,5229881
2022-02-23,12007.405774,12157.149508,11932.301901,12110.814462,2811161
2022-02-24,11984.801696,12024.507980,11587.738852,11693.865332,6535925
2022-02-25,11766.052550,11986.657749,11766.052550,11925.540564,3897913
2022-02-28,11845.995420,11911.885314,11713.022454,11868.135485,2892303
2022-03-01,11945.029124,12353.162000,11945.029124,12319.421602,4737930
2022-03-02,12196.922080,12269.772174,12097.490650,12229.270439,2007448
2022-03-03,12235.368900,12264.866890,11891.999028,11931.771600,3154693
2022-03-04,11746.166264,11884.641102,11634.140186,11802.510741,3104703
2022-03-07,11667.946872,11719.651216,11294.084696,11315.296734,4915581
2022-03-08,11666.488545,11843.343915,11481.015784,11621.545538,5721546
2022-03-09,11693.799044,11964.915410,11408.828566,11793.760775,5643442
2022-03-10,11984.801696,12070.975602,11872.112742,11894.849396,3646178
2022-03-11,11706.393692,11779.310074,11388.743417,11726.346266,4772677
2022-03-14,11467.758260,11600.333500,11268.895400,11268.895400,4900661
2022-03-15,10937.457300,11169.463970,10625.905486,10625.905486,8905587
2022-03-16,10831.397108,11162.172332,10559.617866,11102.844912,7759281
2022-03-17,11401.470640,11633.477310,11346.186765,11402.464954,6835196
2022-03-18,11388.213116,11567.189690,11217.721357,11320.533456,3834868
2022-03-21,11427.985688,11438.923145,11235.817878,11297.399077,2787716
2022-03-22,11427.190237,11427.190237,11178.280223,11235.751590,2105404
2022-03-23,11302.039210,11732.908740,11249.009114,11614.850489,5806739
2022-03-24,11520.788356,11534.045880,11383.904421,11407.635389,2581532
2022-03-25,11348.440544,11494.273308,11169.463970,11202.607780,2970866
2022-03-28,10771.738250,11035.562978,10632.534248,11009.047930,5754164
2022-03-29,11013.688063,11212.550923,11013.688063,11050.146254,2593498
2022-03-30,11255.637876,11468.421136,11235.751590,11468.421136,4243343
2022-03-31,11401.470640,11524.765613,11327.228506,11394.841878,2517386
2022-04-01,11467.360534,11885.370266,11412.673248,11799.262648,4486191
2022-04-06,11620.219786,11857.065452,11620.219786,11699.764930,2781977
2022-04-07,11653.363596,11832.340170,11600.996376,11699.764930,2019571
2022-04-08,11719.651216,11856.866589,11709.973223,11825.711408,2294132
2022-04-11,11732.908740,11732.908740,11308.866835,11401.470640,4386359
2022-04-12,11461.129498,11852.027593,11321.925496,11812.453884,4162956
2022-04-13,11713.022454,11898.627790,11607.492563,11726.279978,3114766
2022-04-14,11852.226456,12169.744156,11800.522112,11991.430458,3764986
2022-04-15,11946.354876,12051.089316,11904.527388,11971.477884,2104113
2022-04-18,11806.686861,11918.514076,11719.651216,11870.919565,1979315
2022-04-19,11931.771600,12150.454458,11769.366931,11867.472609,2420476
2022-04-20,11942.974208,12064.346840,11724.158774,11911.885314,2415572
2022-04-21,11866.809732,11971.544172,11732.908740,11799.063785,2895261
2022-04-22,11686.507406,11851.431005,11667.814297,11752.795026,2789975
2022-04-25,11600.333500,11775.995693,11282.152924,11321.925496,5365802
2022-04-26,11290.969177,11593.572163,11268.895400,11484.197590,4456396
2022-04-27,11713.817905,11998.059220,11713.817905,11898.097489,5740244
2022-04-28,11885.370266,12230.065890,11842.283313,12163.778270,4401006
2022-04-29,12170.407032,12256.580938,12004.555407,12119.895866,3488527
2022-05-05,12130.634460,12395.784940,12123.873123,12177.035794,3366094
2022-05-06,12031.136742,12057.718078,11805.825122,11885.370266,2859618
2022-05-09,11799.196360,11799.196360,11520.788356,11613.591024,3035182
2022-05-10,11401.470640,11832.075020,11302.105498,11707.653157,4011919
2022-05-11,11633.477310,11855.408262,11613.591024,11719.651216,3031267
2022-05-12,11620.219786,11785.938836,11600.333500,11684.319915,2203823
2022-05-13,11799.196360,11918.116350,11706.393692,11787.529739,2073052
2022-05-16,11911.885314,11911.885314,11551.744675,11653.363596,2776531
2022-05-17,11732.113289,11766.052550,11633.477310,11719.651216,2014474
2022-05-18,11757.170009,11758.893487,11554.064741,11673.249882,2485044
2022-05-19,11567.189690,11646.734834,11527.417118,11640.106072,1977626
2022-05-20,11666.554832,11939.394676,11613.591024,11931.837888,4194960
2022-05-23,11931.771600,11957.557484,11746.166264,11805.825122,2215713
2022-05-24,11838.968932,11845.597694,11636.791691,11666.621120,2734222
2022-05-25,11701.554696,11746.166264,11580.447214,11636.857979,2238869
2022-05-26,11673.249882,11673.249882,11467.758260,11552.606414,2805344
2022-05-27,11666.554832,11799.196360,11620.286074,11634.537912,2511958
2022-05-30,11706.393692,11869.129799,11706.393692,11788.656628,3446569
2022-05-31,11764.527935,12030.540154,11712.889879,11958.485511,4075082
2022-06-01,11945.029124,12029.744702,11792.567598,11853.883647,2176001
2022-06-02,11852.027593,11903.930800,11799.196360,11838.968932,1691473
2022-06-06,11865.483980,11898.627790,11653.363596,11852.226456,3674126
2022-06-07,11826.639435,12097.490650,11734.963656,12050.426440,3504859
2022-06-08,12097.490650,12475.330084,12097.490650,12366.618387,4435381
2022-06-09,12409.042464,12517.422723,12256.580938,12283.095986,2632902
2022-06-10,12230.132178,12641.049134,12163.778270,12598.625057,4734462
2022-06-13,12528.360180,12541.617704,12250.482477,12302.982272,3675518
2022-06-14,12157.149508,12431.712830,12143.891984,12402.413702,2941623
2022-06-15,12395.784940,12627.791610,12349.317318,12429.591626,3366362
2022-06-16,12558.786198,12645.225254,12431.116241,12442.186274,2688670
2022-06-17,12449.411625,12939.343424,12449.411625,12932.714662,5054161
2022-06-20,12926.085900,13058.661140,12793.510660,12873.188379,3497478
2022-06-21,12919.457138,13038.708566,12780.253136,12897.847374,2371702
2022-06-22,12959.229710,12979.115996,12806.768184,12833.283232,1964665
2022-06-23,12877.695937,13025.782480,12859.798280,12973.150110,2684352
2022-06-24,13058.661140,13390.099240,13025.517330,13317.249146,3963465
2022-06-27,13389.701514,13588.564374,13259.512629,13327.457439,4011517
2022-06-28,13388.375762,13529.303242,13264.152762,13496.159432,2524571
2022-06-29,13443.129336,13535.932004,13330.506670,13456.386860,3036012
2022-06-30,13400.572000,13916.494022,13400.504997,13702.084870,3898243
2022-07-01,13769.087730,13854.650382,13502.483350,13595.215308,2159645
2022-07-04,13534.644723,13563.321947,13407.339289,13521.177148,2507589
2022-07-05,13569.955230,13765.402573,13467.574860,13621.748441,2632940
2022-07-06,13614.981152,13661.883154,13306.767996,13413.972572,3275166
2022-07-07,13434.073430,13463.219674,13300.134713,13333.569140,2093177
2022-07-08,13434.073430,13500.339259,13374.842902,13393.871714,1564389
2022-07-11,13334.909197,13365.529504,13068.907843,13156.681590,2394921
2022-07-12,13166.061990,13218.324221,12931.953997,13054.904245,2344686
2022-07-13,13032.056270,13212.963992,13003.044032,13125.123243,1985377
2022-07-14,13132.560560,13245.125365,13005.255126,13085.658558,2052724
2022-07-15,13032.793301,13398.427908,13028.773130,13062.207557,3341623
2022-07-18,13081.370375,13125.860274,12877.949692,13076.680175,2422072
2022-07-19,13032.056270,13076.613172,12904.750836,13019.325727,2195603
2022-07-20,13124.185203,13199.563420,13032.056270,13066.227729,1870461
2022-07-21,13019.325727,13105.089387,12961.770270,12991.854554,1406137
2022-07-22,13060.331477,13145.961132,12965.053410,13045.456842,2511357
2022-07-25,13062.274560,13080.968358,12938.252266,13029.711170,1691244
2022-07-26,13085.591555,13165.860981,13045.590848,13066.964760,2068510
2022-07-27,13011.955412,13052.157128,12844.448262,12861.869006,2148987
2022-07-28,12871.919435,12985.154268,12681.363301,12717.142828,3486986
2022-07-29,12697.711999,12857.781831,12583.807137,12720.090954,3703236
2022-08-01,12663.607543,12784.145688,12604.444017,12665.550626,2103741
2022-08-02,12596.537680,12650.005962,12449.198391,12596.403674,2822088
2022-08-03,12663.473537,12757.344544,12576.436822,12630.039110,2459842
2022-08-04,12663.540540,12885.320007,12597.408717,12837.814979,3035714
2022-08-05,12916.811351,12965.053410,12763.374801,12891.082253,2008584
2022-08-08,12832.052733,12950.848804,12780.862548,12807.797698,1679901
2022-08-09,12807.797698,12857.781831,12764.044830,12797.546260,1387461
2022-08-10,12797.412254,12851.148548,12493.219270,12569.736536,2792662
2022-08-11,12636.739396,12777.445402,12583.204111,12776.775373,2606149
2022-08-12,12776.775373,12931.551980,12730.543400,12918.151408,2025983
2022-08-15,12867.631252,12995.204697,12834.732847,12863.812089,1932314
2022-08-16,12890.948247,12956.946064,12837.747976,12850.076502,1483584
2022-08-17,12931.551980,12931.551980,12697.041970,12851.148548,1836063
2022-08-18,12784.145688,12818.183141,12603.706986,12700.392113,2316777
2022-08-19,12717.142828,12786.490788,12650.139968,12697.108973,1354417
2022-08-22,12630.106113,12777.445402,12605.784075,12690.207678,1542667
2022-08-23,12721.163000,12721.163000,12509.433962,12529.601823,2375636
2022-08-24,12529.467817,12564.577316,12402.229386,12423.670301,1872761
2022-08-25,12455.831674,12650.139968,12423.670301,12630.039110,2192534
2022-08-26,12730.543400,12810.946832,12636.739396,12717.142828,2314195
2022-08-29,12616.638538,12730.342391,12556.335964,12588.631343,1356962
2022-08-30,12612.283352,12630.039110,12423.670301,12529.534820,1823539
2022-08-31,12463.201989,12901.802710,12462.598963,12891.350264,4469151
2022-09-01,12811.951875,12837.747976,12602.500935,12602.500935,2684508
2022-09-02,12663.138523,12683.373387,12503.872725,12563.036250,1939132
2022-09-05,12480.220715,12522.834534,12194.520520,12295.024810,3682187
2022-09-06,12297.436913,12383.468585,12228.021950,12362.027670,2083004
2022-09-07,12295.225819,12312.847571,12134.284949,12181.186951,2830616
2022-09-08,12194.520520,12274.923952,12161.019090,12161.019090,1659057
2022-09-09,12228.021950,12408.929672,12167.719376,12360.620610,2708986
2022-09-13,12596.537680,12652.686077,12450.672454,12589.837394,2869309
2022-09-14,12489.400107,12596.537680,12482.632818,12522.834534,1604157
2022-09-15,12529.534820,12684.445432,12529.266809,12596.537680,2081021
2022-09-16,12541.595335,12634.059282,12429.767561,12455.831674,2412127
2022-09-19,12429.030530,12654.093137,12414.825924,12540.523289,1858351
2022-09-20,12529.400814,12627.358996,12452.816545,12583.137108,1411630
2022-09-21,12574.225728,12616.638538,12382.128528,12382.128528,2099454
2022-09-22,12328.526240,12335.360532,12173.414619,12199.947752,2270429
2022-09-23,12199.947752,12429.030530,12199.947752,12291.205647,2828769
2022-09-26,12194.520520,12650.139968,12194.386514,12482.632818,3513492
2022-09-27,12521.896494,12710.442542,12402.966417,12650.139968,2882019
2022-09-28,12599.887823,12726.523228,12556.402967,12616.638538,2144597
2022-09-29,12717.008822,12745.150023,12537.106143,12598.882780,2158966
2022-09-30,12721.297005,12743.876969,12502.733676,12546.285535,2128908
2022-10-10,12663.540540,12670.240826,11927.849137,11966.710796,4858413
2022-10-11,11986.811654,12100.716516,11792.503360,11926.442077,3204719
2022-10-12,11884.029267,11919.808794,11444.088488,11792.503360,4819500
2022-10-13,11527.574052,11624.996210,11370.385342,11390.419197,6396927
2022-10-14,11457.489060,11759.001930,11403.484755,11642.483956,4651970
2022-10-17,11564.693636,11578.027205,11375.745571,11514.441491,3354951
2022-10-18,11557.993350,11591.494780,11397.186486,11429.548867,2808277
2022-10-19,11403.752766,11403.752766,11042.071328,11042.071328,6012093
2022-10-20,10861.163606,11178.958171,10794.160746,11011.920041,4277807
2022-10-21,10988.469040,11040.731271,10787.460460,10881.264464,3890740
2022-10-24,10519.449020,10646.754454,9970.092571,10059.005366,13209804
2022-10-25,9912.537114,10150.933290,9862.820992,9914.748208,8136156
2022-10-26,9975.385797,10150.866287,9782.417560,9809.754727,8178083
2022-10-27,9916.423280,9969.891562,9272.190781,9387.100686,10710590
2022-10-28,9318.556760,9420.602116,9103.745591,9112.388960,9314275
2022-10-31,9045.386100,9259.862255,8931.481238,9045.386100,7184665
2022-11-01,9105.688674,9845.400248,9105.688674,9795.885135,11876648
2022-11-02,9782.417560,10090.630716,9621.610696,9862.552981,7977715
2022-11-03,9672.331861,9799.168275,9568.678437,9645.061697,4515970
2022-11-04,9634.743257,10236.495942,9634.743257,10161.452739,8000795
2022-11-07,10010.562298,10174.250285,9960.578165,10098.068033,4269835
2022-11-08,10104.031288,10170.967145,9842.452123,9949.120676,3932491
2022-11-09,9942.889410,9975.921820,9715.414700,9781.747531,3609016
2022-11-10,9675.212984,9949.924710,9615.915453,9882.921850,3771967
2022-11-11,10238.037008,10348.256713,10016.793564,10239.042051,7394715
2022-11-14,10341.891441,10476.098170,10238.037008,10271.538438,5737015
2022-11-15,10264.838152,10713.556305,10191.135006,10640.054168,5631760
2022-11-16,10593.152166,10707.057028,10506.048448,10621.628382,2684776
2022-11-17,10656.804883,10695.666542,10404.740124,10499.348162,3057988
2022-11-18,10559.650736,10613.253024,10425.645016,10500.219199,2360871
2022-11-21,10327.485826,10327.485826,10040.579580,10184.300714,3909600
2022-11-22,10167.281988,10450.704086,10158.370607,10318.105426,2990062
2022-11-23,10238.037008,10432.345302,10191.403017,10378.743014,2217746
2022-11-24,10445.745874,10511.944700,10144.098998,10184.367717,2768738
2022-11-25,10187.851866,10264.838152,10117.431860,10197.902295,1862104
2022-11-28,9948.450647,10150.933290,9722.114986,10116.627826,4772321
2022-11-29,10516.500894,10720.457600,10392.143586,10713.757314,7342013
2022-11-30,10634.157916,10747.258744,10619.953310,10713.757314,3149730
2022-12-01,11122.474760,11256.480480,10926.759406,10926.826409,5135768
2022-12-02,10954.967610,11075.505755,10862.503663,10947.463290,2388390
2022-12-05,11176.077048,11249.780194,11048.771614,11155.306161,3612746
2022-12-06,11088.973330,11570.723893,11068.872472,11310.082768,4414748
2022-12-07,11241.806854,11524.491920,11189.678629,11283.281624,3552626
2022-12-08,11269.881052,11356.984770,11155.976190,11303.516488,1972956
2022-12-09,11336.883912,11591.494780,11269.881052,11591.494780,3921526
2022-12-12,11496.752736,11832.705076,11490.990490,11651.931360,3475517
2022-12-13,11638.396782,11797.126557,11591.494780,11725.500500,2138546
2022-12-14,11678.598498,11931.869309,11678.598498,11865.335469,2909840
2022-12-15,12094.016230,12167.719376,11926.509080,11973.344079,3063444
2022-12-16,11881.282150,12000.212226,11678.598498,11972.540045,3330266
2022-12-19,12052.474457,12052.474457,11793.642409,11879.607078,2498710
2022-12-20,11828.215884,11828.215884,11272.896181,11490.990490,4619840
2022-12-21,11551.293064,11651.797354,11508.746248,11651.797354,2281614
2022-12-22,11770.392416,11946.609938,11691.999070,11846.105648,2317534
2022-12-23,11741.581186,11939.909652,11691.999070,11866.206506,1731921
2022-12-26,11866.206506,11866.206506,11625.130216,11672.300229,2138380
2022-12-27,11793.424940,11855.513455,11708.604565,11759.496790,1790505
2022-12-28,11846.895704,11854.495610,11589.923896,11759.496790,2143790
2022-12-29,11650.926710,11718.715154,11542.695912,11664.497970,2241780
2022-12-30,11779.853680,11895.141534,11718.783010,11718.783010,2533312
2023-01-03,11747.282656,11796.342761,11576.352636,11739.207756,2603380
2023-01-04,11739.139900,11798.174881,11644.141080,11705.279606,2041575
2023-01-05,11786.639310,12220.919630,11759.496790,12220.919630,4794285
2023-01-06,12255.662056,12294.882997,12125.920810,12239.715825,2490375
2023-01-09,12451.631050,12553.279787,12267.197627,12493.701956,3097723
2023-01-10,12479.180708,12651.807135,12421.095715,12583.611554,2273173
2023-01-11,12594.129280,12621.271800,12464.116609,12519.148069,2272031
2023-01-12,12539.844240,12594.129280,12438.059790,12444.845420,1719317
2023-01-13,12513.923133,12811.269440,12485.559200,12804.483810,3193965
2023-01-16,12797.698180,13130.194050,12763.770030,12980.231627,3684826
2023-01-17,12981.995891,13048.766490,12858.768850,12946.982040,2129923
2023-01-18,12987.695820,13064.373439,12824.840700,12845.197590,2106293
2023-01-19,12841.804775,12841.940488,12661.985580,12758.409382,2343889
2023-01-20,12819.344340,12880.822147,12607.700540,12621.339656,2560875
2023-01-30,12953.767670,12953.767670,12756.984400,12811.269440,3592255
2023-01-31,12868.947295,12892.357718,12438.534784,12524.644429,3299068
2023-02-01,12587.207937,12614.486170,12291.490182,12519.283781,3397389
2023-02-02,12542.422779,12614.486170,12390.560380,12459.163099,2975886
2023-02-03,12349.846600,12390.560380,12184.820078,12336.275340,3494490
2023-02-06,12078.421400,12180.205850,11942.708800,12180.205850,4266095
2023-02-07,12268.961890,12273.847544,12130.874320,12193.777110,2432171
2023-02-08,12214.201856,12254.644211,12044.493250,12105.563920,1667577
2023-02-09,12064.850140,12416.006493,12044.561106,12336.275340,2975366
2023-02-10,12282.668863,12339.600299,12221.258911,12281.990300,1798451
2023-02-13,12281.990300,12719.663435,12281.990300,12596.504251,3814670
2023-02-14,12597.250670,12603.629162,12451.631050,12511.276738,1956576
2023-02-15,12511.208881,12589.379339,12457.127410,12492.344830,1817691
2023-02-16,12494.651944,12804.483810,12404.131640,12633.621647,3324595
2023-02-17,12554.501201,12709.484990,12350.185881,12355.139391,2644283
2023-02-20,12356.632230,12748.841644,12330.846836,12723.056250,2966869
2023-02-21,12716.270620,12716.270620,12560.201130,12668.771210,1875052
2023-02-22,12587.411506,12647.735757,12429.917034,12458.416680,2186916
2023-02-23,12485.559200,12545.272744,12249.758557,12336.275340,2188097
2023-02-24,12282.736719,12283.279570,12093.214073,12132.706440,2463461
2023-02-27,12068.242955,12315.918450,12044.628963,12284.772408,2206489
2023-02-28,12343.060970,12363.485716,12100.813979,12307.368556,2395181
2023-03-01,12302.347190,12539.844240,12236.051585,12475.584324,2445810
2023-03-02,12410.917270,12478.705714,12357.310793,12404.131640,1314419
2023-03-03,12483.998505,12496.484064,12230.962362,12336.546765,1619806
2023-03-06,12337.496753,12339.668155,12192.216415,12262.583398,2064586
2023-03-07,12254.712067,12326.775458,12132.706440,12134.742129,2278539
2023-03-08,12078.557113,12118.728042,11950.308706,12013.415065,2276370
2023-03-09,11996.993840,12112.349550,11806.996200,12010.700813,2761150
2023-03-10,11885.505939,12085.207030,11874.852500,11874.852500,2116082
2023-03-13,11881.638130,12044.493250,11868.066870,11956.280060,2056043
2023-03-14,11968.358481,12077.607124,11796.817755,11983.422580,2370492
2023-03-15,12067.360823,12111.535274,11875.666776,11881.095280,1921253
2023-03-16,11806.996200,12010.565100,11800.278426,11888.355904,1764624
2023-03-17,12010.565100,12050.532461,11779.853680,11820.567460,2702291
2023-03-20,11881.638130,11908.780650,11725.568640,11736.425648,2049093
2023-03-21,11773.068050,12118.117335,11698.222551,12044.493250,3114182
2023-03-22,12078.421400,12166.634590,11980.369046,12033.296960,1533026
2023-03-23,11983.422580,12153.809749,11976.704806,12043.543262,1735566
2023-03-24,12004.322320,12102.849668,11983.422580,12069.057231,1276996
2023-03-27,12068.921518,12068.921518,11915.566280,11995.568858,1529555
2023-03-28,12010.565100,12146.277700,11976.772663,12090.635534,1726135
2023-03-29,12207.348370,12214.134000,12112.824544,12146.277700,1539299
2023-03-30,12166.634590,12248.062150,12071.635770,12214.134000,1925701
2023-03-31,12383.774750,12539.844240,12343.060970,12349.846600,2744633
2023-04-03,12383.774750,12402.570945,12214.676850,12228.180254,2141743
2023-04-04,12295.561560,12317.072007,12125.920810,12313.136342,2006626
2023-04-06,12248.062150,12322.025517,12134.199279,12193.505685,1487422
2023-04-07,12180.205850,12254.915636,12135.013554,12152.995474,1352468
2023-04-10,12152.249054,12152.249054,11834.138720,12022.100671,2941822
2023-04-11,12166.634590,12166.634590,11834.138720,11844.317165,2920919
2023-04-12,11856.259874,11874.852500,11486.850177,11495.535783,5110492
2023-04-13,11467.714700,11695.644012,11427.068776,11691.640490,2954268
2023-04-14,11711.997380,11759.496790,11568.142024,11626.634155,2123162
2023-04-17,11806.996200,11895.209390,11725.568640,11895.209390,3046723
2023-04-18,11895.209390,12003.779470,11847.845693,11929.137540,1831389
2023-04-19,11956.280060,11980.029765,11874.852500,11935.923170,1460056
2023-04-20,11943.455219,11976.636950,11732.354270,11819.753184,1988537
2023-04-21,11847.709980,11861.824090,11679.969206,11708.400996,1851787
2023-04-24,11678.069230,11684.854860,11542.356630,11569.499150,2023091
2023-04-25,11576.284780,11779.717967,11549.142260,11741.718439,2058251
2023-04-26,11834.138720,11949.494430,11671.283600,11833.528013,2789160
2023-04-27,11861.281240,12010.565100,11739.139900,11928.594690,2560504
2023-04-28,11963.133546,12097.217595,11901.791451,11946.237328,2622464
2023-05-04,12003.779470,12062.610882,11779.853680,11874.173937,2746642
2023-05-05,11983.422580,11983.422580,11782.500076,11874.852500,2071421
2023-05-08,11999.165242,12003.779470,11652.080267,11674.812128,3317126
2023-05-09,11637.355450,11806.860487,11583.545404,11684.854860,2937796
2023-05-10,11638.644720,11779.853680,11637.355450,11705.211750,2077260
2023-05-11,11745.925530,11773.068050,11637.355450,11651.401704,1524612
2023-05-12,11637.355450,11738.325624,11569.567006,11578.999032,1946045
2023-05-15,11549.142260,11650.926710,11475.857456,11646.176769,2574018
2023-05-16,11630.501964,11671.215744,11515.214110,11557.895723,2222377
2023-05-17,11589.856040,11623.784190,11528.853226,11542.356630,1677691
2023-05-18,11569.431294,11572.213402,11467.714700,11474.500330,1921928
2023-05-19,11338.787730,11564.952778,11233.949747,11532.178185,2674116
2023-05-22,11467.782556,11888.423760,11467.714700,11847.709980,4128432
2023-05-23,11901.927164,11901.995020,11702.158216,11702.158216,1689421
2023-05-24,11754.950418,11763.228886,11604.173719,11609.534367,1847927
2023-05-25,11576.216924,11603.427300,11467.714700,11542.356630,2246560
2023-05-26,11549.142260,11569.499150,11365.998106,11471.514653,1829110
2023-05-29,11515.214110,11524.374711,11386.287140,11460.929070,1777141
2023-05-30,11460.929070,11528.038951,11254.374493,11320.398673,2645340
2023-05-31,11270.999286,11302.959604,11037.980752,11053.112707,3695697
2023-06-01,10979.149340,11365.862394,10979.149340,11100.747830,2864525
2023-06-02,11162.361350,11353.376835,11102.037099,11336.073478,2505802
2023-06-05,11305.945281,11419.401014,11284.502690,11298.073950,1620050
2023-06-06,11332.002100,11427.000920,11206.807226,11311.577354,1991392
2023-06-07,11352.291134,11391.715644,11196.289500,11202.396567,1788964
2023-06-08,11235.849723,11365.930250,11196.357356,11318.430840,1470272
2023-06-09,11345.505504,11386.083571,11304.859580,11304.859580,1758041
2023-06-12,11304.995293,11589.856040,11274.459958,11508.428480,2702944
2023-06-13,11494.042944,11566.852754,11433.786550,11528.785370,1466254
2023-06-14,11664.497970,11767.910971,11577.709762,11717.968734,3150580
2023-06-15,11741.447014,11913.191309,11691.640490,11908.780650,2522257
2023-06-16,11922.351910,12214.134000,11875.531063,12198.459195,3791789
2023-06-19,12146.277700,12200.223459,11793.424940,11834.138720,3169992
2023-06-20,11806.996200,11976.636950,11773.068050,11830.474480,2094674
2023-06-21,11806.996200,11919.637658,11773.068050,11778.700123,1772061
2023-06-26,11672.030019,11739.139900,11501.642850,11596.641670,2399268
2023-06-27,11603.359444,11669.247911,11536.181707,11610.552212,1517446
2023-06-28,11625.005603,11766.282420,11610.212930,11728.147179,1857356
2023-06-29,11745.925530,11773.000194,11623.852046,11628.601987,1423116
2023-06-30,11712.656600,11774.595884,11619.506531,11650.648418,2045869
2023-07-03,11705.766802,11886.830693,11657.538216,11878.700732,1913909
2023-07-04,11879.389712,11949.941243,11837.224148,11923.484419,1247238
2023-07-05,11919.350540,11932.923442,11712.656600,11818.621693,1474539
2023-07-06,11775.767150,11940.019934,11712.656600,11733.188198,1514062
2023-07-07,11719.546398,11774.595884,11643.758620,11643.965314,1516742
2023-07-10,11747.105590,11815.727978,11712.656600,11718.857418,1347741
2023-07-11,11781.554580,11817.174836,11727.125176,11781.554580,1258270
2023-07-12,11802.499566,11871.121954,11790.718011,11807.735812,1328467
2023-07-13,11864.163258,12025.522327,11843.631660,11977.224843,2580654
2023-07-14,12098.485288,12115.709783,11996.516278,12077.815894,1855030
2023-07-17,12064.036298,12064.036298,11895.925227,11919.143846,1433648
2023-07-18,11944.016017,11950.423529,11857.342358,11869.743994,1473765
2023-07-19,11816.072468,11905.570944,11807.735812,11871.121954,1248322
2023-07-20,11905.502046,12050.118906,11864.232156,11878.011752,1669265
2023-07-21,11932.303360,12212.166955,11891.791348,12203.899197,3937740
2023-07-24,12060.729195,12202.865728,12060.729195,12202.865728,1971337
2023-07-25,12401.636400,12600.613766,12401.567502,12598.340133,4308646
2023-07-26,12598.340133,12649.600230,12505.534554,12598.340133,1961145
2023-07-27,12649.669128,12779.128432,12599.373603,12663.655418,2034043
2023-07-28,12622.109936,13090.616200,12594.619642,13069.946806,3901792
2023-07-31,13145.734584,13331.759130,12911.481452,12956.816323,4537861
2023-08-01,12939.109542,13138.500296,12938.282766,13014.828422,1923062
2023-08-02,12976.245553,13021.718220,12861.874906,12952.820240,1850872
2023-08-03,12883.922260,13021.718220,12749.571199,12942.278849,2154347
2023-08-04,13006.698460,13135.537683,12966.599836,13045.625819,2457364
2023-08-07,12959.365548,13076.836604,12891.018752,13007.456338,2389245
2023-08-08,12953.026934,13047.279371,12843.134656,13021.718220,1773618
2023-08-09,13021.718220,13125.065190,12973.214042,13023.647363,1852346
2023-08-10,12966.599836,13014.828422,12830.870815,12918.371250,1843619
2023-08-11,12987.269230,12990.025149,12635.062756,12635.889532,2678649
2023-08-14,12470.534380,12573.743554,12374.077208,12422.305794,2373119
2023-08-15,12463.644582,12525.652764,12408.595096,12491.065978,1481799
2023-08-16,12453.861069,12562.513183,12442.975188,12539.432360,1318431
2023-08-17,12443.526372,12635.889532,12412.315587,12594.895234,1729037
2023-08-18,12622.041038,12642.710432,12419.480977,12419.480977,1702334
2023-08-21,12353.407814,12498.024674,12333.220706,12339.628218,1891181
2023-08-22,12408.457300,12419.274283,12201.970054,12318.958824,2665036
2023-08-23,12380.967006,12401.636400,12195.493644,12222.501652,1991222
2023-08-24,12261.222317,12594.550744,12229.391450,12513.940107,2605509
2023-08-25,12462.197724,12661.864070,12443.044086,12573.743554,1883086
2023-08-28,13080.832687,13080.832687,12621.283160,12642.572636,4105213
2023-08-29,12594.550744,12877.583646,12594.550744,12755.289731,2895028
2023-08-30,12869.453684,12870.142664,12702.444981,12787.465088,1981181
2023-08-31,12815.024280,12815.024280,12684.187016,12725.456906,1482022
2023-09-01,12765.624428,12852.711475,12718.773802,12753.360588,1314519
2023-09-04,12832.937755,12952.406852,12770.447287,12856.363068,2387100
2023-09-05,12870.142664,12870.142664,12792.976926,12806.067543,1565874
2023-09-06,12801.244684,12860.910335,12739.305400,12821.914078,1112143
2023-09-07,12764.039775,12793.597008,12616.529200,12663.448724,1698157
2023-09-08,12642.365942,12642.365942,12504.638880,12529.097663,1221178
2023-09-11,12456.754784,12677.228320,12456.754784,12554.383222,1592600
2023-09-12,12584.905027,12587.523150,12512.010964,12539.156768,1216801
2023-09-13,12607.779156,12607.779156,12401.980890,12538.812278,1950143
2023-09-14,12556.863549,12587.523150,12442.975188,12530.406725,1750459
2023-09-15,12532.542562,12537.916604,12272.797177,12277.551138,2843146
2023-09-18,12238.417085,12604.885441,12215.611854,12602.818502,3255892
2023-09-19,12554.589916,12601.440542,12456.754784,12587.247558,1498950
2023-09-20,12553.211956,12608.330340,12525.997254,12566.991552,1250178
2023-09-21,12525.721662,12553.211956,12390.543825,12390.543825,1948919
2023-09-22,12440.425963,12745.850708,12349.342833,12739.236502,3439046
2023-09-25,12728.901805,12732.346704,12584.836129,12624.728059,1397913
2023-09-26,12594.550744,12641.952554,12491.892754,12511.873168,1576196
2023-09-27,12504.983370,12632.444633,12420.927834,12498.093572,2087994
2023-09-28,12573.743554,12573.743554,12386.478844,12391.646193,2053784
2023-10-09,12380.553618,12380.553618,12159.804490,12243.171046,2976268
2023-10-10,12283.751956,12394.608806,12181.162864,12194.942460,2028392
2023-10-11,12295.878001,12295.878001,12181.162864,12253.505743,2194486
2023-10-12,12387.167824,12389.441458,12244.549006,12305.179228,1486507
2023-10-13,12201.005482,12250.129742,11975.777986,12064.036298,2502788
2023-10-16,12063.898502,12098.485288,11867.332565,11918.661560,2078965
2023-10-17,11981.358722,11984.390233,11822.893368,11891.791348,1494523
2023-10-18,11842.184802,12002.028116,11831.023330,11905.570944,2031750
2023-10-19,11712.656600,11712.863294,11203.018242,11230.370740,7349237
2023-10-20,11230.370740,11402.615690,11135.636018,11333.717710,4537601
2023-10-23,11230.164046,11437.064680,11172.496437,11326.690116,2523423
2023-10-24,11354.387104,11391.316421,11169.809416,11319.593624,2986146
2023-10-25,11506.720538,11698.877004,11485.431062,11557.636145,3617898
2023-10-26,11485.293266,11629.979024,11450.913174,11521.326910,2238635
2023-10-27,11464.623872,11656.711440,11441.198559,11552.193205,3426239
2023-10-30,11499.072862,11636.042046,11499.072862,11581.750438,2408642
2023-10-31,11574.860640,11643.758620,11491.149594,11606.415915,1985877
2023-11-01,12746.126300,12746.126300,12221.054794,12270.661340,9314308
2023-11-02,12367.187410,12367.187410,12236.694636,12260.395541,2790764
2023-11-03,12263.840440,12504.225492,12222.501652,12479.077730,3017600
2023-11-06,12539.432360,12565.544694,12409.352974,12484.313976,2552392
2023-11-07,12436.085390,12470.534380,12291.950816,12340.799484,1958159
2023-11-08,12291.744122,12427.817632,12283.614160,12390.199335,1454567
2023-11-09,12333.496298,12394.746602,12284.509834,12361.055490,1280048
2023-11-10,12267.629829,12318.958824,12216.300834,12235.178880,1646557
2023-11-13,12210.651199,12297.462654,12105.237290,12153.603672,1836995
2023-11-14,12153.603672,12229.322552,12126.113378,12162.353715,1281675
2023-11-15,12256.950642,12283.751956,12174.273066,12215.129568,1843486
2023-11-16,12222.501652,12236.281248,12126.388970,12126.388970,1255757
2023-11-17,12070.926096,12119.154682,11973.779944,12080.709609,2171363
2023-11-20,12091.595490,12191.497561,11965.236595,12143.268975,1860804
2023-11-21,12287.403549,12387.856804,12195.631440,12332.738420,3009845
2023-11-22,12286.576773,12362.709041,12267.560931,12274.244035,1266457
2023-11-23,12252.127783,12318.958824,12201.832258,12305.179228,1154964
2023-11-24,12325.848622,12325.848622,12229.391450,12243.171046,1308540
2023-11-27,12217.678793,12217.678793,12091.595490,12146.713874,1626074
2023-11-28,12132.934278,12221.674876,12112.264884,12188.328254,1451976
2023-11-29,12181.162864,12236.281248,12112.264884,12227.393409,1714933
2023-11-30,12241.241903,12365.533858,12202.383442,12343.073117,2135342
2023-12-01,12327.984459,12330.671481,12043.366904,12127.973623,3305131
2023-12-04,12127.973623,12138.652810,12024.626653,12062.038257,1844047
2023-12-05,12048.740946,12049.429926,11767.912780,11774.664782,2990301
2023-12-06,11730.776769,11846.800967,11720.442072,11733.325994,2385129
2023-12-07,11740.215792,11775.215966,11625.156165,11712.656600,2504150
2023-12-08,11712.656600,11773.562414,11659.053972,11746.554406,2628801
2023-12-11,11643.758620,11740.215792,11416.395286,11698.877004,3683098
2023-12-12,11627.223105,11781.485682,11602.419832,11781.485682,2101066
2023-12-13,11748.621346,11752.066245,11416.946470,11437.064680,3878870
2023-12-14,11478.127876,11505.066986,11264.957526,11271.020548,4067215
2023-12-15,11355.971758,11559.496390,11326.896810,11333.717710,3709251
2023-12-18,11299.268720,11460.007707,11264.819730,11450.844276,1989734
2023-12-19,11471.513670,11573.964966,11334.337792,11540.411650,2220676
2023-12-20,11555.117638,11569.056260,11450.577973,11497.899595,2309203
2023-12-21,11429.739733,11654.918172,11429.739733,11638.749370,2901168
2023-12-22,11636.658577,11702.170100,11555.187331,11643.279422,2166684
2023-12-25,11645.718681,11698.685445,11624.810748,11652.687992,1247106
2023-12-26,11656.172647,11672.898994,11551.632982,11638.749370,1477126
2023-12-27,11624.810748,11688.579944,11576.025571,11618.259596,1605550
2023-12-28,11645.648988,12042.899715,11618.259596,12021.991782,3833806
2023-12-29,11987.214920,12193.367139,11987.214920,12029.030786,2753868
2024-01-02,11952.368365,11974.600467,11695.200789,11743.358728,3215644
2024-01-03,11716.178415,11814.515393,11682.865109,11806.012834,2022929
2024-01-04,11799.043523,11799.043523,11589.476341,11631.780059,2155107
2024-01-05,11578.325444,11699.103603,11514.068396,11592.473145,2024286
2024-01-08,11576.025571,11582.994882,11429.739733,11457.477591,2558620
2024-01-09,11436.709044,11515.531952,11395.311337,11436.639351,2441204
2024-01-10,11437.336282,11565.292832,11415.731418,11440.124007,1735067
2024-01-11,11430.366971,11554.699479,11416.149577,11475.458413,1644055
2024-01-12,11429.460961,11508.144482,11425.488453,11450.996132,1160324
2024-01-15,11394.823485,11534.000626,11390.990364,11429.670040,1785403
2024-01-16,11419.216073,11478.455217,11324.712216,11425.697533,2590314
2024-01-17,11359.976930,11398.168754,10990.603447,10990.603447,5163276
2024-01-18,10969.695514,11240.104781,10841.111726,11226.654011,6043981
2024-01-19,11212.715389,11415.801111,11157.030594,11394.823485,4637843
2024-01-22,11353.007619,11450.577973,11282.478192,11443.608662,4694589
2024-01-23,11373.985245,11429.321574,11213.621399,11283.314509,3483490
2024-01-24,11353.007619,11386.739084,11175.708347,11332.099686,3321635
2024-01-25,11337.814521,11436.639351,11304.222442,11415.731418,3120580
2024-01-26,11362.485882,11458.244215,11311.191753,11410.992287,2695475
2024-01-29,11431.760833,11573.098460,11431.691140,11499.363150,3142068
2024-01-30,11499.223764,11499.223764,11220.590710,11241.498643,3086633
2024-01-31,11241.498643,11290.074741,11137.864988,11185.116917,2964912
2024-02-01,11189.228811,11317.394440,11157.866911,11220.799789,2648515
2024-02-02,11255.437265,11344.505060,11018.480691,11123.020356,3938202
2024-02-05,11123.020356,11411.828604,11117.793373,11360.046623,5313036
2024-02-06,11360.046623,11746.634304,11332.796617,11680.565236,5247204
2024-02-07,11715.620870,11949.510947,11580.276851,11924.421428,5260107
2024-02-08,11987.284613,12022.061475,11743.289035,11889.644566,4675654
2024-02-19,12111.756508,12112.174666,11764.196968,11815.978949,3697744
2024-02-20,11829.429719,11829.429719,11545.081830,11638.749370,3447007
2024-02-21,11611.011512,12063.877341,11582.994882,11970.906732,4615407
2024-02-22,11900.098533,12008.192546,11851.522435,11975.924636,2279361
2024-02-23,11925.257745,12017.740502,11847.968086,11946.026292,2730589
2024-02-26,11903.583188,11908.740478,11743.428421,11812.842759,2731832
2024-02-27,11729.350413,11798.485978,11694.503858,11774.650934,2207985
2024-02-28,11770.608734,11823.923963,11666.696307,11719.244912,3186731
2024-02-29,11719.244912,11823.436111,11702.867031,11812.982145,2475833
2024-03-01,11778.135590,11812.773066,11685.304367,11743.707194,2686796
2024-03-04,11701.473169,11715.342098,11639.097836,11682.656029,2648477
2024-03-05,11644.394512,11826.920767,11615.611257,11813.679076,3623837
2024-03-06,11785.104901,11812.982145,11694.643244,11712.275601,2214248
2024-03-07,11708.442480,11776.741728,11694.503858,11733.741079,2159912
2024-03-08,11712.345294,11754.997477,11639.097836,11648.715485,2215623
2024-03-11,11673.595925,11840.023072,11660.911779,11809.427796,2989509
2024-03-12,11805.594675,12190.021870,11781.620246,12161.447695,5422654
2024-03-13,12126.392061,12182.355628,11987.911851,12039.136287,2649954
2024-03-14,11980.245609,12090.639495,11927.975776,11963.728342,1940479
2024-03-15,11934.945088,12073.634376,11931.460432,11969.721949,1783358
2024-03-18,11952.368365,11986.169523,11840.859389,11905.395209,2605501
2024-03-19,11868.736633,11986.796761,11799.810147,11903.722574,2394753
2024-03-20,11871.245585,11943.168874,11849.431642,11914.734086,1524925
2024-03-21,11904.280119,11980.245609,11879.190599,11910.552499,1659597
2024-03-22,11882.884334,11910.482806,11764.196968,11857.237270,2545614
2024-03-25,11837.653506,11839.256447,11712.484680,11771.235972,2447285
2024-03-26,11760.433540,11937.035881,11760.433540,11912.573599,2806907
2024-03-27,11882.675255,11931.460432,11840.859389,11854.798011,1811258
2024-03-28,11812.982145,11973.276298,11800.437385,11859.258370,2464218
2024-03-29,11859.258370,11924.421428,11834.587009,11868.039702,1345655
2024-04-01,11917.452117,12084.785274,11908.461706,11996.484104,2713137
2024-04-02,12001.153542,12021.991782,11883.023721,11945.329361,2544925
2024-04-03,12084.785274,12122.698326,11917.661196,11953.134989,2904580
2024-04-08,11812.982145,11819.951456,11587.176469,11615.471871,5916659
2024-04-09,11573.725698,11659.657303,11558.253828,11584.528130,2558982
2024-04-10,11584.876596,11603.833122,11464.516595,11485.285142,2763050
2024-04-11,11430.436664,11499.363150,11392.662999,11485.424528,2276624
2024-04-12,11506.332461,11596.933504,11388.063253,11388.063253,2674433
2024-04-15,11394.893178,11677.847205,11394.684099,11659.517917,3581771
2024-04-16,11607.317777,11705.375983,11562.086949,11638.749370,2626623
2024-04-17,11624.810748,11674.989787,11555.117638,11617.841437,2481911
2024-04-18,11562.156642,11729.211027,11556.372114,11644.185433,2656841
2024-04-19,11574.492323,11628.295404,11438.590758,11475.946265,2349992
2024-04-22,11527.240394,11700.636852,11464.516595,11674.014084,2995139
2024-04-23,11673.595925,11812.982145,11673.595925,11794.025619,2497995
2024-04-24,11826.781381,11847.201462,11731.650286,11803.225110,1708643
2024-04-25,11780.435463,11817.163732,11724.123430,11799.322295,1447648
2024-04-26,11806.012834,11945.399054,11805.873448,11913.549303,3099592
2024-04-29,11826.572301,12042.969408,11804.758358,11875.705944,4133223
2024-04-30,11882.744948,12056.071713,11882.675255,11882.675255,3075989
2024-05-06,12084.576195,12300.833915,12036.000097,12267.381222,5990949
2024-05-07,12306.339671,12390.041096,12242.849247,12335.680470,2492452
2024-05-08,12333.519984,12335.471391,12235.810243,12293.655525,1476909
2024-05-09,12252.048738,12300.694529,12196.294250,12238.110116,2238734
2024-05-10,12273.653602,12320.905531,12084.715581,12119.492443,2620661
2024-05-13,12070.986038,12075.446397,11856.331259,11889.644566,3766212
2024-05-14,11889.574873,11940.311457,11847.898393,11861.627936,2127417
2024-05-15,11865.809522,11903.583188,11838.001971,11847.828700,1573876
2024-05-16,11882.675255,11916.685493,11778.135590,11879.190599,2967954
2024-05-17,11847.898393,11963.379876,11847.828700,11952.368365,2892388
2024-05-20,11973.206605,12077.746270,11904.349812,11910.552499,3142572
2024-05-21,11903.583188,11915.640096,11835.005168,11882.675255,1629339
2024-05-22,11868.736633,11917.243038,11785.104901,11831.868978,2028568
2024-05-23,11847.828700,11892.292904,11778.693135,11792.143905,1888497
2024-05-24,11799.043523,11812.982145,11687.534547,11688.092092,2021663
2024-05-27,11694.503858,11760.363847,11624.880441,11639.585687,2509791
2024-05-28,11641.537094,11674.780708,11589.964193,11601.393863,2352087
2024-05-29,11610.872126,11708.442480,11603.902815,11666.626614,1965128
2024-05-30,11673.595925,11676.244263,11492.393839,11492.393839,3220792
2024-05-31,11502.847805,11593.448849,11488.560718,11488.560718,2185665
2024-06-03,11499.363150,11505.774916,11395.590109,11425.418760,3026105
2024-06-04,11433.154695,11541.179016,11405.625917,11521.664945,2084108
2024-06-05,11513.301772,11559.856769,11450.787052,11457.547284,1905557
2024-06-06,11455.177718,11513.232079,11401.165558,11428.345871,2561005
2024-06-07,11472.391916,11472.740382,11283.384202,11284.568985,3352455
2024-06-11,11171.735840,11185.744155,10920.910337,10934.848959,7024676
2024-06-12,10941.818270,11081.204490,10941.818270,10953.526712,3317050
2024-06-13,10989.000505,10989.836823,10824.385380,10837.348298,3618597
2024-06-14,10837.278605,10899.723632,10596.558603,10837.278605,5951416
2024-06-17,10679.005552,10793.859797,10530.698614,10743.192907,4831816
2024-06-18,10669.248517,10834.072722,10570.214607,10603.806687,4125825
2024-06-19,10656.234985,10698.988256,10543.198467,10677.647189,4126153
2024-06-20,10670.533500,10784.423661,10656.306122,10671.244869,2471068
2024-06-21,10674.090345,10705.959671,10458.687842,10464.236519,4331997
2024-06-24,10122.779447,10592.211784,10058.827383,10503.717493,6383993
2024-06-25,10506.918653,10691.803430,10506.918653,10575.565752,4209795
2024-06-26,10528.259720,10678.145147,10512.609604,10593.847933,2956977
2024-06-27,10613.623988,10627.637955,10442.895452,10602.882318,3282178
2024-06-28,10528.259720,10631.337074,10414.440696,10438.556102,3858202
2024-07-01,10449.155498,10478.392760,10158.347892,10246.415362,3216138
2024-07-02,10193.916337,10656.306122,10193.916337,10604.376192,5185298
2024-07-03,10663.419811,10763.082594,10585.311506,10670.533500,3157326
2024-07-04,10706.101945,10755.897768,10536.298189,10569.092295,2437973
2024-07-05,10521.146031,10622.018141,10314.849050,10336.190117,3882938
2024-07-08,10265.053227,10370.122414,10095.320607,10101.438380,3952705
2024-07-09,10101.438380,10349.634989,10031.012859,10229.698193,3362071
2024-07-10,10238.376893,10427.814431,10208.143715,10226.568170,2376322
2024-07-11,10314.635639,10450.009141,10245.206035,10400.853550,2902014
2024-07-12,10478.535034,10573.787330,10424.755545,10519.865567,2338634
2024-07-15,10457.122830,10585.169232,10457.122830,10491.979906,1917626
2024-07-16,10499.804964,10542.487098,10421.910069,10499.804964,2031644
2024-07-17,10500.516333,10691.874567,10457.265104,10680.492665,3431101
2024-07-18,10666.976656,10777.238835,10617.394243,10652.820414,2887039
2024-07-19,10605.158698,10878.110945,10556.785613,10852.786212,3894291
2024-07-22,10848.589136,10883.801896,10611.134197,10663.419811,2854321
2024-07-23,10663.419811,10677.647189,10350.417495,10350.417495,3094396
2024-07-24,10316.271788,10412.306589,10208.143715,10243.854434,2412255
2024-07-25,10243.854434,10300.621672,10101.509517,10176.060978,2834656
2024-07-26,10176.060978,10227.492949,10036.703810,10117.017359,3235379
2024-07-29,10065.869935,10115.594621,9944.937222,9945.079496,3086907
2024-07-30,9859.430680,9889.948406,9683.864836,9816.819683,5177904
2024-07-31,9767.806366,10153.154899,9767.806366,10110.543902,4327232
2024-08-01,10087.211002,10101.438380,9850.325158,9860.711144,3203810
2024-08-02,9771.363210,9937.610122,9771.363210,9855.660425,2192769
2024-08-05,9880.060378,10144.120514,9856.158383,10030.372627,3773607
2024-08-06,10115.665758,10129.893136,9916.553603,9992.598938,2744433
2024-08-07,9998.289889,10115.594621,9947.071329,10069.426779,2062221
2024-08-08,10037.415179,10301.902136,10023.187801,10177.483715,2513082
2024-08-09,10386.199351,10450.009141,10220.948355,10220.948355,3013849
2024-08-12,10172.575270,10265.053227,10148.246454,10215.968773,1363203
2024-08-13,10193.916337,10208.143715,10044.600005,10122.850584,1630843
2024-08-14,10122.850584,10136.295456,10044.671142,10053.776664,1341431
2024-08-15,9994.946456,10215.186267,9987.263672,10150.451697,2303897
2024-08-16,10149.740328,10214.688309,10080.168450,10181.111697,1645470
2024-08-19,10186.802648,10378.018608,10137.006825,10140.136848,2043279
2024-08-20,10171.863901,10172.077312,10058.756246,10120.787614,1859138
2024-08-21,10101.438380,10158.205618,10070.778380,10084.223253,1509165
2024-08-22,10072.983624,10101.438380,9959.235737,10030.657174,1952729
2024-08-23,10016.074112,10126.336291,10002.700377,10065.798798,1532046
2024-08-26,10080.097313,10128.897220,9981.572720,10044.528868,1562841
2024-08-27,10044.528868,10051.642557,9967.060795,9988.117314,1365740
2024-08-28,9988.117314,10001.846734,9781.322375,9880.914021,3166351
2024-08-29,9816.890820,10087.211002,9816.890820,10053.776664,2747161
2024-08-30,10051.642557,10372.256520,9994.733045,10266.404828,3873923
2024-09-02,10172.575270,10229.484782,9923.596155,9923.596155,3413459
2024-09-03,9944.937222,10065.727661,9909.511051,10030.301490,1788760
2024-09-04,9973.391978,10095.676292,9957.315041,9959.164600,1421109
2024-09-05,9962.721445,10008.960423,9937.823533,9993.879402,1450295
2024-09-06,9994.733045,10001.846734,9944.937222,9944.937222,1032104
2024-09-09,9816.961957,9914.419496,9746.323025,9781.322375,2863755
2024-09-10,9745.896204,9909.368777,9745.896204,9802.663442,1980284
2024-09-11,9785.590588,9858.719311,9710.185485,9816.890820,2099577
2024-09-12,9816.890820,9852.459265,9496.134583,9497.201636,4794831
2024-09-13,9468.320059,9475.433748,9228.588740,9277.175236,5600511
2024-09-18,9247.795700,9247.866837,9010.625309,9012.332594,4618531
2024-09-19,8977.475518,9197.146234,8862.447167,8970.361829,5998821
2024-09-20,8973.918674,9062.128417,8892.324661,8991.133801,3998184
2024-09-23,9020.157652,9201.556721,8967.943175,8974.203221,4554969
2024-09-24,9141.730597,9767.094997,8999.456817,9764.249521,10041281
2024-09-25,9959.520284,10151.234203,9935.760563,9952.050911,7395380
2024-09-26,9958.880052,10883.019390,9930.709844,10876.830481,9727806
2024-09-27,11381.902400,11589.622119,11135.484213,11589.622119,8792167
2024-09-30,12036.361788,12519.238997,11751.814228,12434.728372,15729341
2024-10-08,13587.145990,13587.145990,11952.277984,12256.886147,19470947
2024-10-09,12093.271300,12093.271300,11310.765510,11347.401008,12019684
2024-10-10,11540.253117,11866.202347,11317.879199,11666.449960,7460342
2024-10-11,11491.453211,11666.165412,11310.765510,11417.399708,4191471
2024-10-14,11474.380357,11528.657804,11247.951636,11396.058641,4481202
2024-10-15,11374.788711,11388.944952,11047.630154,11056.451128,4357143
2024-10-16,10961.341106,11024.795212,10741.670390,10830.591502,4666440
2024-10-17,10933.739993,10938.435028,10623.654289,10632.119579,3945955
2024-10-18,10620.737677,11153.126162,10520.861483,10962.194749,6861930
2024-10-21,10963.688624,11026.004539,10821.414844,10875.407743,4200790
2024-10-22,10859.473080,11098.635304,10842.684774,10976.422127,3626913
2024-10-23,10984.318322,11217.931869,10898.171548,11150.707507,4008846
2024-10-24,11104.468529,11204.060175,10990.720642,11041.868066,2392280
2024-10-25,11004.876883,11202.566300,10997.834331,11089.174098,2774508
2024-10-28,11097.354840,11132.923285,10828.670806,11132.923285,3912140
2024-10-29,11097.354840,11239.628620,10883.944170,10895.468346,4116578
2024-10-30,10848.375725,11034.683240,10837.064959,10898.171548,3200574
2024-10-31,10899.238601,10955.081060,10812.807280,10868.222917,2995735
2024-11-01,10819.920969,10991.574285,10818.498231,10910.620504,3228392
2024-11-04,10990.151547,11026.217950,10870.143613,11013.413310,2909292
2024-11-05,10955.081060,11223.267135,10926.697441,11218.216416,4564047
2024-11-06,11204.060175,11303.580684,11106.033541,11175.605419,3763143
2024-11-07,11114.854515,11762.484761,11113.716325,11731.469077,7473872
2024-11-08,11815.054923,11859.302069,11389.087226,11452.825879,6077120
2024-11-11,11310.765510,11452.683606,11148.502264,11367.746159,4385365
2024-11-12,11303.651821,11545.517247,11196.590802,11219.710291,4922266
2024-11-13,11154.264352,11287.005789,11106.460362,11228.958087,2912526
2024-11-14,11168.491730,11342.421426,11137.547183,11195.523748,2924814
2024-11-15,11161.378041,11266.660638,11047.559017,11090.241151,3376112
2024-11-18,11111.582218,11211.102727,11061.786395,11090.241151,2709219
2024-11-19,11132.923285,11164.010106,10848.375725,10968.739343,3326643
2024-11-20,10976.422127,11054.459295,10893.191966,10989.297904,2134455
2024-11-21,10982.611036,11019.033124,10898.171548,10991.574285,1826179
2024-11-22,10963.261802,11010.354424,10726.162548,10726.162548,3343611
2024-11-25,10748.784079,10898.171548,10646.844916,10660.360925,3318556
2024-11-26,10660.360925,10804.839948,10591.429278,10734.556701,2574479
2024-11-27,10734.556701,10828.101711,10706.101945,10806.049275,2593417
2024-11-28,10827.034658,10848.304588,10684.760878,10798.579902,2395203
2024-11-29,10791.466213,11061.786395,10764.505332,10853.639855,3608810
2024-12-02,10855.489414,10883.873033,10777.950204,10848.375725,2681954
2024-12-03,10841.262036,10876.119112,10784.921619,10860.753544,2480662
2024-12-04,10813.305238,10838.843382,10741.670390,10812.807280,2392389
2024-12-05,10747.788163,10797.583986,10741.670390,10748.784079,1614147
2024-12-06,10763.011457,10947.256002,10727.940970,10819.992106,3203969
2024-12-09,10827.176932,10881.952337,10764.434195,10804.270853,1979986
2024-12-10,11168.491730,11237.707924,10991.929969,11001.960271,6031210
2024-12-11,10955.081060,11061.786395,10890.915585,10923.780828,2967112
2024-12-12,10898.313822,11140.036974,10876.830481,11138.614236,4193652
2024-12-13,11026.289087,11061.715258,10804.839948,10805.693591,4951197
2024-12-16,10819.920969,10876.830481,10746.721109,10864.025841,3253710
2024-12-17,10855.418277,11161.378041,10819.992106,11083.127462,5417163
2024-12-18,11082.914051,11218.287553,11005.588252,11179.162264,4116226
2024-12-19,11133.919201,11153.766394,11028.565467,11033.402776,2480932
2024-12-20,11062.302478,11139.392449,10982.033539,10996.338894,2815774
2024-12-23,11003.563821,11111.937726,10960.214259,11028.489819,2160269
2024-12-24,11018.013675,11155.287288,10993.376674,11117.862166,2210492
2024-12-25,11117.717668,11117.717668,11025.961095,11054.138310,1712339
2024-12-26,11083.038018,11117.573169,11003.563821,11038.171221,1828651
2024-12-27,11046.190890,11097.487872,10978.276577,11046.696635,2075932
2024-12-30,11082.821270,11154.998291,11018.013675,11018.013675,2512982
2024-12-31,11020.903646,11162.512215,10996.411143,11010.788748,3935445
2025-01-02,11010.788748,11014.328962,10692.891960,10750.691376,5002870
2025-01-03,10797.653401,10801.193616,10599.040158,10656.767325,3262836
2025-01-06,10497.818931,10567.611726,10351.875406,10403.894880,4425512
2025-01-07,10437.563040,10489.799262,10396.669953,10405.339865,2422118
2025-01-08,10403.894880,10489.293517,10307.514354,10421.957197,3525821
2025-01-09,10468.846974,10581.483586,10353.175892,10432.794588,2970565
2025-01-10,10455.191862,10490.232758,10374.995172,10374.995172,2187195
2025-01-13,10295.520975,10435.973556,10273.918443,10432.650089,2108251
2025-01-14,10439.658269,10683.355056,10418.344734,10638.705008,3095657
2025-01-15,10598.967909,10653.877354,10548.465669,10629.818347,1839934
2025-01-16,10649.542398,10712.110266,10418.344734,10449.989914,2634213
2025-01-17,10450.062164,10555.618347,10449.989914,10510.462553,1830894
2025-01-20,10555.618347,10763.623995,10548.393420,10655.322340,3140975
2025-01-21,10700.116887,10707.341814,10584.518055,10607.276575,1685604
2025-01-22,10572.018931,10605.831590,10389.445026,10411.119807,2829384
2025-01-23,10475.927402,10606.192836,10389.445026,10425.569661,2712504
2025-01-24,10418.344734,10460.177061,10333.885337,10374.995172,3136034
2025-01-27,10382.220099,10432.577840,10310.115328,10367.697996,2935646
2025-02-05,10403.894880,10425.569661,10130.864889,10142.352523,4075652
2025-02-06,10114.970049,10273.773945,10114.970049,10207.665863,2735582
2025-02-07,10213.734801,10423.257684,10139.534801,10374.995172,3724207
2025-02-10,10389.445026,10403.894880,10310.621072,10342.555250,2083979
2025-02-11,10367.408999,10374.706175,10229.774139,10244.946486,2357283
2025-02-12,10244.946486,10440.019515,10236.854568,10425.569661,2547579
2025-02-13,10425.714160,10658.573557,10364.230031,10584.951551,4338536
2025-02-14,10584.951551,10671.217179,10535.533050,10656.767325,2709992
2025-02-17,10700.116887,10801.121366,10599.690402,10632.347072,3247059
2025-02-18,10620.642690,10786.743762,10563.421268,10656.767325,2779992
2025-02-19,10657.128571,10797.219906,10583.795562,10772.366157,3239331
2025-02-20,10714.566741,10779.374336,10645.135193,10649.542398,2374973
2025-02-21,10692.891960,10813.764989,10642.389720,10752.208611,3641783
2025-02-24,10750.691376,10833.922535,10649.542398,10686.172778,3474373
2025-02-25,10620.714939,10645.135193,10490.594004,10505.043858,2838743
2025-02-26,10515.520002,10584.229058,10440.019515,10548.465669,2636609
2025-02-27,10548.537919,10764.418737,10505.043858,10733.062554,4976217
2025-02-28,10732.629059,11042.433928,10707.341814,10843.098192,5612895
2025-03-03,10856.175310,10989.041718,10703.729350,10743.610948,3159566
2025-03-04,10729.016595,10736.241522,10586.035290,10621.437432,2521121
2025-03-05,10635.092544,10649.542398,10549.115913,10594.416205,2460522
2025-03-06,10649.542398,10911.084755,10635.670538,10880.595563,4216764
2025-03-07,10859.065281,11042.289430,10859.065281,10989.113967,3799135
2025-03-10,10980.516304,11031.596538,10881.751552,11002.841328,3136907
2025-03-11,10960.214259,11189.099946,10924.089624,11189.099946,3977560
2025-03-12,11176.673072,11196.324873,11027.767326,11145.027892,2960396
2025-03-13,11155.287288,11238.373949,11060.496246,11110.275993,2572439
2025-03-14,11181.730521,11762.253405,11133.612507,11762.253405,9291315
2025-03-17,11971.704039,11978.856717,11754.089238,11833.418936,5468913
2025-03-18,11885.293912,11935.579404,11716.664116,11733.281448,3161345
2025-03-19,11735.376677,11906.679696,11726.056521,11817.885343,2738955
2025-03-20,11817.885343,11831.540455,11524.264310,11588.782908,3673677
2025-03-21,11552.658273,11648.027309,11334.682225,11370.228866,3361430
2025-03-24,11343.135390,11485.177455,11288.081446,11437.059441,2556585
2025-03-25,11473.184076,11507.863726,11319.004134,11382.872488,1767438
2025-03-26,11363.148438,11434.024972,11350.360317,11386.484952,1432356
2025-03-27,11386.484952,11547.239578,11367.555643,11480.409003,1795563
2025-03-28,11494.353112,11509.308711,11386.484952,11453.026530,1622789
2025-03-31,11422.465088,11465.670152,11271.319616,11278.111047,2108494
2025-04-01,11299.785828,11342.340648,11214.603939,11242.130911,1855644
2025-04-02,11256.436266,11327.240551,11166.124679,11191.556422,2167401
2025-04-03,11054.138310,11458.734222,11046.985632,11335.043472,3548050
2025-04-07,10981.961289,11103.629060,10562.843274,10837.390500,10195267
2025-04-08,10931.314551,11162.512215,10801.265865,11162.512215,7387649
2025-04-09,11018.158174,11247.766354,10985.862750,11133.901504,5563004
2025-04-10,11205.789528,11234.761485,11039.688456,11191.411923,3862021
2025-04-11,11415.167912,11415.167912,11162.512215,11335.765964,3263423
2025-04-14,11277.894299,11314.235682,11209.690988,11213.014455,2171144
2025-04-15,11213.086704,11307.010755,11162.512215,11256.436266,2148928
2025-04-16,11213.086704,11386.484952,11104.712799,11264.889431,3115605
2025-04-17,11227.536558,11390.097416,11198.564601,11343.135390,2384605
2025-04-18,11314.235682,11379.260025,11241.986412,11313.802186,2029848
2025-04-21,11310.623219,11310.623219,11205.861777,11205.861777,1805703
2025-04-22,11198.636850,11244.153890,11149.579596,11189.966938,1843214
2025-04-23,11263.661193,11265.250677,11162.512215,11213.086704,1866876
2025-04-24,11213.086704,11275.799070,11191.267424,11214.892936,1487181
2025-04-25,11249.933832,11279.556032,11198.636850,11198.636850,1476490
2025-04-28,11213.086704,11234.761485,11174.072098,11198.636850,1465972
2025-04-29,11198.636850,11216.988165,11068.732663,11155.287288,1892180
2025-04-30,11198.564601,11319.004134,11171.904620,11176.962069,2575425
2025-05-06,11263.661193,11263.661193,11157.671514,11200.081835,1830026
2025-05-07,11343.135390,11343.135390,11200.081835,11234.761485,2746221
2025-05-08,11220.311631,11507.719227,11197.408612,11402.307542,3348106
2025-05-09,11408.087484,11541.459636,11379.621271,11496.159344,2367190
2025-05-12,11545.433346,11696.651068,11535.390697,11592.395372,2473533
2025-05-13,11624.329549,11624.329549,11452.304037,11489.801408,2125829
2025-05-14,11487.633930,11885.004915,11474.484563,11812.683396,3946012
2025-05-15,11811.310660,11874.817768,11734.220689,11791.153113,2473285
2025-05-16,11805.458469,11827.133250,11661.971419,11661.971419,2293522
2025-05-19,11530.983492,11559.883200,11371.168107,11408.015234,3806283
2025-05-20,11415.384660,11522.313580,11379.982518,11458.734222,1952153
2025-05-21,11451.509295,11530.549996,11422.392839,11422.392839,1979464
2025-05-22,11422.537338,11451.437046,11343.857883,11415.384660,1509024
2025-05-23,11380.705010,11472.461583,11355.128769,11361.920200,2153700
2025-05-26,11343.135390,11376.586802,11162.512215,11202.249314,2708653
2025-05-27,11205.861777,11260.771222,11151.747074,11154.564795,1775213
2025-05-28,11155.215039,11173.060608,11075.813091,11104.712799,1626568
2025-05-29,11126.387580,11234.761485,11068.588164,11126.387580,2185958
2025-05-30,11127.471319,11162.512215,10947.498387,10996.338894,3123918
2025-06-03,10895.262165,10974.664113,10873.659634,10902.414843,2897918
2025-06-04,10913.252233,11003.563821,10904.004327,10909.350773,2300809
2025-06-05,10938.539478,10952.989332,10853.285339,10938.539478,2321366
2025-06-06,10937.094493,10974.447365,10859.065281,10883.557784,2502307
2025-06-09,10873.659634,10900.247365,10733.929545,10737.036264,4495867
2025-06-10,10736.241522,10779.591084,10655.322340,10656.839574,3049220
2025-06-11,10669.772194,10794.040938,10664.714745,10692.891960,3089282
2025-06-12,10692.891960,10720.852427,10505.766351,10541.168493,4990361
2025-06-13,10435.756808,10475.927402,10295.954471,10309.609583,5911325
2025-06-16,10123.567712,10295.809972,10123.423214,10275.941423,4288787
2025-06-17,10259.396340,10309.970829,10202.897411,10309.970829,2723151
2025-06-18,10403.894880,10428.748629,10266.693516,10295.520975,3076099
2025-06-19,10302.745902,10358.161092,10239.022046,10302.745902,2450072
2025-06-20,10285.261579,10412.131297,10260.841325,10321.964208,3481581
2025-06-23,10259.396340,10353.320391,10152.322922,10259.396340,2672331
2025-06-24,10283.599845,10488.282027,10283.599845,10383.665084,3631151
2025-06-25,10397.464695,10470.364208,10263.081053,10373.983682,4105007
2025-06-26,10423.632875,10519.397700,10387.389572,10460.465500,3486025
2025-06-27,10460.539165,10482.565075,10335.897562,10335.897562,3824973
2025-06-30,10338.917837,10410.594126,10327.868050,10383.264318,3045730
2025-07-01,10379.433725,10401.091308,10337.518198,10350.704278,1987819
2025-07-02,10383.116987,10422.159570,10313.135000,10383.853640,2621825
2025-07-03,10401.533300,10480.281452,10372.067200,10428.052790,2441267
2025-07-04,10428.789442,10548.053482,10386.873915,10476.819186,2876691
2025-07-07,10477.261177,10486.248337,10386.873915,10391.956818,2385467
2025-07-08,10392.030483,10460.465500,10391.956818,10431.809718,1867370
2025-07-09,10423.632875,10533.909754,10417.518659,10452.214992,2774532
2025-07-10,10452.877979,10579.655875,10389.746860,10508.347912,3872503
2025-07-11,10483.743719,10740.393450,10483.743719,10512.031175,5724335
2025-07-14,10534.130750,10570.816044,10472.251940,10486.984990,2778094
2025-07-15,10467.684694,10482.049418,10374.424488,10394.166775,3540578
2025-07-16,10386.873915,10441.975522,10386.431924,10394.387771,2128605
2025-07-17,10416.119019,10482.638740,10408.015842,10433.577684,2310554
2025-07-18,10460.465500,10591.663310,10433.798679,10585.696425,4182341
2025-07-21,10585.622760,10657.888370,10570.963375,10629.895575,2620331
2025-07-22,10637.262100,10803.745565,10612.805237,10791.811794,4211898
2025-07-23,10821.425225,11012.954875,10821.056899,10869.307638,4504484
2025-07-24,10872.990900,11042.420975,10865.624375,10987.172038,3880364
2025-07-25,10986.435385,10986.435385,10703.560825,10718.293875,4191126
2025-07-28,10703.560825,10718.220210,10580.539857,10597.924856,3858632
2025-07-29,10604.849390,10672.547755,10571.037040,10600.429475,2630408
2025-07-30,10637.262100,10734.205569,10585.696425,10677.335996,3186771
2025-07-31,10629.895575,10643.670977,10445.732450,10472.767597,5179751
2025-08-01,10474.240902,10504.369989,10416.266350,10438.365925,2963559
2025-08-04,10423.632875,10458.992195,10416.266350,10453.098975,1868795
2025-08-05,10467.832025,10533.688759,10439.176243,10517.482404,2534227
2025-08-06,10526.764225,10526.764225,10455.308933,10489.047617,2369928
2025-08-07,10489.047617,10517.187743,10460.907492,10477.776834,2800134
2025-08-08,10482.933401,10508.347912,10445.732450,10467.611029,1865528
2025-08-11,10486.248337,10696.120635,10482.565075,10644.628625,4715907
2025-08-12,10674.094725,10792.474782,10578.329900,10585.991086,4201923
2025-08-13,10497.298125,10561.239562,10460.465500,10460.833826,6552754
2025-08-14,10467.390033,10663.118603,10467.390033,10511.957510,4812930
2025-08-15,10504.738315,10524.259606,10462.086135,10475.787872,4758165
2025-08-18,10511.957510,10583.044476,10483.301728,10523.080963,4737798
2025-08-19,10559.913587,10656.857057,10548.863800,10593.062950,4637186
2025-08-20,10593.062950,10702.087520,10534.278081,10681.461250,4580466
2025-08-21,10706.875761,10718.220210,10634.683816,10668.569831,3089057
2025-08-22,10673.210742,10784.592600,10642.934324,10784.224274,4497058
2025-08-25,10828.865415,11020.321400,10799.325650,10978.553203,6532455
2025-08-26,10978.479538,11007.282651,10902.530665,10914.317105,3960213
2025-08-27,10916.306067,10938.773968,10666.728200,10666.728200,5600609
2025-08-28,10666.507204,10726.397053,10598.735174,10652.731803,3928177
2025-08-29,10703.560825,10921.462634,10696.194300,10902.457000,6225648
2025-09-01,10918.663355,10961.389200,10797.115692,10873.727553,4512338
2025-09-02,10892.585856,11116.086225,10887.723950,10985.698732,5668837
2025-09-03,10983.488775,11075.570337,10799.325650,10906.508589,4504503
2025-09-04,10843.524800,10897.300433,10758.588767,10848.386706,4774676
2025-09-05,10836.158275,10953.801679,10784.592600,10924.556575,3738848
2025-09-08,10924.556575,11097.227921,10884.040688,11058.848326,5138298
2025-09-09,11086.620125,11123.084424,11001.315765,11086.620125,3574277
2025-09-10,11098.848556,11270.414924,11020.321400,11211.924715,4966331
2025-09-11,11211.924715,11241.464481,11112.402963,11222.900837,3723896
2025-09-12,11241.317150,11329.862780,11127.357008,11167.651900,3372209
2025-09-15,11166.694252,11178.554357,11060.837288,11161.022027,2582703
2025-09-16,11161.022027,11204.410860,11021.868370,11049.640170,3271789
2025-09-17,11049.713835,11125.515377,10976.195915,10998.221825,3033054
2025-09-18,10990.855300,11033.581145,10780.909337,10813.764039,4972125
2025-09-19,10813.985035,10869.307638,10733.100590,10813.837704,3263662
2025-09-22,10792.622112,10813.837704,10681.534915,10706.139109,3494708
2025-09-23,10685.144512,10736.710188,10607.796000,10662.455615,3866300
2025-09-24,10564.112507,10731.406290,10564.112507,10622.529050,3074350
2025-09-25,10628.643266,10646.175595,10578.329900,10600.429475,3386973
2025-09-26,10616.488499,10660.171993,10519.471365,10570.963375,4512071
2025-09-29,10603.228754,10828.718085,10570.963375,10761.461712,5368403
2025-09-30,10755.126500,10760.725059,10607.796000,10637.188435,3936362
2025-10-09,10578.329900,10603.228754,10460.465500,10584.075790,5491812
2025-10-10,10590.116340,10607.354009,10515.714438,10534.130750,3600144
2025-10-13,10428.789442,10481.460096,10424.516858,10454.572280,4606880
2025-10-14,10534.057085,10784.592600,10534.057085,10688.975105,6667233
2025-10-15,10688.680444,10777.226075,10645.217947,10769.859550,4278540
2025-10-16,10769.270228,10938.921299,10746.875992,10938.626638,4573015
2025-10-17,10925.293228,10961.389200,10711.148346,10718.293875,3808589
2025-10-20,10718.293875,10825.108487,10717.409892,10739.877793,2594988
2025-10-21,10747.759975,10828.349759,10721.977138,10771.774847,2544267
2025-10-22,10770.448872,10797.336688,10725.660400,10745.550017,1819492
2025-10-23,10718.293875,10819.951920,10660.834980,10813.911369,2932235
2025-10-24,10813.690374,10894.206492,10676.599344,10681.461250,3822583
2025-10-27,10607.796000,10699.803897,10578.256235,10610.816275,3710239
2025-10-28,10622.529050,10690.301080,10615.899177,10644.628625,2712433
2025-10-29,10607.943331,10656.046739,10534.425411,10548.127147,3393711
2025-10-30,10473.798910,10582.970811,10473.798910,10510.115879,4745610
2025-10-31,10475.198550,10578.182570,10461.275818,10534.204415,3569377
2025-11-03,10541.497275,10666.728200,10461.202153,10570.963375,3454766
2025-11-04,10571.700027,10576.709264,10488.310965,10526.764225,2656572
2025-11-05,10503.854332,10541.423610,10460.539165,10461.054822,3447527
2025-11-06,10534.130750,10618.477461,10534.057085,10571.921023,3834782
2025-11-07,10571.773693,10606.175365,10542.307593,10558.661278,1886139
2025-11-10,10570.963375,10782.308977,10570.816044,10772.069508,4945154
2025-11-11,10769.859550,10771.185525,10659.361675,10747.686310,2669156
2025-11-12,10754.979170,10890.375899,10749.306945,10793.064104,3299210
2025-11-13,10770.743533,10855.163909,10740.393450,10831.591029,3117923
2025-11-14,10828.791750,10894.722149,10727.870357,10730.080315,2747306
2025-11-17,10710.927350,10850.891325,10650.448180,10836.158275,3446221
2025-11-18,10833.948318,10947.171807,10821.425225,10872.990900,3420478
2025-11-19,10858.257850,10898.994733,10828.497089,10836.231940,2204537
2025-11-20,10843.524800,10901.720348,10792.180121,10807.502493,2400232
2025-11-21,10832.475012,10902.457000,10725.660400,10803.745565,4260720
2025-11-24,10806.692175,10836.158275,10689.785423,10696.194300,3360744
2025-11-25,10740.393450,10740.393450,10640.945363,10642.050341,2844069
2025-11-26,10673.210742,10707.170422,10634.168159,10675.199704,2030616
2025-11-27,10677.777987,10681.461250,10600.724136,10661.571632,2228689
2025-11-28,10655.678412,10721.977138,10629.895575,10685.144512,2321121
2025-12-01,10688.827775,10771.848512,10622.529050,10666.728200,2733342
2025-12-02,10666.728200,10695.604978,10571.110705,10578.550896,2504726
2025-12-03,10576.930260,10578.108904,10519.397700,10527.500878,2357279
2025-12-04,10527.500878,10552.547062,10448.531730,10489.784269,2907539
2025-12-05,10489.784269,10556.893312,10456.782237,10534.204415,2540166
2025-12-08,10528.237530,10583.265472,10445.732450,10447.353086,3360280
2025-12-09,10447.426751,10467.832025,10313.503326,10320.575190,4263443
2025-12-10,10313.135000,10333.761270,10189.230049,10333.761270,3313347
2025-12-11,10362.196057,10401.459635,10324.553114,10401.459635,2238501
2025-12-12,10445.732450,10497.298125,10413.098744,10465.253741,3715919
2025-12-15,10604.775725,10607.722335,10501.497044,10504.664650,3335879
2025-12-16,10506.137955,10525.143589,10423.632875,10475.198550,2396367
2025-12-17,10497.298125,10607.354009,10443.375162,10556.966978,3138249
2025-12-18,10559.913587,10599.545492,10505.474968,10541.497275,1782995
2025-12-19,10563.674880,10582.030202,10496.322088,10563.674880,2650868
2025-12-22,10563.674880,10594.691628,10538.052349,10550.638856,2042565
2025-12-23,10550.638856,10585.626346,10467.702770,10547.642068,2450681
2025-12-24,10526.140120,10536.404116,10488.755200,10495.497971,2518669
2025-12-25,10526.215040,10634.698737,10499.094116,10594.916387,2338621
2025-12-26,10594.916387,10632.151468,10563.674880,10594.616708,1780299
2025-12-29,10594.616708,10594.616708,10496.247168,10503.739136,2630810
2025-12-30,10496.247168,10502.989939,10383.867648,10411.737769,3379194
2025-12-31,10413.835520,10443.803392,10317.713571,10317.788490,3476563
2026-01-05,10376.375680,10727.599140,10376.375680,10683.546368,7094942
2026-01-06,10732.618758,10765.733257,10612.597431,10698.605224,3958618
2026-01-07,10735.091108,10750.974080,10640.092954,10663.767572,2968380
2026-01-08,10663.542813,10663.767572,10549.739820,10580.906406,2913454
2026-01-09,10616.118656,10703.025485,10608.701608,10631.851789,2984774
2026-01-12,10631.851789,10721.006208,10616.867853,10662.793617,3608266
2026-01-13,10689.465023,10709.918095,10556.107992,10571.166848,3916866
2026-01-14,10571.166848,10655.451488,10460.135882,10473.846184,5175797
2026-01-15,10458.937167,10509.957469,10403.196925,10405.519436,4090714
2026-01-16,10451.295360,10470.025280,10338.915840,10353.899776,5512068
2026-01-19,10353.150579,10395.030680,10301.456000,10308.947968,4228640
2026-01-20,10335.169856,10350.753149,10279.354694,10290.592646,3648443
2026-01-21,10290.667566,10296.960819,10114.156800,10122.098286,6451625
2026-01-22,10129.215656,10202.262344,10020.357361,10039.686638,5901089
2026-01-23,10039.986317,10099.172864,9982.822601,10016.761216,6194890
2026-01-26,10043.058024,10151.616640,9927.756636,10054.221056,8016606
2026-01-27,10076.547121,10141.877082,10024.253184,10061.787944,4841596
2026-01-28,10062.012703,10089.508225,9904.456616,9917.043122,7621801
2026-01-29,10001.777280,10825.893760,9957.274990,10771.352233,18953440
2026-01-30,10750.974080,10750.974080,10496.247168,10496.247168,9447974
2026-02-02,10676.054400,10927.634685,10575.811868,10691.038336,8572427
2026-02-03,10825.893760,11064.213262,10811.134583,11050.053443,8632066
2026-02-04,11125.572480,11487.209775,11043.160832,11425.251200,10912293
2026-02-05,11387.791360,11724.929920,11350.331520,11650.010240,9162274
2026-02-06,11650.010240,11747.405824,11282.004772,11350.406440,7896538
2026-02-09,11372.807424,11559.207588,11339.018648,11424.951521,5116846
2026-02-10,11425.026441,11425.026441,11211.730112,11273.913446,3957596
2026-02-11,11273.913446,11342.839552,11207.984128,11270.392221,3092846
2026-02-12,11239.450394,11259.079350,11038.365972,11137.559629,4624582
2026-02-13,11137.559629,11296.389350,11017.538301,11127.820070,4167901
2026-02-24,11395.283328,11420.756019,10965.244365,10989.218662,4191253
2026-02-25,11013.192960,11310.324411,10997.309988,11175.468987,3688067
2026-02-26,11137.559629,11159.211416,10973.260771,10984.798401,3295801
2026-02-27,10990.642136,11059.718081,10900.963279,10900.963279,3216016
2026-03-02,10863.353600,10915.797376,10763.410747,10789.258036,3545386
2026-03-03,10789.183117,10884.855548,10654.552452,10684.969842,4589086
2026-03-04,10601.134720,10661.070464,10429.493733,10497.595722,4801443
2026-03-05,10533.707008,10585.851105,10451.295360,10481.562911,3050524
2026-03-06,10451.295360,10544.944960,10398.851584,10503.739136,2915415
2026-03-09,10413.835520,10525.465843,10362.890138,10466.279296,3744162
2026-03-10,10525.465843,10559.853976,10473.771264,10502.840100,2462592
2026-03-11,10511.156184,10533.632088,10473.921103,10488.755200,2445673
2026-03-12,10451.295360,10518.348474,10421.402408,10428.819456,2758646
2026-03-13,10432.415601,10620.763676,10428.819456,10590.945644,3360783
2026-03-16,10638.594560,10983.225088,10638.594560,10939.621834,6008635
2026-03-17,10998.209024,11223.492502,10947.188722,11125.572480,4945361
2026-03-18,11155.540352,11211.730112,10961.872979,11004.202598,3555100
2026-03-19,11035.369185,11035.668864,10833.385728,10884.855548,3031859
2026-03-20,10885.529825,10957.003200,10780.941952,10825.893760,2613234
2026-03-23,10738.462493,10750.974080,10488.979959,10549.215382,4725589
2026-03-24,10608.626688,10620.538917,10490.103754,10543.671325,2856179
2026-03-25,10564.498996,10622.636668,10496.322088,10565.697711,2609346
2026-03-26,10556.182912,10592.893555,10491.002790,10497.595722,2309289
2026-03-27,10488.755200,10683.546368,10463.732027,10608.776527,3008711
2026-03-30,10541.198976,10721.006208,10507.634959,10638.594560,2868459
2026-03-31,10998.209024,11087.588202,10851.441371,10863.353600,6169066
2026-04-01,10971.912216,11013.118040,10884.930468,10934.077778,2912514
2026-04-02,10934.077778,10974.834084,10879.086733,10937.374244,2106437
2026-04-03,10934.826975,11012.893281,10900.813440,10938.273280,2019373
2026-04-07,10938.647878,11013.192960,10751.348678,10788.583759,2415218
2026-04-08,10938.273280,11006.300349,10879.311492,10975.882959,3383610
2026-04-09,10975.882959,10975.882959,10844.623680,10941.944344,2070476
2026-04-10,10931.830188,10936.100609,10796.675085,10893.021793,2886556
2026-04-13,10818.401792,10837.131712,10735.990144,10813.232334,2521364
2026-04-14,10807.913037,10852.864845,10750.974080,10840.128499,2423261
2026-04-15,10825.743921,11019.111615,10803.417856,10994.463040,3455348
2026-04-16,10994.088442,11068.708443,10938.273280,10959.550469,2451284
2026-04-17,10488.755200,10646.086528,10487.781244,10542.997048,9682499
2026-04-20,10511.231104,10593.193234,10488.755200,10570.342732,3645139
2026-04-21,10571.166848,10637.845363,10563.674880,10578.733736,2175427
2026-04-22,10601.134720,10631.102592,10526.065201,10559.928896,2691593
2026-04-23,10548.690944,10636.346970,10526.964237,10631.102592,3770109
2026-04-24,10586.899981,10929.882276,10586.899981,10926.960408,5545531
2026-04-27,10638.594560,10638.594560,10505.237530,10512.729498,7279774
2026-04-28,10503.739136,10559.104780,10489.579316,10526.215040,3400442
2026-04-29,10526.215040,10561.801888,10490.852951,10497.520803,3481313
2026-04-30,10488.755200,10497.520803,10338.915840,10374.802367,5275267
2026-05-06,10227.285517,10331.423872,10189.451078,10301.456000,4780604
2026-05-07,10301.456000,10398.851584,10264.071080,10271.862726,4046147
2026-05-08,10276.432827,10359.668591,10263.996160,10286.397144,3336853
2026-05-11,10285.647948,10285.647948,10196.568448,10199.040797,5713510
2026-05-12,10204.060416,10215.897725,10117.902784,10148.245254,5083743
2026-05-13,10147.870656,10178.587725,10024.253184,10069.879269,5696787
2026-05-14,10024.253184,10256.953710,10003.125834,10055.494691,5524434
2026-05-15,10002.901075,10033.842903,9942.665652,9986.418746,5818365
2026-05-18,10009.269248,10059.315594,9886.475892,9911.873664,4966097
2026-05-19,9903.632499,9964.242520,9874.413824,9921.613222,4325464
2026-05-20,9896.889728,9986.718424,9844.445952,9851.937920,4748733
2026-05-21,9836.804145,9915.769487,9821.970048,9821.970048,3886838
2026-05-22,9821.595450,9828.787739,9665.537756,9666.137114,4915714
2026-05-25,9642.162816,9775.444927,9567.243136,9633.771812,4635276
2026-05-26,9629.801069,9663.814604,9514.874280,9540.122212,4593162
2026-05-27,9499.965263,9881.905792,9365.709197,9762.034304,8272791
2026-05-28,9664.638720,9769.526272,9522.291328,9559.601329,4588998
2026-05-29,9519.294541,9956.825472,9514.799360,9934.349568,7647805
2026-06-01,9941.841536,9941.841536,9749.372878,9811.481293,4384460
2026-06-02,9784.510208,9937.046676,9747.050368,9793.650409,3636185
2026-06-03,9769.526272,9769.526272,9559.751168,9604.028699,5247652
2026-06-04,9582.152152,9657.071832,9490.000946,9499.815424,3350617
2026-06-05,9574.735104,9612.194944,9497.867512,9536.226388,3130397
2026-06-08,9529.783296,9574.735104,9439.879680,9462.205745,3082836
2026-06-09,9462.280664,9462.355584,9384.064518,9409.911808,2786012
2026-06-10,9380.543293,9604.702976,9366.533313,9558.852132,3924414
2026-06-11,9530.682332,9611.295908,9491.649179,9582.227072,2535198
2026-06-12,9523.639882,9702.098560,9477.414440,9678.948379,5049478
2026-06-15,9684.867034,9684.867034,9515.548557,9523.040525,4158556
2026-06-16,9492.398376,9498.916388,9402.419840,9407.439459,3496974
2026-06-17,9424.895744,9438.156527,9279.251886,9290.040320,4480330
2026-06-18,9252.580480,9281.574396,9074.421481,9102.741120,5747173
2026-06-22,9097.571662,9385.937510,9027.821440,9300.603995,5825131
2026-06-23,9282.548352,9469.847552,9117.725056,9158.556282,5800405
2026-06-24,9160.054675,9304.050300,9046.626280,9047.899914,4533528
2026-06-25,9042.805376,9192.644736,8990.361600,9081.014413,4844649
2026-06-26,9195.439143,9195.439143,8958.459102,8962.523808,5006647
2026-06-29,8965.361433,9318.147255,8827.391500,9164.455345,6687812
2026-06-30,9103.408059,9169.900517,9019.046232,9091.827481,3960779
2026-07-01,9050.490186,9178.566778,8944.884517,9149.500294,4247381
2026-07-02,9149.500294,9322.135269,9130.327151,9226.116171,5087015
2026-07-03,9243.295307,9280.874666,9088.069545,9160.544024,3426755
2026-07-06,9095.738802,9318.147255,9049.723260,9256.102966,4097001
2026-07-07,9203.108400,9218.446914,9111.920934,9117.212722,2736500
2026-07-08,9116.982644,9210.624272,9026.715489,9197.739920,2577602
2026-07-09,9134.085087,9141.677651,9034.384746,9066.518933,3409634
2026-07-10,9066.595625,9241.301300,8975.178082,9241.301300,5221255
2026-07-13,9181.020940,9318.147255,9127.872989,9287.393534,4198257
2026-07-14,9272.055020,9409.181336,9241.454685,9317.226944,4352726
2026-07-15,9231.177881,9637.188346,9192.831596,9594.700662,7194371
2026-07-16,9601.909764,9724.387798,9548.608428,9655.517870,4761114
2026-07-17,9732.363826,9734.817988,9502.056038,9609.579021,5841730
2026-07-20,9739.956390,10192.442553,9709.279362,10180.938668,10615115
2026-07-21,10268.981738,10312.849888,9946.029326,10031.388156,7714770
2026-07-22,9970.034100,10031.388156,9841.497353,10008.380385,6518140
2026-07-23,9968.500249,9993.041871,9858.293026,9908.756737,3391769
2026-07-24,10008.380385,10040.667957,9864.198353,9950.170724,3569892
2026-07-27,10031.388156,10031.388156,9813.427872,9889.506902,3199044
2026-07-28,9962.364843,10123.419240,9889.660287,10123.419240,5313457
2026-07-29,10229.485064,10303.493394,10062.525339,10131.088497,6232985
2026-07-30,10146.427011,10445.528034,10138.757754,10443.687412,7187261
2026-07-31,10200.341888,10397.365100,10167.670853,10358.098504,5512752
2026-08-03,10358.098504,10455.881531,10322.819922,10422.366878,3614686
2026-08-04,10353.957105,10360.706052,10187.534229,10187.534229,3745031
2026-08-05,10187.534229,10229.254987,9996.876500,10019.500808,4268859
2026-08-06,10046.726670,10080.471401,9970.110793,10035.606247,2546328
2026-08-07,10036.449866,10087.220347,9977.703357,10040.744650,2497581
2026-08-10,10161.765525,10429.959442,10108.694267,10344.753997,6268572
2026-08-11,10338.158436,10373.820481,10261.465866,10326.654550,2707300
