date,open,high,low,close,volume
2017-06-16,33.248928,33.410442,33.179707,33.225854,15505655.000000
2017-06-19,33.295075,33.525810,33.272001,33.525810,15910151.000000
2017-06-20,33.571957,33.710398,33.410442,33.595031,22363723.000000
2017-06-21,33.871913,33.987280,33.479663,33.941133,25616713.000000
2017-06-22,33.941133,34.333383,33.848839,34.171868,30167767.000000
2017-06-23,34.194942,34.379530,34.102648,34.333383,18746703.000000
2017-06-26,34.402603,34.656412,34.333383,34.494897,21191743.000000
2017-06-27,34.633339,34.702559,34.494897,34.633339,18110038.000000
2017-06-28,34.656412,34.864074,34.379530,34.610265,18423610.000000
2017-06-29,34.771780,35.140956,34.656412,35.048662,21299587.000000
2017-06-30,34.841000,35.510132,34.771780,35.487058,27116321.000000
2017-07-03,35.510132,35.694720,35.140956,35.394764,24521469.000000
2017-07-04,35.348617,35.602426,34.933294,35.556279,26304603.000000
2017-07-05,35.533205,35.602426,34.887147,35.048662,25516246.000000
2017-07-06,35.071735,35.233250,34.933294,35.187103,19751527.000000
2017-07-07,35.140956,35.463985,34.887147,35.394764,20621659.000000
2017-07-10,35.487058,35.948529,35.302470,35.810088,18203354.000000
2017-07-11,35.810088,36.179264,35.648573,36.063896,14176720.000000
2017-07-12,36.133117,36.225411,35.210176,35.371691,26575518.000000
2017-07-13,35.463985,35.463985,34.910221,35.094809,30635078.000000
2017-07-14,35.288441,35.966134,35.240034,35.941930,39781497.000000
2017-07-17,36.014540,36.304980,35.530474,36.256573,26792590.000000
2017-07-18,36.183963,36.353387,36.014540,36.159760,18191811.000000
2017-07-19,36.087150,36.304980,35.917727,36.087150,18520685.000000
2017-07-20,36.111353,36.547013,36.062947,36.547013,14022195.000000
2017-07-21,36.401793,36.668030,36.280777,36.377590,10380539.000000
2017-07-24,36.401793,36.571217,36.087150,36.111353,12680007.000000
2017-07-25,36.062947,36.329183,35.869320,36.038743,16696493.000000
2017-07-26,35.869320,36.304980,35.772507,36.232370,22219621.000000
2017-07-27,36.183963,36.474403,36.135557,36.329183,17009655.000000
2017-07-28,36.280777,37.103690,36.280777,37.079486,18382830.000000
2017-07-31,37.031080,37.152096,36.595420,36.813250,11857578.000000
2017-08-01,36.885860,37.152096,36.789046,37.006876,11296913.000000
2017-08-02,37.031080,37.515146,37.031080,37.466739,14388309.000000
2017-08-03,37.442536,37.805586,37.394129,37.490943,17115133.000000
2017-08-04,37.394129,37.515146,36.159760,36.256573,45504713.000000
2017-08-07,36.183963,36.450200,35.748304,36.353387,32384385.000000
2017-08-08,36.377590,36.425997,35.869320,36.087150,20957647.000000
2017-08-09,36.135557,36.208167,35.917727,36.111353,14146923.000000
2017-08-10,36.183963,36.498607,35.772507,36.425997,25739692.000000
2017-08-11,36.208167,36.910063,36.208167,36.595420,33293352.000000
2017-08-14,36.789046,36.861656,36.159760,36.353387,24262039.000000
2017-08-15,36.401793,36.861656,36.353387,36.522810,20728006.000000
2017-08-16,36.522810,37.152096,36.522810,37.127893,20800860.000000
2017-08-17,37.176300,37.394129,37.055283,37.103690,18153848.000000
2017-08-18,37.031080,37.369926,36.958470,37.321519,7628526.000000
2017-08-21,37.224706,37.490943,36.837453,36.982673,12950256.000000
2017-08-22,36.910063,37.031080,36.716436,36.934266,9815278.000000
2017-08-23,36.885860,37.079486,36.789046,36.910063,7253416.000000
2017-08-24,36.910063,37.031080,36.764843,36.910063,9534970.000000
2017-08-25,37.006876,37.200503,36.910063,37.176300,17854867.000000
2017-08-28,37.200503,37.369926,36.764843,36.982673,22917687.000000
2017-08-29,37.031080,37.297316,36.982673,37.273113,14226131.000000
2017-08-30,37.273113,37.297316,36.571217,36.668030,16715077.000000
2017-08-31,36.643826,36.958470,36.208167,36.256573,20749645.000000
2017-09-01,36.280777,36.450200,36.135557,36.232370,18526365.000000
2017-09-04,36.232370,36.450200,36.111353,36.256573,18139029.000000
2017-09-05,36.304980,36.498607,35.966134,36.038743,19678211.000000
2017-09-06,36.087150,36.304980,36.062947,36.304980,11295314.000000
2017-09-07,36.304980,36.595420,36.256573,36.547013,23192409.000000
2017-09-08,36.595420,37.127893,36.595420,36.861656,22613680.000000
2017-09-11,36.958470,37.369926,36.934266,37.031080,25991555.000000
2017-09-12,37.031080,37.031080,36.643826,36.837453,13007192.000000
2017-09-13,36.837453,37.079486,36.716436,36.764843,13164344.000000
2017-09-14,36.764843,36.764843,36.183963,36.401793,13301692.000000
2017-09-15,36.329183,36.668030,36.183963,36.425997,18847493.000000
2017-09-18,36.304980,36.474403,36.135557,36.232370,22337038.000000
2017-09-19,36.304980,36.425997,36.183963,36.256573,11702125.000000
2017-09-20,36.232370,36.304980,36.159760,36.256573,11855556.000000
2017-09-21,36.329183,36.401793,36.135557,36.304980,12997718.000000
2017-09-22,36.208167,36.595420,36.135557,36.595420,21251310.000000
2017-09-25,36.547013,37.103690,36.329183,37.031080,31302362.000000
2017-09-26,36.837453,37.055283,36.619623,36.910063,11320571.000000
2017-09-27,36.813250,37.127893,36.522810,36.643826,11911615.000000
2017-09-28,36.571217,36.692233,36.183963,36.643826,19113328.000000
2017-09-29,36.522810,36.764843,36.329183,36.474403,12198715.000000
2017-10-09,36.595420,37.079486,36.595420,36.885860,24800665.000000
2017-10-10,36.789046,37.031080,36.643826,36.958470,14848050.000000
2017-10-11,36.789046,37.636163,36.789046,37.587756,30978186.000000
2017-10-12,37.394129,37.781383,37.055283,37.152096,28065595.000000
2017-10-13,37.103690,37.297316,37.055283,37.200503,13965382.000000
2017-10-16,37.055283,37.394129,37.055283,37.224706,25400631.000000
2017-10-17,37.224706,37.902399,37.200503,37.466739,26842872.000000
2017-10-18,37.515146,38.580092,37.418333,38.507482,35717212.000000
2017-10-19,38.289652,38.870532,38.289652,38.846329,26639436.000000
2017-10-20,38.459075,39.499818,38.386466,38.628499,23261167.000000
2017-10-23,38.628499,38.967345,38.483279,38.701109,13292266.000000
2017-10-24,38.773719,39.378802,38.604295,39.281988,19423786.000000
2017-10-25,39.330395,39.548225,39.088362,39.427208,11852297.000000
2017-10-26,39.451412,39.620835,38.507482,38.725312,28636766.000000
2017-10-27,38.749515,39.136768,38.555889,38.846329,11978805.000000
2017-10-30,39.088362,39.330395,38.313856,38.894735,25982398.000000
2017-10-31,38.870532,38.870532,38.265449,38.507482,13194019.000000
2017-11-01,38.676905,38.797922,38.289652,38.555889,16327446.000000
2017-11-02,38.555889,38.773719,38.289652,38.676905,13032937.000000
2017-11-03,38.531685,38.918939,38.217042,38.822125,25839458.000000
2017-11-06,38.676905,39.596632,38.652702,39.451412,26406432.000000
2017-11-07,39.572428,40.008088,39.281988,39.814461,18681599.000000
2017-11-08,39.935478,40.274324,39.378802,39.766055,22416568.000000
2017-11-09,39.911275,40.008088,39.645038,39.983885,11073219.000000
2017-11-10,39.935478,40.346934,39.862868,40.153308,15830347.000000
2017-11-13,40.322731,40.395341,39.233582,39.499818,28326589.000000
2017-11-14,39.572428,39.645038,38.797922,39.354598,26297046.000000
2017-11-15,39.185175,39.403005,38.870532,39.306192,22704106.000000
2017-11-16,39.136768,39.499818,39.015752,39.451412,10241890.000000
2017-11-17,39.475615,41.024627,39.039955,40.976221,41431915.000000
2017-11-20,40.685781,41.460287,40.516358,41.194051,30538197.000000
2017-11-21,41.048831,41.194051,40.661578,40.831001,32012229.000000
2017-11-22,41.097237,41.799134,40.806798,41.532897,33422512.000000
2017-11-23,41.508694,41.581304,40.250121,40.661578,31923912.000000
2017-11-24,40.661578,41.097237,40.540561,40.782594,20705008.000000
2017-11-27,40.782594,40.855204,39.911275,40.709984,55195340.000000
2017-11-28,40.564764,40.613171,39.838665,40.056495,19828459.000000
2017-11-29,39.741851,40.322731,39.693445,39.935478,23448417.000000
2017-11-30,39.959681,40.080698,39.330395,39.838665,20471784.000000
2017-12-01,39.887071,39.959681,39.499818,39.862868,20341426.000000
2017-12-04,39.572428,39.983885,39.403005,39.887071,21324424.000000
2017-12-05,39.887071,41.097237,39.862868,40.879407,60826941.000000
2017-12-06,40.758391,40.927814,40.346934,40.516358,26091813.000000
2017-12-07,40.419544,40.516358,39.741851,40.177511,21597048.000000
2017-12-08,40.177511,40.177511,39.838665,39.983885,12158515.000000
2017-12-11,40.008088,40.153308,39.814461,39.983885,18063392.000000
2017-12-12,39.862868,40.008088,39.645038,39.717648,11047553.000000
2017-12-13,39.693445,40.032291,39.620835,39.911275,10252423.000000
2017-12-14,39.983885,40.153308,39.693445,39.862868,12245323.000000
2017-12-15,39.790258,39.887071,39.354598,39.693445,27277838.000000
2017-12-18,39.814461,39.983885,39.209378,39.766055,20914054.000000
2017-12-19,39.572428,39.790258,39.524022,39.645038,20488523.000000
2017-12-20,39.838665,39.838665,39.451412,39.766055,23364936.000000
2017-12-21,39.717648,40.177511,39.596632,39.935478,20249432.000000
2017-12-22,39.887071,40.346934,39.693445,39.766055,15461477.000000
2017-12-25,39.693445,39.862868,39.112565,39.524022,30291209.000000
2017-12-26,39.427208,39.427208,38.991549,39.015752,26844867.000000
2017-12-27,39.039955,39.136768,38.047619,38.217042,41930655.000000
2017-12-28,38.217042,38.434872,38.047619,38.289652,18552330.000000
2017-12-29,38.289652,38.289652,37.660366,37.732976,26676442.000000
2018-01-02,37.975009,38.313856,37.732976,37.853992,33821355.000000
2018-01-03,38.047619,39.015752,37.999212,38.701109,42081989.000000
2018-01-04,38.725312,38.773719,38.289652,38.362262,27101885.000000
2018-01-05,38.555889,38.797922,38.362262,38.749515,26421005.000000
2018-01-08,38.773719,38.797922,38.555889,38.676905,23727593.000000
2018-01-09,38.725312,39.281988,38.676905,39.039955,26552857.000000
2018-01-10,39.064158,39.330395,38.918939,39.136768,15892857.000000
2018-01-11,39.281988,39.717648,39.136768,39.499818,18820760.000000
2018-01-12,39.596632,39.645038,39.306192,39.403005,14243015.000000
2018-01-15,39.403005,39.838665,39.039955,39.620835,25661213.000000
2018-01-16,39.620835,39.741851,38.773719,38.870532,36581181.000000
2018-01-17,38.943142,39.330395,38.604295,39.015752,30619367.000000
2018-01-18,38.991549,39.160972,38.531685,38.894735,31915173.000000
2018-01-19,38.967345,39.185175,38.749515,38.967345,24894290.000000
2018-01-22,39.209378,39.281988,38.676905,38.943142,24695932.000000
2018-01-23,39.039955,39.403005,38.725312,39.039955,42859843.000000
2018-01-24,39.064158,39.112565,38.701109,38.749515,27414171.000000
2018-01-25,38.749515,38.991549,38.725312,38.894735,21777166.000000
2018-01-26,38.967345,39.015752,38.797922,38.870532,13444210.000000
2018-01-29,38.918939,38.967345,38.289652,38.386466,24345629.000000
2018-01-30,38.313856,38.604295,38.192839,38.217042,24105143.000000
2018-01-31,38.217042,38.628499,37.926602,38.483279,16953093.000000
2018-02-01,38.483279,39.136768,38.071822,39.112565,33533497.000000
2018-02-02,39.039955,39.354598,38.676905,39.160972,27192862.000000
2018-02-05,38.870532,39.596632,38.749515,39.427208,24059503.000000
2018-02-06,38.967345,39.524022,38.822125,39.427208,52321034.000000
2018-02-07,39.451412,39.499818,38.531685,39.378802,42004188.000000
2018-02-08,39.160972,39.403005,38.846329,39.257785,29964345.000000
2018-02-09,38.797922,38.797922,36.740640,38.652702,54108624.000000
2018-02-12,38.120229,38.217042,37.418333,37.757179,29842926.000000
2018-02-13,37.878196,38.652702,37.853992,38.144432,15445574.000000
2018-02-14,38.289652,38.918939,38.289652,38.701109,13113957.000000
2018-02-22,38.918939,39.088362,38.701109,38.991549,12485863.000000
2018-02-23,38.967345,39.572428,38.894735,39.330395,17783676.000000
2018-02-26,39.524022,39.766055,39.330395,39.717648,18906223.000000
2018-02-27,39.814461,40.177511,39.741851,40.032291,21009788.000000
2018-02-28,39.887071,40.250121,39.645038,39.862868,14353057.000000
2018-03-01,39.669241,40.153308,39.669241,39.911275,13479481.000000
2018-03-02,39.790258,40.588968,39.717648,40.540561,20526643.000000
2018-03-05,40.419544,40.782594,40.250121,40.758391,16191604.000000
2018-03-06,40.855204,40.976221,40.177511,40.322731,12535377.000000
2018-03-07,40.250121,40.758391,40.201715,40.346934,15277697.000000
2018-03-08,40.613171,41.339271,40.564764,41.024627,20296251.000000
2018-03-09,41.339271,41.363474,40.758391,41.048831,10022367.000000
2018-03-12,41.194051,41.218254,40.153308,40.419544,23945862.000000
2018-03-13,40.443748,40.637374,40.177511,40.419544,10944917.000000
2018-03-14,40.371138,40.564764,40.201715,40.419544,10672401.000000
2018-03-15,40.274324,40.492154,40.225918,40.298528,10741722.000000
2018-03-16,40.201715,40.613171,40.153308,40.298528,11089664.000000
2018-03-19,40.250121,40.346934,39.693445,40.298528,13566937.000000
2018-03-20,40.080698,40.467951,40.032291,40.371138,9706050.000000
2018-03-21,40.467951,40.492154,39.935478,40.250121,11080004.000000
2018-03-22,40.153308,40.201715,39.669241,39.959681,15075351.000000
2018-03-23,39.451412,39.983885,39.064158,39.911275,33462972.000000
2018-03-26,39.596632,40.008088,39.475615,39.620835,21246110.000000
2018-03-27,39.766055,40.104901,39.717648,39.911275,10206075.000000
2018-03-28,39.693445,40.008088,39.015752,39.185175,19465503.000000
2018-03-29,39.403005,39.572428,38.676905,38.967345,18864210.000000
2018-03-30,38.967345,39.354598,38.580092,38.773719,21465187.000000
2018-04-02,38.725312,38.918939,38.507482,38.652702,14314749.000000
2018-04-03,38.531685,38.628499,38.289652,38.410669,13661400.000000
2018-04-04,38.410669,38.725312,38.338059,38.386466,10198965.000000
2018-04-09,38.459075,38.991549,38.313856,38.797922,15594169.000000
2018-04-10,38.846329,39.185175,38.846329,39.088362,11963410.000000
2018-04-11,39.088362,39.330395,38.943142,39.281988,9443246.000000
2018-04-12,39.403005,39.427208,38.918939,39.088362,10647964.000000
2018-04-13,39.160972,39.209378,38.531685,38.580092,11194171.000000
2018-04-16,38.725312,38.725312,38.192839,38.313856,14035807.000000
2018-04-17,38.338059,39.064158,38.338059,38.701109,12683653.000000
2018-04-18,38.918939,38.918939,38.434872,38.797922,10721587.000000
2018-04-19,38.894735,39.015752,38.507482,38.604295,10374769.000000
2018-04-20,38.483279,39.064158,38.483279,38.846329,13052143.000000
2018-04-23,38.725312,39.185175,38.701109,39.064158,10985246.000000
2018-04-24,38.943142,39.378802,38.943142,39.209378,10422975.000000
2018-04-25,39.209378,39.330395,38.652702,38.725312,11310638.000000
2018-04-26,38.846329,38.918939,38.604295,38.725312,11697829.000000
2018-04-27,38.822125,39.064158,38.676905,38.991549,13910532.000000
2018-05-02,38.676905,38.894735,37.829789,38.628499,24575999.000000
2018-05-03,38.386466,38.725312,38.217042,38.676905,13668940.000000
2018-05-04,38.725312,39.015752,38.604295,38.943142,9815803.000000
2018-05-07,38.943142,39.160972,38.822125,39.039955,12293352.000000
2018-05-08,39.136768,39.209378,38.918939,39.136768,13101019.000000
2018-05-09,39.136768,39.257785,39.088362,39.185175,8053046.000000
2018-05-10,39.354598,39.427208,38.628499,38.797922,19414686.000000
2018-05-11,38.918939,39.112565,38.701109,39.039955,13209483.000000
2018-05-14,39.015752,39.403005,38.991549,39.281988,12572644.000000
2018-05-15,39.378802,40.346934,39.233582,40.274324,21001141.000000
2018-05-16,40.177511,40.734188,39.935478,40.419544,15244118.000000
2018-05-17,40.371138,40.685781,40.104901,40.419544,10816822.000000
2018-05-18,40.346934,40.709984,40.032291,40.613171,18275428.000000
2018-05-21,40.661578,40.879407,40.008088,40.322731,12988922.000000
2018-05-22,40.298528,40.540561,40.080698,40.467951,7911454.000000
2018-05-23,40.419544,40.467951,40.153308,40.274324,8629347.000000
2018-05-24,40.153308,40.467951,40.056495,40.177511,10393129.000000
2018-05-25,40.201715,41.266661,40.080698,40.831001,20477210.000000
2018-05-28,40.952017,41.218254,40.661578,40.927814,12162854.000000
2018-05-29,40.806798,41.121441,40.685781,41.097237,16099983.000000
2018-05-30,40.831001,41.048831,40.443748,40.613171,15663525.000000
2018-05-31,40.467951,41.678117,40.467951,41.411881,32396758.000000
2018-06-01,41.290864,41.290864,40.588968,40.613171,13313398.000000
2018-06-04,40.903611,41.073034,40.492154,40.806798,9878857.000000
2018-06-05,40.806798,40.952017,40.395341,40.903611,12153921.000000
2018-06-06,41.000424,41.726524,40.831001,41.629710,16603485.000000
2018-06-07,41.629710,41.702320,40.903611,41.218254,19675040.000000
2018-06-08,41.073034,41.339271,40.709984,41.121441,18432366.000000
2018-06-11,40.855204,41.218254,40.734188,41.145644,14371075.000000
2018-06-12,41.024627,41.726524,40.976221,41.484490,21663129.000000
2018-06-13,41.387677,42.234793,41.387677,41.920150,24301660.000000
2018-06-14,41.823337,43.202926,41.774930,42.452623,30709120.000000
2018-06-15,42.525233,43.081910,42.258997,42.767266,25128475.000000
2018-06-19,42.549437,43.057706,42.210590,42.815673,48952933.000000
2018-06-20,42.380013,42.839876,42.162183,42.501030,20060997.000000
2018-06-21,42.573640,42.864080,42.501030,42.718860,20449646.000000
2018-06-22,42.844718,42.844718,41.409848,41.812619,30268377.000000
2018-06-25,41.762272,41.837792,41.283982,41.460195,21345191.000000
2018-06-26,41.283982,41.636407,40.780519,40.856039,18978862.000000
2018-06-27,40.906385,41.283982,40.453268,40.830866,19382744.000000
2018-06-28,40.528788,40.906385,40.277056,40.604307,17096988.000000
2018-06-29,40.604307,40.755346,40.478441,40.629480,13495715.000000
2018-07-02,40.503614,40.629480,39.849112,39.899459,14357259.000000
2018-07-03,40.151190,40.226710,38.867359,39.924632,21517010.000000
2018-07-04,39.823939,40.906385,39.672900,40.654653,18098783.000000
2018-07-05,40.402922,41.208463,40.251883,41.132943,30634218.000000
2018-07-06,41.032251,41.384675,40.856039,41.082597,16588640.000000
2018-07-09,41.283982,41.485368,40.906385,41.057424,11391081.000000
2018-07-10,41.032251,41.208463,40.478441,41.007078,12604767.000000
2018-07-11,40.654653,40.780519,40.277056,40.579134,8743238.000000
2018-07-12,40.428095,40.931558,40.428095,40.604307,13233751.000000
2018-07-13,40.780519,40.780519,40.226710,40.478441,12930195.000000
2018-07-16,40.402922,40.705000,40.302229,40.553961,9601699.000000
2018-07-17,40.402922,40.654653,40.176363,40.352575,10864615.000000
2018-07-18,40.528788,41.409848,40.377749,41.007078,18237720.000000
2018-07-19,41.233636,41.988831,41.107770,41.862965,17421915.000000
2018-07-20,41.661580,42.215389,41.560887,42.114697,13680043.000000
2018-07-23,42.039177,42.441948,41.661580,42.165043,12473401.000000
2018-07-24,42.039177,42.215389,41.309156,41.636407,22969581.000000
2018-07-25,41.535714,41.661580,40.906385,41.132943,17328610.000000
2018-07-26,41.359502,41.837792,41.233636,41.686753,12653651.000000
2018-07-27,41.812619,41.862965,41.258809,41.334329,8531894.000000
2018-07-30,41.334329,42.416775,41.334329,42.416775,20110052.000000
2018-07-31,42.416775,42.693679,42.215389,42.391601,11329167.000000
2018-08-01,42.542640,42.592987,42.089524,42.240562,14045953.000000
2018-08-02,42.039177,42.844718,41.359502,41.837792,26616882.000000
2018-08-03,41.837792,42.492294,41.560887,42.215389,18884850.000000
2018-08-06,42.416775,42.517467,41.233636,41.283982,21004088.000000
2018-08-07,41.435021,41.787446,41.283982,41.535714,15356045.000000
2018-08-08,41.560887,41.762272,40.830866,40.856039,18196080.000000
2018-08-09,40.805692,41.485368,40.528788,41.233636,17543102.000000
2018-08-10,41.158117,41.535714,41.007078,41.158117,8541905.000000
2018-08-13,41.158117,41.460195,40.604307,41.334329,15302707.000000
2018-08-14,41.435021,41.435021,40.553961,41.057424,16001387.000000
2018-08-15,40.906385,41.007078,40.579134,40.604307,10138829.000000
2018-08-16,40.402922,40.906385,40.050498,40.553961,14220635.000000
2018-08-17,40.654653,41.057424,40.402922,40.604307,15388747.000000
2018-08-20,40.805692,41.913311,40.654653,41.913311,25365991.000000
2018-08-21,41.988831,42.039177,41.460195,41.711926,11132522.000000
2018-08-22,41.586060,41.611233,41.007078,41.283982,12827353.000000
2018-08-23,41.183290,41.334329,40.805692,40.906385,10440683.000000
2018-08-24,40.856039,41.032251,40.327402,40.805692,10825323.000000
2018-08-27,40.528788,40.981904,40.528788,40.805692,13180237.000000
2018-08-28,40.856039,41.233636,40.805692,40.981904,10365643.000000
2018-08-29,40.856039,41.107770,40.402922,40.503614,15200045.000000
2018-08-30,40.553961,40.730173,40.453268,40.453268,9434411.000000
2018-08-31,40.478441,40.579134,39.798766,39.823939,27842539.000000
2018-09-03,39.849112,40.478441,39.849112,40.176363,16557791.000000
2018-09-04,40.251883,40.654653,40.126017,40.553961,10468112.000000
2018-09-05,40.428095,40.553961,39.949805,40.000151,9913272.000000
2018-09-06,39.899459,40.100844,39.773593,39.823939,8224457.000000
2018-09-07,39.899459,40.025324,39.471515,39.521861,10437300.000000
2018-09-10,39.521861,39.622554,38.892532,39.244956,11306162.000000
2018-09-11,39.244956,39.622554,38.867359,38.942879,9429066.000000
2018-09-12,38.766666,39.471515,38.691147,39.446342,11861394.000000
2018-09-13,39.547034,39.849112,39.345649,39.698073,10181885.000000
2018-09-14,39.823939,39.823939,39.345649,39.547034,6424191.000000
2018-09-17,39.471515,39.798766,39.320476,39.572208,9655242.000000
2018-09-18,39.395995,39.899459,39.395995,39.874285,10323679.000000
2018-09-19,39.924632,40.126017,39.572208,39.924632,11153010.000000
2018-09-20,39.924632,40.226710,39.874285,40.151190,7540565.000000
2018-09-21,40.251883,40.856039,40.025324,40.856039,13475008.000000
2018-09-25,40.679827,40.956731,40.579134,40.830866,7594611.000000
2018-09-26,40.730173,41.158117,40.579134,40.730173,13801604.000000
2018-09-27,40.981904,41.283982,40.654653,41.233636,13788516.000000
2018-09-28,41.283982,41.409848,41.082597,41.233636,11178894.000000
2018-10-08,40.553961,40.856039,40.126017,40.277056,19924787.000000
2018-10-09,40.025324,40.478441,39.823939,39.974978,14174097.000000
2018-10-10,40.025324,40.226710,39.597381,39.773593,12177940.000000
2018-10-11,39.521861,39.874285,38.565281,38.691147,34567993.000000
2018-10-12,39.093917,39.370822,38.590454,38.716320,24772953.000000
2018-10-15,38.892532,39.597381,38.766666,38.766666,19155067.000000
2018-10-16,38.892532,39.244956,38.514935,39.018398,18416867.000000
2018-10-17,39.244956,40.151190,39.219783,39.798766,24817379.000000
2018-10-18,39.899459,39.949805,38.892532,39.043571,15897190.000000
2018-10-19,39.018398,40.025324,38.766666,39.849112,26509976.000000
2018-10-22,39.773593,40.805692,39.773593,40.453268,27311793.000000
2018-10-23,40.277056,40.478441,39.622554,39.647727,20713355.000000
2018-10-24,39.698073,40.201537,39.345649,39.748420,11787101.000000
2018-10-25,39.471515,39.949805,39.018398,39.798766,16632689.000000
2018-10-26,39.773593,40.402922,39.471515,40.302229,23451736.000000
2018-10-29,40.528788,40.805692,39.169437,39.270130,24931940.000000
2018-10-30,39.748420,39.773593,39.219783,39.320476,16218002.000000
2018-10-31,39.395995,39.521861,39.093917,39.295303,18996778.000000
2018-11-01,39.496688,39.572208,38.766666,39.018398,31082110.000000
2018-11-02,39.169437,39.345649,38.640801,39.295303,51012560.000000
2018-11-05,39.194610,39.194610,38.741493,38.817013,33873706.000000
2018-11-06,38.766666,38.766666,37.709394,38.036645,37053163.000000
2018-11-07,38.162511,38.288376,37.784913,38.061818,19483451.000000
2018-11-08,38.313550,38.363896,37.885606,38.212857,15634281.000000
2018-11-09,38.061818,38.238030,36.626948,36.878679,49490776.000000
2018-11-12,36.727640,37.080065,36.450736,36.803160,28279708.000000
2018-11-13,36.551428,36.878679,36.350043,36.752814,25346121.000000
2018-11-14,36.752814,37.331796,36.199004,36.324870,34958846.000000
2018-11-15,36.299697,36.752814,36.274524,36.727640,17338953.000000
2018-11-16,36.828333,36.853506,36.400389,36.853506,19360790.000000
2018-11-19,36.954199,37.105238,36.803160,37.004545,20091356.000000
2018-11-20,36.878679,36.979372,36.375216,36.375216,15703118.000000
2018-11-21,36.199004,36.652121,36.123485,36.526255,9031341.000000
2018-11-22,36.652121,36.677294,36.249350,36.350043,9419448.000000
2018-11-23,36.274524,36.375216,35.720714,35.871753,18387264.000000
2018-11-26,36.123485,36.526255,35.896926,36.425563,16556310.000000
2018-11-27,36.425563,36.803160,36.224177,36.324870,18583646.000000
2018-11-28,36.475909,36.601775,36.022792,36.249350,12988095.000000
2018-11-29,36.350043,36.400389,35.846580,35.846580,17878700.000000
2018-11-30,35.846580,36.828333,35.821407,36.123485,23030093.000000
2018-12-03,36.803160,37.130411,36.626948,37.004545,25580605.000000
2018-12-04,37.004545,37.231104,36.853506,37.004545,10852845.000000
2018-12-05,36.752814,36.979372,36.677294,36.777987,12933505.000000
2018-12-06,36.501082,36.677294,35.569675,35.796234,31660500.000000
2018-12-07,35.745887,36.148658,35.745887,36.123485,11095378.000000
2018-12-10,35.771060,36.224177,35.771060,36.148658,16712498.000000
2018-12-11,36.123485,36.173831,35.871753,36.022792,11499541.000000
2018-12-12,36.324870,36.954199,36.249350,36.903853,25401274.000000
2018-12-13,36.903853,38.036645,36.803160,37.583528,28686275.000000
2018-12-14,37.508008,38.162511,37.407316,37.659047,19656913.000000
2018-12-17,37.935952,38.036645,37.533182,37.759740,16287930.000000
2018-12-18,37.583528,38.389069,37.583528,38.036645,23803445.000000
2018-12-19,38.112164,38.766666,38.036645,38.514935,22685532.000000
2018-12-20,38.489762,38.691147,37.633874,38.187684,20802744.000000
2018-12-21,38.112164,38.716320,37.986298,38.716320,25192220.000000
2018-12-24,38.288376,38.565281,37.784913,38.212857,16484357.000000
2018-12-25,37.935952,38.615627,37.935952,38.514935,12987994.000000
2018-12-26,38.464588,39.194610,38.338723,39.068744,17352632.000000
2018-12-27,38.892532,39.597381,38.691147,39.219783,21594328.000000
2018-12-28,39.270130,39.974978,39.219783,39.974978,25395639.000000
2019-01-02,39.748420,39.773593,38.061818,38.817013,30533408.000000
2019-01-03,38.489762,39.194610,38.439415,39.194610,15828971.000000
2019-01-04,39.144264,39.144264,38.162511,38.565281,24112734.000000
2019-01-07,38.741493,38.842186,38.162511,38.363896,19511427.000000
2019-01-08,38.263203,39.295303,38.263203,39.169437,20029889.000000
2019-01-09,39.395995,39.622554,38.942879,38.968052,12544216.000000
2019-01-10,38.817013,39.119091,38.363896,38.590454,13879226.000000
2019-01-11,38.590454,38.817013,38.313550,38.741493,9200273.000000
2019-01-14,38.640801,38.817013,38.238030,38.439415,11661736.000000
2019-01-15,38.464588,38.766666,38.313550,38.766666,6405914.000000
2019-01-16,38.791840,39.194610,38.590454,39.068744,10255328.000000
2019-01-17,39.169437,39.169437,38.741493,38.892532,8250736.000000
2019-01-18,39.169437,39.748420,39.018398,39.647727,17360519.000000
2019-01-21,39.521861,39.849112,39.521861,39.823939,8692363.000000
2019-01-22,39.899459,40.000151,39.647727,39.798766,10203280.000000
2019-01-23,39.773593,40.201537,39.723246,40.176363,9663368.000000
2019-01-24,40.201537,40.352575,39.823939,40.151190,11391825.000000
2019-01-25,40.277056,40.428095,40.025324,40.050498,8404866.000000
2019-01-28,40.176363,40.453268,39.748420,40.050498,15770246.000000
2019-01-29,39.949805,41.007078,39.874285,40.780519,16177610.000000
2019-01-30,41.007078,41.007078,40.478441,40.755346,9277458.000000
2019-01-31,41.082597,41.359502,40.830866,41.359502,15735763.000000
2019-02-01,41.460195,41.535714,41.032251,41.158117,9404449.000000
2019-02-11,40.805692,41.334329,40.805692,41.057424,13485206.000000
2019-02-12,41.158117,41.258809,40.730173,41.132943,18864692.000000
2019-02-13,41.183290,41.384675,40.679827,41.258809,24561986.000000
2019-02-14,41.107770,41.334329,40.931558,41.082597,16330470.000000
2019-02-15,41.057424,41.208463,40.856039,41.032251,12293507.000000
2019-02-18,41.208463,41.233636,40.755346,41.132943,28236985.000000
2019-02-19,41.032251,41.082597,40.679827,40.906385,26642173.000000
2019-02-20,40.956731,40.956731,40.654653,40.881212,11226119.000000
2019-02-21,40.856039,41.032251,40.453268,40.528788,17472576.000000
2019-02-22,40.528788,40.780519,40.151190,40.780519,15926929.000000
2019-02-25,40.755346,41.233636,40.428095,41.233636,48614667.000000
2019-02-26,41.032251,41.535714,40.931558,40.981904,33460430.000000
2019-02-27,41.057424,41.233636,40.730173,40.830866,26350880.000000
2019-02-28,40.830866,41.032251,40.629480,41.032251,19789796.000000
2019-03-01,41.032251,41.082597,40.553961,40.956731,20418173.000000
2019-03-04,40.931558,41.233636,40.755346,40.931558,43383698.000000
2019-03-05,40.956731,41.233636,40.881212,41.032251,30866581.000000
2019-03-06,41.032251,42.744026,40.906385,42.441948,47203702.000000
2019-03-07,42.492294,42.592987,41.586060,42.014004,31972476.000000
2019-03-08,41.787446,42.139870,41.334329,41.938485,30344853.000000
2019-03-11,41.711926,41.913311,41.183290,41.460195,27332997.000000
2019-03-12,41.409848,41.862965,40.981904,41.158117,37772272.000000
2019-03-13,41.057424,41.158117,40.277056,40.377749,39643313.000000
2019-03-14,40.377749,41.107770,40.251883,41.007078,24527374.000000
2019-03-15,40.830866,41.283982,40.705000,40.981904,17648323.000000
2019-03-18,41.007078,42.391601,41.007078,42.165043,30143359.000000
2019-03-19,42.114697,43.121623,42.039177,42.643333,22721190.000000
2019-03-20,42.416775,42.643333,42.139870,42.391601,16861320.000000
2019-03-21,42.542640,42.819545,42.240562,42.391601,19103811.000000
2019-03-22,42.416775,43.096450,42.316082,43.096450,20561236.000000
2019-03-25,42.844718,43.297835,42.341255,42.592987,21917057.000000
2019-03-26,42.794372,43.046104,42.542640,42.920238,17911860.000000
2019-03-27,42.869891,43.020930,42.089524,42.190216,15194420.000000
2019-03-28,42.089524,42.995757,41.661580,42.643333,18805022.000000
2019-03-29,42.567814,42.618160,41.988831,42.467121,31274495.000000
2019-04-01,42.668506,43.146796,42.341255,42.542640,35969525.000000
2019-04-02,42.592987,42.618160,42.240562,42.592987,22613440.000000
2019-04-03,42.416775,42.618160,42.190216,42.517467,21899589.000000
2019-04-04,42.441948,42.492294,42.139870,42.290909,22019954.000000
2019-04-08,42.290909,42.416775,41.535714,41.661580,39491401.000000
2019-04-09,41.661580,41.913311,41.359502,41.611233,28080537.000000
2019-04-10,41.661580,42.039177,41.384675,41.737099,25684784.000000
2019-04-11,41.787446,42.240562,41.762272,42.165043,25323329.000000
2019-04-12,42.165043,42.592987,42.064350,42.492294,23002261.000000
2019-04-15,42.744026,42.744026,41.787446,41.812619,30630056.000000
2019-04-16,41.812619,42.290909,41.586060,42.240562,20805618.000000
2019-04-17,42.290909,42.441948,42.139870,42.240562,16976458.000000
2019-04-18,42.240562,42.366428,41.913311,41.988831,13141512.000000
2019-04-19,42.089524,42.265736,41.888138,42.215389,10258860.000000
2019-04-22,42.215389,42.391601,41.963658,41.988831,18093390.000000
2019-04-23,42.215389,42.366428,42.039177,42.240562,15355483.000000
2019-04-24,42.416775,42.492294,42.139870,42.391601,14257661.000000
2019-04-25,42.391601,42.441948,42.064350,42.165043,16611969.000000
2019-04-26,42.039177,42.366428,41.636407,41.686753,17896455.000000
2019-04-29,41.862965,42.492294,41.711926,42.240562,16867787.000000
2019-04-30,41.988831,42.492294,41.913311,42.467121,16592113.000000
2019-05-06,42.039177,42.567814,41.737099,42.567814,32177273.000000
2019-05-07,42.441948,42.844718,42.114697,42.391601,19077409.000000
2019-05-08,42.265736,42.416775,41.485368,41.586060,25547131.000000
2019-05-09,41.409848,41.711926,41.208463,41.283982,16056293.000000
2019-05-10,41.283982,41.711926,41.208463,41.611233,14300192.000000
2019-05-13,41.510541,41.737099,41.309156,41.535714,9005451.000000
2019-05-14,41.233636,41.711926,41.057424,41.283982,30482706.000000
2019-05-15,41.233636,41.384675,41.107770,41.309156,21012872.000000
2019-05-16,41.233636,41.837792,41.132943,41.812619,20430370.000000
2019-05-17,41.787446,41.913311,41.560887,41.686753,12953315.000000
2019-05-20,41.762272,42.416775,41.233636,41.560887,23675346.000000
2019-05-21,41.510541,42.215389,41.309156,42.014004,13114074.000000
2019-05-22,42.039177,42.668506,41.787446,42.492294,19302724.000000
2019-05-23,42.341255,42.769199,42.290909,42.542640,19012531.000000
2019-05-24,42.769199,43.020930,42.567814,42.794372,18311994.000000
2019-05-27,42.794372,43.247489,42.416775,42.668506,18530193.000000
2019-05-28,42.668506,43.499220,42.467121,43.323008,49748842.000000
2019-05-29,42.895065,43.625086,42.693679,43.348182,20968527.000000
2019-05-30,43.524394,44.606840,43.323008,44.606840,33460576.000000
2019-05-31,44.682359,44.984437,44.279588,44.581666,21923281.000000
2019-06-03,44.581666,44.959264,44.078203,44.455801,21303021.000000
2019-06-04,44.556493,44.632013,44.002684,44.304762,20099718.000000
2019-06-05,44.581666,44.632013,44.078203,44.128549,12065394.000000
2019-06-06,44.304762,44.556493,44.078203,44.103376,15260080.000000
2019-06-10,44.430627,46.066883,44.279588,45.185822,22887704.000000
2019-06-11,45.336861,45.764805,45.135476,45.311688,21706223.000000
2019-06-12,45.311688,45.311688,44.732705,45.085130,14615128.000000
2019-06-13,45.085130,45.110303,44.380281,44.480974,19802704.000000
2019-06-14,44.632013,44.732705,43.700606,44.053030,26880550.000000
2019-06-17,44.128549,44.506147,43.952337,44.279588,15626527.000000
2019-06-18,44.455801,44.606840,44.204069,44.531320,10900026.000000
2019-06-19,44.959264,45.034783,44.506147,44.757878,16158374.000000
2019-06-20,44.783052,45.563420,44.606840,45.261342,21113068.000000
2019-06-21,45.311688,45.362034,44.355108,44.380281,26658994.000000
2019-06-24,44.380281,44.606840,44.103376,44.254415,20474990.000000
2019-06-25,44.329935,44.657186,44.128549,44.430627,23501428.000000
2019-06-26,44.405454,44.959264,44.304762,44.883744,15755042.000000
2019-06-27,44.959264,45.059956,44.657186,44.833398,16488781.000000
2019-06-28,44.833398,45.286515,44.556493,45.059956,12315569.000000
2019-07-01,45.286515,45.311688,44.732705,44.833398,28004889.000000
2019-07-02,44.833398,45.034783,44.682359,44.908917,28454641.000000
2019-07-03,44.908917,46.167575,44.732705,45.966190,31755520.000000
2019-07-04,45.915844,46.318614,45.689285,46.016536,17737335.000000
2019-07-05,46.117229,46.318614,45.714459,46.243095,14742754.000000
2019-07-08,45.941017,46.142402,44.883744,45.588593,22971903.000000
2019-07-09,45.689285,45.714459,44.808225,44.908917,15850150.000000
2019-07-10,45.059956,45.362034,44.707532,45.311688,11823531.000000
2019-07-11,45.538246,45.991363,45.362034,45.941017,16203751.000000
2019-07-12,45.890671,46.142402,45.613766,45.840324,15276077.000000
2019-07-15,45.991363,46.142402,45.059956,45.789978,16257687.000000
2019-07-16,45.890671,46.142402,45.387207,45.588593,12779412.000000
2019-07-17,45.714459,45.764805,45.311688,45.538246,15412599.000000
2019-07-18,45.721352,46.924546,45.276694,46.349105,30017980.000000
2019-07-19,46.427574,46.976858,46.349105,46.976858,17798660.000000
2019-07-22,47.081484,47.604612,46.715295,47.578455,23515194.000000
2019-07-23,47.473830,47.866175,47.107640,47.604612,13451810.000000
2019-07-24,47.787706,47.840019,47.395361,47.552299,11687531.000000
2019-07-25,47.081484,47.683081,46.950702,47.656924,12691292.000000
2019-07-26,47.395361,48.546241,47.395361,48.389303,17987101.000000
2019-07-29,48.467772,49.566340,48.467772,49.173994,21169836.000000
2019-07-30,49.173994,49.592496,48.964743,49.017056,11654533.000000
2019-07-31,48.781649,49.017056,48.650867,48.964743,14279706.000000
2019-08-01,48.677023,49.487871,48.650867,49.069369,14884713.000000
2019-08-02,48.677023,49.330933,48.023114,49.147838,15471504.000000
2019-08-05,48.624710,48.912431,47.604612,47.735394,25033886.000000
2019-08-06,47.107640,48.572398,46.819920,47.970801,22711299.000000
2019-08-07,48.049270,48.703180,47.813863,47.944645,16291897.000000
2019-08-08,48.336990,49.749435,48.075426,49.487871,25626887.000000
2019-08-09,49.357089,49.540184,48.886274,49.330933,15484426.000000
2019-08-12,49.043213,49.435558,48.677023,49.095525,16703374.000000
2019-08-13,49.069369,49.069369,48.467772,48.990900,16077522.000000
2019-08-14,49.043213,49.514027,48.807805,49.226307,15742688.000000
2019-08-15,48.860118,49.304776,48.624710,49.278620,16077085.000000
2019-08-16,49.330933,49.827904,48.912431,49.827904,18919584.000000
2019-08-19,49.880217,51.397287,49.540184,51.057254,26004110.000000
2019-08-20,50.743377,51.214192,49.330933,49.435558,30603600.000000
2019-08-21,49.592496,49.906373,48.990900,49.095525,22781197.000000
2019-08-22,49.461715,49.461715,48.546241,49.173994,21503377.000000
2019-08-23,49.173994,49.592496,48.912431,49.435558,24389792.000000
2019-08-26,49.383245,49.984842,48.677023,49.304776,24266796.000000
2019-08-27,49.592496,50.691064,49.330933,50.167937,57422784.000000
2019-08-28,50.220250,50.272562,49.566340,49.801748,24580958.000000
2019-08-29,49.801748,49.906373,48.860118,49.121682,23133723.000000
2019-08-30,49.383245,49.409402,48.572398,48.703180,16410637.000000
2019-09-02,48.546241,48.807805,47.996957,48.075426,32398900.000000
2019-09-03,48.023114,48.990900,48.023114,48.755492,23359006.000000
2019-09-04,48.860118,49.043213,47.944645,48.467772,23752174.000000
2019-09-05,48.389303,48.755492,47.996957,48.310834,35314284.000000
2019-09-06,48.363147,48.650867,48.075426,48.650867,17095253.000000
2019-09-09,48.807805,48.807805,48.336990,48.493929,25970815.000000
2019-09-10,48.572398,48.833961,48.206208,48.807805,20560983.000000
2019-09-11,48.833961,48.833961,48.441616,48.781649,21286760.000000
2019-09-12,48.807805,49.330933,48.598554,49.304776,23380537.000000
2019-09-16,49.304776,49.775591,49.043213,49.697122,19622267.000000
2019-09-17,49.697122,49.749435,48.258521,48.415459,27394812.000000
2019-09-18,48.493929,49.357089,48.336990,49.147838,15177420.000000
2019-09-19,49.147838,49.278620,48.467772,48.781649,12668376.000000
2019-09-20,49.017056,49.357089,48.520085,49.357089,26269777.000000
2019-09-23,49.147838,49.173994,48.546241,48.938587,13952932.000000
2019-09-24,48.912431,49.697122,48.624710,49.644809,22065123.000000
2019-09-25,49.644809,49.644809,48.153896,48.232365,34868710.000000
2019-09-26,48.598554,48.755492,47.944645,48.180052,26200669.000000
2019-09-27,48.180052,48.336990,47.107640,47.604612,20640605.000000
2019-09-30,47.473830,48.180052,47.421517,47.683081,16455093.000000
2019-10-08,47.578455,48.807805,47.473830,48.598554,25516090.000000
2019-10-09,48.467772,48.703180,48.180052,48.310834,12411153.000000
2019-10-10,48.232365,48.232365,47.343048,47.709237,29766572.000000
2019-10-11,47.735394,48.232365,47.473830,48.049270,20313115.000000
2019-10-14,48.101583,48.284677,47.499986,47.683081,34011727.000000
2019-10-15,47.735394,47.735394,46.767607,46.819920,37767170.000000
2019-10-16,46.793764,47.159953,46.296793,46.584513,21275365.000000
2019-10-17,46.662982,47.029171,46.427574,46.741451,13811511.000000
2019-10-18,46.741451,46.898389,45.852134,46.375262,30118440.000000
2019-10-21,46.113698,46.375262,45.538258,45.564414,23943631.000000
2019-10-22,45.799821,46.113698,45.198225,46.087542,18831054.000000
2019-10-23,46.035229,46.479887,45.982916,46.453731,16691394.000000
2019-10-24,46.532200,46.793764,46.244480,46.453731,13319645.000000
2019-10-25,46.558356,46.558356,45.721352,46.532200,19551103.000000
2019-10-28,46.427574,46.924546,46.270636,46.375262,13653117.000000
2019-10-29,46.427574,46.427574,45.616727,45.773665,15384153.000000
2019-10-30,45.773665,46.349105,45.695196,46.009072,14412776.000000
2019-10-31,46.192167,46.715295,46.035229,46.715295,17666332.000000
2019-11-01,46.715295,46.872233,46.401418,46.767607,16187516.000000
2019-11-04,46.924546,47.238422,46.793764,47.081484,14090988.000000
2019-11-05,47.159953,47.526142,46.872233,47.290735,17251768.000000
2019-11-06,47.421517,47.421517,47.133797,47.264579,10905112.000000
2019-11-07,47.133797,47.212266,46.453731,46.610669,15754624.000000
2019-11-08,46.767607,47.238422,46.532200,47.081484,17452345.000000
2019-11-11,46.950702,47.264579,46.715295,47.081484,17068764.000000
2019-11-12,47.159953,47.499986,47.003015,47.316891,12934751.000000
2019-11-13,47.212266,47.395361,46.846077,47.055328,11572213.000000
2019-11-14,47.238422,47.343048,46.558356,46.584513,12913872.000000
2019-11-15,46.793764,47.290735,46.506044,46.950702,16776182.000000
2019-11-18,46.950702,47.343048,46.689138,47.264579,10549931.000000
2019-11-19,47.133797,47.499986,47.081484,47.264579,11089475.000000
2019-11-20,47.186110,47.709237,47.133797,47.395361,15125775.000000
2019-11-21,47.264579,47.526142,46.976858,47.081484,14043271.000000
2019-11-22,46.898389,47.055328,46.558356,46.819920,19060250.000000
2019-11-25,46.846077,47.578455,46.767607,47.473830,16863823.000000
2019-11-26,47.604612,48.075426,47.081484,48.049270,51867690.000000
2019-11-27,47.656924,47.656924,47.107640,47.316891,16784828.000000
2019-11-28,47.264579,47.447673,47.159953,47.395361,9960861.000000
2019-11-29,47.264579,47.473830,46.924546,47.421517,12602173.000000
2019-12-02,47.107640,47.526142,46.793764,46.924546,16158711.000000
2019-12-03,47.029171,47.081484,46.846077,46.950702,9856954.000000
2019-12-04,47.186110,47.186110,46.636826,46.924546,10437335.000000
2019-12-05,46.898389,47.003015,46.558356,46.636826,17320889.000000
2019-12-06,46.819920,46.846077,46.192167,46.636826,19479464.000000
2019-12-09,46.662982,46.924546,46.375262,46.872233,12312428.000000
2019-12-10,46.793764,46.950702,46.558356,46.662982,12162051.000000
2019-12-11,46.819920,47.107640,46.636826,47.107640,15480393.000000
2019-12-12,47.264579,48.258521,47.159953,48.180052,27769360.000000
2019-12-13,48.336990,49.173994,48.049270,48.415459,44525015.000000
2019-12-16,48.493929,49.461715,48.441616,49.252464,28193096.000000
2019-12-17,49.226307,49.409402,48.860118,49.095525,18947370.000000
2019-12-18,49.173994,49.173994,47.918488,48.127739,26588192.000000
2019-12-19,48.127739,48.441616,47.840019,48.153896,15406554.000000
2019-12-20,47.944645,48.232365,47.709237,47.840019,15737711.000000
2019-12-23,48.049270,48.101583,47.395361,47.761550,12523204.000000
2019-12-24,47.735394,47.735394,47.395361,47.604612,9272917.000000
2019-12-25,47.656924,47.656924,47.133797,47.290735,11489882.000000
2019-12-26,46.846077,47.656924,46.846077,47.552299,13508398.000000
2019-12-27,47.395361,47.630768,47.343048,47.578455,15405803.000000
2019-12-30,47.473830,48.284677,47.369204,48.049270,19115762.000000
2019-12-31,48.127739,48.180052,47.761550,48.075426,12076986.000000
2020-01-02,48.284677,48.650867,48.101583,48.310834,19128492.000000
2020-01-03,48.389303,48.781649,48.258521,48.572398,15438377.000000
2020-01-06,48.493929,48.677023,47.212266,47.604612,41550582.000000
2020-01-07,47.656924,47.761550,47.343048,47.578455,23210668.000000
2020-01-08,47.290735,47.526142,47.055328,47.212266,26440991.000000
2020-01-09,47.395361,47.421517,47.003015,47.316891,22783272.000000
2020-01-10,47.264579,47.395361,47.029171,47.081484,21789472.000000
2020-01-13,47.186110,47.447673,47.055328,47.264579,22600048.000000
2020-01-14,47.369204,47.630768,47.238422,47.552299,24428843.000000
2020-01-15,47.447673,47.656924,47.029171,47.107640,21077296.000000
2020-01-16,47.133797,47.290735,46.950702,47.133797,14824270.000000
2020-01-17,46.819920,47.107640,46.270636,46.401418,38758259.000000
2020-01-20,46.532200,46.924546,46.113698,46.741451,24809048.000000
2020-01-21,46.453731,46.715295,46.322949,46.532200,16378934.000000
2020-01-22,46.506044,46.506044,45.799821,46.035229,23808493.000000
2020-01-23,45.747509,45.956760,44.701253,44.858192,35236838.000000
2020-02-03,42.896463,44.910504,41.876364,44.805879,71860611.000000
2020-02-04,44.439690,46.558356,44.151969,45.276694,31544099.000000
2020-02-05,45.145912,45.642883,44.858192,45.276694,23123122.000000
2020-02-06,45.642883,45.642883,45.067443,45.616727,19288954.000000
2020-02-07,44.988974,46.950702,44.988974,46.793764,23702762.000000
2020-02-10,46.244480,46.636826,46.009072,46.113698,15774796.000000
2020-02-11,46.192167,46.636826,45.956760,46.035229,13079044.000000
2020-02-12,45.982916,46.009072,45.485945,45.982916,15671592.000000
2020-02-13,45.799821,46.139854,45.642883,46.035229,12350031.000000
2020-02-14,45.825978,46.139854,45.669039,46.087542,9857564.000000
2020-02-17,46.035229,46.322949,45.904447,46.270636,14494830.000000
2020-02-18,46.087542,46.218323,45.799821,45.825978,12598724.000000
2020-02-19,45.799821,46.009072,45.669039,45.825978,13894298.000000
2020-02-20,45.773665,46.192167,45.642883,46.087542,14517585.000000
2020-02-21,45.930603,46.061385,45.642883,45.852134,18204342.000000
2020-02-24,45.747509,45.852134,45.459788,45.538258,17173530.000000
2020-02-25,45.355163,45.669039,44.936661,44.936661,19210566.000000
2020-02-26,44.596628,44.832035,44.439690,44.465846,32040301.000000
2020-02-27,44.492002,45.119755,44.335064,45.067443,18545172.000000
2020-02-28,44.675097,45.093599,44.204282,44.544315,27402279.000000
2020-03-02,44.596628,45.538258,44.596628,45.145912,29042657.000000
2020-03-03,45.302850,46.244480,45.302850,45.956760,23409959.000000
2020-03-04,46.166011,46.427574,45.878291,46.009072,24047129.000000
2020-03-05,46.139854,46.427574,45.982916,46.349105,26793047.000000
2020-03-06,46.035229,46.349105,45.590570,45.721352,20378053.000000
2020-03-09,44.988974,46.087542,44.518159,45.642883,36880969.000000
2020-03-10,45.172068,46.453731,45.172068,46.139854,42178924.000000
2020-03-11,46.453731,46.506044,45.825978,46.009072,17664235.000000
2020-03-12,45.799821,46.009072,45.276694,45.642883,24377800.000000
2020-03-13,44.622784,45.250537,44.361220,44.465846,46350510.000000
2020-03-16,44.648941,44.832035,44.151969,44.256595,32306636.000000
2020-03-17,44.099657,45.119755,44.099657,44.282751,35655016.000000
2020-03-18,44.151969,44.439690,43.681155,43.733467,39957888.000000
2020-03-19,43.550373,43.890406,42.347179,42.791838,37504843.000000
2020-03-20,43.210340,43.707311,42.634899,43.131871,25714034.000000
2020-03-23,42.294866,43.550373,42.007146,43.210340,23149127.000000
2020-03-24,43.524216,44.439690,43.419591,44.230439,39793537.000000
2020-03-25,44.727410,44.832035,44.047344,44.544315,25514128.000000
2020-03-26,44.178126,44.492002,43.759624,44.021188,22871426.000000
2020-03-27,44.204282,44.387377,43.890406,44.230439,19258533.000000
2020-03-30,44.099657,44.753566,43.916562,44.727410,21155104.000000
2020-03-31,44.727410,45.433632,44.648941,45.224381,14925355.000000
2020-04-01,45.224381,45.381319,44.361220,44.544315,15777981.000000
2020-04-02,44.361220,45.407476,44.361220,45.145912,10826519.000000
2020-04-03,45.145912,45.329007,44.779723,45.041286,9093944.000000
2020-04-07,45.616727,45.616727,45.015130,45.119755,12646615.000000
2020-04-08,45.119755,45.172068,44.518159,45.015130,13834081.000000
2020-04-09,45.015130,45.015130,44.518159,44.622784,7143370.000000
2020-04-10,44.622784,44.779723,44.465846,44.596628,12450939.000000
2020-04-13,44.492002,44.805879,44.492002,44.753566,7554491.000000
2020-04-14,44.910504,45.172068,44.701253,45.067443,15833357.000000
2020-04-15,44.936661,45.302850,44.570472,44.648941,10667206.000000
2020-04-16,44.518159,45.067443,44.518159,44.858192,10597496.000000
2020-04-17,44.858192,44.936661,44.596628,44.779723,15844150.000000
2020-04-20,44.753566,44.832035,44.465846,44.465846,15790009.000000
2020-04-21,44.387377,44.727410,44.361220,44.701253,11237909.000000
2020-04-22,44.675097,45.041286,44.518159,45.041286,12213824.000000
2020-04-23,45.224381,45.459788,44.910504,45.250537,15129946.000000
2020-04-24,45.250537,45.904447,45.172068,45.852134,13959846.000000
2020-04-27,45.956760,46.924546,45.930603,46.061385,17453354.000000
2020-04-28,46.009072,46.715295,45.669039,46.427574,14354178.000000
2020-04-29,46.506044,46.532200,45.485945,46.061385,10922115.000000
2020-04-30,45.773665,46.166011,45.459788,45.642883,16404315.000000
2020-05-06,45.276694,45.773665,44.884348,45.093599,25305238.000000
2020-05-07,44.936661,44.936661,44.465846,44.544315,31859442.000000
2020-05-08,44.727410,44.910504,44.622784,44.701253,16272496.000000
2020-05-11,44.779723,45.067443,44.596628,44.884348,19485934.000000
2020-05-12,45.067443,45.381319,44.884348,45.041286,16408449.000000
2020-05-13,45.015130,45.093599,44.701253,44.936661,14783972.000000
2020-05-14,45.145912,45.145912,44.648941,44.858192,13664117.000000
2020-05-15,44.858192,44.936661,44.675097,44.884348,14899432.000000
2020-05-18,44.753566,44.805879,44.439690,44.570472,17083155.000000
2020-05-19,44.805879,44.805879,44.518159,44.518159,16911153.000000
2020-05-20,44.544315,44.622784,44.439690,44.570472,15499009.000000
2020-05-21,44.648941,44.675097,44.361220,44.518159,17408396.000000
2020-05-22,44.413533,44.465846,43.864249,43.864249,20304126.000000
2020-05-25,44.282751,44.701253,43.681155,44.648941,16468327.000000
2020-05-26,44.910504,44.936661,44.413533,44.622784,16366072.000000
2020-05-27,44.465846,44.622784,44.361220,44.413533,13344837.000000
2020-05-28,44.727410,45.642883,44.675097,45.642883,33264493.000000
2020-05-29,45.642883,45.642883,45.041286,45.485945,27617430.000000
2020-06-01,45.590570,46.872233,45.512101,46.558356,35636033.000000
2020-06-02,46.296793,47.081484,46.139854,47.081484,26802222.000000
2020-06-03,47.238422,47.813863,46.950702,47.499986,23115908.000000
2020-06-04,47.499986,47.656924,46.558356,46.558356,21446062.000000
2020-06-05,46.793764,46.950702,46.192167,46.427574,14609741.000000
2020-06-08,46.558356,47.212266,45.878291,46.793764,24252763.000000
2020-06-09,46.689138,47.264579,46.479887,47.133797,14341134.000000
2020-06-10,47.186110,47.186110,46.479887,46.741451,15471059.000000
2020-06-11,46.767607,46.898389,46.035229,46.035229,16938731.000000
2020-06-12,45.093599,45.982916,44.988974,45.852134,28964813.000000
2020-06-15,45.381319,45.616727,45.041286,45.067443,18774946.000000
2020-06-16,45.459788,46.322949,45.407476,46.139854,15780638.000000
2020-06-17,46.009072,47.369204,45.825978,46.872233,24628444.000000
2020-06-18,46.924546,47.866175,46.924546,47.578455,22714582.000000
2020-06-19,47.761550,48.127739,47.290735,47.526142,26659884.000000
2020-06-22,47.709237,48.023114,47.081484,47.630768,17608368.000000
2020-06-23,47.264579,49.435558,46.793764,49.043213,35929713.000000
2020-06-24,49.435558,50.874159,49.435558,49.932529,31514677.000000
2020-06-29,49.906373,50.429501,49.540184,49.644809,23172359.000000
2020-06-30,49.932529,50.507970,49.409402,49.540184,20943431.000000
2020-07-01,49.827904,50.874159,49.461715,50.874159,23263361.000000
2020-07-02,50.795690,50.978785,49.854060,50.089468,37449143.000000
2020-07-03,50.089468,50.507970,49.461715,49.932529,30354461.000000
2020-07-06,50.089468,51.188036,50.037155,50.507970,45461251.000000
2020-07-07,50.874159,51.475756,50.534126,50.534126,48896406.000000
2020-07-08,50.586439,51.004941,50.089468,50.167937,34453713.000000
2020-07-09,50.220250,50.429501,49.461715,49.775591,37718983.000000
2020-07-10,49.775591,50.560283,49.383245,49.409402,35662426.000000
2020-07-13,49.697122,50.691064,49.697122,50.115624,38983454.000000
2020-07-14,49.958686,51.397287,49.958686,50.769534,50222078.000000
2020-07-15,51.004941,52.286604,50.821846,52.208134,49864886.000000
2020-07-16,52.286604,52.312760,50.010999,50.037155,54179778.000000
2020-07-17,50.199879,50.850769,49.955795,50.471083,30812474.000000
2020-07-20,50.443963,50.986371,49.955795,50.552444,37164043.000000
2020-07-21,50.715167,51.420297,50.443963,50.633805,31920722.000000
2020-07-22,50.471083,51.203334,49.955795,50.633805,31740082.000000
2020-07-23,50.254120,50.850769,50.118518,50.606685,22894996.000000
2020-07-24,50.416842,50.606685,48.870979,49.359146,35287281.000000
2020-07-27,49.657471,50.389722,49.413387,50.254120,22644097.000000
2020-07-28,50.443963,51.094852,50.172759,50.606685,18751576.000000
2020-07-29,50.335481,50.552444,49.494748,50.362601,17578816.000000
2020-07-30,50.362601,50.823648,49.494748,49.711712,23398314.000000
2020-07-31,50.037156,50.552444,49.440507,49.820193,22591310.000000
2020-08-03,49.711712,50.362601,49.494748,49.711712,24453322.000000
2020-08-04,49.928675,49.955795,49.548989,49.765952,22932052.000000
2020-08-05,49.765952,50.010036,49.115063,49.277785,16104170.000000
2020-08-06,49.359146,49.440507,48.952340,49.006581,17398451.000000
2020-08-07,49.196424,49.250665,48.816738,49.033701,16762567.000000
2020-08-10,49.087942,49.440507,48.789618,48.979460,18684562.000000
2020-08-11,49.196424,49.250665,48.789618,49.006581,23022136.000000
2020-08-12,48.843858,49.006581,48.301450,48.870979,23410031.000000
2020-08-13,48.898099,49.250665,48.626895,48.870979,20007179.000000
2020-08-14,49.087942,49.413387,48.870979,49.386267,22803992.000000
2020-08-17,49.657471,49.955795,49.576109,49.820193,25113577.000000
2020-08-18,49.847314,49.955795,49.386267,49.467628,15758837.000000
2020-08-19,49.603230,50.877889,49.196424,50.254120,33466139.000000
2020-08-20,50.199879,51.474538,49.711712,51.474538,51829187.000000
2020-08-21,51.799983,52.125428,50.986371,51.501659,34279594.000000
2020-08-24,51.501659,51.935585,50.715167,51.284695,23161144.000000
2020-08-25,51.121973,51.311816,50.226999,50.308361,23162001.000000
2020-08-26,50.688046,51.013491,50.335481,50.769408,22500603.000000
2020-08-27,51.013491,51.013491,50.308361,50.633805,13996844.000000
2020-08-28,50.715167,51.610140,50.389722,51.501659,22526529.000000
2020-08-31,51.393177,53.047522,51.284695,52.342391,33687575.000000
2020-09-01,52.342391,53.020402,51.962706,52.966161,21978518.000000
2020-09-02,53.156004,53.589930,52.342391,53.291606,27213336.000000
2020-09-03,53.562810,55.217155,53.454328,54.295061,37817305.000000
2020-09-04,53.969616,54.973071,53.725532,54.267940,22773356.000000
2020-09-07,54.213700,55.596840,54.023857,54.457783,35390961.000000
2020-09-08,54.810349,55.461238,54.240820,54.240820,28269108.000000
2020-09-09,53.969616,54.756108,53.454328,54.213700,22893141.000000
2020-09-10,54.159459,54.756108,53.562810,54.430663,24355097.000000
2020-09-11,54.240820,55.461238,54.132338,55.217155,29648233.000000
2020-09-14,55.325636,56.898620,54.864589,56.681657,33140236.000000
2020-09-15,56.952861,56.952861,55.623961,55.840924,26966260.000000
2020-09-16,56.139249,56.301971,55.271396,55.895165,20250734.000000
2020-09-17,55.895165,56.274851,55.135794,55.379877,15724740.000000
2020-09-18,55.922285,56.464694,55.461238,56.166369,25885267.000000
2020-09-21,55.895165,56.139249,55.081553,55.108673,20830388.000000
2020-09-22,55.108673,55.678202,54.322181,54.376422,26062193.000000
2020-09-23,54.810349,54.945951,54.213700,54.267940,26953488.000000
2020-09-24,53.806893,53.806893,52.423753,52.613595,54987007.000000
2020-09-25,52.884799,52.884799,50.498203,51.149093,76887414.000000
2020-09-28,51.257575,52.288150,51.040612,51.664381,56440782.000000
2020-09-29,52.044067,52.152548,51.311816,51.637261,37740519.000000
2020-09-30,51.827104,52.016946,51.257575,51.881344,27013654.000000
2020-10-09,51.935585,52.152548,51.257575,51.420297,32284542.000000
2020-10-12,51.067732,52.613595,51.040612,52.206789,44437934.000000
2020-10-13,52.206789,52.694957,51.474538,52.423753,17099831.000000
2020-10-14,52.477993,52.613595,51.745742,51.854224,29041545.000000
2020-10-15,51.691501,51.962706,50.986371,51.610140,33201437.000000
2020-10-16,51.610140,51.908465,51.284695,51.284695,24393287.000000
2020-10-19,51.474538,51.827104,50.986371,51.040612,26737170.000000
2020-10-20,50.986371,51.230454,50.877889,51.094852,18628842.000000
2020-10-21,51.040612,51.664381,50.715167,51.528779,24895246.000000
2020-10-22,51.528779,51.718622,51.067732,51.528779,21483131.000000
2020-10-23,51.528779,51.528779,50.796528,50.796528,16603901.000000
2020-10-26,50.742287,51.610140,50.715167,51.501659,15553629.000000
2020-10-27,51.284695,52.071187,51.149093,51.772863,23753433.000000
2020-10-28,51.772863,52.288150,51.691501,51.881344,24608450.000000
2020-10-29,51.474538,51.772863,51.094852,51.257575,20243843.000000
2020-10-30,51.257575,51.962706,51.257575,51.420297,23855636.000000
2020-11-02,51.637261,53.834014,51.637261,53.671291,56606293.000000
2020-11-03,53.942495,54.701867,53.481449,54.240820,35107845.000000
2020-11-04,53.969616,54.376422,53.481449,54.105218,22494322.000000
2020-11-05,54.240820,55.569720,54.050977,55.190034,28630928.000000
2020-11-06,55.027312,55.379877,54.403542,55.217155,20149454.000000
2020-11-09,54.837469,55.732443,54.593385,55.217155,26274804.000000
2020-11-10,54.918830,56.030767,54.376422,54.837469,32449595.000000
2020-11-11,54.837469,56.220610,54.349302,55.705322,32962102.000000
2020-11-12,56.112128,56.491814,55.379877,55.895165,30257624.000000
2020-11-13,55.922285,55.922285,54.674747,55.217155,26749588.000000
2020-11-16,55.488359,55.569720,53.915375,54.186579,34346706.000000
2020-11-17,54.240820,54.240820,52.830559,53.020402,39550723.000000
2020-11-18,53.020402,54.078098,52.884799,53.617051,33951140.000000
2020-11-19,53.834014,54.132338,53.291606,53.806893,24802005.000000
2020-11-20,53.915375,53.942495,53.183124,53.725532,26249519.000000
2020-11-23,53.915375,54.105218,53.183124,53.969616,26988980.000000
2020-11-24,53.725532,54.023857,53.400087,53.454328,20574027.000000
2020-11-25,53.535689,53.644171,52.749197,52.776318,25165075.000000
2020-11-26,52.911920,54.918830,52.803438,54.864589,48835159.000000
2020-11-27,54.647626,55.081553,53.888255,55.081553,28095563.000000
2020-11-30,54.810349,56.139249,54.430663,54.539145,44332912.000000
2020-12-01,54.620506,55.298516,54.295061,55.054432,28801981.000000
2020-12-02,55.515479,55.515479,54.647626,54.783228,22263373.000000
2020-12-03,54.783228,55.000191,54.403542,54.891710,16141358.000000
2020-12-04,54.891710,55.000191,54.186579,54.566265,23919151.000000
2020-12-07,54.403542,54.539145,53.671291,53.698412,20664207.000000
2020-12-08,53.942495,53.969616,53.454328,53.779773,15628928.000000
2020-12-09,53.806893,54.647626,53.752653,54.484904,21621771.000000
2020-12-10,54.186579,54.512024,53.942495,54.105218,19335150.000000
2020-12-11,54.240820,55.054432,53.372967,54.267940,36804495.000000
2020-12-14,54.159459,54.322181,53.617051,53.617051,25462431.000000
2020-12-15,53.427208,53.698412,52.911920,52.966161,27371849.000000
2020-12-16,53.156004,53.834014,53.020402,53.589930,23667993.000000
2020-12-17,53.698412,54.512024,53.237365,53.752653,39596175.000000
2020-12-18,53.996736,54.295061,53.345846,53.562810,33052905.000000
2020-12-21,53.617051,53.806893,52.939040,53.101763,38493686.000000
2020-12-22,53.156004,53.183124,51.881344,51.935585,39091915.000000
2020-12-23,52.044067,52.125428,51.257575,51.664381,34774279.000000
2020-12-24,51.772863,51.935585,51.284695,51.474538,19792380.000000
2020-12-25,51.311816,52.803438,51.311816,52.396632,26097835.000000
2020-12-28,52.640716,52.830559,51.637261,51.881344,32232480.000000
2020-12-29,52.071187,52.179669,51.311816,51.474538,25488052.000000
2020-12-30,51.501659,52.016946,51.284695,51.610140,35889131.000000
2020-12-31,51.745742,52.071187,51.311816,51.962706,32605128.000000
2021-01-04,51.827104,51.881344,51.013491,51.257575,55780608.000000
2021-01-05,51.121973,51.257575,50.742287,51.230454,48757746.000000
2021-01-06,50.932130,52.098308,50.796528,52.098308,52294118.000000
2021-01-07,52.369512,53.074642,51.610140,52.152548,62097458.000000
2021-01-08,52.342391,52.749197,51.799983,52.450873,57476307.000000
2021-01-11,52.477993,52.667836,51.664381,51.799983,56735041.000000
2021-01-12,51.799983,51.962706,51.067732,51.962706,48818342.000000
2021-01-13,51.962706,52.749197,51.393177,52.667836,56515430.000000
2021-01-14,52.477993,53.183124,51.935585,52.016946,44384843.000000
2021-01-15,51.799983,52.396632,51.610140,52.071187,35074136.000000
2021-01-18,52.071187,52.206789,51.474538,51.799983,39875611.000000
2021-01-19,51.935585,52.830559,51.854224,52.613595,49734502.000000
2021-01-20,52.559355,52.559355,51.664381,51.799983,36650589.000000
2021-01-21,51.664381,52.044067,51.555899,51.881344,37561108.000000
2021-01-22,51.664381,51.772863,51.257575,51.284695,28348939.000000
2021-01-25,51.230454,51.583020,50.172759,51.257575,46984145.000000
2021-01-26,50.905010,51.664381,50.660926,51.501659,34066460.000000
2021-01-27,51.555899,52.179669,51.474538,51.962706,39582942.000000
2021-01-28,53.020402,54.945951,52.505114,54.240820,109097282.000000
2021-01-29,53.698412,54.647626,52.613595,53.372967,70772821.000000
2021-02-01,53.698412,53.698412,52.396632,52.694957,132064711.000000
2021-02-02,53.372967,53.617051,52.369512,52.911920,134633414.000000
2021-02-03,53.156004,53.481449,52.423753,52.830559,92892049.000000
2021-02-04,52.477993,53.101763,52.342391,52.939040,96214207.000000
2021-02-05,52.966161,53.318726,52.450873,52.694957,54269017.000000
2021-02-08,52.776318,54.322181,52.694957,52.884799,76477062.000000
2021-02-09,52.966161,53.210244,51.610140,52.288150,68625730.000000
2021-02-10,52.315271,53.671291,52.152548,53.400087,72887266.000000
2021-02-18,53.779773,54.105218,52.939040,53.237365,70000872.000000
2021-02-19,53.291606,54.512024,53.101763,54.186579,90788463.000000
2021-02-22,54.132338,54.132338,52.884799,53.047522,84434854.000000
2021-02-23,53.156004,53.996736,53.047522,53.508569,68130716.000000
2021-02-24,53.861134,53.888255,52.884799,53.183124,60547590.000000
2021-02-25,53.318726,54.023857,53.156004,53.698412,65349837.000000
2021-02-26,53.291606,54.213700,53.183124,53.562810,68862551.000000
2021-03-01,53.698412,53.779773,53.020402,53.345846,47855230.000000
2021-03-02,53.427208,54.457783,53.210244,53.562810,57678248.000000
2021-03-03,53.508569,54.376422,53.400087,54.322181,56249843.000000
2021-03-04,54.023857,55.813804,54.023857,54.973071,92043597.000000
2021-03-05,54.647626,55.108673,53.535689,54.783228,64137470.000000
2021-03-08,54.593385,55.651081,54.322181,54.783228,78175468.000000
2021-03-09,55.027312,57.169824,54.512024,54.918830,126622763.000000
2021-03-10,54.267940,54.973071,53.725532,53.969616,89849617.000000
2021-03-11,54.105218,55.190034,53.996736,54.783228,78544497.000000
2021-03-12,54.945951,59.583541,54.810349,57.820714,207504593.000000
2021-03-15,57.820714,58.905531,56.274851,56.790139,122706239.000000
2021-03-16,56.790139,57.224065,56.030767,56.708777,76341021.000000
2021-03-17,56.871500,56.952861,55.190034,55.379877,80167137.000000
2021-03-18,55.352757,55.949406,54.864589,55.406998,70928273.000000
2021-03-19,54.973071,56.085008,54.674747,55.515479,67477930.000000
2021-03-22,55.488359,57.874955,55.461238,57.522390,101953321.000000
2021-03-23,57.359667,58.146159,56.383332,56.871500,88793104.000000
2021-03-24,56.817259,57.034222,55.813804,56.356212,65449875.000000
2021-03-25,56.410453,57.142704,55.976526,57.115583,50522985.000000
2021-03-26,56.681657,57.386788,56.301971,56.491814,61999526.000000
2021-03-29,56.274851,57.902075,56.139249,57.657992,70832609.000000
2021-03-30,57.576630,58.227520,57.142704,58.146159,49654596.000000
2021-03-31,58.146159,58.308881,57.630871,58.146159,35827789.000000
2021-04-01,58.064798,58.932651,57.847835,58.661447,30377733.000000
2021-04-02,58.580086,58.580086,57.115583,57.278306,54592043.000000
2021-04-06,57.278306,57.522390,56.518934,56.817259,41859407.000000
2021-04-07,57.251186,57.468149,56.817259,57.305426,38701526.000000
2021-04-08,56.979981,57.224065,56.247730,56.573175,34768000.000000
2021-04-09,56.573175,56.925741,56.274851,56.546055,23521115.000000
2021-04-12,56.410453,57.902075,56.383332,57.468149,65645637.000000
2021-04-13,57.251186,57.603751,56.546055,57.007102,37492201.000000
2021-04-14,57.088463,57.169824,56.166369,56.301971,53201843.000000
2021-04-15,56.301971,56.491814,55.000191,55.108673,57600278.000000
2021-04-16,55.325636,55.895165,55.108673,55.515479,24951468.000000
2021-04-19,55.352757,55.976526,55.325636,55.623961,32216369.000000
2021-04-20,55.434118,55.949406,55.352757,55.895165,23126559.000000
2021-04-21,55.732443,56.003647,55.515479,55.868045,23863841.000000
2021-04-22,55.868045,56.003647,55.108673,55.325636,37710976.000000
2021-04-23,55.298516,55.325636,54.295061,55.271396,49810967.000000
2021-04-26,55.217155,55.461238,54.674747,54.674747,31879803.000000
2021-04-27,54.539145,54.945951,54.430663,54.566265,22683243.000000
2021-04-28,54.647626,54.783228,54.159459,54.566265,28506691.000000
2021-04-29,54.484904,54.756108,54.159459,54.593385,34505740.000000
2021-04-30,54.593385,54.647626,53.698412,54.159459,48161564.000000
2021-05-06,53.969616,54.430663,53.888255,53.942495,51696523.000000
2021-05-07,53.969616,54.159459,53.400087,53.589930,43386527.000000
2021-05-10,53.562810,53.806893,53.047522,53.345846,38721977.000000
2021-05-11,53.264485,54.105218,52.939040,53.942495,34332839.000000
2021-05-12,53.834014,54.159459,53.427208,53.617051,24864161.000000
2021-05-13,53.427208,53.915375,53.237365,53.589930,29963882.000000
2021-05-14,53.562810,53.617051,53.020402,53.291606,42437336.000000
2021-05-17,53.318726,53.969616,53.210244,53.589930,62956889.000000
2021-05-18,53.562810,53.671291,53.318726,53.671291,27127892.000000
2021-05-19,53.671291,53.698412,53.128883,53.183124,28453636.000000
2021-05-20,53.101763,53.210244,52.369512,52.694957,60053208.000000
2021-05-21,52.776318,53.264485,52.667836,53.156004,33774281.000000
2021-05-24,53.183124,53.291606,52.450873,52.559355,35296840.000000
2021-05-25,52.450873,53.806893,52.016946,53.725532,62591307.000000
2021-05-26,53.562810,53.589930,52.640716,52.667836,79505692.000000
2021-05-27,52.722077,52.939040,52.586475,52.722077,55929770.000000
2021-05-28,52.749197,53.400087,52.559355,53.345846,50076336.000000
2021-05-31,53.535689,53.861134,53.020402,53.861134,47957240.000000
2021-06-01,53.861134,54.430663,53.481449,54.050977,44219888.000000
2021-06-02,54.186579,54.376422,53.454328,53.752653,37983807.000000
2021-06-03,53.752653,54.322181,53.508569,53.969616,35400694.000000
2021-06-04,53.969616,54.295061,53.617051,53.888255,31669907.000000
2021-06-07,53.888255,53.888255,53.318726,53.535689,34970285.000000
2021-06-08,53.617051,53.969616,53.454328,53.752653,37369707.000000
2021-06-09,53.888255,55.135794,53.779773,55.108673,71481128.000000
2021-06-10,55.135794,55.868045,54.945951,55.108673,57558070.000000
2021-06-11,55.190034,56.491814,55.108673,56.112128,71395916.000000
2021-06-15,56.112128,56.274851,55.217155,55.406998,42807518.000000
2021-06-16,55.406998,55.840924,54.837469,55.325636,41239615.000000
2021-06-17,55.434118,56.193490,55.162914,55.325636,42176995.000000
2021-06-18,55.515479,55.651081,54.403542,54.457783,51320376.000000
2021-06-21,54.566265,54.620506,53.698412,54.078098,50894810.000000
2021-06-22,54.023857,55.108673,54.023857,54.647626,35805943.000000
2021-06-23,54.918830,55.271396,54.376422,54.973071,40278201.000000
2021-06-24,55.054432,55.461238,54.864589,55.325636,25744638.000000
2021-06-25,55.434118,56.193490,55.054432,55.976526,49038854.000000
2021-06-28,56.464694,58.173279,56.356212,56.871500,65612385.000000
2021-06-29,56.871500,56.871500,55.217155,55.596840,43255849.000000
2021-06-30,55.623961,56.166369,55.298516,55.976526,22981375.000000
2021-07-01,56.003647,56.817259,55.352757,56.654536,28521680.000000
2021-07-02,56.220610,56.274851,54.918830,55.054432,41188859.000000
2021-07-05,55.054432,55.325636,54.349302,54.593385,36482454.000000
2021-07-06,54.512024,56.193490,54.105218,54.973071,39685027.000000
2021-07-07,55.027312,55.406998,54.539145,55.081553,30192904.000000
2021-07-08,55.298516,55.461238,54.349302,55.081553,35703604.000000
2021-07-09,54.945951,55.325636,54.756108,55.081553,27799423.000000
2021-07-12,55.271396,55.379877,53.996736,54.132338,55671169.000000
2021-07-13,53.996736,54.810349,53.752653,54.756108,33766332.000000
2021-07-14,54.810349,54.945951,54.050977,54.810349,37805654.000000
2021-07-15,54.539145,55.162914,54.159459,55.000191,33177823.000000
2021-07-16,55.084451,55.084451,53.876582,54.185571,53981418.000000
2021-07-19,54.129391,54.578831,53.792312,54.494561,30581683.000000
2021-07-20,54.466471,54.606921,53.932762,54.185571,25392895.000000
2021-07-21,53.988942,54.185571,53.370962,53.399052,56025125.000000
2021-07-22,53.342872,53.595682,52.781072,52.921522,52133231.000000
2021-07-23,53.090062,53.258602,52.331633,52.781072,41983289.000000
2021-07-26,52.500173,53.146242,52.443993,52.921522,42187908.000000
2021-07-27,52.921522,52.949612,51.095674,51.488933,54495540.000000
2021-07-28,51.123764,52.865342,51.123764,52.696802,57849096.000000
2021-07-29,52.500173,53.005792,52.106913,52.219273,38512311.000000
2021-07-30,52.247363,53.370962,51.910283,53.370962,44409713.000000
2021-08-02,53.286692,53.483322,52.191183,53.090062,55085576.000000
2021-08-03,52.837252,53.342872,52.584443,53.033882,36380490.000000
2021-08-04,52.921522,54.129391,52.472083,53.539502,42254412.000000
2021-08-05,53.427142,53.932762,53.090062,53.792312,34706394.000000
2021-08-06,53.651862,53.708042,53.033882,53.511412,34953841.000000
2021-08-09,53.427142,54.494561,53.370962,54.354111,41614432.000000
2021-08-10,54.354111,54.972091,54.017032,54.915911,37597080.000000
2021-08-11,54.775461,55.196811,54.635011,54.972091,26019006.000000
2021-08-12,54.887821,55.786700,54.775461,55.309171,32114698.000000
2021-08-13,55.309171,55.561980,54.887821,55.056361,20331596.000000
2021-08-16,55.168721,55.533890,54.915911,55.533890,21945635.000000
2021-08-17,55.646250,56.039510,54.606921,55.140631,29365833.000000
2021-08-18,54.775461,55.590070,54.747371,55.309171,29307686.000000
2021-08-19,55.000181,56.039510,54.944001,55.955240,35463186.000000
2021-08-20,56.095690,56.376590,54.944001,55.758610,41924218.000000
2021-08-23,55.814790,56.966479,55.758610,56.179960,47135688.000000
2021-08-24,56.376590,56.601310,55.618160,55.758610,35559914.000000
2021-08-25,55.955240,55.983330,55.252991,55.421531,29716902.000000
2021-08-26,55.421531,55.590070,54.747371,54.775461,21795879.000000
2021-08-27,54.859731,55.477711,54.550741,54.859731,20067554.000000
2021-08-30,54.550741,54.719281,53.314782,53.623772,38315539.000000
2021-08-31,53.567592,54.550741,53.090062,54.326021,37974541.000000
2021-09-01,54.494561,56.151870,54.326021,55.674340,53595980.000000
2021-09-02,55.393441,56.179960,55.140631,56.123780,36644236.000000
2021-09-03,56.179960,56.601310,55.730520,56.348500,43772080.000000
2021-09-06,56.376590,56.938389,56.095690,56.236140,34986498.000000
2021-09-07,56.292320,56.629400,55.842880,56.264230,35907515.000000
2021-09-08,56.320410,57.444009,56.320410,57.106929,55497445.000000
2021-09-09,57.584459,57.612549,55.955240,57.275469,57850588.000000
2021-09-10,57.275469,57.668729,56.826030,57.303559,41591535.000000
2021-09-13,57.219289,58.005809,56.938389,57.247379,36884240.000000
2021-09-14,57.275469,57.415919,56.208050,56.432770,37538216.000000
2021-09-15,56.179960,56.404680,55.196811,55.365351,38454156.000000
2021-09-16,55.365351,56.797940,55.140631,55.505800,38912370.000000
2021-09-17,55.533890,57.528279,55.533890,57.050749,56124933.000000
2021-09-22,56.938389,60.927167,56.882210,60.000197,114253703.000000
2021-09-23,60.253007,61.601326,59.129408,59.635028,101364862.000000
2021-09-24,60.477727,60.533907,58.567608,59.241768,73281349.000000
2021-09-27,60.281097,60.842897,59.297948,60.618177,101965330.000000
2021-09-28,60.365367,61.966496,59.326038,61.208066,90481725.000000
2021-09-29,60.758627,62.415936,59.972107,62.135036,112240070.000000
2021-09-30,62.359756,62.584475,60.196827,61.797956,98750701.000000
2021-10-08,63.202455,63.230545,60.927167,61.657506,79536810.000000
2021-10-11,62.078856,62.275486,60.112557,60.730537,58759102.000000
2021-10-12,60.140647,60.618177,59.213678,59.915927,60442307.000000
2021-10-13,59.691207,59.691207,58.146259,58.567608,39810551.000000
2021-10-14,58.567608,58.848508,57.724909,58.090079,34687929.000000
2021-10-15,57.949629,58.736148,57.584459,58.567608,40582444.000000
2021-10-18,58.567608,59.663118,58.258619,59.157498,44454572.000000
2021-10-19,58.708058,60.112557,58.314798,59.859747,41116416.000000
2021-10-20,59.831657,60.056377,58.708058,58.960868,66022066.000000
2021-10-21,58.988958,59.213678,58.455248,59.185588,33962198.000000
2021-10-22,59.129408,59.326038,58.539518,58.988958,29844048.000000
2021-10-25,58.820418,59.972107,58.651878,59.073228,46293766.000000
2021-10-26,59.157498,59.691207,58.932778,59.438398,32898560.000000
2021-10-27,59.382218,59.747387,58.932778,59.747387,36028733.000000
2021-10-28,59.438398,59.691207,58.960868,59.354128,42075088.000000
2021-10-29,59.269858,59.691207,58.595698,59.691207,40708901.000000
2021-11-01,59.297948,60.168737,59.157498,60.056377,38304468.000000
2021-11-02,60.084467,60.196827,58.033899,58.848508,56946001.000000
2021-11-03,58.511428,59.803567,58.342888,59.466488,40879018.000000
2021-11-04,59.438398,59.747387,59.045138,59.157498,28026835.000000
2021-11-05,59.073228,59.354128,58.005809,58.033899,37251180.000000
2021-11-08,58.230529,58.258619,57.050749,57.163109,34285318.000000
2021-11-09,57.724909,57.837269,56.517040,57.135019,36674196.000000
2021-11-10,57.303559,57.303559,55.927150,56.601310,39771645.000000
2021-11-11,56.460860,56.854120,56.067600,56.545130,40208209.000000
2021-11-12,56.573220,56.713670,55.618160,56.095690,41982477.000000
2021-11-15,56.376590,56.938389,55.955240,56.657490,44991245.000000
2021-11-16,56.460860,56.826030,55.983330,56.179960,32493739.000000
2021-11-17,56.208050,56.713670,56.067600,56.348500,28935528.000000
2021-11-18,56.179960,56.545130,56.067600,56.292320,25736457.000000
2021-11-19,56.236140,56.938389,56.123780,56.769850,30307444.000000
2021-11-22,56.797940,56.966479,56.151870,56.151870,29310350.000000
2021-11-23,56.095690,56.236140,55.899060,56.123780,32949381.000000
2021-11-24,56.292320,56.292320,55.393441,55.590070,38276235.000000
2021-11-25,55.618160,55.927150,55.281081,55.590070,36655019.000000
2021-11-26,55.477711,55.477711,54.747371,54.859731,45569503.000000
2021-11-29,54.859731,54.859731,54.859731,54.859731,
2021-11-30,54.859731,54.859731,54.859731,54.859731,
2021-12-01,54.859731,54.859731,54.859731,54.859731,
2021-12-02,54.859731,54.859731,54.859731,54.859731,
2021-12-03,54.859731,54.859731,54.859731,54.859731,
2021-12-06,54.859731,54.859731,54.859731,54.859731,
2021-12-07,54.859731,54.859731,54.859731,54.859731,
2021-12-08,54.859731,54.859731,54.859731,54.859731,
2021-12-09,54.859731,54.859731,54.859731,54.859731,
2021-12-10,54.859731,54.859731,54.859731,54.859731,
2021-12-13,60.309187,60.337277,57.640639,58.595698,240466334.000000
2021-12-14,57.724909,61.151886,57.163109,60.899077,152816972.000000
2021-12-15,60.477727,61.460876,60.393457,61.320426,81044609.000000
2021-12-16,61.179976,61.854136,60.814807,61.854136,58378768.000000
2021-12-17,61.713686,62.303576,61.292336,61.545146,56888435.000000
2021-12-20,61.067617,61.882226,60.365367,61.095706,48784938.000000
2021-12-21,61.320426,62.191216,61.039527,61.741776,36284002.000000
2021-12-22,61.769866,62.303576,61.601326,61.826046,30735728.000000
2021-12-23,61.854136,62.528295,61.545146,62.359756,32436286.000000
2021-12-24,62.275486,64.691224,61.994586,62.837285,50644778.000000
2021-12-27,62.781105,63.792345,61.966496,62.781105,33915757.000000
2021-12-28,63.033915,63.342905,62.135036,62.837285,39586585.000000
2021-12-29,62.837285,62.949645,62.163126,62.500205,29148289.000000
2021-12-30,62.275486,63.483355,62.078856,63.286725,33339376.000000
2021-12-31,63.118185,64.101334,63.118185,63.764255,31889449.000000
2022-01-04,64.017064,64.326054,63.342905,64.157514,47207944.000000
2022-01-05,63.904705,64.410324,63.342905,64.017064,44243779.000000
2022-01-06,63.651895,63.988974,61.685596,61.826046,62904384.000000
2022-01-07,62.247396,62.865375,61.488966,62.247396,35547313.000000
2022-01-10,62.135036,63.174365,62.135036,62.921555,32650652.000000
2022-01-11,63.062005,64.578864,62.865375,63.202455,45618790.000000
2022-01-12,63.118185,63.539535,61.854136,62.556385,35022982.000000
2022-01-13,62.640655,63.202455,62.078856,62.809195,34248577.000000
2022-01-14,62.977735,63.651895,61.882226,63.062005,40524229.000000
2022-01-17,63.062005,64.438414,63.033915,63.539535,42897062.000000
2022-01-18,63.651895,64.550774,63.230545,64.213694,36599162.000000
2022-01-19,64.157514,64.719314,63.904705,64.466504,34865674.000000
2022-01-20,64.522684,66.067633,64.241784,64.831674,59563610.000000
2022-01-21,64.803584,65.253024,64.073244,64.550774,35471714.000000
2022-01-24,64.550774,65.112574,63.792345,64.185604,26991917.000000
2022-01-25,63.708075,64.185604,63.033915,63.033915,30261535.000000
2022-01-26,63.090095,63.960884,62.893465,63.399085,22026011.000000
2022-01-27,63.427175,63.483355,62.163126,62.865375,32410924.000000
2022-01-28,63.146275,63.483355,61.517056,61.573236,35244949.000000
2022-02-07,62.078856,63.427175,61.769866,62.893465,31043747.000000
2022-02-08,63.062005,65.224934,62.893465,65.224934,38321462.000000
2022-02-09,65.309203,65.842913,64.494594,65.533923,38855076.000000
2022-02-10,65.871003,66.826062,65.140664,66.797972,34539084.000000
2022-02-11,66.769882,67.247412,66.348533,66.685613,28605749.000000
2022-02-14,66.685613,66.685613,65.084484,65.702463,31333357.000000
2022-02-15,65.674373,65.927183,64.606954,64.887854,24917520.000000
2022-02-16,65.056394,65.702463,64.803584,64.859764,22036550.000000
2022-02-17,64.859764,65.758643,64.719314,65.281114,31402561.000000
2022-02-18,65.281114,65.477743,64.635044,65.253024,18501627.000000
2022-02-21,64.887854,65.168754,64.354144,64.747404,18515111.000000
2022-02-22,64.466504,64.606954,63.764255,64.157514,23565507.000000
2022-02-23,64.326054,64.550774,63.708075,64.045154,26258735.000000
2022-02-24,64.157514,64.691224,63.314815,63.651895,41480293.000000
2022-02-25,63.792345,64.326054,63.595715,63.904705,38662399.000000
2022-02-28,64.073244,65.224934,63.792345,65.112574,39821079.000000
2022-03-01,65.168754,65.674373,64.775494,65.365383,27721136.000000
2022-03-02,65.365383,66.460893,65.112574,66.208083,33156974.000000
2022-03-03,66.573253,67.500222,66.320443,67.275502,38573408.000000
2022-03-04,67.135052,67.556402,66.011453,67.275502,40590487.000000
2022-03-07,67.050782,67.837302,66.657523,66.910332,56662099.000000
2022-03-08,66.882242,67.022692,64.803584,65.168754,68797615.000000
2022-03-09,65.309203,66.179993,62.949645,64.550774,72997469.000000
2022-03-10,65.309203,65.449653,63.708075,63.792345,46414984.000000
2022-03-11,63.483355,63.651895,62.078856,63.483355,44014302.000000
2022-03-14,62.977735,64.326054,62.724925,63.202455,45009506.000000
2022-03-15,62.893465,62.921555,59.073228,59.410308,76119235.000000
2022-03-16,60.112557,63.314815,59.241768,62.865375,75780925.000000
2022-03-17,63.483355,63.567625,61.320426,61.517056,61437709.000000
2022-03-18,61.460876,62.331666,61.011437,61.179976,99662949.000000
2022-03-21,61.797956,61.797956,60.365367,60.814807,41267879.000000
2022-03-22,60.955257,62.219306,60.758627,61.910316,31552597.000000
2022-03-23,62.078856,62.444026,61.236156,61.488966,32225242.000000
2022-03-24,60.983347,61.432786,60.533907,60.590087,34064522.000000
2022-03-25,60.449637,60.955257,59.803567,59.859747,25319503.000000
2022-03-28,59.550758,61.376606,58.736148,61.095706,45018266.000000
2022-03-29,60.899077,61.573236,60.702447,61.264246,29555632.000000
2022-03-30,61.460876,61.797956,60.842897,61.517056,40088137.000000
2022-03-31,61.517056,62.163126,61.039527,61.797956,29652360.000000
2022-04-01,61.629416,62.612565,61.292336,62.415936,29641444.000000
2022-04-06,61.854136,63.118185,61.854136,62.809195,36117220.000000
2022-04-07,62.893465,63.904705,62.528295,63.679985,36059049.000000
2022-04-08,63.764255,65.281114,63.595715,65.168754,41276598.000000
2022-04-11,65.393473,65.533923,64.017064,64.438414,45370869.000000
2022-04-12,65.084484,65.449653,64.017064,64.719314,41289587.000000
2022-04-13,64.494594,65.365383,64.326054,64.859764,28301179.000000
2022-04-14,64.859764,66.011453,64.691224,65.281114,26045020.000000
2022-04-15,65.253024,66.179993,65.168754,65.730553,21012568.000000
2022-04-18,65.253024,65.758643,64.185604,64.466504,25614560.000000
2022-04-19,64.691224,65.927183,64.635044,65.140664,44550874.000000
2022-04-20,65.393473,66.067633,64.719314,65.590103,41543383.000000
2022-04-21,65.337293,66.488983,65.224934,66.123813,57129450.000000
2022-04-22,65.758643,66.545163,64.691224,66.545163,95057064.000000
2022-04-25,65.983363,66.657523,64.354144,64.382234,77673245.000000
2022-04-26,64.382234,65.702463,64.213694,65.140664,43810129.000000
2022-04-27,65.393473,65.562013,63.679985,64.269874,61346691.000000
2022-04-28,63.708075,64.775494,63.090095,64.635044,49160008.000000
2022-04-29,64.578864,64.859764,63.342905,63.820435,59442955.000000
2022-05-05,64.185604,65.253024,63.820435,64.831674,45670665.000000
2022-05-06,64.550774,65.309203,63.483355,63.820435,34163073.000000
2022-05-09,63.848525,63.960884,62.556385,62.753015,28366766.000000
2022-05-10,62.753015,64.185604,62.106946,64.157514,46298689.000000
2022-05-11,63.904705,64.326054,63.118185,63.342905,55381648.000000
2022-05-12,63.455265,63.988974,62.106946,62.668745,40474973.000000
2022-05-13,62.921555,65.253024,62.584475,65.253024,56449983.000000
2022-05-16,65.337293,65.449653,64.410324,64.578864,33705730.000000
2022-05-17,65.028304,65.365383,64.326054,64.606954,34034819.000000
2022-05-18,64.831674,64.831674,63.511445,63.988974,38373622.000000
2022-05-19,63.820435,65.449653,63.736165,65.393473,48520217.000000
2022-05-20,65.730553,66.826062,65.168754,65.449653,56244260.000000
2022-05-23,66.011453,66.011453,63.820435,64.326054,52352823.000000
2022-05-24,64.073244,64.972124,63.904705,64.297964,37889562.000000
2022-05-25,64.719314,65.421563,64.438414,65.196844,40391345.000000
2022-05-26,65.590103,66.966512,65.196844,66.854152,58599755.000000
2022-05-27,67.387862,67.472132,66.517073,66.629433,45612956.000000
2022-05-30,67.078872,67.500222,66.179993,66.685613,40461216.000000
2022-05-31,66.573253,67.528312,66.320443,67.472132,44294751.000000
2022-06-01,67.472132,68.342921,66.994602,68.062022,47790683.000000
2022-06-02,67.556402,67.977752,66.966512,67.191232,39928315.000000
2022-06-06,67.444042,68.118201,66.151903,67.781122,54285780.000000
2022-06-07,67.472132,67.528312,66.320443,66.488983,51553384.000000
2022-06-08,66.854152,66.966512,66.208083,66.769882,38133672.000000
2022-06-09,66.545163,67.528312,66.376623,66.601343,49443257.000000
2022-06-10,66.517073,67.584492,66.460893,67.472132,85995632.000000
2022-06-13,66.685613,67.163142,65.140664,65.393473,91321874.000000
2022-06-14,65.084484,67.472132,65.084484,67.415952,76571228.000000
2022-06-15,67.359772,67.640672,66.404713,66.488983,52500243.000000
2022-06-16,66.685613,66.769882,65.253024,65.253024,60401944.000000
2022-06-17,65.562013,66.460893,65.421563,66.292353,51834727.000000
2022-06-20,66.011453,66.067633,64.831674,64.972124,63154059.000000
2022-06-21,64.972124,65.309203,64.606954,65.028304,42543068.000000
2022-06-22,65.140664,65.421563,64.803584,65.168754,48432642.000000
2022-06-23,65.168754,65.253024,64.691224,64.887854,49104658.000000
2022-06-24,64.915944,65.702463,64.691224,65.646283,57315889.000000
2022-06-27,65.590103,65.983363,65.196844,65.477743,49160797.000000
2022-06-28,65.449653,65.449653,64.803584,64.915944,57584123.000000
2022-06-29,64.887854,65.140664,64.410324,65.028304,59053459.000000
2022-06-30,64.944034,65.140664,64.466504,64.944034,39114256.000000
2022-07-01,67.415952,68.876631,67.050782,68.314831,129709278.000000
2022-07-04,68.399101,69.017081,67.556402,68.399101,66012991.000000
2022-07-05,68.342921,68.848541,67.556402,68.090112,53458761.000000
2022-07-06,68.202471,68.258651,67.359772,67.584492,38844812.000000
2022-07-07,67.865392,68.680001,67.696852,67.696852,39257808.000000
2022-07-08,67.696852,68.258651,67.106962,67.977752,41570046.000000
2022-07-11,68.764271,70.196860,68.764271,69.354161,67338550.000000
2022-07-12,69.354161,70.449670,69.297981,69.944050,52240262.000000
2022-07-13,70.224950,70.730570,69.663150,70.140680,46203331.000000
2022-07-14,70.224950,70.281130,69.269891,69.831690,58877214.000000
2022-07-15,69.410341,69.747420,68.258651,68.258651,62175737.000000
2022-07-18,68.455281,70.590120,68.455281,70.084500,60676110.000000
2022-07-19,70.590120,70.646300,69.606970,70.365400,45416380.000000
2022-07-20,70.786750,70.983379,69.831690,70.056410,37060174.000000
2022-07-21,71.072993,71.072993,69.562655,69.736925,34386825.000000
2022-07-22,69.765970,70.579228,69.330296,70.085464,32832204.000000
2022-07-25,70.201644,70.404959,69.591700,69.998329,24171943.000000
2022-07-26,69.940240,70.434004,69.736925,69.998329,26651307.000000
2022-07-27,69.998329,70.172599,69.417430,69.475520,25884416.000000
2022-07-28,69.562655,70.288779,69.126981,69.417430,29332577.000000
2022-07-29,69.678835,70.375914,69.214116,69.359341,35680122.000000
2022-08-01,69.359341,69.707880,68.604172,69.068891,36812879.000000
2022-08-02,68.691307,69.185071,68.255633,68.604172,39520497.000000
2022-08-03,68.749397,69.185071,67.994228,68.081363,32041251.000000
2022-08-04,68.400857,69.417430,67.994228,69.272206,31461870.000000
2022-08-05,69.475520,69.998329,69.126981,69.940240,24037130.000000
2022-08-08,69.911195,70.579228,69.736925,70.114509,18678932.000000
2022-08-09,70.114509,70.521139,69.707880,69.795015,21361122.000000
2022-08-10,69.998329,70.085464,69.126981,69.388386,17513592.000000
2022-08-11,69.446475,69.998329,69.039846,69.707880,25841078.000000
2022-08-12,69.707880,70.404959,69.533610,70.375914,21329101.000000
2022-08-15,70.056419,70.579228,69.562655,69.736925,28233868.000000
2022-08-16,69.795015,70.434004,69.243161,69.417430,33441208.000000
2022-08-17,69.330296,69.330296,67.907093,68.429902,56331823.000000
2022-08-18,68.197543,68.662262,67.907093,67.965183,28085193.000000
2022-08-19,67.500464,68.604172,67.180969,68.517037,38374597.000000
2022-08-22,68.139453,69.097936,68.052318,68.197543,30810909.000000
2022-08-23,68.110408,68.197543,67.413329,67.471419,37674728.000000
2022-08-24,67.471419,68.023273,67.239059,67.268104,27668510.000000
2022-08-25,67.413329,68.691307,67.413329,68.517037,28182405.000000
2022-08-26,68.487992,68.487992,67.587599,67.936138,27953268.000000
2022-08-29,67.529509,68.110408,67.239059,67.674734,26674263.000000
2022-08-30,67.674734,67.878048,67.151924,67.616644,23044041.000000
2022-08-31,67.761868,69.649790,67.616644,69.649790,81005310.000000
2022-09-01,68.923666,69.940240,68.604172,69.446475,37780591.000000
2022-09-02,69.417430,70.201644,68.923666,69.185071,29159665.000000
2022-09-05,68.865576,69.417430,68.284677,69.185071,31153878.000000
2022-09-06,69.272206,69.649790,68.923666,68.981756,34337064.000000
2022-09-07,68.546082,68.662262,68.023273,68.458947,42395172.000000
2022-09-08,68.604172,69.272206,68.342767,68.691307,25944649.000000
2022-09-09,68.981756,69.882150,68.720352,69.446475,35435266.000000
2022-09-13,69.272206,69.446475,68.720352,69.097936,27334621.000000
2022-09-14,68.836532,69.504565,68.662262,68.836532,21875898.000000
2022-09-15,68.894621,69.649790,68.575127,68.894621,40583136.000000
2022-09-16,68.923666,69.243161,68.139453,68.139453,39881492.000000
2022-09-19,68.342767,68.633217,67.994228,68.197543,28128675.000000
2022-09-20,68.197543,68.371812,67.965183,68.023273,23548580.000000
2022-09-21,68.023273,68.487992,67.732823,68.052318,24972842.000000
2022-09-22,67.878048,68.255633,67.558554,68.023273,23391977.000000
2022-09-23,67.645689,68.284677,67.645689,67.761868,27506334.000000
2022-09-26,67.616644,68.023273,66.948610,66.948610,40268596.000000
2022-09-27,66.861475,66.977655,65.438272,65.932036,60400730.000000
2022-09-28,65.873947,65.902992,65.002598,65.234958,62473767.000000
2022-09-29,65.147823,65.873947,64.450744,65.060688,55438353.000000
2022-09-30,65.060688,66.367711,64.712149,66.048216,42332479.000000
2022-10-10,66.774340,68.081363,66.512935,67.849003,64409084.000000
2022-10-11,67.732823,68.168498,67.442374,68.023273,37252236.000000
2022-10-12,67.965183,68.226588,66.803385,67.413329,44907495.000000
2022-10-13,66.571025,67.500464,65.525407,66.919565,56502513.000000
2022-10-14,66.890520,67.384284,66.367711,66.687205,36385221.000000
2022-10-17,66.919565,66.919565,66.106306,66.106306,29153462.000000
2022-10-18,66.106306,66.541980,65.380182,65.496362,41531945.000000
2022-10-19,65.409227,65.786812,64.886418,64.973553,33876956.000000
2022-10-20,64.857373,65.322093,64.595969,64.886418,36815463.000000
2022-10-21,64.741194,65.641587,64.508834,65.089733,61041603.000000
2022-10-24,65.031643,65.612542,63.056586,63.405126,71872808.000000
2022-10-25,63.898890,64.770239,63.637485,63.927935,51341475.000000
2022-10-26,63.927935,63.927935,63.927935,63.927935,
2022-10-27,63.956980,64.450744,60.645856,60.965350,107502338.000000
2022-10-28,60.965350,61.720519,59.803552,60.064957,99698686.000000
2022-10-31,58.932204,60.123047,58.118945,58.845069,98338956.000000
2022-11-01,58.816024,59.280743,57.973720,59.019338,96142880.000000
2022-11-02,58.961249,59.600237,58.235125,59.425968,76192004.000000
2022-11-03,59.106473,59.164563,57.770406,58.031810,74645183.000000
2022-11-04,57.683271,58.874114,57.363776,58.496529,84883320.000000
2022-11-07,58.235125,58.757934,58.002765,58.496529,69465783.000000
2022-11-08,58.583664,59.077428,57.944675,58.235125,78815126.000000
2022-11-09,58.293215,58.670799,58.235125,58.438439,48328720.000000
2022-11-10,58.467484,58.525574,57.770406,58.089900,42333812.000000
2022-11-11,58.816024,59.687372,58.177035,59.396923,97716231.000000
2022-11-14,59.658327,59.832597,58.380350,58.583664,73575498.000000
2022-11-15,58.583664,61.604339,58.264170,61.023440,101353082.000000
2022-11-16,60.703946,61.488159,60.442541,61.139620,55194522.000000
2022-11-17,60.936305,61.807654,60.703946,61.749564,50039275.000000
2022-11-18,61.807654,62.098103,60.878215,61.139620,31691846.000000
2022-11-21,60.936305,61.430069,60.152091,61.255800,24479450.000000
2022-11-22,61.255800,62.156193,60.791080,62.010968,39772057.000000
2022-11-23,61.865744,62.998497,61.807654,62.040013,42562401.000000
2022-11-24,62.446643,62.969452,62.040013,62.098103,24066726.000000
2022-11-25,61.981923,63.434171,61.894788,63.347036,32868081.000000
2022-11-28,62.591867,63.027541,61.633384,62.446643,42766501.000000
2022-11-29,62.737092,62.737092,61.720519,62.069058,63394494.000000
2022-11-30,61.865744,62.301418,61.633384,61.633384,54158729.000000
2022-12-01,61.923833,62.243328,61.546249,61.604339,49977367.000000
2022-12-02,61.459114,62.214283,61.459114,62.069058,36981589.000000
2022-12-05,62.214283,62.882317,61.923833,62.591867,49875326.000000
2022-12-06,62.301418,62.446643,61.720519,61.778609,36275370.000000
2022-12-07,61.923833,62.010968,60.471586,60.762035,62281175.000000
2022-12-08,60.616811,61.139620,60.123047,60.703946,43771186.000000
2022-12-09,60.674901,60.994395,60.442541,60.762035,44792004.000000
2022-12-12,60.587766,60.994395,59.803552,60.064957,34592179.000000
2022-12-13,60.064957,60.268271,59.367878,59.948777,33409532.000000
2022-12-14,59.919732,60.210181,59.425968,59.977822,34451088.000000
2022-12-15,59.716417,60.152091,59.396923,59.600237,38225567.000000
2022-12-16,59.571192,60.587766,59.455013,60.587766,39903558.000000
2022-12-19,60.297316,60.703946,59.106473,59.396923,46247419.000000
2022-12-20,59.396923,59.832597,58.990293,59.193608,31332782.000000
2022-12-21,59.309788,59.658327,58.961249,59.425968,27517508.000000
2022-12-22,59.745462,60.064957,58.845069,59.135518,36090866.000000
2022-12-23,58.990293,59.425968,58.757934,59.280743,35590613.000000
2022-12-26,59.309788,59.542147,59.048383,59.164563,29202135.000000
2022-12-27,59.455013,59.832597,59.251698,59.658327,38336910.000000
2022-12-28,59.484058,60.181136,59.425968,60.035912,50317228.000000
2022-12-29,60.703946,61.197710,59.629282,60.413496,53996393.000000
2022-12-30,60.355406,61.139620,60.152091,60.994395,45920545.000000
2023-01-03,60.849170,61.197710,60.413496,60.732990,36799242.000000
2023-01-04,60.936305,60.936305,60.297316,60.500631,27346567.000000
2023-01-05,60.703946,60.907260,60.152091,60.326361,43991625.000000
2023-01-06,60.297316,60.732990,59.745462,60.674901,48849112.000000
2023-01-09,60.820125,60.849170,60.123047,60.355406,35134351.000000
2023-01-10,60.181136,60.558721,59.832597,59.919732,40813046.000000
2023-01-11,60.355406,61.342934,60.326361,60.471586,64529304.000000
2023-01-12,60.558721,60.703946,60.006867,60.064957,47777789.000000
2023-01-13,60.123047,60.965350,59.977822,60.791080,51529502.000000
2023-01-16,60.762035,61.284844,60.558721,60.907260,60545144.000000
2023-01-17,60.762035,61.139620,60.035912,60.064957,67700842.000000
2023-01-18,60.210181,60.471586,60.006867,60.123047,42253375.000000
2023-01-19,60.123047,60.123047,59.222653,59.309788,80667736.000000
2023-01-20,59.629282,61.081530,59.396923,61.081530,123271384.000000
2023-01-30,61.342934,61.459114,60.703946,60.732990,65850507.000000
2023-01-31,59.716417,60.703946,59.716417,60.384451,67178890.000000
2023-02-01,60.558721,60.645856,59.861642,60.384451,51426955.000000
2023-02-02,60.413496,61.052485,59.977822,60.849170,58870814.000000
2023-02-03,60.587766,60.907260,60.355406,60.762035,45238723.000000
2023-02-06,60.471586,61.023440,60.239226,60.936305,38557113.000000
2023-02-07,61.023440,62.098103,60.965350,61.865744,62851237.000000
2023-02-08,61.865744,62.359508,61.778609,62.069058,38867157.000000
2023-02-09,62.069058,62.417598,61.749564,61.836699,36975075.000000
2023-02-10,61.865744,61.952878,61.255800,61.604339,28584682.000000
2023-02-13,61.401024,61.633384,61.110575,61.313889,33515674.000000
2023-02-14,61.342934,61.575294,61.139620,61.459114,25568128.000000
2023-02-15,61.430069,61.604339,60.878215,61.139620,34634852.000000
2023-02-16,61.052485,61.430069,60.471586,60.849170,49790837.000000
2023-02-17,60.820125,61.168665,60.210181,60.297316,44943465.000000
2023-02-20,60.210181,61.691474,60.210181,61.517204,51260603.000000
2023-02-21,61.517204,61.923833,61.342934,61.778609,36978759.000000
2023-02-22,61.778609,61.952878,61.401024,61.401024,24314623.000000
2023-02-23,61.459114,61.633384,61.139620,61.255800,35605674.000000
2023-02-24,61.110575,61.371979,60.994395,61.052485,41600147.000000
2023-02-27,60.907260,61.371979,60.703946,60.849170,30654965.000000
2023-02-28,60.994395,61.575294,60.820125,61.459114,37009183.000000
2023-03-01,61.430069,62.301418,61.342934,61.720519,70093378.000000
2023-03-02,61.459114,61.778609,61.139620,61.691474,56860764.000000
2023-03-03,61.720519,62.185238,61.575294,61.952878,62429629.000000
2023-03-06,62.098103,62.359508,61.575294,61.749564,62327407.000000
2023-03-07,61.778609,62.098103,61.284844,61.371979,64587484.000000
2023-03-08,61.168665,61.342934,60.558721,60.878215,68185012.000000
2023-03-09,60.936305,60.936305,60.384451,60.413496,53323480.000000
2023-03-10,60.152091,60.558721,60.152091,60.268271,48071143.000000
2023-03-13,60.268271,60.965350,60.152091,60.820125,57281864.000000
2023-03-14,60.762035,61.430069,60.645856,61.197710,72088673.000000
2023-03-15,61.284844,61.459114,60.674901,61.023440,54304126.000000
2023-03-16,60.878215,61.865744,60.732990,61.604339,81140240.000000
2023-03-17,61.865744,62.446643,61.575294,61.575294,63824085.000000
2023-03-20,61.517204,62.040013,60.762035,60.849170,49795580.000000
2023-03-21,60.907260,61.284844,60.762035,60.820125,38445197.000000
2023-03-22,61.430069,61.633384,60.762035,60.907260,49053426.000000
2023-03-23,60.849170,60.936305,60.442541,60.762035,53213263.000000
2023-03-24,60.762035,60.965350,60.210181,60.355406,62181759.000000
2023-03-27,60.384451,60.471586,58.903159,59.019338,123232225.000000
2023-03-28,59.193608,59.193608,58.147990,58.612709,129854130.000000
2023-03-29,58.903159,60.384451,58.728889,60.181136,176296890.000000
2023-03-30,59.977822,61.749564,59.977822,61.633384,159621891.000000
2023-03-31,61.633384,61.981923,61.401024,61.720519,72290018.000000
2023-04-03,61.575294,61.720519,61.226755,61.284844,41684038.000000
2023-04-04,61.255800,61.865744,61.168665,61.778609,52356977.000000
2023-04-06,61.691474,61.807654,61.313889,61.575294,24502746.000000
2023-04-07,61.604339,61.749564,61.023440,61.226755,29018013.000000
2023-04-10,61.517204,61.836699,61.255800,61.691474,32278514.000000
2023-04-11,61.836699,61.923833,61.284844,61.807654,40730152.000000
2023-04-12,61.865744,62.417598,61.633384,62.156193,41829940.000000
2023-04-13,62.069058,62.301418,61.284844,61.430069,46973874.000000
2023-04-14,61.604339,62.069058,61.517204,61.604339,38191401.000000
2023-04-17,61.575294,61.865744,61.371979,61.865744,42052138.000000
2023-04-18,61.865744,62.040013,61.488159,61.749564,41355933.000000
2023-04-19,61.807654,61.981923,61.139620,61.226755,72376937.000000
2023-04-20,61.255800,61.488159,60.936305,61.371979,47577894.000000
2023-04-21,61.401024,62.243328,61.110575,61.168665,70033486.000000
2023-04-24,61.430069,61.691474,60.965350,61.081530,47108007.000000
2023-04-25,61.023440,61.633384,60.936305,61.488159,48418881.000000
2023-04-26,61.517204,62.098103,61.401024,61.517204,45345100.000000
2023-04-27,61.836699,63.666530,61.633384,63.579396,94561177.000000
2023-04-28,63.376081,63.782710,62.795182,63.550351,66015641.000000
2023-05-04,63.550351,65.525407,63.085631,65.525407,85629994.000000
2023-05-05,65.118778,65.118778,64.073160,64.189340,61381674.000000
2023-05-08,64.189340,65.089733,63.927935,64.886418,68970395.000000
2023-05-09,64.683104,67.064790,64.537879,66.077261,97493818.000000
2023-05-10,66.077261,67.413329,65.031643,65.031643,68545226.000000
2023-05-11,65.438272,66.890520,65.118778,66.222486,53842282.000000
2023-05-12,66.338666,67.239059,65.932036,66.541980,68203507.000000
2023-05-15,66.222486,66.832430,65.961081,66.803385,53032288.000000
2023-05-16,66.803385,67.180969,65.961081,66.687205,56416956.000000
2023-05-17,66.745295,67.180969,66.251531,66.454846,45011722.000000
2023-05-18,66.571025,67.587599,66.541980,67.035745,46870802.000000
2023-05-19,66.832430,67.035745,66.251531,66.280576,36188627.000000
2023-05-22,66.629115,67.732823,66.396756,67.471419,58294305.000000
2023-05-23,67.500464,67.761868,66.919565,66.919565,33097802.000000
2023-05-24,66.919565,67.035745,65.728722,65.728722,47676819.000000
2023-05-25,65.699677,66.222486,65.409227,65.932036,36926960.000000
2023-05-26,65.990126,66.309621,65.467317,65.525407,27560741.000000
2023-05-29,65.699677,66.600070,65.670632,66.483891,40164380.000000
2023-05-30,66.454846,66.629115,65.293048,66.077261,45108675.000000
2023-05-31,65.670632,65.757767,64.305519,65.380182,72571854.000000
2023-06-01,65.176868,65.641587,64.828328,65.002598,38815383.000000
2023-06-02,65.293048,65.322093,64.654059,64.857373,39196216.000000
2023-06-05,65.031643,65.641587,64.915463,65.205913,31618493.000000
2023-06-06,65.205913,65.554452,64.683104,64.828328,28642997.000000
2023-06-07,65.060688,65.351137,64.741194,64.886418,32193766.000000
2023-06-08,65.031643,65.873947,64.915463,65.815857,28975656.000000
2023-06-09,65.786812,66.571025,65.728722,66.396756,37542101.000000
2023-06-12,66.338666,66.454846,64.973553,65.002598,48973114.000000
2023-06-13,65.031643,65.293048,64.508834,64.770239,41725257.000000
2023-06-14,65.002598,65.409227,64.625014,64.625014,36401569.000000
2023-06-15,64.828328,65.002598,64.015070,64.712149,44324254.000000
2023-06-16,64.770239,65.322093,64.102205,64.479789,58476997.000000
2023-06-19,64.247429,64.508834,63.579396,64.421699,47313924.000000
2023-06-20,64.247429,64.683104,64.131250,64.160295,31614674.000000
2023-06-21,64.479789,65.060688,64.160295,64.189340,40552640.000000
2023-06-26,64.189340,64.654059,63.608441,64.595969,56234619.000000
2023-06-27,64.595969,64.683104,63.637485,64.247429,38132365.000000
2023-06-28,64.305519,65.351137,64.189340,65.293048,56781300.000000
2023-06-29,65.293048,65.322093,64.160295,64.276474,49900268.000000
2023-06-30,64.276474,64.566924,63.956980,64.073160,41402656.000000
2023-07-03,64.160295,64.566924,64.131250,64.247429,37126695.000000
2023-07-04,64.247429,64.537879,63.869845,64.044115,34503954.000000
2023-07-05,64.131250,64.566924,63.956980,64.102205,30686839.000000
2023-07-06,64.102205,64.363609,63.724620,63.898890,34855630.000000
2023-07-07,63.782710,64.131250,63.724620,63.898890,50686848.000000
2023-07-10,64.044115,64.247429,63.753665,63.898890,33673155.000000
2023-07-11,64.044115,64.044115,63.492261,63.898890,48549340.000000
2023-07-12,63.753665,64.421699,63.579396,64.305519,50524580.000000
2023-07-13,64.305519,65.496362,64.131250,65.118778,64738173.000000
2023-07-14,65.002598,65.496362,64.799283,65.264003,38716992.000000
2023-07-17,65.293048,65.467317,64.828328,65.176868,19692852.000000
2023-07-18,65.264003,65.438272,65.002598,65.089733,26852118.000000
2023-07-19,64.828328,65.409227,64.828328,65.351137,33067242.000000
2023-07-20,65.583497,65.670632,65.060688,65.060688,43441048.000000
2023-07-21,65.120976,65.874691,65.000382,65.120976,55037050.000000
2023-07-24,64.819490,65.362165,64.729044,65.000382,27695910.000000
2023-07-25,65.241570,65.241570,64.065775,64.306964,76403811.000000
2023-07-26,64.306964,64.518004,63.975329,64.487855,48259584.000000
2023-07-27,64.427558,64.789341,63.915032,64.005478,41365168.000000
2023-07-28,63.975329,64.487855,63.734140,64.337112,58936112.000000
2023-07-31,64.306964,65.271719,64.306964,64.698896,66832972.000000
2023-08-01,64.819490,65.482759,64.668747,65.482759,48913543.000000
2023-08-02,65.422462,65.482759,64.879787,65.090827,32253850.000000
2023-08-03,65.241570,65.422462,64.940084,65.301868,34163438.000000
2023-08-04,65.301868,65.784245,64.759193,64.940084,40381332.000000
2023-08-07,64.970233,66.176177,64.879787,66.085731,55382078.000000
2023-08-08,65.844542,66.658555,65.844542,66.628406,38844748.000000
2023-08-09,66.598257,66.809298,65.754097,66.658555,41577714.000000
2023-08-10,66.658555,66.809298,66.236474,66.598257,23060030.000000
2023-08-11,66.568109,66.658555,65.573205,65.573205,32019540.000000
2023-08-14,65.422462,66.176177,64.970233,65.754097,55076635.000000
2023-08-15,65.723948,66.568109,65.603354,66.387217,45695084.000000
2023-08-16,66.417366,66.537960,65.754097,65.934988,25178833.000000
2023-08-17,65.784245,66.749000,65.633502,66.688703,37276997.000000
2023-08-18,66.507812,67.140932,66.477663,66.507812,28602655.000000
2023-08-21,66.507812,66.779149,65.874691,65.874691,31102219.000000
2023-08-22,66.146028,66.628406,65.693799,66.326920,41603369.000000
2023-08-23,66.417366,66.899743,66.055583,66.176177,33748678.000000
2023-08-24,66.085731,66.296771,65.573205,65.633502,38803475.000000
2023-08-25,65.573205,66.929892,65.482759,66.809298,46090226.000000
2023-08-28,67.834350,67.985093,66.296771,66.688703,74975981.000000
2023-08-29,66.688703,67.171081,65.995285,66.085731,53386187.000000
2023-08-30,66.326920,66.749000,66.055583,66.236474,33400727.000000
2023-08-31,66.176177,66.809298,66.025434,66.507812,47313602.000000
2023-09-01,66.357069,66.507812,65.573205,65.754097,53041577.000000
2023-09-04,66.025434,66.055583,65.060679,65.332016,74823274.000000
2023-09-05,65.332016,66.085731,65.181273,65.995285,58410844.000000
2023-09-06,65.784245,66.176177,65.723948,65.754097,24971636.000000
2023-09-07,65.874691,66.115880,65.362165,65.874691,43893255.000000
2023-09-08,65.784245,65.995285,65.452611,65.844542,28667854.000000
2023-09-11,65.814394,66.507812,65.814394,66.296771,38344647.000000
2023-09-12,66.206326,66.568109,65.995285,66.537960,31843404.000000
2023-09-13,66.628406,67.321824,66.357069,67.080635,63334136.000000
2023-09-14,67.442418,68.738808,67.110784,68.407173,79022797.000000
2023-09-15,68.407173,68.708659,67.532864,67.894647,49541759.000000
2023-09-18,67.713756,68.015242,67.291675,67.563013,39691537.000000
2023-09-19,67.472567,68.045390,67.231378,67.924796,29739454.000000
2023-09-20,67.894647,68.196133,67.563013,68.015242,28007733.000000
2023-09-21,68.045390,68.256430,67.442418,67.472567,36365479.000000
2023-09-22,67.653458,67.985093,67.291675,67.774053,44917825.000000
2023-09-25,68.105687,68.316728,67.472567,67.804201,34086051.000000
2023-09-26,67.954944,67.954944,67.321824,67.563013,25716599.000000
2023-09-27,67.713756,67.743904,66.869595,66.960041,39799705.000000
2023-09-28,67.110784,67.472567,67.020338,67.050486,34407402.000000
2023-10-09,67.080635,68.497619,67.080635,68.015242,54393412.000000
2023-10-10,68.437322,68.437322,67.653458,68.165985,36118046.000000
2023-10-11,68.346876,69.010145,68.135836,68.226282,40765737.000000
2023-10-12,69.010145,69.010145,67.954944,68.196133,29530565.000000
2023-10-13,67.985093,68.678511,67.985093,68.557916,35919404.000000
2023-10-16,68.678511,69.341780,68.407173,68.678511,47498027.000000
2023-10-17,68.768957,69.311631,68.527768,69.221186,41697326.000000
2023-10-18,69.492523,69.884455,68.919700,69.191037,49801308.000000
2023-10-19,68.919700,69.311631,67.924796,67.985093,48766564.000000
2023-10-20,67.985093,68.377025,67.382121,67.382121,62885148.000000
2023-10-23,67.382121,68.226282,66.929892,67.201229,53843591.000000
2023-10-24,67.412270,68.346876,66.869595,68.135836,53307701.000000
2023-10-25,68.135836,68.196133,66.025434,66.055583,100522854.000000
2023-10-26,65.874691,67.382121,65.784245,67.321824,66648935.000000
2023-10-27,67.291675,67.743904,66.960041,67.050486,54844060.000000
2023-10-30,67.110784,68.075539,67.050486,67.683607,72835649.000000
2023-10-31,67.472567,68.286579,67.140932,68.045390,63752699.000000
2023-11-01,68.075539,68.557916,67.532864,68.316728,59046355.000000
2023-11-02,68.648362,68.889551,68.226282,68.618214,43439733.000000
2023-11-03,68.618214,69.251334,68.346876,68.467471,54743002.000000
2023-11-06,68.557916,68.648362,66.869595,67.050486,100246599.000000
2023-11-07,67.050486,67.351972,66.839446,67.140932,35299090.000000
2023-11-08,67.201229,67.683607,67.201229,67.442418,32313709.000000
2023-11-09,67.442418,68.286579,67.291675,68.045390,52544027.000000
2023-11-10,68.045390,68.316728,67.412270,68.045390,43730248.000000
2023-11-13,67.864499,67.985093,67.351972,67.924796,32429337.000000
2023-11-14,67.924796,68.196133,67.412270,67.442418,47746930.000000
2023-11-15,67.442418,68.196133,67.442418,68.135836,48039581.000000
2023-11-16,68.015242,68.527768,67.894647,68.467471,71263004.000000
2023-11-17,68.286579,68.648362,67.804201,68.196133,40668574.000000
2023-11-20,68.316728,68.557916,68.105687,68.286579,34358561.000000
2023-11-21,68.196133,68.708659,68.165985,68.437322,47189784.000000
2023-11-22,68.437322,68.678511,68.135836,68.437322,33804688.000000
2023-11-23,68.346876,68.527768,67.743904,68.196133,40390383.000000
2023-11-24,68.075539,68.889551,68.015242,68.377025,55393394.000000
2023-11-27,68.377025,68.497619,67.804201,68.165985,52688942.000000
2023-11-28,68.165985,68.196133,67.683607,67.834350,38065817.000000
2023-11-29,67.954944,67.954944,67.532864,67.713756,53049106.000000
2023-11-30,67.924796,68.829254,67.743904,68.829254,93251429.000000
2023-12-01,68.979997,69.010145,68.196133,68.527768,57668131.000000
2023-12-04,68.527768,68.618214,68.196133,68.437322,36736002.000000
2023-12-05,68.407173,68.799105,67.924796,68.075539,65955134.000000
2023-12-06,67.985093,68.075539,67.502715,67.834350,60731004.000000
2023-12-07,67.713756,68.286579,67.623310,68.135836,46134177.000000
2023-12-08,67.985093,68.286579,67.683607,68.196133,65214067.000000
2023-12-11,67.894647,68.919700,67.382121,68.799105,91325635.000000
2023-12-12,68.527768,69.371929,68.497619,69.281483,54746391.000000
2023-12-13,69.251334,69.492523,69.070443,69.311631,45780951.000000
2023-12-14,69.311631,69.582969,68.768957,69.371929,46382391.000000
2023-12-15,69.341780,69.794009,68.648362,68.678511,66077881.000000
2023-12-18,68.678511,69.552820,68.678511,69.552820,46320284.000000
2023-12-19,69.552820,69.733712,69.251334,69.492523,56328793.000000
2023-12-20,69.522672,70.788913,69.462374,70.246238,70038502.000000
2023-12-21,70.185941,70.427130,69.613117,69.794009,69287699.000000
2023-12-22,69.824158,70.246238,69.673415,69.884455,55368791.000000
2023-12-25,69.884455,70.608021,69.673415,70.547724,44247999.000000
2023-12-26,70.547724,71.452182,70.487427,70.939656,61519717.000000
2023-12-27,70.819061,71.120547,70.366832,70.939656,56278543.000000
2023-12-28,70.999953,71.723519,69.884455,70.185941,90728328.000000
2023-12-29,70.246238,70.427130,69.673415,70.366832,62846850.000000
2024-01-02,70.366832,71.663222,70.306535,71.391885,68880298.000000
2024-01-03,71.361736,71.753668,71.150696,71.633074,60752512.000000
2024-01-04,71.753668,72.296343,71.180845,71.753668,61342335.000000
2024-01-05,71.693371,72.205897,71.331588,71.572776,70563121.000000
2024-01-08,71.572776,71.813965,70.939656,71.150696,65439403.000000
2024-01-09,71.150696,71.391885,70.246238,70.969804,80150503.000000
2024-01-10,70.879359,71.271290,69.974901,70.366832,67243039.000000
2024-01-11,70.487427,70.517575,69.673415,69.884455,60919882.000000
2024-01-12,69.613117,71.120547,69.613117,70.939656,62005621.000000
2024-01-15,70.788913,71.301439,70.547724,70.849210,40987662.000000
2024-01-16,70.608021,71.060250,70.246238,70.999953,57834255.000000
2024-01-17,70.999953,71.150696,70.306535,70.306535,66509131.000000
2024-01-18,70.246238,70.608021,68.979997,70.306535,122738921.000000
2024-01-19,70.246238,70.909507,69.703563,70.849210,94494749.000000
2024-01-22,69.824158,70.788913,69.552820,70.035198,110790646.000000
2024-01-23,69.824158,70.396981,69.130740,70.095495,85306405.000000
2024-01-24,70.276387,71.964708,70.185941,71.904411,108649042.000000
2024-01-25,71.934560,72.658126,71.482331,72.175748,82891286.000000
2024-01-26,71.904411,72.929463,71.783817,72.748572,71370324.000000
2024-01-29,72.627977,73.864070,72.537532,73.170652,69416961.000000
2024-01-30,73.140504,73.441990,72.386789,72.658126,79784398.000000
2024-01-31,72.597829,73.743476,72.447086,73.562584,88550152.000000
2024-02-01,73.261098,73.683178,72.808869,72.808869,66074108.000000
2024-02-02,73.019909,73.924367,72.808869,73.200801,101817510.000000
2024-02-05,73.411841,75.009717,73.230949,74.647934,114937132.000000
2024-02-06,74.467042,76.155364,74.105259,74.527339,126603040.000000
2024-02-07,74.738379,74.768528,73.080206,74.467042,135642238.000000
2024-02-08,74.195705,74.587636,73.562584,74.286150,87497217.000000
2024-02-19,74.105259,76.245809,73.864070,75.974472,87245684.000000
2024-02-20,75.914175,77.542199,75.703135,76.999524,68608378.000000
2024-02-21,76.939227,77.481902,76.547295,76.547295,79877592.000000
2024-02-22,76.878930,77.421605,76.456850,77.029673,66689215.000000
2024-02-23,76.878930,77.602496,76.336255,77.451753,61030579.000000
2024-02-26,76.848781,76.999524,75.160460,75.220757,80588451.000000
2024-02-27,75.100163,75.492094,74.828825,75.160460,54655099.000000
2024-02-28,74.828825,76.698038,74.135407,76.275958,120223309.000000
2024-02-29,75.974472,76.336255,75.371500,75.522243,76228710.000000
2024-03-01,75.522243,75.823729,75.070014,75.371500,57112914.000000
2024-03-04,75.281054,76.788484,74.979568,76.728187,86329895.000000
2024-03-05,76.426701,78.386360,76.366404,78.205468,98844338.000000
2024-03-06,78.084874,79.290818,77.813537,77.964280,87775400.000000
2024-03-07,77.934131,78.748143,77.783388,78.084874,76693945.000000
2024-03-08,78.145171,78.657697,77.662794,77.873834,61448903.000000
2024-03-11,77.692942,78.356211,77.089970,77.662794,76887209.000000
2024-03-12,77.481902,77.632645,74.647934,74.858974,159072692.000000
2024-03-13,74.858974,75.160460,73.894219,75.039865,129403361.000000
2024-03-14,74.647934,75.009717,74.135407,74.436893,99913194.000000
2024-03-15,74.436893,75.160460,74.346448,74.497191,73946991.000000
2024-03-18,74.436893,74.979568,74.195705,74.376596,80008345.000000
2024-03-19,74.376596,75.311203,74.165556,74.527339,79130509.000000
2024-03-20,74.527339,76.034769,74.346448,75.371500,104635892.000000
2024-03-21,75.522243,75.672986,75.130311,75.190608,66811218.000000
2024-03-22,75.160460,75.642837,74.678082,75.401649,77408692.000000
2024-03-25,75.642837,75.672986,75.190608,75.311203,67464484.000000
2024-03-26,75.371500,75.431797,74.467042,74.889122,76837709.000000
2024-03-27,74.738379,75.431797,74.678082,74.858974,72631540.000000
2024-03-28,74.949420,75.431797,74.316299,74.919271,81593841.000000
2024-03-29,74.858974,75.311203,74.828825,75.160460,59329136.000000
2024-04-01,75.220757,75.341351,74.376596,74.557488,87831553.000000
2024-04-02,74.527339,74.889122,74.014813,74.286150,92854480.000000
2024-04-03,74.165556,74.225853,73.140504,73.683178,115308126.000000
2024-04-08,73.592733,76.607593,73.532435,76.456850,179639804.000000
2024-04-09,75.974472,76.486998,75.341351,75.823729,104343345.000000
2024-04-10,75.823729,77.572348,75.793580,77.270862,112399910.000000
2024-04-11,77.120119,77.361308,76.185512,77.210565,68916555.000000
2024-04-12,77.029673,77.301010,76.426701,76.637741,62788587.000000
2024-04-15,76.667890,78.175320,76.637741,78.054725,78534769.000000
2024-04-16,77.813537,78.868738,77.421605,78.175320,83440594.000000
2024-04-17,77.934131,78.687846,76.969376,78.326063,81773935.000000
2024-04-18,78.145171,78.959183,77.783388,78.235617,84898080.000000
2024-04-19,78.084874,78.657697,77.572348,78.386360,77485367.000000
2024-04-22,78.175320,78.959183,77.813537,77.964280,64125192.000000
2024-04-23,77.903982,78.537103,77.180416,77.692942,57550366.000000
2024-04-24,78.084874,78.205468,77.391456,77.692942,56309187.000000
2024-04-25,77.632645,77.934131,77.059822,77.421605,42847022.000000
2024-04-26,77.210565,77.964280,77.029673,77.089970,69028833.000000
2024-04-29,77.089970,77.361308,76.275958,76.818633,77653000.000000
2024-04-30,76.577444,78.446657,76.456850,77.753239,88274253.000000
2024-05-06,77.753239,77.753239,76.667890,76.788484,110588987.000000
2024-05-07,76.788484,76.909079,76.336255,76.426701,63482761.000000
2024-05-08,76.426701,77.029673,76.306107,76.306107,60627239.000000
2024-05-09,76.426701,76.577444,75.853878,76.456850,68681549.000000
2024-05-10,76.456850,76.939227,76.155364,76.818633,79808793.000000
2024-05-13,76.878930,77.481902,76.456850,77.240713,92647353.000000
2024-05-14,77.240713,77.240713,76.517147,77.120119,60506173.000000
2024-05-15,77.029673,77.451753,76.728187,76.818633,44384153.000000
2024-05-16,76.848781,76.999524,76.577444,76.637741,57841400.000000
2024-05-17,76.728187,77.934131,76.698038,77.723091,94950720.000000
2024-05-20,77.602496,78.868738,77.361308,78.356211,91014753.000000
2024-05-21,78.537103,79.140075,78.326063,78.687846,64932506.000000
2024-05-22,78.868738,79.019481,78.175320,78.326063,56950230.000000
2024-05-23,78.537103,79.411412,78.265766,78.838589,77312597.000000
2024-05-24,79.019481,80.044533,78.778292,79.290818,77715134.000000
2024-05-27,79.320967,80.496762,79.320967,79.923939,78000895.000000
2024-05-28,79.954087,80.888694,79.833493,80.526911,67259257.000000
2024-05-29,80.496762,80.707802,79.622453,80.466613,62051985.000000
2024-05-30,80.376168,81.250477,80.195276,80.496762,53980515.000000
2024-05-31,80.677654,81.461517,80.134979,80.225425,70818931.000000
2024-06-03,81.069585,82.908650,80.647505,82.697610,114876331.000000
2024-06-04,82.697610,83.511622,82.305678,82.848353,79276175.000000
2024-06-05,83.029244,84.657269,82.878501,84.295486,88722153.000000
2024-06-06,84.114594,85.561727,83.692514,84.506526,106120323.000000
2024-06-07,84.416080,85.531578,84.114594,85.350687,86811639.000000
2024-06-11,85.380835,85.893361,84.174891,84.958755,87333796.000000
2024-06-12,84.657269,85.923510,84.416080,85.561727,75624228.000000
2024-06-13,85.591875,86.827968,85.380835,86.526482,89282721.000000
2024-06-14,86.375739,86.737522,83.602068,84.114594,242643011.000000
2024-06-17,83.662365,84.596972,83.179987,84.084445,106730295.000000
2024-06-18,84.084445,84.235188,83.179987,83.813108,65893578.000000
2024-06-19,83.752811,84.627120,83.571919,84.536674,53659074.000000
2024-06-20,84.627120,85.622024,84.446229,85.441132,65568919.000000
2024-06-21,85.441132,85.983807,84.506526,85.410984,74296501.000000
2024-06-24,85.622024,87.430940,85.471281,87.099305,106929642.000000
2024-06-25,87.039008,87.189751,85.320538,86.375739,88021088.000000
2024-06-26,86.496333,87.039008,85.561727,86.375739,51424125.000000
2024-06-27,86.224996,87.280197,86.164699,86.888265,66550911.000000
2024-06-28,86.888265,87.521386,86.164699,87.189751,72366983.000000
2024-07-01,87.189751,89.390599,87.189751,88.878073,72351910.000000
2024-07-02,88.847924,89.119262,88.154506,88.878073,58289049.000000
2024-07-03,88.667033,88.998667,87.430940,88.335398,73251987.000000
2024-07-04,88.094209,89.089113,88.033912,88.606735,66193048.000000
2024-07-05,89.149410,89.149410,86.978711,88.395695,100763142.000000
2024-07-08,88.094209,90.596543,88.033912,90.204611,100897073.000000
2024-07-09,90.174463,91.440704,89.872977,91.380407,85724564.000000
2024-07-10,91.289961,91.712041,90.053868,90.747286,76596809.000000
2024-07-11,90.837732,91.048772,89.541342,91.018623,74713995.000000
2024-07-12,90.928178,91.350258,89.842828,90.084017,68112730.000000
2024-07-15,89.812679,91.953230,89.420748,91.742190,78795504.000000
2024-07-16,91.953230,93.068728,91.199515,92.857688,68924858.000000
2024-07-17,92.706945,93.309917,92.134122,92.857688,74056856.000000
2024-07-18,92.706945,94.787198,92.616499,94.546010,99995624.000000
2024-07-19,94.422174,95.103252,93.741097,94.669839,112417521.000000
2024-07-22,94.669839,94.731755,91.945527,94.050677,97427649.000000
2024-07-23,94.112594,95.350917,93.741097,94.948462,90144787.000000
2024-07-24,94.948462,96.558283,94.546007,96.093911,88281095.000000
2024-07-25,96.186786,96.836906,94.019719,95.443791,97736868.000000
2024-07-26,95.072294,95.072294,92.038402,93.338641,114955273.000000
2024-07-29,92.750438,94.112594,91.357324,93.493432,75162251.000000
2024-07-30,93.400558,94.298342,92.502773,93.214809,60682304.000000
2024-07-31,93.029060,93.090977,91.264449,92.440857,94433185.000000
2024-08-01,91.790737,93.926845,91.635946,93.245767,68485869.000000
2024-08-02,92.874270,93.864929,92.255108,93.617264,57775048.000000
2024-08-05,93.152893,93.493432,92.409899,92.564689,63103071.000000
2024-08-06,92.564689,93.152893,90.707204,91.202533,93657365.000000
2024-08-07,90.923910,93.029060,90.923910,92.100318,67641078.000000
2024-08-08,92.100318,92.905228,91.697863,92.193192,46760473.000000
2024-08-09,91.976485,92.224150,90.923910,91.450198,59690063.000000
2024-08-12,91.512114,91.976485,90.149958,90.335707,51089121.000000
2024-08-13,90.645288,90.954868,89.964210,90.583371,46163028.000000
2024-08-14,90.676246,92.409899,89.871335,91.481156,67862636.000000
2024-08-15,91.450198,92.781396,91.016785,92.255108,59889587.000000
2024-08-16,92.317024,92.502773,91.419240,91.697863,50949931.000000
2024-08-19,91.604988,92.440857,91.543072,92.038402,42798248.000000
2024-08-20,92.131276,92.378941,91.109659,91.790737,46130402.000000
2024-08-21,91.821695,92.224150,90.490497,92.100318,47190994.000000
2024-08-22,91.945527,93.803013,91.914569,93.617264,77938021.000000
2024-08-23,93.710138,93.864929,92.255108,92.595647,54611188.000000
2024-08-26,92.595647,93.029060,91.264449,92.317024,49639581.000000
2024-08-27,92.131276,92.564689,91.574030,92.255108,35060495.000000
2024-08-28,92.224150,93.183851,91.945527,92.317024,49690215.000000
2024-08-29,92.378941,92.471815,90.583371,90.892952,67603577.000000
2024-08-30,90.552413,91.574030,88.880676,90.954868,89849336.000000
2024-09-02,89.871335,92.286066,89.840377,91.976485,73329606.000000
2024-09-03,91.790737,92.224150,89.933251,90.119000,66710788.000000
2024-09-04,90.119000,90.831036,89.499838,90.242832,40153496.000000
2024-09-05,90.273790,90.645288,89.530796,90.149958,37487408.000000
2024-09-06,90.088042,91.264449,89.995168,90.088042,40053763.000000
2024-09-09,90.490497,91.109659,89.964210,90.861994,63373236.000000
2024-09-10,90.738162,91.295407,89.623671,90.242832,58004957.000000
2024-09-11,90.242832,90.242832,85.599119,86.063490,143949737.000000
2024-09-12,85.753909,86.868401,85.537203,86.249239,66219139.000000
2024-09-13,86.249239,88.230557,86.125406,87.611395,80973210.000000
2024-09-18,87.456604,88.973551,87.363730,87.673311,52623623.000000
2024-09-19,87.828101,88.013850,86.187323,87.704269,69799705.000000
2024-09-20,87.239898,87.673311,86.187323,87.147023,82295178.000000
2024-09-23,87.147023,88.013850,86.620736,87.301814,47904951.000000
2024-09-24,88.013850,89.406964,86.899359,89.035467,106478651.000000
2024-09-25,89.530796,91.759779,89.252173,89.561754,118176242.000000
2024-09-26,89.902293,90.180916,88.880676,90.180916,114316343.000000
2024-09-27,90.490497,90.490497,86.868401,89.747503,188703666.000000
2024-09-30,89.252173,94.422174,88.571095,93.029060,396078494.000000
2024-10-08,99.096846,99.932715,89.406964,90.459539,462356540.000000
2024-10-09,89.716545,90.985827,87.363730,88.385347,266925415.000000
2024-10-10,88.540137,92.347982,88.509179,90.335707,262428403.000000
2024-10-11,90.397623,92.100318,89.778461,90.428581,142589633.000000
2024-10-14,90.459539,91.481156,90.088042,90.861994,144701436.000000
2024-10-15,90.707204,90.985827,89.406964,89.406964,117112841.000000
2024-10-16,89.159299,90.769120,88.571095,88.880676,127230016.000000
2024-10-17,88.942593,89.128341,87.611395,87.611395,112093819.000000
2024-10-18,87.673311,88.756844,86.775526,88.013850,149181606.000000
2024-10-21,87.797143,87.797143,86.218281,86.558820,139628417.000000
2024-10-22,86.558820,87.797143,86.156364,86.930317,104063225.000000
2024-10-23,86.930317,87.704269,86.682652,86.868401,90280066.000000
2024-10-24,86.868401,87.085107,85.908700,86.682652,78386191.000000
2024-10-25,86.682652,86.930317,84.856125,85.258580,150718465.000000
2024-10-28,85.258580,85.258580,84.082172,85.258580,117784905.000000
2024-10-29,85.258580,86.775526,84.670376,85.784867,131188363.000000
2024-10-30,85.815825,86.342113,84.979957,85.784867,101259892.000000
2024-10-31,86.620736,86.713610,84.887083,85.382412,121903136.000000
2024-11-01,85.165706,86.682652,84.794209,86.620736,121360771.000000
2024-11-04,86.620736,86.651694,85.475286,86.373071,90600962.000000
2024-11-05,86.094448,86.496903,85.815825,86.249239,130938756.000000
2024-11-06,86.156364,86.373071,85.010915,85.134748,138088740.000000
2024-11-07,84.825167,86.218281,84.794209,86.156364,133033377.000000
2024-11-08,86.187323,86.558820,85.227622,85.506245,119023483.000000
2024-11-11,85.010915,85.537203,84.701334,85.072831,93996202.000000
2024-11-12,85.072831,85.537203,83.432053,83.493969,201746671.000000
2024-11-13,83.215346,85.103789,82.905765,84.794209,155188222.000000
2024-11-14,84.670376,85.722951,84.298879,84.887083,98646616.000000
2024-11-15,84.732292,85.103789,83.896424,83.896424,93580893.000000
2024-11-18,84.082172,85.258580,83.865466,84.887083,119051790.000000
2024-11-19,84.825167,85.134748,84.113131,84.732292,95680280.000000
2024-11-20,84.732292,85.908700,84.236963,85.506245,99804939.000000
2024-11-21,85.320496,85.753909,85.258580,85.661035,67848491.000000
2024-11-22,85.661035,86.001574,84.391753,84.391753,97129106.000000
2024-11-25,84.794209,85.413370,83.679717,83.989298,101408771.000000
2024-11-26,83.896424,84.175047,83.308220,83.586843,88306380.000000
2024-11-27,83.524927,84.979957,83.524927,84.794209,102469314.000000
2024-11-28,84.732292,85.072831,84.113131,84.918041,69160630.000000
2024-11-29,84.948999,85.753909,84.515586,84.577502,109026420.000000
2024-12-02,84.794209,85.784867,84.515586,85.475286,88629895.000000
2024-12-03,85.506245,86.992233,85.258580,86.527862,134347559.000000
2024-12-04,86.527862,88.323431,86.094448,88.075766,137225662.000000
2024-12-05,87.920976,88.787802,87.301814,87.611395,98035433.000000
2024-12-06,87.673311,88.354389,87.147023,87.239898,90935412.000000
2024-12-09,87.085107,88.261515,86.465945,87.951934,80287292.000000
2024-12-10,87.920976,88.478221,86.558820,86.744568,167887746.000000
2024-12-11,86.992233,87.363730,86.589778,87.208940,63618426.000000
2024-12-12,87.147023,88.168640,87.085107,87.920976,77874956.000000
2024-12-13,88.044808,89.406964,87.735227,88.911634,154285770.000000
2024-12-16,89.097383,90.985827,89.097383,90.645288,143463294.000000
2024-12-17,90.800078,91.481156,90.366665,90.614329,107804406.000000
2024-12-18,90.954868,92.317024,90.180916,91.078701,98396558.000000
2024-12-19,90.583371,91.821695,90.428581,90.583371,91061598.000000
2024-12-20,90.428581,91.109659,90.026126,90.397623,78725172.000000
2024-12-23,90.366665,92.286066,90.119000,91.543072,108633632.000000
2024-12-24,91.233491,92.409899,90.892952,92.286066,92735550.000000
2024-12-25,92.317024,92.657563,91.852653,92.224150,68516052.000000
2024-12-26,92.224150,92.347982,90.676246,90.769120,89884558.000000
2024-12-27,90.707204,91.728821,90.304749,91.666904,85423709.000000
2024-12-30,91.666904,92.347982,90.831036,91.047743,77825662.000000
2024-12-31,91.016785,92.162234,90.892952,91.481156,96537038.000000
2025-01-02,91.357324,92.038402,90.026126,90.397623,104122008.000000
2025-01-03,90.428581,91.109659,89.314090,89.778461,94632286.000000
2025-01-06,90.088042,90.088042,88.261515,89.437922,79467426.000000
2025-01-07,89.406964,89.437922,88.354389,88.849718,65496030.000000
2025-01-08,88.756844,90.273790,88.633012,89.778461,90630929.000000
2025-01-09,89.592712,89.964210,88.663970,89.128341,58177058.000000
2025-01-10,89.128341,89.933251,88.261515,89.376006,69490983.000000
2025-01-13,89.159299,89.499838,88.013850,89.190257,90627806.000000
2025-01-14,89.159299,89.716545,88.911634,89.283132,81985665.000000
2025-01-15,88.942593,90.149958,88.571095,89.159299,72279278.000000
2025-01-16,88.942593,89.716545,88.911634,89.283132,72060240.000000
2025-01-17,89.376006,89.871335,89.035467,89.809419,59637230.000000
2025-01-20,89.933251,89.964210,89.252173,89.685587,66542377.000000
2025-01-21,89.654629,90.738162,89.221215,90.273790,78941328.000000
2025-01-22,90.273790,90.707204,88.540137,88.818760,107370320.000000
2025-01-23,88.911634,89.190257,87.549479,88.230557,103468365.000000
2025-01-24,88.511260,89.353334,87.949878,87.949878,84000577.000000
2025-01-27,88.168193,90.756789,88.012254,90.133031,99524449.000000
2025-02-05,90.008279,90.101843,88.168193,88.417697,90286113.000000
2025-02-06,88.448884,88.667200,87.731563,88.168193,67609734.000000
2025-02-07,87.949878,88.074630,87.014241,87.731563,109147551.000000
2025-02-10,87.482060,87.825126,87.014241,87.045429,96900076.000000
2025-02-11,87.263744,87.263744,86.390483,87.014241,90138630.000000
2025-02-12,86.858301,87.419684,86.608798,87.294932,71470071.000000
2025-02-13,87.076617,88.043442,86.795926,87.856314,94001814.000000
2025-02-14,87.856314,88.885515,87.482060,87.981066,92876377.000000
2025-02-17,87.513247,87.856314,86.140980,87.856314,109580719.000000
2025-02-18,87.482060,89.072642,87.482060,88.448884,108370674.000000
2025-02-19,88.137005,88.604824,87.419684,87.544435,83243097.000000
2025-02-20,87.326120,87.700375,86.889489,87.450872,69621175.000000
2025-02-21,87.450872,87.450872,86.421671,86.702362,124688160.000000
2025-02-24,86.702362,87.076617,85.797913,85.922664,129403179.000000
2025-02-25,86.016228,86.234544,84.831088,85.236531,97322862.000000
2025-02-26,85.142967,86.390483,85.049403,86.172168,88916962.000000
2025-02-27,86.203356,86.452859,85.174155,85.829101,99176939.000000
2025-02-28,85.704349,86.515235,85.298907,85.392470,117501775.000000
2025-03-03,85.392470,85.548410,84.394457,84.488021,112763438.000000
2025-03-04,84.488021,84.831088,84.144954,84.675149,64725189.000000
2025-03-05,84.643961,86.078604,84.238518,85.704349,94660546.000000
2025-03-06,85.486034,85.704349,84.675149,84.893464,98075923.000000
2025-03-07,84.862276,85.361282,84.612773,85.018215,68383213.000000
2025-03-10,85.049403,85.080591,84.300894,84.519209,88322350.000000
2025-03-11,84.332082,85.111779,84.300894,84.799900,91040312.000000
2025-03-12,84.706336,84.799900,84.238518,84.581585,78523785.000000
2025-03-13,84.519209,85.298907,84.488021,84.987027,87409660.000000
2025-03-14,85.111779,85.922664,84.924652,85.610786,111413990.000000
2025-03-17,85.797913,86.359295,85.298907,85.361282,76352193.000000
2025-03-18,85.361282,85.517222,84.737524,84.831088,77719309.000000
2025-03-19,84.955840,86.390483,84.706336,86.172168,131859932.000000
2025-03-20,86.390483,86.577610,85.891477,86.203356,60194152.000000
2025-03-21,86.296919,86.577610,85.361282,85.454846,74187671.000000
2025-03-24,85.517222,86.702362,85.361282,86.390483,99162478.000000
2025-03-25,86.421671,87.326120,85.953852,87.107805,77255982.000000
2025-03-26,87.107805,87.294932,86.109792,86.795926,69088342.000000
2025-03-27,86.546423,86.889489,86.140980,86.608798,57299116.000000
2025-03-28,86.577610,87.014241,86.203356,86.858301,57222334.000000
2025-03-31,87.076617,87.669187,86.546423,86.733550,90484100.000000
2025-04-01,86.858301,87.138993,86.265731,87.014241,57988638.000000
2025-04-02,87.014241,87.201368,86.421671,86.795926,55353026.000000
2025-04-03,86.421671,88.698388,86.421671,88.573636,143798229.000000
2025-04-07,87.450872,90.008279,86.608798,88.355321,325872228.000000
2025-04-08,88.137005,91.006292,87.326120,90.600849,234119048.000000
2025-04-09,90.600849,92.316184,89.696400,92.222620,219801803.000000
2025-04-10,91.879553,91.973117,89.977092,90.975104,138562486.000000
2025-04-11,91.318171,91.318171,90.444910,91.068668,87332101.000000
2025-04-14,90.476098,91.224608,89.883528,90.912729,82637532.000000
2025-04-15,90.694413,91.536486,90.413722,91.286983,78307971.000000
2025-04-16,91.224608,91.723614,90.600849,91.692426,100760206.000000
2025-04-17,91.380547,91.442923,90.444910,91.099856,84085337.000000
2025-04-18,90.756789,92.316184,90.632037,92.253808,88117388.000000
2025-04-21,92.004305,92.628063,91.380547,91.411735,56583745.000000
2025-04-22,91.442923,93.002318,91.162232,91.474111,76894856.000000
2025-04-23,91.318171,91.630050,90.694413,91.068668,61610691.000000
2025-04-24,91.068668,92.160245,90.943916,91.879553,56927325.000000
2025-04-25,91.941929,92.721627,91.380547,92.066681,54457223.000000
2025-04-28,92.066681,93.314197,91.723614,92.690439,72347085.000000
2025-04-29,92.690439,92.846378,91.536486,91.879553,72305923.000000
2025-04-30,92.160245,92.222620,91.442923,92.004305,55350878.000000
2025-05-06,92.472123,92.472123,90.850353,91.006292,83099000.000000
2025-05-07,91.318171,91.630050,90.632037,91.536486,80888990.000000
2025-05-08,91.318171,91.941929,91.131044,91.411735,46996050.000000
2025-05-09,91.380547,92.846378,91.318171,92.160245,73292755.000000
2025-05-12,91.879553,92.596875,91.411735,92.129057,57235498.000000
2025-05-13,91.754802,92.752815,91.567674,92.752815,61698606.000000
2025-05-14,92.721627,93.875579,92.534499,93.813203,74790567.000000
2025-05-15,93.750827,94.686464,93.563700,94.655276,71543285.000000
2025-05-16,94.499337,95.123095,93.438948,93.875579,63755987.000000
2025-05-19,93.875579,95.372598,93.875579,95.029531,56194236.000000
2025-05-20,95.060719,96.495363,95.060719,95.684477,60587616.000000
2025-05-21,95.871605,96.526550,95.746853,96.058732,53549849.000000
2025-05-22,96.058732,96.838430,95.310222,96.776054,53726373.000000
2025-05-23,96.651302,96.869617,94.780028,95.091907,85424773.000000
2025-05-26,94.811216,95.310222,93.937955,94.624089,62651237.000000
2025-05-27,94.499337,95.403786,94.249834,94.374585,56798057.000000
2025-05-28,94.405773,95.279034,94.187458,95.216659,53780908.000000
2025-05-29,95.060719,95.279034,93.906767,94.468149,66936874.000000
2025-05-30,94.561713,95.091907,94.187458,94.187458,64478998.000000
2025-06-03,94.436961,94.655276,93.095882,94.031519,78322252.000000
2025-06-04,94.000331,94.062706,93.095882,93.220633,59558198.000000
2025-06-05,93.220633,93.376573,92.472123,92.939942,55135038.000000
2025-06-06,92.939942,93.626076,92.784002,93.532512,54693654.000000
2025-06-09,93.345385,93.844391,93.095882,93.501324,68059358.000000
2025-06-10,93.501324,94.468149,93.438948,93.657264,66348841.000000
2025-06-11,93.563700,94.436961,93.501324,94.125082,57665617.000000
2025-06-12,94.062706,94.592901,93.626076,94.156270,63183872.000000
2025-06-13,94.156270,95.622101,94.125082,95.497350,104423426.000000
2025-06-16,95.279034,95.497350,94.499337,94.998343,51655391.000000
2025-06-17,94.967156,95.746853,93.750827,95.653289,78898566.000000
2025-06-18,95.434974,96.245859,95.341410,95.778041,62172076.000000
2025-06-19,96.058732,96.183484,95.372598,95.809229,55930574.000000
2025-06-20,95.809229,96.152296,94.748840,94.811216,56160340.000000
2025-06-23,94.748840,95.933980,94.436961,95.590913,58800921.000000
2025-06-24,95.466162,96.089920,95.216659,95.372598,78840002.000000
2025-06-25,95.060719,96.526550,94.811216,96.308235,78370666.000000
2025-06-26,96.308235,97.275060,96.245859,97.025557,70564856.000000
2025-06-27,97.181496,97.181496,94.187458,94.249834,147453009.000000
2025-06-30,94.281022,94.873592,93.875579,94.000331,75518456.000000
2025-07-01,94.187458,95.185471,94.031519,94.717652,59476275.000000
2025-07-02,94.811216,95.060719,94.249834,94.343397,57183495.000000
2025-07-03,94.374585,94.436961,93.095882,93.844391,93681123.000000
2025-07-04,93.750827,94.468149,93.594888,94.062706,67922805.000000
2025-07-07,94.312210,94.436961,93.782015,94.374585,50827848.000000
2025-07-08,94.405773,94.405773,93.283009,93.314197,107328601.000000
2025-07-09,93.407760,93.875579,93.095882,93.501324,67038321.000000
2025-07-10,93.563700,93.813203,92.939942,93.251821,94764305.000000
2025-07-11,93.314197,95.403786,93.158257,94.811216,164215479.000000
2025-07-14,94.873592,96.027544,94.811216,95.466162,77154717.000000
2025-07-15,95.466162,95.684477,94.655276,95.060719,56246157.000000
2025-07-16,95.434974,95.622101,94.592901,94.624089,38621346.000000
2025-07-17,94.561713,94.811216,93.937955,94.062706,61465548.000000
2025-07-18,94.414271,94.606040,93.807002,94.286425,60170190.000000
2025-07-21,94.925655,95.437039,94.030733,94.318387,77827654.000000
2025-07-22,94.158579,94.318387,93.583272,93.838964,94394047.000000
2025-07-23,93.998772,94.126617,93.231696,93.263657,107354945.000000
2025-07-24,93.295619,93.295619,92.049120,92.496581,166882768.000000
2025-07-25,92.240889,92.624427,91.889313,91.889313,100879090.000000
2025-07-28,91.889313,92.176966,91.409890,91.537736,84445060.000000
2025-07-29,91.441851,91.857351,91.409890,91.505775,71772013.000000
2025-07-30,91.537736,92.496581,91.537736,91.729505,97828042.000000
2025-07-31,90.834583,90.834583,88.533355,88.980816,257969828.000000
2025-08-01,88.821009,89.652007,88.469432,89.460239,98148606.000000
2025-08-04,89.172585,90.035545,88.852970,89.939661,82320372.000000
2025-08-05,89.939661,90.067507,89.364354,89.811815,78715270.000000
2025-08-06,89.779854,89.875738,89.076701,89.396316,114493479.000000
2025-08-07,89.300431,90.067507,88.980816,89.683969,105195676.000000
2025-08-08,89.683969,89.747892,89.044739,89.044739,82497210.000000
2025-08-11,89.044739,89.108662,87.926086,88.501394,124355056.000000
2025-08-12,88.501394,89.108662,88.341586,88.725124,74318390.000000
2025-08-13,88.757086,89.012777,88.245701,88.309624,93425687.000000
2025-08-14,88.277663,89.140624,88.213740,88.405509,101758796.000000
2025-08-15,88.565316,88.789047,88.213740,88.309624,107230233.000000
2025-08-18,88.341586,88.597278,88.053933,88.341586,114736196.000000
2025-08-19,88.373548,88.789047,88.245701,88.309624,114602398.000000
2025-08-20,88.213740,88.661201,87.766279,88.501394,102225937.000000
2025-08-21,88.501394,89.332392,88.405509,89.012777,117934754.000000
2025-08-22,89.108662,89.236508,88.533355,89.076701,103210400.000000
2025-08-25,89.620046,91.250083,89.588084,90.610852,218566604.000000
2025-08-26,90.610852,90.770660,90.163392,90.483007,113061248.000000
2025-08-27,90.291237,90.451045,89.268469,89.364354,127532414.000000
2025-08-28,89.332392,89.460239,88.501394,89.076701,109296247.000000
2025-08-29,89.172585,90.003584,89.012777,89.779854,106729846.000000
2025-09-01,89.811815,89.811815,88.565316,88.821009,124608667.000000
2025-09-02,88.533355,90.419083,88.533355,90.163392,175144601.000000
2025-09-03,90.291237,90.770660,88.948854,89.364354,127133113.000000
2025-09-04,89.300431,90.451045,88.565316,90.227315,175848097.000000
2025-09-05,90.003584,90.483007,89.492200,89.715930,106951308.000000
2025-09-08,89.556123,90.195353,89.492200,89.971622,90074039.000000
2025-09-09,90.003584,90.131430,89.364354,89.524162,76131632.000000
2025-09-10,89.524162,89.779854,89.172585,89.524162,59861483.000000
2025-09-11,89.492200,89.843777,89.236508,89.492200,105396656.000000
2025-09-12,89.492200,89.971622,89.172585,89.268469,92972812.000000
2025-09-15,89.172585,89.204547,88.725124,88.852970,72565697.000000
2025-09-16,88.821009,88.852970,88.373548,88.629239,57512876.000000
2025-09-17,88.597278,88.948854,88.437471,88.533355,61492675.000000
2025-09-18,88.501394,88.533355,86.967242,87.286856,144843297.000000
2025-09-19,87.318818,87.414703,86.679588,86.935280,73467022.000000
2025-09-22,86.615665,87.095088,86.359973,86.679588,69683094.000000
2025-09-23,86.679588,87.542548,86.391935,87.318818,87247325.000000
2025-09-24,87.190972,87.990009,87.063126,87.095088,87441299.000000
2025-09-25,86.967242,87.350780,86.551742,87.222933,63429258.000000
2025-09-26,87.254895,88.053933,87.063126,87.798241,79408706.000000
2025-09-29,87.670395,87.894125,86.903318,87.254895,92703100.000000
2025-09-30,87.414703,87.446664,86.967242,87.095088,61882774.000000
2025-10-09,86.967242,88.533355,86.775473,88.469432,113249909.000000
2025-10-10,88.373548,88.821009,87.926086,88.629239,71260502.000000
2025-10-13,88.533355,89.172585,87.574510,88.821009,117498220.000000
2025-10-14,88.661201,89.524162,88.053933,89.460239,136669904.000000
2025-10-15,89.428277,89.971622,88.757086,89.268469,92632329.000000
2025-10-16,89.012777,90.035545,88.980816,90.003584,93973494.000000
2025-10-17,89.907700,90.706737,89.683969,89.843777,114702154.000000
2025-10-20,89.875738,89.971622,88.693162,89.652007,91423076.000000
2025-10-21,89.492200,89.811815,89.012777,89.204547,80163574.000000
2025-10-22,89.140624,89.747892,89.012777,89.620046,61918968.000000
2025-10-23,89.620046,90.355160,89.620046,90.227315,78558809.000000
2025-10-24,90.163392,90.419083,89.747892,90.099469,77060006.000000
2025-10-27,89.939661,91.282044,89.556123,90.451045,124842635.000000
2025-10-28,90.323199,91.218121,90.323199,90.962429,73263565.000000
2025-10-29,90.962429,90.962429,90.323199,90.419083,74054303.000000
2025-10-30,90.419083,91.282044,90.099469,90.994390,86717376.000000
2025-10-31,90.962429,90.962429,89.268469,89.811815,118470229.000000
2025-11-03,89.843777,90.610852,89.843777,90.483007,61378322.000000
2025-11-04,90.483007,91.697543,90.387122,91.409890,104942889.000000
2025-11-05,91.505775,91.697543,90.770660,90.834583,68579115.000000
2025-11-06,90.738698,91.409890,90.642814,91.090275,67392832.000000
2025-11-07,91.122236,91.537736,90.866545,91.154198,55141784.000000
2025-11-10,91.154198,91.377928,90.738698,91.186160,49334459.000000
2025-11-11,91.186160,91.793428,90.994390,91.473813,62517578.000000
2025-11-12,91.729505,92.304812,91.441851,91.441851,62970497.000000
2025-11-13,91.473813,91.825389,90.323199,90.898506,101232804.000000
2025-11-14,90.898506,91.761466,90.578891,90.578891,74762518.000000
2025-11-17,90.674775,90.866545,89.588084,90.003584,72559643.000000
2025-11-18,90.003584,90.578891,89.747892,89.971622,59013698.000000
2025-11-19,89.971622,90.546930,89.843777,90.227315,48159761.000000
2025-11-20,90.067507,90.514968,89.652007,89.939661,57611235.000000
2025-11-21,90.035545,90.355160,89.715930,90.003584,91994150.000000
2025-11-24,90.067507,90.131430,89.236508,90.099469,97179569.000000
2025-11-25,90.099469,90.131430,88.948854,89.588084,92985419.000000
2025-11-26,89.588084,89.875738,89.172585,89.300431,66273278.000000
2025-11-27,89.268469,89.939661,88.789047,89.779854,76869286.000000
2025-11-28,89.524162,89.715930,89.332392,89.428277,59018067.000000
2025-12-01,89.652007,89.971622,89.460239,89.715930,58252394.000000
2025-12-02,89.588084,90.355160,89.556123,90.323199,74877962.000000
2025-12-03,90.291237,90.642814,90.163392,90.355160,44559966.000000
2025-12-04,90.451045,90.514968,90.035545,90.259276,37996706.000000
2025-12-05,90.259276,90.259276,89.556123,89.715930,54497550.000000
2025-12-08,89.715930,89.811815,89.044739,89.076701,75426506.000000
2025-12-09,89.268469,89.620046,89.172585,89.396316,51230207.000000
2025-12-10,89.268469,89.715930,89.012777,89.140624,58538954.000000
2025-12-11,89.236508,89.300431,88.693162,89.044739,69563624.000000
2025-12-12,89.012777,89.652007,88.884931,89.620046,89870832.000000
2025-12-15,89.460239,89.971622,89.364354,89.620046,53946613.000000
2025-12-16,89.683969,89.747892,88.916893,89.396316,67907746.000000
2025-12-17,89.268469,89.492200,88.980816,89.236508,59243613.000000
2025-12-18,89.236508,89.779854,89.140624,89.747892,46419794.000000
2025-12-19,89.588084,89.747892,88.916893,89.012777,79999314.000000
2025-12-22,88.980816,89.044739,87.894125,88.021971,156403393.000000
2025-12-23,87.894125,88.661201,87.830202,88.597278,70945112.000000
2025-12-24,88.565316,88.565316,88.053933,88.341586,49994280.000000
2025-12-25,88.309624,88.469432,88.117856,88.341586,30080576.000000
2025-12-26,88.245701,88.437471,87.958048,88.341586,48259339.000000
2025-12-29,88.341586,88.341586,87.894125,87.958048,68903336.000000
2025-12-30,87.894125,87.894125,87.318818,87.318818,72424700.000000
2025-12-31,87.414703,87.478626,86.839395,86.903318,74293024.000000
2026-01-05,86.935280,87.286856,86.615665,87.190972,76569131.000000
2026-01-06,87.254895,87.702356,87.063126,87.702356,73843681.000000
2026-01-07,87.702356,87.734318,86.999203,87.031165,72170195.000000
2026-01-08,87.031165,87.254895,86.903318,87.127049,47057275.000000
2026-01-09,87.159010,87.222933,86.871357,87.222933,62903453.000000
2026-01-12,87.222933,87.734318,86.999203,87.574510,78435554.000000
2026-01-13,87.734318,88.117856,87.318818,87.446664,78538492.000000
2026-01-14,87.734318,88.021971,85.656820,85.688782,292750088.000000
2026-01-15,86.232127,86.328012,85.560935,85.720743,125927447.000000
2026-01-16,85.912512,86.391935,84.506206,84.761898,238854630.000000
2026-01-19,85.049552,86.040358,85.017590,85.656820,104721813.000000
2026-01-20,85.656820,86.104281,85.433089,85.912512,105003377.000000
2026-01-21,85.944474,85.976435,84.857782,84.953667,116328162.000000
2026-01-22,84.953667,85.401128,84.058745,84.090706,180784966.000000
2026-01-23,84.250514,84.442283,82.972054,83.099900,210691513.000000
2026-01-26,83.259708,83.994822,82.652439,83.035977,202869796.000000
2026-01-27,83.035977,83.547361,82.652439,82.876170,131381483.000000
2026-01-28,82.876170,82.908131,81.853402,81.981247,232649760.000000
2026-01-29,81.981247,83.739130,81.118287,83.195785,261623032.000000
2026-01-30,83.227746,84.921706,83.227746,84.250514,223849239.000000
2026-02-02,84.666014,84.857782,83.387553,83.547361,124225665.000000
2026-02-03,83.739130,83.835014,82.812247,83.099900,88543815.000000
2026-02-04,83.004015,84.346399,82.940093,84.314437,95705181.000000
2026-02-05,84.442283,85.305244,84.218553,85.017590,103244750.000000
2026-02-06,85.017590,85.560935,84.314437,84.761898,72562680.000000
2026-02-09,84.793859,84.921706,83.994822,84.570129,67829125.000000
2026-02-10,84.570129,85.017590,84.282476,84.921706,55920101.000000
2026-02-11,84.953667,84.985629,84.410321,84.634052,53388246.000000
2026-02-12,84.634059,84.730710,83.925285,84.150804,73734237.000000
2026-02-13,84.183021,84.344106,83.603115,83.764200,71554068.000000
2026-02-24,84.183021,84.279672,83.699766,83.925285,73078939.000000
2026-02-25,84.021936,84.408540,83.603115,83.667549,95620954.000000
2026-02-26,83.699766,84.054153,83.538681,83.893068,61977169.000000
2026-02-27,83.925285,84.344106,83.828634,83.893068,91903782.000000
2026-03-02,84.150804,85.858305,84.150804,85.600569,181772888.000000
2026-03-03,85.600569,87.308070,85.471701,86.889249,214554653.000000
2026-03-04,86.341560,87.598023,85.439484,87.275853,175735443.000000
2026-03-05,86.921466,87.759108,86.470428,87.243636,132914871.000000
2026-03-06,87.179202,87.469155,86.921466,87.436938,87836924.000000
2026-03-09,87.501372,89.015571,87.275853,87.630240,207502799.000000
2026-03-10,87.018117,87.759108,86.116041,87.469155,119285715.000000
2026-03-11,87.469155,87.984627,86.824815,87.952410,89744546.000000
2026-03-12,88.016844,88.596750,87.501372,88.596750,107896209.000000
2026-03-13,88.596750,89.015571,88.113495,88.339014,94277629.000000
2026-03-16,88.339014,88.596750,87.759108,88.145712,87203787.000000
2026-03-17,88.016844,88.822269,87.887976,88.564533,85028895.000000
2026-03-18,88.532316,89.080005,87.759108,87.920193,80028992.000000
2026-03-19,87.855759,88.532316,87.630240,87.823542,101525781.000000
2026-03-20,87.823542,88.242363,87.050334,87.565806,84555509.000000
2026-03-23,87.211419,87.823542,85.890522,86.148258,175727130.000000
2026-03-24,86.663730,87.404721,86.083824,87.308070,91076718.000000
2026-03-25,87.469155,87.855759,86.728164,87.662457,86054505.000000
2026-03-26,87.598023,88.435665,87.308070,87.984627,84501370.000000
2026-03-27,87.887976,88.274580,87.565806,87.791325,68551722.000000
2026-03-30,87.791325,87.791325,87.018117,87.436938,69278060.000000
2026-03-31,87.436938,88.049061,87.114768,87.114768,80258884.000000
2026-04-01,87.372504,87.372504,86.470428,86.599296,90608171.000000
2026-04-02,86.663730,87.050334,86.212692,87.018117,73984893.000000
2026-04-03,86.985900,86.985900,85.890522,86.019390,65627680.000000
2026-04-07,86.051607,86.180475,85.052880,85.310616,72627179.000000
2026-04-08,85.439484,85.632786,85.020663,85.632786,80619977.000000
2026-04-09,85.632786,85.632786,84.762927,85.020663,69128454.000000
2026-04-10,85.278399,85.375050,84.795144,85.052880,66558904.000000
2026-04-13,85.020663,85.149531,84.537408,85.117314,62626392.000000
2026-04-14,85.117314,85.375050,84.795144,85.117314,70116597.000000
2026-04-15,85.085097,85.922739,84.924012,85.536135,97056586.000000
2026-04-16,85.568352,86.019390,85.439484,85.536135,71958595.000000
2026-04-17,85.536135,85.632786,84.988446,84.988446,83606671.000000
2026-04-20,85.085097,86.470428,85.085097,86.470428,95041799.000000
2026-04-21,86.534862,87.469155,86.502645,87.404721,90443249.000000
2026-04-22,87.404721,87.404721,86.405994,86.534862,74160924.000000
2026-04-23,86.534862,87.018117,85.890522,86.824815,84590800.000000
2026-04-24,86.695947,86.824815,86.180475,86.373777,56446440.000000
2026-04-27,86.341560,86.502645,85.761654,85.890522,56259868.000000
2026-04-28,85.954956,86.277126,85.729437,86.116041,70060777.000000
2026-04-29,86.051607,86.341560,85.697220,86.244909,85596119.000000
2026-04-30,87.275853,88.339014,86.792598,88.016844,191463737.000000
2026-05-06,88.081278,88.081278,87.114768,87.630240,123774954.000000
2026-05-07,87.565806,87.630240,86.663730,87.146985,97328307.000000
2026-05-08,87.179202,87.501372,86.921466,86.985900,80442310.000000
2026-05-11,87.146985,87.630240,86.824815,87.018117,103095275.000000
2026-05-12,87.018117,87.533589,86.695947,87.114768,101176233.000000
2026-05-13,87.243636,87.920193,86.889249,86.985900,139691941.000000
2026-05-14,86.921466,87.243636,86.502645,86.792598,110294232.000000
2026-05-15,86.663730,87.469155,86.083824,87.082551,118755488.000000
2026-05-18,87.114768,87.565806,86.373777,86.631513,91589769.000000
2026-05-19,86.631513,88.113495,86.244909,87.791325,172564585.000000
2026-05-20,87.791325,87.887976,86.567079,86.663730,128434436.000000
2026-05-21,86.534862,86.889249,85.793871,85.890522,116610037.000000
2026-05-22,86.116041,86.212692,85.375050,85.568352,91588815.000000
2026-05-25,85.697220,86.438211,85.536135,85.922739,84154393.000000
2026-05-26,85.890522,87.469155,85.665003,87.436938,162652981.000000
2026-05-27,87.179202,88.049061,87.018117,87.759108,111271540.000000
2026-05-28,87.791325,88.177929,87.340287,87.694674,114657318.000000
2026-05-29,87.630240,89.434392,87.243636,89.402175,213437057.000000
2026-06-01,89.369958,89.788779,88.757835,89.466609,139278066.000000
2026-06-02,89.627694,90.690855,88.983354,90.078732,125757446.000000
2026-06-03,89.724345,90.143166,88.628967,89.853213,114300588.000000
2026-06-04,89.659911,90.078732,88.951137,89.305524,87497229.000000
2026-06-05,89.305524,90.529770,88.628967,88.951137,109413563.000000
2026-06-08,88.596750,88.951137,87.823542,88.628967,118065467.000000
2026-06-09,88.628967,89.241090,88.242363,89.015571,88253597.000000
2026-06-10,88.918920,89.627694,88.371231,89.208873,88750011.000000
2026-06-11,89.208873,90.046515,88.918920,89.853213,99125010.000000
2026-06-12,89.466609,91.141893,89.144439,91.109676,149424523.000000
2026-06-15,90.980808,90.980808,88.242363,88.822269,207661158.000000
2026-06-16,88.306797,88.435665,87.436938,87.598023,120599299.000000
2026-06-17,87.694674,87.855759,86.695947,86.985900,103444150.000000
2026-06-18,86.760381,86.921466,85.858305,85.890522,129594498.000000
2026-06-22,85.890522,87.275853,85.407267,86.792598,149732867.000000
2026-06-23,86.760381,87.791325,86.534862,86.567079,118565470.000000
2026-06-24,86.567079,86.985900,85.568352,85.697220,113456072.000000
2026-06-25,85.375050,85.632786,84.408540,84.472974,132187574.000000
2026-06-26,84.569625,86.083824,84.247455,85.858305,128265188.000000
2026-06-29,85.536135,86.663730,84.601842,86.470428,123257906.000000
2026-06-30,86.051607,86.470428,84.988446,85.278399,102277653.000000
2026-07-01,85.181748,86.083824,84.924012,85.826088,90939756.000000
2026-07-02,86.309343,87.275853,85.536135,86.824815,140055304.000000
2026-07-03,86.857032,87.726891,86.373777,87.146985,102824327.000000
2026-07-06,86.695947,87.630240,86.277126,87.598023,92457731.000000
2026-07-07,87.598023,88.467882,87.146985,88.306797,126822030.000000
2026-07-08,88.210146,90.690855,87.791325,89.659911,164844014.000000
2026-07-09,89.241090,89.724345,88.693401,89.466609,116039936.000000
2026-07-10,89.402175,90.594204,88.918920,90.304251,147074295.000000
2026-07-13,89.982081,91.754016,89.563260,91.560714,200809214.000000
2026-07-14,91.496280,92.559441,90.884157,91.979535,159241008.000000
2026-07-15,91.496280,92.688309,91.013025,92.398356,119360883.000000
2026-07-16,92.301705,92.656092,90.626421,90.980808,146113464.000000
2026-07-17,91.511109,93.433472,90.649360,92.770588,242860129.000000
2026-07-20,91.975127,96.051863,91.975127,96.051863,229266916.000000
2026-07-21,96.118151,97.907937,94.494086,95.223258,255005593.000000
2026-07-22,94.560374,96.416449,93.930634,96.416449,168282572.000000
2026-07-23,96.416449,96.681602,94.991249,95.919286,108155288.000000
2026-07-24,96.781035,97.112477,95.289546,95.786709,102175770.000000
2026-07-27,96.615314,96.615314,93.798058,93.963779,138719264.000000
2026-07-28,94.295221,96.350160,93.831202,96.350160,161302844.000000
2026-07-29,97.775361,98.007370,95.123825,95.886142,131444127.000000
2026-07-30,95.620988,97.874793,95.488411,97.742216,193063376.000000
2026-07-31,96.085007,96.416449,94.361509,96.416449,172339493.000000
2026-08-03,96.085007,96.781035,95.289546,96.283872,101801037.000000
2026-08-04,95.753565,96.184439,93.400327,93.798058,150898453.000000
2026-08-05,93.731769,93.798058,91.643685,92.008271,162011766.000000
2026-08-06,92.041416,92.240281,91.378532,91.975127,107092691.000000
2026-08-07,92.008271,92.273425,91.179667,91.975127,103438314.000000
2026-08-10,91.743118,93.499760,91.378532,92.969453,118747347.000000
2026-08-11,93.102030,94.129500,92.671155,93.831202,109150749.000000
