date,open,high,low,close,volume
2018-01-02,8.280000,8.650000,8.230000,8.610000,2002033
2018-01-03,8.550000,8.850000,8.530000,8.640000,1361800
2018-01-04,8.700000,8.940000,8.660000,8.890000,968471
2018-01-05,8.870000,8.930000,8.750000,8.850000,735038
2018-01-08,8.910000,9.640000,8.890000,9.400000,2106499
2018-01-09,9.180000,9.390000,9.110000,9.300000,1184116
2018-01-10,9.210000,9.360000,9.100000,9.230000,742348
2018-01-11,9.190000,9.240000,8.830000,8.960000,866417
2018-01-12,8.990000,9.230000,8.910000,9.050000,664569
2018-01-15,9.100000,9.180000,8.560000,8.650000,835140
2018-01-16,8.700000,8.820000,8.650000,8.780000,496933
2018-01-17,8.810000,8.960000,8.640000,8.880000,682432
2018-01-18,8.900000,9.140000,8.890000,9.070000,732089
2018-01-19,9.100000,9.370000,9.030000,9.220000,893328
2018-01-22,9.300000,9.490000,9.250000,9.350000,1141969
2018-01-23,9.250000,9.530000,9.210000,9.510000,859510
2018-01-24,9.500000,9.600000,9.310000,9.430000,712808
2018-01-25,9.610000,9.990000,9.600000,9.800000,1054054
2018-01-26,9.700000,9.930000,9.590000,9.820000,650150
2018-01-29,10.000000,10.550000,10.000000,10.180000,1428365
2018-01-30,10.050000,10.320000,9.940000,9.950000,1008458
2018-01-31,9.800000,10.140000,9.600000,10.050000,667728
2018-02-01,10.050000,10.310000,9.720000,9.870000,764085
2018-02-02,9.830000,10.690000,9.600000,10.560000,1293810
2018-02-05,10.400000,10.830000,10.270000,10.550000,1466147
2018-02-06,10.200000,10.450000,9.820000,9.860000,1391294
2018-02-07,10.120000,10.340000,9.600000,9.650000,1392716
2018-02-08,9.500000,9.600000,8.960000,9.110000,1316591
2018-02-09,8.870000,8.940000,8.200000,8.340000,1444082
2018-02-12,8.410000,8.520000,8.210000,8.410000,658279
2018-02-13,8.510000,8.800000,8.490000,8.590000,741547
2018-02-14,8.570000,8.950000,8.570000,8.890000,473302
2018-02-22,9.050000,9.140000,8.960000,9.090000,571225
2018-02-23,9.060000,9.290000,8.970000,9.210000,682289
2018-02-26,9.290000,9.340000,8.980000,9.200000,949813
2018-02-27,9.140000,9.140000,8.650000,8.740000,1167274
2018-02-28,8.610000,8.810000,8.550000,8.730000,584921
2018-03-01,8.580000,8.780000,8.550000,8.640000,628243
2018-03-02,8.550000,8.550000,8.390000,8.500000,681938
2018-03-05,8.510000,8.610000,8.270000,8.300000,669206
2018-03-06,8.350000,8.590000,8.220000,8.570000,894974
2018-03-07,8.520000,8.590000,8.320000,8.370000,496170
2018-03-08,8.360000,8.460000,8.320000,8.430000,317893
2018-03-09,8.390000,8.460000,8.260000,8.330000,591013
2018-03-12,8.320000,8.410000,8.220000,8.330000,890790
2018-03-13,8.290000,8.410000,8.270000,8.290000,461805
2018-03-14,8.280000,8.390000,8.200000,8.360000,692903
2018-03-15,8.280000,8.320000,8.220000,8.280000,478113
2018-03-16,8.290000,8.300000,8.120000,8.130000,500377
2018-03-19,8.070000,8.080000,7.800000,7.820000,840695
2018-03-20,7.740000,7.930000,7.710000,7.870000,518474
2018-03-21,7.890000,7.960000,7.800000,7.880000,487683
2018-03-22,7.940000,7.950000,7.760000,7.890000,446222
2018-03-23,7.600000,7.840000,7.350000,7.820000,1270737
2018-03-26,7.600000,7.720000,7.500000,7.570000,573024
2018-03-27,7.680000,7.710000,7.500000,7.610000,629029
2018-03-28,7.490000,7.610000,7.370000,7.440000,583271
2018-03-29,7.430000,7.710000,7.310000,7.630000,909819
2018-03-30,7.750000,7.770000,7.560000,7.710000,879817
2018-04-02,7.710000,7.970000,7.680000,7.840000,943610
2018-04-03,7.700000,7.760000,7.560000,7.570000,623679
2018-04-04,7.590000,7.770000,7.580000,7.640000,520363
2018-04-09,7.620000,7.730000,7.580000,7.680000,421649
2018-04-10,7.700000,7.870000,7.700000,7.860000,548071
2018-04-11,7.950000,8.020000,7.790000,7.850000,564564
2018-04-12,7.810000,7.820000,7.590000,7.600000,542457
2018-04-13,7.640000,7.720000,7.550000,7.630000,471527
2018-04-16,7.630000,7.640000,7.340000,7.460000,738542
2018-04-17,7.440000,7.560000,7.380000,7.390000,442726
2018-04-18,7.610000,7.690000,7.470000,7.520000,791428
2018-04-19,7.550000,7.830000,7.470000,7.800000,1043138
2018-04-20,7.770000,7.810000,7.640000,7.800000,532977
2018-04-23,7.800000,7.870000,7.710000,7.870000,541252
2018-04-24,8.010000,8.200000,7.920000,7.970000,1463383
2018-04-25,7.880000,8.070000,7.860000,7.930000,484341
2018-04-26,7.940000,8.030000,7.820000,7.930000,504654
2018-04-27,7.920000,8.040000,7.860000,8.000000,398542
2018-05-02,7.950000,8.060000,7.780000,7.850000,551099
2018-05-03,7.830000,7.950000,7.790000,7.910000,402700
2018-05-04,7.900000,7.980000,7.830000,7.930000,521791
2018-05-07,7.930000,8.410000,7.930000,8.280000,1248461
2018-05-08,8.280000,8.350000,8.230000,8.310000,677922
2018-05-09,8.320000,8.400000,8.200000,8.230000,531855
2018-05-10,8.330000,8.520000,8.320000,8.450000,986017
2018-05-11,8.440000,8.690000,8.310000,8.580000,840222
2018-05-14,8.650000,8.770000,8.570000,8.630000,585186
2018-05-15,8.750000,8.790000,8.470000,8.600000,662486
2018-05-16,8.590000,8.590000,8.470000,8.470000,524418
2018-05-17,8.480000,8.660000,8.470000,8.570000,451833
2018-05-18,8.590000,8.900000,8.580000,8.840000,950956
2018-05-21,8.700000,8.820000,8.640000,8.730000,905659
2018-05-22,8.700000,8.720000,8.470000,8.540000,642643
2018-05-23,8.350000,8.350000,7.970000,8.010000,1896935
2018-05-24,8.000000,8.080000,7.970000,8.040000,654733
2018-05-25,8.060000,8.110000,7.940000,8.060000,392824
2018-05-28,8.070000,8.090000,7.910000,7.970000,499358
2018-05-29,8.090000,8.170000,8.060000,8.080000,713553
2018-05-30,7.930000,7.990000,7.820000,7.830000,623604
2018-05-31,7.940000,8.080000,7.920000,8.050000,521278
2018-06-01,8.130000,8.540000,8.130000,8.350000,1195384
2018-06-04,8.440000,8.550000,8.220000,8.280000,1095668
2018-06-05,8.220000,8.320000,8.020000,8.210000,1028573
2018-06-06,8.190000,8.450000,8.150000,8.390000,949847
2018-06-07,8.420000,8.730000,8.420000,8.600000,916220
2018-06-08,8.510000,8.550000,8.360000,8.470000,597966
2018-06-11,8.420000,8.580000,8.280000,8.460000,588521
2018-06-12,8.430000,8.820000,8.430000,8.760000,1058347
2018-06-13,8.750000,8.840000,8.680000,8.800000,753591
2018-06-14,8.800000,9.010000,8.760000,8.880000,848491
2018-06-15,8.830000,9.090000,8.770000,8.950000,800781
2018-06-19,8.830000,8.980000,8.590000,8.910000,2008641
2018-06-20,8.810000,8.840000,8.550000,8.760000,857263
2018-06-21,8.770000,9.110000,8.760000,8.820000,1217733
2018-06-22,8.600000,8.860000,8.510000,8.800000,627243
2018-06-25,8.930000,8.960000,8.520000,8.530000,681996
2018-06-26,8.300000,8.380000,8.020000,8.220000,916756
2018-06-27,8.250000,8.340000,8.050000,8.170000,608399
2018-06-28,8.210000,8.240000,7.940000,7.990000,652362
2018-06-29,8.000000,8.230000,7.860000,8.220000,824375
2018-07-02,8.160000,8.200000,7.780000,7.880000,853578
2018-07-03,7.920000,7.920000,7.520000,7.770000,716648
2018-07-04,7.780000,7.950000,7.720000,7.790000,462919
2018-07-05,7.710000,7.900000,7.590000,7.860000,837161
2018-07-06,7.780000,7.880000,7.590000,7.790000,572778
2018-07-09,7.800000,7.960000,7.780000,7.920000,768957
2018-07-10,7.550000,7.620000,7.470000,7.580000,552869
2018-07-11,7.390000,7.450000,7.300000,7.370000,448212
2018-07-12,7.350000,7.580000,7.350000,7.520000,442521
2018-07-13,7.500000,7.520000,7.410000,7.480000,363775
2018-07-16,7.560000,7.680000,7.490000,7.560000,510275
2018-07-17,7.500000,7.500000,7.290000,7.390000,442846
2018-07-18,7.390000,7.410000,7.320000,7.330000,284598
2018-07-19,7.360000,7.400000,7.260000,7.290000,403877
2018-07-20,7.290000,7.380000,7.090000,7.350000,641707
2018-07-23,7.260000,7.680000,7.220000,7.630000,792983
2018-07-24,7.710000,7.940000,7.710000,7.780000,1366711
2018-07-25,7.810000,7.930000,7.730000,7.790000,566661
2018-07-26,7.750000,7.910000,7.600000,7.670000,749439
2018-07-27,7.680000,7.720000,7.580000,7.650000,337955
2018-07-30,7.650000,7.790000,7.620000,7.670000,409191
2018-07-31,7.700000,7.710000,7.510000,7.610000,327890
2018-08-01,7.600000,7.700000,7.340000,7.360000,459272
2018-08-02,7.370000,7.370000,7.110000,7.240000,542348
2018-08-03,7.200000,7.450000,7.160000,7.200000,670415
2018-08-06,7.220000,7.260000,6.970000,7.070000,523172
2018-08-07,7.180000,7.390000,7.130000,7.390000,818195
2018-08-08,7.400000,7.440000,7.300000,7.390000,480051
2018-08-09,7.310000,7.530000,7.270000,7.510000,489386
2018-08-10,7.580000,7.630000,7.390000,7.450000,549745
2018-08-13,7.440000,7.560000,7.360000,7.540000,460851
2018-08-14,7.550000,7.650000,7.510000,7.600000,450231
2018-08-15,7.590000,7.640000,7.390000,7.420000,432475
2018-08-16,7.310000,7.400000,7.280000,7.350000,372863
2018-08-17,7.420000,7.430000,7.280000,7.290000,400050
2018-08-20,7.310000,7.410000,7.270000,7.400000,356310
2018-08-21,7.400000,7.530000,7.350000,7.460000,382417
2018-08-22,7.480000,7.630000,7.430000,7.520000,428497
2018-08-23,7.530000,7.560000,7.390000,7.520000,300803
2018-08-24,7.520000,7.550000,7.400000,7.510000,217362
2018-08-27,7.520000,7.610000,7.500000,7.600000,347539
2018-08-28,7.590000,7.730000,7.560000,7.670000,412432
2018-08-29,7.650000,7.710000,7.580000,7.610000,225440
2018-08-30,7.600000,7.670000,7.460000,7.510000,277059
2018-08-31,7.510000,7.520000,7.390000,7.490000,223955
2018-09-03,7.460000,7.490000,7.340000,7.390000,295460
2018-09-04,7.400000,7.510000,7.390000,7.490000,197045
2018-09-05,7.500000,7.500000,7.350000,7.360000,212565
2018-09-06,7.380000,7.490000,7.290000,7.320000,246960
2018-09-07,7.970000,8.050000,7.750000,8.050000,2281269
2018-09-10,7.990000,8.050000,7.870000,7.970000,1059830
2018-09-11,7.960000,7.960000,7.740000,7.840000,720597
2018-09-12,7.840000,8.020000,7.790000,7.860000,844133
2018-09-13,7.990000,8.020000,7.820000,8.000000,486046
2018-09-14,7.980000,8.210000,7.950000,8.160000,772894
2018-09-17,8.080000,8.150000,7.930000,8.000000,524723
2018-09-18,7.960000,8.280000,7.950000,8.280000,636323
2018-09-19,8.250000,8.500000,8.240000,8.420000,744510
2018-09-20,8.400000,8.450000,8.280000,8.310000,461316
2018-09-21,8.400000,8.830000,8.360000,8.800000,1111836
2018-09-25,8.650000,8.780000,8.610000,8.730000,441756
2018-09-26,8.760000,8.860000,8.610000,8.690000,599524
2018-09-27,8.700000,8.850000,8.640000,8.760000,454716
2018-09-28,8.790000,8.820000,8.620000,8.700000,487267
2018-10-08,8.570000,8.620000,8.350000,8.440000,756026
2018-10-09,8.450000,8.740000,8.410000,8.700000,680474
2018-10-10,8.770000,8.880000,8.640000,8.780000,638337
2018-10-11,8.500000,8.680000,8.240000,8.340000,849076
2018-10-12,8.330000,8.740000,8.250000,8.660000,751585
2018-10-15,8.710000,8.710000,8.330000,8.360000,702049
2018-10-16,8.310000,8.560000,8.240000,8.270000,478286
2018-10-17,8.460000,8.510000,8.240000,8.440000,622079
2018-10-18,8.360000,8.360000,8.180000,8.220000,634357
2018-10-19,8.160000,8.380000,7.920000,8.380000,880323
2018-10-22,8.380000,8.760000,8.350000,8.650000,1172725
2018-10-23,8.640000,8.700000,8.430000,8.480000,723543
2018-10-24,8.480000,8.600000,8.320000,8.570000,530753
2018-10-25,8.340000,8.680000,8.270000,8.660000,650011
2018-10-26,8.710000,8.940000,8.550000,8.750000,1160714
2018-10-29,8.800000,8.880000,8.360000,8.420000,1120680
2018-10-30,8.380000,8.590000,8.260000,8.480000,729062
2018-10-31,8.440000,8.670000,8.440000,8.530000,635219
2018-11-01,8.550000,8.610000,8.350000,8.360000,836775
2018-11-02,8.480000,8.530000,8.300000,8.480000,862376
2018-11-05,8.360000,8.470000,8.340000,8.410000,479113
2018-11-06,8.390000,8.470000,8.340000,8.400000,335942
2018-11-07,8.410000,8.410000,8.220000,8.230000,717043
2018-11-08,8.240000,8.310000,8.200000,8.240000,348150
2018-11-09,8.210000,8.290000,8.150000,8.160000,329092
2018-11-12,8.120000,8.180000,8.000000,8.090000,691400
2018-11-13,8.010000,8.130000,7.980000,8.090000,578744
2018-11-14,8.030000,8.270000,8.010000,8.150000,510207
2018-11-15,8.110000,8.160000,8.020000,8.130000,560344
2018-11-16,8.120000,8.120000,8.010000,8.010000,546008
2018-11-19,8.000000,8.080000,7.980000,8.060000,366109
2018-11-20,8.020000,8.050000,7.940000,7.950000,389272
2018-11-21,7.890000,8.030000,7.730000,8.000000,606424
2018-11-22,7.980000,8.010000,7.850000,7.880000,282202
2018-11-23,7.890000,7.900000,7.740000,7.760000,365196
2018-11-26,7.770000,7.790000,7.530000,7.540000,511511
2018-11-27,7.590000,7.620000,7.470000,7.530000,422937
2018-11-28,7.500000,7.680000,7.500000,7.660000,303417
2018-11-29,7.680000,7.750000,7.590000,7.590000,255701
2018-11-30,7.550000,7.730000,7.540000,7.720000,244367
2018-12-03,7.840000,7.930000,7.780000,7.820000,492765
2018-12-04,7.820000,7.830000,7.720000,7.830000,321426
2018-12-05,7.750000,7.840000,7.720000,7.800000,224121
2018-12-06,7.750000,7.810000,7.670000,7.670000,255775
2018-12-07,7.700000,7.880000,7.690000,7.860000,379713
2018-12-10,7.800000,7.900000,7.760000,7.850000,243988
2018-12-11,7.850000,7.850000,7.780000,7.800000,183107
2018-12-12,7.850000,7.890000,7.770000,7.840000,220034
2018-12-13,7.860000,7.960000,7.840000,7.920000,317167
2018-12-14,7.880000,7.910000,7.760000,7.770000,266125
2018-12-17,7.760000,7.870000,7.620000,7.820000,410822
2018-12-18,7.740000,7.830000,7.710000,7.750000,170549
2018-12-19,7.780000,7.800000,7.700000,7.720000,235929
2018-12-20,7.740000,7.780000,7.610000,7.620000,313761
2018-12-21,7.600000,7.660000,7.530000,7.620000,274545
2018-12-24,7.610000,7.670000,7.590000,7.640000,141894
2018-12-25,7.580000,7.590000,7.460000,7.530000,286717
2018-12-26,7.540000,7.590000,7.460000,7.480000,176097
2018-12-27,7.610000,7.630000,7.460000,7.500000,222798
2018-12-28,7.500000,7.520000,7.380000,7.440000,254480
2019-01-02,7.460000,7.480000,7.270000,7.320000,375615
2019-01-03,7.310000,7.370000,7.250000,7.330000,213126
2019-01-04,7.270000,7.480000,7.210000,7.470000,337852
2019-01-07,7.480000,7.550000,7.410000,7.520000,309025
2019-01-08,7.500000,7.580000,7.440000,7.560000,217479
2019-01-09,7.560000,7.720000,7.550000,7.610000,367109
2019-01-10,7.670000,7.670000,7.570000,7.630000,158282
2019-01-11,7.620000,7.660000,7.570000,7.630000,163238
2019-01-14,7.700000,7.820000,7.630000,7.670000,344796
2019-01-15,7.660000,7.740000,7.530000,7.700000,296439
2019-01-16,7.750000,7.840000,7.720000,7.780000,346885
2019-01-17,7.770000,7.930000,7.750000,7.820000,452269
2019-01-18,7.890000,8.030000,7.840000,7.980000,509882
2019-01-21,8.090000,8.230000,7.970000,8.160000,698260
2019-01-22,8.130000,8.140000,8.050000,8.120000,409906
2019-01-23,8.080000,8.120000,8.010000,8.050000,232243
2019-01-24,8.090000,8.100000,7.930000,8.060000,285731
2019-01-25,8.010000,8.130000,7.980000,7.990000,416052
2019-01-28,8.050000,8.330000,8.050000,8.270000,864327
2019-01-29,8.250000,8.380000,8.190000,8.370000,515516
2019-01-30,8.340000,8.380000,8.220000,8.260000,249794
2019-01-31,8.280000,8.470000,8.210000,8.420000,495261
2019-02-01,8.420000,8.460000,8.280000,8.400000,466647
2019-02-11,8.390000,8.450000,8.330000,8.410000,401871
2019-02-12,8.400000,8.460000,8.350000,8.430000,461227
2019-02-13,8.410000,8.410000,8.300000,8.380000,541452
2019-02-14,8.320000,8.440000,8.310000,8.360000,421121
2019-02-15,8.360000,8.370000,8.150000,8.150000,432355
2019-02-18,8.200000,8.320000,8.150000,8.300000,494668
2019-02-19,8.290000,8.360000,8.150000,8.210000,575672
2019-02-20,8.210000,8.400000,8.210000,8.400000,462081
2019-02-21,8.410000,8.630000,8.360000,8.380000,611796
2019-02-22,8.330000,8.490000,8.220000,8.490000,546160
2019-02-25,8.520000,8.870000,8.450000,8.850000,984823
2019-02-26,8.810000,9.270000,8.680000,8.870000,1112293
2019-02-27,8.960000,9.280000,8.870000,9.010000,924874
2019-02-28,9.010000,9.120000,8.870000,8.930000,495448
2019-03-01,9.040000,9.180000,8.870000,9.120000,590667
2019-03-04,9.190000,9.510000,9.180000,9.230000,1201218
2019-03-05,9.290000,9.290000,9.080000,9.150000,708898
2019-03-06,9.150000,9.150000,8.980000,9.070000,943825
2019-03-07,9.050000,9.170000,8.890000,8.960000,963173
2019-03-08,8.790000,8.810000,8.620000,8.630000,954011
2019-03-11,8.650000,8.740000,8.560000,8.710000,633580
2019-03-12,8.800000,8.840000,8.670000,8.720000,685182
2019-03-13,8.700000,8.740000,8.610000,8.680000,476534
2019-03-14,8.650000,8.750000,8.590000,8.700000,514395
2019-03-15,8.720000,8.820000,8.660000,8.720000,724942
2019-03-18,8.750000,9.010000,8.680000,9.000000,991046
2019-03-19,9.000000,9.080000,8.880000,8.890000,639278
2019-03-20,8.930000,9.010000,8.810000,8.890000,568109
2019-03-21,8.930000,8.980000,8.790000,8.860000,543005
2019-03-22,8.870000,9.050000,8.840000,9.000000,701451
2019-03-25,8.880000,8.940000,8.710000,8.740000,549551
2019-03-26,8.780000,8.800000,8.580000,8.660000,587484
2019-03-27,8.690000,8.750000,8.620000,8.720000,455523
2019-03-28,8.700000,8.790000,8.630000,8.700000,364090
2019-03-29,8.700000,9.000000,8.700000,8.910000,763702
2019-04-01,8.980000,9.500000,8.980000,9.470000,1436665
2019-04-02,9.490000,9.500000,9.270000,9.430000,856926
2019-04-03,9.490000,9.750000,9.400000,9.530000,1163250
2019-04-04,9.800000,9.960000,9.630000,9.930000,1216600
2019-04-08,10.050000,10.090000,9.660000,9.850000,1145757
2019-04-09,9.850000,9.850000,9.610000,9.690000,502043
2019-04-10,9.690000,9.880000,9.580000,9.750000,470386
2019-04-11,9.580000,9.670000,9.150000,9.160000,1022006
2019-04-12,9.150000,9.310000,9.120000,9.210000,526286
2019-04-15,9.350000,9.380000,9.150000,9.150000,647308
2019-04-16,9.150000,9.370000,9.110000,9.370000,552288
2019-04-17,9.370000,9.530000,9.260000,9.480000,552277
2019-04-18,9.420000,9.470000,9.280000,9.310000,355400
2019-04-19,9.300000,9.550000,9.160000,9.500000,524810
2019-04-22,9.430000,9.460000,9.130000,9.180000,481348
2019-04-23,9.170000,9.290000,9.050000,9.090000,429399
2019-04-24,9.140000,9.240000,9.090000,9.160000,286069
2019-04-25,9.140000,9.150000,8.890000,8.900000,343387
2019-04-26,8.880000,8.960000,8.810000,8.840000,351603
2019-04-29,8.850000,8.950000,8.800000,8.860000,319587
2019-04-30,8.880000,9.030000,8.840000,9.020000,336887
2019-05-06,8.700000,8.810000,8.470000,8.630000,808345
2019-05-07,8.650000,8.760000,8.620000,8.690000,304211
2019-05-08,8.550000,8.720000,8.510000,8.610000,285720
2019-05-09,8.530000,8.600000,8.370000,8.510000,465866
2019-05-10,8.590000,8.730000,8.480000,8.700000,300468
2019-05-13,8.670000,9.030000,8.580000,8.860000,470326
2019-05-14,8.710000,8.900000,8.700000,8.820000,327692
2019-05-15,8.850000,8.990000,8.850000,8.960000,292227
2019-05-16,8.970000,9.120000,8.920000,9.100000,385826
2019-05-17,9.110000,9.110000,8.900000,8.930000,318518
2019-05-20,8.840000,8.910000,8.670000,8.810000,444469
2019-05-21,8.840000,9.120000,8.830000,9.080000,426555
2019-05-22,9.080000,9.210000,9.020000,9.140000,300262
2019-05-23,9.100000,9.280000,9.040000,9.120000,474201
2019-05-24,9.070000,9.230000,9.020000,9.090000,388350
2019-05-27,9.060000,9.150000,8.960000,9.080000,397988
2019-05-28,9.070000,9.070000,8.890000,9.050000,664538
2019-05-29,8.930000,8.960000,8.830000,8.840000,437731
2019-05-30,8.800000,8.920000,8.730000,8.870000,273416
2019-05-31,8.880000,8.880000,8.680000,8.730000,278558
2019-06-03,8.720000,8.730000,8.560000,8.640000,369555
2019-06-04,8.660000,8.680000,8.580000,8.650000,199824
2019-06-05,8.690000,8.770000,8.650000,8.680000,207677
2019-06-06,8.660000,8.690000,8.590000,8.590000,169016
2019-06-10,8.620000,8.730000,8.570000,8.700000,201895
2019-06-11,8.710000,8.920000,8.680000,8.850000,327200
2019-06-12,8.820000,8.950000,8.780000,8.840000,277444
2019-06-13,8.840000,8.840000,8.730000,8.790000,157004
2019-06-14,8.820000,8.830000,8.610000,8.620000,233738
2019-06-17,8.600000,8.670000,8.580000,8.640000,140088
2019-06-18,8.620000,8.710000,8.600000,8.690000,160150
2019-06-19,8.820000,8.890000,8.780000,8.840000,313611
2019-06-20,8.840000,9.060000,8.810000,9.010000,398444
2019-06-21,9.070000,9.070000,8.970000,9.010000,332775
2019-06-24,9.010000,9.220000,8.980000,9.130000,440339
2019-06-25,9.130000,9.270000,9.090000,9.180000,394937
2019-06-26,9.220000,9.390000,9.160000,9.270000,438239
2019-06-27,9.310000,9.460000,9.230000,9.250000,315899
2019-06-28,9.270000,9.370000,9.190000,9.240000,177010
2019-07-01,9.320000,9.390000,9.280000,9.370000,330197
2019-07-02,9.380000,9.600000,9.330000,9.560000,502929
2019-07-03,9.530000,9.540000,9.290000,9.300000,255237
2019-07-04,9.340000,9.430000,9.230000,9.260000,162470
2019-07-05,9.320000,9.360000,9.260000,9.280000,132170
2019-07-08,9.220000,9.260000,9.080000,9.140000,224379
2019-07-09,9.180000,9.230000,9.110000,9.130000,184921
2019-07-10,9.150000,9.190000,9.060000,9.090000,182453
2019-07-11,8.880000,8.900000,8.770000,8.800000,218492
2019-07-12,8.830000,8.870000,8.750000,8.790000,140338
2019-07-15,8.800000,8.850000,8.700000,8.830000,173810
2019-07-16,8.810000,8.830000,8.700000,8.760000,116499
2019-07-17,8.750000,9.020000,8.730000,8.950000,255773
2019-07-18,8.970000,9.040000,8.790000,8.850000,268898
2019-07-19,8.830000,8.930000,8.820000,8.850000,188557
2019-07-22,8.880000,9.180000,8.770000,9.040000,349190
2019-07-23,9.070000,9.090000,8.990000,9.050000,149254
2019-07-24,9.060000,9.140000,9.010000,9.050000,234916
2019-07-25,9.050000,9.080000,9.030000,9.080000,167064
2019-07-26,9.060000,9.070000,8.970000,9.040000,286910
2019-07-29,9.070000,9.120000,9.020000,9.120000,188695
2019-07-30,9.120000,9.390000,9.090000,9.320000,347774
2019-07-31,9.280000,9.560000,9.270000,9.460000,441104
2019-08-01,9.450000,9.480000,9.370000,9.400000,206494
2019-08-02,9.260000,9.430000,9.120000,9.340000,274051
2019-08-05,9.290000,9.420000,9.140000,9.150000,337331
2019-08-06,8.950000,9.280000,8.860000,9.140000,324813
2019-08-07,9.140000,9.330000,9.140000,9.210000,246040
2019-08-08,9.180000,9.280000,9.090000,9.150000,232177
2019-08-09,9.210000,9.210000,8.960000,8.990000,190179
2019-08-12,8.960000,9.100000,8.890000,9.100000,340408
2019-08-13,9.020000,9.020000,8.860000,8.870000,221545
2019-08-14,8.950000,9.050000,8.940000,8.990000,162068
2019-08-15,8.870000,8.940000,8.820000,8.920000,166579
2019-08-16,8.930000,9.070000,8.860000,8.960000,250428
2019-08-19,9.000000,9.130000,8.960000,9.130000,256077
2019-08-20,9.150000,9.240000,9.110000,9.150000,182781
2019-08-21,9.080000,9.130000,9.060000,9.080000,113715
2019-08-22,9.140000,9.140000,8.950000,9.020000,147142
2019-08-23,9.020000,9.060000,8.950000,9.040000,134485
2019-08-26,8.860000,9.010000,8.860000,8.910000,176828
2019-08-27,8.970000,9.080000,8.910000,8.910000,263564
2019-08-28,8.960000,8.990000,8.880000,8.900000,141739
2019-08-29,8.920000,8.940000,8.800000,8.810000,147838
2019-08-30,8.870000,8.960000,8.840000,8.900000,151247
2019-09-02,8.900000,9.200000,8.900000,9.170000,342194
2019-09-03,9.130000,9.250000,9.110000,9.230000,209521
2019-09-04,9.250000,9.300000,9.170000,9.270000,214123
2019-09-05,9.290000,9.380000,9.150000,9.180000,278046
2019-09-06,9.220000,9.240000,9.120000,9.160000,186069
2019-09-09,9.220000,9.280000,9.050000,9.250000,256304
2019-09-10,9.260000,9.270000,9.150000,9.180000,151789
2019-09-11,9.240000,9.250000,9.070000,9.130000,187332
2019-09-12,9.140000,9.160000,9.090000,9.150000,269046
2019-09-16,9.200000,9.280000,9.110000,9.170000,201862
2019-09-17,9.170000,9.180000,9.050000,9.080000,191399
2019-09-18,9.090000,9.120000,9.030000,9.070000,133723
2019-09-19,9.070000,9.100000,9.000000,9.100000,116157
2019-09-20,9.100000,9.100000,8.950000,9.000000,319699
2019-09-23,8.960000,8.970000,8.850000,8.880000,214403
2019-09-24,8.870000,8.950000,8.870000,8.930000,129151
2019-09-25,8.920000,8.980000,8.870000,8.940000,163371
2019-09-26,8.980000,9.000000,8.900000,8.930000,148956
2019-09-27,8.930000,8.950000,8.670000,8.780000,247339
2019-09-30,8.780000,8.810000,8.720000,8.730000,131735
2019-10-08,8.750000,8.870000,8.740000,8.840000,125399
2019-10-09,8.860000,8.860000,8.730000,8.810000,94109
2019-10-10,8.820000,8.850000,8.760000,8.820000,111980
2019-10-11,8.850000,8.900000,8.770000,8.870000,133571
2019-10-14,8.900000,8.970000,8.870000,8.920000,156312
2019-10-15,8.900000,8.920000,8.760000,8.810000,190733
2019-10-16,8.790000,8.850000,8.770000,8.830000,105626
2019-10-17,8.810000,8.810000,8.760000,8.780000,115308
2019-10-18,8.780000,8.790000,8.550000,8.580000,283421
2019-10-21,8.610000,8.640000,8.540000,8.590000,127107
2019-10-22,8.550000,8.580000,8.470000,8.530000,157097
2019-10-23,8.540000,8.570000,8.510000,8.510000,93515
2019-10-24,8.530000,8.530000,8.400000,8.420000,160992
2019-10-25,8.420000,8.600000,8.340000,8.580000,188594
2019-10-28,8.550000,8.650000,8.530000,8.630000,215379
2019-10-29,8.630000,8.630000,8.430000,8.460000,230697
2019-10-30,8.430000,8.530000,8.430000,8.490000,184804
2019-10-31,8.580000,8.580000,8.350000,8.380000,283827
2019-11-01,8.310000,8.520000,8.310000,8.470000,273490
2019-11-04,8.470000,8.520000,8.350000,8.440000,265723
2019-11-05,8.450000,8.680000,8.440000,8.590000,342269
2019-11-06,8.590000,8.660000,8.520000,8.580000,213507
2019-11-07,8.600000,8.600000,8.500000,8.540000,209346
2019-11-08,8.570000,8.580000,8.430000,8.440000,212857
2019-11-11,8.440000,8.440000,8.180000,8.190000,278527
2019-11-12,8.230000,8.330000,8.190000,8.300000,215511
2019-11-13,8.390000,8.390000,8.230000,8.250000,196230
2019-11-14,8.280000,8.320000,8.180000,8.200000,161215
2019-11-15,8.190000,8.230000,8.030000,8.040000,218658
2019-11-18,8.010000,8.130000,8.000000,8.090000,153388
2019-11-19,8.130000,8.260000,8.100000,8.260000,133275
2019-11-20,8.260000,8.340000,8.220000,8.260000,158129
2019-11-21,8.250000,8.330000,8.200000,8.300000,103708
2019-11-22,8.300000,8.340000,8.190000,8.290000,119184
2019-11-25,8.280000,8.670000,8.280000,8.630000,412476
2019-11-26,8.610000,8.850000,8.590000,8.820000,645170
2019-11-27,8.750000,8.800000,8.620000,8.640000,225011
2019-11-28,8.660000,8.660000,8.500000,8.560000,142824
2019-11-29,8.600000,8.620000,8.440000,8.480000,179600
2019-12-02,8.510000,8.610000,8.480000,8.550000,158975
2019-12-03,8.550000,8.600000,8.460000,8.500000,185457
2019-12-04,8.530000,8.530000,8.370000,8.400000,162098
2019-12-05,8.400000,8.440000,8.310000,8.340000,183387
2019-12-06,8.350000,8.410000,8.310000,8.410000,214809
2019-12-09,8.400000,8.650000,8.380000,8.630000,260215
2019-12-10,8.620000,8.730000,8.590000,8.640000,214891
2019-12-11,8.680000,8.680000,8.520000,8.550000,167435
2019-12-12,8.570000,8.580000,8.490000,8.500000,96906
2019-12-13,8.530000,8.650000,8.530000,8.580000,149403
2019-12-16,8.610000,8.610000,8.500000,8.590000,132831
2019-12-17,8.590000,8.820000,8.540000,8.760000,309028
2019-12-18,8.730000,8.800000,8.690000,8.720000,158891
2019-12-19,8.710000,8.810000,8.680000,8.790000,169580
2019-12-20,8.760000,8.790000,8.710000,8.750000,144026
2019-12-23,8.710000,8.820000,8.650000,8.680000,175693
2019-12-24,8.660000,8.760000,8.640000,8.750000,77779
2019-12-25,8.740000,8.740000,8.620000,8.630000,89194
2019-12-26,8.640000,8.810000,8.640000,8.800000,176923
2019-12-27,8.800000,8.950000,8.760000,8.900000,255611
2019-12-30,8.950000,9.070000,8.860000,9.040000,289682
2019-12-31,9.010000,9.080000,8.930000,8.990000,188080
2020-01-02,9.050000,9.150000,8.980000,9.020000,250099
2020-01-03,8.980000,9.080000,8.940000,9.000000,197746
2020-01-06,9.040000,9.300000,9.000000,9.230000,414110
2020-01-07,9.130000,9.450000,9.130000,9.360000,471368
2020-01-08,9.360000,9.400000,8.940000,9.010000,479233
2020-01-09,9.060000,9.100000,8.970000,9.030000,318488
2020-01-10,9.030000,9.040000,8.920000,8.990000,188913
2020-01-13,8.990000,9.060000,8.860000,9.020000,226222
2020-01-14,9.010000,9.110000,8.920000,8.960000,217297
2020-01-15,8.960000,8.970000,8.820000,8.850000,199724
2020-01-16,8.890000,8.990000,8.650000,8.680000,280246
2020-01-17,8.730000,8.850000,8.600000,8.690000,274005
2020-01-20,8.690000,8.800000,8.590000,8.730000,281132
2020-01-21,8.710000,8.710000,8.470000,8.510000,271596
2020-01-22,8.470000,8.660000,8.370000,8.620000,249091
2020-01-23,8.580000,8.590000,8.350000,8.390000,330675
2020-02-03,7.560000,8.060000,7.550000,8.000000,799061
2020-02-04,7.890000,8.300000,7.800000,7.920000,516423
2020-02-05,7.940000,7.990000,7.800000,7.850000,359412
2020-02-06,7.880000,7.900000,7.720000,7.870000,298964
2020-02-07,7.810000,7.900000,7.730000,7.860000,298345
2020-02-10,7.820000,8.020000,7.750000,7.940000,391385
2020-02-11,7.990000,8.230000,7.960000,8.140000,409165
2020-02-12,8.140000,8.230000,8.050000,8.180000,256124
2020-02-13,8.140000,8.210000,8.100000,8.140000,216032
2020-02-14,8.130000,8.170000,7.990000,8.170000,164368
2020-02-17,8.130000,8.220000,8.120000,8.210000,383000
2020-02-18,8.200000,8.200000,8.070000,8.100000,269121
2020-02-19,8.090000,8.130000,8.040000,8.050000,192195
2020-02-20,8.030000,8.150000,7.980000,8.140000,322917
2020-02-21,8.100000,8.130000,8.050000,8.080000,189155
2020-02-24,8.040000,8.090000,7.980000,8.050000,270631
2020-02-25,7.950000,8.000000,7.820000,7.860000,312210
2020-02-26,7.800000,8.040000,7.750000,7.960000,353619
2020-02-27,8.040000,8.270000,8.030000,8.100000,430047
2020-02-28,7.930000,8.030000,7.820000,7.900000,334124
2020-03-02,7.930000,8.230000,7.920000,8.150000,361008
2020-03-03,8.240000,8.290000,8.060000,8.120000,354025
2020-03-04,8.090000,8.240000,8.030000,8.210000,334963
2020-03-05,8.240000,8.380000,8.200000,8.280000,356568
2020-03-06,8.190000,8.220000,8.080000,8.120000,226396
2020-03-09,7.940000,7.940000,7.810000,7.810000,414400
2020-03-10,7.700000,8.000000,7.690000,7.940000,291719
2020-03-11,7.940000,7.970000,7.780000,7.830000,280276
2020-03-12,7.750000,7.800000,7.650000,7.700000,303844
2020-03-13,7.380000,7.750000,7.310000,7.560000,259567
2020-03-16,7.550000,7.600000,7.340000,7.350000,236223
2020-03-17,7.410000,7.480000,7.200000,7.280000,220669
2020-03-18,7.330000,7.350000,7.090000,7.130000,196401
2020-03-19,7.070000,7.100000,6.710000,6.840000,307087
2020-03-20,6.930000,7.000000,6.870000,6.950000,199197
2020-03-23,6.830000,7.020000,6.780000,6.930000,225827
2020-03-24,7.070000,7.220000,7.020000,7.210000,195724
2020-03-25,7.360000,7.360000,7.210000,7.330000,155327
2020-03-26,7.320000,7.330000,7.200000,7.250000,117369
2020-03-27,7.300000,7.340000,7.220000,7.290000,101386
2020-03-30,7.230000,7.520000,7.210000,7.370000,164285
2020-03-31,7.410000,7.630000,7.390000,7.480000,230534
2020-04-01,7.520000,7.650000,7.480000,7.500000,215457
2020-04-02,7.530000,7.650000,7.490000,7.640000,159147
2020-04-03,7.690000,7.690000,7.470000,7.500000,176540
2020-04-07,7.590000,7.610000,7.470000,7.520000,225405
2020-04-08,7.510000,7.560000,7.430000,7.530000,101424
2020-04-09,7.540000,7.540000,7.460000,7.470000,57797
2020-04-10,7.450000,7.490000,7.390000,7.400000,69171
2020-04-13,7.380000,7.460000,7.350000,7.390000,69959
2020-04-14,7.410000,7.620000,7.400000,7.610000,151009
2020-04-15,7.630000,7.630000,7.460000,7.470000,67685
2020-04-16,7.520000,7.560000,7.450000,7.480000,76728
2020-04-17,7.500000,7.600000,7.480000,7.550000,96987
2020-04-20,7.550000,7.600000,7.490000,7.510000,102139
2020-04-21,7.500000,7.500000,7.270000,7.280000,179233
2020-04-22,7.270000,7.280000,7.080000,7.100000,336352
2020-04-23,7.130000,7.160000,7.050000,7.080000,162305
2020-04-24,7.110000,7.220000,7.080000,7.210000,245468
2020-04-27,7.130000,7.460000,7.130000,7.330000,178934
2020-04-28,7.410000,7.450000,7.280000,7.380000,175046
2020-04-29,7.410000,7.460000,7.260000,7.360000,131481
2020-04-30,7.380000,7.600000,7.300000,7.540000,304356
2020-05-06,7.400000,7.500000,7.200000,7.320000,396084
2020-05-07,7.300000,7.310000,7.140000,7.230000,204474
2020-05-08,7.210000,7.360000,7.200000,7.340000,162159
2020-05-11,7.340000,7.500000,7.340000,7.430000,178586
2020-05-12,7.480000,7.500000,7.350000,7.410000,140610
2020-05-13,7.410000,7.410000,7.210000,7.270000,151997
2020-05-14,7.250000,7.250000,7.190000,7.200000,111794
2020-05-15,7.200000,7.250000,7.190000,7.210000,80181
2020-05-18,7.240000,7.330000,7.190000,7.210000,226382
2020-05-19,7.320000,7.440000,7.270000,7.350000,317155
2020-05-20,7.400000,7.550000,7.270000,7.390000,380337
2020-05-21,7.390000,7.480000,7.340000,7.350000,199779
2020-05-22,7.370000,7.390000,7.170000,7.180000,211013
2020-05-25,7.180000,7.330000,7.140000,7.320000,213154
2020-05-26,7.340000,7.340000,7.200000,7.240000,183416
2020-05-27,7.220000,7.300000,7.170000,7.250000,159390
2020-05-28,7.260000,7.310000,7.190000,7.210000,124553
2020-05-29,7.230000,7.230000,7.110000,7.170000,205365
2020-06-01,7.150000,7.280000,7.140000,7.250000,275246
2020-06-02,7.250000,7.260000,7.170000,7.220000,228339
2020-06-03,7.240000,7.330000,7.200000,7.240000,294319
2020-06-04,7.270000,7.280000,7.140000,7.160000,220234
2020-06-05,7.160000,7.180000,7.100000,7.130000,176270
2020-06-08,7.160000,7.200000,7.120000,7.150000,255540
2020-06-09,7.150000,7.190000,7.120000,7.180000,223616
2020-06-10,7.170000,7.180000,7.090000,7.090000,251297
2020-06-11,7.120000,7.120000,7.050000,7.060000,224787
2020-06-12,6.990000,7.040000,6.960000,7.040000,229866
2020-06-15,7.010000,7.030000,6.930000,6.930000,250996
2020-06-16,6.960000,7.040000,6.930000,7.020000,222553
2020-06-17,7.010000,7.090000,7.010000,7.050000,237368
2020-06-18,7.060000,7.330000,7.020000,7.250000,583669
2020-06-19,7.250000,7.330000,7.230000,7.290000,388561
2020-06-22,7.300000,7.330000,7.200000,7.230000,224003
2020-06-23,7.230000,7.240000,7.120000,7.140000,171297
2020-06-24,7.200000,7.280000,7.130000,7.260000,213622
2020-06-29,7.220000,7.220000,7.140000,7.160000,159801
2020-06-30,7.200000,7.250000,7.150000,7.210000,159773
2020-07-01,7.240000,7.320000,7.200000,7.310000,260009
2020-07-02,7.320000,7.790000,7.310000,7.740000,883886
2020-07-03,7.790000,8.200000,7.740000,7.990000,800969
2020-07-06,8.190000,8.520000,8.170000,8.450000,827310
2020-07-07,8.700000,8.770000,8.200000,8.200000,715295
2020-07-08,8.150000,8.420000,8.130000,8.370000,564620
2020-07-09,8.360000,8.750000,8.190000,8.600000,897468
2020-07-10,8.230000,8.230000,7.840000,7.870000,631396
2020-07-13,7.860000,8.030000,7.770000,7.950000,508115
2020-07-14,7.940000,8.140000,7.810000,8.080000,555780
2020-07-15,8.100000,8.120000,7.780000,7.790000,582726
2020-07-16,7.820000,7.950000,7.590000,7.630000,527091
2020-07-17,7.640000,7.770000,7.490000,7.550000,323702
2020-07-20,7.570000,7.950000,7.570000,7.870000,493287
2020-07-21,8.020000,8.180000,7.900000,8.000000,717478
2020-07-22,8.000000,8.110000,7.900000,7.930000,420411
2020-07-23,7.900000,8.030000,7.760000,8.010000,392022
2020-07-24,8.050000,8.230000,7.800000,7.940000,623513
2020-07-27,7.990000,8.070000,7.830000,8.040000,346564
2020-07-28,8.100000,8.260000,7.910000,8.080000,419734
2020-07-29,8.010000,8.080000,7.870000,8.070000,336507
2020-07-30,8.100000,8.130000,7.980000,8.050000,237821
2020-07-31,8.060000,8.140000,7.980000,8.090000,367393
2020-08-03,8.070000,8.130000,8.010000,8.100000,472886
2020-08-04,8.120000,8.150000,7.970000,7.990000,427401
2020-08-05,7.960000,7.990000,7.780000,7.830000,508951
2020-08-06,7.880000,7.900000,7.760000,7.830000,346895
2020-08-07,7.810000,7.860000,7.690000,7.700000,314110
2020-08-10,7.720000,7.810000,7.600000,7.770000,323096
2020-08-11,7.780000,7.840000,7.670000,7.740000,359672
2020-08-12,7.700000,7.720000,7.590000,7.660000,308563
2020-08-13,7.700000,7.850000,7.690000,7.720000,291109
2020-08-14,7.730000,7.800000,7.630000,7.780000,278511
2020-08-17,7.810000,8.050000,7.750000,7.990000,584279
2020-08-18,8.000000,8.150000,7.970000,8.020000,492247
2020-08-19,7.980000,8.100000,7.920000,8.010000,373375
2020-08-20,7.990000,8.130000,7.810000,7.850000,474438
2020-08-21,7.920000,7.960000,7.820000,7.920000,366091
2020-08-24,7.940000,8.050000,7.900000,7.930000,275166
2020-08-25,7.930000,7.950000,7.700000,7.760000,412310
2020-08-26,7.770000,7.890000,7.760000,7.800000,344671
2020-08-27,7.880000,8.130000,7.870000,7.980000,514102
2020-08-28,7.990000,8.180000,7.930000,8.180000,620685
2020-08-31,8.220000,8.310000,8.090000,8.130000,574774
2020-09-01,8.140000,8.200000,8.070000,8.160000,241041
2020-09-02,8.160000,8.180000,8.050000,8.080000,282178
2020-09-03,8.130000,8.240000,8.060000,8.080000,315291
2020-09-04,8.000000,8.110000,7.960000,8.100000,223795
2020-09-07,8.100000,8.150000,8.000000,8.000000,281936
2020-09-08,8.020000,8.510000,8.010000,8.430000,860917
2020-09-09,8.350000,8.560000,8.250000,8.260000,580137
2020-09-10,8.360000,8.710000,8.330000,8.560000,847331
2020-09-11,8.470000,8.740000,8.360000,8.560000,567336
2020-09-14,8.530000,8.680000,8.400000,8.470000,398217
2020-09-15,8.460000,8.530000,8.350000,8.460000,235243
2020-09-16,8.460000,8.680000,8.380000,8.580000,339927
2020-09-17,8.540000,8.680000,8.430000,8.470000,382322
2020-09-18,8.510000,9.160000,8.510000,9.080000,997748
2020-09-21,9.120000,9.190000,8.860000,8.930000,738719
2020-09-22,8.890000,8.890000,8.540000,8.580000,668316
2020-09-23,8.650000,8.740000,8.560000,8.650000,400963
2020-09-24,8.510000,8.670000,8.450000,8.530000,370267
2020-09-25,8.620000,8.760000,8.600000,8.650000,437279
2020-09-28,8.800000,8.910000,8.680000,8.730000,426703
2020-09-29,8.730000,8.780000,8.610000,8.630000,323134
2020-09-30,8.610000,8.640000,8.360000,8.390000,387687
2020-10-09,8.670000,9.090000,8.660000,8.900000,889281
2020-10-12,9.020000,9.060000,8.870000,8.990000,539233
2020-10-13,9.050000,9.290000,8.980000,9.260000,596518
2020-10-14,9.180000,9.190000,9.050000,9.120000,376087
2020-10-15,9.160000,9.460000,9.080000,9.110000,625961
2020-10-16,9.190000,9.420000,9.060000,9.350000,611166
2020-10-19,9.380000,9.500000,9.140000,9.160000,452677
2020-10-20,9.130000,9.270000,9.060000,9.170000,280622
2020-10-21,9.160000,9.160000,9.000000,9.080000,262017
2020-10-22,9.050000,9.130000,8.910000,9.010000,357915
2020-10-23,9.000000,9.040000,8.890000,8.920000,261428
2020-10-26,8.880000,8.930000,8.690000,8.910000,294521
2020-10-27,8.830000,8.900000,8.780000,8.860000,197984
2020-10-28,8.870000,8.940000,8.750000,8.920000,286555
2020-10-29,8.770000,8.830000,8.690000,8.790000,293285
2020-10-30,8.810000,8.990000,8.700000,8.750000,314264
2020-11-02,8.750000,9.210000,8.710000,9.190000,727258
2020-11-03,9.210000,9.350000,9.170000,9.300000,435182
2020-11-04,9.350000,9.380000,9.200000,9.310000,306378
2020-11-05,9.340000,9.540000,9.320000,9.400000,447632
2020-11-06,9.400000,9.600000,9.350000,9.490000,400876
2020-11-09,9.530000,9.980000,9.410000,9.880000,745632
2020-11-10,9.890000,9.970000,9.630000,9.710000,491251
2020-11-11,9.740000,10.180000,9.650000,9.950000,677215
2020-11-12,9.960000,10.110000,9.740000,9.990000,376815
2020-11-13,10.010000,10.030000,9.800000,9.940000,333174
2020-11-16,10.010000,10.250000,9.890000,10.200000,691330
2020-11-17,10.190000,10.290000,9.800000,9.890000,565097
2020-11-18,9.830000,9.980000,9.640000,9.900000,398425
2020-11-19,9.860000,10.000000,9.750000,9.840000,300231
2020-11-20,9.840000,10.140000,9.820000,10.110000,500840
2020-11-23,10.350000,10.790000,10.130000,10.710000,1130880
2020-11-24,10.610000,10.610000,10.330000,10.560000,679077
2020-11-25,10.660000,10.760000,10.360000,10.360000,472321
2020-11-26,10.290000,10.610000,10.270000,10.570000,402349
2020-11-27,10.570000,10.690000,10.320000,10.540000,395314
2020-11-30,10.550000,10.980000,10.440000,10.440000,984578
2020-12-01,10.570000,10.690000,10.450000,10.630000,571928
2020-12-02,10.670000,10.800000,10.500000,10.680000,563257
2020-12-03,10.530000,10.550000,9.990000,10.100000,1012806
2020-12-04,10.090000,10.150000,9.930000,10.110000,429677
2020-12-07,10.130000,10.240000,9.880000,9.910000,504002
2020-12-08,9.950000,9.990000,9.790000,9.910000,311960
2020-12-09,9.990000,10.190000,9.950000,10.000000,548642
2020-12-10,10.060000,10.170000,9.890000,10.040000,474370
2020-12-11,10.340000,10.550000,10.050000,10.170000,800646
2020-12-14,9.940000,9.940000,9.390000,9.430000,1052669
2020-12-15,9.470000,9.500000,9.280000,9.360000,542367
2020-12-16,9.380000,9.520000,9.190000,9.230000,555337
2020-12-17,9.260000,9.430000,9.170000,9.410000,710800
2020-12-18,9.710000,9.860000,9.570000,9.800000,1197103
2020-12-21,9.900000,9.900000,9.490000,9.690000,898606
2020-12-22,9.660000,9.660000,9.070000,9.120000,933874
2020-12-23,9.070000,9.310000,9.070000,9.260000,655750
2020-12-24,9.320000,9.390000,9.110000,9.270000,498859
2020-12-25,9.300000,9.560000,9.210000,9.500000,767252
2020-12-28,9.540000,9.630000,9.390000,9.540000,674823
2020-12-29,9.500000,9.550000,9.210000,9.230000,588745
2020-12-30,9.250000,9.410000,9.170000,9.320000,522935
2020-12-31,9.300000,9.390000,9.140000,9.340000,727645
2021-01-04,9.300000,9.660000,9.200000,9.590000,785122
2021-01-05,9.560000,9.570000,9.250000,9.510000,667087
2021-01-06,9.550000,9.720000,9.480000,9.590000,594032
2021-01-07,9.630000,10.090000,9.630000,10.050000,975901
2021-01-08,10.170000,10.380000,10.010000,10.240000,755059
2021-01-11,10.280000,10.280000,9.920000,9.960000,602447
2021-01-12,9.960000,10.220000,9.840000,10.180000,542252
2021-01-13,10.180000,10.280000,9.980000,10.060000,528961
2021-01-14,10.100000,10.180000,9.930000,10.160000,549247
2021-01-15,10.200000,10.750000,10.200000,10.720000,1186147
2021-01-18,10.720000,11.110000,10.510000,11.020000,1047435
2021-01-19,10.990000,11.370000,10.890000,11.070000,925461
2021-01-20,10.970000,11.260000,10.900000,11.190000,506166
2021-01-21,11.190000,11.410000,11.050000,11.160000,584950
2021-01-22,11.120000,11.260000,10.800000,10.920000,806247
2021-01-25,10.890000,11.030000,10.690000,10.860000,776184
2021-01-26,10.830000,11.190000,10.800000,10.940000,451618
2021-01-27,10.870000,11.460000,10.840000,11.250000,779757
2021-01-28,11.050000,11.090000,10.710000,10.740000,569382
2021-01-29,10.690000,10.860000,10.000000,10.150000,931753
2021-02-01,10.150000,10.200000,9.940000,10.080000,518147
2021-02-02,10.140000,10.340000,10.010000,10.250000,540443
2021-02-03,10.150000,10.330000,10.090000,10.180000,341140
2021-02-04,10.130000,10.440000,10.100000,10.400000,483599
2021-02-05,10.260000,10.400000,9.880000,9.890000,518730
2021-02-08,9.780000,10.240000,9.750000,10.170000,336727
2021-02-09,10.100000,10.410000,10.040000,10.340000,374953
2021-02-10,10.280000,10.400000,10.070000,10.300000,355525
2021-02-18,10.590000,11.330000,10.590000,11.330000,835638
2021-02-19,11.600000,12.460000,11.590000,12.460000,1776262
2021-02-22,12.360000,13.260000,12.130000,12.140000,2083626
2021-02-23,11.870000,12.280000,11.680000,11.850000,1001653
2021-02-24,11.910000,11.980000,11.480000,11.570000,761777
2021-02-25,11.800000,11.870000,11.350000,11.360000,660836
2021-02-26,11.140000,11.300000,10.680000,10.720000,749265
2021-03-01,10.780000,10.930000,10.600000,10.770000,743534
2021-03-02,11.000000,11.580000,10.900000,11.140000,1219383
2021-03-03,11.150000,11.820000,10.960000,11.790000,1021217
2021-03-04,11.520000,11.930000,11.400000,11.590000,829938
2021-03-05,11.240000,11.340000,10.950000,11.060000,671996
2021-03-08,11.240000,11.370000,10.920000,10.920000,551265
2021-03-09,10.860000,11.250000,10.650000,10.880000,660739
2021-03-10,11.000000,11.170000,10.900000,11.000000,552254
2021-03-11,11.050000,11.330000,11.010000,11.270000,621545
2021-03-12,11.320000,11.980000,11.220000,11.650000,977183
2021-03-15,11.480000,12.180000,11.420000,12.050000,1004782
2021-03-16,12.000000,12.050000,11.300000,11.650000,912610
2021-03-17,11.500000,11.970000,11.260000,11.970000,725887
2021-03-18,11.810000,11.960000,11.560000,11.620000,488558
2021-03-19,11.400000,11.700000,11.300000,11.340000,373452
2021-03-22,11.200000,11.450000,11.150000,11.290000,499663
2021-03-23,11.270000,11.330000,10.880000,10.940000,468092
2021-03-24,10.910000,10.920000,10.540000,10.550000,555367
2021-03-25,10.530000,10.890000,10.510000,10.760000,379625
2021-03-26,10.710000,10.800000,10.650000,10.750000,346579
2021-03-29,11.070000,11.560000,11.050000,11.350000,895852
2021-03-30,11.200000,11.250000,11.020000,11.110000,504140
2021-03-31,11.100000,11.190000,10.970000,11.060000,285477
2021-04-01,11.000000,11.250000,10.890000,11.190000,461355
2021-04-02,11.200000,11.220000,11.050000,11.080000,284875
2021-04-06,11.020000,11.390000,11.020000,11.360000,420166
2021-04-07,11.250000,11.300000,10.960000,11.260000,513964
2021-04-08,11.340000,11.480000,11.070000,11.220000,456367
2021-04-09,11.110000,11.480000,11.060000,11.400000,526320
2021-04-12,11.400000,11.650000,10.900000,10.960000,863476
2021-04-13,10.960000,11.070000,10.770000,10.830000,600468
2021-04-14,10.810000,11.050000,10.790000,11.030000,279834
2021-04-15,11.050000,11.250000,10.960000,11.140000,386067
2021-04-16,11.240000,11.500000,11.180000,11.350000,612081
2021-04-19,11.400000,11.600000,11.370000,11.440000,552945
2021-04-20,11.330000,11.540000,11.270000,11.480000,387792
2021-04-21,11.390000,11.530000,11.320000,11.480000,275967
2021-04-22,11.570000,11.760000,11.490000,11.570000,399462
2021-04-23,11.500000,11.600000,11.300000,11.440000,397839
2021-04-26,11.530000,11.650000,11.340000,11.530000,603045
2021-04-27,11.470000,11.520000,11.250000,11.440000,354951
2021-04-28,11.420000,11.750000,11.350000,11.710000,695639
2021-04-29,11.710000,12.050000,11.540000,11.980000,771306
2021-04-30,11.960000,11.960000,11.160000,11.250000,1357015
2021-05-06,11.500000,11.970000,11.500000,11.820000,1216701
2021-05-07,11.880000,12.290000,11.780000,12.040000,1356081
2021-05-10,12.250000,12.680000,12.170000,12.680000,1573918
2021-05-11,12.390000,12.490000,11.980000,12.380000,1089174
2021-05-12,12.540000,12.820000,12.300000,12.550000,823616
2021-05-13,12.250000,12.300000,11.890000,12.020000,816283
2021-05-14,12.000000,12.130000,11.730000,11.880000,749217
2021-05-17,11.890000,12.170000,11.820000,11.950000,724167
2021-05-18,12.030000,12.160000,11.910000,11.980000,419913
2021-05-19,11.970000,11.970000,11.710000,11.780000,392663
2021-05-20,11.450000,11.450000,11.200000,11.360000,1010497
2021-05-21,11.310000,11.580000,11.310000,11.490000,398080
2021-05-24,11.410000,11.610000,11.340000,11.470000,431041
2021-05-25,11.550000,11.630000,11.300000,11.570000,508402
2021-05-26,11.570000,11.640000,11.480000,11.600000,303883
2021-05-27,11.620000,11.900000,11.610000,11.800000,544152
2021-05-28,11.890000,11.980000,11.760000,11.830000,408820
2021-05-31,11.980000,12.010000,11.790000,11.880000,351370
2021-06-01,11.850000,12.030000,11.660000,12.010000,512237
2021-06-02,12.010000,12.120000,11.910000,12.020000,460894
2021-06-03,12.090000,12.240000,12.010000,12.130000,594130
2021-06-04,11.900000,12.090000,11.730000,11.970000,446870
2021-06-07,12.090000,12.260000,12.060000,12.170000,440076
2021-06-08,12.120000,12.200000,11.930000,12.050000,378959
2021-06-09,12.090000,12.580000,12.030000,12.370000,802351
2021-06-10,12.310000,12.410000,12.190000,12.290000,462711
2021-06-11,12.390000,12.480000,12.200000,12.300000,378668
2021-06-15,12.400000,12.460000,12.070000,12.260000,516777
2021-06-16,12.270000,12.440000,11.950000,12.000000,530349
2021-06-17,12.050000,12.140000,11.920000,11.980000,448281
2021-06-18,11.950000,11.980000,11.560000,11.710000,457779
2021-06-21,11.650000,11.750000,11.500000,11.600000,346212
2021-06-22,11.630000,11.780000,11.570000,11.720000,312275
2021-06-23,11.760000,12.080000,11.730000,12.020000,488138
2021-06-24,12.070000,12.250000,11.960000,12.090000,505399
2021-06-25,12.250000,12.540000,12.180000,12.510000,842420
2021-06-28,12.100000,12.120000,11.840000,11.920000,718234
2021-06-29,11.880000,11.910000,11.730000,11.790000,332345
2021-06-30,11.820000,12.000000,11.760000,11.850000,259827
2021-07-01,11.790000,11.930000,11.760000,11.760000,209856
2021-07-02,11.700000,11.790000,11.420000,11.500000,404544
2021-07-05,11.630000,11.720000,11.410000,11.560000,465456
2021-07-06,11.570000,11.710000,11.430000,11.680000,434567
2021-07-07,11.590000,11.620000,11.320000,11.450000,565716
2021-07-08,11.450000,11.460000,10.800000,10.970000,988780
2021-07-09,10.360000,10.410000,10.230000,10.380000,499615
2021-07-12,10.430000,10.640000,10.190000,10.270000,565947
2021-07-13,10.350000,10.680000,10.330000,10.610000,565907
2021-07-14,10.620000,11.470000,10.620000,10.870000,968513
2021-07-15,10.870000,11.170000,10.680000,11.140000,547498
2021-07-16,11.140000,11.420000,11.100000,11.140000,643211
2021-07-19,11.340000,11.390000,11.100000,11.130000,525343
2021-07-20,11.010000,11.270000,10.810000,11.230000,437064
2021-07-21,11.240000,11.340000,10.990000,11.100000,309053
2021-07-22,11.080000,11.330000,10.960000,11.210000,410760
2021-07-23,11.300000,11.620000,11.230000,11.260000,585726
2021-07-26,11.270000,11.340000,10.820000,11.040000,773733
2021-07-27,11.110000,11.300000,10.680000,10.710000,643769
2021-07-28,10.730000,10.890000,10.400000,10.690000,468877
2021-07-29,10.830000,10.960000,10.470000,10.770000,544641
2021-07-30,10.840000,11.250000,10.810000,11.170000,756463
2021-08-02,10.800000,10.920000,10.520000,10.820000,822077
2021-08-03,10.760000,10.860000,10.510000,10.580000,501964
2021-08-04,10.660000,10.920000,10.560000,10.840000,444341
2021-08-05,10.780000,11.060000,10.610000,10.660000,523116
2021-08-06,10.670000,10.950000,10.610000,10.930000,489994
2021-08-09,10.940000,11.000000,10.780000,10.840000,398529
2021-08-10,10.810000,10.930000,10.710000,10.890000,405235
2021-08-11,10.940000,11.320000,10.930000,11.180000,845198
2021-08-12,11.170000,11.390000,11.100000,11.330000,843358
2021-08-13,11.260000,11.350000,11.160000,11.190000,471224
2021-08-16,11.390000,11.560000,11.220000,11.290000,627449
2021-08-17,11.210000,11.340000,10.950000,10.950000,481401
2021-08-18,10.990000,11.070000,10.750000,10.930000,383688
2021-08-19,10.840000,10.880000,10.650000,10.720000,365827
2021-08-20,10.680000,10.690000,10.340000,10.470000,587363
2021-08-23,10.660000,10.920000,10.660000,10.850000,614413
2021-08-24,10.980000,11.180000,10.960000,11.090000,635420
2021-08-25,11.130000,11.450000,11.050000,11.450000,703703
2021-08-26,11.360000,12.020000,11.310000,11.890000,1300661
2021-08-27,11.510000,11.830000,11.440000,11.740000,642192
2021-08-30,11.910000,12.550000,11.870000,12.460000,1371009
2021-08-31,12.470000,13.710000,12.400000,13.710000,2782314
2021-09-01,14.100000,14.480000,13.320000,13.660000,2476497
2021-09-02,13.900000,14.410000,13.660000,14.050000,1960648
2021-09-03,13.860000,14.290000,13.560000,13.980000,1197974
2021-09-06,14.300000,15.030000,14.280000,14.860000,1545715
2021-09-07,15.010000,15.740000,14.660000,15.120000,1367506
2021-09-08,15.000000,15.550000,14.720000,15.120000,1208401
2021-09-09,15.220000,16.290000,14.820000,15.710000,1901886
2021-09-10,15.300000,15.380000,14.710000,14.900000,1340860
2021-09-13,15.090000,16.390000,15.050000,16.190000,1645913
2021-09-14,15.750000,16.350000,15.250000,15.700000,1663612
2021-09-15,15.740000,16.000000,15.270000,15.730000,1256585
2021-09-16,16.260000,16.830000,15.900000,16.030000,1503110
2021-09-17,15.680000,16.200000,14.510000,14.930000,1482916
2021-09-22,14.900000,15.830000,14.810000,15.820000,1108854
2021-09-23,16.100000,16.690000,15.280000,16.250000,1391463
2021-09-24,15.930000,15.930000,14.630000,14.640000,1424885
2021-09-27,14.850000,15.050000,14.090000,14.750000,1359928
2021-09-28,14.840000,15.540000,14.610000,15.250000,1179541
2021-09-29,15.340000,15.670000,14.120000,14.250000,1310634
2021-09-30,14.290000,14.830000,14.150000,14.800000,1062032
2021-10-08,15.060000,15.130000,14.000000,14.410000,1474222
2021-10-11,14.520000,15.370000,14.380000,15.300000,1262313
2021-10-12,15.070000,15.510000,14.410000,14.850000,1404124
2021-10-13,14.730000,14.730000,13.570000,14.000000,1205052
2021-10-14,13.830000,14.130000,13.700000,13.990000,561616
2021-10-15,13.940000,14.530000,13.780000,14.520000,773289
2021-10-18,14.360000,15.220000,14.280000,15.040000,1265729
2021-10-19,15.050000,15.380000,14.760000,14.850000,1093613
2021-10-20,13.500000,13.980000,13.420000,13.790000,1428308
2021-10-21,13.770000,15.170000,13.750000,15.070000,1766714
2021-10-22,14.960000,15.020000,13.960000,14.020000,1339423
2021-10-25,14.380000,14.470000,14.000000,14.280000,519340
2021-10-26,14.330000,14.400000,14.050000,14.090000,526806
2021-10-27,13.920000,14.030000,13.500000,13.580000,1048721
2021-10-28,12.860000,13.180000,12.220000,12.530000,2667150
2021-10-29,12.540000,12.780000,12.250000,12.510000,998499
2021-11-01,12.300000,12.720000,12.220000,12.350000,679239
2021-11-02,12.410000,12.510000,11.750000,12.000000,971177
2021-11-03,12.040000,12.610000,11.920000,12.480000,883748
2021-11-04,12.370000,12.410000,12.130000,12.310000,485623
2021-11-05,12.210000,12.210000,11.850000,11.870000,558149
2021-11-08,11.830000,12.060000,11.760000,11.970000,492548
2021-11-09,11.810000,11.940000,11.630000,11.780000,574579
2021-11-10,11.700000,11.710000,11.310000,11.650000,709638
2021-11-11,11.730000,12.030000,11.630000,11.890000,568104
2021-11-12,11.830000,12.010000,11.620000,11.660000,408799
2021-11-15,11.600000,11.770000,11.460000,11.650000,459393
2021-11-16,11.650000,11.730000,11.460000,11.480000,305714
2021-11-17,11.550000,11.870000,11.520000,11.820000,412256
2021-11-18,11.900000,12.320000,11.820000,11.900000,633347
2021-11-19,11.890000,12.300000,11.740000,12.230000,516454
2021-11-22,12.340000,12.680000,11.960000,12.100000,576892
2021-11-23,12.120000,12.310000,11.960000,12.210000,399919
2021-11-24,12.370000,12.630000,12.220000,12.550000,647031
2021-11-25,12.600000,12.680000,12.310000,12.370000,451154
2021-11-26,12.180000,12.350000,12.030000,12.180000,322187
2021-11-29,12.020000,12.070000,11.880000,12.040000,396780
2021-11-30,12.030000,12.200000,11.720000,11.880000,424541
2021-12-01,11.940000,12.440000,11.830000,12.400000,581260
2021-12-02,12.320000,12.730000,12.260000,12.650000,525281
2021-12-03,12.510000,13.680000,12.330000,13.300000,1027231
2021-12-06,13.170000,13.430000,13.080000,13.170000,558846
2021-12-07,13.290000,13.400000,13.080000,13.330000,423063
2021-12-08,13.370000,13.370000,12.820000,13.020000,701270
2021-12-09,13.010000,13.040000,12.730000,12.840000,729161
2021-12-10,12.810000,12.910000,12.590000,12.650000,723324
2021-12-13,12.770000,13.270000,12.770000,12.910000,916857
2021-12-14,12.910000,12.910000,12.380000,12.620000,704865
2021-12-15,12.580000,12.930000,12.550000,12.840000,415589
2021-12-16,12.990000,13.860000,12.950000,13.700000,1392851
2021-12-17,13.700000,13.790000,13.030000,13.060000,1109806
2021-12-20,13.090000,13.160000,12.780000,12.860000,496510
2021-12-21,12.760000,13.220000,12.710000,12.940000,561779
2021-12-22,12.950000,12.980000,12.760000,12.830000,384683
2021-12-23,12.850000,13.120000,12.700000,13.050000,387372
2021-12-24,13.010000,13.030000,12.420000,12.550000,721761
2021-12-27,12.520000,12.680000,12.320000,12.450000,596330
2021-12-28,12.450000,12.490000,12.120000,12.280000,576724
2021-12-29,12.300000,12.450000,12.250000,12.330000,342089
2021-12-30,12.260000,12.320000,12.060000,12.130000,471323
2021-12-31,12.140000,12.230000,12.020000,12.200000,506498
2022-01-04,12.550000,12.660000,12.240000,12.270000,736150
2022-01-05,12.220000,12.360000,12.060000,12.090000,498961
2022-01-06,12.110000,12.200000,12.030000,12.080000,421593
2022-01-07,12.080000,12.220000,12.030000,12.140000,381323
2022-01-10,12.360000,12.490000,12.210000,12.480000,786743
2022-01-11,12.350000,12.510000,12.290000,12.360000,370732
2022-01-12,12.400000,12.480000,12.200000,12.450000,419513
2022-01-13,12.450000,13.180000,12.430000,12.790000,1079969
2022-01-14,12.670000,12.700000,12.200000,12.200000,644015
2022-01-17,12.250000,12.380000,12.190000,12.280000,311739
2022-01-18,12.340000,12.780000,12.240000,12.760000,560043
2022-01-19,13.000000,13.500000,12.850000,12.920000,874748
2022-01-20,12.850000,13.070000,12.740000,12.990000,448443
2022-01-21,13.050000,13.370000,12.910000,13.220000,667653
2022-01-24,13.110000,13.410000,12.960000,13.310000,525722
2022-01-25,13.180000,13.210000,12.870000,12.900000,455377
2022-01-26,12.970000,13.010000,12.600000,12.810000,370756
2022-01-27,12.900000,13.250000,12.860000,12.870000,374790
2022-01-28,12.780000,12.910000,12.410000,12.540000,424075
2022-02-07,12.800000,13.130000,12.710000,13.050000,490653
2022-02-08,13.390000,13.890000,13.190000,13.750000,1315409
2022-02-09,13.740000,14.080000,13.580000,13.710000,985613
2022-02-10,13.400000,14.100000,13.250000,14.000000,786163
2022-02-11,13.920000,14.490000,13.860000,14.150000,796478
2022-02-14,14.180000,14.350000,13.850000,13.970000,474521
2022-02-15,13.660000,13.890000,13.610000,13.740000,429458
2022-02-16,13.720000,14.100000,13.600000,13.890000,392206
2022-02-17,13.820000,13.940000,13.750000,13.860000,262625
2022-02-18,13.800000,14.570000,13.800000,14.510000,605358
2022-02-21,14.530000,14.900000,14.380000,14.750000,578491
2022-02-22,14.730000,15.050000,14.580000,14.860000,663933
2022-02-23,14.840000,14.850000,14.480000,14.760000,632078
2022-02-24,14.990000,15.060000,14.510000,14.720000,604187
2022-02-25,14.550000,15.080000,13.500000,14.090000,1658138
2022-02-28,14.000000,14.550000,14.000000,14.230000,976376
2022-03-01,14.160000,14.740000,14.110000,14.720000,777182
2022-03-02,14.880000,14.980000,14.570000,14.850000,581195
2022-03-03,15.020000,15.390000,14.950000,14.970000,769191
2022-03-04,14.950000,15.470000,14.800000,15.200000,661388
2022-03-07,15.650000,15.840000,15.060000,15.180000,830087
2022-03-08,15.000000,15.100000,14.440000,14.540000,753164
2022-03-09,14.600000,15.280000,14.230000,14.840000,762642
2022-03-10,14.610000,15.050000,14.270000,14.540000,1000341
2022-03-11,14.500000,15.050000,14.130000,14.680000,786425
2022-03-14,14.410000,15.050000,14.260000,14.280000,622250
2022-03-15,14.120000,14.120000,13.250000,13.250000,828820
2022-03-16,13.380000,13.850000,13.210000,13.810000,512925
2022-03-17,13.900000,14.180000,13.390000,13.880000,618846
2022-03-18,13.930000,14.500000,13.930000,14.420000,546819
2022-03-21,14.310000,15.120000,14.310000,14.840000,556576
2022-03-22,14.750000,15.300000,14.750000,15.280000,628819
2022-03-23,15.250000,15.300000,14.620000,15.070000,523147
2022-03-24,15.160000,15.470000,15.040000,15.280000,421296
2022-03-25,15.240000,15.520000,15.150000,15.300000,459436
2022-03-28,15.450000,16.050000,15.300000,15.800000,631754
2022-03-29,15.910000,16.850000,15.910000,16.670000,1055107
2022-03-30,16.200000,16.740000,15.900000,15.940000,797352
2022-03-31,16.080000,16.580000,15.820000,16.450000,763117
2022-04-01,16.310000,16.640000,16.100000,16.460000,747153
2022-04-06,16.350000,16.430000,15.650000,15.930000,790072
2022-04-07,16.270000,16.570000,16.040000,16.290000,621209
2022-04-08,16.600000,17.000000,16.400000,16.960000,687243
2022-04-11,16.800000,17.450000,16.560000,17.100000,873530
2022-04-12,17.400000,17.740000,16.800000,17.210000,834389
2022-04-13,17.030000,18.050000,16.980000,17.680000,715797
2022-04-14,17.660000,18.660000,17.360000,18.350000,798513
2022-04-15,18.350000,19.130000,17.300000,17.550000,963304
2022-04-18,17.080000,17.930000,16.980000,17.090000,708235
2022-04-19,17.100000,17.540000,16.850000,17.460000,567987
2022-04-20,17.210000,17.480000,16.590000,16.640000,709860
2022-04-21,16.870000,17.110000,16.400000,16.550000,656998
2022-04-22,16.450000,16.930000,16.330000,16.570000,576736
2022-04-25,16.340000,16.400000,15.530000,15.900000,770595
2022-04-26,16.200000,16.200000,15.100000,15.290000,981562
2022-04-27,15.300000,15.920000,15.140000,15.880000,624210
2022-04-28,16.290000,17.470000,16.100000,17.360000,1115757
2022-04-29,17.500000,17.590000,16.730000,17.210000,768636
2022-05-05,17.210000,17.550000,16.660000,16.800000,642800
2022-05-06,16.470000,17.380000,16.300000,16.800000,511322
2022-05-09,16.500000,16.670000,15.710000,16.560000,517519
2022-05-10,16.290000,16.290000,15.610000,15.820000,755500
2022-05-11,15.850000,16.480000,15.740000,16.380000,555081
2022-05-12,16.480000,16.880000,15.920000,16.180000,481887
2022-05-13,16.280000,16.980000,16.000000,16.870000,507220
2022-05-16,17.060000,17.400000,16.730000,17.260000,485157
2022-05-17,17.200000,17.690000,17.130000,17.300000,439825
2022-05-18,17.230000,17.330000,16.920000,17.060000,334377
2022-05-19,16.870000,17.260000,16.540000,17.190000,450684
2022-05-20,17.180000,18.070000,16.960000,17.830000,469788
2022-05-23,18.000000,18.630000,17.880000,18.180000,626921
2022-05-24,18.140000,18.640000,18.100000,18.150000,467482
2022-05-25,18.100000,18.660000,17.900000,18.510000,578311
2022-05-26,19.000000,19.450000,18.560000,19.200000,919156
2022-05-27,19.300000,19.680000,18.860000,19.360000,672192
2022-05-30,19.380000,19.420000,18.540000,19.000000,715652
2022-05-31,18.990000,19.300000,18.810000,18.970000,562293
2022-06-01,19.100000,19.350000,18.800000,19.340000,446047
2022-06-02,19.160000,19.260000,18.670000,18.750000,565484
2022-06-06,18.840000,19.450000,18.790000,19.360000,421332
2022-06-07,19.100000,19.590000,18.900000,19.290000,523692
2022-06-08,19.450000,20.380000,19.410000,20.280000,821574
2022-06-09,20.290000,21.490000,20.100000,20.870000,927989
2022-06-10,20.700000,21.440000,20.600000,21.300000,441606
2022-06-13,21.060000,21.790000,20.700000,21.470000,601988
2022-06-14,21.200000,21.850000,21.150000,21.810000,493200
2022-06-15,21.790000,21.930000,21.210000,21.370000,396181
2022-06-16,21.320000,21.320000,20.200000,20.500000,899877
2022-06-17,20.440000,20.960000,19.920000,20.730000,589960
2022-06-20,20.300000,20.300000,19.090000,19.380000,1089320
2022-06-21,19.250000,20.050000,19.120000,19.730000,673071
2022-06-22,20.000000,20.180000,19.230000,19.390000,452167
2022-06-23,19.350000,20.040000,18.990000,19.920000,485441
2022-06-24,19.730000,20.360000,19.450000,19.820000,498903
2022-06-27,19.810000,20.850000,19.780000,20.760000,618356
2022-06-28,20.790000,21.440000,20.760000,21.290000,463810
2022-06-29,21.290000,21.890000,21.130000,21.370000,486829
2022-06-30,21.330000,21.370000,20.800000,21.180000,481976
2022-07-01,21.000000,22.010000,19.980000,21.760000,752391
2022-07-04,21.750000,22.550000,21.600000,22.020000,556285
2022-07-05,22.300000,23.110000,22.290000,22.900000,725174
2022-07-06,22.280000,22.390000,21.220000,21.490000,862977
2022-07-07,21.400000,22.110000,21.120000,21.930000,607588
2022-07-08,21.120000,21.200000,19.750000,20.030000,931139
2022-07-11,19.950000,19.950000,19.000000,19.630000,582561
2022-07-12,19.680000,20.550000,19.680000,20.360000,481924
2022-07-13,19.950000,20.200000,19.400000,19.960000,385023
2022-07-14,20.030000,20.240000,19.720000,20.120000,302487
2022-07-15,20.140000,20.540000,19.220000,19.240000,781143
2022-07-18,19.530000,20.260000,19.000000,20.210000,576937
2022-07-19,20.240000,20.290000,19.560000,19.860000,350536
2022-07-20,19.860000,20.190000,19.730000,19.940000,222652
2022-07-21,19.850000,19.870000,18.650000,18.860000,625997
2022-07-22,18.810000,19.080000,18.310000,18.620000,475372
2022-07-25,18.600000,19.310000,18.560000,18.970000,353744
2022-07-26,18.920000,19.850000,18.860000,19.490000,333378
2022-07-27,19.510000,19.810000,19.200000,19.410000,302728
2022-07-28,19.600000,19.670000,19.280000,19.470000,230155
2022-07-29,19.470000,19.830000,19.030000,19.110000,328958
2022-08-01,19.080000,19.610000,18.720000,19.550000,436161
2022-08-02,19.100000,19.550000,18.960000,19.170000,339341
2022-08-03,19.310000,19.610000,19.070000,19.290000,341566
2022-08-04,19.300000,19.300000,18.680000,19.030000,345448
2022-08-05,18.950000,19.180000,18.210000,18.550000,603809
2022-08-08,18.400000,20.120000,18.300000,19.900000,562155
2022-08-09,19.910000,20.590000,19.780000,20.380000,436753
2022-08-10,20.210000,20.680000,19.820000,20.020000,224377
2022-08-11,20.250000,20.300000,19.760000,20.030000,212653
2022-08-12,20.050000,21.020000,20.050000,20.910000,414096
2022-08-15,20.950000,21.600000,20.940000,21.050000,457973
2022-08-16,20.970000,21.320000,20.640000,20.960000,258201
2022-08-17,20.960000,21.210000,20.670000,20.920000,241890
2022-08-18,20.850000,21.100000,20.440000,20.550000,307280
2022-08-19,20.820000,21.330000,20.510000,21.080000,380148
2022-08-22,21.320000,21.940000,21.320000,21.630000,614364
2022-08-23,21.550000,22.460000,21.400000,22.250000,576948
2022-08-24,22.380000,22.910000,21.950000,22.180000,720318
2022-08-25,22.270000,24.010000,22.090000,23.600000,1045886
2022-08-26,23.410000,23.410000,22.370000,22.640000,700524
2022-08-29,22.600000,23.230000,21.990000,23.090000,549244
2022-08-30,22.900000,23.070000,21.820000,21.940000,677547
2022-08-31,21.840000,22.500000,21.810000,22.000000,619030
2022-09-01,22.200000,24.200000,21.830000,23.510000,940303
2022-09-02,23.400000,23.540000,22.680000,23.110000,521921
2022-09-05,23.470000,24.790000,23.120000,24.530000,809120
2022-09-06,24.680000,25.370000,24.330000,25.020000,706063
2022-09-07,24.700000,25.240000,24.610000,24.970000,441762
2022-09-08,24.640000,24.950000,24.000000,24.750000,458196
2022-09-09,24.720000,25.120000,24.340000,25.030000,352262
2022-09-13,25.030000,25.100000,24.140000,24.480000,338958
2022-09-14,24.200000,24.760000,24.030000,24.340000,327457
2022-09-15,24.620000,25.180000,23.840000,24.280000,481949
2022-09-16,24.000000,24.400000,22.430000,22.620000,1308160
2022-09-19,22.840000,23.200000,22.630000,22.930000,505912
2022-09-20,23.120000,23.560000,22.500000,22.950000,375673
2022-09-21,22.880000,23.400000,22.800000,22.950000,385246
2022-09-22,22.800000,23.890000,22.720000,23.770000,460264
2022-09-23,23.470000,23.680000,23.000000,23.110000,441099
2022-09-26,22.720000,23.320000,22.480000,22.600000,326112
2022-09-27,22.550000,22.700000,21.500000,22.650000,508173
2022-09-28,23.020000,23.200000,22.300000,22.470000,396645
2022-09-29,22.860000,23.340000,22.530000,22.880000,375420
2022-09-30,22.900000,23.100000,22.670000,22.770000,307677
2022-10-10,22.910000,23.800000,22.910000,23.120000,459195
2022-10-11,23.130000,23.160000,22.250000,22.530000,369887
2022-10-12,22.310000,22.640000,22.140000,22.590000,406792
2022-10-13,22.270000,22.380000,21.260000,21.620000,666077
2022-10-14,21.760000,22.270000,21.300000,21.870000,513513
2022-10-17,21.480000,21.850000,20.500000,21.570000,753501
2022-10-18,21.550000,22.020000,21.150000,21.500000,437427
2022-10-19,21.300000,22.090000,21.160000,21.680000,536109
2022-10-20,21.480000,21.820000,21.060000,21.400000,559251
2022-10-21,21.220000,22.120000,21.200000,21.620000,393340
2022-10-24,21.630000,21.820000,20.980000,21.060000,492074
2022-10-25,21.210000,21.440000,20.560000,20.720000,456398
2022-10-26,20.730000,21.100000,20.130000,20.510000,578937
2022-10-27,20.600000,21.300000,20.550000,21.120000,491493
2022-10-28,21.140000,22.330000,20.770000,21.410000,631804
2022-10-31,21.160000,21.430000,19.700000,19.860000,1059325
2022-11-01,19.830000,20.150000,18.600000,19.350000,1515948
2022-11-02,19.320000,20.290000,19.060000,20.000000,787986
2022-11-03,19.800000,20.270000,19.620000,19.840000,467950
2022-11-04,19.800000,21.390000,19.800000,20.860000,674182
2022-11-07,20.790000,21.550000,20.750000,21.460000,550598
2022-11-08,21.870000,22.460000,21.250000,21.420000,558974
2022-11-09,21.420000,21.450000,20.550000,20.700000,516605
2022-11-10,20.550000,20.600000,19.880000,20.500000,495919
2022-11-11,20.800000,21.010000,20.210000,20.890000,641972
2022-11-14,20.890000,21.350000,19.670000,20.000000,912671
2022-11-15,19.810000,20.080000,19.600000,20.080000,507945
2022-11-16,20.150000,20.570000,20.080000,20.390000,490577
2022-11-17,20.200000,20.200000,19.000000,19.230000,1019328
2022-11-18,19.160000,19.520000,18.870000,19.280000,536116
2022-11-21,18.990000,19.100000,18.720000,19.020000,598104
2022-11-22,18.990000,19.670000,18.970000,19.390000,516035
2022-11-23,19.440000,19.870000,19.340000,19.530000,434468
2022-11-24,19.540000,20.190000,19.260000,19.850000,560332
2022-11-25,19.780000,20.660000,19.770000,20.580000,752604
2022-11-28,20.080000,20.500000,19.690000,19.970000,726309
2022-11-29,20.140000,20.200000,19.630000,20.040000,644694
2022-11-30,19.860000,20.670000,19.850000,20.170000,831633
2022-12-01,20.340000,20.430000,19.540000,19.610000,1033726
2022-12-02,19.500000,19.560000,19.130000,19.170000,758787
2022-12-05,19.370000,19.800000,19.250000,19.740000,772526
2022-12-06,19.640000,20.050000,19.340000,19.940000,564442
2022-12-07,19.890000,19.900000,19.200000,19.390000,679352
2022-12-08,19.360000,19.730000,19.200000,19.520000,461133
2022-12-09,19.520000,19.680000,19.180000,19.680000,895121
2022-12-12,19.490000,19.630000,18.750000,18.890000,1149141
2022-12-13,18.860000,19.170000,18.760000,19.000000,555112
2022-12-14,19.030000,19.290000,18.910000,19.220000,596207
2022-12-15,19.130000,19.230000,18.820000,18.900000,442327
2022-12-16,18.810000,19.250000,18.810000,19.120000,422506
2022-12-19,19.010000,19.200000,18.580000,18.670000,391913
2022-12-20,18.600000,18.820000,18.400000,18.560000,326947
2022-12-21,18.560000,18.610000,18.370000,18.470000,228108
2022-12-22,18.620000,18.700000,18.110000,18.110000,367892
2022-12-23,18.110000,18.380000,17.800000,18.320000,304294
2022-12-26,18.320000,18.790000,18.280000,18.700000,355681
2022-12-27,18.860000,19.180000,18.760000,18.850000,343740
2022-12-28,18.720000,18.950000,18.570000,18.670000,284725
2022-12-29,18.570000,18.640000,18.270000,18.380000,306608
2022-12-30,18.400000,18.680000,18.320000,18.580000,265017
2023-01-03,18.430000,18.720000,18.420000,18.680000,304475
2023-01-04,18.720000,18.720000,17.940000,18.260000,444495
2023-01-05,18.310000,18.500000,18.190000,18.360000,413507
2023-01-06,18.380000,19.010000,18.310000,18.960000,468762
2023-01-09,19.080000,19.230000,18.770000,19.150000,495663
2023-01-10,19.140000,19.350000,18.840000,19.000000,245445
2023-01-11,19.030000,19.800000,18.950000,19.630000,859304
2023-01-12,19.560000,19.740000,19.310000,19.660000,356822
2023-01-13,19.650000,19.900000,19.500000,19.730000,307048
2023-01-16,19.720000,19.730000,19.280000,19.620000,459420
2023-01-17,19.770000,19.940000,19.390000,19.810000,457872
2023-01-18,19.700000,20.080000,19.670000,19.840000,348094
2023-01-19,20.030000,20.190000,19.600000,19.890000,361951
2023-01-20,19.960000,20.190000,19.890000,20.020000,345025
2023-01-30,20.100000,20.140000,19.300000,19.550000,486846
2023-01-31,19.620000,19.850000,19.470000,19.550000,280041
2023-02-01,19.550000,19.590000,19.250000,19.440000,291052
2023-02-02,19.440000,19.730000,19.310000,19.620000,319458
2023-02-03,19.550000,19.550000,19.150000,19.260000,285166
2023-02-06,19.090000,19.200000,18.900000,19.090000,296207
2023-02-07,19.200000,19.490000,19.060000,19.100000,262719
2023-02-08,19.150000,19.210000,18.980000,18.990000,198464
2023-02-09,19.000000,19.230000,18.910000,19.140000,218340
2023-02-10,19.150000,19.160000,18.800000,18.810000,263943
2023-02-13,18.720000,18.760000,18.200000,18.660000,576156
2023-02-14,18.750000,18.820000,18.440000,18.770000,258594
2023-02-15,18.750000,18.830000,18.460000,18.540000,217739
2023-02-16,18.600000,18.810000,18.300000,18.380000,320699
2023-02-17,18.380000,18.820000,18.380000,18.500000,343675
2023-02-20,18.710000,19.200000,18.550000,19.160000,685057
2023-02-21,19.300000,19.770000,19.040000,19.500000,573046
2023-02-22,19.450000,19.830000,19.310000,19.590000,469635
2023-02-23,20.040000,20.310000,19.700000,19.760000,1078371
2023-02-24,19.710000,20.000000,19.530000,19.720000,365247
2023-02-27,19.780000,20.490000,19.770000,20.100000,591751
2023-02-28,20.080000,20.100000,19.810000,20.000000,309956
2023-03-01,20.020000,20.280000,19.880000,20.020000,327286
2023-03-02,19.920000,20.180000,19.800000,20.000000,216625
2023-03-03,20.000000,20.050000,19.740000,19.960000,297791
2023-03-06,19.930000,20.020000,19.300000,19.380000,572401
2023-03-07,19.580000,20.200000,19.500000,19.690000,612316
2023-03-08,19.640000,19.760000,19.430000,19.580000,231048
2023-03-09,19.600000,20.200000,19.600000,19.770000,418553
2023-03-10,19.750000,19.850000,19.300000,19.340000,299022
2023-03-13,19.390000,19.740000,19.360000,19.680000,253613
2023-03-14,19.620000,20.000000,19.380000,19.390000,264130
2023-03-15,19.500000,19.540000,19.230000,19.440000,297850
2023-03-16,19.210000,19.230000,18.750000,18.790000,443032
2023-03-17,18.950000,19.390000,18.750000,18.960000,374359
2023-03-20,19.060000,19.420000,18.760000,18.810000,347199
2023-03-21,18.880000,18.920000,18.570000,18.660000,248549
2023-03-22,18.700000,19.310000,18.700000,19.210000,397359
2023-03-23,19.130000,19.520000,19.090000,19.290000,259196
2023-03-24,19.360000,19.370000,18.920000,19.210000,257018
2023-03-27,19.270000,19.800000,18.930000,19.570000,421427
2023-03-28,19.570000,19.660000,19.280000,19.360000,215077
2023-03-29,19.560000,19.610000,19.100000,19.150000,210464
2023-03-30,19.260000,20.400000,19.090000,20.380000,662599
2023-03-31,20.370000,20.590000,20.200000,20.340000,376248
2023-04-03,20.500000,20.760000,20.000000,20.200000,429606
2023-04-04,20.130000,20.500000,20.070000,20.330000,303290
2023-04-06,20.280000,20.420000,19.890000,20.010000,257536
2023-04-07,20.120000,20.120000,19.770000,19.830000,201279
2023-04-10,19.730000,19.750000,19.220000,19.470000,296189
2023-04-11,19.480000,19.480000,19.190000,19.340000,223629
2023-04-12,19.400000,19.490000,19.250000,19.420000,269242
2023-04-13,19.440000,19.810000,19.310000,19.500000,359204
2023-04-14,19.490000,19.590000,19.130000,19.300000,378731
2023-04-17,19.300000,20.100000,19.220000,20.050000,503696
2023-04-18,19.970000,20.650000,19.960000,20.380000,578745
2023-04-19,20.320000,20.500000,20.200000,20.310000,269113
2023-04-20,20.250000,20.250000,19.690000,20.080000,456119
2023-04-21,20.080000,20.140000,19.670000,19.700000,335100
2023-04-24,19.780000,19.870000,19.400000,19.440000,351737
2023-04-25,19.530000,19.680000,19.160000,19.350000,298056
2023-04-26,19.300000,19.500000,19.110000,19.320000,357728
2023-04-27,19.410000,19.560000,18.800000,19.250000,697744
2023-04-28,19.240000,19.710000,19.130000,19.570000,505842
2023-05-04,19.400000,19.690000,18.870000,19.590000,450711
2023-05-05,19.550000,19.970000,19.490000,19.820000,374458
2023-05-08,19.730000,21.070000,19.730000,20.880000,898892
2023-05-09,20.970000,21.180000,20.790000,20.890000,536366
2023-05-10,20.850000,20.950000,20.340000,20.440000,281149
2023-05-11,20.440000,20.680000,20.230000,20.410000,278548
2023-05-12,20.460000,20.570000,19.960000,20.140000,352831
2023-05-15,20.000000,20.560000,19.860000,20.490000,367556
2023-05-16,20.500000,20.840000,20.390000,20.520000,307458
2023-05-17,20.520000,20.600000,20.120000,20.160000,256009
2023-05-18,20.160000,20.740000,20.120000,20.490000,327104
2023-05-19,20.300000,20.580000,20.140000,20.300000,218950
2023-05-22,20.430000,20.450000,20.070000,20.070000,342057
2023-05-23,20.090000,20.260000,19.840000,19.840000,286502
2023-05-24,19.790000,19.820000,19.290000,19.290000,345167
2023-05-25,19.190000,19.210000,18.590000,18.760000,658452
2023-05-26,18.630000,18.630000,17.760000,17.930000,858283
2023-05-29,17.750000,17.850000,17.400000,17.580000,675573
2023-05-30,17.510000,17.680000,17.240000,17.360000,510112
2023-05-31,17.210000,17.250000,16.600000,16.760000,846258
2023-06-01,16.800000,16.920000,16.670000,16.740000,368554
2023-06-02,16.760000,17.030000,16.750000,16.990000,416813
2023-06-05,16.960000,17.570000,16.960000,17.380000,583603
2023-06-06,17.410000,17.980000,17.390000,17.730000,536569
2023-06-07,17.730000,17.830000,17.310000,17.590000,318902
2023-06-08,17.630000,17.840000,17.600000,17.810000,205553
2023-06-09,17.790000,17.940000,17.620000,17.750000,178221
2023-06-12,17.740000,18.040000,17.600000,17.950000,292879
2023-06-13,17.890000,17.910000,17.510000,17.800000,276769
2023-06-14,17.850000,17.940000,17.680000,17.820000,330186
2023-06-15,17.840000,17.930000,17.610000,17.910000,370359
2023-06-16,17.910000,18.150000,17.840000,17.970000,286827
2023-06-19,17.970000,18.120000,17.850000,17.890000,194447
2023-06-20,17.970000,18.040000,17.720000,17.800000,223765
2023-06-21,17.680000,17.890000,17.670000,17.670000,158547
2023-06-26,17.600000,17.640000,17.330000,17.410000,336764
2023-06-27,17.500000,17.810000,17.140000,17.700000,347665
2023-06-28,17.720000,18.130000,17.670000,18.100000,362939
2023-06-29,18.100000,18.230000,17.830000,17.900000,364362
2023-06-30,17.990000,18.260000,17.950000,18.190000,246195
2023-07-03,18.180000,18.630000,18.150000,18.560000,401903
2023-07-04,18.510000,18.840000,18.450000,18.780000,361170
2023-07-05,18.850000,19.150000,18.700000,19.020000,383925
2023-07-06,19.200000,19.240000,18.860000,19.110000,285207
2023-07-07,19.100000,19.240000,19.000000,19.130000,274439
2023-07-10,19.230000,19.480000,19.100000,19.190000,497447
2023-07-11,19.210000,19.240000,18.850000,19.040000,562238
2023-07-12,16.900000,16.940000,16.600000,16.810000,436039
2023-07-13,16.660000,16.860000,16.520000,16.720000,410820
2023-07-14,16.730000,16.800000,16.650000,16.680000,337034
2023-07-17,16.590000,16.640000,16.230000,16.390000,270902
2023-07-18,16.470000,16.480000,16.190000,16.210000,223985
2023-07-19,16.200000,16.480000,16.170000,16.280000,187773
2023-07-20,16.450000,16.580000,16.310000,16.370000,164925
2023-07-21,16.350000,16.420000,16.190000,16.190000,164128
2023-07-24,16.160000,16.230000,16.050000,16.100000,138890
2023-07-25,16.300000,16.740000,16.270000,16.550000,346662
2023-07-26,16.560000,16.680000,16.450000,16.560000,151765
2023-07-27,16.590000,16.640000,16.340000,16.400000,197762
2023-07-28,16.310000,16.580000,16.240000,16.530000,249609
2023-07-31,16.580000,16.760000,16.200000,16.240000,474612
2023-08-01,16.230000,16.330000,16.200000,16.270000,253726
2023-08-02,16.240000,16.280000,15.960000,16.050000,337246
2023-08-03,15.970000,16.240000,15.930000,16.170000,209004
2023-08-04,16.190000,16.330000,16.000000,16.080000,217772
2023-08-07,16.080000,16.140000,15.980000,16.060000,182085
2023-08-08,16.010000,16.210000,15.990000,16.150000,210177
2023-08-09,16.150000,16.180000,16.020000,16.080000,113489
2023-08-10,16.120000,16.710000,16.110000,16.670000,481606
2023-08-11,16.600000,16.910000,16.220000,16.230000,302065
2023-08-14,16.140000,16.240000,16.010000,16.160000,247111
2023-08-15,16.180000,16.240000,16.030000,16.170000,137601
2023-08-16,16.060000,16.180000,16.060000,16.140000,164912
2023-08-17,16.080000,16.130000,15.830000,16.050000,253846
2023-08-18,16.030000,16.340000,16.000000,16.120000,262409
2023-08-21,16.080000,16.190000,15.860000,15.890000,187540
2023-08-22,15.890000,16.240000,15.850000,16.200000,211395
2023-08-23,16.190000,16.660000,16.150000,16.480000,566687
2023-08-24,16.500000,16.590000,16.370000,16.410000,241412
2023-08-25,16.330000,16.500000,16.300000,16.400000,194752
2023-08-28,17.080000,17.260000,16.840000,16.980000,678150
2023-08-29,16.970000,17.020000,16.700000,16.720000,445656
2023-08-30,16.870000,17.050000,16.700000,16.720000,335885
2023-08-31,16.650000,16.840000,16.560000,16.640000,394439
2023-09-01,16.630000,17.790000,16.630000,17.680000,1005866
2023-09-04,17.700000,18.280000,17.700000,18.140000,930804
2023-09-05,18.100000,18.410000,17.990000,18.270000,462286
2023-09-06,18.160000,18.370000,17.980000,18.200000,395448
2023-09-07,18.190000,18.690000,18.150000,18.340000,508323
2023-09-08,18.280000,18.510000,18.100000,18.150000,234266
2023-09-11,18.110000,18.450000,17.900000,18.010000,425808
2023-09-12,18.010000,18.230000,17.840000,17.900000,218409
2023-09-13,18.090000,18.440000,17.950000,18.110000,328239
2023-09-14,18.140000,18.800000,18.110000,18.690000,833286
2023-09-15,18.690000,18.870000,18.250000,18.250000,681065
2023-09-18,18.360000,18.570000,18.240000,18.530000,513480
2023-09-19,18.620000,19.000000,18.500000,18.800000,495398
2023-09-20,18.810000,19.090000,18.710000,18.940000,383999
2023-09-21,18.800000,19.040000,18.690000,18.830000,271016
2023-09-22,18.850000,18.950000,18.500000,18.720000,339702
2023-09-25,18.800000,18.980000,18.700000,18.760000,236169
2023-09-26,18.730000,18.800000,18.490000,18.600000,287143
2023-09-27,18.680000,18.680000,18.360000,18.390000,243934
2023-09-28,18.590000,18.650000,18.390000,18.460000,230776
2023-10-09,18.450000,18.990000,18.350000,18.760000,314228
2023-10-10,18.760000,18.830000,18.510000,18.540000,230673
2023-10-11,18.500000,18.580000,18.180000,18.270000,238843
2023-10-12,18.270000,18.500000,18.270000,18.310000,193653
2023-10-13,18.250000,18.520000,18.160000,18.490000,154577
2023-10-16,18.590000,18.780000,18.420000,18.690000,262823
2023-10-17,18.560000,18.820000,18.270000,18.700000,275138
2023-10-18,18.670000,18.920000,18.600000,18.710000,276764
2023-10-19,18.710000,18.710000,18.370000,18.430000,233297
2023-10-20,18.510000,18.510000,18.200000,18.200000,206303
2023-10-23,18.180000,18.440000,17.960000,18.080000,215126
2023-10-24,18.060000,18.400000,17.950000,18.140000,231257
2023-10-25,18.290000,18.400000,18.100000,18.130000,181116
2023-10-26,18.100000,18.350000,17.840000,18.180000,190348
2023-10-27,18.070000,18.220000,17.800000,17.900000,265317
2023-10-30,17.870000,18.050000,17.580000,17.610000,336819
2023-10-31,17.610000,18.130000,17.520000,18.020000,322214
2023-11-01,18.060000,18.150000,17.770000,17.950000,205454
2023-11-02,17.900000,18.280000,17.880000,18.000000,194478
2023-11-03,18.110000,18.380000,17.840000,17.980000,208268
2023-11-06,17.980000,18.000000,17.380000,17.470000,487555
2023-11-07,17.430000,17.730000,17.400000,17.680000,299337
2023-11-08,17.560000,17.810000,17.560000,17.720000,191043
2023-11-09,17.730000,18.390000,17.710000,18.180000,295846
2023-11-10,18.130000,18.540000,18.060000,18.500000,329818
2023-11-13,18.460000,18.620000,18.300000,18.440000,308482
2023-11-14,18.410000,18.470000,18.170000,18.240000,157940
2023-11-15,18.370000,18.400000,18.160000,18.370000,171549
2023-11-16,18.310000,18.550000,18.210000,18.400000,201957
2023-11-17,18.420000,18.490000,18.120000,18.480000,270232
2023-11-20,18.470000,18.470000,18.210000,18.450000,218853
2023-11-21,18.380000,18.700000,18.350000,18.500000,227058
2023-11-22,18.470000,18.800000,18.300000,18.700000,233309
2023-11-23,18.600000,19.200000,18.570000,19.050000,347331
2023-11-24,19.040000,19.460000,19.000000,19.250000,308897
2023-11-27,19.360000,19.460000,19.130000,19.250000,437447
2023-11-28,19.240000,19.370000,19.080000,19.260000,281618
2023-11-29,19.250000,19.670000,19.140000,19.580000,491860
2023-11-30,19.620000,19.720000,19.460000,19.480000,348947
2023-12-01,19.510000,19.640000,19.390000,19.550000,311099
2023-12-04,19.500000,19.940000,19.470000,19.760000,363233
2023-12-05,19.860000,19.960000,19.500000,19.630000,327531
2023-12-06,19.600000,19.600000,19.370000,19.540000,339405
2023-12-07,19.470000,19.550000,19.210000,19.230000,260448
2023-12-08,19.000000,19.370000,18.870000,19.240000,369421
2023-12-11,19.260000,19.760000,19.010000,19.690000,352902
2023-12-12,19.690000,19.840000,19.510000,19.830000,186666
2023-12-13,19.780000,19.850000,19.500000,19.590000,168096
2023-12-14,19.600000,19.670000,19.360000,19.510000,135426
2023-12-15,19.500000,19.570000,19.300000,19.400000,167825
2023-12-18,19.270000,19.670000,19.120000,19.580000,202436
2023-12-19,19.650000,19.690000,19.360000,19.660000,184224
2023-12-20,19.620000,20.180000,19.620000,19.900000,370910
2023-12-21,19.900000,20.100000,19.740000,20.080000,340802
2023-12-22,20.130000,20.810000,20.080000,20.500000,447918
2023-12-25,20.480000,20.900000,20.300000,20.680000,258406
2023-12-26,20.740000,21.360000,20.500000,20.590000,466181
2023-12-27,20.600000,20.850000,20.350000,20.750000,305679
2023-12-28,20.750000,20.840000,20.200000,20.550000,450052
2023-12-29,20.420000,20.920000,20.420000,20.890000,301604
2024-01-02,20.700000,21.450000,20.680000,21.350000,483737
2024-01-03,21.240000,21.540000,21.090000,21.500000,355313
2024-01-04,21.540000,22.050000,21.400000,22.030000,505184
2024-01-05,21.980000,22.360000,21.890000,22.120000,572692
2024-01-08,22.040000,22.360000,21.850000,22.250000,568001
2024-01-09,22.050000,22.520000,21.860000,22.410000,423002
2024-01-10,22.490000,22.990000,22.300000,22.400000,349775
2024-01-11,22.360000,22.460000,21.950000,22.150000,354125
2024-01-12,22.210000,22.550000,22.100000,22.500000,256102
2024-01-15,22.410000,23.000000,22.360000,22.960000,466835
2024-01-16,22.840000,23.090000,22.660000,22.940000,327744
2024-01-17,22.950000,23.260000,22.800000,22.820000,444491
2024-01-18,22.810000,23.330000,22.220000,23.180000,677009
2024-01-19,23.080000,23.180000,22.580000,22.720000,406234
2024-01-22,22.720000,22.800000,22.320000,22.560000,399606
2024-01-23,22.430000,22.980000,22.330000,22.850000,336295
2024-01-24,22.850000,23.550000,22.850000,23.330000,376382
2024-01-25,23.510000,24.040000,23.400000,23.700000,430293
2024-01-26,23.410000,24.000000,23.380000,24.000000,352895
2024-01-29,24.000000,24.010000,23.580000,23.780000,262505
2024-01-30,23.730000,24.190000,23.360000,23.860000,281786
2024-01-31,23.770000,24.280000,23.520000,24.180000,430310
2024-02-01,24.100000,24.420000,23.600000,23.930000,407218
2024-02-02,23.930000,24.200000,23.450000,24.050000,398425
2024-02-05,24.050000,24.500000,23.920000,24.500000,402696
2024-02-06,24.460000,24.710000,24.010000,24.230000,444372
2024-02-07,24.150000,24.150000,23.320000,24.020000,746284
2024-02-08,23.800000,24.230000,23.480000,24.190000,433863
2024-02-19,24.090000,25.400000,23.760000,25.370000,549043
2024-02-20,25.340000,26.160000,25.250000,25.620000,393565
2024-02-21,25.580000,25.990000,25.210000,25.420000,357353
2024-02-22,25.260000,26.910000,25.250000,26.910000,398353
2024-02-23,26.960000,27.020000,26.490000,26.650000,344206
2024-02-26,26.330000,27.000000,25.940000,26.260000,368180
2024-02-27,26.000000,26.300000,25.650000,26.000000,321330
2024-02-28,26.080000,26.390000,25.010000,26.170000,476631
2024-02-29,25.900000,26.260000,25.440000,25.800000,414496
2024-03-01,25.610000,26.130000,25.480000,25.830000,383729
2024-03-04,25.680000,26.850000,25.550000,26.790000,392777
2024-03-05,26.790000,27.310000,26.570000,26.970000,395846
2024-03-06,27.320000,27.880000,26.700000,27.080000,420031
2024-03-07,27.030000,27.790000,26.910000,27.730000,292843
2024-03-08,27.730000,27.800000,27.090000,27.530000,311320
2024-03-11,27.340000,27.420000,26.270000,26.450000,471313
2024-03-12,26.260000,26.450000,25.380000,25.490000,625257
2024-03-13,25.250000,25.490000,24.620000,25.240000,492448
2024-03-14,24.950000,25.350000,24.480000,25.160000,429345
2024-03-15,24.900000,24.910000,24.010000,24.710000,882726
2024-03-18,24.530000,24.640000,23.950000,24.340000,599978
2024-03-19,24.340000,25.320000,24.110000,24.800000,587071
2024-03-20,24.630000,25.350000,24.560000,25.020000,447525
2024-03-21,24.980000,25.180000,24.430000,25.100000,355554
2024-03-22,25.300000,25.680000,25.200000,25.380000,474680
2024-03-25,25.390000,26.420000,25.180000,25.990000,454492
2024-03-26,26.140000,26.200000,24.900000,25.260000,453421
2024-03-27,25.200000,25.610000,25.000000,25.140000,373894
2024-03-28,25.080000,25.180000,24.580000,25.000000,416692
2024-03-29,24.760000,25.640000,24.510000,25.090000,315538
2024-04-01,24.700000,24.850000,24.150000,24.730000,644034
2024-04-02,24.700000,25.320000,24.590000,25.250000,420947
2024-04-03,25.260000,25.840000,25.050000,25.730000,360750
2024-04-08,25.500000,26.050000,25.100000,25.470000,378322
2024-04-09,25.700000,25.870000,25.010000,25.360000,246392
2024-04-10,25.300000,26.050000,25.250000,25.690000,268705
2024-04-11,25.610000,26.210000,25.330000,25.990000,319505
2024-04-12,25.900000,26.580000,25.770000,25.940000,294208
2024-04-15,25.750000,26.990000,25.750000,26.780000,358422
2024-04-16,26.780000,27.470000,26.570000,27.040000,345747
2024-04-17,26.900000,27.180000,26.500000,27.070000,247769
2024-04-18,27.060000,27.550000,26.590000,26.970000,320278
2024-04-19,26.910000,27.470000,26.810000,27.230000,230380
2024-04-22,27.100000,27.640000,25.840000,25.870000,570833
2024-04-23,25.590000,26.030000,25.090000,25.450000,382436
2024-04-24,25.780000,25.790000,24.980000,25.220000,363188
2024-04-25,25.220000,25.500000,24.880000,25.220000,287213
2024-04-26,24.800000,25.340000,24.370000,25.060000,661122
2024-04-29,24.820000,24.880000,23.740000,24.230000,786773
2024-04-30,24.220000,24.650000,24.180000,24.530000,337670
2024-05-06,24.880000,24.880000,23.600000,23.890000,677647
2024-05-07,23.910000,24.050000,23.650000,23.990000,423499
2024-05-08,23.960000,25.340000,23.880000,25.160000,658324
2024-05-09,25.040000,25.280000,24.660000,24.910000,311738
2024-05-10,24.920000,25.350000,24.800000,24.960000,317071
2024-05-13,24.750000,24.910000,24.250000,24.450000,368511
2024-05-14,24.390000,24.490000,23.700000,24.220000,432822
2024-05-15,24.140000,24.680000,23.890000,24.600000,324604
2024-05-16,24.600000,24.780000,24.180000,24.240000,368150
2024-05-17,24.240000,24.440000,23.980000,24.400000,218297
2024-05-20,24.400000,25.430000,24.390000,25.340000,403356
2024-05-21,25.380000,25.850000,25.130000,25.840000,353876
2024-05-22,25.850000,26.400000,25.530000,25.900000,440127
2024-05-23,26.100000,26.180000,25.580000,25.610000,245285
2024-05-24,25.700000,25.960000,25.350000,25.370000,226733
2024-05-27,25.490000,26.710000,25.420000,26.040000,410953
2024-05-28,26.100000,26.590000,25.980000,26.330000,251200
2024-05-29,26.290000,26.620000,26.050000,26.270000,222375
2024-05-30,26.130000,26.450000,25.520000,25.680000,319409
2024-05-31,25.950000,26.180000,25.690000,26.030000,319160
2024-06-03,26.000000,26.450000,25.740000,26.410000,286173
2024-06-04,26.200000,26.220000,25.480000,25.520000,463232
2024-06-05,25.680000,26.180000,25.580000,25.720000,277961
2024-06-06,25.890000,27.110000,25.620000,26.660000,386483
2024-06-07,26.700000,26.950000,26.510000,26.710000,250613
2024-06-11,26.690000,26.950000,26.270000,26.560000,378181
2024-06-12,26.650000,28.030000,26.380000,27.810000,572718
2024-06-13,27.760000,27.960000,27.420000,27.710000,275465
2024-06-14,27.710000,27.850000,27.100000,27.380000,319118
2024-06-17,27.180000,27.600000,26.900000,27.070000,257790
2024-06-18,27.160000,27.320000,26.790000,27.180000,175550
2024-06-19,27.150000,27.560000,26.880000,26.970000,177196
2024-06-20,27.000000,27.880000,26.920000,27.590000,271234
2024-06-21,27.420000,27.840000,27.040000,27.310000,273326
2024-06-24,27.200000,27.780000,26.740000,27.010000,216709
2024-06-25,27.270000,27.280000,26.640000,26.800000,194985
2024-06-26,26.800000,27.050000,26.530000,26.800000,210562
2024-06-27,27.000000,27.000000,26.380000,26.630000,265306
2024-06-28,25.290000,25.840000,25.030000,25.770000,251692
2024-07-01,25.770000,27.250000,25.580000,26.870000,280661
2024-07-02,26.880000,27.120000,26.430000,26.800000,192463
2024-07-03,26.660000,26.990000,26.080000,26.200000,220303
2024-07-04,26.320000,26.700000,26.020000,26.280000,216375
2024-07-05,26.220000,26.380000,25.600000,26.050000,258309
2024-07-08,26.000000,26.680000,25.920000,26.400000,213091
2024-07-09,26.400000,26.700000,25.900000,26.610000,219526
2024-07-10,26.410000,26.560000,25.270000,25.400000,391886
2024-07-11,25.280000,25.590000,25.000000,25.400000,235640
2024-07-12,25.580000,25.590000,24.650000,24.930000,201143
2024-07-15,24.810000,25.610000,24.590000,25.540000,233866
2024-07-16,25.450000,25.660000,25.330000,25.590000,186049
2024-07-17,25.590000,25.660000,24.760000,25.030000,190284
2024-07-18,25.110000,25.360000,24.790000,25.210000,174135
2024-07-19,25.140000,25.800000,24.960000,25.400000,279219
2024-07-22,25.330000,25.330000,23.640000,24.250000,515575
2024-07-23,24.220000,24.390000,23.870000,23.870000,226923
2024-07-24,23.970000,24.340000,23.630000,24.250000,241588
2024-07-25,24.150000,24.180000,23.350000,23.740000,269992
2024-07-26,23.700000,23.900000,23.410000,23.760000,169045
2024-07-29,23.760000,23.850000,23.350000,23.550000,186842
2024-07-30,23.560000,23.580000,22.750000,22.930000,223990
2024-07-31,23.000000,23.660000,22.730000,23.390000,251727
2024-08-01,23.570000,23.950000,23.140000,23.160000,212079
2024-08-02,23.030000,23.420000,22.770000,23.370000,216554
2024-08-05,23.300000,23.550000,23.000000,23.130000,233257
2024-08-06,23.410000,23.410000,22.410000,22.640000,260375
2024-08-07,22.580000,23.340000,22.400000,23.010000,247168
2024-08-08,23.120000,23.130000,22.580000,22.600000,172846
2024-08-09,22.720000,22.760000,22.290000,22.610000,216388
2024-08-12,22.410000,23.300000,22.340000,23.090000,171677
2024-08-13,23.170000,23.250000,22.730000,23.150000,117315
2024-08-14,23.090000,23.250000,22.830000,23.030000,106185
2024-08-15,23.050000,23.980000,22.970000,23.820000,241878
2024-08-16,23.860000,24.380000,23.770000,24.250000,202970
2024-08-19,24.200000,24.660000,24.000000,24.300000,156068
2024-08-20,24.380000,24.380000,23.500000,23.680000,222842
2024-08-21,23.700000,23.820000,23.070000,23.560000,180898
2024-08-22,23.560000,23.680000,23.100000,23.520000,177543
2024-08-23,23.450000,24.080000,23.370000,23.650000,155756
2024-08-26,23.650000,23.790000,23.250000,23.630000,180396
2024-08-27,23.540000,24.140000,23.380000,24.020000,208772
2024-08-28,23.950000,24.240000,23.680000,23.910000,171891
2024-08-29,23.990000,24.010000,23.630000,23.900000,103890
2024-08-30,24.230000,25.090000,23.810000,24.660000,349967
2024-09-02,24.600000,25.050000,24.380000,24.800000,210509
2024-09-03,24.750000,25.160000,24.160000,24.620000,185578
2024-09-04,24.450000,24.580000,24.010000,24.420000,133201
2024-09-05,24.470000,24.870000,23.980000,24.070000,176450
2024-09-06,22.900000,23.540000,22.660000,22.800000,419575
2024-09-09,22.520000,22.680000,21.810000,22.230000,429938
2024-09-10,22.220000,22.890000,22.210000,22.640000,215312
2024-09-11,22.720000,22.720000,21.600000,22.030000,320946
2024-09-12,22.120000,22.300000,21.800000,22.170000,166926
2024-09-13,22.170000,22.690000,22.130000,22.270000,181088
2024-09-18,22.260000,23.340000,22.200000,23.250000,220146
2024-09-19,23.250000,23.300000,22.750000,23.040000,196685
2024-09-20,23.000000,23.610000,22.980000,23.490000,224188
2024-09-23,23.560000,24.100000,23.430000,23.950000,173539
2024-09-24,24.420000,25.350000,24.100000,25.350000,356452
2024-09-25,25.870000,26.500000,25.200000,25.420000,429768
2024-09-26,25.820000,26.770000,25.350000,26.730000,361553
2024-09-27,27.260000,27.540000,25.760000,26.700000,193659
2024-09-30,27.250000,28.110000,25.990000,27.580000,1214888
2024-10-08,29.330000,29.870000,25.770000,26.160000,1330727
2024-10-09,26.040000,26.580000,24.610000,24.680000,855804
2024-10-10,25.060000,26.250000,24.680000,25.580000,801284
2024-10-11,25.770000,26.260000,25.100000,25.400000,458553
2024-10-14,25.500000,26.360000,24.870000,25.850000,478360
2024-10-15,25.790000,25.830000,25.010000,25.010000,312171
2024-10-16,24.880000,25.400000,24.760000,25.030000,277849
2024-10-17,25.240000,25.840000,24.960000,24.970000,254255
2024-10-18,24.970000,25.440000,24.780000,25.160000,399205
2024-10-21,25.150000,25.350000,24.800000,25.000000,476947
2024-10-22,24.970000,25.530000,24.810000,25.330000,293438
2024-10-23,25.070000,25.170000,24.640000,25.080000,374895
2024-10-24,24.910000,25.180000,24.830000,25.110000,315719
2024-10-25,25.250000,25.260000,24.860000,25.000000,302533
2024-10-28,25.000000,25.250000,24.810000,25.250000,372614
2024-10-29,25.240000,25.350000,24.730000,25.000000,311473
2024-10-30,24.900000,25.270000,24.330000,24.720000,404833
2024-10-31,24.500000,25.060000,24.230000,24.680000,280472
2024-11-01,24.800000,25.390000,24.530000,25.170000,384631
2024-11-04,25.200000,25.230000,24.850000,25.230000,223606
2024-11-05,25.150000,25.300000,24.760000,25.080000,424542
2024-11-06,25.080000,25.080000,23.870000,24.050000,765521
2024-11-07,23.880000,24.400000,23.820000,24.400000,465585
2024-11-08,24.400000,24.730000,24.080000,24.200000,371116
2024-11-11,23.800000,24.050000,23.300000,23.500000,661650
2024-11-12,23.350000,23.650000,23.130000,23.160000,456234
2024-11-13,23.120000,24.040000,23.080000,23.630000,500748
2024-11-14,23.510000,23.850000,23.280000,23.440000,308018
2024-11-15,23.440000,23.780000,23.220000,23.530000,362126
2024-11-18,23.630000,24.200000,23.600000,23.860000,498988
2024-11-19,23.880000,23.970000,23.430000,23.710000,392501
2024-11-20,23.700000,23.990000,23.520000,23.900000,285945
2024-11-21,23.800000,24.290000,23.800000,24.050000,304427
2024-11-22,24.060000,24.220000,23.350000,23.410000,384777
2024-11-25,23.690000,23.720000,23.160000,23.180000,262445
2024-11-26,23.110000,23.660000,23.000000,23.380000,223470
2024-11-27,23.390000,23.700000,23.150000,23.620000,222872
2024-11-28,23.620000,23.860000,23.320000,23.360000,224052
2024-11-29,23.470000,23.620000,23.170000,23.350000,228668
2024-12-02,23.390000,23.590000,23.060000,23.520000,298848
2024-12-03,23.530000,24.170000,23.450000,24.070000,477697
2024-12-04,24.000000,25.100000,23.970000,24.920000,618471
2024-12-05,24.920000,25.040000,24.730000,24.950000,312542
2024-12-06,25.040000,25.170000,24.780000,24.790000,305187
2024-12-09,24.980000,24.980000,23.940000,24.580000,444790
2024-12-10,25.090000,25.090000,24.520000,24.610000,383553
2024-12-11,24.670000,25.350000,24.550000,25.250000,382019
2024-12-12,25.430000,25.430000,25.000000,25.180000,261750
2024-12-13,24.940000,25.170000,24.600000,24.610000,386227
2024-12-16,24.850000,25.080000,24.630000,24.930000,295779
2024-12-17,25.090000,25.650000,25.030000,25.300000,348591
2024-12-18,25.450000,25.520000,25.120000,25.180000,324054
2024-12-19,24.980000,25.290000,24.430000,24.540000,286852
2024-12-20,24.430000,24.430000,23.510000,23.640000,557535
2024-12-23,23.590000,23.940000,23.480000,23.590000,317283
2024-12-24,23.570000,23.650000,23.150000,23.270000,475389
2024-12-25,23.310000,23.670000,23.230000,23.450000,385307
2024-12-26,23.450000,23.490000,22.950000,22.970000,396678
2024-12-27,23.010000,23.100000,22.380000,22.790000,549453
2024-12-30,22.880000,23.450000,22.830000,23.340000,483413
2024-12-31,23.250000,23.630000,23.250000,23.260000,379943
2025-01-02,23.380000,23.780000,23.110000,23.120000,361110
2025-01-03,23.260000,23.730000,23.130000,23.530000,407307
2025-01-06,23.520000,23.520000,22.820000,23.160000,326326
2025-01-07,23.180000,23.180000,22.520000,22.630000,255722
2025-01-08,22.680000,22.760000,22.360000,22.540000,248148
2025-01-09,22.540000,22.540000,21.800000,22.100000,282038
2025-01-10,22.240000,22.410000,21.810000,22.150000,277029
2025-01-13,22.150000,22.480000,22.000000,22.110000,226947
2025-01-14,22.240000,22.280000,21.860000,22.170000,298999
2025-01-15,22.080000,22.430000,21.780000,21.900000,429792
2025-01-16,22.010000,22.420000,21.940000,22.330000,387165
2025-01-17,22.400000,22.630000,21.900000,21.940000,334343
2025-01-20,21.950000,22.200000,21.600000,21.840000,318287
2025-01-21,21.890000,21.900000,21.330000,21.510000,344939
2025-01-22,21.510000,21.600000,21.020000,21.070000,357223
2025-01-23,21.200000,21.430000,21.060000,21.350000,266733
2025-01-24,21.280000,21.950000,21.220000,21.580000,357708
2025-01-27,21.690000,21.950000,21.580000,21.750000,215875
2025-02-05,21.800000,21.900000,20.800000,20.870000,439520
2025-02-06,20.870000,20.990000,20.650000,20.860000,366617
2025-02-07,20.780000,21.360000,20.650000,21.270000,332349
2025-02-10,21.220000,21.390000,20.920000,21.200000,265366
2025-02-11,21.210000,21.410000,20.940000,21.200000,335421
2025-02-12,21.200000,21.310000,21.000000,21.130000,271015
2025-02-13,21.170000,21.340000,21.030000,21.110000,291618
2025-02-14,21.150000,21.340000,21.030000,21.190000,291250
2025-02-17,21.190000,21.230000,20.420000,20.580000,552103
2025-02-18,20.480000,20.540000,20.110000,20.160000,421616
2025-02-19,20.160000,20.160000,19.740000,19.830000,469143
2025-02-20,19.810000,19.860000,19.450000,19.530000,443145
2025-02-21,19.510000,19.690000,19.380000,19.530000,455002
2025-02-24,19.390000,19.670000,19.250000,19.550000,498505
2025-02-25,19.550000,19.910000,19.310000,19.600000,519047
2025-02-26,19.600000,19.840000,19.420000,19.470000,350949
2025-02-27,19.430000,19.500000,19.150000,19.330000,334086
2025-02-28,19.360000,19.440000,18.950000,18.950000,477420
2025-03-03,19.020000,19.280000,18.980000,19.040000,368974
2025-03-04,19.030000,19.070000,18.700000,18.750000,321669
2025-03-05,18.760000,18.840000,18.590000,18.720000,249562
2025-03-06,18.750000,18.890000,18.600000,18.860000,262195
2025-03-07,18.950000,19.150000,18.820000,18.910000,347284
2025-03-10,18.880000,19.400000,18.880000,19.340000,433229
2025-03-11,19.180000,19.560000,19.110000,19.250000,419854
2025-03-12,19.200000,19.340000,19.010000,19.020000,290118
2025-03-13,19.060000,20.460000,19.030000,20.160000,1208383
2025-03-14,20.170000,20.320000,20.030000,20.200000,623174
2025-03-17,20.210000,20.530000,20.090000,20.110000,517762
2025-03-18,20.150000,20.220000,19.890000,20.030000,384362
2025-03-19,19.930000,20.060000,19.690000,19.780000,434806
2025-03-20,19.840000,20.120000,19.690000,19.730000,468440
2025-03-21,19.610000,20.080000,19.610000,19.900000,536995
2025-03-24,19.810000,20.350000,19.810000,19.970000,392919
2025-03-25,20.000000,20.350000,19.880000,20.250000,418944
2025-03-26,20.240000,20.430000,20.070000,20.310000,336056
2025-03-27,20.220000,20.400000,20.060000,20.140000,267096
2025-03-28,20.100000,20.200000,19.780000,19.870000,243726
2025-03-31,19.820000,20.080000,19.680000,19.810000,265718
2025-04-01,19.760000,20.090000,19.700000,20.070000,266561
2025-04-02,20.070000,20.380000,20.000000,20.210000,294143
2025-04-03,19.880000,20.200000,19.800000,20.060000,315021
2025-04-07,19.210000,19.580000,18.600000,19.030000,822946
2025-04-08,19.390000,19.660000,19.070000,19.660000,567980
2025-04-09,19.470000,19.650000,18.990000,19.650000,593827
2025-04-10,19.640000,19.640000,19.260000,19.400000,372815
2025-04-11,19.480000,19.480000,19.010000,19.050000,333251
2025-04-14,19.100000,19.980000,19.030000,19.900000,488364
2025-04-15,19.900000,20.450000,19.730000,20.300000,445886
2025-04-16,20.300000,20.500000,19.960000,20.500000,400108
2025-04-17,20.420000,20.600000,20.200000,20.550000,323054
2025-04-18,20.480000,20.480000,20.240000,20.290000,193121
2025-04-21,20.290000,20.370000,19.980000,20.150000,308490
2025-04-22,20.150000,20.470000,20.110000,20.280000,219490
2025-04-23,20.360000,20.380000,20.150000,20.230000,171568
2025-04-24,20.280000,20.700000,20.210000,20.500000,274982
2025-04-25,20.450000,20.450000,19.990000,20.000000,299678
2025-04-28,20.000000,20.040000,19.550000,19.770000,385714
2025-04-29,19.750000,19.980000,19.580000,19.580000,259025
2025-04-30,19.560000,19.650000,19.150000,19.170000,456269
2025-05-06,19.250000,19.280000,19.070000,19.210000,345403
2025-05-07,19.440000,19.490000,19.230000,19.300000,454628
2025-05-08,19.230000,19.520000,19.180000,19.460000,307198
2025-05-09,19.410000,19.650000,19.240000,19.570000,376892
2025-05-12,19.570000,19.620000,19.300000,19.480000,394315
2025-05-13,19.530000,19.730000,19.420000,19.510000,414126
2025-05-14,19.510000,20.000000,19.510000,19.760000,568386
2025-05-15,19.760000,20.380000,19.750000,19.950000,564398
2025-05-16,19.940000,20.120000,19.830000,20.080000,366578
2025-05-19,20.120000,20.270000,20.000000,20.200000,317336
2025-05-20,20.210000,20.340000,19.950000,19.980000,334936
2025-05-21,20.000000,21.160000,20.000000,20.910000,760732
2025-05-22,20.900000,21.150000,20.740000,20.810000,324434
2025-05-23,20.770000,21.250000,20.710000,20.820000,312964
2025-05-26,20.700000,20.920000,20.600000,20.750000,240144
2025-05-27,20.850000,21.080000,20.460000,20.460000,233379
2025-05-28,20.500000,21.060000,20.370000,20.790000,304390
2025-05-29,20.810000,21.130000,20.750000,20.840000,248115
2025-05-30,20.840000,21.100000,20.730000,20.870000,226285
2025-06-03,20.680000,20.740000,20.190000,20.460000,393429
2025-06-04,20.510000,20.580000,20.030000,20.170000,418507
2025-06-05,20.160000,20.350000,20.040000,20.070000,270804
2025-06-06,20.150000,20.270000,20.010000,20.030000,314388
2025-06-09,20.000000,20.250000,19.870000,20.100000,280188
2025-06-10,20.100000,20.250000,19.920000,19.930000,268494
2025-06-11,19.950000,20.180000,19.930000,20.130000,255881
2025-06-12,20.070000,20.120000,19.690000,19.720000,387950
2025-06-13,19.780000,19.930000,19.710000,19.790000,365113
2025-06-16,19.860000,19.960000,19.630000,19.780000,306940
2025-06-17,19.780000,20.160000,19.680000,20.150000,366052
2025-06-18,20.190000,20.330000,19.960000,19.980000,287297
2025-06-19,19.940000,20.010000,19.730000,19.780000,331014
2025-06-20,19.820000,20.210000,19.760000,19.950000,436857
2025-06-23,20.010000,20.840000,19.960000,20.830000,748686
2025-06-24,20.600000,20.870000,20.230000,20.710000,665736
2025-06-25,19.600000,19.600000,19.070000,19.300000,527653
2025-06-26,19.300000,19.590000,19.030000,19.070000,498523
2025-06-27,19.150000,19.430000,19.100000,19.300000,403185
2025-06-30,19.280000,19.340000,19.150000,19.240000,300890
2025-07-01,19.200000,19.320000,19.050000,19.250000,279873
2025-07-02,19.260000,19.650000,19.210000,19.640000,434705
2025-07-03,19.610000,19.850000,19.370000,19.380000,375151
2025-07-04,19.420000,19.600000,19.310000,19.370000,332106
2025-07-07,19.430000,19.440000,19.080000,19.130000,415798
2025-07-08,19.140000,19.210000,19.050000,19.150000,321908
2025-07-09,19.160000,19.290000,19.120000,19.180000,360348
2025-07-10,19.180000,19.440000,19.150000,19.390000,497593
2025-07-11,19.410000,19.560000,19.340000,19.340000,527007
2025-07-14,19.340000,19.580000,19.310000,19.460000,455027
2025-07-15,19.480000,19.530000,19.120000,19.140000,465717
2025-07-16,19.110000,19.200000,18.930000,18.960000,414686
2025-07-17,18.990000,19.020000,18.920000,18.970000,241499
2025-07-18,19.080000,19.320000,19.060000,19.140000,500160
2025-07-21,19.230000,19.650000,19.220000,19.550000,712244
2025-07-22,19.550000,21.440000,19.470000,21.100000,1422911
2025-07-23,21.500000,21.660000,20.880000,21.030000,1037297
2025-07-24,21.030000,21.380000,20.860000,21.300000,647734
2025-07-25,21.270000,21.330000,20.700000,20.760000,502185
2025-07-28,20.420000,20.620000,20.170000,20.300000,483407
2025-07-29,20.250000,20.750000,20.170000,20.640000,412019
2025-07-30,20.640000,21.060000,20.550000,20.600000,400086
2025-07-31,20.490000,20.600000,20.000000,20.150000,440668
2025-08-01,20.130000,20.300000,19.970000,20.010000,296617
2025-08-04,19.890000,20.200000,19.890000,20.160000,319335
2025-08-05,20.200000,20.340000,20.100000,20.290000,293152
2025-08-06,20.300000,21.500000,20.280000,21.430000,1022023
2025-08-07,21.250000,22.020000,21.220000,21.950000,965763
2025-08-08,21.940000,22.260000,21.720000,21.990000,405798
2025-08-11,22.130000,22.160000,21.470000,21.560000,423495
2025-08-12,21.760000,22.380000,21.660000,21.860000,492059
2025-08-13,21.850000,21.970000,21.550000,21.610000,399771
2025-08-14,21.620000,21.990000,21.500000,21.610000,300151
2025-08-15,21.600000,21.760000,21.440000,21.570000,336367
2025-08-18,21.800000,21.870000,21.070000,21.170000,609089
2025-08-19,21.150000,21.580000,21.130000,21.410000,424334
2025-08-20,21.350000,21.900000,21.230000,21.720000,376478
2025-08-21,21.720000,22.160000,21.550000,21.960000,472293
2025-08-22,21.850000,22.230000,21.770000,21.990000,416078
2025-08-25,22.030000,22.190000,21.760000,22.090000,426221
2025-08-26,22.100000,22.240000,21.820000,21.870000,461287
2025-08-27,21.790000,21.840000,21.390000,21.390000,406707
2025-08-28,20.500000,20.540000,20.020000,20.330000,1006655
2025-08-29,20.300000,20.680000,20.280000,20.380000,504246
2025-09-01,20.250000,20.700000,20.100000,20.330000,493332
2025-09-02,20.330000,20.400000,20.040000,20.140000,342118
2025-09-03,20.170000,20.240000,19.820000,19.920000,350765
2025-09-04,19.840000,20.280000,19.800000,20.160000,518534
2025-09-05,20.150000,20.410000,19.930000,20.300000,509736
2025-09-08,20.310000,20.480000,20.110000,20.250000,411633
2025-09-09,20.250000,20.400000,20.160000,20.280000,318818
2025-09-10,20.310000,20.320000,20.010000,20.030000,301889
2025-09-11,20.090000,20.260000,19.910000,20.190000,323983
2025-09-12,20.200000,20.350000,20.030000,20.230000,402260
2025-09-15,20.230000,20.500000,20.090000,20.390000,465515
2025-09-16,20.600000,20.700000,20.190000,20.270000,346882
2025-09-17,20.250000,21.080000,20.200000,20.810000,621859
2025-09-18,20.700000,20.760000,20.000000,20.190000,553122
2025-09-19,20.180000,20.900000,20.120000,20.720000,603429
2025-09-22,20.770000,21.070000,20.380000,20.470000,426846
2025-09-23,20.400000,20.980000,20.300000,20.660000,529089
2025-09-24,20.600000,20.790000,20.400000,20.550000,329484
2025-09-25,20.450000,20.530000,20.310000,20.460000,278436
2025-09-26,20.390000,20.650000,20.240000,20.320000,535274
2025-09-29,20.270000,20.270000,19.900000,20.060000,525939
2025-09-30,20.080000,20.130000,19.920000,20.000000,279857
2025-10-09,20.000000,20.470000,19.730000,20.420000,539675
2025-10-10,20.250000,21.170000,20.160000,20.670000,579847
2025-10-13,20.300000,20.670000,20.250000,20.560000,527324
2025-10-14,20.550000,21.540000,20.500000,21.330000,1034838
2025-10-15,21.500000,21.830000,21.280000,21.830000,613437
2025-10-16,21.850000,22.650000,21.810000,22.540000,759994
2025-10-17,22.550000,22.800000,22.280000,22.450000,578276
2025-10-20,22.610000,23.000000,22.450000,22.900000,615488
2025-10-21,22.900000,22.900000,22.100000,22.520000,605149
2025-10-22,22.300000,22.700000,22.220000,22.400000,349038
2025-10-23,22.410000,22.840000,22.400000,22.750000,469475
2025-10-24,22.600000,22.850000,22.450000,22.760000,387683
2025-10-27,22.550000,23.180000,22.160000,22.850000,411194
2025-10-28,22.790000,22.960000,22.520000,22.630000,286206
2025-10-29,22.630000,22.720000,22.320000,22.520000,221608
2025-10-30,22.520000,23.330000,22.510000,22.910000,428478
2025-10-31,22.980000,23.130000,22.660000,22.700000,254192
2025-11-03,22.980000,23.910000,22.910000,23.660000,520815
2025-11-04,23.730000,23.970000,23.480000,23.550000,373994
2025-11-05,23.600000,24.390000,23.330000,24.000000,451950
2025-11-06,24.000000,24.640000,23.770000,24.080000,463269
2025-11-07,24.150000,24.400000,24.000000,24.130000,255375
2025-11-10,24.170000,24.700000,23.930000,24.680000,411135
2025-11-11,24.470000,24.600000,23.600000,24.120000,512743
2025-11-12,24.110000,24.270000,23.820000,23.910000,253970
2025-11-13,23.900000,24.170000,23.550000,24.080000,316713
2025-11-14,24.200000,24.370000,23.620000,23.620000,194935
2025-11-17,23.650000,24.240000,23.500000,24.030000,274773
2025-11-18,24.000000,24.020000,23.300000,23.530000,310870
2025-11-19,23.530000,23.930000,23.270000,23.760000,216218
2025-11-20,23.680000,23.790000,23.100000,23.170000,255843
2025-11-21,23.420000,23.430000,22.850000,22.900000,314143
2025-11-24,23.000000,23.080000,22.300000,22.620000,381263
2025-11-25,22.790000,22.860000,22.300000,22.700000,269415
2025-11-26,22.600000,22.820000,22.460000,22.480000,157528
2025-11-27,22.480000,23.070000,22.390000,23.040000,272932
2025-11-28,22.900000,23.000000,22.610000,22.680000,194311
2025-12-01,22.500000,22.900000,22.450000,22.890000,255273
2025-12-02,22.980000,23.000000,22.510000,22.820000,234624
2025-12-03,22.700000,22.880000,22.560000,22.620000,210943
2025-12-04,22.650000,22.860000,22.550000,22.660000,187204
2025-12-05,22.760000,22.760000,22.450000,22.620000,196978
2025-12-08,22.480000,22.530000,21.870000,22.290000,377015
2025-12-09,22.240000,22.350000,21.920000,22.000000,267173
2025-12-10,21.950000,22.140000,21.830000,21.890000,213893
2025-12-11,21.970000,22.200000,21.680000,21.770000,292351
2025-12-12,21.930000,22.080000,21.480000,21.860000,721332
2025-12-15,21.620000,21.840000,21.470000,21.560000,311109
2025-12-16,21.550000,21.650000,21.260000,21.620000,300408
2025-12-17,21.580000,21.600000,21.300000,21.370000,282866
2025-12-18,21.520000,22.220000,21.390000,22.170000,440076
2025-12-19,22.000000,22.030000,21.700000,21.800000,311714
2025-12-22,21.890000,22.100000,21.550000,21.990000,324396
2025-12-23,21.950000,22.100000,21.700000,21.800000,232622
2025-12-24,21.800000,21.860000,21.470000,21.730000,311081
2025-12-25,21.730000,21.900000,21.570000,21.630000,208171
2025-12-26,21.550000,21.780000,21.470000,21.580000,205074
2025-12-29,21.580000,22.030000,21.480000,21.680000,296788
2025-12-30,21.660000,21.740000,21.370000,21.560000,250928
2025-12-31,21.470000,21.590000,21.100000,21.320000,322772
2026-01-05,21.540000,21.980000,21.460000,21.620000,378421
2026-01-06,21.710000,22.300000,21.520000,22.150000,434820
2026-01-07,22.350000,22.630000,21.860000,22.430000,546502
2026-01-08,22.580000,22.720000,22.210000,22.480000,441992
2026-01-09,22.350000,22.710000,22.310000,22.590000,346675
2026-01-12,22.590000,22.950000,22.430000,22.590000,308388
2026-01-13,22.800000,23.050000,22.400000,22.500000,347083
2026-01-14,22.510000,22.670000,22.230000,22.380000,347231
2026-01-15,22.260000,22.740000,22.160000,22.220000,278461
2026-01-16,22.320000,22.480000,21.640000,21.950000,351374
2026-01-19,21.850000,22.090000,21.680000,21.910000,356084
2026-01-20,21.880000,22.340000,21.650000,22.180000,453211
2026-01-21,22.170000,22.210000,21.430000,21.480000,546847
2026-01-22,21.500000,22.090000,21.360000,21.890000,519023
2026-01-23,21.840000,21.860000,21.320000,21.410000,454877
2026-01-26,21.410000,21.990000,21.320000,21.920000,722355
2026-01-27,21.800000,22.170000,21.280000,21.340000,537084
2026-01-28,21.380000,22.330000,21.160000,21.880000,1001797
2026-01-29,22.080000,22.220000,21.610000,22.200000,862924
2026-01-30,22.260000,22.700000,21.760000,22.280000,868322
2026-02-02,21.910000,21.920000,20.760000,20.930000,1101978
2026-02-03,21.090000,21.120000,20.640000,20.850000,477988
2026-02-04,20.990000,22.880000,20.970000,22.680000,1479364
2026-02-05,22.310000,22.320000,21.890000,22.030000,607856
2026-02-06,21.800000,22.320000,21.700000,22.080000,424004
2026-02-09,22.080000,22.790000,22.030000,22.660000,396850
2026-02-10,22.660000,23.190000,22.450000,23.060000,388338
2026-02-11,23.050000,23.400000,22.880000,23.270000,367798
2026-02-12,23.250000,23.630000,23.100000,23.380000,398847
2026-02-13,23.270000,23.270000,22.700000,22.770000,368709
2026-02-24,23.030000,23.790000,22.910000,23.480000,431583
2026-02-25,23.500000,23.760000,23.200000,23.270000,327948
2026-02-26,23.360000,23.660000,23.110000,23.220000,223785
2026-02-27,23.220000,23.800000,23.060000,23.700000,432964
2026-03-02,24.350000,24.950000,23.870000,24.810000,1080482
2026-03-03,24.810000,25.890000,24.380000,25.290000,859192
2026-03-04,24.940000,25.400000,24.360000,25.260000,692869
2026-03-05,25.000000,25.430000,24.640000,25.190000,454556
2026-03-06,25.050000,25.160000,24.500000,24.950000,417101
2026-03-09,26.100000,26.700000,25.200000,25.420000,1245960
2026-03-10,24.310000,25.330000,24.310000,25.080000,549133
2026-03-11,24.810000,25.530000,24.390000,25.420000,554618
2026-03-12,25.730000,26.880000,25.310000,26.700000,817051
2026-03-13,26.690000,27.100000,26.050000,26.240000,609157
2026-03-16,26.400000,26.540000,25.760000,25.900000,418027
2026-03-17,25.690000,25.970000,25.410000,25.540000,438210
2026-03-18,25.540000,25.900000,25.150000,25.620000,328647
2026-03-19,26.290000,26.990000,26.050000,26.620000,679824
2026-03-20,26.510000,27.260000,26.200000,27.160000,635852
2026-03-23,27.500000,27.940000,26.900000,27.230000,830966
2026-03-24,26.600000,27.060000,26.300000,26.560000,517174
2026-03-25,26.000000,26.000000,25.210000,25.750000,687010
2026-03-26,25.830000,26.330000,25.770000,26.240000,399788
2026-03-27,26.000000,26.590000,25.900000,26.120000,345211
2026-03-30,26.470000,26.770000,26.050000,26.270000,319849
2026-03-31,26.130000,26.450000,25.450000,25.590000,482275
2026-04-01,25.410000,26.180000,24.900000,25.380000,488000
2026-04-02,25.630000,25.980000,25.530000,25.750000,256905
2026-04-03,25.880000,25.880000,25.230000,25.360000,179900
2026-04-07,25.280000,25.950000,25.100000,25.850000,281397
2026-04-08,24.880000,25.450000,24.620000,25.280000,484347
2026-04-09,25.340000,25.680000,25.110000,25.270000,304407
2026-04-10,25.270000,25.520000,24.960000,25.230000,286837
2026-04-13,25.490000,25.590000,25.110000,25.320000,253849
2026-04-14,25.230000,25.320000,24.780000,25.010000,327069
2026-04-15,24.750000,25.250000,24.560000,25.160000,284915
2026-04-16,25.160000,25.320000,24.900000,24.990000,322985
2026-04-17,25.080000,25.240000,24.750000,24.800000,230593
2026-04-20,24.760000,25.070000,24.220000,24.520000,416738
2026-04-21,24.520000,25.700000,24.520000,25.500000,548420
2026-04-22,25.690000,25.950000,25.310000,25.480000,462175
2026-04-23,25.390000,26.430000,25.340000,26.120000,526809
2026-04-24,26.020000,26.830000,25.900000,26.300000,495334
2026-04-27,25.160000,25.770000,24.780000,25.380000,707703
2026-04-28,25.100000,26.150000,25.100000,26.010000,549097
2026-04-29,25.760000,26.700000,25.700000,26.130000,537329
2026-04-30,26.120000,26.500000,25.730000,26.130000,394779
2026-05-06,25.870000,26.000000,24.990000,25.900000,574161
2026-05-07,25.450000,25.480000,24.000000,24.080000,756902
2026-05-08,24.080000,24.270000,23.760000,23.830000,415029
2026-05-11,24.100000,24.570000,23.730000,23.830000,519162
2026-05-12,23.900000,24.110000,23.730000,23.790000,389266
2026-05-13,23.850000,23.980000,23.360000,23.450000,536864
2026-05-14,23.430000,23.840000,23.280000,23.340000,389623
2026-05-15,23.420000,24.080000,23.140000,23.860000,480345
2026-05-18,23.970000,24.640000,23.860000,24.390000,658002
2026-05-19,24.260000,24.750000,24.180000,24.390000,351375
2026-05-20,24.360000,24.630000,24.130000,24.170000,321084
2026-05-21,23.950000,24.070000,23.420000,23.420000,414008
2026-05-22,23.540000,23.650000,22.820000,23.320000,473945
2026-05-25,24.200000,24.840000,23.760000,23.890000,830870
2026-05-26,23.750000,24.290000,23.580000,23.950000,475268
2026-05-27,24.100000,24.690000,23.790000,24.660000,501652
2026-05-28,24.440000,25.160000,24.420000,24.660000,531959
2026-05-29,24.600000,25.740000,24.510000,25.740000,650885
2026-06-01,25.770000,26.880000,25.600000,26.770000,860590
2026-06-02,26.770000,27.330000,26.100000,26.370000,699919
2026-06-03,25.930000,27.590000,25.860000,27.120000,683359
2026-06-04,26.850000,28.200000,26.770000,27.410000,743592
2026-06-05,27.340000,28.080000,27.010000,27.140000,519826
2026-06-08,27.070000,28.000000,26.530000,27.800000,717639
2026-06-09,26.960000,27.500000,26.590000,27.000000,664734
2026-06-10,27.000000,27.160000,26.450000,26.630000,666506
2026-06-11,26.770000,27.100000,26.160000,26.930000,609623
2026-06-12,26.550000,27.100000,26.310000,27.000000,545373
2026-06-15,26.470000,26.470000,25.030000,25.260000,800114
2026-06-16,25.140000,25.400000,24.260000,24.400000,651554
2026-06-17,24.420000,24.480000,23.530000,23.580000,422737
2026-06-18,23.300000,23.730000,22.960000,22.970000,429936
2026-06-22,22.970000,23.500000,22.600000,23.300000,565671
2026-06-23,23.200000,23.700000,22.510000,22.580000,540886
2026-06-24,22.680000,22.750000,21.980000,22.040000,472092
2026-06-25,21.620000,22.100000,21.400000,21.610000,653786
2026-06-26,20.900000,21.230000,20.530000,20.700000,481484
2026-06-29,20.850000,21.360000,20.550000,21.000000,534038
2026-06-30,20.920000,21.010000,20.050000,20.350000,565935
2026-07-01,20.350000,21.220000,20.020000,20.970000,595764
2026-07-02,21.100000,21.780000,21.020000,21.500000,642533
2026-07-03,21.690000,22.190000,21.360000,21.540000,531918
2026-07-06,21.530000,23.300000,21.360000,23.110000,744450
2026-07-07,22.900000,23.080000,22.430000,22.870000,496214
2026-07-08,22.980000,24.000000,22.600000,23.550000,545768
2026-07-09,23.060000,23.650000,22.780000,22.810000,432130
2026-07-10,22.580000,23.220000,22.240000,22.920000,375854
2026-07-13,23.030000,24.110000,22.700000,23.950000,630024
2026-07-14,23.730000,24.920000,23.730000,24.550000,643046
2026-07-15,24.360000,25.180000,24.110000,24.610000,447485
2026-07-16,24.610000,24.770000,23.720000,23.870000,393640
2026-07-17,23.910000,24.560000,23.750000,24.300000,510700
2026-07-20,24.300000,25.170000,24.110000,25.000000,830573
2026-07-21,24.700000,25.050000,23.800000,23.980000,812859
2026-07-22,23.860000,24.890000,23.800000,24.890000,546261
2026-07-23,24.650000,25.470000,24.520000,25.250000,514178
2026-07-24,25.440000,25.600000,24.610000,24.700000,364988
2026-07-27,24.400000,24.790000,24.010000,24.560000,511141
2026-07-28,24.570000,24.570000,23.940000,24.400000,348037
2026-07-29,24.380000,24.990000,24.340000,24.640000,411841
2026-07-30,24.700000,25.000000,24.590000,24.740000,262582
2026-07-31,24.000000,24.800000,23.770000,24.800000,473322
2026-08-03,24.600000,24.860000,24.110000,24.180000,356779
2026-08-04,24.130000,24.260000,23.570000,23.920000,478560
2026-08-05,23.900000,24.040000,23.370000,23.890000,415379
2026-08-06,23.900000,25.100000,23.900000,24.880000,552218
2026-08-07,24.830000,25.340000,24.500000,25.040000,484639
2026-08-10,24.950000,26.190000,24.940000,26.010000,347224
