date,open,high,low,close,volume
2017-06-16,103.250493,105.669376,103.250493,104.594317,80723142
2017-06-19,105.176641,108.916951,104.571920,108.760172,80848191
2017-06-20,109.230510,109.588864,106.766833,107.729907,61635533
2017-06-21,108.177848,110.999879,106.520465,110.708717,84975718
2017-06-22,110.193584,113.038012,109.857628,110.059202,114646405
2017-06-23,110.283173,111.761379,109.275305,111.358232,87371964
2017-06-26,111.962953,113.709924,110.529540,111.358232,95319255
2017-06-27,111.313438,111.873365,109.588864,111.806173,78083585
2017-06-28,111.313438,111.403026,108.737775,108.872157,69132247
2017-06-29,109.297702,112.097335,108.357025,111.895762,75322875
2017-06-30,111.537409,112.433291,110.372761,111.111864,59863098
2017-07-03,111.537409,111.537409,108.737775,109.611261,56319918
2017-07-04,109.297702,109.387290,107.304362,107.326759,68392065
2017-07-05,107.505936,113.553145,107.505936,112.926027,127253722
2017-07-06,112.926027,116.464764,112.142129,115.098543,113781480
2017-07-07,114.561013,115.613675,113.172395,114.247454,53392598
2017-07-10,114.269851,116.375176,113.530748,114.516219,57077601
2017-07-11,115.036939,117.753813,114.584127,115.987845,69953963
2017-07-12,116.282173,118.863202,114.153956,114.584127,87011734
2017-07-13,115.421830,117.414203,115.082221,116.893469,66534298
2017-07-14,117.029313,119.519780,116.146329,119.474499,70779162
2017-07-17,120.017874,124.727120,118.682078,122.032888,140879134
2017-07-18,121.353670,122.847950,118.885843,121.059342,87902953
2017-07-19,121.534794,123.346043,120.244280,121.897044,77118069
2017-07-20,121.240467,122.598903,119.587702,122.281935,65919874
2017-07-21,120.448045,120.629170,117.504766,117.640610,129479193
2017-07-24,117.912297,120.221639,117.006672,119.112249,90459593
2017-07-25,119.134890,120.108436,118.138703,118.433031,50683483
2017-07-26,117.957578,118.863202,116.101048,117.482125,65761087
2017-07-27,117.391563,119.406577,115.670876,118.546234,66713294
2017-07-28,118.183984,118.772640,117.278360,117.482125,49129473
2017-07-31,117.459485,119.180171,116.395376,117.776453,61600507
2017-08-01,118.183984,124.296949,118.183984,124.183746,114793661
2017-08-02,124.093183,124.115824,121.987607,122.349856,72381745
2017-08-03,122.349856,123.346043,119.723546,119.814108,56531164
2017-08-04,119.972592,120.425405,117.391563,117.595328,66608738
2017-08-07,117.527407,119.632983,116.667063,118.455672,52385217
2017-08-08,118.410390,118.999046,117.527407,118.749999,36732251
2017-08-09,118.523593,119.632983,117.731172,117.867016,41073411
2017-08-10,117.889656,118.749999,114.357721,114.855815,84642315
2017-08-11,113.655862,114.855815,112.138941,112.252144,82814563
2017-08-14,113.180409,115.467111,112.387988,114.312440,79149496
2017-08-15,115.014299,116.734985,114.561487,115.240705,68084953
2017-08-16,115.127502,116.123689,114.403002,115.942564,34085106
2017-08-17,116.531220,117.346282,115.172783,115.693517,37471148
2017-08-18,118.636796,121.942325,116.870829,120.380123,117642875
2017-08-21,120.900857,122.893231,119.497140,120.063155,71615254
2017-08-22,120.923498,125.112011,120.719733,124.976167,100989678
2017-08-23,124.545996,126.402526,124.115824,125.428979,56488435
2017-08-24,125.768589,127.421353,124.410152,124.795042,56065476
2017-08-25,124.296949,127.285509,124.161105,126.402526,74310600
2017-08-28,126.742135,130.749523,126.742135,127.240228,80329569
2017-08-29,127.013822,129.617492,126.515729,129.187321,41677419
2017-08-30,129.051477,130.477835,127.376072,127.715681,47027718
2017-08-31,127.534556,128.281696,125.768589,126.855338,48095720
2017-09-01,126.900619,129.142039,125.881792,127.172306,57108347
2017-09-04,126.806822,126.921042,125.207745,125.984439,48405138
2017-09-05,126.555538,129.296814,125.893064,128.588651,56376990
2017-09-06,128.040396,128.794246,125.847376,126.555538,42406310
2017-09-07,127.012418,127.514985,125.253433,125.436184,32974056
2017-09-08,125.413340,126.829666,125.253433,125.687468,29032223
2017-09-11,126.121503,127.880488,123.174632,123.334540,80409842
2017-09-12,124.453894,125.344809,122.466470,125.207745,55595400
2017-09-13,125.184901,126.464163,124.111235,125.801688,39806983
2017-09-14,125.870220,126.212879,123.128944,123.403072,51019115
2017-09-15,123.562980,123.814263,121.415647,121.941058,75425944
2017-09-18,121.689775,124.453894,121.689775,121.758307,75400296
2017-09-19,122.649221,123.448760,121.324272,122.123810,62150655
2017-09-20,122.078122,122.672065,121.072988,121.255740,58718913
2017-09-21,121.438491,123.905639,121.095832,122.946193,72709201
2017-09-22,122.329406,124.156923,122.260874,123.448760,54947182
2017-09-25,123.471604,125.024993,122.946193,123.722887,65794494
2017-09-26,123.334540,124.111235,123.243164,123.928483,42795845
2017-09-27,123.585824,123.905639,122.123810,122.443626,46898447
2017-09-28,122.443626,123.288852,121.803995,122.763441,39773746
2017-09-29,122.717753,124.156923,122.055278,123.722887,43417231
2017-10-09,128.154616,129.068374,124.979305,125.093525,88236199
2017-10-10,125.321965,126.829666,122.923349,125.459028,96068320
2017-10-11,125.413340,127.286545,124.613802,126.349943,66452795
2017-10-12,126.098659,130.644607,125.915908,130.461856,89855011
2017-10-13,130.004976,131.192862,129.593785,130.393324,50815330
2017-10-16,131.352770,133.751386,130.416168,130.598919,74976923
2017-10-17,131.147174,133.088911,130.667451,132.357904,63781573
2017-10-18,132.632032,134.847896,132.197997,134.733676,71037948
2017-10-19,134.916428,136.949540,134.322485,136.127158,74113891
2017-10-20,134.779364,135.807342,133.956981,134.825052,45688147
2017-10-23,136.446973,137.474951,135.236243,136.789632,51239175
2017-10-24,136.538349,139.485220,136.218533,137.520639,70533642
2017-10-25,137.292200,138.068894,136.401285,137.246512,38645697
2017-10-26,137.063760,142.226495,136.743945,140.239070,83684094
2017-10-27,140.490354,146.155656,140.444666,146.041436,87686093
2017-10-30,146.201344,149.171059,144.213919,146.338408,118383153
2017-10-31,145.059146,147.343542,144.625111,147.023727,51366189
2017-11-01,147.275010,151.409767,145.561713,146.475472,100111909
2017-11-02,146.658223,147.092258,143.916948,146.521159,82494651
2017-11-03,146.201344,148.120237,145.013458,147.229322,68143978
2017-11-06,147.777577,147.800421,143.734196,146.224188,90857015
2017-11-07,146.886663,152.072242,146.886663,149.330967,117356586
2017-11-08,149.399498,151.569675,146.932351,147.594826,86782083
2017-11-09,147.343542,151.661050,147.115102,151.523987,70866925
2017-11-10,150.770136,159.793500,150.610228,159.656436,125406037
2017-11-13,160.136160,161.209826,158.719834,160.250379,75220717
2017-11-14,161.483953,162.854591,159.382309,160.867166,80174828
2017-11-15,159.862032,160.890010,156.686722,158.080203,100945992
2017-11-16,157.166445,167.012192,157.052225,166.783752,116376446
2017-11-17,166.075589,172.060707,164.019633,171.946487,158039374
2017-11-20,170.827133,174.733450,169.205212,172.951621,114128113
2017-11-21,171.626671,182.020673,171.626671,179.188022,144556937
2017-11-22,181.609482,182.660304,174.939046,176.926470,129348799
2017-11-23,174.984734,179.188022,168.359985,169.776311,157621088
2017-11-24,169.387963,172.380522,166.098433,170.461630,131784376
2017-11-27,170.644381,171.101260,163.448534,168.017326,163723233
2017-11-28,166.075589,167.994482,164.202384,166.144121,78646962
2017-11-29,167.994482,169.479339,162.786059,165.435958,87500464
2017-11-30,163.037343,163.722661,158.879742,159.724968,116373317
2017-12-01,159.108181,160.318911,155.133332,155.567368,139304603
2017-12-04,154.425170,160.707259,153.899759,158.514238,115928317
2017-12-05,157.394884,163.334314,157.120757,162.648995,169253953
2017-12-06,161.963676,162.420556,155.338928,158.537082,124560752
2017-12-07,158.422863,159.473685,154.425170,156.800941,85970358
2017-12-08,157.486260,164.156697,156.846629,163.311470,109563228
2017-12-11,162.648995,167.469071,161.780925,167.332007,113992734
2017-12-12,167.332007,168.040170,162.580463,162.671839,77790078
2017-12-13,162.671839,165.892838,160.364599,164.750640,86511781
2017-12-14,164.750640,164.842015,161.278358,162.214960,67618694
2017-12-15,161.483953,163.197250,160.021940,160.775790,73554722
2017-12-18,160.387443,164.316604,160.387443,161.438265,67911699
2017-12-19,161.986520,168.200077,161.529641,168.085858,127058305
2017-12-20,167.880262,170.393098,166.943660,168.908240,93938288
2017-12-21,168.222921,172.654650,167.240631,171.124104,93470766
2017-12-22,170.872821,171.786579,168.200077,169.090992,71952658
2017-12-25,169.182368,174.002443,167.606135,169.410807,110997896
2017-12-26,169.296588,170.324566,166.486780,168.908240,83228950
2017-12-27,167.788886,167.788886,159.953408,160.707259,150683445
2017-12-28,160.593039,163.151562,159.153869,161.255514,113088642
2017-12-29,162.397712,163.402846,158.765522,159.862032,104001801
2018-01-02,160.387443,166.304029,160.318911,165.824306,123616317
2018-01-03,167.674666,168.816864,160.159004,162.123584,179405492
2018-01-04,162.237804,164.933391,161.164138,162.603307,106115784
2018-01-05,163.539910,164.202384,160.935698,161.940832,77207581
2018-01-08,161.712393,161.712393,158.354331,159.930564,122872953
2018-01-09,160.593039,164.659264,159.976252,164.179541,123949115
2018-01-10,163.562754,164.179541,161.529641,163.836881,82812301
2018-01-11,162.306336,167.035036,162.192116,165.961369,109628895
2018-01-12,165.984213,170.187502,165.230363,169.981906,128266294
2018-01-15,172.129239,179.325086,172.129239,177.383349,200659866
2018-01-16,177.451881,181.563794,176.355371,177.748853,150164317
2018-01-17,178.411328,181.266823,174.756294,176.675187,141357416
2018-01-18,179.462150,183.002964,176.081244,177.291974,207447138
2018-01-19,178.868207,180.604348,175.647208,177.246286,155380912
2018-01-22,176.149776,180.924163,176.012712,179.873341,121588286
2018-01-23,183.436999,185.675707,178.845363,179.919029,191989840
2018-01-24,180.467284,181.472418,174.482166,174.619230,168914104
2018-01-25,173.454188,173.591252,170.872821,171.992175,123439652
2018-01-26,172.015019,175.555833,171.809423,173.842536,112554650
2018-01-29,175.121797,175.213173,166.509624,167.583291,151784351
2018-01-30,166.532468,169.867687,166.304029,167.628978,86781693
2018-01-31,165.961369,171.672359,165.664398,171.512452,93472629
2018-02-01,171.329700,172.700338,169.159524,172.426210,141576291
2018-02-02,171.032729,174.482166,169.342275,173.636940,100758337
2018-02-05,169.959062,173.499876,169.730623,172.951621,94805442
2018-02-06,168.702645,170.644381,165.618710,168.519893,204966683
2018-02-07,170.415942,170.530161,161.049918,163.060186,174784083
2018-02-08,161.301202,163.334314,156.184155,157.600480,153010890
2018-02-09,151.912334,152.986000,142.089431,147.183634,249202978
2018-02-12,147.709045,149.970597,146.201344,148.394364,102961177
2018-02-13,151.227015,156.138467,150.907200,153.100220,114795720
2018-02-14,154.196730,158.057359,153.511411,157.372040,64650188
2018-02-22,160.433131,160.867166,158.148735,159.382309,78364999
2018-02-23,160.478819,163.242938,159.519373,161.369733,55601107
2018-02-26,162.169272,163.517066,158.993962,161.735237,69384092
2018-02-27,162.237804,162.626151,158.696990,159.473685,78099482
2018-02-28,158.080203,158.171579,154.653609,154.790673,78217046
2018-03-01,153.465723,158.491394,152.780404,157.463416,66329617
2018-03-02,155.338928,156.846629,154.082510,154.607921,58143932
2018-03-05,154.562233,156.686722,153.054532,155.064800,60982380
2018-03-06,156.252686,158.514238,153.968290,158.354331,65707723
2018-03-07,157.577636,160.318911,155.750119,157.120757,59055501
2018-03-08,157.760388,161.826613,157.075069,161.141294,69268165
2018-03-09,162.192116,163.242938,160.615883,161.940832,47622200
2018-03-12,163.562754,164.156697,161.278358,162.466244,58335147
2018-03-13,162.648995,162.991655,158.034515,158.582770,60949227
2018-03-14,157.280665,158.080203,155.932871,157.212133,51476079
2018-03-15,156.275530,161.506797,156.252686,161.027074,62711086
2018-03-16,161.506797,164.362292,160.935698,161.072762,70132623
2018-03-19,161.940832,168.771176,161.004230,168.611269,92449982
2018-03-20,166.989348,169.479339,166.075589,169.250900,65977835
2018-03-21,175.213173,175.236017,166.829440,168.634113,136748593
2018-03-22,167.925950,169.433651,163.745505,166.486780,90287752
2018-03-23,159.907720,161.666705,158.582770,160.593039,148695492
2018-03-26,158.080203,159.839188,153.008844,155.978559,138098519
2018-03-27,158.948274,159.131025,154.196730,155.704431,103992027
2018-03-28,153.054532,154.607921,148.211612,149.399498,142078782
2018-03-29,149.445186,153.694163,145.081990,151.661050,146254573
2018-03-30,150.792980,151.386923,148.028861,149.193903,84202251
2018-04-02,146.772443,151.341235,146.703911,147.709045,80555909
2018-04-03,146.087124,148.371520,145.835841,147.366386,60407068
2018-04-04,148.257300,149.810690,146.155656,147.457762,67998953
2018-04-09,148.462896,150.747292,146.315564,150.678760,71614285
2018-04-10,150.061973,156.252686,149.376654,155.910027,90513972
2018-04-11,156.024247,156.641034,154.151042,154.585077,72092432
2018-04-12,155.133332,155.270396,152.346369,152.414901,54450250
2018-04-13,154.036822,154.082510,150.884356,151.181327,46638574
2018-04-16,150.792980,152.277837,145.927216,146.886663,80963957
2018-04-17,147.206478,148.165925,143.528601,144.213919,83167288
2018-04-18,145.698777,146.087124,143.003190,145.081990,76484549
2018-04-19,145.972904,148.371520,145.424649,147.297854,72647375
2018-04-20,146.658223,148.188769,145.081990,146.544003,60334073
2018-04-23,146.544003,148.851243,145.698777,148.462896,54446666
2018-04-24,149.399498,153.191596,149.125371,152.049398,90695407
2018-04-25,150.861512,151.820958,149.193903,149.627938,47782761
2018-04-26,150.039129,150.518852,143.482913,144.191076,84155382
2018-04-27,145.173366,145.584557,133.271663,139.096872,260286257
2018-05-02,140.170539,141.152829,138.777057,140.124851,70890842
2018-05-03,139.074028,140.673106,136.835320,140.353290,62912538
2018-05-04,140.102007,140.810169,138.525773,138.685681,44158675
2018-05-07,138.320178,140.421822,136.401285,139.782191,82944783
2018-05-08,140.170539,145.927216,139.896411,144.099700,117472062
2018-05-09,144.145388,144.830706,142.820438,143.802728,48443100
2018-05-10,144.602267,145.630245,143.026034,144.328139,49817832
2018-05-11,145.241898,145.424649,143.482913,144.145388,45210551
2018-05-14,145.516025,147.526294,145.059146,146.429784,68370916
2018-05-15,147.343542,147.549138,144.830706,146.132812,52952916
2018-05-16,145.470337,146.018592,143.071721,143.482913,55951439
2018-05-17,144.122544,144.350983,141.495488,141.632552,47778223
2018-05-18,141.358424,144.191076,140.695950,144.008324,56625326
2018-05-21,145.173366,146.544003,144.533735,145.424649,70506571
2018-05-22,145.241898,145.835841,142.774750,143.939792,43769214
2018-05-23,143.802728,143.802728,140.878701,141.084297,56915452
2018-05-24,141.541176,142.249339,139.713659,139.850723,44151327
2018-05-25,140.216226,142.043743,140.124851,140.558886,35392969
2018-05-28,141.175673,143.642820,140.604574,142.774750,45894875
2018-05-29,142.363559,143.140253,140.033475,142.500622,63647446
2018-05-30,140.056319,140.947233,138.388710,138.548617,49083664
2018-05-31,139.599440,142.043743,138.685681,141.929523,66538831
2018-06-01,141.426956,142.066587,139.987787,140.810169,40800764
2018-06-04,141.860992,145.538869,141.404112,145.127678,85889740
2018-06-05,145.264742,148.485740,144.396671,147.526294,88517255
2018-06-06,147.183634,147.229322,145.538869,145.767309,49022028
2018-06-07,147.303885,150.260673,146.721841,147.234040,74626679
2018-06-08,146.605432,147.234040,144.230689,145.255088,57939137
2018-06-11,144.929143,147.140913,143.997871,146.745122,51280313
2018-06-12,147.140913,149.585501,146.256205,148.770638,76355925
2018-06-13,148.537820,148.793920,147.490140,148.421411,45905326
2018-06-14,148.025621,152.146498,147.722958,150.027855,79848471
2018-06-15,149.236274,151.704144,149.050020,150.470209,66658272
2018-06-19,148.537820,149.469092,143.881462,144.556634,127826360
2018-06-20,144.114280,145.604315,141.506720,143.997871,74319522
2018-06-21,144.021153,145.650878,142.018919,142.228455,60549396
2018-06-22,141.087647,143.183008,141.087647,142.181892,46537639
2018-06-25,142.670809,142.833782,138.759468,139.201822,60749672
2018-06-26,137.595379,138.782750,134.568746,137.921324,71792764
2018-06-27,137.595379,138.410242,133.730602,133.870293,69708410
2018-06-28,132.962303,134.917973,131.611959,132.310413,73599124
2018-06-29,132.985584,136.501135,132.939021,136.384726,64511204
2018-07-02,135.686272,135.686272,127.234982,128.562044,90018916
2018-07-03,129.446752,131.681804,126.489965,131.169605,94916701
2018-07-04,130.913505,132.426822,128.911271,129.260498,51949368
2018-07-05,129.679570,131.006632,128.468917,129.283780,54843432
2018-07-06,130.331460,134.219519,129.307062,132.566512,82431119
2018-07-09,134.103110,137.153025,133.171839,137.083180,69604304
2018-07-10,137.362561,137.478970,133.986701,135.453454,55562743
2018-07-11,132.124158,133.893574,131.681804,132.915739,47378185
2018-07-12,133.264966,137.106461,133.264966,135.919090,64770763
2018-07-13,136.827080,137.176307,135.686272,136.291599,39378546
2018-07-16,135.732836,136.850362,133.590911,134.382492,43194208
2018-07-17,134.801564,135.639709,133.684038,135.080946,37994302
2018-07-18,135.686272,137.618661,134.452337,134.592028,46448505
2018-07-19,135.872526,138.061015,135.849245,136.687389,70369903
2018-07-20,136.431289,143.439108,135.569863,141.646410,106935078
2018-07-23,140.505603,143.415826,140.272785,142.205173,80457337
2018-07-24,142.158610,146.675277,142.088764,143.741771,83684707
2018-07-25,144.882579,144.905861,142.950191,144.719607,40900624
2018-07-26,144.998988,145.464624,141.273902,141.553283,48259331
2018-07-27,141.972355,142.787218,141.017802,141.716256,33417159
2018-07-30,141.786101,144.160844,141.436874,143.322699,37637018
2018-07-31,143.415826,144.090998,141.599847,143.415826,26069859
2018-08-01,143.881462,145.301651,138.806032,138.992286,56343432
2018-08-02,138.317114,138.503369,134.568746,135.639709,64680428
2018-08-03,136.035499,136.803798,134.522183,134.615310,36208330
2018-08-06,134.592028,137.036616,133.544347,134.638592,41978566
2018-08-07,135.290482,138.759468,134.941255,138.666341,56186121
2018-08-08,138.643059,138.992286,135.476736,135.919090,41210911
2018-08-09,135.919090,141.995637,135.453454,141.134211,63543307
2018-08-10,140.994520,141.925792,139.294950,140.715139,34904151
2018-08-13,139.225104,139.341513,136.570980,138.643059,45464948
2018-08-14,138.666341,139.038850,136.384726,137.478970,30874067
2018-08-15,137.432406,137.478970,131.937904,132.776048,61374792
2018-08-16,131.262732,134.917973,130.098643,132.659639,47507498
2018-08-17,134.335928,134.615310,131.448986,131.728368,35136005
2018-08-20,132.566512,134.615310,132.147440,134.592028,46214266
2018-08-21,134.708437,138.875877,134.708437,138.340396,63665064
2018-08-22,142.670809,143.183008,140.552166,141.855946,104185714
2018-08-23,142.042201,145.231806,142.042201,144.649761,75611130
2018-08-24,143.648644,147.443576,143.183008,145.441342,57263151
2018-08-27,146.861531,148.258439,146.023387,147.769521,58579343
2018-08-28,148.537820,148.630947,145.744005,146.442459,42494421
2018-08-29,145.930260,147.373731,145.860414,146.698559,27892679
2018-08-30,147.839367,149.119865,146.721841,147.047786,45849633
2018-08-31,145.278370,147.676394,144.812734,146.628713,52111400
2018-09-03,145.744005,146.675277,144.603198,146.046669,32379059
2018-09-04,146.326050,151.168662,145.604315,150.865999,65837878
2018-09-05,149.958009,150.493491,146.209641,146.209641,50743718
2018-09-06,146.021505,147.009090,143.458487,144.187419,45742629
2018-09-07,145.504199,149.313456,144.845809,147.620453,49471165
2018-09-10,147.197202,147.832078,144.845809,145.856908,32339001
2018-09-11,145.786366,147.150174,144.022821,145.033920,34707057
2018-09-12,144.163905,144.516614,141.741970,142.494416,43546028
2018-09-13,145.269060,146.726923,143.458487,146.726923,53884697
2018-09-14,147.126660,149.924818,146.773951,148.843177,55837041
2018-09-17,146.491784,148.561010,146.374214,146.985576,26959587
2018-09-18,146.139075,151.194570,146.021505,150.771319,63556933
2018-09-19,150.700777,154.721659,150.042387,153.193254,83470507
2018-09-20,153.310824,154.157325,151.923502,152.370266,41892378
2018-09-21,153.498935,158.719028,152.770003,158.695514,81043109
2018-09-25,157.308192,159.259848,156.320607,157.990096,57810389
2018-09-26,158.084151,162.246117,157.143594,159.800668,90852551
2018-09-27,159.259848,159.306876,157.214136,158.013610,62357433
2018-09-28,158.719028,162.481256,158.577944,161.070421,73952387
2018-10-08,157.073052,157.167108,152.158641,152.323239,112844471
2018-10-09,151.970530,153.734074,151.265112,152.840545,48631908
2018-10-10,153.052170,154.204353,150.959431,152.017557,58279902
2018-10-11,146.021505,148.608038,144.328502,145.433657,114532745
2018-10-12,146.962063,151.077000,146.491784,150.183471,77461671
2018-10-15,150.254013,151.523765,148.349384,148.608038,53974326
2018-10-16,148.960747,153.263796,148.913719,150.489152,58403499
2018-10-17,153.240282,153.592991,146.750437,150.865375,76140192
2018-10-18,149.289942,149.360483,146.374214,146.844493,60301984
2018-10-19,145.762852,155.427077,145.504199,154.298409,113881516
2018-10-22,155.215452,163.233702,154.298409,159.730126,161688174
2018-10-23,159.894724,160.647170,152.558378,154.039755,117213446
2018-10-24,154.674632,159.542015,154.157325,155.779786,81063205
2018-10-25,150.959431,156.743857,150.959431,156.743857,73620253
2018-10-26,155.897356,157.002511,151.382681,154.110297,79741104
2018-10-29,154.886257,155.168424,145.551227,145.786366,121641942
2018-10-30,141.083580,151.970530,139.907883,147.667480,126920829
2018-10-31,148.161273,150.371582,146.162589,149.619137,78283525
2018-11-01,151.006458,154.016242,150.677263,151.194570,68987109
2018-11-02,157.355220,158.366319,154.133811,158.366319,117394937
2018-11-05,156.367635,157.660901,154.486520,156.555746,54713186
2018-11-06,155.662217,157.073052,154.721659,157.073052,38508185
2018-11-07,157.284678,158.342805,154.956799,155.474105,51065843
2018-11-08,157.378733,157.943068,155.191938,155.897356,50494617
2018-11-09,154.604090,155.144910,151.382681,151.947016,54468970
2018-11-12,151.429709,153.169740,149.901304,152.041071,45851164
2018-11-13,149.971846,154.180839,149.313456,152.864059,52099795
2018-11-14,152.958115,153.052170,149.548595,150.371582,57381407
2018-11-15,150.489152,153.169740,149.948332,153.075684,50057986
2018-11-16,152.840545,156.108981,152.111613,153.428393,61987908
2018-11-19,153.428393,155.662217,152.370266,154.533548,50762891
2018-11-20,152.840545,153.875158,150.277527,150.724291,59176258
2018-11-21,149.383997,150.818347,149.383997,150.512666,38524931
2018-11-22,150.912403,150.959431,147.714508,148.466954,44368353
2018-11-23,148.490468,149.525081,147.009090,147.291258,37233517
2018-11-26,148.137759,150.183471,147.667480,148.608038,36998907
2018-11-27,148.866691,150.206985,147.926134,148.396412,37559684
2018-11-28,148.419926,150.395096,148.161273,149.948332,41169032
2018-11-29,151.194570,151.382681,148.137759,148.255329,38665389
2018-11-30,148.278843,149.666164,147.902620,149.289942,34917109
2018-12-03,153.310824,155.309508,152.299725,152.817031,112194302
2018-12-04,152.722975,153.028656,150.865375,152.581892,56247314
2018-12-05,150.606722,151.899988,150.442124,151.077000,45020712
2018-12-06,149.689678,150.206985,147.879106,148.137759,58586513
2018-12-07,148.890205,149.383997,148.090731,148.137759,27029717
2018-12-10,146.962063,147.385313,145.363115,146.209617,49465059
2018-12-11,146.209617,147.126660,145.363115,146.186103,41994888
2018-12-12,147.667480,147.738022,145.880422,146.868007,38739232
2018-12-13,147.432341,149.313456,146.726923,148.608038,78275417
2018-12-14,147.902620,147.996675,145.151490,145.645282,75075554
2018-12-17,145.480685,146.397728,143.505515,144.069849,71213138
2018-12-18,143.199834,145.033920,142.188735,143.082264,53230206
2018-12-19,143.434973,144.046335,140.801413,141.365747,51553816
2018-12-20,140.966010,141.506831,137.744602,138.732187,80695579
2018-12-21,138.144339,138.379478,135.087528,137.180268,73912789
2018-12-24,136.380794,137.086212,135.792946,136.968642,35874842
2018-12-25,135.299153,138.214881,133.747234,136.874587,66463319
2018-12-26,136.780531,136.968642,134.499680,134.734819,39782133
2018-12-27,137.039184,137.274323,133.794262,133.794262,75189050
2018-12-28,134.029401,134.570221,131.913147,131.913147,91498805
2019-01-02,131.772064,132.101259,129.185531,129.749866,82554243
2019-01-03,129.679324,132.453968,129.467699,130.925562,69271124
2019-01-04,129.985005,134.029401,129.867435,133.065330,112985585
2019-01-07,134.241026,134.429138,131.442869,132.383426,76593007
2019-01-08,131.795578,131.889633,129.796894,131.207729,55992092
2019-01-09,132.148287,135.440237,131.583952,133.911831,81914613
2019-01-10,133.723720,135.957543,132.971274,135.205097,67328223
2019-01-11,136.380794,137.062698,135.205097,136.545392,45756973
2019-01-14,135.769432,136.263224,133.794262,134.311568,47532651
2019-01-15,134.640763,138.003255,134.170485,137.768116,58626487
2019-01-16,137.368379,138.638131,136.404308,138.120825,40411183
2019-01-17,138.849757,140.613301,137.697574,138.097311,53505039
2019-01-18,139.273007,141.130608,138.003255,140.895469,56175665
2019-01-21,140.918982,143.693626,140.730871,142.941180,55984277
2019-01-22,142.494416,142.588472,140.472218,141.248178,41950761
2019-01-23,140.660329,142.024137,139.790314,139.884370,37493263
2019-01-24,140.166537,142.306304,139.249493,142.094679,44940618
2019-01-25,142.259276,145.269060,142.094679,144.116877,67245911
2019-01-28,145.316087,146.750437,143.905252,144.657697,58164884
2019-01-29,144.328502,145.551227,143.387945,144.963378,39519294
2019-01-30,143.152806,145.457171,142.917667,144.022821,31000323
2019-01-31,145.316087,148.584524,144.728239,148.090731,69226532
2019-02-01,149.313456,149.971846,147.785050,148.631552,43792470
2019-02-11,147.855592,151.688362,147.855592,151.406195,54181551
2019-02-12,151.429709,151.476737,149.760220,151.124028,38519306
2019-02-13,152.041071,153.781102,150.559694,152.887573,57865813
2019-02-14,152.558378,153.781102,152.323239,153.075684,39620277
2019-02-15,152.370266,152.864059,148.655065,148.725607,53401148
2019-02-18,150.254013,153.828130,149.971846,153.522449,72136106
2019-02-19,154.204353,158.178207,153.498935,154.439492,78595146
2019-02-20,155.897356,156.085467,153.287310,154.909771,39350882
2019-02-21,154.721659,156.790885,153.052170,153.757588,54369401
2019-02-22,153.687046,157.707929,152.370266,157.590359,76221888
2019-02-25,160.412030,171.651689,160.223919,171.651689,222238240
2019-02-26,168.618392,170.711132,164.409399,164.621024,155563881
2019-02-27,165.302928,167.960002,162.222603,164.550482,101766358
2019-02-28,164.550482,166.831333,163.210188,164.621024,59888970
2019-03-01,166.219971,170.711132,165.185358,170.217339,92075183
2019-03-04,171.651689,176.589614,169.794089,170.664104,126327504
2019-03-05,170.428965,171.040327,168.289197,169.464894,65968035
2019-03-06,170.217339,170.428965,167.207556,169.676519,78465361
2019-03-07,169.653005,169.653005,164.597510,165.279414,101347308
2019-03-08,161.446643,165.067789,160.482572,161.540699,91325604
2019-03-11,161.775838,163.868578,160.412030,161.752324,75185765
2019-03-12,163.656953,166.760792,162.152061,162.833965,96921901
2019-03-13,167.842432,169.535435,165.232386,168.218655,140546408
2019-03-14,168.759476,172.121968,168.594878,171.181410,105597033
2019-03-15,171.886828,177.530171,171.839800,173.650373,125524638
2019-03-18,175.014181,177.153949,172.709816,176.354475,115639210
2019-03-19,178.070992,180.704552,176.260419,177.177463,101209656
2019-03-20,176.495559,182.185930,175.766627,179.999134,107843910
2019-03-21,181.057261,181.645109,177.765311,178.235589,84625878
2019-03-22,178.141534,179.317230,174.144166,175.696085,77200428
2019-03-25,172.615760,173.979568,169.723547,169.982200,99105240
2019-03-26,171.628175,172.192509,169.653005,170.922757,63447472
2019-03-27,172.121968,175.484460,170.946271,174.520388,75981776
2019-03-28,172.592246,173.861998,171.369522,172.592246,48420875
2019-03-29,174.238221,181.292400,174.238221,181.292400,142935526
2019-04-01,183.408654,186.300867,182.232957,184.819490,116811347
2019-04-02,184.678406,185.760047,183.526224,185.665991,77117540
2019-04-03,184.537323,188.464149,184.278669,187.782245,76021980
2019-04-04,188.299551,190.368777,186.347895,188.581719,79562603
2019-04-08,189.757415,193.402074,188.158468,189.498762,91612230
2019-04-09,189.051997,192.814226,188.981455,190.697972,60173789
2019-04-10,189.992554,193.072879,187.311966,192.884768,78362038
2019-04-11,194.342631,196.623483,188.487663,189.780929,75662885
2019-04-12,188.934428,190.839056,187.876301,189.146053,52677940
2019-04-15,193.355046,197.234845,191.873669,192.014752,98995302
2019-04-16,190.980139,200.174086,190.227694,199.891919,103622277
2019-04-17,199.680294,200.691393,197.046733,198.645681,63191560
2019-04-18,199.139473,199.915433,197.234845,198.222430,39728704
2019-04-19,200.503281,204.571191,197.987291,204.571191,78913196
2019-04-22,205.088497,207.134209,198.692709,199.774349,93211520
2019-04-23,199.280557,205.464720,198.692709,202.360882,67811637
2019-04-24,202.407909,204.289024,196.458885,199.938947,81285189
2019-04-25,198.340000,199.844891,195.518328,196.106176,65576928
2019-04-26,195.165619,198.528111,194.695340,195.424272,64895907
2019-04-29,197.234845,204.876872,195.871037,203.230897,94657603
2019-04-30,203.395495,205.699860,198.763250,202.454937,91790202
2019-05-06,194.695340,196.576455,187.311966,190.933112,180860945
2019-05-07,192.296920,193.472616,187.852787,190.862570,97495129
2019-05-08,185.125171,189.404706,184.302183,185.242741,86837572
2019-05-09,184.020016,184.020016,178.964521,180.257787,112572186
2019-05-10,183.291084,192.508545,181.762679,191.356362,139209828
2019-05-13,186.347895,188.534691,184.584350,184.937059,84235081
2019-05-14,183.314598,186.700604,183.055945,184.114072,78278137
2019-05-15,185.642477,191.332848,185.524908,189.381192,80330024
2019-05-16,190.039582,191.709071,188.111440,190.392291,63083136
2019-05-17,190.603917,190.933112,185.713019,185.995186,68580202
2019-05-20,184.584350,186.418437,181.504026,183.102973,74500390
2019-05-21,183.526224,186.347895,182.656208,183.878933,63019796
2019-05-22,183.925960,184.584350,181.527540,182.562153,51673193
2019-05-23,182.466805,183.253917,179.008284,179.938507,64567076
2019-05-24,181.035693,184.303399,180.797175,182.466805,51235315
2019-05-27,181.870509,185.233622,179.723840,184.088733,58973173
2019-05-28,184.708881,187.881180,184.160288,186.497772,89383992
2019-05-29,184.851992,193.152443,184.088733,190.290219,96827316
2019-05-30,189.383848,190.218663,187.451846,188.644440,48847670
2019-05-31,188.787551,192.174517,188.429773,188.429773,49666990
2019-06-03,190.266367,191.291997,187.690365,189.026070,52130833
2019-06-04,188.859107,189.574663,185.710660,185.973030,51212147
2019-06-05,187.833476,188.191254,184.756585,184.851992,48717131
2019-06-06,185.448289,185.806067,183.373177,183.921770,42252296
2019-06-10,185.543697,189.336144,184.828141,188.668292,64574804
2019-06-11,189.049922,195.370667,188.739847,194.869778,94131765
2019-06-12,193.438666,194.201926,191.602072,192.055257,47795293
2019-06-13,192.723110,193.200147,190.337923,191.983702,46145583
2019-06-14,192.031405,193.319406,190.027848,190.218663,40873298
2019-06-17,190.337923,192.413035,189.622366,190.624145,36388172
2019-06-18,191.101182,193.629481,190.457182,193.128591,46407362
2019-06-19,200.379560,201.715265,199.163115,199.258522,111871582
2019-06-20,200.164893,211.089049,200.164893,211.089049,153321332
2019-06-21,209.777197,211.232161,208.059862,209.824900,85806014
2019-06-24,209.657937,211.184457,208.036010,210.397345,59405200
2019-06-25,210.134975,210.325790,203.504155,206.628750,105193653
2019-06-26,206.914972,208.226825,206.080157,206.080157,45763035
2019-06-27,207.511269,211.017494,207.487417,210.015715,81454553
2019-06-28,209.801049,213.044903,209.013937,211.351420,59553439
2019-07-01,216.097942,220.558242,216.097942,219.055574,92609753
2019-07-02,218.697796,218.697796,216.765795,217.195128,60649656
2019-07-03,217.433647,218.483129,214.189793,216.241053,65098801
2019-07-04,216.336461,217.385943,213.116458,214.428311,59366727
2019-07-05,214.666830,217.385943,214.261348,216.694239,51052242
2019-07-08,214.642978,214.642978,209.371715,211.303716,78776550
2019-07-09,211.518383,211.923865,207.487417,208.775418,55703430
2019-07-10,210.349642,210.397345,208.751566,209.610234,35616458
2019-07-11,211.065198,212.997199,209.157048,209.848752,51486886
2019-07-12,210.254234,213.402681,210.254234,211.685346,57671774
2019-07-15,210.134975,211.733050,206.604898,210.087271,59452589
2019-07-16,209.824900,210.325790,207.272750,207.392010,43086922
2019-07-17,207.392010,208.894677,206.080157,207.487417,43834956
2019-07-18,206.557194,208.441492,205.913194,206.867269,37781666
2019-07-19,208.250677,211.566087,208.250677,210.731271,60359099
2019-07-22,210.659716,212.233939,209.133196,209.133196,42622726
2019-07-23,209.681789,210.373493,207.749788,208.703863,38182988
2019-07-24,209.824900,213.378829,209.419419,211.923865,59457876
2019-07-25,212.520162,213.593496,211.184457,213.259570,45606184
2019-07-26,211.852309,215.072312,211.852309,214.905349,46153438
2019-07-29,214.285200,214.857645,212.400902,213.354977,36824643
2019-07-30,215.501645,216.813498,213.903570,214.619126,46479947
2019-07-31,213.259570,213.474236,209.610234,210.111123,59275484
2019-08-01,208.703863,210.707420,207.535121,208.727714,42759682
2019-08-02,205.364601,206.294824,203.933489,205.197638,72897093
2019-08-05,202.884006,204.792156,201.739116,201.810672,68484703
2019-08-06,198.209040,202.454673,195.943112,201.572153,101034081
2019-08-07,202.287709,202.621636,198.805336,199.091559,53235572
2019-08-08,200.331856,201.667561,198.924596,201.572153,56726429
2019-08-09,202.979414,203.408747,200.403412,201.190523,44936180
2019-08-12,201.452894,206.962676,201.452894,206.318676,59423858
2019-08-13,205.006823,205.722379,202.192302,202.764747,51501773
2019-08-14,206.032453,206.485639,202.764747,202.836302,53336342
2019-08-15,199.878671,205.937046,199.234670,205.865490,70227378
2019-08-16,207.511269,210.612012,205.960897,208.608455,93231155
2019-08-19,210.612012,210.993642,208.107566,210.969790,83735472
2019-08-20,210.612012,210.683568,208.990085,209.753345,50439359
2019-08-21,209.061641,210.301938,208.346084,209.252456,33532073
2019-08-22,209.562530,210.087271,208.465344,209.848752,36503738
2019-08-23,209.777197,215.286979,209.467122,214.404459,88568977
2019-08-26,210.612012,211.327568,207.869047,208.703863,99026844
2019-08-27,210.015715,211.804606,208.870826,209.133196,76782700
2019-08-28,208.966233,209.705641,207.153491,207.272750,51609230
2019-08-29,207.869047,208.656159,205.531564,206.795713,46433200
2019-08-30,209.180900,210.254234,206.104009,208.274529,56465513
2019-09-02,207.511269,211.995421,207.225047,211.089049,63580615
2019-09-03,211.327568,212.043124,209.395567,210.492753,51275196
2019-09-04,211.286571,212.657780,209.819136,212.417217,60595398
2019-09-05,213.620033,217.252536,212.441274,214.654454,100756554
2019-09-06,216.386508,218.190732,214.774736,218.190732,68875243
2019-09-09,219.802504,220.187405,216.458677,217.469042,70240149
2019-09-10,217.685549,217.829887,213.860596,215.159637,48454825
2019-09-11,216.025664,216.699240,213.499751,215.448312,45586002
2019-09-12,216.723297,222.520868,215.905382,222.135967,79304852
2019-09-16,222.039741,222.111910,219.201097,219.754392,54841299
2019-09-17,218.671858,218.719971,214.630398,215.352087,64033353
2019-09-18,216.073776,217.661493,215.496425,216.506790,41977115
2019-09-19,217.709606,217.998281,214.125215,215.544538,42158001
2019-09-20,216.242171,217.204423,215.183693,216.145945,45692318
2019-09-23,215.159637,215.159637,212.056373,213.884652,51366718
2019-09-24,214.101159,215.087468,212.657780,213.980877,40535098
2019-09-25,212.633724,214.510116,212.056373,213.571920,38858400
2019-09-26,214.582285,215.953495,212.489386,212.537499,48637079
2019-09-27,212.970512,213.331357,211.406852,212.417217,32955411
2019-09-30,211.551190,212.152598,209.313953,209.386122,46078453
2019-10-08,209.626685,213.427582,209.530460,211.695528,40531309
2019-10-09,210.348375,213.138907,210.083755,212.128542,36058049
2019-10-10,212.152598,213.259188,210.516769,212.898344,34092732
2019-10-11,213.836540,217.156310,212.898344,216.266227,60047559
2019-10-14,218.431295,219.994955,216.939804,217.589324,63044309
2019-10-15,218.431295,218.431295,216.362452,216.987916,35087394
2019-10-16,218.190732,220.885038,217.661493,217.902056,49907711
2019-10-17,219.393547,221.727009,217.950169,220.644475,61942504
2019-10-18,222.039741,222.400586,215.736988,215.905382,59091288
2019-10-21,215.231806,217.589324,213.932765,216.675184,36089979
2019-10-22,218.407238,218.407238,215.496425,217.204423,31078867
2019-10-23,216.987916,218.022338,214.606342,215.303975,31879766
2019-10-24,216.145945,216.603015,213.980877,216.025664,36053744
2019-10-25,211.695528,212.826175,209.530460,211.695528,112919539
2019-10-28,212.633724,213.788427,211.382796,213.235132,65103168
2019-10-29,213.307301,214.197384,211.599303,212.176654,43155769
2019-10-30,211.695528,212.585611,210.901670,211.575246,43651663
2019-10-31,211.214402,213.403526,211.214402,211.984204,37368766
2019-11-01,211.984204,216.651128,211.719584,216.603015,65094033
2019-11-04,217.348761,218.046394,216.290283,217.204423,50570567
2019-11-05,217.228479,219.537885,215.688875,216.651128,65484954
2019-11-06,216.603015,217.469042,215.712932,216.506790,38630541
2019-11-07,216.506790,216.747353,214.774736,215.953495,31983102
2019-11-08,217.685549,217.829887,214.510116,214.510116,43627487
2019-11-11,212.898344,213.114850,211.454965,212.200711,44256217
2019-11-12,212.633724,213.018625,211.334683,212.224767,39545362
2019-11-13,211.623359,212.513443,210.564881,211.695528,38087162
2019-11-14,212.850231,212.874287,211.214402,211.767697,32350997
2019-11-15,211.238458,212.296936,210.973839,211.454965,36402686
2019-11-18,211.406852,214.053046,210.925726,213.403526,34481063
2019-11-19,212.417217,214.341722,212.224767,213.836540,30202126
2019-11-20,213.090794,213.620033,211.527134,211.815810,33229090
2019-11-21,211.021951,211.094120,206.908322,207.702181,75738164
2019-11-22,207.894631,209.169615,203.708833,204.214016,74746383
2019-11-25,204.719198,205.849845,202.746581,205.681451,54652722
2019-11-26,206.884266,206.932379,204.406466,205.440887,50928255
2019-11-27,205.344662,205.344662,203.275820,204.262128,39425692
2019-11-28,204.478635,204.863536,202.626299,203.035256,35809513
2019-11-29,203.011200,203.853171,198.921627,201.158864,57094415
2019-12-02,201.327258,202.024891,199.691429,200.365006,38600756
2019-12-03,200.100387,202.746581,199.162190,202.722524,39427024
2019-12-04,201.110752,202.385736,200.557456,202.241398,26202447
2019-12-05,203.299876,204.478635,202.265454,203.684777,34253468
2019-12-06,204.238072,204.358353,202.866862,203.853171,27211003
2019-12-09,203.901284,204.214016,200.485288,201.231033,46046040
2019-12-10,200.894245,201.784328,200.389062,201.086695,29554057
2019-12-11,201.591878,202.530074,200.629625,202.169229,36793322
2019-12-12,203.107425,203.612608,202.073004,202.169229,36646647
2019-12-13,204.911649,208.736602,204.671085,208.736602,77473290
2019-12-16,205.922014,206.523421,204.238072,206.018239,77967327
2019-12-17,206.114464,208.904996,205.080043,207.196998,75824561
2019-12-18,207.100773,207.966800,206.427196,206.836153,45375271
2019-12-19,207.172942,207.317280,205.152212,206.162577,33082215
2019-12-20,206.330971,207.630012,205.681451,205.753619,35830917
2019-12-23,206.763984,206.812097,202.674412,202.770637,45718175
2019-12-24,202.626299,203.516383,202.193286,203.179594,29220445
2019-12-25,203.035256,203.299876,201.615934,201.904610,31623037
2019-12-26,202.073004,203.107425,201.832441,203.107425,28652808
2019-12-27,203.131482,206.066351,203.083369,203.805058,49282919
2019-12-30,203.901284,206.932379,201.880554,206.619647,67618763
2019-12-31,206.282858,206.667759,204.502691,205.585225,43203635
2020-01-02,206.643703,208.784714,206.595590,207.172942,77825207
2020-01-03,208.832827,209.001221,206.643703,207.365392,59498001
2020-01-06,206.691816,208.977165,205.681451,205.922014,63644804
2020-01-07,206.908322,207.990856,206.090408,207.245111,45218832
2020-01-08,206.836153,206.836153,203.275820,204.478635,62805311
2020-01-09,205.873901,205.946070,203.732889,204.574860,59871202
2020-01-10,205.320606,205.416831,203.540439,203.949396,52586461
2020-01-13,204.502691,208.014913,203.949396,207.966800,81058866
2020-01-14,209.771023,211.262514,208.520095,208.880940,71668182
2020-01-15,208.832827,209.578573,206.114464,206.427196,52621657
2020-01-16,207.630012,207.774349,205.801732,205.801732,49857909
2020-01-17,207.245111,209.049334,206.523421,207.485674,55537018
2020-01-20,212.417217,213.379470,210.131868,210.733276,93605062
2020-01-21,209.289897,209.987530,205.922014,205.922014,72757941
2020-01-22,204.478635,205.633338,201.664047,205.007874,73657688
2020-01-23,202.097060,203.420157,198.416445,200.846132,108002062
2020-02-03,184.054828,190.646257,183.790208,186.941585,203149868
2020-02-04,188.360907,194.783942,188.120344,193.484901,121348050
2020-02-05,193.797633,195.649969,191.873129,193.364620,75319694
2020-02-06,195.289125,197.189573,193.364620,196.107039,67218969
2020-02-07,193.893859,195.337237,193.460845,194.928280,49163056
2020-02-10,193.292451,193.990084,192.209917,193.172169,59360447
2020-02-11,194.591492,196.924954,193.653296,195.168843,58432220
2020-02-12,195.096674,195.962701,193.773577,195.337237,44433902
2020-02-13,195.337237,195.337237,193.316507,193.533014,56260392
2020-02-14,193.340563,195.481575,192.955663,194.856111,42876535
2020-02-17,194.856111,198.440501,194.134422,198.199938,67811881
2020-02-18,196.804672,197.526361,195.914589,196.179208,51320023
2020-02-19,194.928280,197.839093,194.880167,196.540053,46047417
2020-02-20,197.261742,201.134808,195.698082,200.340950,83304258
2020-02-21,198.464558,200.220668,197.261742,198.175882,109390584
2020-02-24,194.856111,195.577800,193.653296,194.182534,103510293
2020-02-25,191.969354,193.220282,191.271721,192.907550,86900094
2020-02-26,191.127383,194.278760,190.309468,192.041523,84416650
2020-02-27,191.488228,193.412732,190.766538,191.945297,66679316
2020-02-28,189.082597,190.742482,186.941585,186.965641,98392314
2020-03-02,188.409020,192.931606,188.409020,191.440115,71232340
2020-03-03,193.605183,193.821690,190.670313,191.223608,67823840
2020-03-04,192.209917,194.254703,192.209917,193.845746,67757456
2020-03-05,194.880167,199.090022,193.941971,198.344276,96064271
2020-03-06,196.227321,197.069292,194.374985,194.639604,58418607
2020-03-09,189.828342,190.044849,187.687331,187.976006,105508261
2020-03-10,187.976006,191.921241,187.230261,190.477863,71700649
2020-03-11,190.477863,190.646257,188.000063,188.000063,59140393
2020-03-12,185.834995,186.388290,184.102940,184.391616,90129053
2020-03-13,173.542220,182.779843,173.445995,179.724692,116615744
2020-03-16,179.219509,179.267622,172.724306,173.205432,97917345
2020-03-17,172.363461,175.611063,170.535182,173.542220,95092287
2020-03-18,174.480416,175.322387,168.033325,168.081438,85218111
2020-03-19,166.229102,168.081438,159.541448,163.125838,123676064
2020-03-20,165.290906,166.950791,162.019248,165.988539,88726935
2020-03-23,158.771646,162.380092,158.771646,160.599926,68407966
2020-03-24,163.462626,166.108821,163.149894,165.868257,79163320
2020-03-25,169.837549,171.353096,168.105494,169.236141,92818620
2020-03-26,167.143242,170.799801,166.830510,168.851240,54986973
2020-03-27,171.401209,171.497434,167.720593,167.720593,60308423
2020-03-30,165.026287,166.926735,164.665442,166.349384,46795596
2020-03-31,168.658789,169.236141,166.012595,166.397496,42536786
2020-04-01,165.988539,169.524817,165.747976,166.758341,55692869
2020-04-02,164.545160,167.600312,163.005557,167.600312,51202929
2020-04-03,166.229102,166.614003,164.569217,165.651751,42025417
2020-04-07,168.586620,169.115859,167.335692,168.322001,61934765
2020-04-08,167.359749,167.913044,166.758341,166.926735,36245867
2020-04-09,167.552199,168.297945,166.902679,167.528143,36830815
2020-04-10,167.552199,174.239853,166.902679,170.775745,76624962
2020-04-13,169.476704,170.294618,168.394170,168.706902,35516987
2020-04-14,170.029999,171.208758,168.995578,170.847914,42969677
2020-04-15,170.968195,171.713941,169.957830,170.438956,38151523
2020-04-16,169.596985,170.102168,168.779071,169.308310,28294260
2020-04-17,171.040364,176.380865,170.294618,174.167684,90367948
2020-04-20,175.346444,177.535568,173.445995,176.813878,65419398
2020-04-21,175.731345,176.765766,172.026673,174.095515,56898431
2020-04-22,173.205432,173.373826,171.954504,173.373826,37767315
2020-04-23,174.143628,175.129937,172.772418,173.590333,32966612
2020-04-24,170.871970,170.871970,169.115859,169.596985,66711619
2020-04-27,169.885661,172.267236,169.885661,171.280927,48152784
2020-04-28,172.002616,174.841261,170.727632,174.119572,61387427
2020-04-29,174.119572,178.497820,174.119572,178.016694,53115638
2020-04-30,179.123284,181.144014,178.521877,179.123284,48625473
2020-05-06,176.332752,177.968581,175.370500,177.559624,62916787
2020-05-07,177.295005,177.295005,175.153993,176.164358,40312289
2020-05-08,178.270310,179.470207,176.458222,178.686601,40471960
2020-05-11,179.029428,183.167846,179.029428,180.963955,49575731
2020-05-12,180.963955,182.016925,179.910985,181.037418,41545036
2020-05-13,180.229325,181.037418,177.902995,179.592645,28897035
2020-05-14,178.760064,178.760064,176.727587,176.874513,34971511
2020-05-15,177.805044,179.004941,176.752074,176.874513,31750730
2020-05-18,176.801050,178.711089,175.552178,176.801050,30846266
2020-05-19,179.200842,180.229325,177.805044,178.515187,34158323
2020-05-20,178.760064,179.225330,177.535680,178.637626,27483484
2020-05-21,179.249818,179.494694,177.192852,177.241828,31268623
2020-05-22,176.458222,176.556173,171.658637,171.707612,57719422
2020-05-25,171.413760,171.609661,168.964992,171.487223,41710115
2020-05-26,173.838040,173.862528,172.197366,172.662632,27112848
2020-05-27,173.176873,175.282813,172.687119,173.005459,28715214
2020-05-28,173.078922,176.286808,173.078922,175.111400,41426045
2020-05-29,173.617651,174.597158,172.589169,173.152385,26844115
2020-06-01,174.842035,176.874513,174.425745,176.703099,45767284
2020-06-02,176.360271,182.506679,176.335784,181.894487,81052327
2020-06-03,183.657600,187.796018,183.657600,183.682088,99148840
2020-06-04,184.686083,185.396225,182.629117,184.000428,45388022
2020-06-05,184.000428,184.735058,182.188339,184.392230,34980754
2020-06-08,185.371738,189.093865,185.371738,187.869481,76697448
2020-06-09,187.893969,188.995914,186.889974,187.330752,38851680
2020-06-10,187.526653,187.820506,184.808521,185.077885,34545292
2020-06-11,184.171841,184.808521,180.719078,181.747561,58611342
2020-06-12,179.004941,181.576147,178.686601,181.576147,48825871
2020-06-15,180.425226,180.670103,177.413242,177.633631,55130379
2020-06-16,180.229325,180.425226,179.102892,179.886497,34190511
2020-06-17,179.249818,179.690596,177.780557,178.784552,32589579
2020-06-18,178.392749,180.645615,177.241828,179.739571,41863201
2020-06-19,179.837522,181.429221,178.760064,179.788547,63598984
2020-06-22,178.760064,181.012931,177.805044,178.196847,67183145
2020-06-23,177.535680,177.780557,175.503203,176.213345,77963604
2020-06-24,176.923488,178.392749,176.335784,176.947976,60513632
2020-06-29,176.482710,176.947976,173.372774,173.887016,71483781
2020-06-30,174.744084,175.772567,173.862528,174.842035,45150315
2020-07-01,175.307301,179.984448,174.352282,179.984448,96755992
2020-07-02,179.445719,186.130856,178.760064,186.106368,147446692
2020-07-03,186.473683,192.203800,186.449196,190.905953,170382002
2020-07-06,193.746524,207.851428,193.746524,205.990364,280669456
2020-07-07,213.042816,214.512077,203.737498,203.786473,222204141
2020-07-08,205.965876,213.042816,205.329197,209.834930,169638993
2020-07-09,211.328678,212.553062,207.900403,210.398147,142459727
2020-07-10,208.169768,209.051324,201.068340,201.631557,146661958
2020-07-13,200.578587,204.863931,199.599080,201.680532,117951579
2020-07-14,201.705020,203.810961,197.395188,199.084838,98855793
2020-07-15,201.166291,201.753996,196.195292,196.440169,92276793
2020-07-16,199.084838,200.725513,191.248781,191.542633,131817000
2020-07-17,193.452672,194.407692,189.314254,191.052879,87503528
2020-07-20,193.575110,202.806966,193.575110,202.757990,137754779
2020-07-21,203.125306,203.737498,196.807484,197.762504,90477483
2020-07-22,196.415681,200.431661,194.530130,195.730026,87751322
2020-07-23,193.452672,195.607588,191.052879,193.452672,78210045
2020-07-24,193.158820,193.183308,187.036900,188.555136,107269340
2020-07-27,189.240791,190.489663,185.371738,187.159338,73479899
2020-07-28,188.530648,189.289766,185.983930,187.036900,63985871
2020-07-29,186.106368,191.003904,185.494176,189.289766,70286526
2020-07-30,189.510156,189.608106,186.155343,186.179831,64624326
2020-07-31,186.106368,189.167328,184.147354,185.861491,74852042
2020-08-03,186.963437,187.771530,185.567639,187.183826,85524765
2020-08-04,188.089870,194.309741,186.596122,192.644579,148146165
2020-08-05,190.856978,190.881466,187.575629,188.873476,78780592
2020-08-06,188.555136,190.734540,186.620609,188.922451,64756303
2020-08-07,188.457185,190.195811,186.130856,186.914461,54980898
2020-08-10,186.155343,190.244786,185.665590,188.579624,70007323
2020-08-11,189.657082,192.669066,187.355240,187.991919,77530900
2020-08-12,188.065382,189.681569,187.085875,188.946939,58601265
2020-08-13,189.779520,190.024397,187.355240,187.575629,42135547
2020-08-14,187.257289,192.203800,186.938949,191.469170,63247371
2020-08-17,191.567121,202.194774,191.567121,198.595085,173940016
2020-08-18,197.860454,198.105331,194.432179,195.289248,84250596
2020-08-19,194.921933,196.170804,191.420195,191.420195,56473384
2020-08-20,191.248781,191.248781,188.922451,190.024397,49842248
2020-08-21,191.738534,192.864968,189.901958,191.616096,42445930
2020-08-24,193.330234,193.452672,190.097860,190.514150,47280441
2020-08-25,191.003904,193.158820,190.024397,191.273268,53047942
2020-08-26,191.003904,191.126342,187.575629,188.065382,54277509
2020-08-27,188.922451,188.971427,186.106368,187.428703,44883359
2020-08-28,187.257289,191.518145,185.739053,190.734540,76502813
2020-08-31,190.734540,192.962918,187.526653,187.624604,72312973
2020-09-01,186.302269,187.551141,186.106368,187.036900,47125055
2020-09-02,187.600116,188.065382,185.126861,185.934954,55637670
2020-09-03,186.081880,187.134851,184.024915,184.612620,59983664
2020-09-04,183.167846,183.902477,182.555654,183.216822,47825576
2020-09-07,183.216822,186.718560,183.045408,183.804526,63325076
2020-09-08,186.057393,189.681569,185.371738,188.897964,86603009
2020-09-09,187.036900,189.901958,186.914461,187.281777,52398217
2020-09-10,188.457185,189.387717,187.085875,187.379727,53035437
2020-09-11,187.110363,189.779520,186.498171,189.069377,46217823
2020-09-14,190.073372,193.697549,190.073372,192.350726,72999187
2020-09-15,192.350726,197.076849,189.901958,195.681051,101435044
2020-09-16,196.126273,196.620979,194.023772,194.419537,46794754
2020-09-17,195.681037,197.338303,194.666890,195.408949,66830642
2020-09-18,196.893068,205.451485,196.596244,205.030985,177600775
2020-09-21,205.055720,205.500955,200.182864,200.182864,84531359
2020-09-22,197.140421,199.688158,195.408949,195.582096,67938147
2020-09-23,196.645714,196.818862,194.023772,194.320595,36211616
2020-09-24,193.405389,194.172183,190.461887,190.635034,60837288
2020-09-25,192.589124,192.638594,190.461887,191.921270,35668375
2020-09-28,191.921270,194.394801,191.476035,192.811741,37177371
2020-09-29,194.147448,194.172183,189.719828,189.967181,51992004
2020-09-30,190.214534,191.550241,188.013091,188.631474,47625773
2020-10-09,191.129740,194.048507,191.105005,192.688065,47428848
2020-10-12,193.801154,200.727041,193.702213,200.009717,86992879
2020-10-13,199.539746,202.458512,197.783539,201.295953,56442934
2020-10-14,201.592777,201.617512,199.119246,201.295953,50039556
2020-10-15,201.345423,204.956779,201.098070,201.345423,55502187
2020-10-16,202.334836,205.030985,201.592777,202.829542,60703280
2020-10-19,204.486808,208.716546,202.359571,202.458512,91742376
2020-10-20,202.211159,202.829542,200.628099,200.924923,41318580
2020-10-21,202.211159,204.264190,201.023864,203.818954,49249162
2020-10-22,204.115778,205.006249,198.575069,203.076895,46697087
2020-10-23,203.126366,209.829635,203.126366,206.539839,93880947
2020-10-26,206.787192,208.691810,200.801247,203.324248,59632529
2020-10-27,202.285365,203.324248,200.356011,200.529158,55925690
2020-10-28,199.143981,200.504423,195.557361,196.843597,76979681
2020-10-29,193.133300,197.610392,192.984889,194.567948,72755430
2020-10-30,194.543213,196.522038,192.044947,192.514918,76459869
2020-11-02,194.172183,194.938978,190.486622,191.030799,63872032
2020-11-03,192.366506,196.249950,191.451299,195.804714,61543284
2020-11-04,194.864772,197.511450,194.419537,196.645714,43467076
2020-11-05,198.748216,202.038012,198.377186,200.207599,53709524
2020-11-06,200.603364,202.211159,199.168716,201.098070,51038925
2020-11-09,204.066307,206.539839,203.571601,205.253602,80996545
2020-11-10,208.370251,209.631752,205.426750,205.797779,78900305
2020-11-11,205.797779,207.850810,204.437337,206.589309,54282531
2020-11-12,207.158221,208.939164,202.334836,203.497395,49054364
2020-11-13,200.553893,202.087483,196.967274,198.723481,70794237
2020-11-16,199.589216,205.946191,199.589216,205.550426,70143403
2020-11-17,205.550426,209.557546,205.303073,207.850810,82506392
2020-11-18,208.766016,213.168902,208.592869,211.165341,96965774
2020-11-19,210.744841,212.105283,209.038105,211.289018,54900519
2020-11-20,210.992194,211.016930,207.529251,209.112311,45298594
2020-11-23,210.250135,213.812020,209.384399,213.267843,78377584
2020-11-24,213.465725,215.172462,209.483340,210.250135,49992972
2020-11-25,212.698931,219.031170,212.649460,215.815580,122368908
2020-11-26,215.221932,221.108936,214.331461,220.515289,90924011
2020-11-27,221.381024,223.260908,218.932229,222.865143,74795473
2020-11-30,225.091321,234.045503,222.691996,222.691996,153919637
2020-12-01,224.349262,230.978325,221.752054,230.978325,85420603
2020-12-02,230.978325,232.140884,227.787470,229.667353,65068818
2020-12-03,229.518941,231.102001,225.610763,227.243293,50991723
2020-12-04,227.688529,228.875823,223.087761,228.034823,48929502
2020-12-07,229.494206,229.988912,220.193730,223.557732,62778839
2020-12-08,222.617790,224.472938,217.176022,217.794405,86333963
2020-12-09,218.907493,221.331554,217.151286,217.349169,52500504
2020-12-10,217.670728,219.377464,215.568227,216.879198,40575298
2020-12-11,218.907493,219.896906,211.387959,212.971019,71494237
2020-12-14,214.331461,218.066493,213.960431,216.903933,58386154
2020-12-15,215.172462,215.172462,211.165341,213.465725,63310377
2020-12-16,214.207785,216.384492,212.599989,214.801432,47070489
2020-12-17,215.098256,220.292671,214.034637,220.094788,68546267
2020-12-18,219.649553,220.762642,215.494021,217.151286,49981599
2020-12-21,215.197197,217.052345,212.748401,215.320874,59973257
2020-12-22,215.296138,215.296138,207.158221,208.147634,98595963
2020-12-23,208.320781,211.214812,207.207692,209.879105,55037110
2020-12-24,210.992194,211.115871,207.009809,208.271310,52479068
2020-12-25,206.787192,206.787192,202.483248,205.797779,69140797
2020-12-28,206.416162,210.720106,204.932043,209.310193,63519948
2020-12-29,210.126458,212.921548,209.483340,211.486900,51931564
2020-12-30,210.744841,212.426842,208.221840,212.426842,56570726
2020-12-31,211.709518,216.879198,211.709518,215.147726,79580939
2021-01-04,214.974579,215.073520,208.023957,210.695371,103643104
2021-01-05,209.013370,209.013370,204.932043,208.444457,105478627
2021-01-06,208.493928,212.080548,206.663515,212.080548,93759848
2021-01-07,212.402107,214.603550,208.518663,213.366784,106968724
2021-01-08,213.267843,215.840315,210.769577,212.971019,116936795
2021-01-11,213.218372,214.207785,207.776604,207.850810,109860234
2021-01-12,207.479780,217.225492,206.119338,217.225492,146755609
2021-01-13,219.649553,220.836848,214.776697,216.532904,139094339
2021-01-14,218.660140,218.956964,209.953311,210.917988,137927380
2021-01-15,212.575254,219.278523,210.917988,214.949844,158708501
2021-01-18,215.197197,216.804992,210.992194,215.691903,116241991
2021-01-19,216.631845,218.041758,212.822607,214.702491,110332831
2021-01-20,215.494021,216.013462,210.027517,210.744841,131977553
2021-01-21,211.140606,211.264283,207.281898,208.864958,139305540
2021-01-22,210.250135,210.621165,206.589309,207.281898,116275248
2021-01-25,207.034545,209.953311,204.264190,209.953311,127980118
2021-01-26,209.013370,209.953311,205.006249,205.303073,105139741
2021-01-27,205.253602,207.553986,204.264190,205.402014,68273775
2021-01-28,203.324248,204.264190,199.490275,200.158129,106108731
2021-01-29,200.108658,201.444365,194.172183,195.606831,126980032
2021-02-01,195.656302,197.239362,193.850624,196.076802,72490144
2021-02-02,196.101538,196.522038,192.811741,193.380654,98836447
2021-02-03,192.292300,192.292300,186.256884,189.324063,134384298
2021-02-04,192.935418,198.674010,192.193359,196.942538,141654771
2021-02-05,197.882480,198.575069,194.444272,197.189891,84557225
2021-02-08,197.214627,198.946098,193.628007,194.345331,79654699
2021-02-09,194.320595,194.320595,189.967181,193.256977,91412187
2021-02-10,192.688065,197.412509,191.673917,196.027332,91968674
2021-02-18,201.592777,204.956779,200.083923,203.769484,146678205
2021-02-19,202.829542,209.161781,202.038012,208.271310,124061762
2021-02-22,208.394987,210.967459,204.264190,205.303073,113034110
2021-02-23,204.115778,210.720106,204.066307,208.568134,101660045
2021-02-24,206.539839,212.130019,204.066307,207.232427,117355482
2021-02-25,209.062840,218.363317,206.168809,215.543491,189748955
2021-02-26,212.228960,215.518756,210.695371,210.695371,118045513
2021-03-01,212.723666,213.663608,207.380839,209.854370,82300801
2021-03-02,209.854370,210.126458,204.313661,205.871985,85227395
2021-03-03,204.561014,215.048785,204.387867,214.578814,116697147
2021-03-04,212.723666,216.310286,212.228960,213.465725,94974599
2021-03-05,211.462165,213.440990,206.144074,209.013370,81417603
2021-03-08,210.744841,217.126551,209.631752,210.126458,105035653
2021-03-09,211.486900,213.366784,207.281898,207.900281,98217495
2021-03-10,209.310193,209.334929,205.599897,205.995662,64800135
2021-03-11,207.529251,213.614137,207.281898,213.614137,91252098
2021-03-12,213.985167,214.207785,210.571694,211.610577,64681200
2021-03-15,211.140606,211.486900,208.296046,210.522223,54551255
2021-03-16,210.992194,211.734254,208.790752,211.239547,54353955
2021-03-17,210.250135,210.250135,203.843690,204.165249,106478452
2021-03-18,203.571601,204.758896,200.529158,201.394894,80312095
2021-03-19,200.850717,201.098070,196.670450,196.992009,96102381
2021-03-22,197.857745,198.550333,196.719920,197.437244,54273091
2021-03-23,197.610392,199.366599,195.705773,198.006157,51116947
2021-03-24,197.857745,198.624539,194.691625,195.433684,63315814
2021-03-25,195.977861,197.041479,195.384214,195.903655,43650615
2021-03-26,196.843597,198.624539,196.794126,197.907215,45348477
2021-03-29,197.882480,198.129833,194.914243,195.730508,63234490
2021-03-30,195.903655,196.324155,194.419537,196.324155,51106025
2021-03-31,196.645714,196.769391,194.370066,194.666890,48358484
2021-04-01,194.914243,196.101538,194.790566,195.903655,36071335
2021-04-02,195.903655,195.903655,194.370066,195.112125,46931855
2021-04-06,195.211067,196.522038,194.642154,195.483155,35173602
2021-04-07,196.324155,196.324155,193.380654,194.048507,47501172
2021-04-08,193.999036,195.384214,192.960153,194.493743,37404801
2021-04-09,194.444272,194.469007,190.412416,190.857652,68801127
2021-04-12,190.832917,191.698653,189.521945,190.857652,45336602
2021-04-13,191.624447,192.490182,188.483062,189.373533,55250310
2021-04-14,190.437152,191.649182,189.967181,190.832917,38078954
2021-04-15,188.359386,188.977768,185.960061,187.518385,79358244
2021-04-16,187.468914,187.691532,185.514825,187.246297,55174264
2021-04-19,186.627914,188.458327,185.514825,188.433592,65367596
2021-04-20,188.112033,188.359386,186.702120,187.988356,49248467
2021-04-21,187.023679,187.642062,186.207414,187.048414,41754851
2021-04-22,188.736690,188.812286,186.418429,187.401170,56065363
2021-04-23,187.401170,190.450187,186.166444,187.123987,86784514
2021-04-26,186.519223,186.544421,183.344213,183.671794,106192950
2021-04-27,183.243419,185.108108,181.504723,184.629336,75969268
2021-04-28,183.948977,184.226160,182.411869,183.470206,57062742
2021-04-29,183.470206,186.368032,182.840243,186.015253,54441616
2021-04-30,186.418429,186.418429,182.336274,182.689053,52463043
2021-05-06,179.413249,180.925158,177.296576,177.724950,92009492
2021-05-07,178.279317,179.136065,176.439827,176.641415,56146188
2021-05-10,176.843003,177.624156,175.129505,176.465025,52456956
2021-05-11,176.011453,177.724950,174.801925,177.094988,50953234
2021-05-12,176.389430,177.699751,175.532681,176.213041,40995688
2021-05-13,175.104307,175.961056,173.567199,174.222360,50644837
2021-05-14,174.877521,179.362852,173.970375,179.362852,81877185
2021-05-17,177.397370,178.455706,176.389430,177.321774,63300366
2021-05-18,178.102927,179.892020,177.523362,178.657294,41807341
2021-05-19,178.153324,178.153324,176.112247,176.313835,46584951
2021-05-20,176.389430,178.833684,175.431887,178.203721,42247209
2021-05-21,178.909279,179.866822,176.414628,176.515422,41383646
2021-05-24,176.389430,177.321774,175.507483,176.238239,35092199
2021-05-25,176.616216,183.293816,175.658674,182.588259,121383184
2021-05-26,184.175763,184.553741,181.882701,182.386671,71239561
2021-05-27,182.336274,184.276557,180.925158,183.696992,58100823
2021-05-28,183.445007,185.208901,182.689053,183.873382,51011335
2021-05-31,183.067030,183.445007,180.093608,180.925158,62483434
2021-06-01,180.647975,180.647975,178.657294,179.236859,59372658
2021-06-02,179.866822,179.892020,177.170583,178.581699,48109829
2021-06-03,178.657294,180.169204,177.649354,178.102927,40951584
2021-06-04,177.397370,180.370791,177.246179,178.531302,51486786
2021-06-07,177.901339,178.102927,176.540621,177.094988,38673941
2021-06-08,177.069789,178.732890,176.263438,177.422568,40701681
2021-06-09,177.145385,178.783287,176.893400,177.145385,40195812
2021-06-10,177.069789,178.380111,176.389430,176.414628,52461130
2021-06-11,176.414628,176.843003,174.524742,174.877521,63032364
2021-06-15,173.894779,174.020772,168.703891,169.006272,107755687
2021-06-16,168.855081,170.719770,168.351112,168.829883,52726975
2021-06-17,168.855081,169.308654,166.360431,166.939996,54804038
2021-06-18,166.310034,166.310034,163.790185,164.042170,85707220
2021-06-21,162.505062,162.908238,160.665572,161.673512,81085363
2021-06-22,162.530260,164.546140,161.698710,163.109826,62012704
2021-06-23,163.160223,166.234439,163.109826,165.856461,58687335
2021-06-24,165.906858,167.267577,164.999713,166.209240,41789971
2021-06-25,166.385629,168.275516,165.579278,168.023531,53565358
2021-06-28,168.023531,168.048730,164.294155,165.302094,51013404
2021-06-29,164.672132,164.798125,162.026291,162.227879,54966804
2021-06-30,161.774306,163.135024,160.766366,161.975894,47636890
2021-07-01,161.925497,164.218559,160.211999,163.185421,69261735
2021-07-02,161.345931,161.446725,156.482623,156.986593,102808162
2021-07-05,156.205440,156.936196,154.038369,156.003852,75064675
2021-07-06,157.288975,159.103266,155.852661,158.498502,68581285
2021-07-07,157.969334,159.783625,156.457424,157.162982,52316754
2021-07-08,157.162982,157.162982,152.501261,153.156422,83755851
2021-07-09,152.400468,154.088766,150.712169,151.417726,70761585
2021-07-12,151.972093,152.400468,149.477443,149.679031,81898922
2021-07-13,149.679031,150.888558,148.797083,150.434985,51333745
2021-07-14,150.308993,150.308993,145.596875,145.924456,106561835
2021-07-15,146.881998,151.669711,146.126044,151.140543,108588585
2021-07-16,150.409787,151.921696,148.368709,150.434985,57820403
2021-07-19,150.888558,150.888558,146.277234,149.553038,66650056
2021-07-20,148.141923,149.175061,146.478822,147.310373,44931031
2021-07-21,146.529219,148.267915,145.899257,146.352830,58704444
2021-07-22,145.773265,148.847480,144.916516,147.511960,63661381
2021-07-23,147.411167,148.091526,145.193699,145.244096,59325514
2021-07-26,143.858179,143.858179,136.903396,137.331771,117486467
2021-07-27,137.331771,137.785343,131.939294,132.720447,93901074
2021-07-28,132.796042,135.038708,132.317271,133.829180,83836567
2021-07-29,135.189899,135.265494,132.922035,134.181959,76800442
2021-07-30,133.879577,136.449823,132.544057,135.240296,65088842
2021-08-02,134.811922,138.541298,132.266874,136.097044,97161064
2021-08-03,135.769464,137.104984,135.013509,136.676610,65820268
2021-08-04,136.827801,136.827801,134.383547,135.063906,64665951
2021-08-05,134.837120,139.851619,134.433944,136.575816,84322088
2021-08-06,134.685929,135.668670,133.677989,135.240296,50241086
2021-08-09,134.055967,140.758765,133.803982,138.894077,91882127
2021-08-10,138.213718,140.834361,136.525419,140.431185,76365642
2021-08-11,140.431185,143.102225,139.700429,140.607574,82202018
2021-08-12,140.431185,140.834361,137.684549,137.936534,57306968
2021-08-13,136.777404,138.516100,136.071846,136.852999,48471805
2021-08-16,136.071846,139.347650,135.819861,138.415306,46009551
2021-08-17,137.810542,140.355589,136.525419,136.601014,69026207
2021-08-18,136.122243,141.388727,135.492281,141.212338,96366560
2021-08-19,140.078406,140.506780,135.215097,135.341090,114860603
2021-08-20,133.829180,135.215097,133.073226,133.577195,67560655
2021-08-23,133.577195,134.711128,132.544057,132.796042,59491185
2021-08-24,131.788103,132.896836,129.495040,130.528178,94659663
2021-08-25,130.830560,131.586515,129.671430,129.973811,61059554
2021-08-26,129.772223,129.772223,126.723206,126.748405,88681394
2021-08-27,128.638291,131.863698,128.613093,131.032148,101781872
2021-08-30,131.032148,131.032148,126.874397,127.781543,95948717
2021-08-31,126.496420,127.176779,123.170219,125.740465,158678325
2021-09-01,125.438083,131.158140,125.009709,129.747025,163160036
2021-09-02,128.537497,130.376987,127.680749,129.898216,87858567
2021-09-03,129.923414,132.317271,127.756344,130.301392,90260347
2021-09-06,130.250995,131.410125,128.965872,129.973811,88301950
2021-09-07,130.074605,132.392866,128.713887,131.888897,94737441
2021-09-08,131.032148,132.619653,130.225796,130.906156,84399193
2021-09-09,129.520239,130.326590,128.537497,130.074605,73490775
2021-09-10,129.394246,132.292072,129.217857,130.301392,84549097
2021-09-13,129.721827,129.999010,128.663490,128.814681,66980000
2021-09-14,129.621033,129.973811,125.513679,125.639671,108266166
2021-09-15,124.732525,125.690068,124.228556,124.656930,64542318
2021-09-16,124.278953,125.942053,124.001769,124.757724,59115597
2021-09-17,124.480541,125.438083,121.507119,122.666249,92721442
2021-09-22,119.692828,121.154340,119.188858,120.398385,72393010
2021-09-23,122.212677,124.354548,120.977950,121.507119,75804482
2021-09-24,121.532317,123.170219,120.700767,121.154340,84358359
2021-09-27,120.700767,124.077365,120.499179,123.472601,99008099
2021-09-28,123.447403,125.060106,122.263073,124.127762,77950696
2021-09-29,122.893036,124.833319,122.263073,123.951372,63129533
2021-09-30,124.228556,124.228556,121.532317,121.859898,68007025
2021-10-08,127.252375,131.284133,126.269633,131.284133,218002823
2021-10-11,131.284133,134.534738,130.880957,132.896836,150449954
2021-10-12,131.158140,133.652791,130.225796,131.687309,94465572
2021-10-13,131.284133,131.510919,128.260314,130.402186,64988916
2021-10-14,130.276193,131.032148,129.016269,129.545437,42700600
2021-10-15,128.839879,129.973811,127.554756,128.209917,73301699
2021-10-18,128.713887,129.117063,125.186098,125.639671,77197137
2021-10-19,125.614473,130.654171,125.236495,129.646231,84752705
2021-10-20,130.276193,131.132942,127.983131,129.444643,66823896
2021-10-21,129.898216,138.289313,129.797422,136.777404,211005833
2021-10-22,137.785343,138.213718,135.063906,136.802602,102633032
2021-10-25,136.239242,136.674593,134.318576,136.264850,75444693
2021-10-26,136.264850,138.236734,133.422265,133.601527,74882514
2021-10-27,133.089349,134.830753,131.988168,132.269865,58905249
2021-10-28,129.913848,131.655252,128.172444,131.373554,85061904
2021-10-29,130.144328,131.194292,126.098125,126.943218,146662660
2021-11-01,125.483512,129.196800,124.843290,128.351707,62876101
2021-11-02,128.582186,129.760195,126.046907,128.070009,78272461
2021-11-03,128.044400,129.965066,127.660267,128.172444,47676290
2021-11-04,127.788311,128.402924,126.840783,127.276134,53205267
2021-11-05,127.276134,128.915102,126.994436,127.865138,41665467
2021-11-08,127.762702,129.837022,126.431041,129.068755,53172448
2021-11-09,129.273626,130.169937,127.020045,127.250525,64051070
2021-11-10,126.763956,126.917609,123.767717,125.816427,81604856
2021-11-11,125.765210,131.015030,125.483512,130.989421,111085845
2021-11-12,130.938203,130.938203,128.428533,129.606542,58595861
2021-11-15,130.221155,131.117466,128.633404,129.580933,44209113
2021-11-16,129.580933,130.451635,128.044400,128.966320,47743813
2021-11-17,128.018791,129.401671,127.737093,128.172444,35153171
2021-11-18,127.788311,127.813920,126.789565,126.789565,42332467
2021-11-19,126.507867,128.326098,126.123734,127.941964,42829007
2021-11-22,127.660267,127.890747,126.892000,127.301742,34005123
2021-11-23,127.224916,128.479751,126.738347,127.071263,40224098
2021-11-24,127.071263,128.044400,126.379823,127.404178,36196146
2021-11-25,127.429787,127.429787,126.405432,126.507867,40741147
2021-11-26,126.098125,126.149343,124.740854,124.766463,58902348
2021-11-29,124.177459,125.099379,123.742108,124.612810,40427298
2021-11-30,124.228677,125.048161,123.357975,123.486019,46694734
2021-12-01,123.614064,125.432294,123.614064,125.150597,42213672
2021-12-02,124.484766,125.842036,123.998197,125.176205,38330050
2021-12-03,125.432294,126.123734,124.151850,125.457903,42748910
2021-12-06,125.739601,127.404178,125.739601,125.867645,61036902
2021-12-07,126.763956,129.324844,126.021298,129.043146,101150186
2021-12-08,129.043146,129.068755,127.788311,128.915102,65354434
2021-12-09,128.966320,132.730825,128.377315,131.399163,124929614
2021-12-10,130.605288,131.860123,130.349199,131.168683,73770661
2021-12-13,132.295474,134.446620,130.912595,130.989421,91858148
2021-12-14,130.349199,131.501599,129.837022,130.221155,58733411
2021-12-15,130.067502,130.810159,129.401671,129.837022,36383253
2021-12-16,130.067502,131.347946,129.324844,131.117466,51436592
2021-12-17,130.656506,131.629643,129.017537,129.427280,53967033
2021-12-20,128.659013,130.221155,128.556578,128.761449,42844182
2021-12-21,128.787058,130.963812,128.761449,130.195546,39397878
2021-12-22,130.426026,130.605288,128.377315,128.505360,42540466
2021-12-23,128.530969,129.068755,127.404178,128.607795,40497888
2021-12-24,128.530969,128.556578,127.327351,127.583440,31293517
2021-12-27,127.941964,128.556578,127.711485,127.993182,27470106
2021-12-28,128.812666,130.938203,128.300489,130.272373,61735856
2021-12-29,130.861377,131.015030,129.376062,130.118719,37646906
2021-12-30,130.349199,130.579679,129.094364,129.094364,42787989
2021-12-31,129.145582,130.221155,128.428533,129.094364,35800024
2022-01-04,129.068755,130.758941,128.300489,130.605288,63583763
2022-01-05,130.886986,134.190531,130.528461,133.345438,118124669
2022-01-06,133.140567,133.217394,131.168683,131.373554,66165825
2022-01-07,131.860123,136.572157,131.757688,135.573411,123075974
2022-01-10,135.701455,137.161161,134.446620,135.931935,76113442
2022-01-11,136.162415,137.622121,134.549056,135.368540,68092028
2022-01-12,134.702709,135.240495,132.807652,134.446620,57292274
2022-01-13,134.574664,137.468468,133.934442,133.934442,72866329
2022-01-14,134.062487,134.446620,130.758941,130.861377,77939676
2022-01-17,130.886986,131.706470,129.965066,130.451635,46056724
2022-01-18,130.451635,132.116212,129.580933,131.194292,63697991
2022-01-19,131.373554,132.756434,130.886986,131.757688,48331572
2022-01-20,131.885732,137.058726,131.757688,136.751419,144835941
2022-01-21,137.007508,137.775774,135.727064,137.135552,104189534
2022-01-24,137.084335,137.084335,134.523447,136.059979,54264076
2022-01-25,134.702709,135.470975,130.861377,131.117466,77666210
2022-01-26,132.346692,133.652745,131.168683,132.730825,48327488
2022-01-27,131.885732,131.885732,130.016284,130.067502,58650221
2022-01-28,130.656506,131.501599,127.532222,127.967573,72935539
2022-02-07,131.475990,134.369793,129.837022,133.114958,94041650
2022-02-08,132.551563,135.803891,132.449127,135.727064,86611569
2022-02-09,136.341677,138.287952,135.419757,135.829500,88043453
2022-02-10,136.188024,138.748912,135.214886,138.748912,96278716
2022-02-11,139.184263,143.998732,138.492823,142.359764,158377687
2022-02-14,140.874449,141.617106,137.468468,138.031863,94465413
2022-02-15,137.135552,138.031863,135.496584,136.444113,63540572
2022-02-16,137.007508,138.748912,136.444113,137.878210,52320987
2022-02-17,138.544041,139.901311,136.648984,137.391641,50490447
2022-02-18,137.263597,139.824485,136.853855,139.568396,48422611
2022-02-21,138.544041,138.928174,137.033117,138.697694,38792845
2022-02-22,137.058726,137.263597,134.984406,135.906326,57749929
2022-02-23,135.983153,136.495330,134.933189,135.445366,46360166
2022-02-24,133.550309,133.806398,130.835768,131.783296,97539602
2022-02-25,132.397910,133.319829,131.143074,131.629643,54441639
2022-02-28,130.861377,130.861377,128.684622,129.990675,73188326
2022-03-01,130.630897,131.629643,129.504106,131.604034,56803579
2022-03-02,130.349199,131.194292,129.837022,129.990675,43692256
2022-03-03,130.093110,131.091857,129.837022,130.400417,35267571
2022-03-04,129.248017,129.273626,127.941964,128.300489,70086471
2022-03-07,127.071263,127.071263,124.612810,125.176205,78459673
2022-03-08,124.766463,125.637165,121.130002,121.565353,83440296
2022-03-09,121.923878,122.743362,116.520404,120.156865,82554495
2022-03-10,122.794580,123.025060,120.003212,120.131256,58775280
2022-03-11,117.800848,121.386091,117.032582,120.720260,66707823
2022-03-14,117.800848,119.260554,117.211844,117.314279,59257848
2022-03-15,115.368004,115.752138,108.965784,109.221873,126937879
2022-03-16,110.860842,114.343649,108.402389,113.421730,100969426
2022-03-17,116.520404,118.313026,114.599738,116.520404,109572199
2022-03-18,115.368004,123.895761,115.035089,122.743362,155232341
2022-03-21,122.333620,122.333620,119.414207,120.464172,94951866
2022-03-22,119.081292,122.564100,118.953248,122.410446,74211155
2022-03-23,121.795833,123.332366,120.745869,122.666535,57702918
2022-03-24,121.719007,124.766463,121.386091,123.562846,61075714
2022-03-25,122.948233,124.945726,121.847051,121.975095,55993803
2022-03-28,121.386091,123.229931,120.182474,122.538491,39368626
2022-03-29,122.794580,123.434802,120.745869,120.899522,32235684
2022-03-30,121.770224,125.048161,121.514136,124.715246,57542713
2022-03-31,123.946979,126.123734,123.690890,124.075024,42349781
2022-04-01,123.690890,125.765210,123.204322,125.381076,47367667
2022-04-06,125.611556,127.839529,125.483512,126.866392,64005275
2022-04-07,125.995690,126.815174,123.665282,124.151850,50112992
2022-04-08,123.818935,126.123734,123.818935,126.098125,43473184
2022-04-11,125.253032,125.432294,121.693398,121.949487,50640496
2022-04-12,122.564100,125.176205,121.590962,124.126241,46739555
2022-04-13,123.562846,123.895761,122.103140,122.461664,31775137
2022-04-14,123.870153,124.254286,122.666535,123.409193,35884891
2022-04-15,122.922624,124.817681,122.666535,123.690890,31411511
2022-04-18,122.897015,122.897015,119.926385,120.361736,40537521
2022-04-19,120.489780,121.053176,118.133763,118.927639,36954300
2022-04-20,119.465425,119.823950,117.365497,117.570368,38060988
2022-04-21,117.493541,120.822696,117.314279,118.364243,54904356
2022-04-22,117.826457,120.284909,117.570368,118.978856,39732577
2022-04-25,115.239960,118.261808,114.471694,114.855827,67392037
2022-04-26,114.830218,115.700920,111.424237,111.629108,63892364
2022-04-27,111.168148,113.191250,110.579144,112.448592,53108352
2022-04-28,112.141286,112.448592,110.527926,111.808370,52599939
2022-04-29,112.166894,115.547267,111.654717,114.113169,51638636
2022-05-05,114.702174,116.725275,114.599738,115.291178,42878154
2022-05-06,113.831472,115.188742,112.679072,112.832725,37231482
2022-05-09,112.883943,113.729036,112.346157,113.575383,25611950
2022-05-10,112.294939,114.420476,111.910806,113.882689,40469305
2022-05-11,113.805863,115.265569,113.216858,114.548520,60728482
2022-05-12,113.575383,114.164387,112.294939,112.679072,42773836
2022-05-13,113.140032,113.959516,111.629108,112.576636,41233483
2022-05-16,113.063205,113.216858,110.579144,111.040104,46886281
2022-05-17,111.398628,112.371765,110.809624,112.218112,40137298
2022-05-18,112.653463,112.935161,111.040104,111.731543,35234171
2022-05-19,110.374273,111.244975,110.195011,110.860842,28281629
2022-05-20,111.142539,113.600992,111.142539,113.472947,54975115
2022-05-23,113.063205,113.370512,111.885197,112.397374,35909822
2022-05-24,112.166894,112.960770,110.399882,110.476708,39342426
2022-05-25,110.195011,111.398628,110.169402,110.707188,26374891
2022-05-26,110.912059,111.526672,109.990140,110.502317,40099222
2022-05-27,111.168148,112.294939,111.142539,111.475455,38790063
2022-05-30,112.499810,113.600992,111.962023,113.063205,52217489
2022-05-31,113.268076,114.676565,112.679072,113.191250,54065261
2022-06-01,113.319294,114.087560,112.448592,113.114423,32852073
2022-06-02,112.166894,112.755899,111.526672,112.679072,34082891
2022-06-06,112.653463,113.370512,110.963277,113.344903,54326745
2022-06-07,113.344903,113.652209,112.551028,113.063205,43157460
2022-06-08,113.319294,114.497302,112.832725,114.189996,52956201
2022-06-09,114.471694,115.316787,113.882689,114.266823,53243046
2022-06-10,113.575383,115.239960,112.883943,115.086307,56531953
2022-06-13,113.959516,114.215605,112.730290,113.037596,53712124
2022-06-14,112.422983,115.880182,112.166894,115.803355,62895792
2022-06-15,115.239960,124.356721,115.009480,122.026313,198589228
2022-06-16,121.334873,121.642180,119.081292,119.081292,84493103
2022-06-17,118.748377,121.027567,118.441070,120.438563,56670396
2022-06-20,120.914587,121.258395,119.142654,119.962503,57061489
2022-06-21,120.808800,123.717943,120.200524,121.998904,68456932
2022-06-22,122.184031,122.501392,120.068290,120.068290,43690689
2022-06-23,120.676566,122.977434,120.676566,122.316265,49426523
2022-06-24,122.792307,123.903071,122.236925,123.665050,53672389
2022-06-27,123.903071,124.564240,122.977434,123.770837,44985821
2022-06-28,123.823730,124.802260,122.580733,124.035304,35170689
2022-06-29,124.008858,125.463429,123.189008,123.744390,41277246
2022-06-30,123.770837,124.828707,122.871647,123.479922,39185266
2022-07-01,123.506369,124.246878,121.972457,122.474946,35756842
2022-07-04,122.184031,122.977434,121.126161,122.871647,40712960
2022-07-05,122.924540,125.754344,122.660073,123.268348,45256850
2022-07-06,123.294795,123.321242,120.993927,121.258395,38956093
2022-07-07,120.729459,122.025351,120.570779,120.597226,29372210
2022-07-08,121.417075,122.660073,120.808800,121.179054,29228342
2022-07-11,120.623672,121.046821,119.592249,120.015397,28113511
2022-07-12,120.015397,120.967480,119.327781,120.359205,25405548
2022-07-13,120.121184,120.676566,119.010420,119.221994,29658829
2022-07-14,118.745952,119.116207,114.858279,115.307874,90304414
2022-07-15,115.334320,116.603765,112.927665,112.954112,69404157
2022-07-18,113.059899,115.545894,112.980559,114.911172,35524425
2022-07-19,114.831832,115.757469,113.456600,114.778938,35610607
2022-07-20,115.783915,115.916149,114.673151,114.778938,24956569
2022-07-21,114.329343,114.382237,112.795431,113.033452,40556770
2022-07-22,113.192133,114.673151,113.139239,113.853302,29435598
2022-07-25,113.721068,114.038429,112.980559,113.509494,22513504
2022-07-26,113.588834,114.488024,113.509494,114.250003,22847447
2022-07-27,113.879749,114.197110,112.927665,113.165686,29639869
2022-07-28,113.456600,114.382237,112.954112,112.980559,34874952
2022-07-29,113.165686,114.117769,111.340860,111.393753,46070387
2022-08-01,111.367306,111.393753,110.415223,110.653244,30655094
2022-08-02,109.833394,109.886288,107.188718,108.881311,60400823
2022-08-03,108.801971,109.489586,107.744100,107.982121,40785171
2022-08-04,108.749077,109.225119,108.167248,108.643290,25116335
2022-08-05,109.198672,110.230096,108.378822,109.859841,29671019
2022-08-08,109.225119,109.859841,108.431716,108.907758,30159403
2022-08-09,108.881311,108.987098,108.220142,108.325929,25139703
2022-08-10,108.325929,108.643290,106.739123,106.844910,46008881
2022-08-11,107.347399,110.230096,106.897804,109.648267,61070138
2022-08-12,109.119332,110.441670,108.801971,110.044968,35993337
2022-08-15,109.568927,110.441670,108.775524,108.801971,33276942
2022-08-16,109.330906,109.674714,108.167248,108.405269,27739045
2022-08-17,108.563950,109.701160,107.691207,109.198672,37572182
2022-08-18,108.828417,108.907758,107.796994,107.929228,29407958
2022-08-19,107.638313,109.119332,107.426739,108.352376,32462874
2022-08-22,108.035015,109.463140,107.902781,108.828417,33971901
2022-08-23,108.484610,108.828417,107.585420,107.691207,33148018
2022-08-24,109.357353,112.240049,109.357353,110.044968,115732982
2022-08-25,110.679691,114.329343,110.230096,113.985536,110572586
2022-08-26,114.011982,114.567364,112.451624,114.038429,72672640
2022-08-29,113.192133,114.302897,112.372283,113.906195,44989303
2022-08-30,113.668174,114.488024,112.425177,113.430154,38892928
2022-08-31,112.954112,117.079807,112.821878,115.942596,84223803
2022-09-01,115.307874,116.709552,114.805385,115.440107,45521324
2022-09-02,116.074830,117.106253,114.408684,115.572341,44914485
2022-09-05,115.043406,116.101276,113.773962,115.836809,41749075
2022-09-06,116.101276,117.555848,115.096300,116.101276,44977165
2022-09-07,115.307874,115.863256,114.144216,115.307874,37641074
2022-09-08,115.942596,117.026913,115.466554,115.942596,32129830
2022-09-09,116.339297,118.428591,115.969043,118.190570,57786668
2022-09-13,118.164124,119.988950,117.291381,119.169101,52966319
2022-09-14,117.767422,119.486462,117.714529,118.084783,35508365
2022-09-15,118.137677,120.597226,118.111230,119.248441,59444223
2022-09-16,118.534378,118.931080,116.021936,116.180617,62492037
2022-09-19,116.154170,117.635188,115.202087,116.180617,40538305
2022-09-20,116.762445,116.868232,114.038429,114.355790,35764951
2022-09-21,113.985536,114.937619,113.456600,114.117769,30353672
2022-09-22,112.663198,113.271473,112.160709,112.345836,37622972
2022-09-23,112.160709,114.884725,112.160709,113.773962,37532565
2022-09-26,113.033452,114.567364,112.187156,112.372283,30712391
2022-09-27,112.213603,113.033452,111.790455,112.240049,31229142
2022-09-28,111.605327,112.398730,110.679691,110.785478,42204372
2022-09-29,111.684667,111.975582,108.828417,109.278012,42655827
2022-09-30,109.357353,111.023498,109.357353,109.965628,33161940
2022-10-10,109.965628,111.552434,109.436693,109.568927,41387647
2022-10-11,110.203649,110.732584,108.749077,108.960651,26931732
2022-10-12,108.987098,111.076392,107.902781,110.864818,36247330
2022-10-13,110.547457,110.811924,108.960651,109.383799,38384620
2022-10-14,110.415223,111.949135,110.071415,110.917711,43441714
2022-10-17,110.309436,111.473093,109.912735,111.340860,34142518
2022-10-18,112.134262,112.240049,110.203649,110.415223,41635680
2022-10-19,110.150755,111.023498,109.119332,109.145779,36436126
2022-10-20,109.253962,109.497350,107.901809,108.199283,45021418
2022-10-21,108.442671,108.848316,106.820087,107.225733,45737748
2022-10-24,107.252776,107.982939,101.708949,101.952336,95125183
2022-10-25,101.627819,103.791264,100.492011,102.006422,55354891
2022-10-26,101.519647,103.169274,101.438518,101.871207,49839519
2022-10-27,101.979379,103.007016,101.546690,101.844164,45749726
2022-10-28,101.438518,101.952336,99.329159,99.329159,50769159
2022-10-31,98.409695,99.166901,97.084585,97.760662,56203354
2022-11-01,98.571954,101.357389,98.355609,101.303303,56566488
2022-11-02,100.843571,101.681906,100.410882,101.141044,45038490
2022-11-03,100.546097,100.870614,99.248030,99.870021,34933463
2022-11-04,99.870021,104.521427,99.815934,103.601963,69205474
2022-11-07,102.763628,105.954709,102.547284,104.900030,57480970
2022-11-08,104.900030,105.467934,103.791264,104.629599,37048271
2022-11-09,104.900030,105.170460,103.547877,103.764221,26768675
2022-11-10,102.763628,104.656642,102.168681,104.007609,32317534
2022-11-11,106.657829,110.795417,106.333312,109.064661,104667558
2022-11-14,112.661388,113.905369,111.444450,112.499130,121668038
2022-11-15,112.174613,116.149943,111.714881,114.905962,93442402
2022-11-16,115.257522,115.798383,114.311015,114.392144,59652791
2022-11-17,114.365101,115.609082,113.445637,115.095263,50398025
2022-11-18,115.419780,115.771340,113.743110,114.013541,39246432
2022-11-21,112.904775,112.904775,109.957082,111.444450,51118530
2022-11-22,111.417407,114.608488,110.876546,113.499723,47181359
2022-11-23,113.634938,114.770747,112.931819,112.958862,44962046
2022-11-24,114.148756,114.608488,112.688431,113.039991,24907646
2022-11-25,112.985905,116.149943,112.904775,115.609082,59795984
2022-11-28,112.580259,113.148163,110.849503,111.985311,51031527
2022-11-29,114.446230,121.423339,114.446230,121.098823,175320480
2022-11-30,121.206995,124.857808,120.612048,121.558555,116501586
2022-12-01,124.343990,125.182325,120.828392,121.234038,85932650
2022-12-02,121.206995,121.693770,118.989464,120.666134,60778715
2022-12-05,123.181138,127.940717,122.640277,127.859588,138043595
2022-12-06,127.859588,128.941310,126.399262,128.292277,87827308
2022-12-07,128.292277,128.400449,125.398669,126.291090,83145478
2022-12-08,125.425712,127.643243,125.209368,127.508028,44836406
2022-12-09,127.291683,129.482171,126.291090,128.724966,70957885
2022-12-12,127.643243,127.859588,124.614420,124.857808,65647053
2022-12-13,125.642057,127.345770,125.209368,126.291090,42366316
2022-12-14,127.318726,127.399856,124.776679,126.804908,34697318
2022-12-15,126.561521,127.345770,123.857215,125.560928,40402095
2022-12-16,124.695550,127.129425,124.587377,126.831951,42134762
2022-12-19,126.831951,127.832545,122.910708,123.776086,50589649
2022-12-20,123.208181,124.073559,120.557961,121.504469,49524516
2022-12-21,121.964201,123.316354,121.531512,122.396890,29789568
2022-12-22,124.398076,124.884851,123.451569,124.073559,35346187
2022-12-23,123.127052,124.425119,122.559148,123.424526,30647249
2022-12-26,123.424526,124.073559,120.774306,120.774306,40328181
2022-12-27,122.423933,124.262861,121.774899,123.262267,34779327
2022-12-28,122.856622,125.615014,122.505062,125.155282,45626696
2022-12-29,124.262861,124.425119,121.991244,123.911301,46957620
2022-12-30,124.398076,127.643243,124.398076,127.102382,55300540
2023-01-03,125.993617,127.805502,124.560334,127.508028,60230443
2023-01-04,127.913674,131.510401,127.913674,131.239970,86949610
2023-01-05,133.051855,133.863147,131.158841,132.321693,73704809
2023-01-06,133.863147,134.755568,132.646209,134.512180,78034581
2023-01-09,135.215300,137.784391,134.404008,137.676218,88185743
2023-01-10,137.649175,137.676218,132.889597,133.078898,83794865
2023-01-11,133.863147,137.919606,133.700889,137.108314,96689497
2023-01-12,137.649175,138.217080,136.378152,137.676218,60025574
2023-01-13,138.460467,141.570419,138.054821,141.570419,89625747
2023-01-16,142.030151,144.626285,139.244716,140.867300,122979440
2023-01-17,140.515740,140.813213,137.919606,139.271759,69887253
2023-01-18,139.271759,140.272352,138.352295,139.406974,41960296
2023-01-19,139.001328,140.272352,138.325252,140.110094,51046054
2023-01-20,140.894343,141.272945,139.271759,140.894343,49706934
2023-01-30,144.923759,144.950802,139.217673,139.217673,85757885
2023-01-31,139.974879,141.381118,137.513960,137.865520,61241827
2023-02-01,139.406974,139.947835,136.324065,138.866113,56530105
2023-02-02,139.542190,139.542190,136.297022,137.459874,63621734
2023-02-03,136.567453,136.702668,132.240563,134.133578,92731026
2023-02-06,131.970133,132.132391,129.049482,130.239377,92159525
2023-02-07,131.158841,132.078305,130.347549,131.699702,44436330
2023-02-08,131.834917,133.024812,130.834324,131.158841,34718961
2023-02-09,131.158841,133.998362,130.861367,133.376372,56490688
2023-02-10,133.754975,133.998362,132.538037,133.322286,30917292
2023-02-13,133.024812,133.322286,130.590937,133.187071,45797264
2023-02-14,133.322286,134.944869,132.970726,134.944869,37040170
2023-02-15,134.782611,134.917826,131.726745,132.186477,46102667
2023-02-16,132.727338,135.350515,132.510994,133.051855,57689131
2023-02-17,133.051855,134.755568,131.726745,131.970133,41751901
2023-02-20,132.105348,135.188257,131.834917,135.080085,66428495
2023-02-21,134.836697,135.539817,133.727932,135.242343,42665990
2023-02-22,133.863147,135.107128,132.808468,132.997769,44604615
2023-02-23,132.510994,134.404008,131.997176,132.456908,38525359
2023-02-24,132.213520,132.538037,130.104162,130.347549,44654799
2023-02-27,129.806688,130.861367,129.211741,129.265827,46791711
2023-02-28,129.833731,130.563894,128.481578,130.347549,38041710
2023-03-01,129.860774,135.215300,129.833731,135.188257,72432311
2023-03-02,135.134171,136.459281,134.458094,135.756161,38088855
2023-03-03,136.513367,137.000142,134.809654,135.972506,28413325
2023-03-06,135.215300,135.675032,131.023626,131.375185,77323721
2023-03-07,131.294056,133.051855,129.130611,129.563300,58730233
2023-03-08,128.589750,128.752009,127.075339,127.724372,52741684
2023-03-09,128.130018,128.130018,125.669100,126.128832,51832490
2023-03-10,124.560334,126.155875,124.398076,124.398076,45709202
2023-03-13,124.398076,126.534478,124.154688,125.750229,39948280
2023-03-14,124.993023,124.993023,122.748449,122.937751,49073263
2023-03-15,124.479205,126.182918,123.803129,124.262861,44364320
2023-03-16,121.423339,123.938344,121.017693,122.315760,78960922
2023-03-17,123.884258,126.994210,123.884258,124.938937,95019092
2023-03-20,124.398076,125.966573,123.208181,123.262267,71924435
2023-03-21,124.100602,125.479798,123.803129,124.425119,44665895
2023-03-22,125.074152,126.480392,124.993023,125.750229,55225117
2023-03-23,125.209368,126.804908,125.209368,126.777865,55427358
2023-03-24,126.561521,126.561521,124.560334,124.938937,43769382
2023-03-27,125.101196,125.290497,123.045923,124.371033,36217267
2023-03-28,124.641464,125.425712,123.532698,124.073559,28332434
2023-03-29,125.290497,125.966573,122.775492,122.829579,40902005
2023-03-30,123.072966,123.586784,121.531512,122.991837,45003047
2023-03-31,123.316354,125.209368,122.721406,123.316354,52453993
2023-04-03,123.181138,124.127645,122.478019,123.532698,45121453
2023-04-04,123.505655,124.019473,122.315760,123.235224,47348640
2023-04-06,123.181138,123.181138,121.774899,121.910114,36162706
2023-04-07,122.478019,123.803129,122.099416,123.397483,32633630
2023-04-10,123.667913,125.128239,123.045923,124.560334,52736929
2023-04-11,124.452162,125.209368,123.397483,123.478612,54309402
2023-04-12,123.857215,124.614420,122.910708,123.316354,46093797
2023-04-13,122.505062,122.694363,121.179952,122.018287,56947936
2023-04-14,122.640277,124.316947,122.234631,123.018880,42891917
2023-04-17,122.586191,128.400449,121.747856,128.400449,103616133
2023-04-18,127.643243,132.727338,127.453942,131.483358,131027522
2023-04-19,131.294056,132.240563,130.536851,130.888410,49716461
2023-04-20,130.915453,132.375779,130.131205,131.943090,47673429
2023-04-21,131.429272,131.672659,126.101789,126.399262,81197565
2023-04-24,126.777865,129.130611,124.938937,125.479798,58748216
2023-04-25,125.858401,127.318726,124.073559,124.641464,61758322
2023-04-26,124.019473,125.074152,123.478612,123.830172,50514702
2023-04-27,127.048296,136.215893,126.588564,136.215893,257064456
2023-04-28,136.864927,142.381711,135.972506,140.083051,214950248
2023-05-04,137.297616,146.979031,136.810841,145.221232,183764085
2023-05-05,146.032524,148.736830,143.977251,145.572792,126410712
2023-05-08,146.005481,148.953174,144.707414,148.520486,150405384
2023-05-09,148.520486,151.441136,144.328811,144.626285,146158707
2023-05-10,144.626285,145.653921,140.921386,141.462247,105561049
2023-05-11,143.057787,144.599242,141.056601,141.570419,59388396
2023-05-12,141.516333,141.976065,138.379338,138.649769,62668147
2023-05-15,138.676812,145.680964,137.324659,145.248275,111375355
2023-05-16,145.140103,145.545749,142.787357,143.869079,64496860
2023-05-17,142.760314,142.922572,139.488103,140.380524,64255230
2023-05-18,140.083051,142.922572,139.352888,140.137137,55516636
2023-05-19,138.487510,139.812620,137.378745,138.027778,55423641
2023-05-22,137.919606,140.218266,137.378745,139.055415,49881234
2023-05-23,139.001328,139.731491,134.944869,134.944869,68538645
2023-05-24,134.836697,134.944869,130.888410,131.077712,71313356
2023-05-25,130.834324,131.834917,129.536257,130.888410,52552892
2023-05-26,130.861367,132.186477,129.292870,130.996583,40336573
2023-05-29,131.510401,131.834917,129.265827,129.914860,48434379
2023-05-30,129.941903,130.699109,128.238191,129.779645,57029059
2023-05-31,128.995396,129.238784,127.102382,127.102382,61068932
2023-06-01,127.237597,129.617387,126.831951,128.319320,51807430
2023-06-02,129.482171,133.051855,129.346956,132.781425,83284040
2023-06-05,131.861961,132.321693,130.428678,131.185884,46645590
2023-06-06,130.726152,135.025999,130.482765,131.861961,64450197
2023-06-07,133.592716,134.376965,131.889004,132.538037,42543624
2023-06-08,132.294650,135.107128,131.645616,134.322879,57228383
2023-06-09,134.322879,135.080085,133.619759,133.809061,42804318
2023-06-12,133.754975,135.053042,132.213520,134.052448,47645727
2023-06-13,133.809061,134.404008,131.834917,134.214707,44002891
2023-06-14,135.385427,136.333152,133.434226,133.935963,55366411
2023-06-15,134.632821,136.862764,133.434226,134.967312,47343980
2023-06-16,135.747792,136.138032,134.075335,135.469049,53414223
2023-06-19,135.078809,135.134558,131.929015,132.402877,64216367
2023-06-20,132.402877,133.099735,130.451677,130.702546,61533324
2023-06-21,129.922066,131.706020,129.559700,130.005689,38103052
2023-06-26,129.057963,129.253083,127.385505,128.026614,48535023
2023-06-27,127.998740,129.977814,127.524877,129.057963,48093273
2023-06-28,128.639848,129.754820,128.026614,129.726946,35606961
2023-06-29,129.754820,130.423803,128.584100,129.057963,26573548
2023-06-30,128.779220,130.646797,128.751346,129.336706,32697104
2023-07-03,129.448203,134.772192,129.280957,134.298329,69778059
2023-07-04,134.326204,134.437701,132.960363,133.657221,29744073
2023-07-05,133.489975,133.768718,131.789643,131.984763,26406125
2023-07-06,131.092786,134.242581,131.064912,131.845392,40258040
2023-07-07,131.009163,132.932489,130.953414,131.594523,36442103
2023-07-10,132.765243,132.932489,129.643323,129.922066,36816433
2023-07-11,130.451677,132.179883,130.451677,131.566649,26888644
2023-07-12,131.566649,133.657221,131.232157,131.817517,35439345
2023-07-13,133.016112,135.887164,132.820992,135.524798,64876826
2023-07-14,136.639770,136.834890,134.939438,135.580547,36635843
2023-07-17,134.827941,135.050935,133.462101,133.935963,30470667
2023-07-18,134.577072,134.604946,132.291380,132.681620,28318272
2023-07-19,131.845392,133.406352,131.845392,133.155483,32111579
2023-07-20,133.517849,134.354078,131.901140,132.179883,30137754
2023-07-21,131.873266,133.099735,130.451677,130.925540,44679142
2023-07-24,130.451677,130.981289,129.615449,129.949940,31598004
2023-07-25,132.960363,138.479473,132.960363,138.117107,141327902
2023-07-26,137.085758,138.367976,136.528272,137.866238,51544065
2023-07-27,138.228604,140.988159,137.726867,139.036959,70373493
2023-07-28,137.977735,145.949782,137.726867,144.751188,127790846
2023-07-31,147.677988,149.629189,145.782537,146.618765,127485466
2023-08-01,146.340023,147.733737,143.385348,144.221576,67061372
2023-08-02,143.831336,146.507268,141.963759,143.301725,60879817
2023-08-03,143.301725,146.618765,142.465496,146.089154,65494421
2023-08-04,148.374846,150.103052,144.667565,144.667565,105165284
2023-08-07,143.218102,144.305199,142.716365,144.110079,43689613
2023-08-08,143.468971,144.082205,140.653667,142.883611,52326342
2023-08-09,142.381873,143.775588,142.019508,142.883611,37285264
2023-08-10,142.298250,143.468971,141.824388,143.162353,29926322
2023-08-11,142.995108,143.301725,137.559621,137.615370,74892093
2023-08-14,134.632821,136.082284,134.577072,135.273929,60472146
2023-08-15,135.246055,136.807015,133.852341,135.692044,52183684
2023-08-16,134.688569,136.416775,134.158958,134.772192,47660376
2023-08-17,133.824466,134.298329,131.929015,133.545723,59827368
2023-08-18,133.517849,136.584021,132.458626,132.458626,63666255
2023-08-21,132.124135,132.375003,130.089311,130.089311,62808090
2023-08-22,130.730420,131.845392,129.531826,131.009163,51849548
2023-08-23,130.228683,131.287906,129.308831,129.503951,47623949
2023-08-24,129.699071,131.037037,128.751346,129.615449,41863720
2023-08-25,129.085837,132.068386,128.918591,131.037037,41763549
2023-08-28,140.765164,140.848787,133.183358,134.103209,109010819
2023-08-29,133.908089,136.500398,133.489975,135.357552,57380614
2023-08-30,136.249530,136.556147,133.517849,134.493449,60012297
2023-08-31,135.552672,138.117107,135.218181,135.998661,63953783
2023-09-01,137.559621,140.765164,137.308753,139.650193,85575649
2023-09-04,140.625793,144.667565,140.597919,143.413222,92193109
2023-09-05,142.716365,142.716365,139.733816,139.928936,50624376
2023-09-06,139.371450,142.688491,139.036959,142.242502,51436224
2023-09-07,141.350525,141.824388,139.817439,139.984684,40329071
2023-09-08,139.455073,140.625793,138.813964,139.705941,27366737
2023-09-11,140.430673,141.517770,138.953336,140.374924,49151466
2023-09-12,139.650193,139.789564,137.949861,139.232079,36114393
2023-09-13,139.761690,139.984684,137.197255,137.977735,43398924
2023-09-14,138.367976,138.813964,136.556147,137.113633,39131218
2023-09-15,137.949861,139.705941,136.584021,137.141507,55753191
2023-09-18,136.361027,137.921987,135.747792,137.420250,29526746
2023-09-19,137.364501,137.559621,136.639770,137.364501,26652448
2023-09-20,137.308753,137.308753,135.413301,136.277404,32873261
2023-09-21,135.747792,136.193781,134.827941,135.162432,33547988
2023-09-22,135.190306,140.291302,134.827941,140.291302,66300617
2023-09-25,139.399324,139.650193,136.667644,136.751267,49975869
2023-09-26,136.723392,137.531747,135.246055,135.357552,40093026
2023-09-27,135.469049,136.556147,135.190306,135.636295,32486342
2023-09-28,136.110158,136.249530,134.214706,134.632821,42146617
2023-10-09,133.796592,134.549198,132.458626,133.991712,39401224
2023-10-10,134.577072,135.273929,132.458626,132.681620,33077739
2023-10-11,133.378478,133.712969,132.430752,132.932489,32529671
2023-10-12,136.221655,136.277404,134.381952,134.995186,44871017
2023-10-13,133.434226,134.577072,132.876740,133.712969,26126959
2023-10-16,133.378478,134.158958,132.152009,132.514375,31900293
2023-10-17,133.239106,133.740843,132.291380,132.904615,27014187
2023-10-18,132.430752,133.155483,132.068386,132.096260,32569044
2023-10-19,131.315780,131.455152,128.249608,128.361105,69408534
2023-10-20,127.106762,128.472603,126.967391,127.775745,48177617
2023-10-23,127.636374,128.779220,126.828019,128.054488,38706820
2023-10-24,128.305357,129.615449,127.329757,128.500477,43231065
2023-10-25,130.775810,130.832694,129.211506,129.439041,37446279
2023-10-26,128.841762,130.263856,128.699552,129.979437,28098553
2023-10-27,128.528901,129.524367,126.708620,128.500459,61884971
2023-10-30,128.528901,129.382158,127.448109,128.870204,45549795
2023-10-31,129.183064,130.633601,128.500459,129.296832,42308883
2023-11-01,130.235414,130.491391,128.045389,128.301366,37801226
2023-11-02,128.585785,129.666577,128.016947,128.159156,29224760
2023-11-03,128.528901,128.870204,127.675644,128.671110,38640687
2023-11-06,129.695018,131.316206,129.439041,131.003345,56246319
2023-11-07,130.491391,130.548275,128.671110,128.841762,52054346
2023-11-08,128.841762,129.211506,126.708620,126.936155,70373392
2023-11-09,125.144316,125.713154,121.901941,123.096500,150454180
2023-11-10,122.015708,122.015708,119.541264,120.451404,104996471
2023-11-13,120.309195,120.707381,119.626589,120.565172,49309112
2023-11-14,121.020242,121.759731,120.565172,121.190893,55819964
2023-11-15,122.641430,124.035082,121.958824,123.324035,72870581
2023-11-16,122.669872,123.295593,121.645964,121.930382,38608889
2023-11-17,121.247777,121.788173,120.394520,121.333103,40472847
2023-11-20,121.475312,122.442336,120.821149,122.044150,32498748
2023-11-21,122.044150,123.864431,122.044150,122.499220,43250272
2023-11-22,122.157918,122.442336,121.475312,121.532196,24925121
2023-11-23,121.418428,122.442336,120.906474,122.442336,26380342
2023-11-24,122.300127,122.385453,121.247777,121.418428,28044927
2023-11-27,121.162451,121.276219,118.346704,119.029310,58546041
2023-11-28,118.887100,119.626589,118.261379,118.517356,37226073
2023-11-29,118.517356,118.688007,115.189655,115.900702,67904702
2023-11-30,115.673167,116.810842,115.530957,116.042911,38857196
2023-12-01,115.616283,117.123703,114.620817,116.668633,48696135
2023-12-04,116.185121,117.379680,114.649259,114.848352,39986970
2023-12-05,114.108863,114.251072,112.373907,112.430791,50642832
2023-12-06,112.345466,113.056513,111.748186,112.430791,43332396
2023-12-07,111.947279,112.971187,110.582068,111.890395,50100389
2023-12-08,111.634418,112.715210,111.463767,111.463767,37891237
2023-12-11,110.923371,112.942745,109.671928,112.629884,55511392
2023-12-12,112.117930,113.227164,111.634418,113.170280,35821324
2023-12-13,112.914303,112.914303,110.610510,110.610510,41285632
2023-12-14,111.577534,112.260140,110.041672,110.070114,33236772
2023-12-15,111.349999,112.516117,110.155440,110.326091,50791156
2023-12-18,109.216858,110.496743,108.960881,109.814137,32998671
2023-12-19,109.728812,110.866487,109.216858,110.098556,33224870
2023-12-20,110.098556,110.638952,109.302183,109.359067,29948177
2023-12-21,108.818671,110.838045,108.448927,110.354533,42416262
2023-12-22,110.240766,112.004163,110.013231,111.207790,42473652
2023-12-25,111.065580,111.719744,110.667394,111.435325,20325509
2023-12-26,111.435325,111.435325,110.411417,111.207790,19914583
2023-12-27,111.207790,111.378441,110.013231,110.923371,29593783
2023-12-28,110.923371,114.763026,110.496743,114.507049,60952573
2023-12-29,113.938211,115.019003,113.909769,114.620817,34107753
2024-01-02,114.620817,114.649259,112.231698,112.260140,43759204
2024-01-03,112.260140,112.800536,111.463767,112.061047,36382151
2024-01-04,111.947279,112.573001,109.956347,110.638952,46739190
2024-01-05,110.496743,112.573001,110.013231,110.838045,49920187
2024-01-08,110.838045,111.406883,108.704904,109.359067,51473197
2024-01-09,109.359067,109.728812,108.648020,109.159974,37065054
2024-01-10,108.903997,109.359067,107.567228,107.567228,44130380
2024-01-11,107.510344,109.956347,106.998390,109.302183,38157129
2024-01-12,108.619578,109.615044,108.164508,108.164508,30300054
2024-01-15,107.709437,109.472835,107.225925,108.562694,32702181
2024-01-16,108.192950,110.240766,107.908531,110.070114,54496285
2024-01-17,109.387509,109.643486,108.107624,108.107624,56122897
2024-01-18,107.368135,111.008697,107.055274,110.894929,86154364
2024-01-19,110.354533,111.890395,109.643486,111.492209,63974391
2024-01-22,111.122464,113.568467,110.838045,112.288582,96109863
2024-01-23,111.492209,112.942745,110.070114,111.947279,60172097
2024-01-24,112.800536,114.620817,111.150906,114.251072,76115099
2024-01-25,114.194188,118.062285,113.767560,117.038377,98658100
2024-01-26,116.753958,117.578773,115.616283,117.322796,78592524
2024-01-29,117.351238,118.574239,116.384214,116.554865,62078477
2024-01-30,115.474073,116.355772,114.251072,114.307956,57063998
2024-01-31,114.194188,116.185121,113.739118,115.218096,55701366
2024-02-01,114.108863,115.559399,113.568467,114.620817,49092479
2024-02-02,114.620817,115.331864,110.923371,114.051979,69077347
2024-02-05,113.767560,116.583307,112.857420,115.701609,80614793
2024-02-06,115.673167,118.545798,114.819910,118.204495,82383496
2024-02-07,118.574239,120.593614,117.607215,120.536730,91615404
2024-02-08,120.934916,122.157918,119.882566,121.674405,76874651
2024-02-19,122.271685,122.527662,120.934916,121.532196,54413427
2024-02-20,121.304661,121.361545,119.740357,120.451404,46935509
2024-02-21,119.967892,125.997573,119.512822,123.978199,111249194
2024-02-22,123.324035,124.404827,122.897407,124.291059,51745219
2024-02-23,124.234176,126.424201,124.006640,125.343409,64421676
2024-02-26,124.859897,124.888339,122.015708,122.157918,61619568
2024-02-27,121.788173,122.726755,121.446870,122.641430,42901252
2024-02-28,122.840523,123.096500,121.304661,121.304661,53576359
2024-02-29,120.934916,122.499220,120.878033,122.015708,45509167
2024-03-01,121.731289,122.556104,120.934916,122.271685,44577376
2024-03-04,121.532196,121.788173,120.024776,120.422962,54504680
2024-03-05,119.882566,121.958824,119.598147,121.759731,62343723
2024-03-06,121.702847,122.044150,120.764265,120.878033,34276283
2024-03-07,121.645964,123.608454,121.532196,122.470778,64896213
2024-03-08,121.930382,122.868965,121.020242,121.958824,37249362
2024-03-11,121.674405,123.096500,121.560638,122.755197,43597274
2024-03-12,122.783639,124.803013,121.958824,124.603920,67920636
2024-03-13,124.376385,124.461711,121.077126,121.247777,70121585
2024-03-14,120.508288,121.987266,120.309195,120.735823,36088956
2024-03-15,120.906474,121.276219,119.512822,120.821149,39867511
2024-03-18,120.451404,121.333103,119.655031,121.048684,41626271
2024-03-19,120.593614,120.593614,118.887100,118.972426,48601533
2024-03-20,118.744891,119.598147,118.545798,119.228403,28361668
2024-03-21,119.711915,120.678939,118.915542,119.541264,41497624
2024-03-22,116.697075,116.981494,114.478607,115.360306,112550368
2024-03-25,115.047445,116.270446,114.763026,115.019003,43760130
2024-03-26,115.019003,116.469540,115.019003,116.327330,40299063
2024-03-27,115.986027,116.554865,115.616283,115.616283,34619025
2024-03-28,115.474073,117.351238,115.047445,115.730050,43233995
2024-03-29,115.986027,117.294354,115.730050,116.071353,33512184
2024-04-01,116.469540,117.322796,116.327330,117.322796,38706274
2024-04-02,117.152145,117.920076,116.355772,116.611749,39996585
2024-04-03,116.327330,116.753958,115.189655,115.189655,46364011
2024-04-08,114.563933,114.990561,113.426257,114.393282,43590246
2024-04-09,114.535491,115.132771,114.051979,114.080421,29392411
2024-04-10,113.739118,113.966653,111.207790,111.492209,66754496
2024-04-11,111.008697,111.321557,109.814137,110.781162,44321365
2024-04-12,110.354533,110.894929,107.140600,107.453460,91894711
2024-04-15,107.453460,109.501277,107.169042,109.103090,77160909
2024-04-16,109.103090,110.326091,108.306717,108.875555,62674707
2024-04-17,108.847113,110.980255,108.107624,110.781162,59458529
2024-04-18,110.638952,114.620817,110.382975,112.914303,84608897
2024-04-19,112.260140,113.141838,111.492209,112.117930,36839491
2024-04-22,112.317024,114.023537,112.317024,113.284048,39122784
2024-04-23,113.255606,114.051979,112.658326,113.454699,34265310
2024-04-24,114.876794,115.758492,114.080421,115.474073,54996437
2024-04-25,115.246538,117.408122,114.620817,116.782400,58217790
2024-04-26,116.583307,118.830216,116.071353,118.119169,69427606
2024-04-29,118.033844,121.958824,117.777866,119.683473,87545482
2024-04-30,119.683473,119.911008,117.521889,117.635657,51819014
2024-05-06,122.726755,123.096500,120.508288,120.849591,106274704
2024-05-07,120.878033,121.702847,119.996334,121.134010,52815226
2024-05-08,120.735823,121.446870,119.114635,119.313729,44733513
2024-05-09,119.086193,121.105568,119.057752,120.422962,41354149
2024-05-10,121.162451,122.812081,120.934916,122.101034,67767018
2024-05-13,120.906474,121.987266,119.939450,121.304661,49348084
2024-05-14,121.304661,121.731289,119.882566,120.337637,39651152
2024-05-15,120.252311,120.309195,118.488914,119.000868,39911880
2024-05-16,120.024776,123.409361,119.342170,122.442336,93478227
2024-05-17,124.006640,128.557343,123.580012,128.557343,189457995
2024-05-20,129.979437,131.031787,127.504993,129.296832,147945253
2024-05-21,128.216040,129.524367,128.045389,129.126181,55109616
2024-05-22,128.841762,130.974903,128.415133,129.126181,75133666
2024-05-23,127.760970,128.472017,126.623294,127.362783,63592313
2024-05-24,126.708620,127.419667,124.746130,124.831455,54128575
2024-05-27,125.144316,126.253550,124.803013,125.428735,41274221
2024-05-28,125.599386,126.139782,124.063524,124.461711,42192179
2024-05-29,123.978199,125.514061,123.324035,123.636896,43942250
2024-05-30,123.181826,124.177292,122.015708,122.726755,39395493
2024-05-31,123.437803,125.428735,122.470778,122.499220,48249218
2024-06-03,122.271685,123.608454,121.190893,122.669872,44651840
2024-06-04,122.527662,123.750663,122.328569,123.068058,39817760
2024-06-05,123.039616,123.096500,122.129476,122.527662,36188007
2024-06-06,122.868965,123.238709,120.508288,120.735823,54262089
2024-06-07,121.162451,121.674405,119.455938,119.797241,42139379
2024-06-11,119.199961,119.996334,118.318262,118.972426,42236279
2024-06-12,118.972426,119.171519,117.635657,117.749425,39834017
2024-06-13,118.261379,118.488914,117.152145,117.465006,32042801
2024-06-14,117.152145,119.996334,117.066819,119.086193,63562438
2024-06-17,118.318262,118.972426,117.692541,118.261379,38472747
2024-06-18,118.602681,119.598147,118.232937,118.688007,35345219
2024-06-19,118.716449,119.996334,118.346704,119.455938,41063957
2024-06-20,119.427496,119.655031,118.062285,118.062285,36478992
2024-06-21,118.005402,118.943984,117.521889,118.517356,38505452
2024-06-24,118.119169,119.598147,117.237471,118.887100,44592791
2024-06-25,118.858658,119.797241,117.863192,118.176053,38283591
2024-06-26,117.976960,118.943984,117.436564,118.460472,26506064
2024-06-27,118.062285,118.432030,117.322796,117.806308,36797498
2024-06-28,117.607215,119.171519,117.351238,117.635657,39934516
2024-07-01,117.777866,118.517356,115.587841,118.375146,47419754
2024-07-02,117.777866,121.589080,117.749425,119.939450,56885747
2024-07-03,119.967892,120.678939,119.199961,120.223869,29574788
2024-07-04,120.195427,121.048684,119.342170,119.399054,32485145
2024-07-05,119.313729,120.195427,116.554865,116.953052,52671766
2024-07-08,116.327330,117.635657,115.701609,116.156679,33954844
2024-07-09,116.128237,118.289821,115.075887,118.090727,38140275
2024-07-10,116.810842,119.256845,116.810842,119.057752,36127314
2024-07-11,120.223869,120.849591,119.199961,119.285287,37556984
2024-07-12,119.455938,121.901941,119.455938,121.389987,49569726
2024-07-15,121.162451,122.243243,120.821149,120.963358,35484792
2024-07-16,119.455938,119.768799,115.701609,117.152145,93998504
2024-07-17,117.322796,120.650497,117.322796,120.280753,77840627
2024-07-18,119.996334,121.276219,119.342170,120.508288,51362418
2024-07-19,120.508288,122.726755,120.024776,122.385453,61077539
2024-07-22,122.584546,122.925849,121.276219,122.300127,44056204
2024-07-23,122.186359,122.954290,121.674405,121.702847,45978967
2024-07-24,121.731289,122.385453,120.451404,121.048684,38609543
2024-07-25,120.849591,121.788173,120.110101,121.077126,44047429
2024-07-26,121.283452,122.904495,120.104512,121.106611,51037796
2024-07-29,121.077138,122.698181,120.870824,121.784502,30564969
2024-07-30,121.666608,122.167658,121.018191,121.813975,29692239
2024-07-31,121.843449,125.557110,121.578187,125.439216,58087783
2024-08-01,125.026587,126.293948,124.555011,125.291849,32514038
2024-08-02,124.466590,124.997113,122.904495,123.258177,33137257
2024-08-05,122.904495,125.380269,122.875022,123.788700,43050914
2024-08-06,124.879220,125.203428,119.780304,120.546615,63434323
2024-08-07,120.605562,121.165559,119.898198,119.957145,29978095
2024-08-08,120.104512,121.283452,119.102413,120.310827,23643241
2024-08-09,120.811876,121.548714,119.691884,119.691884,26178496
2024-08-12,119.456096,120.045565,118.807678,119.721357,15219904
2024-08-13,119.721357,120.281353,119.397149,120.192933,16650599
2024-08-14,120.281353,120.664509,119.338201,119.338201,20650428
2024-08-15,119.397149,122.816074,118.542417,121.784502,53416705
2024-08-16,121.784502,123.051862,121.578187,122.639234,26957357
2024-08-19,122.639234,124.289749,122.580286,123.995014,28791203
2024-08-20,124.230802,124.289749,122.904495,123.552912,29376286
2024-08-21,123.729753,124.024488,122.049763,123.700279,23617412
2024-08-22,123.670806,124.525537,122.727654,122.933969,30497656
2024-08-23,123.906594,128.091831,123.582386,127.767623,99423443
2024-08-26,128.091831,128.622354,126.883417,127.767623,47580560
2024-08-27,127.561308,128.357092,126.618156,127.178152,33964677
2024-08-28,127.443414,127.856043,126.529736,127.296047,34839474
2024-08-29,127.266573,128.386566,125.144481,125.616057,47694548
2024-08-30,125.881319,131.245496,125.881319,129.771820,110000601
2024-09-02,129.329718,130.184449,128.062357,128.062357,51317124
2024-09-03,128.533933,128.563407,126.971838,127.354994,36821975
2024-09-04,127.384467,128.622354,125.115008,125.675004,40994906
2024-09-05,125.645531,128.239198,125.586584,127.973937,46651108
2024-09-06,127.973937,129.624453,127.207626,127.472887,39025775
2024-09-09,126.971838,127.472887,125.409742,125.792898,40172454
2024-09-10,125.999212,126.883417,124.643432,125.733951,29365589
2024-09-11,125.675004,126.500262,124.879220,125.321322,27407424
2024-09-12,125.940265,126.058160,123.258177,125.557110,41083853
2024-09-13,125.439216,127.914990,125.262375,126.411841,34439648
2024-09-18,126.736050,129.064457,126.529736,128.799195,43263824
2024-09-19,128.858142,129.978135,127.679202,129.771820,46650032
2024-09-20,129.624453,130.538131,128.917089,130.125503,53292373
2024-09-23,130.066555,130.862340,129.270771,129.948661,29524048
2024-09-24,131.451810,137.051775,131.068655,137.051775,120899198
2024-09-25,140.293860,142.062270,139.262288,139.586496,138298492
2024-09-26,140.264387,148.664334,139.114920,148.605387,163765259
2024-09-27,152.967465,153.733776,149.430645,152.967465,139487740
2024-09-30,160.571628,168.264211,160.335840,168.264211,262125405
2024-10-08,185.093580,185.093580,174.188385,181.939916,396104253
2024-10-09,176.841000,176.841000,164.020027,164.167395,285509557
2024-10-10,166.908431,178.579937,165.965279,172.419975,222672969
2024-10-11,170.356830,176.428371,168.087370,169.590519,131212381
2024-10-14,172.095766,174.601014,169.619992,172.921024,117773767
2024-10-15,172.655763,174.718908,168.264211,168.558946,102790028
2024-10-16,167.350533,170.445250,166.849483,169.118943,85501630
2024-10-17,170.651565,173.304180,167.910529,167.998950,78357477
2024-10-18,167.998968,174.799212,164.014684,171.294240,149466236
2024-10-21,171.953295,172.162994,168.298538,170.455444,87531258
2024-10-22,170.155874,174.349856,169.496819,170.934756,84601119
2024-10-23,171.354154,177.645129,170.455444,174.679384,119192651
2024-10-24,173.451146,175.188653,172.642306,174.050286,51273005
2024-10-25,173.780673,175.188653,172.432607,172.852005,53944541
2024-10-28,173.091662,173.930458,170.994670,172.252865,57880987
2024-10-29,172.252865,175.128739,172.073123,172.642306,62010028
2024-10-30,172.222908,173.481103,166.800687,167.669441,90747926
2024-10-31,167.639484,170.155874,165.961891,167.519656,75763009
2024-11-01,168.208667,170.755014,167.759312,168.208667,65013925
2024-11-04,168.268581,170.665143,167.549613,170.665143,53073970
2024-11-05,170.215788,176.386934,168.598109,175.997492,120114422
2024-11-06,176.416891,176.896203,170.605229,172.222908,126251828
2024-11-07,170.755014,182.737822,170.455444,182.258510,186426320
2024-11-08,183.336962,184.205716,176.776375,177.105902,132299025
2024-11-11,174.140157,175.308481,172.312779,174.948997,91716007
2024-11-12,174.948997,176.656547,170.395530,170.784971,96289275
2024-11-13,169.856303,172.252865,169.616647,171.324197,61824493
2024-11-14,171.324197,174.020329,170.455444,170.755014,66323183
2024-11-15,170.455444,172.192951,167.160172,167.160172,78059714
2024-11-18,168.058882,171.234326,165.901977,167.040344,68429646
2024-11-19,167.759312,168.118796,165.063180,166.590988,52819300
2024-11-20,166.620945,167.160172,165.362750,166.141633,46997145
2024-11-21,166.231504,166.770730,165.123094,166.231504,41024489
2024-11-22,166.171590,166.171590,158.772206,158.862077,100680813
2024-11-25,158.772206,159.521131,156.195902,157.484054,70269826
2024-11-26,157.274355,159.581046,156.884914,158.921991,40761823
2024-11-27,158.951948,160.569627,158.143109,160.419842,44446366
2024-11-28,160.479756,161.737951,158.262937,159.281475,42550213
2024-11-29,159.221561,163.026103,158.892034,159.521131,56357055
2024-12-02,159.371346,162.456919,159.311432,161.797865,44960590
2024-12-03,161.318553,163.595286,160.419842,163.056060,47005763
2024-12-04,162.307134,162.786447,160.899154,161.558209,38188736
2024-12-05,160.839240,161.917693,160.240100,160.809283,29588882
2024-12-06,161.138811,166.830644,161.108854,165.123094,78983681
2024-12-09,164.613825,165.662321,163.115974,164.254341,51046345
2024-12-10,170.455444,171.294240,166.261461,166.620945,100098350
2024-12-11,166.590988,167.549613,164.404126,164.464040,50478424
2024-12-12,164.643782,167.309957,163.864899,166.501117,52633585
2024-12-13,165.362750,165.392707,160.809283,160.989025,88709588
2024-12-16,160.899154,161.737951,158.562507,159.131690,65859184
2024-12-17,158.472636,160.180186,157.993323,158.802163,53769372
2024-12-18,159.760788,160.809283,158.412722,158.592464,50446143
2024-12-19,157.573925,158.592464,156.825000,158.442679,40549628
2024-12-20,158.442679,159.461217,157.334269,157.633839,46196543
2024-12-23,157.633839,160.210143,157.633839,159.071776,55550547
2024-12-24,159.011862,161.258639,158.772206,161.108854,49560916
2024-12-25,161.198725,162.696576,160.479756,161.468338,41739896
2024-12-26,161.438381,161.588166,159.850659,160.120272,37922170
2024-12-27,160.120272,161.018982,157.903452,159.581046,53775719
2024-12-30,159.431260,161.468338,159.401303,161.468338,53343783
2024-12-31,161.138811,161.827822,157.723710,157.723710,67711790
2025-01-02,157.873495,157.963366,150.953424,151.912048,94857917
2025-01-03,152.780802,153.050415,150.024756,150.683811,55135185
2025-01-06,151.432736,151.642435,149.275831,150.803639,41348951
2025-01-07,150.354283,150.863553,149.215917,150.294369,39278717
2025-01-08,150.324326,151.522607,148.437034,150.683811,51038304
2025-01-09,150.563983,151.013338,149.185960,149.215917,40082112
2025-01-10,149.245874,150.024756,146.489828,146.639613,52270371
2025-01-13,145.231633,146.190258,144.093266,145.561160,51139315
2025-01-14,145.561160,148.526905,145.291547,147.867851,61577440
2025-01-15,147.538323,148.766561,146.519785,147.118925,45802852
2025-01-16,147.688109,149.036174,146.579699,147.538323,41576107
2025-01-17,147.088968,148.496948,146.100387,147.927765,46074666
2025-01-20,148.946303,150.683811,148.766561,149.215917,49173607
2025-01-21,150.384240,150.953424,148.766561,149.485530,40995081
2025-01-22,148.946303,149.545444,146.340043,146.639613,53078046
2025-01-23,149.245874,154.128868,149.126046,150.893510,96910455
2025-01-24,150.324326,153.889212,150.084670,152.361404,61677886
2025-01-27,152.870673,154.638137,152.211619,152.331447,52454748
2025-02-05,152.720888,152.780802,148.796518,148.946303,58307230
2025-02-06,148.976260,151.282951,148.826475,150.534026,41503724
2025-02-07,150.324326,154.098911,149.305788,152.421318,72581202
2025-02-10,152.451275,153.859255,152.181662,152.481232,43181484
2025-02-11,153.379942,153.499770,150.893510,151.342865,38184400
2025-02-12,151.342865,153.140286,150.324326,153.020458,44699378
2025-02-13,152.541146,155.117450,152.211619,152.840716,59036332
2025-02-14,152.750845,155.357106,152.181662,154.877793,59977161
2025-02-17,155.267235,156.914871,154.009040,155.297192,62571044
2025-02-18,154.787922,156.315730,153.379942,153.709470,65008234
2025-02-19,153.349985,155.267235,152.840716,154.128868,46442576
2025-02-20,153.469813,153.709470,151.762263,152.121748,51538478
2025-02-21,152.750845,154.278653,151.163123,153.379942,66876093
2025-02-24,153.379942,157.214441,152.930587,155.776504,83582274
2025-02-25,154.278653,156.076074,152.331447,152.720888,64242944
2025-02-26,153.080372,155.117450,152.870673,154.638137,53657805
2025-02-27,155.117450,155.177364,153.140286,154.638137,54724008
2025-02-28,153.979083,154.728008,150.923467,150.923467,80526753
2025-03-03,151.432736,152.241576,149.964842,150.773682,42316083
2025-03-04,150.024756,150.653854,149.785100,150.024756,37243163
2025-03-05,150.324326,151.432736,149.815057,150.923467,45507176
2025-03-06,152.091791,155.566805,151.372822,154.698051,104582101
2025-03-07,154.578223,155.297192,153.739427,154.278653,48147872
2025-03-10,154.308610,154.757965,152.121748,153.529728,61128342
2025-03-11,151.912048,154.278653,151.582521,154.278653,52914740
2025-03-12,154.278653,154.578223,152.810759,153.230157,47057801
2025-03-13,153.230157,154.428438,152.571103,153.200200,41144830
2025-03-14,153.769384,161.438381,153.409899,160.180186,150244865
2025-03-17,160.180186,160.629541,159.071776,159.910573,60517176
2025-03-18,160.869197,162.337091,160.689455,161.048940,58774002
2025-03-19,160.809283,162.666619,160.479756,161.977607,50987421
2025-03-20,161.917693,161.947650,156.465515,157.244398,114072346
2025-03-21,156.974785,157.753667,154.817879,155.027579,79571468
2025-03-24,155.237278,156.615301,155.237278,156.165945,50865690
2025-03-25,156.225859,156.405601,155.237278,155.656676,34440224
2025-03-26,155.716590,156.046117,154.937707,154.937707,40399461
2025-03-27,154.907750,157.124570,154.368524,155.956246,43216872
2025-03-28,156.375644,156.884914,155.327149,155.656676,35366353
2025-03-31,155.476934,156.525430,153.949126,154.668094,46838971
2025-04-01,154.578223,155.357106,154.009040,154.638137,39432057
2025-04-02,154.518309,155.656676,154.368524,155.357106,28327427
2025-04-03,153.949126,155.776504,153.919169,154.218739,37334782
2025-04-07,147.688109,149.096089,140.797994,145.471289,172755841
2025-04-08,145.441332,147.568281,144.093266,147.568281,111752977
2025-04-09,146.190258,147.538323,144.872149,146.579699,73790650
2025-04-10,147.867851,149.185960,147.418495,148.227335,65791545
2025-04-11,148.227335,148.407077,146.729484,147.837894,45012106
2025-04-14,148.586819,149.335745,148.107507,148.227335,38748414
2025-04-15,148.227335,149.695229,147.568281,149.275831,40776211
2025-04-16,148.946303,150.294369,147.987679,149.425616,46792350
2025-04-17,148.856432,150.623897,148.526905,150.264412,37704289
2025-04-18,149.934885,151.762263,149.635315,151.103209,33881100
2025-04-21,150.983381,151.612478,150.384240,150.623897,26378406
2025-04-22,150.384240,152.151705,150.144584,151.492650,35509783
2025-04-23,152.061834,152.631017,151.163123,151.882091,29877321
2025-04-24,151.882091,154.218739,151.882091,153.439856,42383943
2025-04-25,153.499770,154.548266,153.439856,153.769384,36849939
2025-04-28,151.043295,153.799341,149.874971,153.409899,51866550
2025-04-29,153.290071,154.698051,152.361404,152.780802,33754005
2025-04-30,153.080372,154.428438,151.822177,151.912048,37794426
2025-05-06,152.780802,153.230157,151.432736,152.181662,39151245
2025-05-07,154.038997,154.668094,152.870673,153.320028,42063972
2025-05-08,152.810759,156.825000,152.481232,155.656676,67134993
2025-05-09,155.506891,156.255816,155.027579,155.027579,29070923
2025-05-12,156.465515,158.023280,155.776504,157.573925,57737170
2025-05-13,158.143109,158.143109,156.525430,157.154527,40392012
2025-05-14,157.124570,165.302836,156.795043,163.834942,157722961
2025-05-15,162.936232,164.164470,162.067478,162.516833,56930342
2025-05-16,161.917693,163.086017,159.910573,159.940530,46612951
2025-05-19,159.640960,160.959068,159.371346,159.670917,32426624
2025-05-20,160.120272,162.307134,159.970487,160.809283,35266900
2025-05-21,160.869197,162.966189,160.869197,161.318553,33306582
2025-05-22,161.048940,161.737951,160.359928,161.288596,24065765
2025-05-23,161.198725,163.145931,159.281475,159.461217,43049136
2025-05-26,159.251518,162.217263,158.772206,159.970487,38812968
2025-05-27,159.970487,161.348510,159.670917,159.970487,25572531
2025-05-28,159.970487,160.839240,159.131690,159.640960,26169794
2025-05-29,159.670917,161.258639,159.041819,160.329971,34868262
2025-05-30,159.880616,160.839240,158.322851,159.611003,41723855
2025-06-03,159.401303,162.097435,158.772206,161.318553,45373821
2025-06-04,160.599584,162.217263,160.599584,161.048940,43089681
2025-06-05,161.078897,162.307134,160.749369,161.737951,41909990
2025-06-06,161.767908,162.127392,159.820702,160.000444,40855330
2025-06-09,160.419842,161.588166,160.270057,160.929111,39788727
2025-06-10,160.899154,162.067478,159.700874,160.060358,46707945
2025-06-11,159.970487,163.715114,159.970487,163.145931,68183015
2025-06-12,162.666619,165.752192,161.857779,164.194427,58999906
2025-06-13,164.254341,164.464040,162.606705,163.205845,48022896
2025-06-16,162.756490,163.505415,161.947650,162.726533,49677075
2025-06-17,162.666619,163.295716,161.588166,162.456919,50628878
2025-06-18,162.307134,162.606705,159.670917,161.198725,46936380
2025-06-19,160.839240,161.168768,159.131690,159.371346,40188078
2025-06-20,159.341389,164.344212,159.341389,163.984727,84743047
2025-06-23,163.265759,165.512536,162.546791,165.063180,61470513
2025-06-24,165.392707,170.665143,165.362750,170.125917,104079789
2025-06-25,170.155874,173.750716,169.496819,173.391232,104613132
2025-06-26,173.121619,173.990372,172.162994,172.492521,50073981
2025-06-27,172.492521,174.140157,169.586690,170.635186,66763167
2025-06-30,171.066651,172.453678,169.926207,171.005005,56478195
2025-07-01,171.559816,172.268741,170.450195,171.683107,35274636
2025-07-02,171.683107,172.638615,170.604309,172.022158,39562902
2025-07-03,172.299564,173.224248,171.559816,171.991336,32510060
2025-07-04,171.683107,176.892164,170.850891,174.364693,65454405
2025-07-07,174.426338,175.073618,172.792729,173.933173,32176278
2025-07-08,173.840705,175.011972,172.946843,173.994819,34345972
2025-07-09,173.994819,175.011972,172.237918,172.299564,39546279
2025-07-10,172.299564,177.477798,172.022158,176.090771,82888153
2025-07-11,175.690074,181.916284,175.566783,177.878494,107642894
2025-07-14,177.816849,179.512104,177.446975,177.446975,44905762
2025-07-15,178.001786,178.649065,175.628428,175.998302,44172553
2025-07-16,176.214062,176.429822,173.255071,175.166086,48182460
2025-07-17,174.765389,175.875011,174.703744,175.104440,27712343
2025-07-18,175.535960,177.077101,175.258555,175.905834,43623995
2025-07-21,176.152416,178.001786,175.381846,176.275708,46673343
2025-07-22,176.275708,176.306530,172.916020,174.765389,69520325
2025-07-23,175.196909,179.943623,175.104440,178.772356,86940674
2025-07-24,178.679888,181.854638,177.878494,180.745016,70773738
2025-07-25,179.697041,180.467611,178.217545,179.018939,50833457
2025-07-28,179.388812,185.553376,179.388812,185.214325,122121733
2025-07-29,185.121857,185.799959,182.995082,183.364956,56609200
2025-07-30,183.334133,189.036355,182.933437,187.125340,92199271
2025-07-31,186.200656,186.478061,179.943623,180.899131,82760070
2025-08-01,180.868308,182.039575,179.018939,179.388812,48878624
2025-08-04,179.080584,179.820332,178.310014,179.419635,36007832
2025-08-05,179.697041,183.118374,179.388812,182.286157,48295614
2025-08-06,182.286157,183.827298,181.299827,182.039575,32446873
2025-08-07,182.193689,183.272488,180.405965,181.484764,32797153
2025-08-08,181.484764,181.546410,179.450458,180.436788,39793332
2025-08-11,181.145713,182.286157,180.221029,180.221029,43186911
2025-08-12,180.221029,182.070398,180.221029,181.084068,42698545
2025-08-13,181.608055,183.087551,180.190206,180.652548,72845320
2025-08-14,181.238182,186.786289,181.145713,183.765653,102276751
2025-08-15,183.704007,186.323947,181.854638,184.320464,89296811
2025-08-18,184.690337,186.015719,182.902614,182.902614,95726282
2025-08-19,184.227995,185.491731,179.018939,179.388812,95480996
2025-08-20,179.049761,182.471094,177.816849,182.471094,76272484
2025-08-21,182.471094,184.813629,181.577233,183.765653,57460093
2025-08-22,183.426602,186.508884,183.210842,186.478061,78097427
2025-08-25,186.786289,188.173316,185.275971,188.019202,67011268
2025-08-26,187.710974,188.019202,186.323947,186.539707,49198628
2025-08-27,186.108187,186.323947,180.899131,180.899131,106455786
2025-08-28,181.084068,182.224512,179.727863,181.361473,63610466
2025-08-29,181.700524,188.327430,181.669701,184.567046,108030923
2025-09-01,184.289641,184.289641,179.789509,180.344320,94852489
2025-09-02,180.313497,181.238182,179.450458,180.806662,64903633
2025-09-03,181.669701,182.162866,176.799696,178.094254,71474642
2025-09-04,178.063431,178.679888,175.875011,177.231215,72743607
2025-09-05,177.231215,178.957293,175.782542,178.464128,55818427
2025-09-08,178.032608,178.895647,176.676404,177.847671,48773339
2025-09-09,178.032608,179.666218,177.385329,178.772356,51891144
2025-09-10,178.063431,179.265521,177.601089,178.371659,30846974
2025-09-11,178.464128,180.899131,177.539443,180.899131,59507207
2025-09-12,181.792992,182.471094,177.231215,177.786026,73537627
2025-09-15,177.693557,178.741533,175.967479,176.707227,54684242
2025-09-16,176.768873,177.077101,174.148933,174.518807,68571361
2025-09-17,174.642098,175.597606,173.994819,174.364693,68465187
2025-09-18,174.580452,174.672921,169.864561,170.388549,101207356
2025-09-19,170.419372,172.607792,169.525510,169.833738,54332111
2025-09-22,170.665954,171.528993,169.525510,169.987852,37443768
2025-09-23,169.617978,171.960513,168.724117,169.587156,61296096
2025-09-24,170.419372,171.837221,169.371396,170.419372,50317433
2025-09-25,170.388549,170.727600,169.617978,169.802915,51429616
2025-09-26,169.587156,171.220765,168.477534,170.203612,54862187
2025-09-29,170.080321,176.676404,169.617978,172.638615,103510992
2025-09-30,171.991336,173.224248,169.525510,169.864561,76708187
2025-10-09,169.648801,170.388549,167.213798,169.648801,82406748
2025-10-10,168.693294,172.515324,168.693294,171.189942,64146532
2025-10-13,168.015192,170.542663,168.015192,169.833738,60965598
2025-10-14,171.313234,174.703744,171.128297,174.087287,102294025
2025-10-15,174.087287,178.679888,173.532477,178.186722,83704628
2025-10-16,177.786026,180.560080,177.570266,178.834002,68147820
2025-10-17,178.772356,180.251851,176.214062,176.553113,67749281
2025-10-20,179.789509,180.529257,177.077101,178.464128,52669469
2025-10-21,178.556596,181.608055,178.556596,179.018939,76220049
2025-10-22,178.772356,180.313497,178.556596,179.419635,37989266
2025-10-23,179.450458,181.453941,179.049761,181.084068,50350104
2025-10-24,182.149306,183.245836,180.927458,181.334741,55824170
2025-10-27,181.710694,182.932542,180.144223,180.927458,68500438
2025-10-28,181.052776,182.431271,180.520176,180.958788,49130508
2025-10-29,183.590460,187.036697,183.245836,184.686990,104443161
2025-10-30,185.783520,188.289874,183.527801,183.747107,74571283
2025-10-31,184.812308,184.812308,181.084105,181.178094,57254154
2025-11-03,182.556589,183.903754,181.272082,182.681906,41143033
2025-11-04,182.807224,185.250920,182.337283,184.655660,51812600
2025-11-05,182.963871,184.342366,181.460059,182.713236,40215785
2025-11-06,182.807224,185.720861,182.775895,184.530343,54734599
2025-11-07,184.154390,185.313578,183.778436,184.499013,37191041
2025-11-10,184.373696,186.096814,183.089189,185.783520,52948721
2025-11-11,185.783520,186.410109,184.248378,185.470226,36250376
2025-11-12,185.783520,190.451605,185.783520,188.070568,149024584
2025-11-13,188.885133,192.300041,188.885133,190.733570,89018699
2025-11-14,190.639582,195.088361,190.012993,190.012993,75274101
2025-11-17,190.138311,191.109523,186.284791,187.443980,56019716
2025-11-18,186.942709,188.446521,186.347450,186.786062,44571218
2025-11-19,187.349991,191.485476,187.068027,189.135769,70586509
2025-11-20,189.856346,191.579464,188.070568,188.603169,39449064
2025-11-21,187.976580,188.289874,184.467684,184.561672,68557969
2025-11-24,185.344908,185.470226,182.807224,182.963871,53470919
2025-11-25,183.841095,187.412650,182.431271,186.316120,48777097
2025-11-26,186.911379,188.665827,185.846179,187.287333,43469273
2025-11-27,186.410109,187.130685,183.903754,185.908838,50570087
2025-11-28,185.501555,185.752190,183.308495,184.812308,43355814
2025-12-01,184.561672,185.407567,182.995201,183.684448,44580406
2025-12-02,184.217048,186.096814,183.120518,184.217048,37383734
2025-12-03,184.060401,184.906296,182.180635,182.807224,33549447
2025-12-04,182.807224,183.433813,182.368612,183.433813,21766366
2025-12-05,183.747107,194.869055,183.433813,194.211137,137794827
2025-12-08,194.367784,199.881763,194.242466,198.628586,102997868
2025-12-09,198.628586,199.537140,195.558302,195.652290,48373102
2025-12-10,196.310208,197.563386,194.649749,195.965585,44882218
2025-12-11,196.748820,198.503268,194.775066,195.902926,47796340
2025-12-12,195.996914,200.790317,195.526973,200.226387,109176025
2025-12-15,199.505810,211.285676,199.004539,210.157816,154664260
2025-12-16,208.998628,213.384748,207.275509,209.907181,105682134
2025-12-17,210.063828,215.013878,208.810651,213.196771,96211778
2025-12-18,212.664171,214.857231,211.755617,214.606595,56360590
2025-12-19,213.510065,215.483820,211.786947,215.389831,63847643
2025-12-22,215.233184,217.018962,213.666713,214.731913,55694201
2025-12-23,214.794572,220.057916,214.136654,217.708209,76571991
2025-12-24,216.705667,217.363585,214.136654,216.267055,51131950
2025-12-25,216.173067,225.509237,216.110408,221.812364,77789813
2025-12-26,220.684505,225.446578,220.653175,222.940224,65701677
2025-12-29,222.438953,224.506695,218.648092,218.930057,65566518
2025-12-30,218.522774,220.026587,214.261972,215.546478,104667372
2025-12-31,215.483820,216.893644,213.510065,214.293301,45806869
2026-01-05,216.799656,228.704839,216.799656,226.699755,122883100
2026-01-06,226.825073,234.594772,226.825073,232.840324,146851648
2026-01-07,231.493158,234.030842,229.613392,230.114663,91969506
2026-01-08,229.864028,229.958016,218.240809,220.496528,168539173
2026-01-09,221.185776,223.316177,213.792030,216.173067,206334825
2026-01-12,215.859773,216.173067,210.596428,211.630300,185166118
2026-01-13,212.413535,219.243351,212.350877,213.666713,150215050
2026-01-14,214.136654,215.953761,209.343251,209.907181,143110900
2026-01-15,209.593887,214.230642,208.935969,211.191688,106661426
2026-01-16,211.786947,212.852147,206.147649,207.808109,135609994
2026-01-19,207.651462,209.750534,206.492273,207.714121,83868106
2026-01-20,207.870768,212.319547,207.118862,208.654004,98849999
2026-01-21,208.779322,210.471111,205.677708,206.304297,93540213
2026-01-22,207.181521,208.591345,202.137482,203.014706,114392226
2026-01-23,204.267884,205.145108,199.443151,200.195058,140769883
2026-01-26,200.508352,207.557474,199.787775,200.946964,201384596
2026-01-27,201.479564,207.870768,201.354247,204.612507,150884105
2026-01-28,206.366955,206.930885,201.855517,202.858059,199285418
2026-01-29,203.735283,213.134112,202.168812,213.040124,275571332
2026-01-30,213.071453,215.201855,207.996086,209.123945,160322836
2026-02-02,207.870768,214.073995,205.928343,206.836897,135454854
2026-02-03,209.593887,211.160358,205.583720,208.591345,103322505
2026-02-04,208.184062,211.317005,207.494815,211.160358,87740307
2026-02-05,210.439781,213.008795,207.275509,211.003711,90819121
2026-02-06,209.531228,211.818276,208.090074,209.593887,74927488
2026-02-09,211.317005,216.486361,210.251805,215.233184,102123690
2026-02-10,215.264514,215.546478,212.413535,213.635383,54873478
2026-02-11,213.823360,215.170525,210.095158,211.473652,61803197
2026-02-12,211.786947,212.037582,207.870768,208.466027,64637155
2026-02-13,207.244179,207.870768,203.829272,204.549848,84077184
2026-02-24,206.053661,207.557474,201.667541,202.074824,80005314
2026-02-25,202.701412,205.959673,202.701412,203.797942,68355572
2026-02-26,205.207766,205.301755,198.283962,198.941880,103614642
2026-02-27,199.255175,199.693787,197.563386,197.657374,63301213
2026-03-02,195.526973,197.720033,193.302583,195.338996,101086184
2026-03-03,195.652290,199.631128,194.023160,196.028244,109553470
2026-03-04,194.869055,195.996914,190.012993,193.584548,100813361
2026-03-05,194.273795,196.498185,193.615877,194.493101,54636541
2026-03-06,193.584548,198.471939,193.177265,196.341538,57463292
2026-03-09,192.488018,192.738653,188.007909,192.362700,93036823
2026-03-10,193.803854,195.432984,193.365242,194.524431,46218362
2026-03-11,194.524431,197.093444,193.615877,195.965585,51727048
2026-03-12,194.712407,195.589631,191.798770,192.989289,66854186
2026-03-13,192.268712,193.835183,191.360158,191.736112,45804107
2026-03-16,191.736112,192.237382,188.289874,189.480393,81859571
2026-03-17,189.825016,196.748820,189.793687,193.741195,90184988
2026-03-18,193.835183,195.245008,192.675995,193.897842,49047083
2026-03-19,191.736112,192.018076,189.229757,189.919005,68472203
2026-03-20,190.482934,190.796229,187.036697,187.162015,62076703
2026-03-23,184.530343,184.843637,179.329657,180.050234,125382261
2026-03-24,181.710694,182.775895,180.144223,182.086647,68186982
2026-03-25,183.277165,185.971496,183.026530,184.185719,56238854
2026-03-26,184.154390,184.154390,177.105268,177.951162,101189634
2026-03-27,178.139139,179.799599,176.760644,178.421104,83437858
2026-03-30,176.510009,177.167927,174.943537,176.478679,73754441
2026-03-31,176.353361,180.739482,176.102726,177.888504,76411377
2026-04-01,180.394858,182.619247,180.269540,182.274624,68403496
2026-04-02,181.710694,181.710694,179.079022,179.392316,45979403
2026-04-03,180.394858,180.990117,179.329657,179.360987,34367765
2026-04-07,179.517634,180.300870,176.729315,177.606539,50385836
2026-04-08,181.710694,186.880050,181.710694,186.253461,112152704
2026-04-09,184.843637,184.843637,182.650577,184.029072,57020126
2026-04-10,184.843637,187.475309,184.154390,184.279707,63791249
2026-04-13,182.337283,182.368612,180.488846,180.927458,68454399
2026-04-14,182.431271,185.470226,182.117977,184.749649,67514220
2026-04-15,186.096814,187.099356,183.621789,183.903754,51371265
2026-04-16,183.935084,184.937625,182.493930,183.339824,54436786
2026-04-17,182.963871,182.963871,180.488846,181.460059,61232384
2026-04-20,181.303411,183.809766,180.896129,183.402483,63343688
2026-04-21,183.402483,185.188261,181.804682,181.804682,54402036
2026-04-22,181.804682,183.590460,180.614164,181.804682,57957025
2026-04-23,181.648035,183.527801,180.238211,181.334741,66117405
2026-04-24,180.802141,181.616706,178.765728,181.021447,55400204
2026-04-27,181.084105,183.433813,180.018905,180.300870,64067076
2026-04-28,180.050234,182.055318,179.204340,180.551505,62460231
2026-04-29,180.520176,186.692073,180.426187,186.190802,160931457
2026-04-30,185.219590,189.856346,185.219590,186.002826,106301044
2026-05-06,186.034155,187.475309,185.000284,185.971496,90508315
2026-05-07,186.723403,191.454147,186.723403,188.101898,131374821
2026-05-08,187.663286,188.791145,187.162015,188.164557,73204919
2026-05-11,187.287333,189.699699,185.658202,188.289874,96199074
2026-05-12,188.289874,189.543051,185.626873,186.096814,69000725
2026-05-13,185.846179,186.786062,180.551505,181.836012,103434508
2026-05-14,182.525259,183.339824,178.107810,178.264457,90718667
2026-05-15,178.515092,179.016363,173.220418,173.878336,118190376
2026-05-18,173.565042,173.753019,170.432099,171.967241,81041545
2026-05-19,172.343194,172.969783,169.554875,170.682735,83912239
2026-05-20,170.432099,170.432099,168.646322,169.523546,74388923
2026-05-21,170.588746,173.345736,168.176380,168.427016,103593084
2026-05-22,169.523546,169.805511,167.518462,168.176380,66969933
2026-05-25,168.646322,172.249206,167.863086,169.868169,86797664
2026-05-26,169.648863,172.625159,168.834298,170.024817,91000989
2026-05-27,170.056146,170.087475,166.233956,166.891874,86201148
2026-05-28,166.860544,167.299156,163.382977,164.385519,87560016
2026-05-29,164.761472,168.176380,164.510837,167.612450,100011258
2026-06-01,167.581121,169.492216,166.515920,168.708981,77530660
2026-06-02,168.740310,170.902041,167.988404,169.429557,78494104
2026-06-03,169.366899,169.805511,167.612450,168.239039,62506613
2026-06-04,167.957074,169.429557,166.171297,166.766556,57622588
2026-06-05,166.985862,170.996029,166.797885,167.549792,93716510
2026-06-08,166.233956,169.053604,165.732685,167.236497,72054031
2026-06-09,166.609909,169.335569,166.515920,168.959616,71003001
2026-06-10,169.186284,173.169042,168.700581,172.327158,90323526
2026-06-11,172.327158,174.755670,169.510085,170.449110,64764147
2026-06-12,169.866267,175.629934,168.732962,174.885190,110295254
2026-06-15,175.824215,181.199319,174.205207,175.597553,101057655
2026-06-16,174.820430,175.144231,170.805291,171.582415,81250790
2026-06-17,172.391919,172.715720,169.995788,170.837671,65390576
2026-06-18,170.287209,170.449110,159.860801,159.893181,217832108
2026-06-22,159.925561,169.315804,157.561810,168.312020,172497232
2026-06-23,166.628252,169.769126,162.256932,163.195956,122011590
2026-06-24,164.134980,164.750203,158.759875,159.051297,109415765
2026-06-25,157.853231,163.390237,157.238008,159.634140,121452277
2026-06-26,159.601759,160.249362,152.834308,152.931448,142644108
2026-06-29,153.158109,158.241793,151.862903,157.367529,108960939
2026-06-30,156.396125,158.468454,153.320010,154.582836,94981273
2026-07-01,154.129514,162.192171,152.801928,160.378883,138621666
2026-07-02,159.796040,162.548353,158.015132,158.403694,92012954
2026-07-03,160.281743,161.188387,156.428505,158.954156,80333122
2026-07-06,158.824636,162.548353,158.047512,162.224551,94495634
2026-07-07,161.674089,162.613113,159.213198,159.601759,69767509
2026-07-08,159.828420,161.253147,158.533214,160.411263,54099529
2026-07-09,159.504619,160.637924,158.371314,160.249362,66236870
2026-07-10,160.184602,161.803610,158.565595,160.216982,76494557
2026-07-13,159.828420,161.026486,159.018917,160.378883,71652351
2026-07-14,160.281743,161.123626,157.043727,160.605544,97987332
2026-07-15,160.540784,165.786368,160.119842,164.976864,128669396
2026-07-16,164.167361,166.077789,162.677874,164.070220,81279871
2026-07-17,164.037840,166.595872,163.778799,164.167361,107232650
2026-07-20,164.232121,172.489059,164.199741,172.359538,175445104
2026-07-21,173.816645,176.957520,170.028168,171.258613,159979523
2026-07-22,169.801507,174.788050,168.409160,174.690909,107427296
2026-07-23,174.205207,176.763239,173.071902,175.824215,73954738
2026-07-24,176.730859,176.795619,173.557604,174.917570,85262157
2026-07-27,175.727074,175.727074,171.711935,172.942381,65142408
2026-07-28,173.557604,175.500413,171.938596,175.500413,66081991
2026-07-29,176.374677,177.119420,173.913786,175.824215,87111948
2026-07-30,175.047091,180.681237,175.047091,180.681237,105845797
2026-07-31,177.799404,178.187965,175.500413,177.767023,105512965
2026-08-03,177.443222,179.968874,177.119420,179.871733,75469368
2026-08-04,179.224130,179.353651,174.464248,174.626149,91589525
2026-08-05,174.658529,175.629934,172.100497,174.917570,73396545
2026-08-06,174.852810,175.532793,172.132877,173.233802,66167463
2026-08-07,173.201422,173.816645,172.165258,172.845241,49863810
2026-08-10,172.521439,173.751885,172.262398,172.650960,59532320
2026-08-11,172.586199,173.039522,169.995788,170.157688,64689522
