date,open,high,low,close,volume
2018-01-02,8.247553,8.247553,8.247553,8.247553,0
2018-01-03,8.247553,8.247553,8.247553,8.247553,0
2018-01-04,8.247553,8.247553,8.247553,8.247553,0
2018-01-05,8.247553,8.247553,8.247553,8.247553,0
2018-01-08,8.247553,8.247553,8.247553,8.247553,0
2018-01-09,8.247553,8.247553,8.247553,8.247553,0
2018-01-10,8.247553,8.247553,8.247553,8.247553,0
2018-01-11,8.247553,8.247553,8.247553,8.247553,0
2018-01-12,8.247553,8.247553,8.247553,8.247553,0
2018-01-15,8.247553,8.247553,8.247553,8.247553,0
2018-01-16,8.247553,8.247553,8.247553,8.247553,0
2018-01-17,8.247553,8.247553,8.247553,8.247553,0
2018-01-18,8.247553,8.247553,8.247553,8.247553,0
2018-01-19,8.247553,8.247553,8.247553,8.247553,0
2018-01-22,8.247553,8.247553,8.247553,8.247553,0
2018-01-23,8.247553,8.247553,8.247553,8.247553,0
2018-01-24,8.247553,8.247553,8.247553,8.247553,0
2018-01-25,8.247553,8.247553,8.247553,8.247553,0
2018-01-26,8.247553,8.247553,8.247553,8.247553,0
2018-01-29,8.247553,8.247553,8.247553,8.247553,0
2018-01-30,8.247553,8.247553,8.247553,8.247553,0
2018-01-31,8.247553,8.247553,8.247553,8.247553,0
2018-02-01,8.247553,8.247553,8.247553,8.247553,0
2018-02-02,8.247553,8.247553,8.247553,8.247553,0
2018-02-05,8.247553,8.247553,8.247553,8.247553,0
2018-02-06,8.247553,8.247553,8.247553,8.247553,0
2018-02-07,8.247553,8.247553,8.247553,8.247553,0
2018-02-08,8.247553,8.247553,8.247553,8.247553,0
2018-02-09,8.247553,8.247553,8.247553,8.247553,0
2018-02-12,8.247553,8.247553,8.247553,8.247553,0
2018-02-13,8.247553,8.247553,8.247553,8.247553,0
2018-02-14,8.247553,8.247553,8.247553,8.247553,0
2018-02-22,8.247553,8.247553,8.247553,8.247553,0
2018-02-23,8.247553,8.247553,8.247553,8.247553,0
2018-02-26,7.421778,7.421778,7.421778,7.421778,14609400
2018-02-27,6.677561,6.677561,6.677561,6.677561,12186800
2018-02-28,6.014902,6.014902,6.014902,6.014902,60526400
2018-03-01,5.556139,5.749839,5.423607,5.556139,1148956800
2018-03-02,5.382828,5.535749,5.352244,5.443996,423957264
2018-03-05,5.413412,5.484775,5.250296,5.280881,422689600
2018-03-06,5.301270,5.658086,5.209517,5.627502,712403728
2018-03-07,5.505165,5.545944,5.393023,5.423607,419578000
2018-03-08,5.372633,5.464386,5.352244,5.393023,243098494
2018-03-09,5.352244,5.413412,5.321659,5.382828,270133584
2018-03-12,5.403218,5.484775,5.342049,5.464386,374210912
2018-03-13,5.413412,5.433802,5.372633,5.382828,247260493
2018-03-14,5.382828,5.596918,5.372633,5.494970,445712304
2018-03-15,5.454191,5.494970,5.372633,5.433802,229943304
2018-03-16,5.403218,5.413412,5.311465,5.331854,221497636
2018-03-19,5.301270,5.342049,5.229907,5.280881,209099972
2018-03-20,5.229907,5.260491,5.158544,5.199323,239716168
2018-03-21,5.199323,5.250296,5.117764,5.209517,217204229
2018-03-22,5.199323,5.229907,5.168738,5.229907,157523684
2018-03-23,5.046401,5.066791,4.740559,5.046401,466911280
2018-03-26,4.924064,4.964843,4.842506,4.903675,193894830
2018-03-27,4.964843,4.985233,4.903675,4.934259,184851492
2018-03-28,4.862896,4.913869,4.771143,4.801727,203834190
2018-03-29,4.801727,4.924064,4.760948,4.893480,223346067
2018-03-30,4.852701,4.883285,4.811922,4.822117,183587993
2018-04-02,4.822117,4.883285,4.760948,4.771143,191351885
2018-04-03,4.689585,4.699780,4.597832,4.618222,209916480
2018-04-04,4.628417,4.659001,4.506080,4.516274,184537314
2018-04-09,4.516274,4.638611,4.506080,4.597832,176876367
2018-04-10,4.699780,4.811922,4.659001,4.791532,304510592
2018-04-11,4.944454,4.975038,4.771143,4.811922,273641760
2018-04-12,4.760948,4.791532,4.669195,4.679390,179590515
2018-04-13,4.771143,4.801727,4.699780,4.709975,130986808
2018-04-16,4.659001,4.659001,4.557053,4.638611,170693391
2018-04-17,4.699780,4.842506,4.628417,4.709975,228319992
2018-04-18,4.771143,4.822117,4.648806,4.740559,209441805
2018-04-19,4.913869,5.219712,4.913869,5.219712,719997200
2018-04-20,5.229907,5.311465,5.097375,5.229907,484106192
2018-04-23,5.178933,5.178933,5.015817,5.117764,242029944
2018-04-24,4.781338,4.883285,4.669195,4.873090,399882352
2018-04-25,4.791532,4.822117,4.740559,4.781338,158779025
2018-04-26,4.791532,4.801727,4.669195,4.750754,174167719
2018-04-27,4.750754,4.801727,4.730364,4.781338,115681744
2018-05-02,4.760948,4.771143,4.597832,4.618222,159331984
2018-05-03,4.628417,4.709975,4.587637,4.689585,106219685
2018-05-04,4.648806,4.669195,4.608027,4.628417,92006773
2018-05-07,4.648806,4.709975,4.628417,4.679390,115238311
2018-05-08,4.679390,4.750754,4.659001,4.720169,124268475
2018-05-09,4.709975,4.709975,4.638611,4.659001,108183599
2018-05-10,4.669195,4.679390,4.638611,4.679390,82208641
2018-05-11,4.669195,4.679390,4.618222,4.648806,99884475
2018-05-14,4.648806,4.659001,4.618222,4.628417,86807125
2018-05-15,4.628417,4.638611,4.536664,4.597832,137530665
2018-05-16,4.567248,4.567248,4.506080,4.516274,89347423
2018-05-17,4.536664,4.557053,4.516274,4.536664,64195680
2018-05-18,4.526469,4.567248,4.465300,4.567248,98339223
2018-05-21,4.638611,4.669195,4.608027,4.628417,141470642
2018-05-22,4.618222,4.618222,4.567248,4.597832,85333381
2018-05-23,4.587637,4.597832,4.465300,4.485690,110580249
2018-05-24,4.485690,4.506080,4.444911,4.465300,71338186
2018-05-25,4.465300,4.485690,4.383743,4.475495,100017124
2018-05-28,4.455106,4.465300,4.393937,4.434716,64894344
2018-05-29,4.424521,4.495885,4.383743,4.465300,83834511
2018-05-30,4.322574,4.373548,4.210432,4.220626,122201720
2018-05-31,4.251211,4.291990,4.220626,4.251211,80005837
2018-06-01,4.241016,4.312379,4.220626,4.261406,74232374
2018-06-04,4.271600,4.342963,4.230821,4.302185,92690965
2018-06-05,4.291990,4.291990,4.241016,4.291990,87467703
2018-06-06,4.291990,4.342963,4.271600,4.322574,105029239
2018-06-07,4.342963,4.404132,4.322574,4.353158,129701978
2018-06-08,4.281795,4.291990,4.200237,4.220626,132185965
2018-06-11,4.210432,4.251211,4.200237,4.210432,59451918
2018-06-12,4.220626,4.230821,4.139068,4.200237,67192603
2018-06-13,4.169653,4.169653,4.098289,4.149263,95440315
2018-06-14,4.118679,4.169653,4.108484,4.149263,66497471
2018-06-15,4.128874,4.190042,4.067705,4.179848,119980120
2018-06-19,4.077900,4.159458,3.853616,3.904589,197150082
2018-06-20,3.863810,3.945368,3.792447,3.884200,108997526
2018-06-21,3.884200,4.006537,3.863810,3.874005,105155214
2018-06-22,3.843421,3.904589,3.772057,3.904589,71868537
2018-06-25,3.986147,4.016731,3.874005,3.884200,81572192
2018-06-26,3.802642,3.955563,3.792447,3.924979,75257391
2018-06-27,3.935173,3.945368,3.853616,3.884200,61725239
2018-06-28,3.853616,3.894395,3.823031,3.833226,56162436
2018-06-29,3.843421,3.914784,3.792447,3.914784,84288156
2018-07-02,3.904589,3.914784,3.741473,3.772057,91680797
2018-07-03,3.761863,3.792447,3.690500,3.782252,71066139
2018-07-04,3.761863,3.782252,3.700694,3.710889,53324136
2018-07-05,3.710889,3.731279,3.517189,3.527384,106282014
2018-07-06,3.527384,3.547773,3.394852,3.496799,108481135
2018-07-09,3.506994,3.578357,3.486604,3.568163,76661467
2018-07-10,3.578357,3.639526,3.557968,3.619136,80355093
2018-07-11,3.527384,3.557968,3.445826,3.496799,82958498
2018-07-12,3.496799,3.608941,3.476410,3.588552,78867711
2018-07-13,3.578357,3.639526,3.557968,3.619136,78372944
2018-07-16,3.598747,3.619136,3.557968,3.598747,51097918
2018-07-17,3.588552,3.588552,3.517189,3.557968,53052905
2018-07-18,3.568163,3.588552,3.527384,3.537578,46587633
2018-07-19,3.557968,3.588552,3.496799,3.527384,66038506
2018-07-20,3.517189,3.578357,3.445826,3.568163,97236565
2018-07-23,3.557968,3.792447,3.537578,3.761863,191200013
2018-07-24,3.731279,4.098289,3.731279,4.026926,314911872
2018-07-25,4.026926,4.057511,3.914784,3.955563,151793887
2018-07-26,3.955563,3.975953,3.884200,3.914784,82656039
2018-07-27,3.904589,3.965758,3.884200,3.924979,67307371
2018-07-30,3.904589,4.016731,3.894395,3.935173,72420735
2018-07-31,3.975953,4.006537,3.884200,3.945368,78819688
2018-08-01,3.935173,3.975953,3.751668,3.772057,131093648
2018-08-02,3.751668,3.761863,3.527384,3.629331,143666283
2018-08-03,3.619136,3.700694,3.608941,3.629331,78648123
2018-08-06,3.608941,3.670110,3.547773,3.568163,58878457
2018-08-07,3.578357,3.741473,3.557968,3.741473,102206290
2018-08-08,3.721084,3.792447,3.670110,3.710889,102176932
2018-08-09,3.782252,3.945368,3.782252,3.894395,176033690
2018-08-10,3.823031,3.874005,3.812836,3.853616,73292339
2018-08-13,3.823031,3.833226,3.731279,3.833226,68337878
2018-08-14,3.802642,3.874005,3.782252,3.833226,50899287
2018-08-15,3.812836,3.823031,3.721084,3.731279,59653796
2018-08-16,3.670110,3.751668,3.588552,3.710889,74701886
2018-08-17,3.772057,3.802642,3.700694,3.721084,73335271
2018-08-20,3.741473,3.843421,3.731279,3.833226,84414392
2018-08-21,3.863810,4.037121,3.853616,3.996342,169301887
2018-08-22,3.965758,3.996342,3.935173,3.986147,75071502
2018-08-23,4.006537,4.006537,3.924979,3.965758,72192647
2018-08-24,3.965758,4.098289,3.935173,4.047316,129565076
2018-08-27,4.098289,4.139068,4.047316,4.067705,107849251
2018-08-28,4.067705,4.322574,4.047316,4.241016,210479899
2018-08-29,4.241016,4.373548,4.179848,4.210432,197180682
2018-08-30,4.251211,4.281795,4.210432,4.230821,99653522
2018-08-31,4.200237,4.200237,4.067705,4.118679,110291385
2018-09-03,4.128874,4.159458,3.996342,4.139068,81071509
2018-09-04,4.108484,4.169653,4.077900,4.128874,67877914
2018-09-05,4.128874,4.149263,4.037121,4.047316,65989800
2018-09-06,4.057511,4.098289,4.006537,4.037121,54707325
2018-09-07,4.037121,4.118679,4.016731,4.077900,55892576
2018-09-10,4.057511,4.067705,3.945368,3.975953,72617171
2018-09-11,3.986147,4.016731,3.935173,3.955563,60896994
2018-09-12,3.935173,3.945368,3.884200,3.914784,48333044
2018-09-13,3.955563,4.047316,3.914784,4.047316,60783541
2018-09-14,4.037121,4.149263,4.016731,4.077900,89371807
2018-09-17,4.057511,4.098289,3.996342,4.057511,40948262
2018-09-18,4.026926,4.139068,4.016731,4.139068,66113933
2018-09-19,4.128874,4.210432,4.088095,4.179848,87115502
2018-09-20,4.179848,4.220626,4.118679,4.149263,68124858
2018-09-21,4.149263,4.241016,4.128874,4.210432,104021917
2018-09-25,4.179848,4.179848,4.139068,4.149263,55358570
2018-09-26,4.149263,4.190042,4.098289,4.118679,70248179
2018-09-27,4.118679,4.139068,4.047316,4.047316,57502982
2018-09-28,4.037121,4.118679,4.026926,4.108484,67850074
2018-10-08,4.128874,4.190042,3.945368,4.006537,148502783
2018-10-09,3.955563,4.067705,3.955563,4.047316,69221904
2018-10-10,4.047316,4.098289,4.006537,4.026926,60112923
2018-10-11,3.914784,3.914784,3.639526,3.710889,135191267
2018-10-12,3.670110,3.731279,3.547773,3.721084,81653602
2018-10-15,3.741473,3.741473,3.608941,3.608941,57190945
2018-10-16,3.588552,3.659915,3.547773,3.578357,41906643
2018-10-17,3.639526,3.659915,3.578357,3.639526,38436897
2018-10-18,3.598747,3.608941,3.476410,3.496799,58729263
2018-10-19,3.435631,3.598747,3.394852,3.568163,59658306
2018-10-22,3.598747,3.802642,3.578357,3.802642,106911313
2018-10-23,3.782252,3.802642,3.680305,3.700694,70088974
2018-10-24,3.690500,3.792447,3.680305,3.721084,50197449
2018-10-25,3.608941,3.751668,3.578357,3.741473,54364538
2018-10-26,3.772057,3.894395,3.751668,3.782252,82378960
2018-10-29,3.751668,3.823031,3.731279,3.772057,47805632
2018-10-30,3.741473,3.833226,3.700694,3.792447,53007843
2018-10-31,3.782252,3.904589,3.782252,3.874005,87047525
2018-11-01,3.863810,3.914784,3.843421,3.853616,66223010
2018-11-02,3.955563,3.975953,3.894395,3.935173,62840060
2018-11-05,3.914784,3.945368,3.853616,3.914784,48137109
2018-11-06,3.914784,3.924979,3.874005,3.924979,37643776
2018-11-07,3.924979,3.986147,3.874005,3.874005,61930225
2018-11-08,3.904589,3.924979,3.823031,3.823031,46643794
2018-11-09,3.802642,3.823031,3.710889,3.731279,57500858
2018-11-12,3.731279,3.812836,3.710889,3.812836,52412363
2018-11-13,3.751668,3.924979,3.741473,3.884200,89888895
2018-11-14,3.884200,3.924979,3.863810,3.863810,65864596
2018-11-15,3.874005,3.924979,3.843421,3.914784,58986125
2018-11-16,3.904589,3.945368,3.884200,3.904589,63803670
2018-11-19,3.904589,3.935173,3.853616,3.935173,69829611
2018-11-20,3.935173,3.935173,3.935173,3.935173,0
2018-11-21,3.823031,3.853616,3.761863,3.843421,71551368
2018-11-22,3.853616,3.924979,3.802642,3.884200,64157007
2018-11-23,3.884200,3.884200,3.700694,3.731279,64128652
2018-11-26,3.731279,3.772057,3.649720,3.680305,49089890
2018-11-27,3.700694,3.721084,3.670110,3.690500,27881578
2018-11-28,3.680305,3.731279,3.639526,3.721084,33734979
2018-11-29,3.751668,3.761863,3.670110,3.680305,31086829
2018-11-30,3.680305,3.721084,3.639526,3.710889,37741276
2018-12-03,3.792447,3.823031,3.761863,3.782252,58853828
2018-12-04,3.772057,3.802642,3.761863,3.792447,32717562
2018-12-05,3.741473,3.802642,3.731279,3.772057,45103136
2018-12-06,3.741473,3.761863,3.690500,3.690500,36965400
2018-12-07,3.690500,3.731279,3.680305,3.710889,25494801
2018-12-10,3.690500,3.690500,3.629331,3.659915,32281696
2018-12-11,3.670110,3.680305,3.649720,3.670110,23280425
2018-12-12,3.680305,3.690500,3.649720,3.659915,19917214
2018-12-13,3.670110,3.751668,3.639526,3.721084,43983622
2018-12-14,3.710889,3.721084,3.649720,3.649720,33544257
2018-12-17,3.649720,3.670110,3.608941,3.649720,27632850
2018-12-18,3.629331,3.659915,3.598747,3.619136,28972920
2018-12-19,3.619136,3.629331,3.547773,3.557968,30665367
2018-12-20,3.557968,3.588552,3.537578,3.568163,24131481
2018-12-21,3.557968,3.557968,3.527384,3.547773,22714565
2018-12-24,3.537578,3.578357,3.517189,3.547773,23873610
2018-12-25,3.506994,3.517189,3.456020,3.496799,40880922
2018-12-26,3.496799,3.517189,3.466215,3.506994,28814212
2018-12-27,3.557968,3.629331,3.506994,3.578357,61362905
2018-12-28,3.547773,3.629331,3.527384,3.619136,39448817
2019-01-02,3.598747,3.598747,3.557968,3.568163,25246903
2019-01-03,3.578357,3.619136,3.547773,3.588552,26714991
2019-01-04,3.547773,3.659915,3.537578,3.639526,41628622
2019-01-07,3.659915,3.710889,3.649720,3.690500,49944608
2019-01-08,3.680305,3.710889,3.659915,3.680305,38167573
2019-01-09,3.680305,3.721084,3.659915,3.659915,36529269
2019-01-10,3.659915,3.670110,3.629331,3.629331,30785563
2019-01-11,3.629331,3.700694,3.629331,3.670110,34248200
2019-01-14,3.670110,3.700694,3.649720,3.659915,27062912
2019-01-15,3.659915,3.710889,3.639526,3.690500,28127124
2019-01-16,3.690500,3.700694,3.659915,3.670110,25550645
2019-01-17,3.670110,3.690500,3.619136,3.629331,40483563
2019-01-18,3.639526,3.782252,3.629331,3.751668,97138532
2019-01-21,3.761863,3.802642,3.741473,3.772057,65104022
2019-01-22,3.792447,3.792447,3.721084,3.741473,34459596
2019-01-23,3.741473,3.772057,3.710889,3.751668,25867882
2019-01-24,3.751668,3.761863,3.700694,3.731279,26116405
2019-01-25,3.741473,3.761863,3.731279,3.741473,21864863
2019-01-28,3.772057,3.782252,3.700694,3.700694,25861697
2019-01-29,3.680305,3.700694,3.598747,3.629331,33909985
2019-01-30,3.629331,3.659915,3.619136,3.629331,19757695
2019-01-31,3.639526,3.700694,3.578357,3.598747,44954879
2019-02-01,3.608941,3.690500,3.608941,3.690500,29532691
2019-02-11,3.690500,3.751668,3.690500,3.751668,31041098
2019-02-12,3.792447,3.792447,3.741473,3.772057,43519594
2019-02-13,3.782252,3.955563,3.761863,3.924979,134559834
2019-02-14,3.904589,3.986147,3.894395,3.924979,85523287
2019-02-15,3.924979,3.955563,3.853616,3.863810,53403961
2019-02-18,3.874005,3.955563,3.874005,3.945368,82111428
2019-02-19,3.935173,3.986147,3.884200,3.935173,85321743
2019-02-20,3.935173,4.016731,3.894395,4.016731,109491312
2019-02-21,4.006537,4.016731,3.924979,3.945368,99316555
2019-02-22,3.935173,3.965758,3.894395,3.965758,80770926
2019-02-25,3.986147,4.230821,3.986147,4.210432,252537144
2019-02-26,4.220626,4.485690,4.149263,4.281795,286798896
2019-02-27,4.312379,4.383743,4.220626,4.291990,195960158
2019-02-28,4.291990,4.434716,4.281795,4.342963,161314326
2019-03-01,4.363353,4.373548,4.261406,4.332769,106104920
2019-03-04,4.332769,4.485690,4.322574,4.383743,200958678
2019-03-05,4.342963,4.516274,4.291990,4.475495,194903652
2019-03-06,4.526469,4.699780,4.465300,4.669195,257585665
2019-03-07,4.638611,4.985233,4.567248,4.781338,281891232
2019-03-08,4.608027,4.669195,4.322574,4.404132,248618956
2019-03-11,4.373548,4.506080,4.373548,4.495885,130943476
2019-03-12,4.506080,4.557053,4.404132,4.465300,165532518
2019-03-13,4.455106,4.485690,4.383743,4.383743,120128847
2019-03-14,4.363353,4.475495,4.271600,4.322574,115674098
2019-03-15,4.332769,4.404132,4.302185,4.373548,99099535
2019-03-18,4.393937,4.485690,4.383743,4.485690,116287004
2019-03-19,4.495885,4.516274,4.414327,4.455106,91124737
2019-03-20,4.424521,4.475495,4.342963,4.465300,116931033
2019-03-21,4.455106,4.495885,4.424521,4.444911,113081076
2019-03-22,4.444911,4.455106,4.353158,4.404132,92148438
2019-03-25,4.312379,4.363353,4.281795,4.281795,89085578
2019-03-26,4.302185,4.322574,4.149263,4.159458,88432865
2019-03-27,4.179848,4.200237,4.128874,4.169653,67134931
2019-03-28,4.159458,4.210432,4.118679,4.139068,57988759
2019-03-29,4.139068,4.281795,4.118679,4.271600,100936918
2019-04-01,4.302185,4.557053,4.302185,4.526469,210473010
2019-04-02,4.567248,4.577443,4.455106,4.546858,176524259
2019-04-03,4.526469,4.577443,4.485690,4.567248,129886997
2019-04-04,4.771143,4.883285,4.587637,4.638611,219960793
2019-04-08,4.669195,4.883285,4.638611,4.730364,258055998
2019-04-09,4.689585,4.699780,4.485690,4.587637,144269647
2019-04-10,4.567248,4.587637,4.506080,4.557053,104904499
2019-04-11,4.546858,4.557053,4.404132,4.424521,118305939
2019-04-12,4.414327,4.444911,4.342963,4.383743,79485961
2019-04-15,4.465300,4.546858,4.424521,4.434716,130959688
2019-04-16,4.393937,4.618222,4.373548,4.608027,167780074
2019-04-17,4.587637,4.730364,4.557053,4.608027,143357811
2019-04-18,4.628417,4.689585,4.557053,4.557053,99701840
2019-04-19,4.557053,4.628417,4.455106,4.628417,101876562
2019-04-22,4.618222,4.648806,4.485690,4.506080,90226511
2019-04-23,4.495885,4.526469,4.414327,4.455106,85126744
2019-04-24,4.465300,4.485690,4.383743,4.455106,69066611
2019-04-25,4.444911,4.495885,4.312379,4.322574,89587374
2019-04-26,4.312379,4.332769,4.210432,4.241016,77913323
2019-04-29,4.241016,4.261406,4.118679,4.139068,64311259
2019-04-30,4.190042,4.302185,4.169653,4.251211,61992467
2019-05-06,4.077900,4.139068,3.843421,3.945368,133673225
2019-05-07,3.945368,3.996342,3.884200,3.935173,71127409
2019-05-08,3.863810,3.914784,3.812836,3.863810,66485805
2019-05-09,3.843421,3.884200,3.802642,3.833226,62201190
2019-05-10,3.853616,3.935173,3.772057,3.924979,79154376
2019-05-13,3.874005,3.914784,3.853616,3.853616,48104189
2019-05-14,3.802642,3.904589,3.802642,3.863810,56915245
2019-05-15,3.924979,4.016731,3.894395,3.986147,85969244
2019-05-16,3.996342,4.281795,3.986147,4.200237,151271459
2019-05-17,4.149263,4.179848,3.975953,4.047316,114022501
2019-05-20,3.996342,4.128874,3.935173,4.108484,90235086
2019-05-21,4.077900,4.414327,4.057511,4.291990,163906289
2019-05-22,4.200237,4.271600,4.098289,4.139068,106965208
2019-05-23,4.118679,4.139068,4.037121,4.047316,63026714
2019-05-24,4.016731,4.128874,3.996342,4.006537,65349469
2019-05-27,4.037121,4.179848,3.986147,4.139068,94200024
2019-05-28,4.118679,4.159458,4.067705,4.128874,85123570
2019-05-29,4.128874,4.251211,4.108484,4.190042,129959168
2019-05-30,4.139068,4.190042,4.057511,4.149263,115834161
2019-05-31,4.128874,4.169653,4.088095,4.098289,93441823
2019-06-03,4.077900,4.098289,3.965758,3.975953,99755074
2019-06-04,3.986147,4.006537,3.884200,3.924979,64116993
2019-06-05,3.965758,3.986147,3.914784,3.924979,53364715
2019-06-06,3.914784,3.955563,3.833226,3.874005,67032846
2019-06-10,3.884200,3.945368,3.833226,3.904589,71981935
2019-06-11,3.904589,4.057511,3.894395,4.047316,112328356
2019-06-12,4.047316,4.220626,4.026926,4.108484,189334948
2019-06-13,4.057511,4.098289,4.026926,4.077900,89265156
2019-06-14,4.077900,4.098289,3.986147,3.996342,75802696
2019-06-17,3.996342,4.077900,3.965758,3.986147,57670103
2019-06-18,3.986147,3.996342,3.914784,3.945368,59756828
2019-06-19,4.026926,4.057511,3.965758,3.975953,63121826
2019-06-20,3.986147,4.067705,3.945368,4.057511,93089849
2019-06-21,4.057511,4.139068,4.037121,4.088095,112687061
2019-06-24,4.088095,4.128874,4.077900,4.088095,57022334
2019-06-25,4.098289,4.108484,3.996342,4.067705,62479915
2019-06-26,4.026926,4.067705,4.016731,4.037121,41511931
2019-06-27,4.047316,4.088095,4.026926,4.047316,47789387
2019-06-28,4.037121,4.047316,3.965758,3.996342,51556379
2019-07-01,4.047316,4.108484,4.016731,4.088095,91233775
2019-07-02,4.077900,4.088095,4.057511,4.067705,58567305
2019-07-03,4.057511,4.067705,3.996342,4.016731,48613782
2019-07-04,4.037121,4.047316,3.975953,4.006537,47324805
2019-07-05,4.016731,4.026926,3.975953,3.996342,38509093
2019-07-08,3.975953,3.975953,3.833226,3.853616,89534297
2019-07-09,3.853616,3.874005,3.823031,3.863810,35768453
2019-07-10,3.863810,3.874005,3.823031,3.843421,32370491
2019-07-11,3.874005,3.914784,3.843421,3.853616,36292016
2019-07-12,3.853616,3.884200,3.843421,3.874005,30098194
2019-07-15,3.874005,3.924979,3.823031,3.914784,43824859
2019-07-16,3.894395,3.935173,3.884200,3.894395,29345958
2019-07-17,3.894395,3.904589,3.874005,3.884200,33276334
2019-07-18,3.884200,3.914784,3.853616,3.853616,39964120
2019-07-19,3.874005,3.924979,3.863810,3.884200,57197679
2019-07-22,3.884200,3.884200,3.782252,3.792447,55778137
2019-07-23,3.761863,3.812836,3.761863,3.812836,29401735
2019-07-24,3.812836,3.863810,3.802642,3.833226,32663179
2019-07-25,3.843421,3.853616,3.812836,3.833226,25954443
2019-07-26,3.823031,3.843421,3.812836,3.833226,21354931
2019-07-29,3.833226,3.843421,3.792447,3.812836,24941814
2019-07-30,3.823031,3.863810,3.812836,3.843421,29905109
2019-07-31,3.833226,3.843421,3.812836,3.823031,19900474
2019-08-01,3.812836,3.823031,3.772057,3.782252,44827846
2019-08-02,3.741473,3.761863,3.721084,3.731279,49229222
2019-08-05,3.721084,3.731279,3.680305,3.680305,36809220
2019-08-06,3.619136,3.639526,3.547773,3.568163,63844040
2019-08-07,3.598747,3.619136,3.578357,3.588552,34046127
2019-08-08,3.608941,3.629331,3.588552,3.598747,29896050
2019-08-09,3.619136,3.629331,3.547773,3.547773,37939664
2019-08-12,3.527384,3.598747,3.527384,3.598747,35238705
2019-08-13,3.568163,3.619136,3.568163,3.598747,32327816
2019-08-14,3.629331,3.639526,3.588552,3.598747,28878003
2019-08-15,3.547773,3.598747,3.517189,3.598747,33907975
2019-08-16,3.588552,3.619136,3.568163,3.588552,31559071
2019-08-19,3.608941,3.680305,3.598747,3.680305,47459561
2019-08-20,3.680305,3.853616,3.670110,3.761863,110688559
2019-08-21,3.741473,3.802642,3.731279,3.772057,48032401
2019-08-22,3.792447,3.802642,3.741473,3.792447,34189875
2019-08-23,3.792447,3.802642,3.741473,3.741473,29141962
2019-08-26,3.670110,3.802642,3.659915,3.721084,51212926
2019-08-27,3.731279,3.802642,3.721084,3.772057,54289181
2019-08-28,3.792447,3.802642,3.751668,3.772057,30003936
2019-08-29,3.772057,3.772057,3.690500,3.700694,37912447
2019-08-30,3.731279,3.741473,3.629331,3.670110,36180659
2019-09-02,3.659915,3.751668,3.649720,3.741473,40528332
2019-09-03,3.751668,3.751668,3.690500,3.710889,32876520
2019-09-04,3.710889,3.802642,3.700694,3.772057,63974634
2019-09-05,3.792447,3.843421,3.772057,3.792447,78418422
2019-09-06,3.812836,3.823031,3.751668,3.782252,42675197
2019-09-09,3.802642,3.924979,3.772057,3.904589,118345666
2019-09-10,3.874005,3.894395,3.843421,3.863810,70780338
2019-09-11,3.874005,3.894395,3.853616,3.874005,49612701
2019-09-12,3.914784,3.924979,3.853616,3.884200,55695010
2019-09-16,3.884200,3.894395,3.843421,3.863810,43596809
2019-09-17,3.843421,3.843421,3.741473,3.751668,59394928
2019-09-18,3.761863,3.772057,3.700694,3.721084,39693761
2019-09-19,3.721084,3.731279,3.670110,3.710889,54302268
2019-09-20,3.710889,3.741473,3.680305,3.700694,47770305
2019-09-23,3.700694,3.700694,3.629331,3.659915,49049026
2019-09-24,3.659915,3.690500,3.639526,3.670110,39507926
2019-09-25,3.659915,3.659915,3.608941,3.629331,39159006
2019-09-26,3.639526,3.639526,3.578357,3.588552,48066196
2019-09-27,3.588552,3.629331,3.588552,3.608941,26677406
2019-09-30,3.598747,3.619136,3.578357,3.588552,21386612
2019-10-08,3.578357,3.619136,3.578357,3.598747,22075293
2019-10-09,3.588552,3.619136,3.557968,3.619136,23700712
2019-10-10,3.619136,3.639526,3.608941,3.629331,25926914
2019-10-11,3.639526,3.659915,3.608941,3.649720,32124768
2019-10-14,3.680305,3.700694,3.659915,3.680305,36860786
2019-10-15,3.670110,3.670110,3.619136,3.629331,28884661
2019-10-16,3.629331,3.649720,3.588552,3.588552,23648419
2019-10-17,3.588552,3.619136,3.578357,3.619136,21027511
2019-10-18,3.619136,3.629331,3.547773,3.557968,30859298
2019-10-21,3.568163,3.578357,3.537578,3.568163,18315878
2019-10-22,3.568163,3.588552,3.557968,3.588552,22694873
2019-10-23,3.578357,3.588552,3.547773,3.547773,21782569
2019-10-24,3.547773,3.578357,3.537578,3.568163,23546870
2019-10-25,3.568163,3.568163,3.517189,3.568163,31705026
2019-10-28,3.568163,3.588552,3.557968,3.588552,31330333
2019-10-29,3.578357,3.588552,3.517189,3.527384,31023009
2019-10-30,3.527384,3.527384,3.476410,3.486604,32159380
2019-10-31,3.476410,3.496799,3.445826,3.456020,24068796
2019-11-01,3.456020,3.496799,3.435631,3.486604,24793153
2019-11-04,3.496799,3.527384,3.486604,3.506994,26397340
2019-11-05,3.517189,3.547773,3.486604,3.537578,38230635
2019-11-06,3.527384,3.537578,3.476410,3.486604,25708730
2019-11-07,3.496799,3.527384,3.486604,3.506994,18057732
2019-11-08,3.527384,3.537578,3.476410,3.486604,22150927
2019-11-11,3.466215,3.476410,3.405047,3.415241,33179358
2019-11-12,3.405047,3.435631,3.394852,3.425436,18676450
2019-11-13,3.425436,3.425436,3.394852,3.405047,17103768
2019-11-14,3.405047,3.415241,3.394852,3.415241,17023419
2019-11-15,3.405047,3.425436,3.364267,3.374462,24535340
2019-11-18,3.364267,3.384657,3.343878,3.374462,20958063
2019-11-19,3.374462,3.415241,3.364267,3.415241,17179535
2019-11-20,3.405047,3.415241,3.364267,3.374462,31089716
2019-11-21,3.364267,3.364267,3.333683,3.364267,34035267
2019-11-22,3.354073,3.405047,3.343878,3.384657,32919076
2019-11-25,3.384657,3.496799,3.374462,3.486604,66916346
2019-11-26,3.476410,3.476410,3.425436,3.425436,46473532
2019-11-27,3.425436,3.445826,3.415241,3.435631,25677422
2019-11-28,3.435631,3.435631,3.405047,3.405047,16268579
2019-11-29,3.405047,3.415241,3.333683,3.343878,56823501
2019-12-02,3.343878,3.364267,3.323488,3.333683,45986936
2019-12-03,3.313294,3.374462,3.313294,3.354073,28597651
2019-12-04,3.333683,3.384657,3.323488,3.374462,35481859
2019-12-05,3.384657,3.405047,3.364267,3.384657,31573755
2019-12-06,3.394852,3.415241,3.374462,3.394852,34076738
2019-12-09,3.394852,3.425436,3.384657,3.415241,28957427
2019-12-10,3.415241,3.456020,3.394852,3.435631,41821263
2019-12-11,3.456020,3.456020,3.405047,3.415241,27703963
2019-12-12,3.415241,3.425436,3.374462,3.384657,23352444
2019-12-13,3.405047,3.435631,3.405047,3.435631,44526760
2019-12-16,3.435631,3.466215,3.415241,3.466215,45979596
2019-12-17,3.456020,3.547773,3.445826,3.527384,78162762
2019-12-18,3.517189,3.537578,3.496799,3.517189,53001874
2019-12-19,3.517189,3.547773,3.506994,3.527384,37867883
2019-12-20,3.537578,3.547773,3.476410,3.496799,38655387
2019-12-23,3.496799,3.496799,3.394852,3.405047,63913681
2019-12-24,3.415241,3.496799,3.405047,3.476410,65740920
2019-12-25,3.466215,3.476410,3.405047,3.425436,59387619
2019-12-26,3.425436,3.476410,3.405047,3.445826,62995141
2019-12-27,3.456020,3.649720,3.445826,3.568163,177268255
2019-12-30,3.547773,3.629331,3.537578,3.608941,99352913
2019-12-31,3.608941,3.639526,3.578357,3.608941,64905752
2020-01-02,3.649720,3.802642,3.639526,3.670110,132363940
2020-01-03,3.690500,3.710889,3.649720,3.670110,62282697
2020-01-06,3.649720,3.731279,3.639526,3.700694,93818885
2020-01-07,3.700694,3.741473,3.659915,3.680305,78296791
2020-01-08,3.659915,3.670110,3.578357,3.588552,80758192
2020-01-09,3.619136,3.639526,3.578357,3.608941,55905406
2020-01-10,3.619136,3.639526,3.568163,3.588552,47382264
2020-01-13,3.588552,3.598747,3.537578,3.588552,55701893
2020-01-14,3.588552,3.649720,3.578357,3.629331,77241501
2020-01-15,3.619136,3.629331,3.547773,3.568163,52918942
2020-01-16,3.578357,3.588552,3.547773,3.557968,41871987
2020-01-17,3.578357,3.598747,3.527384,3.537578,51109253
2020-01-20,3.537578,3.537578,3.486604,3.527384,45705964
2020-01-21,3.517189,3.527384,3.435631,3.456020,67654746
2020-01-22,3.445826,3.456020,3.394852,3.445826,47592567
2020-01-23,3.425436,3.425436,3.354073,3.364267,73309576
2020-02-03,3.027841,3.058425,3.027841,3.027841,97356210
2020-02-04,2.966672,3.068620,2.966672,3.038035,100047867
2020-02-05,3.038035,3.119594,3.038035,3.089009,69025106
2020-02-06,3.109399,3.150178,3.058425,3.119594,64865706
2020-02-07,3.099204,3.109399,3.048230,3.099204,69016517
2020-02-10,3.078815,3.129788,3.068620,3.129788,57215662
2020-02-11,3.119594,3.180762,3.099204,3.139983,62473822
2020-02-12,3.119594,3.180762,3.109399,3.170567,60770125
2020-02-13,3.160372,3.180762,3.129788,3.129788,56295585
2020-02-14,3.119594,3.201151,3.109399,3.170567,64021670
2020-02-17,3.170567,3.241931,3.160372,3.231736,65849949
2020-02-18,3.241931,3.262320,3.211346,3.231736,60033004
2020-02-19,3.221541,3.333683,3.211346,3.241931,71166625
2020-02-20,3.262320,3.303099,3.231736,3.292904,63800566
2020-02-21,3.282710,3.333683,3.272515,3.292904,68130302
2020-02-24,3.272515,3.282710,3.201151,3.231736,75147413
2020-02-25,3.160372,3.180762,3.119594,3.170567,83512585
2020-02-26,3.129788,3.313294,3.129788,3.252125,119322368
2020-02-27,3.241931,3.282710,3.211346,3.211346,65441455
2020-02-28,3.150178,3.180762,3.099204,3.119594,87041869
2020-03-02,3.129788,3.262320,3.129788,3.231736,84778318
2020-03-03,3.262320,3.282710,3.211346,3.231736,78591409
2020-03-04,3.211346,3.262320,3.201151,3.252125,65972247
2020-03-05,3.272515,3.343878,3.241931,3.303099,114511546
2020-03-06,3.262320,3.272515,3.221541,3.241931,83583245
2020-03-09,3.170567,3.190957,3.139983,3.160372,80914196
2020-03-10,3.129788,3.201151,3.119594,3.190957,67331242
2020-03-11,3.190957,3.211346,3.150178,3.160372,53603578
2020-03-12,3.129788,3.170567,3.119594,3.139983,53488742
2020-03-13,3.058425,3.139983,3.007451,3.109399,60867099
2020-03-16,3.150178,3.150178,3.048230,3.068620,57932825
2020-03-17,3.068620,3.099204,3.007451,3.068620,54781498
2020-03-18,3.058425,3.089009,3.017646,3.027841,42833240
2020-03-19,3.007451,3.038035,2.966672,3.007451,61719214
2020-03-20,3.027841,3.048230,2.976867,3.017646,47684623
2020-03-23,2.966672,2.987062,2.946283,2.956478,55995725
2020-03-24,2.997257,3.007451,2.966672,2.997257,37908451
2020-03-25,3.038035,3.048230,3.007451,3.027841,39838817
2020-03-26,3.017646,3.017646,2.976867,2.976867,28939638
2020-03-27,3.007451,3.017646,2.976867,2.976867,42294159
2020-03-30,2.946283,2.966672,2.925893,2.936088,43415964
2020-03-31,2.956478,2.966672,2.915698,2.936088,32467216
2020-04-01,2.925893,2.966672,2.925893,2.936088,26997413
2020-04-02,2.925893,2.976867,2.915698,2.976867,33097431
2020-04-03,2.987062,2.987062,2.936088,2.946283,26373122
2020-04-07,2.976867,2.997257,2.966672,2.997257,46178724
2020-04-08,2.987062,3.017646,2.966672,2.997257,36745277
2020-04-09,3.017646,3.027841,2.987062,2.987062,23066845
2020-04-10,2.997257,2.997257,2.946283,2.956478,29327345
2020-04-13,2.946283,2.966672,2.936088,2.956478,26129609
2020-04-14,2.956478,2.997257,2.946283,2.997257,33367358
2020-04-15,3.007451,3.007451,2.966672,2.966672,34530044
2020-04-16,2.956478,2.976867,2.936088,2.966672,25047356
2020-04-17,2.976867,2.987062,2.956478,2.966672,33043457
2020-04-20,2.966672,2.976867,2.946283,2.956478,18468923
2020-04-21,2.946283,2.956478,2.925893,2.936088,27181831
2020-04-22,2.915698,2.956478,2.915698,2.946283,23409940
2020-04-23,2.946283,2.956478,2.925893,2.936088,29489652
2020-04-24,2.925893,2.936088,2.905504,2.915698,33339187
2020-04-27,2.915698,2.925893,2.895309,2.905504,23782460
2020-04-28,2.895309,2.905504,2.793362,2.823946,45711872
2020-04-29,2.823946,2.874919,2.803556,2.854530,27035252
2020-04-30,2.864725,2.915698,2.854530,2.905504,32865083
2020-05-06,2.864725,2.925893,2.864725,2.915698,33986569
2020-05-07,2.905504,2.915698,2.874919,2.885114,20499717
2020-05-08,2.885114,2.905504,2.885114,2.895309,22108682
2020-05-11,2.905504,2.915698,2.874919,2.885114,26666477
2020-05-12,2.885114,2.885114,2.844335,2.844335,24433554
2020-05-13,2.844335,2.854530,2.834141,2.844335,12549933
2020-05-14,2.844335,2.844335,2.813751,2.813751,21226562
2020-05-15,2.823946,2.834141,2.813751,2.813751,18639573
2020-05-18,2.823946,2.874919,2.803556,2.854530,35496108
2020-05-19,2.874919,2.915698,2.874919,2.895309,40666035
2020-05-20,2.885114,2.885114,2.834141,2.854530,25061203
2020-05-21,2.864725,2.895309,2.854530,2.864725,24752878
2020-05-22,2.844335,2.854530,2.813751,2.813751,30679853
2020-05-25,2.813751,2.834141,2.803556,2.813751,17161114
2020-05-26,2.813751,2.834141,2.813751,2.834141,19028218
2020-05-27,2.823946,2.834141,2.793362,2.834141,26938977
2020-05-28,2.834141,2.874919,2.813751,2.864725,50857137
2020-05-29,2.854530,2.854530,2.823946,2.854530,34958472
2020-06-01,2.844335,2.895309,2.844335,2.895309,39965942
2020-06-02,2.885114,2.895309,2.864725,2.885114,30439269
2020-06-03,2.885114,2.915698,2.874919,2.874919,44498525
2020-06-04,2.895309,2.895309,2.864725,2.874919,31554658
2020-06-05,2.874919,2.885114,2.854530,2.874919,31109501
2020-06-08,2.895309,2.946283,2.885114,2.905504,58143405
2020-06-09,2.925893,2.936088,2.895309,2.915698,39957782
2020-06-10,2.905504,2.925893,2.864725,2.874919,38197167
2020-06-11,2.874919,2.895309,2.844335,2.854530,39157860
2020-06-12,2.823946,2.834141,2.803556,2.834141,78428330
2020-06-15,2.823946,2.823946,2.803556,2.803556,43984395
2020-06-16,2.813751,2.854530,2.803556,2.854530,50064146
2020-06-17,2.844335,2.864725,2.823946,2.844335,45678449
2020-06-18,2.834141,2.905504,2.823946,2.885114,72571109
2020-06-19,2.885114,2.895309,2.854530,2.874919,49398025
2020-06-22,2.864725,2.895309,2.864725,2.874919,42909025
2020-06-23,2.864725,2.874919,2.834141,2.834141,35964703
2020-06-24,2.844335,2.854530,2.813751,2.823946,40042974
2020-06-29,2.823946,2.823946,2.793362,2.803556,37766088
2020-06-30,2.813751,2.823946,2.803556,2.813751,46284175
2020-07-01,2.813751,2.864725,2.793362,2.864725,63146234
2020-07-02,2.844335,2.936088,2.844335,2.936088,120947006
2020-07-03,2.936088,3.078815,2.925893,3.048230,156812489
2020-07-06,3.089009,3.354073,3.089009,3.354073,277125904
2020-07-07,3.486604,3.547773,3.323488,3.343878,306241904
2020-07-08,3.313294,3.517189,3.282710,3.476410,264228051
2020-07-09,3.476410,3.680305,3.445826,3.639526,292143072
2020-07-10,3.568163,3.578357,3.415241,3.435631,188436739
2020-07-13,3.466215,3.578357,3.445826,3.527384,170681217
2020-07-14,3.486604,3.608941,3.435631,3.486604,154191701
2020-07-15,3.568163,3.578357,3.425436,3.435631,131217759
2020-07-16,3.425436,3.496799,3.252125,3.282710,132967591
2020-07-17,3.272515,3.303099,3.160372,3.211346,136416448
2020-07-20,3.221541,3.537578,3.221541,3.537578,205915950
2020-07-21,3.639526,3.639526,3.456020,3.496799,186785855
2020-07-22,3.588552,3.619136,3.445826,3.466215,157432848
2020-07-23,3.445826,3.486604,3.354073,3.456020,133096173
2020-07-24,3.425436,3.466215,3.272515,3.292904,144489288
2020-07-27,3.313294,3.415241,3.292904,3.323488,120105857
2020-07-28,3.405047,3.496799,3.292904,3.333683,175860833
2020-07-29,3.323488,3.374462,3.252125,3.354073,153067623
2020-07-30,3.384657,3.445826,3.323488,3.364267,145619546
2020-07-31,3.343878,3.405047,3.303099,3.354073,128601320
2020-08-03,3.364267,3.435631,3.333683,3.435631,153158723
2020-08-04,3.435631,3.506994,3.415241,3.466215,175073668
2020-08-05,3.486604,3.517189,3.405047,3.496799,152678834
2020-08-06,3.486604,3.598747,3.466215,3.547773,189120878
2020-08-07,3.527384,3.527384,3.394852,3.435631,145797169
2020-08-10,3.394852,3.527384,3.343878,3.425436,106106435
2020-08-11,3.435631,3.476410,3.333683,3.343878,109744166
2020-08-12,3.313294,3.333683,3.241931,3.292904,100584911
2020-08-13,3.303099,3.313294,3.272515,3.282710,62045025
2020-08-14,3.292904,3.323488,3.241931,3.313294,69844584
2020-08-17,3.313294,3.394852,3.303099,3.374462,97503613
2020-08-18,3.384657,3.435631,3.364267,3.394852,81817575
2020-08-19,3.415241,3.425436,3.364267,3.374462,76207021
2020-08-20,3.364267,3.364267,3.313294,3.323488,60712031
2020-08-21,3.333683,3.405047,3.323488,3.354073,65141795
2020-08-24,3.354073,3.354073,3.323488,3.333683,44452778
2020-08-25,3.343878,3.343878,3.272515,3.282710,55182048
2020-08-26,3.272515,3.323488,3.241931,3.252125,63525364
2020-08-27,3.241931,3.272515,3.221541,3.241931,53755309
2020-08-28,3.221541,3.262320,3.170567,3.262320,80409193
2020-08-31,3.262320,3.303099,3.211346,3.221541,81121486
2020-09-01,3.221541,3.241931,3.211346,3.231736,49580093
2020-09-02,3.221541,3.231736,3.150178,3.170567,72694144
2020-09-03,3.170567,3.201151,3.119594,3.139983,57471067
2020-09-04,3.089009,3.129788,3.078815,3.119594,45302113
2020-09-07,3.129788,3.190957,3.109399,3.119594,59695959
2020-09-08,3.119594,3.190957,3.109399,3.180762,49182798
2020-09-09,3.150178,3.221541,3.139983,3.201151,83414360
2020-09-10,3.211346,3.221541,3.099204,3.099204,74105697
2020-09-11,3.109399,3.119594,3.078815,3.109399,40287352
2020-09-14,3.119594,3.150178,3.109399,3.119594,32843848
2020-09-15,3.119594,3.129788,3.089009,3.109399,32220719
2020-09-16,3.099204,3.129788,3.089009,3.109399,32741220
2020-09-17,3.109399,3.109399,3.058425,3.078815,36644218
2020-09-18,3.078815,3.180762,3.078815,3.170567,67486252
2020-09-21,3.180762,3.211346,3.160372,3.170567,43063240
2020-09-22,3.129788,3.150178,3.089009,3.109399,45949974
2020-09-23,3.109399,3.119594,3.078815,3.078815,42028768
2020-09-24,3.058425,3.058425,3.007451,3.017646,54720315
2020-09-25,3.027841,3.038035,2.987062,3.007451,34138572
2020-09-28,3.007451,3.027841,2.987062,2.997257,26637192
2020-09-29,3.007451,3.027841,2.987062,2.997257,31032114
2020-09-30,2.997257,3.007451,2.936088,2.966672,45029490
2020-10-09,3.007451,3.068620,3.007451,3.048230,45752036
2020-10-12,3.058425,3.109399,3.048230,3.099204,51370327
2020-10-13,3.099204,3.099204,3.068620,3.078815,28250466
2020-10-14,3.078815,3.078815,3.027841,3.027841,39715107
2020-10-15,3.027841,3.068620,3.017646,3.027841,30044845
2020-10-16,3.027841,3.078815,3.027841,3.048230,34677328
2020-10-19,3.078815,3.119594,3.038035,3.048230,42665865
2020-10-20,3.038035,3.058425,3.017646,3.048230,26295307
2020-10-21,3.048230,3.048230,3.007451,3.027841,24074804
2020-10-22,3.017646,3.027841,2.997257,3.017646,25299914
2020-10-23,3.007451,3.038035,2.987062,3.007451,27231599
2020-10-26,3.007451,3.017646,2.966672,2.987062,30979688
2020-10-27,2.976867,2.997257,2.966672,2.987062,22376819
2020-10-28,2.987062,3.027841,2.966672,3.007451,38335053
2020-10-29,2.966672,2.997257,2.956478,2.987062,34747349
2020-10-30,2.987062,3.007451,2.905504,2.925893,48905970
2020-11-02,2.925893,2.987062,2.925893,2.956478,41551369
2020-11-03,2.976867,3.089009,2.976867,3.078815,84693516
2020-11-04,3.089009,3.109399,3.048230,3.058425,49982525
2020-11-05,3.078815,3.099204,3.058425,3.089009,47804317
2020-11-06,3.089009,3.139983,3.078815,3.129788,74498784
2020-11-09,3.150178,3.445826,3.150178,3.354073,251350061
2020-11-10,3.354073,3.466215,3.343878,3.343878,214319835
2020-11-11,3.343878,3.445826,3.333683,3.394852,167168774
2020-11-12,3.374462,3.415241,3.323488,3.343878,105404093
2020-11-13,3.354073,3.425436,3.303099,3.374462,129435549
2020-11-16,3.364267,3.588552,3.354073,3.517189,267361687
2020-11-17,3.486604,3.527384,3.384657,3.415241,179454022
2020-11-18,3.415241,3.588552,3.415241,3.527384,221952998
2020-11-19,3.517189,3.588552,3.394852,3.445826,182785500
2020-11-20,3.435631,3.741473,3.405047,3.690500,320464352
2020-11-23,3.680305,4.057511,3.659915,3.945368,538563120
2020-11-24,3.924979,4.210432,3.833226,4.200237,526321408
2020-11-25,4.210432,4.404132,4.149263,4.159458,496613824
2020-11-26,4.128874,4.190042,4.047316,4.149263,327716544
2020-11-27,4.169653,4.169653,3.955563,4.149263,303875728
2020-11-30,4.149263,4.373548,4.118679,4.210432,399280544
2020-12-01,4.139068,4.220626,4.077900,4.169653,236219317
2020-12-02,4.261406,4.373548,4.190042,4.261406,256016094
2020-12-03,4.139068,4.159458,3.996342,4.026926,289357216
2020-12-04,3.945368,4.067705,3.945368,4.067705,155520237
2020-12-07,4.077900,4.108484,3.884200,3.965758,210908725
2020-12-08,3.986147,3.996342,3.884200,3.935173,126445896
2020-12-09,3.935173,3.986147,3.853616,3.863810,133930988
2020-12-10,3.874005,3.884200,3.802642,3.874005,137059399
2020-12-11,3.955563,3.986147,3.710889,3.772057,190981418
2020-12-14,3.700694,3.772057,3.659915,3.741473,106070504
2020-12-15,3.731279,3.731279,3.639526,3.680305,89028757
2020-12-16,3.710889,3.751668,3.619136,3.659915,94548423
2020-12-17,3.680305,3.894395,3.649720,3.863810,180601937
2020-12-18,3.924979,3.965758,3.853616,3.874005,174432582
2020-12-21,3.833226,3.863810,3.761863,3.812836,150456020
2020-12-22,3.741473,3.751668,3.547773,3.588552,183326058
2020-12-23,3.568163,3.700694,3.568163,3.659915,122713511
2020-12-24,3.670110,3.710889,3.608941,3.649720,98453730
2020-12-25,3.629331,3.823031,3.598747,3.782252,129379154
2020-12-28,3.772057,3.884200,3.741473,3.792447,145962253
2020-12-29,3.772057,3.772057,3.598747,3.608941,139560483
2020-12-30,3.629331,3.761863,3.608941,3.690500,113678951
2020-12-31,3.690500,3.751668,3.649720,3.700694,93121951
2021-01-04,3.690500,3.894395,3.680305,3.853616,174121671
2021-01-05,3.833226,3.924979,3.792447,3.874005,157460268
2021-01-06,3.874005,3.914784,3.792447,3.802642,129338950
2021-01-07,3.782252,4.179848,3.761863,4.077900,347012720
2021-01-08,4.057511,4.057511,3.904589,4.006537,221534844
2021-01-11,3.935173,3.935173,3.629331,3.670110,268370552
2021-01-12,3.639526,3.710889,3.598747,3.710889,137948615
2021-01-13,3.690500,3.843421,3.659915,3.721084,160066088
2021-01-14,3.680305,3.812836,3.629331,3.629331,150476329
2021-01-15,3.649720,3.721084,3.578357,3.619136,130263658
2021-01-18,3.619136,3.680305,3.578357,3.659915,94455015
2021-01-19,3.639526,3.639526,3.486604,3.527384,138341101
2021-01-20,3.517189,3.598747,3.496799,3.588552,104374658
2021-01-21,3.588552,3.823031,3.557968,3.751668,236748838
2021-01-22,3.710889,3.731279,3.598747,3.598747,173015475
2021-01-25,3.578357,3.629331,3.517189,3.547773,129022933
2021-01-26,3.517189,3.578357,3.415241,3.456020,119000521
2021-01-27,3.456020,3.476410,3.394852,3.394852,83415238
2021-01-28,3.354073,3.394852,3.282710,3.303099,101216073
2021-01-29,3.313294,3.354073,3.211346,3.262320,91488572
2021-02-01,3.262320,3.343878,3.241931,3.333683,74474559
2021-02-02,3.323488,3.354073,3.282710,3.323488,78608569
2021-02-03,3.323488,3.476410,3.292904,3.394852,130026158
2021-02-04,3.364267,3.405047,3.262320,3.343878,102775315
2021-02-05,3.374462,3.506994,3.364267,3.384657,162419742
2021-02-08,3.394852,3.568163,3.384657,3.527384,159648099
2021-02-09,3.568163,3.649720,3.547773,3.629331,161670314
2021-02-10,3.619136,3.700694,3.547773,3.659915,155562015
2021-02-18,3.975953,4.026926,3.945368,4.026926,373887728
2021-02-19,4.026926,4.149263,3.945368,4.098289,395068400
2021-02-22,4.251211,4.506080,4.241016,4.444911,494584672
2021-02-23,4.465300,4.597832,4.383743,4.465300,427676592
2021-02-24,4.414327,4.597832,4.261406,4.332769,380399200
2021-02-25,4.597832,4.720169,4.475495,4.608027,473177088
2021-02-26,4.302185,4.506080,4.281795,4.332769,338546480
2021-03-01,4.383743,4.475495,4.302185,4.455106,268609824
2021-03-02,4.404132,4.434716,4.179848,4.220626,267744568
2021-03-03,4.342963,4.506080,4.332769,4.506080,288805264
2021-03-04,4.455106,4.638611,4.383743,4.424521,328065760
2021-03-05,4.179848,4.200237,4.088095,4.149263,233536305
2021-03-08,4.251211,4.332769,4.088095,4.098289,202397738
2021-03-09,4.139068,4.230821,3.924979,4.098289,220369799
2021-03-10,4.108484,4.128874,3.986147,4.047316,143004485
2021-03-11,4.128874,4.455106,4.108484,4.455106,353709072
2021-03-12,4.567248,4.659001,4.455106,4.526469,408403664
2021-03-15,4.628417,4.832312,4.546858,4.618222,338894336
2021-03-16,4.659001,4.740559,4.485690,4.526469,241197574
2021-03-17,4.424521,4.465300,4.342963,4.393937,159142877
2021-03-18,4.485690,4.526469,4.342963,4.353158,154011525
2021-03-19,4.230821,4.291990,4.149263,4.230821,183499682
2021-03-22,4.251211,4.353158,4.179848,4.230821,196445926
2021-03-23,4.241016,4.251211,3.975953,4.016731,239458169
2021-03-24,3.904589,3.945368,3.761863,3.772057,223260385
2021-03-25,3.782252,3.884200,3.761863,3.812836,139412907
2021-03-26,3.833226,3.894395,3.823031,3.874005,113221142
2021-03-29,3.945368,3.975953,3.884200,3.904589,125397599
2021-03-30,3.894395,3.935173,3.802642,3.894395,104217079
2021-03-31,3.833226,3.863810,3.782252,3.843421,106610577
2021-04-01,3.863810,3.924979,3.802642,3.904589,90173567
2021-04-02,3.904589,3.935173,3.833226,3.884200,82559680
2021-04-06,3.894395,3.935173,3.884200,3.884200,66916178
2021-04-07,3.863810,4.006537,3.823031,3.975953,135970301
2021-04-08,3.996342,4.179848,3.975953,4.077900,232439051
2021-04-09,4.281795,4.404132,4.210432,4.332769,355448352
2021-04-12,4.281795,4.302185,4.159458,4.169653,211306994
2021-04-13,4.159458,4.281795,4.098289,4.220626,165182923
2021-04-14,4.271600,4.353158,4.190042,4.251211,150038096
2021-04-15,4.271600,4.444911,4.241016,4.404132,256706728
2021-04-16,4.404132,4.434716,4.281795,4.312379,192383983
2021-04-19,4.281795,4.342963,4.230821,4.332769,149721262
2021-04-20,4.281795,4.414327,4.230821,4.312379,164576722
2021-04-21,4.251211,4.332769,4.210432,4.291990,126192269
2021-04-22,4.353158,4.434716,4.332769,4.342963,150707879
2021-04-23,4.342963,4.383743,4.281795,4.363353,112109965
2021-04-26,4.383743,4.638611,4.373548,4.465300,224715843
2021-04-27,4.516274,4.597832,4.444911,4.526469,163507932
2021-04-28,4.485690,4.526469,4.393937,4.485690,145335428
2021-04-29,4.526469,4.709975,4.455106,4.628417,269789712
2021-04-30,4.608027,4.618222,4.444911,4.526469,182677865
2021-05-06,4.771143,4.975038,4.760948,4.975038,365865136
2021-05-07,5.127959,5.352244,5.056596,5.352244,495169760
2021-05-10,5.505165,5.892565,5.372633,5.892565,505298288
2021-05-11,5.637697,6.096461,5.515360,5.892565,569276272
2021-05-12,5.749839,5.984318,5.688670,5.963929,394583408
2021-05-13,5.709060,5.719255,5.372633,5.413412,491544480
2021-05-14,5.423607,5.525555,5.280881,5.382828,333568832
2021-05-17,5.393023,5.586723,5.301270,5.474581,350771008
2021-05-18,5.586723,5.688670,5.515360,5.556139,256868956
2021-05-19,5.433802,5.474581,5.321659,5.382828,217388658
2021-05-20,5.087180,5.331854,5.036206,5.280881,261317567
2021-05-21,5.229907,5.545944,5.209517,5.443996,228748239
2021-05-24,5.301270,5.433802,5.219712,5.321659,194817029
2021-05-25,5.311465,5.525555,5.219712,5.443996,209433583
2021-05-26,5.413412,5.545944,5.331854,5.352244,232054440
2021-05-27,5.352244,5.474581,5.301270,5.382828,188575362
2021-05-28,5.556139,5.607113,5.454191,5.464386,273262144
2021-05-31,5.454191,5.647892,5.321659,5.331854,262034738
2021-06-01,5.280881,5.505165,5.148349,5.474581,259701647
2021-06-02,5.403218,5.515360,5.331854,5.352244,142369253
2021-06-03,5.301270,5.443996,5.291075,5.331854,117960250
2021-06-04,5.199323,5.352244,5.158544,5.260491,160215936
2021-06-07,5.301270,5.403218,5.260491,5.270686,111314845
2021-06-08,5.240101,5.301270,5.158544,5.168738,126538501
2021-06-09,5.178933,5.352244,5.178933,5.291075,130898453
2021-06-10,5.260491,5.352244,5.219712,5.240101,103874140
2021-06-11,5.352244,5.627502,5.250296,5.556139,333828400
2021-06-15,5.545944,5.637697,5.158544,5.199323,282324688
2021-06-16,5.097375,5.127959,4.873090,4.883285,222739973
2021-06-17,4.873090,5.026012,4.862896,4.944454,120295866
2021-06-18,4.781338,5.005622,4.699780,4.975038,147590699
2021-06-21,4.934259,5.026012,4.862896,4.934259,116517311
2021-06-22,4.995427,5.026012,4.862896,4.975038,113981308
2021-06-23,4.995427,5.331854,4.985233,5.270686,231769747
2021-06-24,5.301270,5.423607,5.260491,5.280881,172508499
2021-06-25,5.291075,5.596918,5.270686,5.515360,202870925
2021-06-28,5.494970,5.525555,5.403218,5.494970,110399438
2021-06-29,5.433802,5.505165,5.270686,5.311465,167615951
2021-06-30,5.352244,5.484775,5.352244,5.403218,114527306
2021-07-01,5.393023,5.393023,5.209517,5.209517,124593031
2021-07-02,5.178933,5.413412,5.178933,5.240101,150674656
2021-07-05,5.352244,5.617307,5.352244,5.474581,224786830
2021-07-06,5.505165,5.545944,5.342049,5.474581,153666919
2021-07-07,5.342049,5.505165,5.280881,5.464386,149407510
2021-07-08,5.464386,5.739644,5.413412,5.433802,229714037
2021-07-09,5.393023,5.974124,5.352244,5.974124,387651424
2021-07-12,6.167824,6.290161,5.811007,5.851787,488997888
2021-07-13,5.902760,5.963929,5.760034,5.882371,266126517
2021-07-14,5.851787,5.892565,5.556139,5.596918,324766432
2021-07-15,5.566333,5.739644,5.484775,5.698865,243745709
2021-07-16,5.658086,6.076071,5.647892,5.933344,357009744
2021-07-19,6.096461,6.167824,5.851787,5.933344,381585840
2021-07-20,5.719255,5.800813,5.617307,5.780423,240153413
2021-07-21,5.861981,6.004708,5.770228,5.923150,238322975
2021-07-22,5.953734,6.381913,5.943539,6.290161,386971568
2021-07-23,6.341134,6.534835,6.249382,6.402303,470211296
2021-07-26,6.453277,6.575614,6.137239,6.310550,390315488
2021-07-27,6.453277,6.534835,5.739644,5.760034,468131952
2021-07-28,5.525555,5.760034,5.464386,5.535749,318862384
2021-07-29,5.790618,5.811007,5.586723,5.749839,228963278
2021-07-30,5.800813,6.147434,5.760034,6.086266,309806656
2021-08-02,5.994513,6.076071,5.739644,5.994513,305297392
2021-08-03,5.892565,5.943539,5.505165,5.637697,290101152
2021-08-04,5.607113,5.811007,5.545944,5.760034,183308717
2021-08-05,5.678476,5.678476,5.505165,5.576528,181468117
2021-08-06,5.586723,5.811007,5.576528,5.749839,179355236
2021-08-09,5.668281,5.912955,5.596918,5.851787,210601155
2021-08-10,5.811007,5.933344,5.688670,5.831397,197898145
2021-08-11,5.933344,6.137239,5.912955,6.055682,317229712
2021-08-12,6.055682,6.463471,6.004708,6.341134,434718224
2021-08-13,6.300356,6.443082,6.198408,6.422693,280431936
2021-08-16,6.504251,6.565419,6.167824,6.228992,304042016
2021-08-17,6.188213,6.341134,6.065876,6.147434,240078350
2021-08-18,6.076071,6.381913,5.994513,6.178019,245660452
2021-08-19,6.014902,6.035292,5.739644,5.994513,298966896
2021-08-20,5.923150,6.035292,5.811007,5.984318,216527558
2021-08-23,6.025097,6.157629,5.994513,6.045487,189828328
2021-08-24,6.116850,6.239187,6.076071,6.127045,235865872
2021-08-25,6.361524,6.738730,6.218797,6.738730,518667216
2021-08-26,6.850872,7.411583,6.738730,7.360609,889119328
2021-08-27,7.411583,7.798984,7.299441,7.391194,688775552
2021-08-30,7.503336,7.911126,7.503336,7.768400,680549824
2021-08-31,7.697036,8.033463,7.615478,7.951905,574154688
2021-09-01,7.849958,8.247553,7.360609,7.625673,671871232
2021-09-02,7.737815,8.145605,7.656257,8.033463,507236208
2021-09-03,8.023268,8.135411,7.666452,7.737815,350076480
2021-09-06,8.155800,8.512616,7.921321,8.115021,580237552
2021-09-07,8.339306,8.533006,8.115021,8.451448,460223424
2021-09-08,8.492227,9.267028,8.216969,9.154886,568114512
2021-09-09,9.165080,9.756376,9.032549,9.583065,664421744
2021-09-10,9.725791,10.204945,9.419949,9.481117,696078624
2021-09-13,10.011245,10.429229,9.786960,10.429229,812389184
2021-09-14,10.041829,10.368061,9.725791,9.848128,720372928
2021-09-15,9.399560,9.735986,9.226249,9.532091,522980336
2021-09-16,9.817544,10.133582,9.501507,9.756376,541558768
2021-09-17,9.481117,10.245724,9.328196,9.725791,558983824
2021-09-22,9.634039,10.123387,9.175275,9.990855,497437296
2021-09-23,10.245724,10.357866,9.470923,9.542286,486313440
2021-09-24,9.797155,9.990855,8.950990,9.042743,574757344
2021-09-27,8.971380,9.022354,8.135411,8.145605,531834688
2021-09-28,8.104826,8.706316,8.104826,8.563590,392744752
2021-09-29,8.563590,8.594174,8.013074,8.074242,308980736
2021-09-30,8.257748,8.298526,7.860152,7.900931,316013984
2021-10-08,8.125216,8.155800,7.625673,7.697036,290719904
2021-10-11,7.595089,7.758205,7.340220,7.574699,283856816
2021-10-12,7.625673,7.697036,7.075157,7.238272,341979968
2021-10-13,7.350415,7.391194,7.085351,7.238272,278037840
2021-10-14,7.156714,7.401389,6.983404,7.228078,313283104
2021-10-15,7.289246,7.442168,7.105741,7.350415,395262352
2021-10-18,7.391194,7.656257,7.156714,7.605283,514529072
2021-10-19,7.523726,7.533920,7.289246,7.442168,319877712
2021-10-20,7.136325,7.340220,6.952820,7.238272,379940368
2021-10-21,7.350415,7.533920,7.207688,7.309636,365273504
2021-10-22,7.207688,7.350415,6.820288,6.871262,467135424
2021-10-25,6.881456,7.166909,6.830482,7.085351,302320336
2021-10-26,7.085351,7.197494,6.993599,7.054767,199103937
2021-10-27,6.952820,7.034377,6.483861,6.636782,543829392
2021-10-28,6.524640,6.565419,6.178019,6.279966,482453824
2021-10-29,6.392108,6.422693,6.228992,6.259576,274504720
2021-11-01,6.239187,6.371719,6.167824,6.208603,295615968
2021-11-02,6.208603,6.249382,5.872176,6.025097,391820624
2021-11-03,6.025097,6.106655,5.943539,6.086266,289904848
2021-11-04,6.035292,6.055682,5.902760,5.933344,251137505
2021-11-05,5.729450,5.811007,5.576528,5.596918,402749072
2021-11-08,5.647892,5.739644,5.596918,5.617307,273358960
2021-11-09,5.668281,5.698865,5.535749,5.576528,191123202
2021-11-10,5.505165,5.525555,5.301270,5.505165,364883904
2021-11-11,5.505165,5.617307,5.454191,5.576528,276838288
2021-11-12,5.637697,5.760034,5.413412,5.423607,403563616
2021-11-15,5.362438,5.464386,5.311465,5.423607,238363654
2021-11-16,5.362438,5.454191,5.280881,5.301270,272133312
2021-11-17,5.229907,5.352244,5.229907,5.352244,240942645
2021-11-18,5.342049,5.393023,5.240101,5.321659,277928496
2021-11-19,5.311465,5.474581,5.260491,5.443996,326153904
2021-11-22,5.423607,5.454191,5.331854,5.423607,265606387
2021-11-23,5.443996,5.566333,5.413412,5.423607,408894560
2021-11-24,5.403218,5.556139,5.352244,5.505165,404253424
2021-11-25,5.535749,5.556139,5.423607,5.454191,305796240
2021-11-26,5.403218,5.494970,5.352244,5.372633,255861478
2021-11-29,5.260491,5.382828,5.148349,5.352244,333240544
2021-11-30,5.342049,5.454191,5.229907,5.301270,295382416
2021-12-01,5.270686,5.413412,5.250296,5.382828,217979299
2021-12-02,5.352244,5.433802,5.301270,5.393023,219724659
2021-12-03,5.372633,5.535749,5.280881,5.494970,407186832
2021-12-06,5.505165,6.045487,5.505165,6.045487,661352240
2021-12-07,6.116850,6.483861,6.035292,6.412498,1215150752
2021-12-08,6.432887,6.789703,6.208603,6.575614,855722768
2021-12-09,6.473666,6.565419,6.371719,6.422693,589767648
2021-12-10,6.371719,6.606198,6.269771,6.514445,553095392
2021-12-13,6.514445,6.697951,6.392108,6.514445,509632736
2021-12-14,6.443082,6.463471,6.147434,6.198408,536345440
2021-12-15,6.147434,6.259576,6.116850,6.127045,344518192
2021-12-16,6.127045,6.300356,6.055682,6.259576,381602240
2021-12-17,6.279966,6.453277,6.249382,6.279966,365904000
2021-12-20,6.279966,6.504251,6.279966,6.320745,381469008
2021-12-21,6.218797,6.473666,6.065876,6.351329,394018096
2021-12-22,6.473666,6.555224,6.218797,6.300356,311054128
2021-12-23,6.514445,6.932430,6.341134,6.932430,984791632
2021-12-24,6.932430,6.932430,6.545030,6.555224,569159968
2021-12-27,6.432887,6.443082,6.239187,6.279966,375474848
2021-12-28,6.249382,6.402303,6.147434,6.330940,249659789
2021-12-29,6.279966,6.279966,6.167824,6.167824,236552200
2021-12-30,6.198408,6.341134,6.147434,6.269771,254626925
2021-12-31,6.228992,6.259576,6.178019,6.208603,165144391
2022-01-04,6.228992,6.239187,6.116850,6.188213,220686791
2022-01-05,6.157629,6.167824,5.811007,5.933344,372622528
2022-01-06,5.912955,6.045487,5.882371,5.974124,185733531
2022-01-07,5.974124,6.178019,5.933344,6.106655,276188816
2022-01-10,6.086266,6.290161,6.045487,6.208603,228029209
2022-01-11,6.228992,6.422693,6.188213,6.351329,361285200
2022-01-12,6.453277,6.504251,6.249382,6.371719,240480963
2022-01-13,6.351329,6.422693,6.198408,6.208603,234814267
2022-01-14,6.137239,6.178019,6.014902,6.045487,208534811
2022-01-17,5.974124,6.025097,5.872176,5.974124,179320758
2022-01-18,5.963929,6.116850,5.923150,6.065876,172650863
2022-01-19,6.106655,6.218797,6.004708,6.086266,192336343
2022-01-20,6.065876,6.147434,5.974124,6.014902,133454033
2022-01-21,5.994513,6.045487,5.882371,5.953734,146279871
2022-01-24,5.821202,5.851787,5.678476,5.811007,159748432
2022-01-25,5.790618,5.882371,5.505165,5.515360,191711295
2022-01-26,5.596918,5.841592,5.556139,5.770228,242659917
2022-01-27,5.780423,5.821202,5.627502,5.637697,146810134
2022-01-28,5.484775,5.525555,5.199323,5.362438,314247248
2022-02-07,5.474581,5.760034,5.433802,5.729450,237406559
2022-02-08,5.760034,6.065876,5.719255,6.004708,280533968
2022-02-09,6.249382,6.351329,6.157629,6.269771,422193168
2022-02-10,6.402303,6.504251,6.279966,6.381913,410583552
2022-02-11,6.249382,6.473666,6.218797,6.269771,300837712
2022-02-14,6.290161,6.341134,6.127045,6.178019,213982094
2022-02-15,6.208603,6.249382,6.025097,6.137239,186994649
2022-02-16,6.096461,6.188213,6.065876,6.147434,168926306
2022-02-17,6.208603,6.361524,6.198408,6.290161,282292544
2022-02-18,6.228992,6.463471,6.198408,6.381913,243859362
2022-02-21,6.320745,6.330940,6.218797,6.279966,166341485
2022-02-22,6.330940,6.392108,6.188213,6.392108,276026112
2022-02-23,6.269771,6.330940,6.198408,6.269771,243530613
2022-02-24,6.198408,6.657172,6.178019,6.381913,638787408
2022-02-25,6.412498,6.616393,6.351329,6.453277,509890992
2022-02-28,6.585808,6.646977,6.422693,6.606198,357887440
2022-03-01,6.524640,6.545030,6.351329,6.483861,325702688
2022-03-02,6.616393,7.136325,6.575614,7.044572,841971472
2022-03-03,7.146520,7.391194,7.105741,7.289246,635084000
2022-03-04,7.350415,7.646063,7.085351,7.248467,539728944
2022-03-07,7.533920,7.574699,7.309636,7.442168,450227744
2022-03-08,7.034377,7.136325,6.697951,6.840677,541151120
2022-03-09,6.596003,6.646977,6.178019,6.443082,472152128
2022-03-10,6.320745,6.432887,6.167824,6.351329,307215952
2022-03-11,6.279966,6.514445,6.076071,6.494056,353134176
2022-03-14,6.300356,6.422693,6.116850,6.137239,278427856
2022-03-15,5.953734,5.953734,5.525555,5.525555,405053072
2022-03-16,5.607113,5.780423,5.423607,5.739644,278728176
2022-03-17,5.902760,6.014902,5.739644,5.892565,283385840
2022-03-18,5.974124,6.137239,5.943539,6.096461,261385752
2022-03-21,6.228992,6.330940,6.188213,6.279966,268785376
2022-03-22,6.320745,6.463471,6.228992,6.381913,248896966
2022-03-23,6.218797,6.290161,6.167824,6.239187,212134274
2022-03-24,6.300356,6.361524,6.198408,6.259576,230905024
2022-03-25,6.167824,6.279966,6.096461,6.116850,184759985
2022-03-28,6.004708,6.300356,5.923150,6.239187,197157231
2022-03-29,6.228992,6.239187,6.116850,6.147434,128588668
2022-03-30,6.045487,6.096461,5.974124,6.086266,196458835
2022-03-31,6.096461,6.116850,5.851787,5.933344,202690006
2022-04-01,5.872176,5.963929,5.790618,5.923150,135356528
2022-04-06,5.851787,6.014902,5.770228,6.014902,161248542
2022-04-07,5.943539,5.974124,5.800813,5.811007,149062264
2022-04-08,5.790618,5.861981,5.668281,5.831397,129162598
2022-04-11,5.760034,5.821202,5.505165,5.515360,189814256
2022-04-12,5.433802,5.770228,5.423607,5.770228,159701998
2022-04-13,5.698865,6.055682,5.668281,5.933344,248184596
2022-04-14,5.974124,6.076071,5.882371,5.984318,186537042
2022-04-15,6.025097,6.096461,5.811007,5.831397,155847177
2022-04-18,5.719255,5.739644,5.617307,5.678476,121314679
2022-04-19,5.729450,5.851787,5.688670,5.800813,138980509
2022-04-20,5.749839,5.760034,5.505165,5.535749,172668154
2022-04-21,5.515360,5.576528,5.352244,5.382828,151703803
2022-04-22,5.270686,5.403218,5.199323,5.352244,115684288
2022-04-25,5.229907,5.240101,4.822117,4.822117,237782715
2022-04-26,4.791532,4.811922,4.485690,4.516274,219403655
2022-04-27,4.444911,4.801727,4.393937,4.760948,241686459
2022-04-28,4.709975,4.791532,4.618222,4.740559,153489508
2022-04-29,4.750754,4.873090,4.699780,4.852701,179647918
2022-05-05,4.760948,4.842506,4.709975,4.801727,151331496
2022-05-06,4.628417,4.628417,4.516274,4.546858,157485776
2022-05-09,4.485690,4.628417,4.465300,4.597832,102524500
2022-05-10,4.434716,4.628417,4.404132,4.618222,141330737
2022-05-11,4.608027,4.771143,4.597832,4.689585,169644379
2022-05-12,4.659001,4.730364,4.536664,4.608027,139699777
2022-05-13,4.608027,4.648806,4.546858,4.648806,103986139
2022-05-16,4.709975,4.750754,4.648806,4.669195,123013019
2022-05-17,4.659001,4.709975,4.618222,4.709975,107954211
2022-05-18,4.720169,4.730364,4.628417,4.669195,90333487
2022-05-19,4.587637,4.699780,4.536664,4.699780,116713685
2022-05-20,4.791532,5.168738,4.771143,5.168738,358185408
2022-05-23,5.280881,5.474581,5.148349,5.342049,398579184
2022-05-24,5.250296,5.321659,5.026012,5.026012,250402984
2022-05-25,5.015817,5.107570,4.995427,5.066791,161442611
2022-05-26,5.097375,5.199323,4.954649,5.117764,172714714
2022-05-27,5.158544,5.209517,5.056596,5.117764,128059035
2022-05-30,5.127959,5.178933,5.036206,5.158544,121287849
2022-05-31,5.148349,5.372633,5.066791,5.250296,184589111
2022-06-01,5.148349,5.158544,5.066791,5.117764,185412252
2022-06-02,5.076986,5.158544,5.046401,5.138154,157765886
2022-06-06,5.138154,5.250296,5.127959,5.219712,239726348
2022-06-07,5.178933,5.219712,5.117764,5.148349,188200038
2022-06-08,5.189128,5.311465,5.117764,5.301270,314602272
2022-06-09,5.270686,5.291075,5.127959,5.168738,207816836
2022-06-10,5.076986,5.280881,5.046401,5.250296,265146587
2022-06-13,5.178933,5.280881,5.117764,5.178933,231602778
2022-06-14,5.117764,5.148349,4.811922,5.066791,373898128
2022-06-15,5.036206,5.250296,5.015817,5.158544,344973072
2022-06-16,5.219712,5.291075,5.107570,5.127959,248663713
2022-06-17,5.036206,5.117764,4.995427,5.087180,226914949
2022-06-20,5.076986,5.087180,4.934259,4.954649,262653684
2022-06-21,4.944454,4.964843,4.832312,4.862896,207410139
2022-06-22,4.873090,4.913869,4.781338,4.791532,173975979
2022-06-23,4.781338,4.862896,4.699780,4.852701,221244478
2022-06-24,4.832312,4.842506,4.771143,4.832312,159601996
2022-06-27,4.842506,4.954649,4.822117,4.893480,196704591
2022-06-28,4.903675,5.046401,4.893480,5.046401,285856704
2022-06-29,5.046401,5.087180,4.842506,4.852701,324287088
2022-06-30,4.822117,4.873090,4.811922,4.842506,148137132
2022-07-01,4.801727,4.852701,4.760948,4.832312,113219382
2022-07-04,4.791532,4.822117,4.771143,4.811922,103995312
2022-07-05,4.801727,4.975038,4.791532,4.893480,237394129
2022-07-06,4.811922,4.822117,4.689585,4.720169,212180732
2022-07-07,4.699780,4.811922,4.699780,4.760948,110572621
2022-07-08,4.801727,4.842506,4.740559,4.760948,98126440
2022-07-11,4.730364,4.730364,4.618222,4.659001,126474063
2022-07-12,4.618222,4.709975,4.618222,4.648806,86966586
2022-07-13,4.618222,4.638611,4.567248,4.628417,99344146
2022-07-14,4.628417,4.628417,4.587637,4.587637,71600478
2022-07-15,4.557053,4.567248,4.465300,4.465300,113178151
2022-07-18,4.516274,4.740559,4.516274,4.720169,196320139
2022-07-19,4.740559,4.811922,4.689585,4.740559,137278708
2022-07-20,4.740559,4.740559,4.669195,4.699780,82596831
2022-07-21,4.669195,4.679390,4.618222,4.618222,95477532
2022-07-22,4.618222,4.659001,4.557053,4.618222,87373332
2022-07-25,4.842506,4.873090,4.669195,4.699780,203024804
2022-07-26,4.699780,4.720169,4.628417,4.709975,86368482
2022-07-27,4.689585,4.709975,4.669195,4.679390,64448477
2022-07-28,4.740559,4.750754,4.699780,4.720169,81638663
2022-07-29,4.740559,4.811922,4.699780,4.760948,151523691
2022-08-01,4.720169,4.740559,4.679390,4.720169,100100680
2022-08-02,4.659001,4.659001,4.455106,4.506080,173585547
2022-08-03,4.485690,4.567248,4.434716,4.465300,111901516
2022-08-04,4.455106,4.495885,4.434716,4.485690,78688312
2022-08-05,4.485690,4.587637,4.485690,4.577443,93122517
2022-08-08,4.546858,4.608027,4.526469,4.587637,72050177
2022-08-09,4.577443,4.608027,4.557053,4.597832,80527166
2022-08-10,4.587637,4.730364,4.577443,4.648806,137490723
2022-08-11,4.669195,4.699780,4.638611,4.679390,104409847
2022-08-12,4.669195,4.781338,4.659001,4.750754,148121410
2022-08-15,4.699780,4.730364,4.648806,4.699780,113966803
2022-08-16,4.679390,4.699780,4.648806,4.659001,94839022
2022-08-17,4.679390,4.750754,4.628417,4.740559,132462068
2022-08-18,4.730364,4.750754,4.648806,4.659001,102462683
2022-08-19,4.658998,4.669260,4.587163,4.607687,89315717
2022-08-22,4.587163,4.761619,4.546115,4.751357,163089373
2022-08-23,4.720571,4.761619,4.679522,4.730833,90877018
2022-08-24,4.812930,4.874502,4.720571,4.730833,220083626
2022-08-25,4.741095,4.915551,4.679522,4.895026,333668549
2022-08-26,4.884764,4.895026,4.792405,4.823192,181191924
2022-08-29,4.741095,4.843716,4.700046,4.823192,135506098
2022-08-30,4.802667,4.823192,4.710308,4.741095,110313390
2022-08-31,4.689784,4.710308,4.587163,4.628212,138823806
2022-09-01,4.607687,4.648736,4.576901,4.597425,99657936
2022-09-02,4.587163,4.607687,4.546115,4.566639,76625110
2022-09-05,4.556377,4.607687,4.546115,4.607687,71539512
2022-09-06,4.607687,4.700046,4.597425,4.689784,102599377
2022-09-07,4.669260,5.120793,4.648736,5.059220,578380659
2022-09-08,5.028434,5.079744,4.895026,5.007910,299344964
2022-09-09,5.059220,5.202890,5.028434,5.141317,313783817
2022-09-13,5.202890,5.223414,5.048958,5.079744,233079383
2022-09-14,4.987385,5.069482,4.946337,4.966861,144238887
2022-09-15,4.987385,5.007910,4.812930,4.864240,156515262
2022-09-16,4.874502,4.884764,4.597425,4.607687,237260372
2022-09-19,4.597425,4.658998,4.535853,4.566639,145093211
2022-09-20,4.597425,4.638474,4.566639,4.587163,115220708
2022-09-21,4.556377,4.658998,4.474280,4.638474,139078073
2022-09-22,4.587163,4.648736,4.566639,4.587163,84270536
2022-09-23,4.587163,4.628212,4.494804,4.515328,109760207
2022-09-26,4.443494,4.443494,4.227989,4.238251,228630302
2022-09-27,4.238251,4.299824,4.156155,4.279300,126043159
2022-09-28,4.227989,4.248514,4.115106,4.125368,129185425
2022-09-29,4.166417,4.207465,4.125368,4.145892,89395114
2022-09-30,4.156155,4.258776,4.145892,4.238251,110054651
2022-10-10,4.227989,4.299824,4.176679,4.186941,94811406
2022-10-11,4.217727,4.248514,4.156155,4.217727,69183766
2022-10-12,4.217727,4.279300,4.145892,4.279300,116004296
2022-10-13,4.330610,4.371659,4.289562,4.310086,132794040
2022-10-14,4.351135,4.381921,4.299824,4.361397,118544901
2022-10-17,4.310086,4.351135,4.258776,4.330610,122884972
2022-10-18,4.340873,4.351135,4.279300,4.289562,83930190
2022-10-19,4.279300,4.310086,4.238251,4.238251,66922177
2022-10-20,4.217727,4.258776,4.176679,4.217727,65181257
2022-10-21,4.238251,4.279300,4.207465,4.227989,60785863
2022-10-24,4.238251,4.279300,4.145892,4.166417,79444655
2022-10-25,4.156155,4.197203,4.094582,4.176679,81610676
2022-10-26,4.115106,4.207465,4.104844,4.176679,93585793
2022-10-27,4.186941,4.217727,4.166417,4.176679,80483015
2022-10-28,4.145892,4.145892,4.022747,4.022747,127367537
2022-10-31,3.981699,4.022747,3.950912,3.961174,92600022
2022-11-01,3.971437,4.074058,3.961174,4.074058,77388392
2022-11-02,4.053533,4.145892,4.033009,4.115106,76884286
2022-11-03,4.084320,4.176679,4.063796,4.115106,86140144
2022-11-04,4.104844,4.248514,4.104844,4.227989,134707532
2022-11-07,4.289562,4.402445,4.269038,4.351135,181348567
2022-11-08,4.351135,4.392183,4.310086,4.361397,122495928
2022-11-09,4.392183,4.453756,4.351135,4.361397,121698995
2022-11-10,4.320348,4.361397,4.279300,4.340873,72938969
2022-11-11,4.464018,4.494804,4.402445,4.453756,175229254
2022-11-14,4.535853,4.556377,4.422969,4.443494,122589444
2022-11-15,4.412707,4.505066,4.392183,4.505066,93227794
2022-11-16,4.505066,4.535853,4.474280,4.525591,92396632
2022-11-17,4.494804,4.515328,4.412707,4.474280,95550157
2022-11-18,4.464018,4.474280,4.412707,4.412707,71196656
2022-11-21,4.371659,4.392183,4.320348,4.371659,68232774
2022-11-22,4.371659,4.607687,4.361397,4.453756,154615805
2022-11-23,4.464018,4.597425,4.443494,4.494804,149121031
2022-11-24,4.546115,4.587163,4.474280,4.535853,112260425
2022-11-25,4.535853,4.617949,4.474280,4.587163,119269069
2022-11-28,4.525591,4.556377,4.402445,4.535853,107662597
2022-11-29,4.525591,4.679522,4.515328,4.658998,182725595
2022-11-30,4.617949,4.658998,4.576901,4.587163,105262607
2022-12-01,4.700046,4.710308,4.597425,4.617949,115892236
2022-12-02,4.597425,4.617949,4.525591,4.556377,89449360
2022-12-05,4.617949,5.007910,4.597425,5.007910,443593750
2022-12-06,4.925813,5.100269,4.874502,5.059220,381721887
2022-12-07,4.977123,5.007910,4.874502,4.925813,232591244
2022-12-08,4.884764,4.936075,4.843716,4.915551,126046527
2022-12-09,4.884764,5.069482,4.884764,5.038696,206022656
2022-12-12,4.966861,4.977123,4.823192,4.853978,163791085
2022-12-13,4.843716,4.905289,4.802667,4.843716,107018586
2022-12-14,4.843716,4.946337,4.843716,4.895026,86982415
2022-12-15,4.843716,4.864240,4.761619,4.853978,93593244
2022-12-16,4.792405,4.915551,4.782143,4.864240,76017090
2022-12-19,4.874502,4.884764,4.700046,4.720571,104229728
2022-12-20,4.700046,4.771881,4.658998,4.700046,68229766
2022-12-21,4.720571,4.741095,4.638474,4.648736,62042912
2022-12-22,4.710308,4.792405,4.587163,4.607687,83063480
2022-12-23,4.566639,4.628212,4.515328,4.617949,44471661
2022-12-26,4.617949,4.628212,4.546115,4.597425,51452004
2022-12-27,4.607687,4.741095,4.607687,4.730833,73441367
2022-12-28,4.710308,4.823192,4.679522,4.720571,76221116
2022-12-29,4.710308,4.720571,4.576901,4.576901,69057943
2022-12-30,4.638474,4.648736,4.576901,4.587163,41828933
2023-01-03,4.597425,4.669260,4.515328,4.658998,81173834
2023-01-04,4.628212,4.648736,4.546115,4.566639,71682106
2023-01-05,4.576901,4.628212,4.566639,4.597425,62669566
2023-01-06,4.587163,4.669260,4.576901,4.617949,65085878
2023-01-09,4.638474,4.884764,4.638474,4.812930,162783795
2023-01-10,4.812930,4.977123,4.792405,4.895026,153530929
2023-01-11,4.925813,4.977123,4.905289,4.915551,111940609
2023-01-12,4.946337,4.966861,4.884764,4.915551,75718640
2023-01-13,4.946337,5.018172,4.936075,4.997648,109636057
2023-01-16,5.038696,5.090007,4.977123,5.048958,108832829
2023-01-17,5.038696,5.038696,4.966861,5.018172,70285591
2023-01-18,5.028434,5.202890,5.018172,5.141317,138751687
2023-01-19,5.120793,5.161841,5.100269,5.161841,70424422
2023-01-20,5.172103,5.356821,5.141317,5.336297,176522209
2023-01-30,5.428656,5.459443,5.315773,5.397870,167731544
2023-01-31,5.377346,5.490229,5.326035,5.428656,114165897
2023-02-01,5.479967,5.787830,5.459443,5.685209,232856636
2023-02-02,5.664685,5.674947,5.613374,5.633898,121273168
2023-02-03,5.592850,5.592850,5.438918,5.490229,138976954
2023-02-06,5.428656,5.500491,5.346559,5.438918,104836072
2023-02-07,5.500491,5.531277,5.449180,5.521015,78196365
2023-02-08,5.541539,5.551802,5.428656,5.449180,66199107
2023-02-09,5.428656,5.500491,5.377346,5.469705,57494233
2023-02-10,5.469705,5.469705,5.377346,5.408132,70340300
2023-02-13,5.387608,5.490229,5.356821,5.459443,71213174
2023-02-14,5.479967,5.674947,5.479967,5.582588,121625195
2023-02-15,5.562064,5.705733,5.551802,5.633898,119937206
2023-02-16,5.623636,5.633898,5.367084,5.418394,126505707
2023-02-17,5.449180,5.603112,5.428656,5.479967,103833914
2023-02-20,5.592850,5.921237,5.582588,5.828878,232068926
2023-02-21,5.828878,5.962286,5.798092,5.890451,151786191
2023-02-22,5.818616,5.890451,5.777568,5.798092,89214733
2023-02-23,5.787830,5.828878,5.674947,5.746782,82113847
2023-02-24,5.705733,5.726257,5.603112,5.633898,88344165
2023-02-27,5.603112,5.654423,5.562064,5.592850,71311812
2023-02-28,5.633898,5.685209,5.572326,5.674947,84311785
2023-03-01,5.664685,5.828878,5.654423,5.828878,110597071
2023-03-02,5.828878,5.910975,5.767306,5.849403,102637444
2023-03-03,5.798092,5.910975,5.777568,5.869927,85697116
2023-03-06,5.880189,6.034121,5.746782,5.839141,131813200
2023-03-07,5.839141,6.003334,5.787830,5.869927,158924258
2023-03-08,5.798092,5.828878,5.746782,5.798092,92726919
2023-03-09,5.839141,5.839141,5.654423,5.736519,81336647
2023-03-10,5.674947,5.685209,5.562064,5.603112,90663908
2023-03-13,5.582588,5.757044,5.582588,5.736519,107473778
2023-03-14,5.726257,5.952024,5.715995,5.767306,124712566
2023-03-15,5.798092,5.921237,5.664685,5.869927,107262118
2023-03-16,5.767306,5.777568,5.510753,5.521015,175034784
2023-03-17,5.541539,5.757044,5.541539,5.685209,119693436
2023-03-20,5.695471,5.828878,5.695471,5.705733,93640515
2023-03-21,5.705733,5.746782,5.654423,5.685209,56205700
2023-03-22,5.644160,5.664685,5.438918,5.500491,146434852
2023-03-23,5.490229,5.849403,5.449180,5.798092,197094253
2023-03-24,5.767306,5.828878,5.664685,5.767306,103245022
2023-03-27,5.726257,5.736519,5.592850,5.603112,81137560
2023-03-28,5.603112,5.695471,5.531277,5.541539,72034045
2023-03-29,5.592850,5.603112,5.469705,5.500491,63982144
2023-03-30,5.521015,5.541539,5.397870,5.531277,65660719
2023-03-31,5.521015,5.695471,5.500491,5.664685,96139250
2023-04-03,5.623636,5.695471,5.592850,5.654423,58809972
2023-04-04,5.633898,5.869927,5.592850,5.787830,137295257
2023-04-06,5.746782,5.900713,5.736519,5.849403,96859251
2023-04-07,5.849403,5.962286,5.798092,5.869927,100610156
2023-04-10,5.849403,6.177790,5.849403,6.064907,161499326
2023-04-11,6.054645,6.177790,6.013596,6.157266,155478777
2023-04-12,6.167528,6.413819,6.167528,6.362508,163286883
2023-04-13,6.341984,6.506178,6.311198,6.352246,167945692
2023-04-14,6.444605,6.578013,6.403557,6.526702,139803918
2023-04-17,6.485654,6.814041,6.444605,6.803779,200023552
2023-04-18,6.814041,6.824303,6.598537,6.711420,134382586
2023-04-19,6.701158,6.937186,6.690896,6.772993,137942431
2023-04-20,6.731944,6.762730,6.547226,6.721682,148148097
2023-04-21,6.701158,6.711420,6.495916,6.506178,102376923
2023-04-24,6.506178,6.516440,6.290673,6.321460,138434158
2023-04-25,6.383032,6.403557,6.229101,6.321460,110242612
2023-04-26,6.311198,6.547226,6.218839,6.424081,148544728
2023-04-27,6.413819,6.454867,6.280411,6.362508,74837591
2023-04-28,6.331722,6.670371,6.331722,6.557488,137825240
2023-05-04,6.495916,6.701158,6.413819,6.578013,151202428
2023-05-05,6.536964,6.578013,6.393295,6.485654,108685471
2023-05-08,6.485654,6.772993,6.475391,6.701158,164344773
2023-05-09,6.752468,6.762730,6.516440,6.516440,145551292
2023-05-10,6.475391,6.557488,6.393295,6.454867,86923636
2023-05-11,6.424081,6.444605,6.198314,6.218839,153493491
2023-05-12,6.157266,6.157266,5.890451,5.941762,185304453
2023-05-15,6.013596,6.054645,5.736519,5.921237,166412030
2023-05-16,5.931500,5.993072,5.808354,5.839141,93975623
2023-05-17,5.828878,5.869927,5.736519,5.798092,95657060
2023-05-18,5.859665,5.921237,5.808354,5.828878,67542264
2023-05-19,5.798092,5.839141,5.685209,5.736519,56668773
2023-05-22,5.715995,5.787830,5.644160,5.757044,63768190
2023-05-23,5.726257,5.767306,5.551802,5.562064,113574484
2023-05-24,5.531277,5.562064,5.418394,5.418394,92661582
2023-05-25,5.418394,5.449180,5.264462,5.336297,102558428
2023-05-26,5.326035,5.418394,5.264462,5.397870,69457540
2023-05-29,5.428656,5.582588,5.377346,5.510753,118129632
2023-05-30,5.490229,5.633898,5.438918,5.603112,119087051
2023-05-31,5.541539,5.592850,5.510753,5.551802,75458904
2023-06-01,5.582588,5.623636,5.510753,5.582588,98394898
2023-06-02,5.623636,5.808354,5.592850,5.798092,134671062
2023-06-05,5.767306,5.787830,5.603112,5.633898,93211350
2023-06-06,5.603112,5.808354,5.592850,5.664685,99575537
2023-06-07,5.674947,5.736519,5.613374,5.654423,50320648
2023-06-08,5.623636,5.787830,5.613374,5.746782,70783662
2023-06-09,5.798092,5.859665,5.705733,5.726257,83838901
2023-06-12,5.736519,5.777568,5.674947,5.746782,74045451
2023-06-13,5.715995,5.736519,5.613374,5.674947,81091534
2023-06-14,5.726257,5.869927,5.705733,5.798092,105779009
2023-06-15,5.777568,5.828878,5.695471,5.798092,73195590
2023-06-16,5.808354,6.023859,5.798092,6.003334,153593981
2023-06-19,5.952024,5.952024,5.726257,5.787830,153546122
2023-06-20,5.777568,5.787830,5.685209,5.685209,86662220
2023-06-21,5.654423,5.705733,5.582588,5.592850,59209697
2023-06-26,5.490229,5.603112,5.418394,5.469705,76444941
2023-06-27,5.500491,5.715995,5.469705,5.654423,84847808
2023-06-28,5.715995,5.715995,5.562064,5.654423,57239372
2023-06-29,5.664685,5.664685,5.572326,5.603112,50479899
2023-06-30,5.582588,5.674947,5.582588,5.633898,51279444
2023-07-03,5.633898,5.767306,5.633898,5.757044,88549026
2023-07-04,6.003334,6.064907,5.726257,5.767306,171947784
2023-07-05,5.746782,5.982810,5.736519,5.931500,214223060
2023-07-06,6.003334,6.003334,5.777568,5.798092,135060694
2023-07-07,5.808354,6.383032,5.808354,6.218839,544356084
2023-07-10,6.157266,6.352246,6.013596,6.013596,375474768
2023-07-11,5.982810,6.003334,5.828878,5.900713,223579764
2023-07-12,5.869927,5.952024,5.839141,5.890451,164783460
2023-07-13,5.900713,6.064907,5.900713,6.054645,202021393
2023-07-14,6.105955,6.239363,6.023859,6.044383,205903554
2023-07-17,5.962286,5.993072,5.849403,5.890451,113243627
2023-07-18,5.910975,6.003334,5.869927,5.952024,89491295
2023-07-19,5.921237,5.972548,5.880189,5.952024,77595046
2023-07-20,5.952024,6.136742,5.941762,6.013596,154519496
2023-07-21,6.013596,6.054645,5.962286,6.013596,77339524
2023-07-24,5.993072,5.993072,5.880189,5.910975,90906181
2023-07-25,6.013596,6.352246,6.013596,6.249625,267747449
2023-07-26,6.280411,6.362508,6.198314,6.270149,116701557
2023-07-27,6.270149,6.393295,6.218839,6.270149,125059118
2023-07-28,6.229101,6.444605,6.188052,6.372770,157191809
2023-07-31,6.434343,6.660109,6.434343,6.536964,148436183
2023-08-01,6.567750,6.670371,6.444605,6.495916,160503315
2023-08-02,6.454867,6.567750,6.403557,6.536964,117933486
2023-08-03,6.506178,6.536964,6.403557,6.495916,83972695
2023-08-04,6.567750,6.629323,6.454867,6.475391,110244673
2023-08-07,6.454867,6.516440,6.424081,6.485654,81062410
2023-08-08,6.444605,6.608799,6.444605,6.557488,80638267
2023-08-09,6.557488,6.557488,6.403557,6.475391,89178717
2023-08-10,6.516440,6.536964,6.465129,6.475391,56782553
2023-08-11,6.475391,6.495916,6.290673,6.300936,98130510
2023-08-14,6.157266,6.341984,6.126480,6.280411,92717441
2023-08-15,6.270149,6.321460,6.157266,6.229101,67476840
2023-08-16,6.208577,6.249625,6.136742,6.147004,64853259
2023-08-17,6.116218,6.218839,6.044383,6.198314,80302138
2023-08-18,6.229310,6.270632,6.115674,6.115674,72355494
2023-08-21,6.084682,6.187987,6.053691,6.053691,52825308
2023-08-22,6.064021,6.177657,6.053691,6.167326,86771093
2023-08-23,6.126004,6.177657,5.991707,6.012368,92993382
2023-08-24,6.043360,6.239640,6.033030,6.136335,116716101
2023-08-25,6.105343,6.115674,5.981377,6.012368,80422055
2023-08-28,6.425590,6.425590,6.105343,6.136335,106478315
2023-08-29,6.105343,6.156996,6.033030,6.136335,129784403
2023-08-30,6.136335,6.249971,6.043360,6.084682,110551989
2023-08-31,6.095013,6.218979,6.064021,6.115674,107405157
2023-09-01,6.146665,6.570217,6.126004,6.518564,264599930
2023-09-04,6.559887,7.066083,6.539225,7.045421,335268521
2023-09-05,6.973108,7.004099,6.880133,6.973108,166642634
2023-09-06,6.962777,7.014430,6.818150,6.993769,118367850
2023-09-07,6.952447,7.097074,6.869802,6.921455,126972820
2023-09-08,6.921455,6.942116,6.725175,6.787158,97101391
2023-09-11,6.849141,6.931786,6.818150,6.880133,97719819
2023-09-12,6.921455,6.952447,6.766497,6.776828,73170142
2023-09-13,6.756167,6.900794,6.714844,6.818150,84619270
2023-09-14,6.807819,6.931786,6.787158,6.890464,107560606
2023-09-15,6.962777,7.076413,6.859472,6.900794,163150856
2023-09-18,6.859472,6.880133,6.725175,6.797489,89948617
2023-09-19,6.787158,6.869802,6.766497,6.828480,69217724
2023-09-20,6.797489,6.869802,6.766497,6.776828,53436622
2023-09-21,6.807819,6.838811,6.673522,6.704514,74713393
2023-09-22,6.663192,6.745836,6.539225,6.683853,102054079
2023-09-25,6.683853,6.756167,6.580548,6.590878,58792640
2023-09-26,6.580548,6.673522,6.570217,6.570217,55983831
2023-09-27,6.559887,6.601209,6.477242,6.508234,71873831
2023-09-28,6.528895,6.590878,6.466912,6.487573,64509167
2023-10-09,6.446251,6.549556,6.342945,6.518564,74126521
2023-10-10,6.528895,6.559887,6.456581,6.477242,46889633
2023-10-11,6.528895,6.559887,6.353276,6.415259,82953000
2023-10-12,6.435920,6.518564,6.425590,6.508234,69135151
2023-10-13,6.456581,6.466912,6.291293,6.311954,82669153
2023-10-16,6.332615,6.373937,6.239640,6.260301,51887330
2023-10-17,6.270632,6.280962,6.187987,6.239640,71241814
2023-10-18,6.249971,6.322284,6.229310,6.239640,66166035
2023-10-19,6.229310,6.249971,6.126004,6.146665,62469766
2023-10-20,6.146665,6.198318,6.095013,6.105343,61170258
2023-10-23,6.084682,6.084682,5.805758,5.878072,92499088
2023-10-24,5.857411,5.950385,5.857411,5.929724,67787439
2023-10-25,6.095013,6.301623,6.053691,6.095013,125226660
2023-10-26,6.074352,6.208649,5.991707,6.198318,85414902
2023-10-27,6.156996,6.353276,6.146665,6.239640,88195501
2023-10-30,6.249971,6.415259,6.229310,6.342945,84838871
2023-10-31,6.322284,6.425590,6.322284,6.404929,76440396
2023-11-01,6.404929,6.487573,6.291293,6.477242,85515560
2023-11-02,6.487573,6.570217,6.353276,6.373937,105316521
2023-11-03,6.404929,6.415259,6.208649,6.229310,114815030
2023-11-06,6.270632,6.291293,6.043360,6.064021,170539500
2023-11-07,6.033030,6.053691,5.960716,6.022699,122421242
2023-11-08,6.022699,6.022699,5.909063,5.950385,106483608
2023-11-09,5.960716,5.981377,5.909063,5.960716,93023125
2023-11-10,5.929724,5.940055,5.826419,5.867741,90465755
2023-11-13,5.857411,5.878072,5.795427,5.867741,101059039
2023-11-14,5.867741,6.043360,5.857411,6.002038,153941572
2023-11-15,6.074352,6.249971,6.043360,6.074352,160768714
2023-11-16,6.053691,6.053691,5.929724,5.991707,86315935
2023-11-17,5.950385,6.022699,5.888402,6.012368,88316513
2023-11-20,6.043360,6.043360,5.898733,5.950385,89099081
2023-11-21,5.950385,6.126004,5.940055,6.033030,132460731
2023-11-22,6.002038,6.012368,5.867741,5.867741,120877328
2023-11-23,5.836749,5.909063,5.805758,5.898733,54622122
2023-11-24,5.888402,5.919394,5.816088,5.847080,65830546
2023-11-27,5.836749,5.878072,5.733444,5.795427,89763457
2023-11-28,5.795427,5.826419,5.723114,5.826419,72797069
2023-11-29,5.826419,5.867741,5.764436,5.774766,63100346
2023-11-30,5.743775,5.785097,5.681792,5.723114,78514746
2023-12-01,5.723114,5.785097,5.671461,5.774766,81105946
2023-12-04,5.785097,5.867741,5.630139,5.661130,156042486
2023-12-05,5.588817,5.619808,5.495842,5.516503,101102457
2023-12-06,5.495842,5.516503,5.433859,5.485511,86655093
2023-12-07,5.464850,5.495842,5.382206,5.444189,93062705
2023-12-08,5.444189,5.464850,5.371876,5.402867,79494937
2023-12-11,5.340884,5.413198,5.247909,5.402867,121084596
2023-12-12,5.361545,5.413198,5.299562,5.402867,88005212
2023-12-13,5.402867,5.402867,5.237579,5.258240,94602417
2023-12-14,5.320223,5.351215,5.268570,5.278901,61708719
2023-12-15,5.371876,5.464850,5.278901,5.278901,99850457
2023-12-18,5.247909,5.309892,5.206587,5.247909,65790270
2023-12-19,5.247909,5.268570,5.206587,5.258240,64559084
2023-12-20,5.258240,5.320223,5.247909,5.258240,90627879
2023-12-21,5.247909,5.330553,5.206587,5.330553,86638695
2023-12-22,5.330553,5.609478,5.299562,5.568156,241667114
2023-12-25,5.506172,5.588817,5.475181,5.588817,108885580
2023-12-26,5.557825,5.650800,5.547495,5.547495,80146378
2023-12-27,5.547495,5.702453,5.547495,5.692122,114492424
2023-12-28,5.754105,5.826419,5.733444,5.764436,154097107
2023-12-29,5.733444,5.836749,5.702453,5.826419,128845776
2024-01-02,5.857411,5.888402,5.754105,5.836749,146857825
2024-01-03,5.805758,5.888402,5.785097,5.816088,129482523
2024-01-04,5.764436,5.785097,5.702453,5.785097,94306846
2024-01-05,5.754105,5.826419,5.712783,5.743775,83943121
2024-01-08,5.702453,5.754105,5.661130,5.743775,85618314
2024-01-09,5.681792,5.785097,5.630139,5.723114,70040851
2024-01-10,5.702453,5.774766,5.650800,5.692122,69318568
2024-01-11,5.681792,5.702453,5.609478,5.640469,82603077
2024-01-12,5.609478,5.795427,5.588817,5.702453,88945021
2024-01-15,5.661130,5.754105,5.640469,5.692122,58299283
2024-01-16,5.671461,5.712783,5.588817,5.692122,66380975
2024-01-17,5.692122,5.692122,5.485511,5.495842,74928189
2024-01-18,5.464850,5.495842,5.258240,5.464850,106538993
2024-01-19,5.444189,5.526834,5.392537,5.433859,63440420
2024-01-22,5.402867,5.423528,5.134273,5.185926,95501368
2024-01-23,5.165265,5.227248,5.061960,5.175596,84214068
2024-01-24,5.278901,5.454520,5.196257,5.444189,108911132
2024-01-25,5.423528,5.836749,5.402867,5.826419,190460217
2024-01-26,5.785097,5.991707,5.764436,5.919394,186148469
2024-01-29,6.043360,6.146665,5.919394,5.940055,179789877
2024-01-30,5.847080,6.022699,5.816088,5.867741,124595358
2024-01-31,5.836749,6.033030,5.774766,5.878072,157047293
2024-02-01,5.836749,5.909063,5.681792,5.764436,124789948
2024-02-02,5.764436,5.898733,5.537164,5.723114,132343794
2024-02-05,5.609478,5.785097,5.557825,5.681792,140699489
2024-02-06,5.588817,5.847080,5.568156,5.836749,153604678
2024-02-07,5.816088,5.919394,5.733444,5.919394,167639690
2024-02-08,5.940055,5.960716,5.805758,5.888402,149812105
2024-02-19,5.950385,6.095013,5.898733,6.095013,154047329
2024-02-20,6.064021,6.187987,5.991707,6.095013,121264519
2024-02-21,6.115674,6.353276,6.095013,6.218979,150359295
2024-02-22,6.198318,6.301623,6.156996,6.291293,112110981
2024-02-23,6.311954,6.404929,6.260301,6.363606,116561071
2024-02-26,6.301623,6.404929,6.146665,6.146665,143438024
2024-02-27,6.115674,6.291293,6.105343,6.260301,105543739
2024-02-28,6.239640,6.322284,6.156996,6.156996,115782323
2024-02-29,6.105343,6.249971,6.105343,6.249971,91106682
2024-03-01,6.249971,6.363606,6.249971,6.322284,94927718
2024-03-04,6.353276,6.456581,6.311954,6.425590,117449745
2024-03-05,6.425590,6.487573,6.373937,6.456581,87236598
2024-03-06,6.456581,6.508234,6.394598,6.477242,90769760
2024-03-07,6.487573,6.869802,6.466912,6.694183,210178253
2024-03-08,6.745836,6.900794,6.621870,6.880133,164052809
2024-03-11,6.849141,6.911125,6.683853,6.828480,146579432
2024-03-12,6.787158,6.797489,6.497903,6.570217,178146653
2024-03-13,6.549556,6.725175,6.456581,6.652861,138258834
2024-03-14,6.735506,6.900794,6.642531,6.683853,148849106
2024-03-15,6.632200,6.962777,6.570217,6.952447,202203104
2024-03-18,6.993769,7.148727,6.828480,7.004099,181763244
2024-03-19,6.931786,7.128066,6.880133,6.911125,126451482
2024-03-20,6.849141,6.993769,6.776828,6.890464,111587713
2024-03-21,7.024760,7.262363,6.931786,7.138396,181720038
2024-03-22,7.097074,7.283024,7.055752,7.128066,168083222
2024-03-25,7.128066,7.561948,7.117735,7.396659,257900076
2024-03-26,7.396659,7.458643,7.293354,7.417321,135164261
2024-03-27,7.365668,7.489634,7.293354,7.334676,128365687
2024-03-28,7.334676,7.437982,7.190049,7.345007,204696485
2024-03-29,7.396659,7.654923,7.396659,7.644592,215383094
2024-04-01,7.737567,7.747897,7.396659,7.458643,256024354
2024-04-02,7.406990,7.561948,7.375998,7.468973,167724771
2024-04-03,7.541287,7.768559,7.448312,7.737567,279016305
2024-04-08,7.737567,7.985500,7.510295,7.572278,322542445
2024-04-09,7.468973,7.634262,7.355337,7.437982,214004409
2024-04-10,7.479304,7.572278,7.345007,7.468973,174787412
2024-04-11,7.365668,7.789220,7.293354,7.572278,203420809
2024-04-12,7.592940,7.768559,7.499965,7.665253,172512072
2024-04-15,7.799550,7.851203,7.437982,7.830542,264034394
2024-04-16,7.696245,7.830542,7.386329,7.406990,217133914
2024-04-17,7.417321,7.706575,7.375998,7.696245,179229871
2024-04-18,7.582609,7.634262,7.448312,7.603270,164961449
2024-04-19,7.603270,7.778889,7.479304,7.541287,163596161
2024-04-22,7.634262,7.871864,7.541287,7.551617,264554051
2024-04-23,7.386329,7.386329,7.086744,7.117735,318619668
2024-04-24,7.128066,7.314015,7.086744,7.314015,155162693
2024-04-25,7.293354,7.685914,7.252032,7.592940,199554396
2024-04-26,7.499965,7.830542,7.489634,7.778889,227284602
2024-04-29,7.747897,7.789220,7.541287,7.685914,161382875
2024-04-30,7.716906,7.933847,7.654923,7.665253,163583734
2024-05-06,7.675584,7.716906,7.386329,7.696245,179209511
2024-05-07,7.685914,8.057813,7.665253,7.944178,249547482
2024-05-08,7.861533,7.975169,7.747897,7.882194,121745505
2024-05-09,7.882194,8.243763,7.861533,8.181780,219478324
2024-05-10,8.223102,8.316077,8.047483,8.161119,169456723
2024-05-13,8.006161,8.130127,7.882194,8.078474,164597271
2024-05-14,8.109466,8.202441,7.995830,8.119797,141601838
2024-05-15,8.026822,8.068144,7.820211,7.861533,144067679
2024-05-16,7.944178,8.078474,7.882194,7.902855,139492732
2024-05-17,7.902855,8.026822,7.809881,8.026822,99271446
2024-05-20,8.202441,8.522687,8.047483,8.409051,302824221
2024-05-21,8.770620,8.811942,8.264424,8.336738,318998086
2024-05-22,8.398721,8.491696,8.109466,8.181780,199418581
2024-05-23,7.892525,8.057813,7.747897,7.923517,192760070
2024-05-24,7.892525,7.995830,7.778889,7.820211,192021828
2024-05-27,7.861533,8.295416,7.851203,8.274755,213354160
2024-05-28,8.357399,8.625993,8.274755,8.398721,205985942
2024-05-29,8.409051,8.780950,8.367729,8.708637,230531917
2024-05-30,8.863595,9.059875,8.481365,8.553679,262699900
2024-05-31,8.574340,8.625993,8.347068,8.460704,138938039
2024-06-03,8.347068,8.471035,8.161119,8.254093,173951641
2024-06-04,8.254093,8.440043,8.099136,8.357399,196914912
2024-06-05,8.326407,8.326407,8.006161,8.026822,180195915
2024-06-06,8.057813,8.305746,8.047483,8.202441,158686803
2024-06-07,8.254093,8.305746,8.026822,8.181780,117557585
2024-06-11,7.882194,8.078474,7.840872,7.944178,141423304
2024-06-12,7.913186,8.171449,7.913186,8.119797,106229633
2024-06-13,8.068144,8.171449,7.820211,7.913186,131074539
2024-06-14,7.871864,8.006161,7.851203,7.985500,116277062
2024-06-17,7.871864,7.995830,7.706575,7.737567,147844239
2024-06-18,7.758228,7.871864,7.644592,7.799550,108110629
2024-06-19,7.851203,8.037152,7.809881,7.892525,117359463
2024-06-20,7.892525,8.037152,7.851203,7.892525,98203695
2024-06-21,7.944178,7.975169,7.778889,7.830542,97464349
2024-06-24,7.654923,7.768559,7.582609,7.654923,119226555
2024-06-25,7.644592,7.892525,7.623931,7.799550,121032612
2024-06-26,7.789220,7.820211,7.603270,7.799550,103366671
2024-06-27,7.737567,7.768559,7.561948,7.592940,85925315
2024-06-28,7.572278,7.933847,7.551617,7.882194,122653083
2024-07-01,7.902855,8.171449,7.892525,8.171449,121613859
2024-07-02,8.161119,8.161119,7.954508,8.057813,110951752
2024-07-03,8.078474,8.119797,7.840872,7.923517,105558998
2024-07-04,7.964839,8.068144,7.830542,7.840872,104167389
2024-07-05,7.830542,7.975169,7.727236,7.944178,101810957
2024-07-08,7.954508,8.109466,7.902855,7.995830,131477081
2024-07-09,8.026822,8.347068,7.995830,8.326407,160513411
2024-07-10,8.254093,8.305746,7.727236,7.809881,228069835
2024-07-11,7.820211,8.130127,7.592940,8.057813,185017198
2024-07-12,8.367729,8.574340,8.130127,8.181780,332400816
2024-07-15,8.161119,8.471035,8.047483,8.316077,167993312
2024-07-16,8.274755,8.347068,8.109466,8.171449,158129742
2024-07-17,8.109466,8.130127,7.561948,7.582609,282183482
2024-07-18,7.489634,7.613601,7.314015,7.603270,157482930
2024-07-19,7.468973,7.561948,7.324346,7.499965,124766237
2024-07-22,7.499965,7.706575,7.448312,7.665253,142417622
2024-07-23,7.644592,7.696245,7.231371,7.241702,164102107
2024-07-24,7.241702,7.262363,7.035091,7.138396,140542204
2024-07-25,7.076413,7.107405,6.890464,6.952447,128144107
2024-07-26,7.015171,7.255631,6.994261,7.130174,118168612
2024-07-29,7.151083,7.224267,7.056990,7.151083,72915007
2024-07-30,7.067445,7.077900,6.879258,6.910623,126837639
2024-07-31,6.921078,7.234722,6.921078,7.213812,124475810
2024-08-01,7.307905,7.443818,7.088354,7.151083,179908834
2024-08-02,7.025626,7.036080,6.806075,6.868804,203161273
2024-08-05,6.764256,6.879258,6.607434,6.649253,184833616
2024-08-06,6.691072,6.732891,6.544705,6.670162,119496288
2024-08-07,6.680617,6.774710,6.617888,6.711982,102740679
2024-08-08,6.659708,6.722436,6.607434,6.680617,79891596
2024-08-09,6.795620,6.952442,6.753801,6.764256,149345807
2024-08-12,6.764256,6.973352,6.753801,6.858349,119511703
2024-08-13,6.889713,6.941987,6.774710,6.858349,78988922
2024-08-14,6.847894,6.858349,6.711982,6.722436,71250281
2024-08-15,6.701527,6.900168,6.670162,6.847894,105175998
2024-08-16,6.921078,7.036080,6.900168,6.921078,115971110
2024-08-19,7.004716,7.213812,6.983806,7.119719,155711327
2024-08-20,7.171993,7.171993,6.952442,7.004716,112943980
2024-08-21,7.004716,7.109264,6.962897,7.098809,118535116
2024-08-22,7.088354,7.109264,6.962897,7.067445,95051155
2024-08-23,7.025626,7.140628,6.962897,7.088354,78215335
2024-08-26,7.182448,7.224267,7.067445,7.182448,101264778
2024-08-27,7.171993,7.255631,7.130174,7.203357,102305902
2024-08-28,7.203357,7.318360,7.088354,7.171993,126551654
2024-08-29,7.109264,7.245176,6.962897,7.151083,134711014
2024-08-30,7.119719,7.234722,6.994261,7.140628,142225272
2024-09-02,7.067445,7.140628,6.983806,7.077900,115109414
2024-09-03,7.056990,7.255631,7.046535,7.140628,110398606
2024-09-04,7.036080,7.046535,6.816530,6.910623,133608780
2024-09-05,6.921078,6.983806,6.670162,6.753801,133551295
2024-09-06,6.795620,6.816530,6.722436,6.753801,68660307
2024-09-09,6.670162,6.701527,6.523795,6.628343,113028627
2024-09-10,6.638798,6.670162,6.481976,6.586524,97535765
2024-09-11,6.565614,6.586524,6.408792,6.534250,100072391
2024-09-12,6.586524,6.701527,6.513340,6.596979,94821576
2024-09-13,6.659708,6.764256,6.596979,6.607434,105015541
2024-09-18,6.680617,6.931532,6.649253,6.879258,135340625
2024-09-19,6.889713,7.297450,6.837439,7.297450,196312940
2024-09-20,7.224267,7.401998,7.171993,7.381089,162073786
2024-09-23,7.307905,7.401998,7.224267,7.318360,110779046
2024-09-24,7.401998,7.673823,7.381089,7.579730,196760119
2024-09-25,7.736552,7.966558,7.684278,7.726097,225547304
2024-09-26,7.715642,8.207018,7.673823,8.196563,199524272
2024-09-27,8.353385,8.593846,8.353385,8.499752,114575439
2024-09-30,8.782032,9.325682,8.782032,9.304772,325958617
2024-10-08,10.109792,10.162066,8.750668,9.106131,612233944
2024-10-09,8.886580,8.886580,8.290656,8.353385,365056483
2024-10-10,8.457933,9.147950,8.447478,8.876125,327788343
2024-10-11,8.970218,9.200224,8.677484,8.907490,264888863
2024-10-14,9.116586,9.639326,9.116586,9.503413,423082173
2024-10-15,9.336136,9.357046,8.897035,8.897035,273428862
2024-10-16,8.729758,9.147950,8.708848,9.043402,192436023
2024-10-17,9.127040,9.304772,8.886580,8.897035,183624360
2024-10-18,8.802942,9.106131,8.771577,8.938854,236161880
2024-10-21,9.022492,9.273408,8.907490,9.158405,228666561
2024-10-22,9.095676,9.262953,8.970218,9.242043,171198521
2024-10-23,9.262953,9.304772,9.001583,9.116586,189929305
2024-10-24,9.022492,9.294317,8.938854,9.221134,181203156
2024-10-25,9.085221,9.106131,8.813396,8.876125,279195839
2024-10-28,8.907490,9.106131,8.897035,8.970218,189761154
2024-10-29,8.917944,8.917944,8.687939,8.729758,169548815
2024-10-30,8.311566,8.311566,7.956103,8.039741,523755239
2024-10-31,7.997922,8.133834,7.924738,7.977012,252052395
2024-11-01,8.008377,8.520662,8.008377,8.301111,397514759
2024-11-04,8.426569,8.426569,8.081560,8.280202,274049361
2024-11-05,8.238382,8.510207,8.175654,8.457933,271729072
2024-11-06,8.552026,8.761122,8.489298,8.614755,302978368
2024-11-07,8.499752,8.897035,8.416114,8.865670,296238801
2024-11-08,9.095676,9.200224,8.771577,8.886580,301533713
2024-11-11,8.771577,8.771577,8.572936,8.771577,227550042
2024-11-12,8.698394,8.761122,8.363840,8.426569,290554646
2024-11-13,8.374295,8.531117,8.332476,8.468388,121895960
2024-11-14,8.468388,8.572936,8.290656,8.311566,136722142
2024-11-15,8.290656,8.520662,8.269747,8.342930,149878608
2024-11-18,7.935193,8.353385,7.882919,8.154744,250881808
2024-11-19,8.154744,8.311566,8.081560,8.301111,134919207
2024-11-20,8.342930,8.489298,8.238382,8.269747,138271942
2024-11-21,8.259292,8.353385,8.144289,8.290656,113600942
2024-11-22,8.259292,8.322021,7.977012,7.997922,128124241
2024-11-25,7.987467,8.112925,7.841100,7.914284,108407114
2024-11-26,7.872464,8.018832,7.820190,7.914284,79610605
2024-11-27,7.893374,7.997922,7.788826,7.987467,96307067
2024-11-28,7.987467,8.008377,7.851555,7.862010,98575885
2024-11-29,7.851555,7.956103,7.736552,7.862010,115711950
2024-12-02,7.872464,7.966558,7.851555,7.935193,142230415
2024-12-03,7.945648,7.977012,7.820190,7.935193,123568957
2024-12-04,8.112925,8.154744,7.924738,7.987467,218884831
2024-12-05,7.956103,7.997922,7.851555,7.882919,148401126
2024-12-06,7.862010,7.997922,7.841100,7.987467,155111815
2024-12-09,7.966558,8.092015,7.935193,7.987467,153599414
2024-12-10,8.186108,8.353385,7.997922,8.018832,238581656
2024-12-11,7.987467,8.353385,7.977012,8.238382,265224566
2024-12-12,8.154744,8.248837,8.154744,8.207018,127995568
2024-12-13,8.154744,8.196563,7.924738,7.945648,193760308
2024-12-16,7.924738,7.956103,7.767916,7.788826,133375884
2024-12-17,7.747007,7.799281,7.642459,7.726097,124705223
2024-12-18,7.736552,7.830645,7.694733,7.715642,99188885
2024-12-19,7.642459,7.736552,7.537911,7.726097,97712112
2024-12-20,7.726097,7.778371,7.590185,7.611094,88121486
2024-12-23,7.611094,7.726097,7.590185,7.621549,107860873
2024-12-24,7.600640,7.767916,7.590185,7.767916,99027637
2024-12-25,7.778371,7.778371,7.684278,7.715642,60567506
2024-12-26,7.715642,7.820190,7.663368,7.778371,80820737
2024-12-27,7.778372,7.873488,7.683256,7.693824,111498955
2024-12-30,7.683256,7.936898,7.672687,7.905193,152277560
2024-12-31,7.894625,7.936898,7.767803,7.767803,106095258
2025-01-02,7.757235,7.862919,7.535298,7.609277,130703562
2025-01-03,7.588140,7.894625,7.577571,7.714961,180001546
2025-01-06,7.662119,7.799509,7.524729,7.588140,135571631
2025-01-07,7.567003,7.736098,7.482456,7.609277,128898156
2025-01-08,7.598708,7.598708,7.355634,7.471887,144671025
2025-01-09,7.461319,7.693824,7.408476,7.630414,141622533
2025-01-10,7.683256,7.799509,7.567003,7.693824,135467479
2025-01-13,7.662119,7.958035,7.619845,7.852351,180303312
2025-01-14,7.810077,7.968604,7.767803,7.968604,144878113
2025-01-15,7.947467,8.063720,7.746667,7.820646,131471502
2025-01-16,7.894625,8.222246,7.862919,8.211678,261282601
2025-01-17,8.190541,8.264520,8.095425,8.243383,128245110
2025-01-20,8.296225,8.327931,8.148267,8.201109,108302970
2025-01-21,8.222246,8.243383,8.074288,8.105993,92107408
2025-01-22,8.116562,8.158836,8.010878,8.127130,91781238
2025-01-23,8.158836,8.201109,8.032014,8.053151,112247938
2025-01-24,8.084857,8.327931,8.063720,8.317362,168465864
2025-01-27,8.296225,8.380773,8.137699,8.201109,144903462
2025-02-05,8.264520,8.338499,8.158836,8.285657,137014704
2025-02-06,8.306794,8.338499,8.074288,8.084857,194998526
2025-02-07,8.095425,8.327931,7.979172,8.264520,205187467
2025-02-10,8.222246,8.518163,8.211678,8.327931,191160243
2025-02-11,8.306794,8.423047,8.253952,8.296225,125674256
2025-02-12,8.243383,8.264520,8.053151,8.127130,138858443
2025-02-13,8.116562,8.158836,7.989741,7.989741,140124753
2025-02-14,7.968604,8.148267,7.968604,8.095425,127073227
2025-02-17,8.053151,8.095425,7.831214,7.915762,187001396
2025-02-18,7.915762,7.958035,7.841782,7.873488,105694441
2025-02-19,7.873488,7.968604,7.820646,7.915762,108054049
2025-02-20,7.905193,7.947467,7.831214,7.936898,88016869
2025-02-21,7.989741,8.285657,7.968604,8.137699,217378558
2025-02-24,8.074288,8.148267,7.947467,8.127130,138845207
2025-02-25,8.063720,8.095425,7.831214,7.841782,143614530
2025-02-26,7.841782,7.968604,7.767803,7.831214,126500058
2025-02-27,7.831214,7.831214,7.567003,7.640982,193040157
2025-02-28,7.619845,7.683256,7.556435,7.556435,112463845
2025-03-03,7.609277,7.862919,7.567003,7.725530,202935602
2025-03-04,7.725530,7.736098,7.588140,7.651551,100915294
2025-03-05,7.651551,7.841782,7.556435,7.831214,167596126
2025-03-06,7.905193,8.095425,7.894625,8.084857,217610917
2025-03-07,8.095425,8.253952,8.053151,8.169404,155591527
2025-03-10,8.243383,8.275089,8.116562,8.232815,121477007
2025-03-11,8.137699,8.158836,7.989741,8.158836,128287939
2025-03-12,8.158836,8.285657,8.148267,8.179973,106268610
2025-03-13,8.148267,8.264520,8.127130,8.243383,105245411
2025-03-14,8.327931,8.370204,8.222246,8.243383,119448142
2025-03-17,8.211678,8.296225,8.116562,8.127130,110546814
2025-03-18,8.169404,8.275089,8.116562,8.190541,94567471
2025-03-19,8.148267,8.169404,8.053151,8.127130,85994739
2025-03-20,8.169404,8.275089,8.148267,8.179973,106782404
2025-03-21,8.148267,8.232815,7.989741,8.010878,100001704
2025-03-24,8.042583,8.317362,7.989741,8.275089,185365945
2025-03-25,8.306794,8.433615,8.243383,8.317362,125572009
2025-03-26,8.349068,8.423047,8.105993,8.116562,150225928
2025-03-27,8.084857,8.137699,7.989741,8.084857,108694001
2025-03-28,8.042583,8.116562,7.936898,8.010878,140304186
2025-03-31,7.947467,8.000309,7.831214,7.884056,113849446
2025-04-01,7.915762,8.063720,7.852351,8.042583,124520998
2025-04-02,8.000309,8.053151,7.862919,7.884056,94661915
2025-04-03,7.820646,7.831214,7.556435,7.577571,205172086
2025-04-07,6.869486,6.975170,6.816644,6.816644,176584500
2025-04-08,6.901191,6.932897,6.478454,6.636980,358227054
2025-04-09,6.594707,6.732096,6.298790,6.732096,316222819
2025-04-10,6.901191,7.017444,6.795507,7.006876,252877632
2025-04-11,6.922328,6.975170,6.848349,6.932897,156217460
2025-04-14,6.996307,7.059718,6.932897,6.954034,175126488
2025-04-15,6.943465,6.943465,6.774370,6.816644,168271933
2025-04-16,6.816644,6.827212,6.679254,6.774370,145291982
2025-04-17,6.732096,6.795507,6.700391,6.763802,131056415
2025-04-18,6.732096,6.784938,6.700391,6.763802,91703054
2025-04-21,6.753233,6.922328,6.732096,6.911760,153169510
2025-04-22,6.890623,6.901191,6.848349,6.848349,113835251
2025-04-23,6.901191,6.922328,6.848349,6.890623,114372576
2025-04-24,6.901191,6.922328,6.806075,6.848349,120958178
2025-04-25,6.890623,7.080855,6.890623,6.985739,233590160
2025-04-28,6.954034,6.964602,6.795507,6.848349,169276050
2025-04-29,6.806075,6.827212,6.742665,6.784938,111622090
2025-04-30,6.795507,6.806075,6.753233,6.763802,96450023
2025-05-06,6.795507,6.858918,6.784938,6.858918,137646880
2025-05-07,6.932897,6.954034,6.827212,6.869486,151953123
2025-05-08,6.827212,6.890623,6.806075,6.869486,124127267
2025-05-09,6.858918,6.922328,6.774370,6.784938,142009220
2025-05-12,6.837781,6.964602,6.816644,6.964602,215971703
2025-05-13,7.038581,7.080855,6.954034,6.964602,178073655
2025-05-14,7.006876,7.154834,6.996307,7.154834,203691625
2025-05-15,7.154834,7.175971,7.049149,7.070286,144227710
2025-05-16,7.038581,7.080855,6.964602,6.985739,112471900
2025-05-19,7.059718,7.144265,6.996307,6.996307,150769720
2025-05-20,6.996307,7.038581,6.964602,7.006876,102796980
2025-05-21,7.017444,7.207676,6.985739,7.175971,202522991
2025-05-22,7.112560,7.154834,7.038581,7.049149,122349669
2025-05-23,7.028013,7.080855,6.996307,6.996307,92665045
2025-05-26,6.985739,7.038581,6.932897,6.985739,88734683
2025-05-27,6.985739,6.985739,6.816644,6.858918,156715396
2025-05-28,6.858918,6.911760,6.858918,6.890623,80939369
2025-05-29,6.890623,6.996307,6.869486,6.975170,104482714
2025-05-30,6.943465,6.964602,6.869486,6.911760,84273806
2025-06-03,7.006876,7.112560,6.954034,7.059718,173091398
2025-06-04,7.059718,7.133697,7.028013,7.059718,97249217
2025-06-05,7.070286,7.091423,7.017444,7.059718,98218698
2025-06-06,7.070286,7.154834,7.059718,7.112560,112919480
2025-06-09,7.112560,7.218245,7.038581,7.207676,154803144
2025-06-10,7.218245,7.271087,7.144265,7.228813,132135364
2025-06-11,7.239381,7.408476,7.218245,7.334497,142208669
2025-06-12,7.334497,7.376771,7.292224,7.313360,118583099
2025-06-13,7.313360,7.345066,7.186539,7.186539,213356430
2025-06-16,7.207676,7.345066,7.186539,7.292224,130901041
2025-06-17,7.281655,7.345066,7.239381,7.323929,80897485
2025-06-18,7.355634,7.397908,7.249950,7.313360,77258193
2025-06-19,7.292224,7.302792,7.154834,7.175971,93481019
2025-06-20,7.186539,7.313360,7.154834,7.292224,103966839
2025-06-23,7.260518,7.345066,7.239381,7.302792,81128394
2025-06-24,7.313360,7.450750,7.302792,7.334497,133141100
2025-06-25,7.334497,7.345066,7.239381,7.313360,129196589
2025-06-26,7.302792,7.419045,7.292224,7.366203,144982926
2025-06-27,7.419045,7.588140,7.419045,7.524729,194750211
2025-06-30,7.535298,7.545866,7.408476,7.440182,153432269
2025-07-01,7.450750,7.482456,7.345066,7.482456,132872891
2025-07-02,7.461319,7.609277,7.429613,7.598708,179127054
2025-07-03,7.619845,7.640982,7.556435,7.588140,114311711
2025-07-04,7.567003,7.640982,7.493024,7.567003,118088508
2025-07-07,7.524729,7.535298,7.429613,7.440182,121982354
2025-07-08,7.408476,7.471887,7.408476,7.461319,104395093
2025-07-09,7.493024,7.514161,7.366203,7.376771,151047107
2025-07-10,7.397908,7.577571,7.397908,7.535298,192319087
2025-07-11,7.545866,7.810077,7.524729,7.683256,231097691
2025-07-14,7.630414,7.736098,7.588140,7.588140,149718471
2025-07-15,7.588140,7.662119,7.461319,7.556435,111182283
2025-07-16,7.514161,7.577571,7.493024,7.514161,82993986
2025-07-17,7.514161,7.609277,7.493024,7.545866,87113385
2025-07-18,7.577571,7.693824,7.556435,7.651551,120837955
2025-07-21,7.841782,8.137699,7.778372,8.063720,299776452
2025-07-22,8.010878,8.211678,7.968604,8.211678,234178049
2025-07-23,8.222246,8.253952,8.063720,8.074288,170940205
2025-07-24,8.042583,8.275089,8.032014,8.253952,201978819
2025-07-25,8.243383,8.380773,8.137699,8.158836,179736175
2025-07-28,8.032014,8.148267,7.926330,8.063720,139916712
2025-07-29,8.063720,8.169404,8.053151,8.148267,125730597
2025-07-30,8.158836,8.285657,8.137699,8.169404,134091168
2025-07-31,8.053151,8.105993,7.820646,7.852351,176504977
2025-08-01,7.831214,7.947467,7.778372,7.810077,95989393
2025-08-04,7.767803,7.873488,7.736098,7.862919,97588218
2025-08-05,7.862919,7.905193,7.820646,7.905193,122327575
2025-08-06,7.894625,8.010878,7.873488,7.958035,124463211
2025-08-07,8.021446,8.074288,7.852351,7.968604,133016554
2025-08-08,7.947095,8.183680,7.914834,8.108403,144864137
2025-08-11,8.119157,8.151418,8.043880,8.076141,127724323
2025-08-12,8.076141,8.205188,8.033126,8.162172,134185542
2025-08-13,8.205188,8.377249,8.183680,8.312726,196215199
2025-08-14,8.280465,8.344988,8.226695,8.226695,151020681
2025-08-15,8.205188,8.646095,8.194434,8.560065,273412177
2025-08-18,8.527803,8.549311,8.301972,8.301972,301586509
2025-08-19,8.312726,8.388003,8.172926,8.205188,195281739
2025-08-20,8.151418,8.312726,8.129911,8.248203,159636196
2025-08-21,8.248203,8.334234,8.205188,8.237449,144437274
2025-08-22,8.237449,8.323480,8.172926,8.301972,152652770
2025-08-25,8.409511,8.732126,8.409511,8.689111,372089558
2025-08-26,8.635342,8.839665,8.570818,8.796649,236324920
2025-08-27,8.796649,8.893434,8.560065,8.570818,268557416
2025-08-28,8.441772,8.495541,8.248203,8.484788,313492162
2025-08-29,8.506295,8.710619,8.388003,8.420265,402046348
2025-09-01,8.527803,8.570818,8.355741,8.441772,325330613
2025-09-02,8.495541,8.570818,8.334234,8.420265,303494608
2025-09-03,8.484788,8.581572,8.291218,8.388003,315093733
2025-09-04,8.344988,8.398757,7.871818,7.990111,346255520
2025-09-05,7.968603,8.312726,7.936341,8.280465,245718804
2025-09-08,8.269711,8.334234,8.129911,8.194434,189788544
2025-09-09,8.215941,8.409511,8.162172,8.237449,222453422
2025-09-10,8.172926,8.215941,8.043880,8.172926,155263979
2025-09-11,8.172926,8.441772,8.151418,8.420265,233402335
2025-09-12,8.581572,8.807403,8.570818,8.646095,414913973
2025-09-15,8.689111,8.785895,8.603080,8.678357,236710788
2025-09-16,8.742880,8.785895,8.291218,8.474034,360081667
2025-09-17,8.431018,8.592326,8.366495,8.549311,207108749
2025-09-18,8.431018,8.431018,8.151418,8.215941,284197361
2025-09-19,8.269711,8.431018,8.215941,8.323480,188364671
2025-09-22,8.366495,8.398757,8.172926,8.269711,151440557
2025-09-23,8.226695,8.301972,8.054634,8.151418,172444416
2025-09-24,8.097649,8.183680,8.000864,8.172926,168063192
2025-09-25,8.258957,8.344988,8.129911,8.183680,224439924
2025-09-26,8.129911,8.301972,8.097649,8.194434,226923259
2025-09-29,8.269711,8.796649,8.215941,8.764388,494872564
2025-09-30,8.742880,8.893434,8.699865,8.861172,317271927
2025-10-09,9.130019,9.345096,8.947203,9.334342,537060471
2025-10-10,9.226803,9.484896,9.119265,9.269819,369705241
2025-10-13,8.904188,9.269819,8.904188,9.216049,375291193
2025-10-14,9.484896,9.968819,9.226803,9.291326,624172965
2025-10-15,9.398865,9.656957,9.269819,9.538665,388002318
2025-10-16,9.463388,9.656957,9.269819,9.377357,309421379
2025-10-17,9.508210,9.660864,9.213804,9.235612,279847593
2025-10-20,9.279227,9.344651,9.072053,9.126573,233492875
2025-10-21,9.213804,9.562729,9.191996,9.399170,297020357
2025-10-22,9.181092,9.595441,9.148380,9.540921,282027131
2025-10-23,9.573633,9.966174,9.486402,9.857135,470458098
2025-10-24,10.031597,10.336907,9.835327,10.064309,415340618
2025-10-27,10.107925,10.260579,9.933462,10.249675,403775537
2025-10-28,10.195156,10.598601,10.075213,10.097021,461288635
2025-10-29,10.227868,10.958430,10.184252,10.805775,494031442
2025-10-30,10.696736,11.449105,10.664024,11.241931,550706179
2025-10-31,11.176508,11.231027,10.849390,10.893006,424832180
2025-11-03,11.056565,11.143796,10.631312,11.089276,402931315
2025-11-04,11.078373,11.329162,10.642216,10.740351,377335607
2025-11-05,10.369618,10.794871,10.315099,10.762159,286561284
2025-11-06,10.762159,11.841646,10.718544,11.841646,696823304
2025-11-07,11.667184,11.983397,11.612664,11.721703,499544339
2025-11-10,11.798031,12.277803,11.645376,12.103340,553630553
2025-11-11,12.103340,12.234187,11.885262,11.972493,338138628
2025-11-12,11.972493,12.801190,11.917974,12.768479,584617873
2025-11-13,12.757575,13.411809,12.594016,13.270058,616600654
2025-11-14,12.921133,13.150115,12.703055,12.713959,450046256
2025-11-17,12.441361,12.528593,12.027013,12.168764,511784258
2025-11-18,11.896166,12.048821,11.579952,11.721703,459397217
2025-11-19,11.754415,12.114244,11.754415,11.972493,352875653
2025-11-20,12.103340,12.321418,11.983397,12.037917,293002683
2025-11-21,11.688992,11.896166,11.449105,11.470913,370727747
2025-11-24,11.536337,11.612664,11.111084,11.438202,333719770
2025-11-25,11.634472,11.667184,11.361874,11.503625,255255830
2025-11-26,11.492721,11.590856,11.263739,11.329162,213504753
2025-11-27,11.569049,11.732607,11.361874,11.383682,244799497
2025-11-28,11.329162,11.601760,11.241931,11.460009,173393401
2025-12-01,11.754415,11.907070,11.525433,11.656280,357066076
2025-12-02,11.569049,11.601760,11.383682,11.536337,163313602
2025-12-03,11.503625,12.288707,11.503625,12.027013,402031691
2025-12-04,12.288707,12.321418,11.819838,11.874358,316820004
2025-12-05,11.907070,12.528593,11.907070,12.430457,385304366
2025-12-08,12.354130,12.365034,12.016109,12.288707,347288026
2025-12-09,12.146956,12.157860,11.427298,11.547241,406731192
2025-12-10,11.536337,11.699895,11.416394,11.688992,205557543
2025-12-11,11.776223,11.863454,11.405490,11.416394,238714984
2025-12-12,11.645376,11.765319,11.558145,11.721703,316042056
2025-12-15,11.481817,11.776223,11.416394,11.492721,204673974
2025-12-16,11.383682,11.449105,11.002045,11.209219,202540915
2025-12-17,11.318259,11.623568,11.252835,11.547241,180582240
2025-12-18,11.547241,11.743511,11.460009,11.481817,144878522
2025-12-19,11.536337,11.917974,11.372778,11.830742,228500452
2025-12-22,12.048821,12.103340,11.841646,11.961589,203505633
2025-12-23,11.874358,12.266899,11.830742,11.961589,226324631
2025-12-24,11.994301,12.092436,11.776223,12.070628,216217792
2025-12-25,11.961589,11.972493,11.798031,11.950685,161778236
2025-12-26,11.983397,13.019269,11.961589,12.910229,473629142
2025-12-29,12.942941,13.019269,12.441361,12.484977,425870836
2025-12-30,12.136052,13.215539,12.125148,13.073788,409754352
2025-12-31,13.073788,13.499041,13.041076,13.324578,398049375
2026-01-05,13.869774,14.502200,13.749831,14.196891,458673305
2026-01-06,14.480392,15.461744,14.480392,15.232762,564924030
2026-01-07,15.221858,15.527168,14.851125,15.319994,479627163
2026-01-08,14.938357,15.319994,14.698471,14.883837,376908247
2026-01-09,14.709375,15.592591,14.709375,15.319994,392865127
2026-01-12,15.636207,15.745246,14.851125,15.101915,474327718
2026-01-13,15.047396,15.668919,14.927453,15.232762,380848757
2026-01-14,15.374513,15.734342,14.785702,14.862029,539974887
2026-01-15,14.698471,15.461744,14.524008,14.981972,421352590
2026-01-16,14.992876,15.363609,14.284122,14.458585,527008746
2026-01-19,14.447681,14.622143,13.989717,14.534912,361276809
2026-01-20,14.611239,14.851125,14.098756,14.491296,347086063
2026-01-21,14.393161,14.676663,14.196891,14.611239,267865289
2026-01-22,14.611239,14.720278,14.404065,14.480392,274707418
2026-01-23,14.600335,14.742086,14.262314,14.425873,475917841
2026-01-26,14.676663,15.112819,14.534912,14.611239,675222124
2026-01-27,14.545816,14.938357,14.295026,14.469489,510560557
2026-01-28,14.665759,15.919709,14.316834,15.919709,829795766
2026-01-29,16.366769,17.282697,15.527168,17.119139,1067686227
2026-01-30,16.028748,16.366769,15.407225,15.407225,776754492
2026-02-02,14.185987,14.829318,13.869774,13.869774,787814097
2026-02-03,14.284122,14.382257,13.815254,14.327738,475032529
2026-02-04,14.578528,14.763894,14.414969,14.654855,337011723
2026-02-05,14.316834,14.458585,13.477233,13.782542,383179127
2026-02-06,13.280962,14.262314,13.280962,14.055140,296306951
2026-02-09,14.305930,14.393161,14.044236,14.229603,206139969
2026-02-10,14.305930,14.458585,14.185987,14.338642,198249261
2026-02-11,14.240506,14.665759,14.229603,14.524008,212624623
2026-02-12,14.458585,14.654855,14.393161,14.404065,187857021
2026-02-13,14.142371,14.273218,13.804350,13.837062,259190406
2026-02-24,14.185987,14.305930,14.033332,14.131467,198410386
2026-02-25,14.251410,15.036492,14.185987,14.752990,324128252
2026-02-26,14.992876,15.025588,14.545816,14.676663,235503639
2026-02-27,14.556720,15.178243,14.524008,14.960165,273842389
2026-03-02,15.134627,15.603495,14.687567,15.559880,476840355
2026-03-03,15.581687,15.865189,15.047396,15.232762,451023626
2026-03-04,15.450840,16.192306,15.385417,15.756150,477629648
2026-03-05,16.192306,16.573943,15.745246,16.126883,539558741
2026-03-06,15.690726,15.690726,14.949261,15.232762,375445882
2026-03-09,15.592591,15.745246,15.134627,15.287282,368425209
2026-03-10,14.796606,15.069204,14.731182,14.938357,268983915
2026-03-11,15.003780,15.330897,14.916549,15.221858,276323190
2026-03-12,15.483552,16.246826,15.298186,16.094171,511417496
2026-03-13,16.028748,16.355865,15.232762,15.352705,395629478
2026-03-16,15.461744,15.538072,14.240506,14.763894,472396490
2026-03-17,14.818414,15.178243,14.175083,14.196891,321180158
2026-03-18,14.120563,14.120563,13.575368,13.782542,318151678
2026-03-19,13.400905,13.618984,12.790286,12.899326,379517064
2026-03-20,12.724863,13.073788,12.539497,12.572208,294775733
2026-03-23,12.016109,12.506785,11.874358,12.048821,339090321
2026-03-24,12.321418,12.365034,11.885262,12.321418,269955445
2026-03-25,12.594016,12.779383,12.441361,12.550400,267057666
2026-03-26,12.484977,12.626728,12.223283,12.332322,195867429
2026-03-27,12.114244,12.550400,12.059724,12.474073,190005963
2026-03-30,13.084692,13.324578,12.724863,13.051980,640071588
2026-03-31,13.062884,13.084692,12.365034,12.430457,409060071
2026-04-01,12.681247,12.735767,12.463169,12.604920,301488779
2026-04-02,12.812094,13.030172,12.659440,12.735767,344082582
2026-04-03,12.648536,12.692151,12.190571,12.223283,229492313
2026-04-07,12.321418,12.463169,12.059724,12.419553,231908181
2026-04-08,12.822998,13.433617,12.812094,13.335482,469568430
2026-04-09,13.248251,13.957005,13.117404,13.924293,417212341
2026-04-10,13.837062,13.869774,13.411809,13.466329,328271774
2026-04-13,13.313674,13.390001,13.041076,13.259155,244737335
2026-04-14,13.629888,13.782542,13.433617,13.586272,261137528
2026-04-15,13.662599,13.913389,13.346386,13.411809,216932031
2026-04-16,13.673503,13.957005,13.673503,13.957005,304362934
2026-04-17,13.847966,13.957005,13.684407,13.837062,194185368
2026-04-20,13.728023,13.738927,13.335482,13.422713,286335032
2026-04-21,13.346386,13.346386,13.084692,13.248251,183109762
2026-04-22,13.095596,13.237347,13.008365,13.171923,199733123
2026-04-23,13.270058,13.302770,12.822998,12.975653,230866274
2026-04-24,12.942941,13.204635,12.921133,13.161019,206188634
2026-04-27,13.161019,13.171923,12.921133,13.062884,200841535
2026-04-28,12.921133,12.964749,12.648536,12.713959,207522614
2026-04-29,12.626728,12.997461,12.561304,12.986557,202162816
2026-04-30,12.844806,12.855710,12.594016,12.703055,204003293
2026-05-06,12.833902,13.248251,12.713959,13.237347,337775378
2026-05-07,13.226443,13.335482,12.822998,13.019269,246883041
2026-05-08,12.888422,13.030172,12.692151,12.975653,193596547
2026-05-11,12.975653,13.150115,12.724863,12.844806,260439978
2026-05-12,12.975653,13.019269,12.713959,12.735767,181957705
2026-05-13,12.703055,12.975653,12.703055,12.942941,218264317
2026-05-14,12.953845,13.291866,12.659440,12.659440,258537121
2026-05-15,12.539497,12.561304,11.819838,11.917974,335798748
2026-05-18,11.558145,11.623568,11.383682,11.470913,236454789
2026-05-19,11.536337,11.667184,11.274643,11.667184,205096682
2026-05-20,11.699895,12.081532,11.645376,11.994301,245138192
2026-05-21,12.223283,12.375938,11.798031,11.819838,275239007
2026-05-22,11.983397,12.266899,11.787127,12.157860,203412416
2026-05-25,12.266899,12.452265,11.907070,11.983397,191475517
2026-05-26,12.212379,13.182827,12.212379,13.182827,545584685
2026-05-27,13.237347,13.597176,12.844806,12.910229,520674763
2026-05-28,12.801190,12.866614,12.201475,12.321418,336614498
2026-05-29,12.517689,12.997461,12.245091,12.452265,385428073
2026-06-01,12.692151,12.692151,12.266899,12.310514,251530101
2026-06-02,12.463169,12.953845,12.397746,12.877518,381918377
2026-06-03,12.746671,13.226443,12.583112,13.095596,340518470
2026-06-04,12.757575,12.790286,11.808935,11.885262,539515591
2026-06-05,11.667184,12.081532,11.460009,11.645376,268667059
2026-06-08,11.056565,11.241931,10.794871,10.925718,286548238
2026-06-09,10.969333,11.100180,10.674928,11.067469,211590813
2026-06-10,10.794871,11.111084,10.707640,11.012949,198074011
2026-06-11,10.903910,11.340066,10.849390,11.263739,210133936
2026-06-12,11.416394,12.037917,11.285547,11.776223,385974422
2026-06-15,11.972493,12.070628,11.350970,11.634472,405938084
2026-06-16,11.318259,11.329162,10.914814,10.980237,412270433
2026-06-17,10.958430,11.023853,10.773063,10.871198,236002012
2026-06-18,10.762159,10.893006,10.151540,10.227868,431358114
2026-06-22,10.206060,10.783967,10.173348,10.751255,404668455
2026-06-23,10.653120,10.674928,9.900750,9.911654,390183372
2026-06-24,9.813519,9.977078,9.726288,9.911654,243055303
2026-06-25,9.682672,9.726288,9.497306,9.595441,332909128
2026-06-26,9.671768,9.671768,9.082957,9.159284,289906856
2026-06-29,9.159284,9.377363,9.006630,9.311939,245835307
2026-06-30,9.050245,9.137477,8.843071,8.963014,294830511
2026-07-01,8.864879,9.104765,8.723128,8.941206,273922105
2026-07-02,8.941206,9.126573,8.810359,8.908494,282537753
2026-07-03,9.082957,9.311939,9.028437,9.082957,321189294
2026-07-06,9.170188,9.486402,9.170188,9.246516,313133363
2026-07-07,9.159284,9.246516,8.963014,9.006630,194167840
2026-07-08,9.050245,9.093861,8.886687,8.919398,153199503
2026-07-09,8.897591,8.930302,8.515954,8.832167,257942930
2026-07-10,8.919398,9.322843,8.843071,9.104765,294424790
2026-07-13,8.941206,9.050245,8.799455,8.843071,201194484
2026-07-14,9.039341,9.726288,8.864879,9.660864,556133357
2026-07-15,9.475498,9.944366,9.453690,9.791711,479445327
2026-07-16,9.595441,9.802615,9.377363,9.464594,282622021
2026-07-17,9.399170,9.486402,9.082957,9.202900,254089388
2026-07-20,9.388267,10.097021,9.301035,9.998885,501550136
2026-07-21,9.998885,10.140636,9.737192,9.987982,403587224
2026-07-22,9.911654,10.424138,9.911654,10.282387,357978832
2026-07-23,10.260579,10.871198,10.053405,10.664024,436215436
2026-07-24,10.456850,10.664024,10.140636,10.293291,313313010
2026-07-27,10.282387,10.282387,10.064309,10.227868,208039222
2026-07-28,10.053405,10.271483,9.922558,10.206060,247145448
2026-07-29,10.347811,10.445946,10.227868,10.380522,224403207
2026-07-30,10.413234,10.762159,10.369618,10.413234,252251912
2026-07-31,10.369618,10.587697,10.336907,10.435042,232996532
2026-08-03,10.358714,10.467754,10.206060,10.336907,179136871
2026-08-04,10.424138,10.522273,10.358714,10.445946,163238560
2026-08-05,10.380522,10.685832,10.358714,10.653120,241796321
2026-08-06,10.751255,10.794871,10.326003,10.478658,268214767
2026-08-07,10.456850,10.762159,10.445946,10.740351,228316770
