date,open,high,low,close,volume
2018-02-26,7.280000,7.280000,7.280000,7.280000,146094
2018-02-27,6.550000,6.550000,6.550000,6.550000,121868
2018-02-28,5.900000,5.900000,5.900000,5.900000,605264
2018-03-01,5.450000,5.640000,5.320000,5.450000,11489568
2018-03-02,5.280000,5.430000,5.250000,5.340000,4239573
2018-03-05,5.310000,5.380000,5.150000,5.180000,4226896
2018-03-06,5.200000,5.550000,5.110000,5.520000,7124037
2018-03-07,5.400000,5.440000,5.290000,5.320000,4195780
2018-03-08,5.270000,5.360000,5.250000,5.290000,2430985
2018-03-09,5.250000,5.310000,5.220000,5.280000,2701336
2018-03-12,5.300000,5.380000,5.240000,5.360000,3742109
2018-03-13,5.310000,5.330000,5.270000,5.280000,2472605
2018-03-14,5.280000,5.490000,5.270000,5.390000,4457123
2018-03-15,5.350000,5.390000,5.270000,5.330000,2299433
2018-03-16,5.300000,5.310000,5.210000,5.230000,2214976
2018-03-19,5.200000,5.240000,5.130000,5.180000,2091000
2018-03-20,5.130000,5.160000,5.060000,5.100000,2397162
2018-03-21,5.100000,5.150000,5.020000,5.110000,2172042
2018-03-22,5.100000,5.130000,5.070000,5.130000,1575237
2018-03-23,4.950000,4.970000,4.650000,4.950000,4669113
2018-03-26,4.830000,4.870000,4.750000,4.810000,1938948
2018-03-27,4.870000,4.890000,4.810000,4.840000,1848515
2018-03-28,4.770000,4.820000,4.680000,4.710000,2038342
2018-03-29,4.710000,4.830000,4.670000,4.800000,2233461
2018-03-30,4.760000,4.790000,4.720000,4.730000,1835880
2018-04-02,4.730000,4.790000,4.670000,4.680000,1913519
2018-04-03,4.600000,4.610000,4.510000,4.530000,2099165
2018-04-04,4.540000,4.570000,4.420000,4.430000,1845373
2018-04-09,4.430000,4.550000,4.420000,4.510000,1768764
2018-04-10,4.610000,4.720000,4.570000,4.700000,3045106
2018-04-11,4.850000,4.880000,4.680000,4.720000,2736418
2018-04-12,4.670000,4.700000,4.580000,4.590000,1795905
2018-04-13,4.680000,4.710000,4.610000,4.620000,1309868
2018-04-16,4.570000,4.570000,4.470000,4.550000,1706934
2018-04-17,4.610000,4.750000,4.540000,4.620000,2283200
2018-04-18,4.680000,4.730000,4.560000,4.650000,2094418
2018-04-19,4.820000,5.120000,4.820000,5.120000,7199972
2018-04-20,5.130000,5.210000,5.000000,5.130000,4841062
2018-04-23,5.080000,5.080000,4.920000,5.020000,2420299
2018-04-24,4.690000,4.790000,4.580000,4.780000,3998824
2018-04-25,4.700000,4.730000,4.650000,4.690000,1587790
2018-04-26,4.700000,4.710000,4.580000,4.660000,1741677
2018-04-27,4.660000,4.710000,4.640000,4.690000,1156817
2018-05-02,4.670000,4.680000,4.510000,4.530000,1593320
2018-05-03,4.540000,4.620000,4.500000,4.600000,1062197
2018-05-04,4.560000,4.580000,4.520000,4.540000,920068
2018-05-07,4.560000,4.620000,4.540000,4.590000,1152383
2018-05-08,4.590000,4.660000,4.570000,4.630000,1242685
2018-05-09,4.620000,4.620000,4.550000,4.570000,1081836
2018-05-10,4.580000,4.590000,4.550000,4.590000,822086
2018-05-11,4.580000,4.590000,4.530000,4.560000,998845
2018-05-14,4.560000,4.570000,4.530000,4.540000,868071
2018-05-15,4.540000,4.550000,4.450000,4.510000,1375307
2018-05-16,4.480000,4.480000,4.420000,4.430000,893474
2018-05-17,4.450000,4.470000,4.430000,4.450000,641957
2018-05-18,4.440000,4.480000,4.380000,4.480000,983392
2018-05-21,4.550000,4.580000,4.520000,4.540000,1414706
2018-05-22,4.530000,4.530000,4.480000,4.510000,853334
2018-05-23,4.500000,4.510000,4.380000,4.400000,1105802
2018-05-24,4.400000,4.420000,4.360000,4.380000,713382
2018-05-25,4.380000,4.400000,4.300000,4.390000,1000171
2018-05-28,4.370000,4.380000,4.310000,4.350000,648943
2018-05-29,4.340000,4.410000,4.300000,4.380000,838345
2018-05-30,4.240000,4.290000,4.130000,4.140000,1222017
2018-05-31,4.170000,4.210000,4.140000,4.170000,800058
2018-06-01,4.160000,4.230000,4.140000,4.180000,742324
2018-06-04,4.190000,4.260000,4.150000,4.220000,926910
2018-06-05,4.210000,4.210000,4.160000,4.210000,874677
2018-06-06,4.210000,4.260000,4.190000,4.240000,1050292
2018-06-07,4.260000,4.320000,4.240000,4.270000,1297020
2018-06-08,4.200000,4.210000,4.120000,4.140000,1321860
2018-06-11,4.130000,4.170000,4.120000,4.130000,594519
2018-06-12,4.140000,4.150000,4.060000,4.120000,671926
2018-06-13,4.090000,4.090000,4.020000,4.070000,954403
2018-06-14,4.040000,4.090000,4.030000,4.070000,664975
2018-06-15,4.050000,4.110000,3.990000,4.100000,1199801
2018-06-19,4.000000,4.080000,3.780000,3.830000,1971501
2018-06-20,3.790000,3.870000,3.720000,3.810000,1089975
2018-06-21,3.810000,3.930000,3.790000,3.800000,1051552
2018-06-22,3.770000,3.830000,3.700000,3.830000,718685
2018-06-25,3.910000,3.940000,3.800000,3.810000,815722
2018-06-26,3.730000,3.880000,3.720000,3.850000,752574
2018-06-27,3.860000,3.870000,3.780000,3.810000,617252
2018-06-28,3.780000,3.820000,3.750000,3.760000,561624
2018-06-29,3.770000,3.840000,3.720000,3.840000,842882
2018-07-02,3.830000,3.840000,3.670000,3.700000,916808
2018-07-03,3.690000,3.720000,3.620000,3.710000,710661
2018-07-04,3.690000,3.710000,3.630000,3.640000,533241
2018-07-05,3.640000,3.660000,3.450000,3.460000,1062820
2018-07-06,3.460000,3.480000,3.330000,3.430000,1084811
2018-07-09,3.440000,3.510000,3.420000,3.500000,766615
2018-07-10,3.510000,3.570000,3.490000,3.550000,803551
2018-07-11,3.460000,3.490000,3.380000,3.430000,829585
2018-07-12,3.430000,3.540000,3.410000,3.520000,788677
2018-07-13,3.510000,3.570000,3.490000,3.550000,783729
2018-07-16,3.530000,3.550000,3.490000,3.530000,510979
2018-07-17,3.520000,3.520000,3.450000,3.490000,530529
2018-07-18,3.500000,3.520000,3.460000,3.470000,465876
2018-07-19,3.490000,3.520000,3.430000,3.460000,660385
2018-07-20,3.450000,3.510000,3.380000,3.500000,972366
2018-07-23,3.490000,3.720000,3.470000,3.690000,1912000
2018-07-24,3.660000,4.020000,3.660000,3.950000,3149119
2018-07-25,3.950000,3.980000,3.840000,3.880000,1517939
2018-07-26,3.880000,3.900000,3.810000,3.840000,826560
2018-07-27,3.830000,3.890000,3.810000,3.850000,673074
2018-07-30,3.830000,3.940000,3.820000,3.860000,724207
2018-07-31,3.900000,3.930000,3.810000,3.870000,788197
2018-08-01,3.860000,3.900000,3.680000,3.700000,1310936
2018-08-02,3.680000,3.690000,3.460000,3.560000,1436663
2018-08-03,3.550000,3.630000,3.540000,3.560000,786481
2018-08-06,3.540000,3.600000,3.480000,3.500000,588785
2018-08-07,3.510000,3.670000,3.490000,3.670000,1022063
2018-08-08,3.650000,3.720000,3.600000,3.640000,1021769
2018-08-09,3.710000,3.870000,3.710000,3.820000,1760337
2018-08-10,3.750000,3.800000,3.740000,3.780000,732923
2018-08-13,3.750000,3.760000,3.660000,3.760000,683379
2018-08-14,3.730000,3.800000,3.710000,3.760000,508993
2018-08-15,3.740000,3.750000,3.650000,3.660000,596538
2018-08-16,3.600000,3.680000,3.520000,3.640000,747019
2018-08-17,3.700000,3.730000,3.630000,3.650000,733353
2018-08-20,3.670000,3.770000,3.660000,3.760000,844144
2018-08-21,3.790000,3.960000,3.780000,3.920000,1693019
2018-08-22,3.890000,3.920000,3.860000,3.910000,750715
2018-08-23,3.930000,3.930000,3.850000,3.890000,721926
2018-08-24,3.890000,4.020000,3.860000,3.970000,1295651
2018-08-27,4.020000,4.060000,3.970000,3.990000,1078493
2018-08-28,3.990000,4.240000,3.970000,4.160000,2104799
2018-08-29,4.160000,4.290000,4.100000,4.130000,1971807
2018-08-30,4.170000,4.200000,4.130000,4.150000,996535
2018-08-31,4.120000,4.120000,3.990000,4.040000,1102914
2018-09-03,4.050000,4.080000,3.920000,4.060000,810715
2018-09-04,4.030000,4.090000,4.000000,4.050000,678779
2018-09-05,4.050000,4.070000,3.960000,3.970000,659898
2018-09-06,3.980000,4.020000,3.930000,3.960000,547073
2018-09-07,3.960000,4.040000,3.940000,4.000000,558926
2018-09-10,3.980000,3.990000,3.870000,3.900000,726172
2018-09-11,3.910000,3.940000,3.860000,3.880000,608970
2018-09-12,3.860000,3.870000,3.810000,3.840000,483330
2018-09-13,3.880000,3.970000,3.840000,3.970000,607835
2018-09-14,3.960000,4.070000,3.940000,4.000000,893718
2018-09-17,3.980000,4.020000,3.920000,3.980000,409483
2018-09-18,3.950000,4.060000,3.940000,4.060000,661139
2018-09-19,4.050000,4.130000,4.010000,4.100000,871155
2018-09-20,4.100000,4.140000,4.040000,4.070000,681249
2018-09-21,4.070000,4.160000,4.050000,4.130000,1040219
2018-09-25,4.100000,4.100000,4.060000,4.070000,553586
2018-09-26,4.070000,4.110000,4.020000,4.040000,702482
2018-09-27,4.040000,4.060000,3.970000,3.970000,575030
2018-09-28,3.960000,4.040000,3.950000,4.030000,678501
2018-10-08,4.050000,4.110000,3.870000,3.930000,1485028
2018-10-09,3.880000,3.990000,3.880000,3.970000,692219
2018-10-10,3.970000,4.020000,3.930000,3.950000,601129
2018-10-11,3.840000,3.840000,3.570000,3.640000,1351913
2018-10-12,3.600000,3.660000,3.480000,3.650000,816536
2018-10-15,3.670000,3.670000,3.540000,3.540000,571909
2018-10-16,3.520000,3.590000,3.480000,3.510000,419066
2018-10-17,3.570000,3.590000,3.510000,3.570000,384369
2018-10-18,3.530000,3.540000,3.410000,3.430000,587293
2018-10-19,3.370000,3.530000,3.330000,3.500000,596583
2018-10-22,3.530000,3.730000,3.510000,3.730000,1069113
2018-10-23,3.710000,3.730000,3.610000,3.630000,700890
2018-10-24,3.620000,3.720000,3.610000,3.650000,501974
2018-10-25,3.540000,3.680000,3.510000,3.670000,543645
2018-10-26,3.700000,3.820000,3.680000,3.710000,823790
2018-10-29,3.680000,3.750000,3.660000,3.700000,478056
2018-10-30,3.670000,3.760000,3.630000,3.720000,530078
2018-10-31,3.710000,3.830000,3.710000,3.800000,870475
2018-11-01,3.790000,3.840000,3.770000,3.780000,662230
2018-11-02,3.880000,3.900000,3.820000,3.860000,628401
2018-11-05,3.840000,3.870000,3.780000,3.840000,481371
2018-11-06,3.840000,3.850000,3.800000,3.850000,376438
2018-11-07,3.850000,3.910000,3.800000,3.800000,619302
2018-11-08,3.830000,3.850000,3.750000,3.750000,466438
2018-11-09,3.730000,3.750000,3.640000,3.660000,575009
2018-11-12,3.660000,3.740000,3.640000,3.740000,524124
2018-11-13,3.680000,3.850000,3.670000,3.810000,898889
2018-11-14,3.810000,3.850000,3.790000,3.790000,658646
2018-11-15,3.800000,3.850000,3.770000,3.840000,589861
2018-11-16,3.830000,3.870000,3.810000,3.830000,638037
2018-11-19,3.830000,3.860000,3.780000,3.860000,698296
2018-11-21,3.750000,3.780000,3.690000,3.770000,715514
2018-11-22,3.780000,3.850000,3.730000,3.810000,641570
2018-11-23,3.810000,3.810000,3.630000,3.660000,641287
2018-11-26,3.660000,3.700000,3.580000,3.610000,490899
2018-11-27,3.630000,3.650000,3.600000,3.620000,278816
2018-11-28,3.610000,3.660000,3.570000,3.650000,337350
2018-11-29,3.680000,3.690000,3.600000,3.610000,310868
2018-11-30,3.610000,3.650000,3.570000,3.640000,377413
2018-12-03,3.720000,3.750000,3.690000,3.710000,588538
2018-12-04,3.700000,3.730000,3.690000,3.720000,327176
2018-12-05,3.670000,3.730000,3.660000,3.700000,451031
2018-12-06,3.670000,3.690000,3.620000,3.620000,369654
2018-12-07,3.620000,3.660000,3.610000,3.640000,254948
2018-12-10,3.620000,3.620000,3.560000,3.590000,322817
2018-12-11,3.600000,3.610000,3.580000,3.600000,232804
2018-12-12,3.610000,3.620000,3.580000,3.590000,199172
2018-12-13,3.600000,3.680000,3.570000,3.650000,439836
2018-12-14,3.640000,3.650000,3.580000,3.580000,335443
2018-12-17,3.580000,3.600000,3.540000,3.580000,276329
2018-12-18,3.560000,3.590000,3.530000,3.550000,289729
2018-12-19,3.550000,3.560000,3.480000,3.490000,306654
2018-12-20,3.490000,3.520000,3.470000,3.500000,241315
2018-12-21,3.490000,3.490000,3.460000,3.480000,227146
2018-12-24,3.470000,3.510000,3.450000,3.480000,238736
2018-12-25,3.440000,3.450000,3.390000,3.430000,408809
2018-12-26,3.430000,3.450000,3.400000,3.440000,288142
2018-12-27,3.490000,3.560000,3.440000,3.510000,613629
2018-12-28,3.480000,3.560000,3.460000,3.550000,394488
2019-01-02,3.530000,3.530000,3.490000,3.500000,252469
2019-01-03,3.510000,3.550000,3.480000,3.520000,267150
2019-01-04,3.480000,3.590000,3.470000,3.570000,416286
2019-01-07,3.590000,3.640000,3.580000,3.620000,499446
2019-01-08,3.610000,3.640000,3.590000,3.610000,381676
2019-01-09,3.610000,3.650000,3.590000,3.590000,365293
2019-01-10,3.590000,3.600000,3.560000,3.560000,307856
2019-01-11,3.560000,3.630000,3.560000,3.600000,342482
2019-01-14,3.600000,3.630000,3.580000,3.590000,270629
2019-01-15,3.590000,3.640000,3.570000,3.620000,281271
2019-01-16,3.620000,3.630000,3.590000,3.600000,255506
2019-01-17,3.600000,3.620000,3.550000,3.560000,404836
2019-01-18,3.570000,3.710000,3.560000,3.680000,971385
2019-01-21,3.690000,3.730000,3.670000,3.700000,651040
2019-01-22,3.720000,3.720000,3.650000,3.670000,344596
2019-01-23,3.670000,3.700000,3.640000,3.680000,258679
2019-01-24,3.680000,3.690000,3.630000,3.660000,261164
2019-01-25,3.670000,3.690000,3.660000,3.670000,218649
2019-01-28,3.700000,3.710000,3.630000,3.630000,258617
2019-01-29,3.610000,3.630000,3.530000,3.560000,339100
2019-01-30,3.560000,3.590000,3.550000,3.560000,197577
2019-01-31,3.570000,3.630000,3.510000,3.530000,449549
2019-02-01,3.540000,3.620000,3.540000,3.620000,295327
2019-02-11,3.620000,3.680000,3.620000,3.680000,310411
2019-02-12,3.720000,3.720000,3.670000,3.700000,435196
2019-02-13,3.710000,3.880000,3.690000,3.850000,1345598
2019-02-14,3.830000,3.910000,3.820000,3.850000,855233
2019-02-15,3.850000,3.880000,3.780000,3.790000,534040
2019-02-18,3.800000,3.880000,3.800000,3.870000,821114
2019-02-19,3.860000,3.910000,3.810000,3.860000,853217
2019-02-20,3.860000,3.940000,3.820000,3.940000,1094913
2019-02-21,3.930000,3.940000,3.850000,3.870000,993166
2019-02-22,3.860000,3.890000,3.820000,3.890000,807709
2019-02-25,3.910000,4.150000,3.910000,4.130000,2525371
2019-02-26,4.140000,4.400000,4.070000,4.200000,2867989
2019-02-27,4.230000,4.300000,4.140000,4.210000,1959602
2019-02-28,4.210000,4.350000,4.200000,4.260000,1613143
2019-03-01,4.280000,4.290000,4.180000,4.250000,1061049
2019-03-04,4.250000,4.400000,4.240000,4.300000,2009587
2019-03-05,4.260000,4.430000,4.210000,4.390000,1949037
2019-03-06,4.440000,4.610000,4.380000,4.580000,2575857
2019-03-07,4.550000,4.890000,4.480000,4.690000,2818912
2019-03-08,4.520000,4.580000,4.240000,4.320000,2486190
2019-03-11,4.290000,4.420000,4.290000,4.410000,1309435
2019-03-12,4.420000,4.470000,4.320000,4.380000,1655325
2019-03-13,4.370000,4.400000,4.300000,4.300000,1201288
2019-03-14,4.280000,4.390000,4.190000,4.240000,1156741
2019-03-15,4.250000,4.320000,4.220000,4.290000,990995
2019-03-18,4.310000,4.400000,4.300000,4.400000,1162870
2019-03-19,4.410000,4.430000,4.330000,4.370000,911247
2019-03-20,4.340000,4.390000,4.260000,4.380000,1169310
2019-03-21,4.370000,4.410000,4.340000,4.360000,1130811
2019-03-22,4.360000,4.370000,4.270000,4.320000,921484
2019-03-25,4.230000,4.280000,4.200000,4.200000,890856
2019-03-26,4.220000,4.240000,4.070000,4.080000,884329
2019-03-27,4.100000,4.120000,4.050000,4.090000,671349
2019-03-28,4.080000,4.130000,4.040000,4.060000,579888
2019-03-29,4.060000,4.200000,4.040000,4.190000,1009369
2019-04-01,4.220000,4.470000,4.220000,4.440000,2104730
2019-04-02,4.480000,4.490000,4.370000,4.460000,1765243
2019-04-03,4.440000,4.490000,4.400000,4.480000,1298870
2019-04-04,4.680000,4.790000,4.500000,4.550000,2199608
2019-04-08,4.580000,4.790000,4.550000,4.640000,2580560
2019-04-09,4.600000,4.610000,4.400000,4.500000,1442696
2019-04-10,4.480000,4.500000,4.420000,4.470000,1049045
2019-04-11,4.460000,4.470000,4.320000,4.340000,1183059
2019-04-12,4.330000,4.360000,4.260000,4.300000,794860
2019-04-15,4.380000,4.460000,4.340000,4.350000,1309597
2019-04-16,4.310000,4.530000,4.290000,4.520000,1677801
2019-04-17,4.500000,4.640000,4.470000,4.520000,1433578
2019-04-18,4.540000,4.600000,4.470000,4.470000,997018
2019-04-19,4.470000,4.540000,4.370000,4.540000,1018766
2019-04-22,4.530000,4.560000,4.400000,4.420000,902265
2019-04-23,4.410000,4.440000,4.330000,4.370000,851267
2019-04-24,4.380000,4.400000,4.300000,4.370000,690666
2019-04-25,4.360000,4.410000,4.230000,4.240000,895874
2019-04-26,4.230000,4.250000,4.130000,4.160000,779133
2019-04-29,4.160000,4.180000,4.040000,4.060000,643113
2019-04-30,4.110000,4.220000,4.090000,4.170000,619925
2019-05-06,4.000000,4.060000,3.770000,3.870000,1336732
2019-05-07,3.870000,3.920000,3.810000,3.860000,711274
2019-05-08,3.790000,3.840000,3.740000,3.790000,664858
2019-05-09,3.770000,3.810000,3.730000,3.760000,622012
2019-05-10,3.780000,3.860000,3.700000,3.850000,791544
2019-05-13,3.800000,3.840000,3.780000,3.780000,481042
2019-05-14,3.730000,3.830000,3.730000,3.790000,569152
2019-05-15,3.850000,3.940000,3.820000,3.910000,859692
2019-05-16,3.920000,4.200000,3.910000,4.120000,1512715
2019-05-17,4.070000,4.100000,3.900000,3.970000,1140225
2019-05-20,3.920000,4.050000,3.860000,4.030000,902351
2019-05-21,4.000000,4.330000,3.980000,4.210000,1639063
2019-05-22,4.120000,4.190000,4.020000,4.060000,1069652
2019-05-23,4.040000,4.060000,3.960000,3.970000,630267
2019-05-24,3.940000,4.050000,3.920000,3.930000,653495
2019-05-27,3.960000,4.100000,3.910000,4.060000,942000
2019-05-28,4.040000,4.080000,3.990000,4.050000,851236
2019-05-29,4.050000,4.170000,4.030000,4.110000,1299592
2019-05-30,4.060000,4.110000,3.980000,4.070000,1158342
2019-05-31,4.050000,4.090000,4.010000,4.020000,934418
2019-06-03,4.000000,4.020000,3.890000,3.900000,997551
2019-06-04,3.910000,3.930000,3.810000,3.850000,641170
2019-06-05,3.890000,3.910000,3.840000,3.850000,533647
2019-06-06,3.840000,3.880000,3.760000,3.800000,670328
2019-06-10,3.810000,3.870000,3.760000,3.830000,719819
2019-06-11,3.830000,3.980000,3.820000,3.970000,1123284
2019-06-12,3.970000,4.140000,3.950000,4.030000,1893349
2019-06-13,3.980000,4.020000,3.950000,4.000000,892652
2019-06-14,4.000000,4.020000,3.910000,3.920000,758027
2019-06-17,3.920000,4.000000,3.890000,3.910000,576701
2019-06-18,3.910000,3.920000,3.840000,3.870000,597568
2019-06-19,3.950000,3.980000,3.890000,3.900000,631218
2019-06-20,3.910000,3.990000,3.870000,3.980000,930898
2019-06-21,3.980000,4.060000,3.960000,4.010000,1126871
2019-06-24,4.010000,4.050000,4.000000,4.010000,570223
2019-06-25,4.020000,4.030000,3.920000,3.990000,624799
2019-06-26,3.950000,3.990000,3.940000,3.960000,415119
2019-06-27,3.970000,4.010000,3.950000,3.970000,477894
2019-06-28,3.960000,3.970000,3.890000,3.920000,515564
2019-07-01,3.970000,4.030000,3.940000,4.010000,912338
2019-07-02,4.000000,4.010000,3.980000,3.990000,585673
2019-07-03,3.980000,3.990000,3.920000,3.940000,486138
2019-07-04,3.960000,3.970000,3.900000,3.930000,473248
2019-07-05,3.940000,3.950000,3.900000,3.920000,385091
2019-07-08,3.900000,3.900000,3.760000,3.780000,895343
2019-07-09,3.780000,3.800000,3.750000,3.790000,357685
2019-07-10,3.790000,3.800000,3.750000,3.770000,323705
2019-07-11,3.800000,3.840000,3.770000,3.780000,362920
2019-07-12,3.780000,3.810000,3.770000,3.800000,300982
2019-07-15,3.800000,3.850000,3.750000,3.840000,438249
2019-07-16,3.820000,3.860000,3.810000,3.820000,293460
2019-07-17,3.820000,3.830000,3.800000,3.810000,332763
2019-07-18,3.810000,3.840000,3.780000,3.780000,399641
2019-07-19,3.800000,3.850000,3.790000,3.810000,571977
2019-07-22,3.810000,3.810000,3.710000,3.720000,557781
2019-07-23,3.690000,3.740000,3.690000,3.740000,294017
2019-07-24,3.740000,3.790000,3.730000,3.760000,326632
2019-07-25,3.770000,3.780000,3.740000,3.760000,259544
2019-07-26,3.750000,3.770000,3.740000,3.760000,213549
2019-07-29,3.760000,3.770000,3.720000,3.740000,249418
2019-07-30,3.750000,3.790000,3.740000,3.770000,299051
2019-07-31,3.760000,3.770000,3.740000,3.750000,199005
2019-08-01,3.740000,3.750000,3.700000,3.710000,448278
2019-08-02,3.670000,3.690000,3.650000,3.660000,492292
2019-08-05,3.650000,3.660000,3.610000,3.610000,368092
2019-08-06,3.550000,3.570000,3.480000,3.500000,638440
2019-08-07,3.530000,3.550000,3.510000,3.520000,340461
2019-08-08,3.540000,3.560000,3.520000,3.530000,298961
2019-08-09,3.550000,3.560000,3.480000,3.480000,379397
2019-08-12,3.460000,3.530000,3.460000,3.530000,352387
2019-08-13,3.500000,3.550000,3.500000,3.530000,323278
2019-08-14,3.560000,3.570000,3.520000,3.530000,288780
2019-08-15,3.480000,3.530000,3.450000,3.530000,339080
2019-08-16,3.520000,3.550000,3.500000,3.520000,315591
2019-08-19,3.540000,3.610000,3.530000,3.610000,474596
2019-08-20,3.610000,3.780000,3.600000,3.690000,1106886
2019-08-21,3.670000,3.730000,3.660000,3.700000,480324
2019-08-22,3.720000,3.730000,3.670000,3.720000,341899
2019-08-23,3.720000,3.730000,3.670000,3.670000,291420
2019-08-26,3.600000,3.730000,3.590000,3.650000,512129
2019-08-27,3.660000,3.730000,3.650000,3.700000,542892
2019-08-28,3.720000,3.730000,3.680000,3.700000,300039
2019-08-29,3.700000,3.700000,3.620000,3.630000,379124
2019-08-30,3.660000,3.670000,3.560000,3.600000,361807
2019-09-02,3.590000,3.680000,3.580000,3.670000,405283
2019-09-03,3.680000,3.680000,3.620000,3.640000,328765
2019-09-04,3.640000,3.730000,3.630000,3.700000,639746
2019-09-05,3.720000,3.770000,3.700000,3.720000,784184
2019-09-06,3.740000,3.750000,3.680000,3.710000,426752
2019-09-09,3.730000,3.850000,3.700000,3.830000,1183457
2019-09-10,3.800000,3.820000,3.770000,3.790000,707803
2019-09-11,3.800000,3.820000,3.780000,3.800000,496127
2019-09-12,3.840000,3.850000,3.780000,3.810000,556950
2019-09-16,3.810000,3.820000,3.770000,3.790000,435968
2019-09-17,3.770000,3.770000,3.670000,3.680000,593949
2019-09-18,3.690000,3.700000,3.630000,3.650000,396938
2019-09-19,3.650000,3.660000,3.600000,3.640000,543023
2019-09-20,3.640000,3.670000,3.610000,3.630000,477703
2019-09-23,3.630000,3.630000,3.560000,3.590000,490490
2019-09-24,3.590000,3.620000,3.570000,3.600000,395079
2019-09-25,3.590000,3.590000,3.540000,3.560000,391590
2019-09-26,3.570000,3.570000,3.510000,3.520000,480662
2019-09-27,3.520000,3.560000,3.520000,3.540000,266774
2019-09-30,3.530000,3.550000,3.510000,3.520000,213866
2019-10-08,3.510000,3.550000,3.510000,3.530000,220753
2019-10-09,3.520000,3.550000,3.490000,3.550000,237007
2019-10-10,3.550000,3.570000,3.540000,3.560000,259269
2019-10-11,3.570000,3.590000,3.540000,3.580000,321248
2019-10-14,3.610000,3.630000,3.590000,3.610000,368608
2019-10-15,3.600000,3.600000,3.550000,3.560000,288847
2019-10-16,3.560000,3.580000,3.520000,3.520000,236484
2019-10-17,3.520000,3.550000,3.510000,3.550000,210275
2019-10-18,3.550000,3.560000,3.480000,3.490000,308593
2019-10-21,3.500000,3.510000,3.470000,3.500000,183159
2019-10-22,3.500000,3.520000,3.490000,3.520000,226949
2019-10-23,3.510000,3.520000,3.480000,3.480000,217826
2019-10-24,3.480000,3.510000,3.470000,3.500000,235469
2019-10-25,3.500000,3.500000,3.450000,3.500000,317050
2019-10-28,3.500000,3.520000,3.490000,3.520000,313303
2019-10-29,3.510000,3.520000,3.450000,3.460000,310230
2019-10-30,3.460000,3.460000,3.410000,3.420000,321594
2019-10-31,3.410000,3.430000,3.380000,3.390000,240688
2019-11-01,3.390000,3.430000,3.370000,3.420000,247932
2019-11-04,3.430000,3.460000,3.420000,3.440000,263973
2019-11-05,3.450000,3.480000,3.420000,3.470000,382306
2019-11-06,3.460000,3.470000,3.410000,3.420000,257087
2019-11-07,3.430000,3.460000,3.420000,3.440000,180577
2019-11-08,3.460000,3.470000,3.410000,3.420000,221509
2019-11-11,3.400000,3.410000,3.340000,3.350000,331794
2019-11-12,3.340000,3.370000,3.330000,3.360000,186765
2019-11-13,3.360000,3.360000,3.330000,3.340000,171038
2019-11-14,3.340000,3.350000,3.330000,3.350000,170234
2019-11-15,3.340000,3.360000,3.300000,3.310000,245353
2019-11-18,3.300000,3.320000,3.280000,3.310000,209581
2019-11-19,3.310000,3.350000,3.300000,3.350000,171795
2019-11-20,3.340000,3.350000,3.300000,3.310000,310897
2019-11-21,3.300000,3.300000,3.270000,3.300000,340353
2019-11-22,3.290000,3.340000,3.280000,3.320000,329191
2019-11-25,3.320000,3.430000,3.310000,3.420000,669163
2019-11-26,3.410000,3.410000,3.360000,3.360000,464735
2019-11-27,3.360000,3.380000,3.350000,3.370000,256774
2019-11-28,3.370000,3.370000,3.340000,3.340000,162686
2019-11-29,3.340000,3.350000,3.270000,3.280000,568235
2019-12-02,3.280000,3.300000,3.260000,3.270000,459869
2019-12-03,3.250000,3.310000,3.250000,3.290000,285977
2019-12-04,3.270000,3.320000,3.260000,3.310000,354819
2019-12-05,3.320000,3.340000,3.300000,3.320000,315738
2019-12-06,3.330000,3.350000,3.310000,3.330000,340767
2019-12-09,3.330000,3.360000,3.320000,3.350000,289574
2019-12-10,3.350000,3.390000,3.330000,3.370000,418213
2019-12-11,3.390000,3.390000,3.340000,3.350000,277040
2019-12-12,3.350000,3.360000,3.310000,3.320000,233524
2019-12-13,3.340000,3.370000,3.340000,3.370000,445268
2019-12-16,3.370000,3.400000,3.350000,3.400000,459796
2019-12-17,3.390000,3.480000,3.380000,3.460000,781628
2019-12-18,3.450000,3.470000,3.430000,3.450000,530019
2019-12-19,3.450000,3.480000,3.440000,3.460000,378679
2019-12-20,3.470000,3.480000,3.410000,3.430000,386554
2019-12-23,3.430000,3.430000,3.330000,3.340000,639137
2019-12-24,3.350000,3.430000,3.340000,3.410000,657409
2019-12-25,3.400000,3.410000,3.340000,3.360000,593876
2019-12-26,3.360000,3.410000,3.340000,3.380000,629951
2019-12-27,3.390000,3.580000,3.380000,3.500000,1772683
2019-12-30,3.480000,3.560000,3.470000,3.540000,993529
2019-12-31,3.540000,3.570000,3.510000,3.540000,649058
2020-01-02,3.580000,3.730000,3.570000,3.600000,1323639
2020-01-03,3.620000,3.640000,3.580000,3.600000,622827
2020-01-06,3.580000,3.660000,3.570000,3.630000,938189
2020-01-07,3.630000,3.670000,3.590000,3.610000,782968
2020-01-08,3.590000,3.600000,3.510000,3.520000,807582
2020-01-09,3.550000,3.570000,3.510000,3.540000,559054
2020-01-10,3.550000,3.570000,3.500000,3.520000,473823
2020-01-13,3.520000,3.530000,3.470000,3.520000,557019
2020-01-14,3.520000,3.580000,3.510000,3.560000,772415
2020-01-15,3.550000,3.560000,3.480000,3.500000,529189
2020-01-16,3.510000,3.520000,3.480000,3.490000,418720
2020-01-17,3.510000,3.530000,3.460000,3.470000,511093
2020-01-20,3.470000,3.470000,3.420000,3.460000,457060
2020-01-21,3.450000,3.460000,3.370000,3.390000,676547
2020-01-22,3.380000,3.390000,3.330000,3.380000,475926
2020-01-23,3.360000,3.360000,3.290000,3.300000,733096
2020-02-03,2.970000,3.000000,2.970000,2.970000,973562
2020-02-04,2.910000,3.010000,2.910000,2.980000,1000479
2020-02-05,2.980000,3.060000,2.980000,3.030000,690251
2020-02-06,3.050000,3.090000,3.000000,3.060000,648657
2020-02-07,3.040000,3.050000,2.990000,3.040000,690165
2020-02-10,3.020000,3.070000,3.010000,3.070000,572157
2020-02-11,3.060000,3.120000,3.040000,3.080000,624738
2020-02-12,3.060000,3.120000,3.050000,3.110000,607701
2020-02-13,3.100000,3.120000,3.070000,3.070000,562956
2020-02-14,3.060000,3.140000,3.050000,3.110000,640217
2020-02-17,3.110000,3.180000,3.100000,3.170000,658499
2020-02-18,3.180000,3.200000,3.150000,3.170000,600330
2020-02-19,3.160000,3.270000,3.150000,3.180000,711666
2020-02-20,3.200000,3.240000,3.170000,3.230000,638006
2020-02-21,3.220000,3.270000,3.210000,3.230000,681303
2020-02-24,3.210000,3.220000,3.140000,3.170000,751474
2020-02-25,3.100000,3.120000,3.060000,3.110000,835126
2020-02-26,3.070000,3.250000,3.070000,3.190000,1193224
2020-02-27,3.180000,3.220000,3.150000,3.150000,654415
2020-02-28,3.090000,3.120000,3.040000,3.060000,870419
2020-03-02,3.070000,3.200000,3.070000,3.170000,847783
2020-03-03,3.200000,3.220000,3.150000,3.170000,785914
2020-03-04,3.150000,3.200000,3.140000,3.190000,659722
2020-03-05,3.210000,3.280000,3.180000,3.240000,1145115
2020-03-06,3.200000,3.210000,3.160000,3.180000,835832
2020-03-09,3.110000,3.130000,3.080000,3.100000,809142
2020-03-10,3.070000,3.140000,3.060000,3.130000,673312
2020-03-11,3.130000,3.150000,3.090000,3.100000,536036
2020-03-12,3.070000,3.110000,3.060000,3.080000,534887
2020-03-13,3.000000,3.080000,2.950000,3.050000,608671
2020-03-16,3.090000,3.090000,2.990000,3.010000,579328
2020-03-17,3.010000,3.040000,2.950000,3.010000,547815
2020-03-18,3.000000,3.030000,2.960000,2.970000,428332
2020-03-19,2.950000,2.980000,2.910000,2.950000,617192
2020-03-20,2.970000,2.990000,2.920000,2.960000,476846
2020-03-23,2.910000,2.930000,2.890000,2.900000,559957
2020-03-24,2.940000,2.950000,2.910000,2.940000,379085
2020-03-25,2.980000,2.990000,2.950000,2.970000,398388
2020-03-26,2.960000,2.960000,2.920000,2.920000,289396
2020-03-27,2.950000,2.960000,2.920000,2.920000,422942
2020-03-30,2.890000,2.910000,2.870000,2.880000,434160
2020-03-31,2.900000,2.910000,2.860000,2.880000,324672
2020-04-01,2.870000,2.910000,2.870000,2.880000,269974
2020-04-02,2.870000,2.920000,2.860000,2.920000,330974
2020-04-03,2.930000,2.930000,2.880000,2.890000,263731
2020-04-07,2.920000,2.940000,2.910000,2.940000,461787
2020-04-08,2.930000,2.960000,2.910000,2.940000,367453
2020-04-09,2.960000,2.970000,2.930000,2.930000,230668
2020-04-10,2.940000,2.940000,2.890000,2.900000,293273
2020-04-13,2.890000,2.910000,2.880000,2.900000,261296
2020-04-14,2.900000,2.940000,2.890000,2.940000,333674
2020-04-15,2.950000,2.950000,2.910000,2.910000,345300
2020-04-16,2.900000,2.920000,2.880000,2.910000,250474
2020-04-17,2.920000,2.930000,2.900000,2.910000,330435
2020-04-20,2.910000,2.920000,2.890000,2.900000,184689
2020-04-21,2.890000,2.900000,2.870000,2.880000,271818
2020-04-22,2.860000,2.900000,2.860000,2.890000,234099
2020-04-23,2.890000,2.900000,2.870000,2.880000,294897
2020-04-24,2.870000,2.880000,2.850000,2.860000,333392
2020-04-27,2.860000,2.870000,2.840000,2.850000,237825
2020-04-28,2.840000,2.850000,2.740000,2.770000,457119
2020-04-29,2.770000,2.820000,2.750000,2.800000,270353
2020-04-30,2.810000,2.860000,2.800000,2.850000,328651
2020-05-06,2.810000,2.870000,2.810000,2.860000,339866
2020-05-07,2.850000,2.860000,2.820000,2.830000,204997
2020-05-08,2.830000,2.850000,2.830000,2.840000,221087
2020-05-11,2.850000,2.860000,2.820000,2.830000,266665
2020-05-12,2.830000,2.830000,2.790000,2.790000,244336
2020-05-13,2.790000,2.800000,2.780000,2.790000,125499
2020-05-14,2.790000,2.790000,2.760000,2.760000,212266
2020-05-15,2.770000,2.780000,2.760000,2.760000,186396
2020-05-18,2.770000,2.820000,2.750000,2.800000,354961
2020-05-19,2.820000,2.860000,2.820000,2.840000,406660
2020-05-20,2.830000,2.830000,2.780000,2.800000,250612
2020-05-21,2.810000,2.840000,2.800000,2.810000,247529
2020-05-22,2.790000,2.800000,2.760000,2.760000,306799
2020-05-25,2.760000,2.780000,2.750000,2.760000,171611
2020-05-26,2.760000,2.780000,2.760000,2.780000,190282
2020-05-27,2.770000,2.780000,2.740000,2.780000,269390
2020-05-28,2.780000,2.820000,2.760000,2.810000,508571
2020-05-29,2.800000,2.800000,2.770000,2.800000,349585
2020-06-01,2.790000,2.840000,2.790000,2.840000,399659
2020-06-02,2.830000,2.840000,2.810000,2.830000,304393
2020-06-03,2.830000,2.860000,2.820000,2.820000,444985
2020-06-04,2.840000,2.840000,2.810000,2.820000,315547
2020-06-05,2.820000,2.830000,2.800000,2.820000,311095
2020-06-08,2.840000,2.890000,2.830000,2.850000,581434
2020-06-09,2.870000,2.880000,2.840000,2.860000,399578
2020-06-10,2.850000,2.870000,2.810000,2.820000,381972
2020-06-11,2.820000,2.840000,2.790000,2.800000,391579
2020-06-12,2.770000,2.780000,2.750000,2.780000,784283
2020-06-15,2.770000,2.770000,2.750000,2.750000,439844
2020-06-16,2.760000,2.800000,2.750000,2.800000,500641
2020-06-17,2.790000,2.810000,2.770000,2.790000,456784
2020-06-18,2.780000,2.850000,2.770000,2.830000,725711
2020-06-19,2.830000,2.840000,2.800000,2.820000,493980
2020-06-22,2.810000,2.840000,2.810000,2.820000,429090
2020-06-23,2.810000,2.820000,2.780000,2.780000,359647
2020-06-24,2.790000,2.800000,2.760000,2.770000,400430
2020-06-29,2.770000,2.770000,2.740000,2.750000,377661
2020-06-30,2.760000,2.770000,2.750000,2.760000,462842
2020-07-01,2.760000,2.810000,2.740000,2.810000,631462
2020-07-02,2.790000,2.880000,2.790000,2.880000,1209470
2020-07-03,2.880000,3.020000,2.870000,2.990000,1568125
2020-07-06,3.030000,3.290000,3.030000,3.290000,2771259
2020-07-07,3.420000,3.480000,3.260000,3.280000,3062419
2020-07-08,3.250000,3.450000,3.220000,3.410000,2642281
2020-07-09,3.410000,3.610000,3.380000,3.570000,2921431
2020-07-10,3.500000,3.510000,3.350000,3.370000,1884367
2020-07-13,3.400000,3.510000,3.380000,3.460000,1706812
2020-07-14,3.420000,3.540000,3.370000,3.420000,1541917
2020-07-15,3.500000,3.510000,3.360000,3.370000,1312178
2020-07-16,3.360000,3.430000,3.190000,3.220000,1329676
2020-07-17,3.210000,3.240000,3.100000,3.150000,1364164
2020-07-20,3.160000,3.470000,3.160000,3.470000,2059160
2020-07-21,3.570000,3.570000,3.390000,3.430000,1867859
2020-07-22,3.520000,3.550000,3.380000,3.400000,1574328
2020-07-23,3.380000,3.420000,3.290000,3.390000,1330962
2020-07-24,3.360000,3.400000,3.210000,3.230000,1444893
2020-07-27,3.250000,3.350000,3.230000,3.260000,1201059
2020-07-28,3.340000,3.430000,3.230000,3.270000,1758608
2020-07-29,3.260000,3.310000,3.190000,3.290000,1530676
2020-07-30,3.320000,3.380000,3.260000,3.300000,1456195
2020-07-31,3.280000,3.340000,3.240000,3.290000,1286013
2020-08-03,3.300000,3.370000,3.270000,3.370000,1531587
2020-08-04,3.370000,3.440000,3.350000,3.400000,1750737
2020-08-05,3.420000,3.450000,3.340000,3.430000,1526788
2020-08-06,3.420000,3.530000,3.400000,3.480000,1891209
2020-08-07,3.460000,3.460000,3.330000,3.370000,1457972
2020-08-10,3.330000,3.460000,3.280000,3.360000,1061064
2020-08-11,3.370000,3.410000,3.270000,3.280000,1097442
2020-08-12,3.250000,3.270000,3.180000,3.230000,1005849
2020-08-13,3.240000,3.250000,3.210000,3.220000,620450
2020-08-14,3.230000,3.260000,3.180000,3.250000,698446
2020-08-17,3.250000,3.330000,3.240000,3.310000,975036
2020-08-18,3.320000,3.370000,3.300000,3.330000,818176
2020-08-19,3.350000,3.360000,3.300000,3.310000,762070
2020-08-20,3.300000,3.300000,3.250000,3.260000,607120
2020-08-21,3.270000,3.340000,3.260000,3.290000,651418
2020-08-24,3.290000,3.290000,3.260000,3.270000,444528
2020-08-25,3.280000,3.280000,3.210000,3.220000,551820
2020-08-26,3.210000,3.260000,3.180000,3.190000,635254
2020-08-27,3.180000,3.210000,3.160000,3.180000,537553
2020-08-28,3.160000,3.200000,3.110000,3.200000,804092
2020-08-31,3.200000,3.240000,3.150000,3.160000,811215
2020-09-01,3.160000,3.180000,3.150000,3.170000,495801
2020-09-02,3.160000,3.170000,3.090000,3.110000,726941
2020-09-03,3.110000,3.140000,3.060000,3.080000,574711
2020-09-04,3.030000,3.070000,3.020000,3.060000,453021
2020-09-07,3.070000,3.130000,3.050000,3.060000,596960
2020-09-08,3.060000,3.130000,3.050000,3.120000,491828
2020-09-09,3.090000,3.160000,3.080000,3.140000,834144
2020-09-10,3.150000,3.160000,3.040000,3.040000,741057
2020-09-11,3.050000,3.060000,3.020000,3.050000,402874
2020-09-14,3.060000,3.090000,3.050000,3.060000,328438
2020-09-15,3.060000,3.070000,3.030000,3.050000,322207
2020-09-16,3.040000,3.070000,3.030000,3.050000,327412
2020-09-17,3.050000,3.050000,3.000000,3.020000,366442
2020-09-18,3.020000,3.120000,3.020000,3.110000,674863
2020-09-21,3.120000,3.150000,3.100000,3.110000,430632
2020-09-22,3.070000,3.090000,3.030000,3.050000,459500
2020-09-23,3.050000,3.060000,3.020000,3.020000,420288
2020-09-24,3.000000,3.000000,2.950000,2.960000,547203
2020-09-25,2.970000,2.980000,2.930000,2.950000,341386
2020-09-28,2.950000,2.970000,2.930000,2.940000,266372
2020-09-29,2.950000,2.970000,2.930000,2.940000,310321
2020-09-30,2.940000,2.950000,2.880000,2.910000,450295
2020-10-09,2.950000,3.010000,2.950000,2.990000,457520
2020-10-12,3.000000,3.050000,2.990000,3.040000,513703
2020-10-13,3.040000,3.040000,3.010000,3.020000,282505
2020-10-14,3.020000,3.020000,2.970000,2.970000,397151
2020-10-15,2.970000,3.010000,2.960000,2.970000,300448
2020-10-16,2.970000,3.020000,2.970000,2.990000,346773
2020-10-19,3.020000,3.060000,2.980000,2.990000,426659
2020-10-20,2.980000,3.000000,2.960000,2.990000,262953
2020-10-21,2.990000,2.990000,2.950000,2.970000,240748
2020-10-22,2.960000,2.970000,2.940000,2.960000,252999
2020-10-23,2.950000,2.980000,2.930000,2.950000,272316
2020-10-26,2.950000,2.960000,2.910000,2.930000,309797
2020-10-27,2.920000,2.940000,2.910000,2.930000,223768
2020-10-28,2.930000,2.970000,2.910000,2.950000,383351
2020-10-29,2.910000,2.940000,2.900000,2.930000,347473
2020-10-30,2.930000,2.950000,2.850000,2.870000,489060
2020-11-02,2.870000,2.930000,2.870000,2.900000,415514
2020-11-03,2.920000,3.030000,2.920000,3.020000,846935
2020-11-04,3.030000,3.050000,2.990000,3.000000,499825
2020-11-05,3.020000,3.040000,3.000000,3.030000,478043
2020-11-06,3.030000,3.080000,3.020000,3.070000,744988
2020-11-09,3.090000,3.380000,3.090000,3.290000,2513501
2020-11-10,3.290000,3.400000,3.280000,3.280000,2143198
2020-11-11,3.280000,3.380000,3.270000,3.330000,1671688
2020-11-12,3.310000,3.350000,3.260000,3.280000,1054041
2020-11-13,3.290000,3.360000,3.240000,3.310000,1294355
2020-11-16,3.300000,3.520000,3.290000,3.450000,2673617
2020-11-17,3.420000,3.460000,3.320000,3.350000,1794540
2020-11-18,3.350000,3.520000,3.350000,3.460000,2219530
2020-11-19,3.450000,3.520000,3.330000,3.380000,1827855
2020-11-20,3.370000,3.670000,3.340000,3.620000,3204644
2020-11-23,3.610000,3.980000,3.590000,3.870000,5385631
2020-11-24,3.850000,4.130000,3.760000,4.120000,5263214
2020-11-25,4.130000,4.320000,4.070000,4.080000,4966138
2020-11-26,4.050000,4.110000,3.970000,4.070000,3277165
2020-11-27,4.090000,4.090000,3.880000,4.070000,3038757
2020-11-30,4.070000,4.290000,4.040000,4.130000,3992805
2020-12-01,4.060000,4.140000,4.000000,4.090000,2362193
2020-12-02,4.180000,4.290000,4.110000,4.180000,2560161
2020-12-03,4.060000,4.080000,3.920000,3.950000,2893572
2020-12-04,3.870000,3.990000,3.870000,3.990000,1555202
2020-12-07,4.000000,4.030000,3.810000,3.890000,2109087
2020-12-08,3.910000,3.920000,3.810000,3.860000,1264459
2020-12-09,3.860000,3.910000,3.780000,3.790000,1339310
2020-12-10,3.800000,3.810000,3.730000,3.800000,1370594
2020-12-11,3.880000,3.910000,3.640000,3.700000,1909814
2020-12-14,3.630000,3.700000,3.590000,3.670000,1060705
2020-12-15,3.660000,3.660000,3.570000,3.610000,890288
2020-12-16,3.640000,3.680000,3.550000,3.590000,945484
2020-12-17,3.610000,3.820000,3.580000,3.790000,1806019
2020-12-18,3.850000,3.890000,3.780000,3.800000,1744326
2020-12-21,3.760000,3.790000,3.690000,3.740000,1504560
2020-12-22,3.670000,3.680000,3.480000,3.520000,1833261
2020-12-23,3.500000,3.630000,3.500000,3.590000,1227135
2020-12-24,3.600000,3.640000,3.540000,3.580000,984537
2020-12-25,3.560000,3.750000,3.530000,3.710000,1293792
2020-12-28,3.700000,3.810000,3.670000,3.720000,1459623
2020-12-29,3.700000,3.700000,3.530000,3.540000,1395605
2020-12-30,3.560000,3.690000,3.540000,3.620000,1136790
2020-12-31,3.620000,3.680000,3.580000,3.630000,931220
2021-01-04,3.620000,3.820000,3.610000,3.780000,1741217
2021-01-05,3.760000,3.850000,3.720000,3.800000,1574603
2021-01-06,3.800000,3.840000,3.720000,3.730000,1293390
2021-01-07,3.710000,4.100000,3.690000,4.000000,3470127
2021-01-08,3.980000,3.980000,3.830000,3.930000,2215348
2021-01-11,3.860000,3.860000,3.560000,3.600000,2683706
2021-01-12,3.570000,3.640000,3.530000,3.640000,1379486
2021-01-13,3.620000,3.770000,3.590000,3.650000,1600661
2021-01-14,3.610000,3.740000,3.560000,3.560000,1504763
2021-01-15,3.580000,3.650000,3.510000,3.550000,1302637
2021-01-18,3.550000,3.610000,3.510000,3.590000,944550
2021-01-19,3.570000,3.570000,3.420000,3.460000,1383411
2021-01-20,3.450000,3.530000,3.430000,3.520000,1043747
2021-01-21,3.520000,3.750000,3.490000,3.680000,2367488
2021-01-22,3.640000,3.660000,3.530000,3.530000,1730155
2021-01-25,3.510000,3.560000,3.450000,3.480000,1290229
2021-01-26,3.450000,3.510000,3.350000,3.390000,1190005
2021-01-27,3.390000,3.410000,3.330000,3.330000,834152
2021-01-28,3.290000,3.330000,3.220000,3.240000,1012161
2021-01-29,3.250000,3.290000,3.150000,3.200000,914886
2021-02-01,3.200000,3.280000,3.180000,3.270000,744746
2021-02-02,3.260000,3.290000,3.220000,3.260000,786086
2021-02-03,3.260000,3.410000,3.230000,3.330000,1300262
2021-02-04,3.300000,3.340000,3.200000,3.280000,1027753
2021-02-05,3.310000,3.440000,3.300000,3.320000,1624197
2021-02-08,3.330000,3.500000,3.320000,3.460000,1596481
2021-02-09,3.500000,3.580000,3.480000,3.560000,1616703
2021-02-10,3.550000,3.630000,3.480000,3.590000,1555620
2021-02-18,3.900000,3.950000,3.870000,3.950000,3738877
2021-02-19,3.950000,4.070000,3.870000,4.020000,3950684
2021-02-22,4.170000,4.420000,4.160000,4.360000,4945847
2021-02-23,4.380000,4.510000,4.300000,4.380000,4276766
2021-02-24,4.330000,4.510000,4.180000,4.250000,3803992
2021-02-25,4.510000,4.630000,4.390000,4.520000,4731771
2021-02-26,4.220000,4.420000,4.200000,4.250000,3385465
2021-03-01,4.300000,4.390000,4.220000,4.370000,2686098
2021-03-02,4.320000,4.350000,4.100000,4.140000,2677446
2021-03-03,4.260000,4.420000,4.250000,4.420000,2888053
2021-03-04,4.370000,4.550000,4.300000,4.340000,3280658
2021-03-05,4.100000,4.120000,4.010000,4.070000,2335363
2021-03-08,4.170000,4.250000,4.010000,4.020000,2023977
2021-03-09,4.060000,4.150000,3.850000,4.020000,2203698
2021-03-10,4.030000,4.050000,3.910000,3.970000,1430045
2021-03-11,4.050000,4.370000,4.030000,4.370000,3537091
2021-03-12,4.480000,4.570000,4.370000,4.440000,4084037
2021-03-15,4.540000,4.740000,4.460000,4.530000,3388943
2021-03-16,4.570000,4.650000,4.400000,4.440000,2411976
2021-03-17,4.340000,4.380000,4.260000,4.310000,1591429
2021-03-18,4.400000,4.440000,4.260000,4.270000,1540115
2021-03-19,4.150000,4.210000,4.070000,4.150000,1834997
2021-03-22,4.170000,4.270000,4.100000,4.150000,1964459
2021-03-23,4.160000,4.170000,3.900000,3.940000,2394582
2021-03-24,3.830000,3.870000,3.690000,3.700000,2232604
2021-03-25,3.710000,3.810000,3.690000,3.740000,1394129
2021-03-26,3.760000,3.820000,3.750000,3.800000,1132211
2021-03-29,3.870000,3.900000,3.810000,3.830000,1253976
2021-03-30,3.820000,3.860000,3.730000,3.820000,1042171
2021-03-31,3.760000,3.790000,3.710000,3.770000,1066106
2021-04-01,3.790000,3.850000,3.730000,3.830000,901736
2021-04-02,3.830000,3.860000,3.760000,3.810000,825597
2021-04-06,3.820000,3.860000,3.810000,3.810000,669162
2021-04-07,3.790000,3.930000,3.750000,3.900000,1359703
2021-04-08,3.920000,4.100000,3.900000,4.000000,2324391
2021-04-09,4.200000,4.320000,4.130000,4.250000,3554484
2021-04-12,4.200000,4.220000,4.080000,4.090000,2113070
2021-04-13,4.080000,4.200000,4.020000,4.140000,1651829
2021-04-14,4.190000,4.270000,4.110000,4.170000,1500381
2021-04-15,4.190000,4.360000,4.160000,4.320000,2567067
2021-04-16,4.320000,4.350000,4.200000,4.230000,1923840
2021-04-19,4.200000,4.260000,4.150000,4.250000,1497213
2021-04-20,4.200000,4.330000,4.150000,4.230000,1645767
2021-04-21,4.170000,4.250000,4.130000,4.210000,1261923
2021-04-22,4.270000,4.350000,4.250000,4.260000,1507079
2021-04-23,4.260000,4.300000,4.200000,4.280000,1121100
2021-04-26,4.300000,4.550000,4.290000,4.380000,2247158
2021-04-27,4.430000,4.510000,4.360000,4.440000,1635079
2021-04-28,4.400000,4.440000,4.310000,4.400000,1453354
2021-04-29,4.440000,4.620000,4.370000,4.540000,2697897
2021-04-30,4.520000,4.530000,4.360000,4.440000,1826779
2021-05-06,4.680000,4.880000,4.670000,4.880000,3658651
2021-05-07,5.030000,5.250000,4.960000,5.250000,4951698
2021-05-10,5.400000,5.780000,5.270000,5.780000,5052983
2021-05-11,5.530000,5.980000,5.410000,5.780000,5692763
2021-05-12,5.640000,5.870000,5.580000,5.850000,3945834
2021-05-13,5.600000,5.610000,5.270000,5.310000,4915445
2021-05-14,5.320000,5.420000,5.180000,5.280000,3335688
2021-05-17,5.290000,5.480000,5.200000,5.370000,3507710
2021-05-18,5.480000,5.580000,5.410000,5.450000,2568690
2021-05-19,5.330000,5.370000,5.220000,5.280000,2173887
2021-05-20,4.990000,5.230000,4.940000,5.180000,2613176
2021-05-21,5.130000,5.440000,5.110000,5.340000,2287482
2021-05-24,5.200000,5.330000,5.120000,5.220000,1948170
2021-05-25,5.210000,5.420000,5.120000,5.340000,2094336
2021-05-26,5.310000,5.440000,5.230000,5.250000,2320544
2021-05-27,5.250000,5.370000,5.200000,5.280000,1885754
2021-05-28,5.450000,5.500000,5.350000,5.360000,2732621
2021-05-31,5.350000,5.540000,5.220000,5.230000,2620347
2021-06-01,5.180000,5.400000,5.050000,5.370000,2597016
2021-06-02,5.300000,5.410000,5.230000,5.250000,1423693
2021-06-03,5.200000,5.340000,5.190000,5.230000,1179603
2021-06-04,5.100000,5.250000,5.060000,5.160000,1602159
2021-06-07,5.200000,5.300000,5.160000,5.170000,1113148
2021-06-08,5.140000,5.200000,5.060000,5.070000,1265385
2021-06-09,5.080000,5.250000,5.080000,5.190000,1308985
2021-06-10,5.160000,5.250000,5.120000,5.140000,1038741
2021-06-11,5.250000,5.520000,5.150000,5.450000,3338284
2021-06-15,5.440000,5.530000,5.060000,5.100000,2823247
2021-06-16,5.000000,5.030000,4.780000,4.790000,2227400
2021-06-17,4.780000,4.930000,4.770000,4.850000,1202959
2021-06-18,4.690000,4.910000,4.610000,4.880000,1475907
2021-06-21,4.840000,4.930000,4.770000,4.840000,1165173
2021-06-22,4.900000,4.930000,4.770000,4.880000,1139813
2021-06-23,4.900000,5.230000,4.890000,5.170000,2317697
2021-06-24,5.200000,5.320000,5.160000,5.180000,1725085
2021-06-25,5.190000,5.490000,5.170000,5.410000,2028709
2021-06-28,5.390000,5.420000,5.300000,5.390000,1103994
2021-06-29,5.330000,5.400000,5.170000,5.210000,1676160
2021-06-30,5.250000,5.380000,5.250000,5.300000,1145273
2021-07-01,5.290000,5.290000,5.110000,5.110000,1245930
2021-07-02,5.080000,5.310000,5.080000,5.140000,1506747
2021-07-05,5.250000,5.510000,5.250000,5.370000,2247868
2021-07-06,5.400000,5.440000,5.240000,5.370000,1536669
2021-07-07,5.240000,5.400000,5.180000,5.360000,1494075
2021-07-08,5.360000,5.630000,5.310000,5.330000,2297140
2021-07-09,5.290000,5.860000,5.250000,5.860000,3876514
2021-07-12,6.050000,6.170000,5.700000,5.740000,4889979
2021-07-13,5.790000,5.850000,5.650000,5.770000,2661265
2021-07-14,5.740000,5.780000,5.450000,5.490000,3247664
2021-07-15,5.460000,5.630000,5.380000,5.590000,2437457
2021-07-16,5.550000,5.960000,5.540000,5.820000,3570097
2021-07-19,5.980000,6.050000,5.740000,5.820000,3815858
2021-07-20,5.610000,5.690000,5.510000,5.670000,2401534
2021-07-21,5.750000,5.890000,5.660000,5.810000,2383230
2021-07-22,5.840000,6.260000,5.830000,6.170000,3869716
2021-07-23,6.220000,6.410000,6.130000,6.280000,4702113
2021-07-26,6.330000,6.450000,6.020000,6.190000,3903155
2021-07-27,6.330000,6.410000,5.630000,5.650000,4681320
2021-07-28,5.420000,5.650000,5.360000,5.430000,3188624
2021-07-29,5.680000,5.700000,5.480000,5.640000,2289633
2021-07-30,5.690000,6.030000,5.650000,5.970000,3098067
2021-08-02,5.880000,5.960000,5.630000,5.880000,3052974
2021-08-03,5.780000,5.830000,5.400000,5.530000,2901012
2021-08-04,5.500000,5.700000,5.440000,5.650000,1833087
2021-08-05,5.570000,5.570000,5.400000,5.470000,1814681
2021-08-06,5.480000,5.700000,5.470000,5.640000,1793552
2021-08-09,5.560000,5.800000,5.490000,5.740000,2106012
2021-08-10,5.700000,5.820000,5.580000,5.720000,1978981
2021-08-11,5.820000,6.020000,5.800000,5.940000,3172297
2021-08-12,5.940000,6.340000,5.890000,6.220000,4347182
2021-08-13,6.180000,6.320000,6.080000,6.300000,2804319
2021-08-16,6.380000,6.440000,6.050000,6.110000,3040420
2021-08-17,6.070000,6.220000,5.950000,6.030000,2400784
2021-08-18,5.960000,6.260000,5.880000,6.060000,2456605
2021-08-19,5.900000,5.920000,5.630000,5.880000,2989669
2021-08-20,5.810000,5.920000,5.700000,5.870000,2165276
2021-08-23,5.910000,6.040000,5.880000,5.930000,1898283
2021-08-24,6.000000,6.120000,5.960000,6.010000,2358659
2021-08-25,6.240000,6.610000,6.100000,6.610000,5186672
2021-08-26,6.720000,7.270000,6.610000,7.220000,8891193
2021-08-27,7.270000,7.650000,7.160000,7.250000,6887756
2021-08-30,7.360000,7.760000,7.360000,7.620000,6805498
2021-08-31,7.550000,7.880000,7.470000,7.800000,5741547
2021-09-01,7.700000,8.090000,7.220000,7.480000,6718712
2021-09-02,7.590000,7.990000,7.510000,7.880000,5072362
2021-09-03,7.870000,7.980000,7.520000,7.590000,3500765
2021-09-06,8.000000,8.350000,7.770000,7.960000,5802376
2021-09-07,8.180000,8.370000,7.960000,8.290000,4602234
2021-09-08,8.330000,9.090000,8.060000,8.980000,5681145
2021-09-09,8.990000,9.570000,8.860000,9.400000,6644217
2021-09-10,9.540000,10.010000,9.240000,9.300000,6960786
2021-09-13,9.820000,10.230000,9.600000,10.230000,8123892
2021-09-14,9.850000,10.170000,9.540000,9.660000,7203729
2021-09-15,9.220000,9.550000,9.050000,9.350000,5229803
2021-09-16,9.630000,9.940000,9.320000,9.570000,5415588
2021-09-17,9.300000,10.050000,9.150000,9.540000,5589838
2021-09-22,9.450000,9.930000,9.000000,9.800000,4974373
2021-09-23,10.050000,10.160000,9.290000,9.360000,4863134
2021-09-24,9.610000,9.800000,8.780000,8.870000,5747573
2021-09-27,8.800000,8.850000,7.980000,7.990000,5318347
2021-09-28,7.950000,8.540000,7.950000,8.400000,3927448
2021-09-29,8.400000,8.430000,7.860000,7.920000,3089807
2021-09-30,8.100000,8.140000,7.710000,7.750000,3160140
2021-10-08,7.970000,8.000000,7.480000,7.550000,2907199
2021-10-11,7.450000,7.610000,7.200000,7.430000,2838568
2021-10-12,7.480000,7.550000,6.940000,7.100000,3419800
2021-10-13,7.210000,7.250000,6.950000,7.100000,2780378
2021-10-14,7.020000,7.260000,6.850000,7.090000,3132831
2021-10-15,7.150000,7.300000,6.970000,7.210000,3952624
2021-10-18,7.250000,7.510000,7.020000,7.460000,5145291
2021-10-19,7.380000,7.390000,7.150000,7.300000,3198777
2021-10-20,7.000000,7.200000,6.820000,7.100000,3799404
2021-10-21,7.210000,7.390000,7.070000,7.170000,3652735
2021-10-22,7.070000,7.210000,6.690000,6.740000,4671354
2021-10-25,6.750000,7.030000,6.700000,6.950000,3023203
2021-10-26,6.950000,7.060000,6.860000,6.920000,1991039
2021-10-27,6.820000,6.900000,6.360000,6.510000,5438294
2021-10-28,6.400000,6.440000,6.060000,6.160000,4824538
2021-10-29,6.270000,6.300000,6.110000,6.140000,2745047
2021-11-01,6.120000,6.250000,6.050000,6.090000,2956160
2021-11-02,6.090000,6.130000,5.760000,5.910000,3918206
2021-11-03,5.910000,5.990000,5.830000,5.970000,2899048
2021-11-04,5.920000,5.940000,5.790000,5.820000,2511375
2021-11-05,5.620000,5.700000,5.470000,5.490000,4027491
2021-11-08,5.540000,5.630000,5.490000,5.510000,2733590
2021-11-09,5.560000,5.590000,5.430000,5.470000,1911232
2021-11-10,5.400000,5.420000,5.200000,5.400000,3648839
2021-11-11,5.400000,5.510000,5.350000,5.470000,2768383
2021-11-12,5.530000,5.650000,5.310000,5.320000,4035636
2021-11-15,5.260000,5.360000,5.210000,5.320000,2383637
2021-11-16,5.260000,5.350000,5.180000,5.200000,2721333
2021-11-17,5.130000,5.250000,5.130000,5.250000,2409426
2021-11-18,5.240000,5.290000,5.140000,5.220000,2779285
2021-11-19,5.210000,5.370000,5.160000,5.340000,3261539
2021-11-22,5.320000,5.350000,5.230000,5.320000,2656064
2021-11-23,5.340000,5.460000,5.310000,5.320000,4088946
2021-11-24,5.300000,5.450000,5.250000,5.400000,4042534
2021-11-25,5.430000,5.450000,5.320000,5.350000,3057962
2021-11-26,5.300000,5.390000,5.250000,5.270000,2558615
2021-11-29,5.160000,5.280000,5.050000,5.250000,3332405
2021-11-30,5.240000,5.350000,5.130000,5.200000,2953824
2021-12-01,5.170000,5.310000,5.150000,5.280000,2179793
2021-12-02,5.250000,5.330000,5.200000,5.290000,2197247
2021-12-03,5.270000,5.430000,5.180000,5.390000,4071868
2021-12-06,5.400000,5.930000,5.400000,5.930000,6613522
2021-12-07,6.000000,6.360000,5.920000,6.290000,12151508
2021-12-08,6.310000,6.660000,6.090000,6.450000,8557228
2021-12-09,6.350000,6.440000,6.250000,6.300000,5897676
2021-12-10,6.250000,6.480000,6.150000,6.390000,5530954
2021-12-13,6.390000,6.570000,6.270000,6.390000,5096327
2021-12-14,6.320000,6.340000,6.030000,6.080000,5363454
2021-12-15,6.030000,6.140000,6.000000,6.010000,3445182
2021-12-16,6.010000,6.180000,5.940000,6.140000,3816022
2021-12-17,6.160000,6.330000,6.130000,6.160000,3659040
2021-12-20,6.160000,6.380000,6.160000,6.200000,3814690
2021-12-21,6.100000,6.350000,5.950000,6.230000,3940181
2021-12-22,6.350000,6.430000,6.100000,6.180000,3110541
2021-12-23,6.390000,6.800000,6.220000,6.800000,9847916
2021-12-24,6.800000,6.800000,6.420000,6.430000,5691600
2021-12-27,6.310000,6.320000,6.120000,6.160000,3754748
2021-12-28,6.130000,6.280000,6.030000,6.210000,2496598
2021-12-29,6.160000,6.160000,6.050000,6.050000,2365522
2021-12-30,6.080000,6.220000,6.030000,6.150000,2546269
2021-12-31,6.110000,6.140000,6.060000,6.090000,1651444
2022-01-04,6.110000,6.120000,6.000000,6.070000,2206868
2022-01-05,6.040000,6.050000,5.700000,5.820000,3726225
2022-01-06,5.800000,5.930000,5.770000,5.860000,1857335
2022-01-07,5.860000,6.060000,5.820000,5.990000,2761888
2022-01-10,5.970000,6.170000,5.930000,6.090000,2280292
2022-01-11,6.110000,6.300000,6.070000,6.230000,3612852
2022-01-12,6.330000,6.380000,6.130000,6.250000,2404810
2022-01-13,6.230000,6.300000,6.080000,6.090000,2348143
2022-01-14,6.020000,6.060000,5.900000,5.930000,2085348
2022-01-17,5.860000,5.910000,5.760000,5.860000,1793208
2022-01-18,5.850000,6.000000,5.810000,5.950000,1726509
2022-01-19,5.990000,6.100000,5.890000,5.970000,1923363
2022-01-20,5.950000,6.030000,5.860000,5.900000,1334540
2022-01-21,5.880000,5.930000,5.770000,5.840000,1462799
2022-01-24,5.710000,5.740000,5.570000,5.700000,1597484
2022-01-25,5.680000,5.770000,5.400000,5.410000,1917113
2022-01-26,5.490000,5.730000,5.450000,5.660000,2426599
2022-01-27,5.670000,5.710000,5.520000,5.530000,1468101
2022-01-28,5.380000,5.420000,5.100000,5.260000,3142472
2022-02-07,5.370000,5.650000,5.330000,5.620000,2374066
2022-02-08,5.650000,5.950000,5.610000,5.890000,2805340
2022-02-09,6.130000,6.230000,6.040000,6.150000,4221932
2022-02-10,6.280000,6.380000,6.160000,6.260000,4105836
2022-02-11,6.130000,6.350000,6.100000,6.150000,3008377
2022-02-14,6.170000,6.220000,6.010000,6.060000,2139821
2022-02-15,6.090000,6.130000,5.910000,6.020000,1869946
2022-02-16,5.980000,6.070000,5.950000,6.030000,1689263
2022-02-17,6.090000,6.240000,6.080000,6.170000,2822925
2022-02-18,6.110000,6.340000,6.080000,6.260000,2438594
2022-02-21,6.200000,6.210000,6.100000,6.160000,1663415
2022-02-22,6.210000,6.270000,6.070000,6.270000,2760261
2022-02-23,6.150000,6.210000,6.080000,6.150000,2435306
2022-02-24,6.080000,6.530000,6.060000,6.260000,6387874
2022-02-25,6.290000,6.490000,6.230000,6.330000,5098910
2022-02-28,6.460000,6.520000,6.300000,6.480000,3578874
2022-03-01,6.400000,6.420000,6.230000,6.360000,3257027
2022-03-02,6.490000,7.000000,6.450000,6.910000,8419715
2022-03-03,7.010000,7.250000,6.970000,7.150000,6350840
2022-03-04,7.210000,7.500000,6.950000,7.110000,5397289
2022-03-07,7.390000,7.430000,7.170000,7.300000,4502277
2022-03-08,6.900000,7.000000,6.570000,6.710000,5411511
2022-03-09,6.470000,6.520000,6.060000,6.320000,4721521
2022-03-10,6.200000,6.310000,6.050000,6.230000,3072160
2022-03-11,6.160000,6.390000,5.960000,6.370000,3531342
2022-03-14,6.180000,6.300000,6.000000,6.020000,2784279
2022-03-15,5.840000,5.840000,5.420000,5.420000,4050531
2022-03-16,5.500000,5.670000,5.320000,5.630000,2787282
2022-03-17,5.790000,5.900000,5.630000,5.780000,2833858
2022-03-18,5.860000,6.020000,5.830000,5.980000,2613858
2022-03-21,6.110000,6.210000,6.070000,6.160000,2687854
2022-03-22,6.200000,6.340000,6.110000,6.260000,2488970
2022-03-23,6.100000,6.170000,6.050000,6.120000,2121343
2022-03-24,6.180000,6.240000,6.080000,6.140000,2309050
2022-03-25,6.050000,6.160000,5.980000,6.000000,1847600
2022-03-28,5.890000,6.180000,5.810000,6.120000,1971572
2022-03-29,6.110000,6.120000,6.000000,6.030000,1285887
2022-03-30,5.930000,5.980000,5.860000,5.970000,1964588
2022-03-31,5.980000,6.000000,5.740000,5.820000,2026900
2022-04-01,5.760000,5.850000,5.680000,5.810000,1353565
2022-04-06,5.740000,5.900000,5.660000,5.900000,1612485
2022-04-07,5.830000,5.860000,5.690000,5.700000,1490623
2022-04-08,5.680000,5.750000,5.560000,5.720000,1291626
2022-04-11,5.650000,5.710000,5.400000,5.410000,1898143
2022-04-12,5.330000,5.660000,5.320000,5.660000,1597020
2022-04-13,5.590000,5.940000,5.560000,5.820000,2481846
2022-04-14,5.860000,5.960000,5.770000,5.870000,1865370
2022-04-15,5.910000,5.980000,5.700000,5.720000,1558472
2022-04-18,5.610000,5.630000,5.510000,5.570000,1213147
2022-04-19,5.620000,5.740000,5.580000,5.690000,1389805
2022-04-20,5.640000,5.650000,5.400000,5.430000,1726682
2022-04-21,5.410000,5.470000,5.250000,5.280000,1517038
2022-04-22,5.170000,5.300000,5.100000,5.250000,1156843
2022-04-25,5.130000,5.140000,4.730000,4.730000,2377827
2022-04-26,4.700000,4.720000,4.400000,4.430000,2194037
2022-04-27,4.360000,4.710000,4.310000,4.670000,2416865
2022-04-28,4.620000,4.700000,4.530000,4.650000,1534895
2022-04-29,4.660000,4.780000,4.610000,4.760000,1796479
2022-05-05,4.670000,4.750000,4.620000,4.710000,1513315
2022-05-06,4.540000,4.540000,4.430000,4.460000,1574858
2022-05-09,4.400000,4.540000,4.380000,4.510000,1025245
2022-05-10,4.350000,4.540000,4.320000,4.530000,1413307
2022-05-11,4.520000,4.680000,4.510000,4.600000,1696444
2022-05-12,4.570000,4.640000,4.450000,4.520000,1396998
2022-05-13,4.520000,4.560000,4.460000,4.560000,1039861
2022-05-16,4.620000,4.660000,4.560000,4.580000,1230130
2022-05-17,4.570000,4.620000,4.530000,4.620000,1079542
2022-05-18,4.630000,4.640000,4.540000,4.580000,903335
2022-05-19,4.500000,4.610000,4.450000,4.610000,1167137
2022-05-20,4.700000,5.070000,4.680000,5.070000,3581854
2022-05-23,5.180000,5.370000,5.050000,5.240000,3985792
2022-05-24,5.150000,5.220000,4.930000,4.930000,2504030
2022-05-25,4.920000,5.010000,4.900000,4.970000,1614426
2022-05-26,5.000000,5.100000,4.860000,5.020000,1727147
2022-05-27,5.060000,5.110000,4.960000,5.020000,1280590
2022-05-30,5.030000,5.080000,4.940000,5.060000,1212878
2022-05-31,5.050000,5.270000,4.970000,5.150000,1845891
2022-06-01,5.050000,5.060000,4.970000,5.020000,1854123
2022-06-02,4.980000,5.060000,4.950000,5.040000,1577659
2022-06-06,5.040000,5.150000,5.030000,5.120000,2397263
2022-06-07,5.080000,5.120000,5.020000,5.050000,1882000
2022-06-08,5.090000,5.210000,5.020000,5.200000,3146023
2022-06-09,5.170000,5.190000,5.030000,5.070000,2078168
2022-06-10,4.980000,5.180000,4.950000,5.150000,2651466
2022-06-13,5.080000,5.180000,5.020000,5.080000,2316028
2022-06-14,5.020000,5.050000,4.720000,4.970000,3738981
2022-06-15,4.940000,5.150000,4.920000,5.060000,3449731
2022-06-16,5.120000,5.190000,5.010000,5.030000,2486637
2022-06-17,4.940000,5.020000,4.900000,4.990000,2269149
2022-06-20,4.980000,4.990000,4.840000,4.860000,2626537
2022-06-21,4.850000,4.870000,4.740000,4.770000,2074101
2022-06-22,4.780000,4.820000,4.690000,4.700000,1739760
2022-06-23,4.690000,4.770000,4.610000,4.760000,2212445
2022-06-24,4.740000,4.750000,4.680000,4.740000,1596020
2022-06-27,4.750000,4.860000,4.730000,4.800000,1967046
2022-06-28,4.810000,4.950000,4.800000,4.950000,2858567
2022-06-29,4.950000,4.990000,4.750000,4.760000,3242871
2022-06-30,4.730000,4.780000,4.720000,4.750000,1481371
2022-07-01,4.710000,4.760000,4.670000,4.740000,1132194
2022-07-04,4.700000,4.730000,4.680000,4.720000,1039953
2022-07-05,4.710000,4.880000,4.700000,4.800000,2373941
2022-07-06,4.720000,4.730000,4.600000,4.630000,2121807
2022-07-07,4.610000,4.720000,4.610000,4.670000,1105726
2022-07-08,4.710000,4.750000,4.650000,4.670000,981264
2022-07-11,4.640000,4.640000,4.530000,4.570000,1264741
2022-07-12,4.530000,4.620000,4.530000,4.560000,869666
2022-07-13,4.530000,4.550000,4.480000,4.540000,993441
2022-07-14,4.540000,4.540000,4.500000,4.500000,716005
2022-07-15,4.470000,4.480000,4.380000,4.380000,1131782
2022-07-18,4.430000,4.650000,4.430000,4.630000,1963201
2022-07-19,4.650000,4.720000,4.600000,4.650000,1372787
2022-07-20,4.650000,4.650000,4.580000,4.610000,825968
2022-07-21,4.580000,4.590000,4.530000,4.530000,954775
2022-07-22,4.530000,4.570000,4.470000,4.530000,873733
2022-07-25,4.750000,4.780000,4.580000,4.610000,2030248
2022-07-26,4.610000,4.630000,4.540000,4.620000,863685
2022-07-27,4.600000,4.620000,4.580000,4.590000,644485
2022-07-28,4.650000,4.660000,4.610000,4.630000,816387
2022-07-29,4.650000,4.720000,4.610000,4.670000,1515237
2022-08-01,4.630000,4.650000,4.590000,4.630000,1001007
2022-08-02,4.570000,4.570000,4.370000,4.420000,1735855
2022-08-03,4.400000,4.480000,4.350000,4.380000,1119015
2022-08-04,4.370000,4.410000,4.350000,4.400000,786883
2022-08-05,4.400000,4.500000,4.400000,4.490000,931225
2022-08-08,4.460000,4.520000,4.440000,4.500000,720502
2022-08-09,4.490000,4.520000,4.470000,4.510000,805272
2022-08-10,4.500000,4.640000,4.490000,4.560000,1374907
2022-08-11,4.580000,4.610000,4.550000,4.590000,1044098
2022-08-12,4.580000,4.690000,4.570000,4.660000,1481214
2022-08-15,4.610000,4.640000,4.560000,4.610000,1139668
2022-08-16,4.590000,4.610000,4.560000,4.570000,948390
2022-08-17,4.590000,4.660000,4.540000,4.650000,1324621
2022-08-18,4.640000,4.660000,4.560000,4.570000,1024627
2022-08-19,4.540000,4.550000,4.470000,4.490000,893157
2022-08-22,4.470000,4.640000,4.430000,4.630000,1630894
2022-08-23,4.600000,4.640000,4.560000,4.610000,908770
2022-08-24,4.690000,4.750000,4.600000,4.610000,2200836
2022-08-25,4.620000,4.790000,4.560000,4.770000,3336685
2022-08-26,4.760000,4.770000,4.670000,4.700000,1811919
2022-08-29,4.620000,4.720000,4.580000,4.700000,1355061
2022-08-30,4.680000,4.700000,4.590000,4.620000,1103134
2022-08-31,4.570000,4.590000,4.470000,4.510000,1388238
2022-09-01,4.490000,4.530000,4.460000,4.480000,996579
2022-09-02,4.470000,4.490000,4.430000,4.450000,766251
2022-09-05,4.440000,4.490000,4.430000,4.490000,715395
2022-09-06,4.490000,4.580000,4.480000,4.570000,1025994
2022-09-07,4.550000,4.990000,4.530000,4.930000,5783807
2022-09-08,4.900000,4.950000,4.770000,4.880000,2993450
2022-09-09,4.930000,5.070000,4.900000,5.010000,3137838
2022-09-13,5.070000,5.090000,4.920000,4.950000,2330794
2022-09-14,4.860000,4.940000,4.820000,4.840000,1442389
2022-09-15,4.860000,4.880000,4.690000,4.740000,1565153
2022-09-16,4.750000,4.760000,4.480000,4.490000,2372604
2022-09-19,4.480000,4.540000,4.420000,4.450000,1450932
2022-09-20,4.480000,4.520000,4.450000,4.470000,1152207
2022-09-21,4.440000,4.540000,4.360000,4.520000,1390781
2022-09-22,4.470000,4.530000,4.450000,4.470000,842705
2022-09-23,4.470000,4.510000,4.380000,4.400000,1097602
2022-09-26,4.330000,4.330000,4.120000,4.130000,2286303
2022-09-27,4.130000,4.190000,4.050000,4.170000,1260432
2022-09-28,4.120000,4.140000,4.010000,4.020000,1291854
2022-09-29,4.060000,4.100000,4.020000,4.040000,893951
2022-09-30,4.050000,4.150000,4.040000,4.130000,1100547
2022-10-10,4.120000,4.190000,4.070000,4.080000,948114
2022-10-11,4.110000,4.140000,4.050000,4.110000,691838
2022-10-12,4.110000,4.170000,4.040000,4.170000,1160043
2022-10-13,4.220000,4.260000,4.180000,4.200000,1327940
2022-10-14,4.240000,4.270000,4.190000,4.250000,1185449
2022-10-17,4.200000,4.240000,4.150000,4.220000,1228850
2022-10-18,4.230000,4.240000,4.170000,4.180000,839302
2022-10-19,4.170000,4.200000,4.130000,4.130000,669222
2022-10-20,4.110000,4.150000,4.070000,4.110000,651813
2022-10-21,4.130000,4.170000,4.100000,4.120000,607859
2022-10-24,4.130000,4.170000,4.040000,4.060000,794447
2022-10-25,4.050000,4.090000,3.990000,4.070000,816107
2022-10-26,4.010000,4.100000,4.000000,4.070000,935858
2022-10-27,4.080000,4.110000,4.060000,4.070000,804830
2022-10-28,4.040000,4.040000,3.920000,3.920000,1273675
2022-10-31,3.880000,3.920000,3.850000,3.860000,926000
2022-11-01,3.870000,3.970000,3.860000,3.970000,773884
2022-11-02,3.950000,4.040000,3.930000,4.010000,768843
2022-11-03,3.980000,4.070000,3.960000,4.010000,861401
2022-11-04,4.000000,4.140000,4.000000,4.120000,1347075
2022-11-07,4.180000,4.290000,4.160000,4.240000,1813486
2022-11-08,4.240000,4.280000,4.200000,4.250000,1224959
2022-11-09,4.280000,4.340000,4.240000,4.250000,1216990
2022-11-10,4.210000,4.250000,4.170000,4.230000,729390
2022-11-11,4.350000,4.380000,4.290000,4.340000,1752293
2022-11-14,4.420000,4.440000,4.310000,4.330000,1225894
2022-11-15,4.300000,4.390000,4.280000,4.390000,932278
2022-11-16,4.390000,4.420000,4.360000,4.410000,923966
2022-11-17,4.380000,4.400000,4.300000,4.360000,955502
2022-11-18,4.350000,4.360000,4.300000,4.300000,711967
2022-11-21,4.260000,4.280000,4.210000,4.260000,682328
2022-11-22,4.260000,4.490000,4.250000,4.340000,1546158
2022-11-23,4.350000,4.480000,4.330000,4.380000,1491210
2022-11-24,4.430000,4.470000,4.360000,4.420000,1122604
2022-11-25,4.420000,4.500000,4.360000,4.470000,1192691
2022-11-28,4.410000,4.440000,4.290000,4.420000,1076626
2022-11-29,4.410000,4.560000,4.400000,4.540000,1827256
2022-11-30,4.500000,4.540000,4.460000,4.470000,1052626
2022-12-01,4.580000,4.590000,4.480000,4.500000,1158922
2022-12-02,4.480000,4.500000,4.410000,4.440000,894494
2022-12-05,4.500000,4.880000,4.480000,4.880000,4435938
2022-12-06,4.800000,4.970000,4.750000,4.930000,3817219
2022-12-07,4.850000,4.880000,4.750000,4.800000,2325912
2022-12-08,4.760000,4.810000,4.720000,4.790000,1260465
2022-12-09,4.760000,4.940000,4.760000,4.910000,2060227
2022-12-12,4.840000,4.850000,4.700000,4.730000,1637911
2022-12-13,4.720000,4.780000,4.680000,4.720000,1070186
2022-12-14,4.720000,4.820000,4.720000,4.770000,869824
2022-12-15,4.720000,4.740000,4.640000,4.730000,935932
2022-12-16,4.670000,4.790000,4.660000,4.740000,760171
2022-12-19,4.750000,4.760000,4.580000,4.600000,1042297
2022-12-20,4.580000,4.650000,4.540000,4.580000,682298
2022-12-21,4.600000,4.620000,4.520000,4.530000,620429
2022-12-22,4.590000,4.670000,4.470000,4.490000,830635
2022-12-23,4.450000,4.510000,4.400000,4.500000,444717
2022-12-26,4.500000,4.510000,4.430000,4.480000,514520
2022-12-27,4.490000,4.620000,4.490000,4.610000,734414
2022-12-28,4.590000,4.700000,4.560000,4.600000,762211
2022-12-29,4.590000,4.600000,4.460000,4.460000,690579
2022-12-30,4.520000,4.530000,4.460000,4.470000,418289
2023-01-03,4.480000,4.550000,4.400000,4.540000,811738
2023-01-04,4.510000,4.530000,4.430000,4.450000,716821
2023-01-05,4.460000,4.510000,4.450000,4.480000,626696
2023-01-06,4.470000,4.550000,4.460000,4.500000,650859
2023-01-09,4.520000,4.760000,4.520000,4.690000,1627838
2023-01-10,4.690000,4.850000,4.670000,4.770000,1535309
2023-01-11,4.800000,4.850000,4.780000,4.790000,1119406
2023-01-12,4.820000,4.840000,4.760000,4.790000,757186
2023-01-13,4.820000,4.890000,4.810000,4.870000,1096361
2023-01-16,4.910000,4.960000,4.850000,4.920000,1088328
2023-01-17,4.910000,4.910000,4.840000,4.890000,702856
2023-01-18,4.900000,5.070000,4.890000,5.010000,1387517
2023-01-19,4.990000,5.030000,4.970000,5.030000,704244
2023-01-20,5.040000,5.220000,5.010000,5.200000,1765222
2023-01-30,5.290000,5.320000,5.180000,5.260000,1677315
2023-01-31,5.240000,5.350000,5.190000,5.290000,1141659
2023-02-01,5.340000,5.640000,5.320000,5.540000,2328566
2023-02-02,5.520000,5.530000,5.470000,5.490000,1212732
2023-02-03,5.450000,5.450000,5.300000,5.350000,1389770
2023-02-06,5.290000,5.360000,5.210000,5.300000,1048361
2023-02-07,5.360000,5.390000,5.310000,5.380000,781964
2023-02-08,5.400000,5.410000,5.290000,5.310000,661991
2023-02-09,5.290000,5.360000,5.240000,5.330000,574942
2023-02-10,5.330000,5.330000,5.240000,5.270000,703403
2023-02-13,5.250000,5.350000,5.220000,5.320000,712132
2023-02-14,5.340000,5.530000,5.340000,5.440000,1216252
2023-02-15,5.420000,5.560000,5.410000,5.490000,1199372
2023-02-16,5.480000,5.490000,5.230000,5.280000,1265057
2023-02-17,5.310000,5.460000,5.290000,5.340000,1038339
2023-02-20,5.450000,5.770000,5.440000,5.680000,2320689
2023-02-21,5.680000,5.810000,5.650000,5.740000,1517862
2023-02-22,5.670000,5.740000,5.630000,5.650000,892147
2023-02-23,5.640000,5.680000,5.530000,5.600000,821138
2023-02-24,5.560000,5.580000,5.460000,5.490000,883442
2023-02-27,5.460000,5.510000,5.420000,5.450000,713118
2023-02-28,5.490000,5.540000,5.430000,5.530000,843118
2023-03-01,5.520000,5.680000,5.510000,5.680000,1105971
2023-03-02,5.680000,5.760000,5.620000,5.700000,1026374
2023-03-03,5.650000,5.760000,5.630000,5.720000,856971
2023-03-06,5.730000,5.880000,5.600000,5.690000,1318132
2023-03-07,5.690000,5.850000,5.640000,5.720000,1589243
2023-03-08,5.650000,5.680000,5.600000,5.650000,927269
2023-03-09,5.690000,5.690000,5.510000,5.590000,813366
2023-03-10,5.530000,5.540000,5.420000,5.460000,906639
2023-03-13,5.440000,5.610000,5.440000,5.590000,1074738
2023-03-14,5.580000,5.800000,5.570000,5.620000,1247126
2023-03-15,5.650000,5.770000,5.520000,5.720000,1072621
2023-03-16,5.620000,5.630000,5.370000,5.380000,1750348
2023-03-17,5.400000,5.610000,5.400000,5.540000,1196934
2023-03-20,5.550000,5.680000,5.550000,5.560000,936405
2023-03-21,5.560000,5.600000,5.510000,5.540000,562057
2023-03-22,5.500000,5.520000,5.300000,5.360000,1464349
2023-03-23,5.350000,5.700000,5.310000,5.650000,1970943
2023-03-24,5.620000,5.680000,5.520000,5.620000,1032450
2023-03-27,5.580000,5.590000,5.450000,5.460000,811376
2023-03-28,5.460000,5.550000,5.390000,5.400000,720340
2023-03-29,5.450000,5.460000,5.330000,5.360000,639821
2023-03-30,5.380000,5.400000,5.260000,5.390000,656607
2023-03-31,5.380000,5.550000,5.360000,5.520000,961393
2023-04-03,5.480000,5.550000,5.450000,5.510000,588100
2023-04-04,5.490000,5.720000,5.450000,5.640000,1372953
2023-04-06,5.600000,5.750000,5.590000,5.700000,968593
2023-04-07,5.700000,5.810000,5.650000,5.720000,1006102
2023-04-10,5.700000,6.020000,5.700000,5.910000,1614993
2023-04-11,5.900000,6.020000,5.860000,6.000000,1554788
2023-04-12,6.010000,6.250000,6.010000,6.200000,1632869
2023-04-13,6.180000,6.340000,6.150000,6.190000,1679457
2023-04-14,6.280000,6.410000,6.240000,6.360000,1398039
2023-04-17,6.320000,6.640000,6.280000,6.630000,2000236
2023-04-18,6.640000,6.650000,6.430000,6.540000,1343826
2023-04-19,6.530000,6.760000,6.520000,6.600000,1379424
2023-04-20,6.560000,6.590000,6.380000,6.550000,1481481
2023-04-21,6.530000,6.540000,6.330000,6.340000,1023769
2023-04-24,6.340000,6.350000,6.130000,6.160000,1384342
2023-04-25,6.220000,6.240000,6.070000,6.160000,1102426
2023-04-26,6.150000,6.380000,6.060000,6.260000,1485447
2023-04-27,6.250000,6.290000,6.120000,6.200000,748376
2023-04-28,6.170000,6.500000,6.170000,6.390000,1378252
2023-05-04,6.330000,6.530000,6.250000,6.410000,1512024
2023-05-05,6.370000,6.410000,6.230000,6.320000,1086855
2023-05-08,6.320000,6.600000,6.310000,6.530000,1643448
2023-05-09,6.580000,6.590000,6.350000,6.350000,1455513
2023-05-10,6.310000,6.390000,6.230000,6.290000,869236
2023-05-11,6.260000,6.280000,6.040000,6.060000,1534935
2023-05-12,6.000000,6.000000,5.740000,5.790000,1853045
2023-05-15,5.860000,5.900000,5.590000,5.770000,1664120
2023-05-16,5.780000,5.840000,5.660000,5.690000,939756
2023-05-17,5.680000,5.720000,5.590000,5.650000,956571
2023-05-18,5.710000,5.770000,5.660000,5.680000,675423
2023-05-19,5.650000,5.690000,5.540000,5.590000,566688
2023-05-22,5.570000,5.640000,5.500000,5.610000,637682
2023-05-23,5.580000,5.620000,5.410000,5.420000,1135745
2023-05-24,5.390000,5.420000,5.280000,5.280000,926616
2023-05-25,5.280000,5.310000,5.130000,5.200000,1025584
2023-05-26,5.190000,5.280000,5.130000,5.260000,694575
2023-05-29,5.290000,5.440000,5.240000,5.370000,1181296
2023-05-30,5.350000,5.490000,5.300000,5.460000,1190871
2023-05-31,5.400000,5.450000,5.370000,5.410000,754589
2023-06-01,5.440000,5.480000,5.370000,5.440000,983949
2023-06-02,5.480000,5.660000,5.450000,5.650000,1346711
2023-06-05,5.620000,5.640000,5.460000,5.490000,932114
2023-06-06,5.460000,5.660000,5.450000,5.520000,995755
2023-06-07,5.530000,5.590000,5.470000,5.510000,503206
2023-06-08,5.480000,5.640000,5.470000,5.600000,707837
2023-06-09,5.650000,5.710000,5.560000,5.580000,838389
2023-06-12,5.590000,5.630000,5.530000,5.600000,740455
2023-06-13,5.570000,5.590000,5.470000,5.530000,810915
2023-06-14,5.580000,5.720000,5.560000,5.650000,1057790
2023-06-15,5.630000,5.680000,5.550000,5.650000,731956
2023-06-16,5.660000,5.870000,5.650000,5.850000,1535940
2023-06-19,5.800000,5.800000,5.580000,5.640000,1535461
2023-06-20,5.630000,5.640000,5.540000,5.540000,866622
2023-06-21,5.510000,5.560000,5.440000,5.450000,592097
2023-06-26,5.350000,5.460000,5.280000,5.330000,764449
2023-06-27,5.360000,5.570000,5.330000,5.510000,848478
2023-06-28,5.570000,5.570000,5.420000,5.510000,572394
2023-06-29,5.520000,5.520000,5.430000,5.460000,504799
2023-06-30,5.440000,5.530000,5.440000,5.490000,512794
2023-07-03,5.490000,5.620000,5.490000,5.610000,885490
2023-07-04,5.850000,5.910000,5.580000,5.620000,1719478
2023-07-05,5.600000,5.830000,5.590000,5.780000,2142231
2023-07-06,5.850000,5.850000,5.630000,5.650000,1350607
2023-07-07,5.660000,6.220000,5.660000,6.060000,5443561
2023-07-10,6.000000,6.190000,5.860000,5.860000,3754748
2023-07-11,5.830000,5.850000,5.680000,5.750000,2235798
2023-07-12,5.720000,5.800000,5.690000,5.740000,1647835
2023-07-13,5.750000,5.910000,5.750000,5.900000,2020214
2023-07-14,5.950000,6.080000,5.870000,5.890000,2059036
2023-07-17,5.810000,5.840000,5.700000,5.740000,1132436
2023-07-18,5.760000,5.850000,5.720000,5.800000,894913
2023-07-19,5.770000,5.820000,5.730000,5.800000,775950
2023-07-20,5.800000,5.980000,5.790000,5.860000,1545195
2023-07-21,5.860000,5.900000,5.810000,5.860000,773395
2023-07-24,5.840000,5.840000,5.730000,5.760000,909062
2023-07-25,5.860000,6.190000,5.860000,6.090000,2677474
2023-07-26,6.120000,6.200000,6.040000,6.110000,1167016
2023-07-27,6.110000,6.230000,6.060000,6.110000,1250591
2023-07-28,6.070000,6.280000,6.030000,6.210000,1571918
2023-07-31,6.270000,6.490000,6.270000,6.370000,1484362
2023-08-01,6.400000,6.500000,6.280000,6.330000,1605033
2023-08-02,6.290000,6.400000,6.240000,6.370000,1179335
2023-08-03,6.340000,6.370000,6.240000,6.330000,839727
2023-08-04,6.400000,6.460000,6.290000,6.310000,1102447
2023-08-07,6.290000,6.350000,6.260000,6.320000,810624
2023-08-08,6.280000,6.440000,6.280000,6.390000,806383
2023-08-09,6.390000,6.390000,6.240000,6.310000,891787
2023-08-10,6.350000,6.370000,6.300000,6.310000,567826
2023-08-11,6.310000,6.330000,6.130000,6.140000,981305
2023-08-14,6.000000,6.180000,5.970000,6.120000,927174
2023-08-15,6.110000,6.160000,6.000000,6.070000,674768
2023-08-16,6.050000,6.090000,5.980000,5.990000,648533
2023-08-17,5.960000,6.060000,5.890000,6.040000,803021
2023-08-18,6.030000,6.070000,5.920000,5.920000,723555
2023-08-21,5.890000,5.990000,5.860000,5.860000,528253
2023-08-22,5.870000,5.980000,5.860000,5.970000,867711
2023-08-23,5.930000,5.980000,5.800000,5.820000,929934
2023-08-24,5.850000,6.040000,5.840000,5.940000,1167161
2023-08-25,5.910000,5.920000,5.790000,5.820000,804221
2023-08-28,6.220000,6.220000,5.910000,5.940000,1064783
2023-08-29,5.910000,5.960000,5.840000,5.940000,1297844
2023-08-30,5.940000,6.050000,5.850000,5.890000,1105520
2023-08-31,5.900000,6.020000,5.870000,5.920000,1074052
2023-09-01,5.950000,6.360000,5.930000,6.310000,2645999
2023-09-04,6.350000,6.840000,6.330000,6.820000,3352685
2023-09-05,6.750000,6.780000,6.660000,6.750000,1666426
2023-09-06,6.740000,6.790000,6.600000,6.770000,1183679
2023-09-07,6.730000,6.870000,6.650000,6.700000,1269728
2023-09-08,6.700000,6.720000,6.510000,6.570000,971014
2023-09-11,6.630000,6.710000,6.600000,6.660000,977198
2023-09-12,6.700000,6.730000,6.550000,6.560000,731701
2023-09-13,6.540000,6.680000,6.500000,6.600000,846193
2023-09-14,6.590000,6.710000,6.570000,6.670000,1075606
2023-09-15,6.740000,6.850000,6.640000,6.680000,1631509
2023-09-18,6.640000,6.660000,6.510000,6.580000,899486
2023-09-19,6.570000,6.650000,6.550000,6.610000,692177
2023-09-20,6.580000,6.650000,6.550000,6.560000,534366
2023-09-21,6.590000,6.620000,6.460000,6.490000,747134
2023-09-22,6.450000,6.530000,6.330000,6.470000,1020541
2023-09-25,6.470000,6.540000,6.370000,6.380000,587926
2023-09-26,6.370000,6.460000,6.360000,6.360000,559838
2023-09-27,6.350000,6.390000,6.270000,6.300000,718738
2023-09-28,6.320000,6.380000,6.260000,6.280000,645092
2023-10-09,6.240000,6.340000,6.140000,6.310000,741265
2023-10-10,6.320000,6.350000,6.250000,6.270000,468896
2023-10-11,6.320000,6.350000,6.150000,6.210000,829530
2023-10-12,6.230000,6.310000,6.220000,6.300000,691352
2023-10-13,6.250000,6.260000,6.090000,6.110000,826692
2023-10-16,6.130000,6.170000,6.040000,6.060000,518873
2023-10-17,6.070000,6.080000,5.990000,6.040000,712418
2023-10-18,6.050000,6.120000,6.030000,6.040000,661660
2023-10-19,6.030000,6.050000,5.930000,5.950000,624698
2023-10-20,5.950000,6.000000,5.900000,5.910000,611703
2023-10-23,5.890000,5.890000,5.620000,5.690000,924991
2023-10-24,5.670000,5.760000,5.670000,5.740000,677874
2023-10-25,5.900000,6.100000,5.860000,5.900000,1252267
2023-10-26,5.880000,6.010000,5.800000,6.000000,854149
2023-10-27,5.960000,6.150000,5.950000,6.040000,881955
2023-10-30,6.050000,6.210000,6.030000,6.140000,848389
2023-10-31,6.120000,6.220000,6.120000,6.200000,764404
2023-11-01,6.200000,6.280000,6.090000,6.270000,855156
2023-11-02,6.280000,6.360000,6.150000,6.170000,1053165
2023-11-03,6.200000,6.210000,6.010000,6.030000,1148150
2023-11-06,6.070000,6.090000,5.850000,5.870000,1705395
2023-11-07,5.840000,5.860000,5.770000,5.830000,1224212
2023-11-08,5.830000,5.830000,5.720000,5.760000,1064836
2023-11-09,5.770000,5.790000,5.720000,5.770000,930231
2023-11-10,5.740000,5.750000,5.640000,5.680000,904658
2023-11-13,5.670000,5.690000,5.610000,5.680000,1010590
2023-11-14,5.680000,5.850000,5.670000,5.810000,1539416
2023-11-15,5.880000,6.050000,5.850000,5.880000,1607687
2023-11-16,5.860000,5.860000,5.740000,5.800000,863159
2023-11-17,5.760000,5.830000,5.700000,5.820000,883165
2023-11-20,5.850000,5.850000,5.710000,5.760000,890991
2023-11-21,5.760000,5.930000,5.750000,5.840000,1324607
2023-11-22,5.810000,5.820000,5.680000,5.680000,1208773
2023-11-23,5.650000,5.720000,5.620000,5.710000,546221
2023-11-24,5.700000,5.730000,5.630000,5.660000,658305
2023-11-27,5.650000,5.690000,5.550000,5.610000,897635
2023-11-28,5.610000,5.640000,5.540000,5.640000,727971
2023-11-29,5.640000,5.680000,5.580000,5.590000,631003
2023-11-30,5.560000,5.600000,5.500000,5.540000,785147
2023-12-01,5.540000,5.600000,5.490000,5.590000,811059
2023-12-04,5.600000,5.680000,5.450000,5.480000,1560425
2023-12-05,5.410000,5.440000,5.320000,5.340000,1011025
2023-12-06,5.320000,5.340000,5.260000,5.310000,866551
2023-12-07,5.290000,5.320000,5.210000,5.270000,930627
2023-12-08,5.270000,5.290000,5.200000,5.230000,794949
2023-12-11,5.170000,5.240000,5.080000,5.230000,1210846
2023-12-12,5.190000,5.240000,5.130000,5.230000,880052
2023-12-13,5.230000,5.230000,5.070000,5.090000,946024
2023-12-14,5.150000,5.180000,5.100000,5.110000,617087
2023-12-15,5.200000,5.290000,5.110000,5.110000,998505
2023-12-18,5.080000,5.140000,5.040000,5.080000,657903
2023-12-19,5.080000,5.100000,5.040000,5.090000,645591
2023-12-20,5.090000,5.150000,5.080000,5.090000,906279
2023-12-21,5.080000,5.160000,5.040000,5.160000,866387
2023-12-22,5.160000,5.430000,5.130000,5.390000,2416671
2023-12-25,5.330000,5.410000,5.300000,5.410000,1088856
2023-12-26,5.380000,5.470000,5.370000,5.370000,801464
2023-12-27,5.370000,5.520000,5.370000,5.510000,1144924
2023-12-28,5.570000,5.640000,5.550000,5.580000,1540971
2023-12-29,5.550000,5.650000,5.520000,5.640000,1288458
2024-01-02,5.670000,5.700000,5.570000,5.650000,1468578
2024-01-03,5.620000,5.700000,5.600000,5.630000,1294825
2024-01-04,5.580000,5.600000,5.520000,5.600000,943068
2024-01-05,5.570000,5.640000,5.530000,5.560000,839431
2024-01-08,5.520000,5.570000,5.480000,5.560000,856183
2024-01-09,5.500000,5.600000,5.450000,5.540000,700409
2024-01-10,5.520000,5.590000,5.470000,5.510000,693186
2024-01-11,5.500000,5.520000,5.430000,5.460000,826031
2024-01-12,5.430000,5.610000,5.410000,5.520000,889450
2024-01-15,5.480000,5.570000,5.460000,5.510000,582993
2024-01-16,5.490000,5.530000,5.410000,5.510000,663810
2024-01-17,5.510000,5.510000,5.310000,5.320000,749282
2024-01-18,5.290000,5.320000,5.090000,5.290000,1065390
2024-01-19,5.270000,5.350000,5.220000,5.260000,634404
2024-01-22,5.230000,5.250000,4.970000,5.020000,955014
2024-01-23,5.000000,5.060000,4.900000,5.010000,842141
2024-01-24,5.110000,5.280000,5.030000,5.270000,1089111
2024-01-25,5.250000,5.650000,5.230000,5.640000,1904602
2024-01-26,5.600000,5.800000,5.580000,5.730000,1861485
2024-01-29,5.850000,5.950000,5.730000,5.750000,1797899
2024-01-30,5.660000,5.830000,5.630000,5.680000,1245954
2024-01-31,5.650000,5.840000,5.590000,5.690000,1570473
2024-02-01,5.650000,5.720000,5.500000,5.580000,1247899
2024-02-02,5.580000,5.710000,5.360000,5.540000,1323438
2024-02-05,5.430000,5.600000,5.380000,5.500000,1406995
2024-02-06,5.410000,5.660000,5.390000,5.650000,1536047
2024-02-07,5.630000,5.730000,5.550000,5.730000,1676397
2024-02-08,5.750000,5.770000,5.620000,5.700000,1498121
2024-02-19,5.760000,5.900000,5.710000,5.900000,1540473
2024-02-20,5.870000,5.990000,5.800000,5.900000,1212645
2024-02-21,5.920000,6.150000,5.900000,6.020000,1503593
2024-02-22,6.000000,6.100000,5.960000,6.090000,1121110
2024-02-23,6.110000,6.200000,6.060000,6.160000,1165611
2024-02-26,6.100000,6.200000,5.950000,5.950000,1434380
2024-02-27,5.920000,6.090000,5.910000,6.060000,1055437
2024-02-28,6.040000,6.120000,5.960000,5.960000,1157823
2024-02-29,5.910000,6.050000,5.910000,6.050000,911067
2024-03-01,6.050000,6.160000,6.050000,6.120000,949277
2024-03-04,6.150000,6.250000,6.110000,6.220000,1174497
2024-03-05,6.220000,6.280000,6.170000,6.250000,872366
2024-03-06,6.250000,6.300000,6.190000,6.270000,907698
2024-03-07,6.280000,6.650000,6.260000,6.480000,2101783
2024-03-08,6.530000,6.680000,6.410000,6.660000,1640528
2024-03-11,6.630000,6.690000,6.470000,6.610000,1465794
2024-03-12,6.570000,6.580000,6.290000,6.360000,1781467
2024-03-13,6.340000,6.510000,6.250000,6.440000,1382588
2024-03-14,6.520000,6.680000,6.430000,6.470000,1488491
2024-03-15,6.420000,6.740000,6.360000,6.730000,2022031
2024-03-18,6.770000,6.920000,6.610000,6.780000,1817632
2024-03-19,6.710000,6.900000,6.660000,6.690000,1264515
2024-03-20,6.630000,6.770000,6.560000,6.670000,1115877
2024-03-21,6.800000,7.030000,6.710000,6.910000,1817200
2024-03-22,6.870000,7.050000,6.830000,6.900000,1680832
2024-03-25,6.900000,7.320000,6.890000,7.160000,2579001
2024-03-26,7.160000,7.220000,7.060000,7.180000,1351643
2024-03-27,7.130000,7.250000,7.060000,7.100000,1283657
2024-03-28,7.100000,7.200000,6.960000,7.110000,2046965
2024-03-29,7.160000,7.410000,7.160000,7.400000,2153831
2024-04-01,7.490000,7.500000,7.160000,7.220000,2560244
2024-04-02,7.170000,7.320000,7.140000,7.230000,1677248
2024-04-03,7.300000,7.520000,7.210000,7.490000,2790163
2024-04-08,7.490000,7.730000,7.270000,7.330000,3225424
2024-04-09,7.230000,7.390000,7.120000,7.200000,2140044
2024-04-10,7.240000,7.330000,7.110000,7.230000,1747874
2024-04-11,7.130000,7.540000,7.060000,7.330000,2034208
2024-04-12,7.350000,7.520000,7.260000,7.420000,1725121
2024-04-15,7.550000,7.600000,7.200000,7.580000,2640344
2024-04-16,7.450000,7.580000,7.150000,7.170000,2171339
2024-04-17,7.180000,7.460000,7.140000,7.450000,1792299
2024-04-18,7.340000,7.390000,7.210000,7.360000,1649614
2024-04-19,7.360000,7.530000,7.240000,7.300000,1635962
2024-04-22,7.390000,7.620000,7.300000,7.310000,2645541
2024-04-23,7.150000,7.150000,6.860000,6.890000,3186197
2024-04-24,6.900000,7.080000,6.860000,7.080000,1551627
2024-04-25,7.060000,7.440000,7.020000,7.350000,1995544
2024-04-26,7.260000,7.580000,7.250000,7.530000,2272846
2024-04-29,7.500000,7.540000,7.300000,7.440000,1613829
2024-04-30,7.470000,7.680000,7.410000,7.420000,1635837
2024-05-06,7.430000,7.470000,7.150000,7.450000,1792095
2024-05-07,7.440000,7.800000,7.420000,7.690000,2495475
2024-05-08,7.610000,7.720000,7.500000,7.630000,1217455
2024-05-09,7.630000,7.980000,7.610000,7.920000,2194783
2024-05-10,7.960000,8.050000,7.790000,7.900000,1694567
2024-05-13,7.750000,7.870000,7.630000,7.820000,1645973
2024-05-14,7.850000,7.940000,7.740000,7.860000,1416018
2024-05-15,7.770000,7.810000,7.570000,7.610000,1440677
2024-05-16,7.690000,7.820000,7.630000,7.650000,1394927
2024-05-17,7.650000,7.770000,7.560000,7.770000,992714
2024-05-20,7.940000,8.250000,7.790000,8.140000,3028242
2024-05-21,8.490000,8.530000,8.000000,8.070000,3189981
2024-05-22,8.130000,8.220000,7.850000,7.920000,1994186
2024-05-23,7.640000,7.800000,7.500000,7.670000,1927601
2024-05-24,7.640000,7.740000,7.530000,7.570000,1920218
2024-05-27,7.610000,8.030000,7.600000,8.010000,2133542
2024-05-28,8.090000,8.350000,8.010000,8.130000,2059859
2024-05-29,8.140000,8.500000,8.100000,8.430000,2305319
2024-05-30,8.580000,8.770000,8.210000,8.280000,2626999
2024-05-31,8.300000,8.350000,8.080000,8.190000,1389380
2024-06-03,8.080000,8.200000,7.900000,7.990000,1739516
2024-06-04,7.990000,8.170000,7.840000,8.090000,1969149
2024-06-05,8.060000,8.060000,7.750000,7.770000,1801959
2024-06-06,7.800000,8.040000,7.790000,7.940000,1586868
2024-06-07,7.990000,8.040000,7.770000,7.920000,1175576
2024-06-11,7.630000,7.820000,7.590000,7.690000,1414233
2024-06-12,7.660000,7.910000,7.660000,7.860000,1062296
2024-06-13,7.810000,7.910000,7.570000,7.660000,1310745
2024-06-14,7.620000,7.750000,7.600000,7.730000,1162771
2024-06-17,7.620000,7.740000,7.460000,7.490000,1478442
2024-06-18,7.510000,7.620000,7.400000,7.550000,1081106
2024-06-19,7.600000,7.780000,7.560000,7.640000,1173595
2024-06-20,7.640000,7.780000,7.600000,7.640000,982037
2024-06-21,7.690000,7.720000,7.530000,7.580000,974643
2024-06-24,7.410000,7.520000,7.340000,7.410000,1192266
2024-06-25,7.400000,7.640000,7.380000,7.550000,1210326
2024-06-26,7.540000,7.570000,7.360000,7.550000,1033667
2024-06-27,7.490000,7.520000,7.320000,7.350000,859253
2024-06-28,7.330000,7.680000,7.310000,7.630000,1226531
2024-07-01,7.650000,7.910000,7.640000,7.910000,1216139
2024-07-02,7.900000,7.900000,7.700000,7.800000,1109518
2024-07-03,7.820000,7.860000,7.590000,7.670000,1055590
2024-07-04,7.710000,7.810000,7.580000,7.590000,1041674
2024-07-05,7.580000,7.720000,7.480000,7.690000,1018110
2024-07-08,7.700000,7.850000,7.650000,7.740000,1314771
2024-07-09,7.770000,8.080000,7.740000,8.060000,1605134
2024-07-10,7.990000,8.040000,7.480000,7.560000,2280698
2024-07-11,7.570000,7.870000,7.350000,7.800000,1850172
2024-07-12,8.100000,8.300000,7.870000,7.920000,3324008
2024-07-15,7.900000,8.200000,7.790000,8.050000,1679933
2024-07-16,8.010000,8.080000,7.850000,7.910000,1581297
2024-07-17,7.850000,7.870000,7.320000,7.340000,2821835
2024-07-18,7.250000,7.370000,7.080000,7.360000,1574829
2024-07-19,7.230000,7.320000,7.090000,7.260000,1247662
2024-07-22,7.260000,7.460000,7.210000,7.420000,1424176
2024-07-23,7.400000,7.450000,7.000000,7.010000,1641021
2024-07-24,7.010000,7.030000,6.810000,6.910000,1405422
2024-07-25,6.850000,6.880000,6.670000,6.730000,1281441
2024-07-26,6.710000,6.940000,6.690000,6.820000,1181686
2024-07-29,6.840000,6.910000,6.750000,6.840000,729150
2024-07-30,6.760000,6.770000,6.580000,6.610000,1268376
2024-07-31,6.620000,6.920000,6.620000,6.900000,1244758
2024-08-01,6.990000,7.120000,6.780000,6.840000,1799088
2024-08-02,6.720000,6.730000,6.510000,6.570000,2031613
2024-08-05,6.470000,6.580000,6.320000,6.360000,1848336
2024-08-06,6.400000,6.440000,6.260000,6.380000,1194963
2024-08-07,6.390000,6.480000,6.330000,6.420000,1027407
2024-08-08,6.370000,6.430000,6.320000,6.390000,798916
2024-08-09,6.500000,6.650000,6.460000,6.470000,1493458
2024-08-12,6.470000,6.670000,6.460000,6.560000,1195117
2024-08-13,6.590000,6.640000,6.480000,6.560000,789889
2024-08-14,6.550000,6.560000,6.420000,6.430000,712503
2024-08-15,6.410000,6.600000,6.380000,6.550000,1051760
2024-08-16,6.620000,6.730000,6.600000,6.620000,1159711
2024-08-19,6.700000,6.900000,6.680000,6.810000,1557113
2024-08-20,6.860000,6.860000,6.650000,6.700000,1129440
2024-08-21,6.700000,6.800000,6.660000,6.790000,1185351
2024-08-22,6.780000,6.800000,6.660000,6.760000,950512
2024-08-23,6.720000,6.830000,6.660000,6.780000,782153
2024-08-26,6.870000,6.910000,6.760000,6.870000,1012648
2024-08-27,6.860000,6.940000,6.820000,6.890000,1023059
2024-08-28,6.890000,7.000000,6.780000,6.860000,1265517
2024-08-29,6.800000,6.930000,6.660000,6.840000,1347110
2024-08-30,6.810000,6.920000,6.690000,6.830000,1422253
2024-09-02,6.760000,6.830000,6.680000,6.770000,1151094
2024-09-03,6.750000,6.940000,6.740000,6.830000,1103986
2024-09-04,6.730000,6.740000,6.520000,6.610000,1336088
2024-09-05,6.620000,6.680000,6.380000,6.460000,1335513
2024-09-06,6.500000,6.520000,6.430000,6.460000,686603
2024-09-09,6.380000,6.410000,6.240000,6.340000,1130286
2024-09-10,6.350000,6.380000,6.200000,6.300000,975358
2024-09-11,6.280000,6.300000,6.130000,6.250000,1000724
2024-09-12,6.300000,6.410000,6.230000,6.310000,948216
2024-09-13,6.370000,6.470000,6.310000,6.320000,1050155
2024-09-18,6.390000,6.630000,6.360000,6.580000,1353406
2024-09-19,6.590000,6.980000,6.540000,6.980000,1963129
2024-09-20,6.910000,7.080000,6.860000,7.060000,1620738
2024-09-23,6.990000,7.080000,6.910000,7.000000,1107790
2024-09-24,7.080000,7.340000,7.060000,7.250000,1967601
2024-09-25,7.400000,7.620000,7.350000,7.390000,2255473
2024-09-26,7.380000,7.850000,7.340000,7.840000,1995243
2024-09-27,7.990000,8.220000,7.990000,8.130000,1145754
2024-09-30,8.400000,8.920000,8.400000,8.900000,3259586
2024-10-08,9.670000,9.720000,8.370000,8.710000,6122339
2024-10-09,8.500000,8.500000,7.930000,7.990000,3650565
2024-10-10,8.090000,8.750000,8.080000,8.490000,3277883
2024-10-11,8.580000,8.800000,8.300000,8.520000,2648889
2024-10-14,8.720000,9.220000,8.720000,9.090000,4230822
2024-10-15,8.930000,8.950000,8.510000,8.510000,2734289
2024-10-16,8.350000,8.750000,8.330000,8.650000,1924360
2024-10-17,8.730000,8.900000,8.500000,8.510000,1836244
2024-10-18,8.420000,8.710000,8.390000,8.550000,2361619
2024-10-21,8.630000,8.870000,8.520000,8.760000,2286666
2024-10-22,8.700000,8.860000,8.580000,8.840000,1711985
2024-10-23,8.860000,8.900000,8.610000,8.720000,1899293
2024-10-24,8.630000,8.890000,8.550000,8.820000,1812032
2024-10-25,8.690000,8.710000,8.430000,8.490000,2791958
2024-10-28,8.520000,8.710000,8.510000,8.580000,1897612
2024-10-29,8.530000,8.530000,8.310000,8.350000,1695488
2024-10-30,7.950000,7.950000,7.610000,7.690000,5237552
2024-10-31,7.650000,7.780000,7.580000,7.630000,2520524
2024-11-01,7.660000,8.150000,7.660000,7.940000,3975148
2024-11-04,8.060000,8.060000,7.730000,7.920000,2740494
2024-11-05,7.880000,8.140000,7.820000,8.090000,2717291
2024-11-06,8.180000,8.380000,8.120000,8.240000,3029784
2024-11-07,8.130000,8.510000,8.050000,8.480000,2962388
2024-11-08,8.700000,8.800000,8.390000,8.500000,3015337
2024-11-11,8.390000,8.390000,8.200000,8.390000,2275500
2024-11-12,8.320000,8.380000,8.000000,8.060000,2905546
2024-11-13,8.010000,8.160000,7.970000,8.100000,1218960
2024-11-14,8.100000,8.200000,7.930000,7.950000,1367221
2024-11-15,7.930000,8.150000,7.910000,7.980000,1498786
2024-11-18,7.590000,7.990000,7.540000,7.800000,2508818
2024-11-19,7.800000,7.950000,7.730000,7.940000,1349192
2024-11-20,7.980000,8.120000,7.880000,7.910000,1382719
2024-11-21,7.900000,7.990000,7.790000,7.930000,1136009
2024-11-22,7.900000,7.960000,7.630000,7.650000,1281242
2024-11-25,7.640000,7.760000,7.500000,7.570000,1084071
2024-11-26,7.530000,7.670000,7.480000,7.570000,796106
2024-11-27,7.550000,7.650000,7.450000,7.640000,963071
2024-11-28,7.640000,7.660000,7.510000,7.520000,985759
2024-11-29,7.510000,7.610000,7.400000,7.520000,1157120
2024-12-02,7.530000,7.620000,7.510000,7.590000,1422304
2024-12-03,7.600000,7.630000,7.480000,7.590000,1235690
2024-12-04,7.760000,7.800000,7.580000,7.640000,2188848
2024-12-05,7.610000,7.650000,7.510000,7.540000,1484011
2024-12-06,7.520000,7.650000,7.500000,7.640000,1551118
2024-12-09,7.620000,7.740000,7.590000,7.640000,1535994
2024-12-10,7.830000,7.990000,7.650000,7.670000,2385817
2024-12-11,7.640000,7.990000,7.630000,7.880000,2652246
2024-12-12,7.800000,7.890000,7.800000,7.850000,1279956
2024-12-13,7.800000,7.840000,7.580000,7.600000,1937603
2024-12-16,7.580000,7.610000,7.430000,7.450000,1333759
2024-12-17,7.410000,7.460000,7.310000,7.390000,1247052
2024-12-18,7.400000,7.490000,7.360000,7.380000,991889
2024-12-19,7.310000,7.400000,7.210000,7.390000,977121
2024-12-20,7.390000,7.440000,7.260000,7.280000,881215
2024-12-23,7.280000,7.390000,7.260000,7.290000,1078609
2024-12-24,7.270000,7.430000,7.260000,7.430000,990276
2024-12-25,7.440000,7.440000,7.350000,7.380000,605675
2024-12-26,7.380000,7.480000,7.330000,7.440000,808207
2024-12-27,7.360000,7.450000,7.270000,7.280000,1114990
2024-12-30,7.270000,7.510000,7.260000,7.480000,1522776
2024-12-31,7.470000,7.510000,7.350000,7.350000,1060953
2025-01-02,7.340000,7.440000,7.130000,7.200000,1307036
2025-01-03,7.180000,7.470000,7.170000,7.300000,1800015
2025-01-06,7.250000,7.380000,7.120000,7.180000,1355716
2025-01-07,7.160000,7.320000,7.080000,7.200000,1288982
2025-01-08,7.190000,7.190000,6.960000,7.070000,1446710
2025-01-09,7.060000,7.280000,7.010000,7.220000,1416225
2025-01-10,7.270000,7.380000,7.160000,7.280000,1354675
2025-01-13,7.250000,7.530000,7.210000,7.430000,1803033
2025-01-14,7.390000,7.540000,7.350000,7.540000,1448781
2025-01-15,7.520000,7.630000,7.330000,7.400000,1314715
2025-01-16,7.470000,7.780000,7.440000,7.770000,2612826
2025-01-17,7.750000,7.820000,7.660000,7.800000,1282451
2025-01-20,7.850000,7.880000,7.710000,7.760000,1083030
2025-01-21,7.780000,7.800000,7.640000,7.670000,921074
2025-01-22,7.680000,7.720000,7.580000,7.690000,917812
2025-01-23,7.720000,7.760000,7.600000,7.620000,1122479
2025-01-24,7.650000,7.880000,7.630000,7.870000,1684659
2025-01-27,7.850000,7.930000,7.700000,7.760000,1449035
2025-02-05,7.820000,7.890000,7.720000,7.840000,1370147
2025-02-06,7.860000,7.890000,7.640000,7.650000,1949985
2025-02-07,7.660000,7.880000,7.550000,7.820000,2051875
2025-02-10,7.780000,8.060000,7.770000,7.880000,1911602
2025-02-11,7.860000,7.970000,7.810000,7.850000,1256743
2025-02-12,7.800000,7.820000,7.620000,7.690000,1388584
2025-02-13,7.680000,7.720000,7.560000,7.560000,1401248
2025-02-14,7.540000,7.710000,7.540000,7.660000,1270732
2025-02-17,7.620000,7.660000,7.410000,7.490000,1870014
2025-02-18,7.490000,7.530000,7.420000,7.450000,1056944
2025-02-19,7.450000,7.540000,7.400000,7.490000,1080540
2025-02-20,7.480000,7.520000,7.410000,7.510000,880169
2025-02-21,7.560000,7.840000,7.540000,7.700000,2173786
2025-02-24,7.640000,7.710000,7.520000,7.690000,1388452
2025-02-25,7.630000,7.660000,7.410000,7.420000,1436145
2025-02-26,7.420000,7.540000,7.350000,7.410000,1265001
2025-02-27,7.410000,7.410000,7.160000,7.230000,1930402
2025-02-28,7.210000,7.270000,7.150000,7.150000,1124638
2025-03-03,7.200000,7.440000,7.160000,7.310000,2029356
2025-03-04,7.310000,7.320000,7.180000,7.240000,1009153
2025-03-05,7.240000,7.420000,7.150000,7.410000,1675961
2025-03-06,7.480000,7.660000,7.470000,7.650000,2176109
2025-03-07,7.660000,7.810000,7.620000,7.730000,1555915
2025-03-10,7.800000,7.830000,7.680000,7.790000,1214770
2025-03-11,7.700000,7.720000,7.560000,7.720000,1282879
2025-03-12,7.720000,7.840000,7.710000,7.740000,1062686
2025-03-13,7.710000,7.820000,7.690000,7.800000,1052454
2025-03-14,7.880000,7.920000,7.780000,7.800000,1194481
2025-03-17,7.770000,7.850000,7.680000,7.690000,1105468
2025-03-18,7.730000,7.830000,7.680000,7.750000,945675
2025-03-19,7.710000,7.730000,7.620000,7.690000,859947
2025-03-20,7.730000,7.830000,7.710000,7.740000,1067824
2025-03-21,7.710000,7.790000,7.560000,7.580000,1000017
2025-03-24,7.610000,7.870000,7.560000,7.830000,1853659
2025-03-25,7.860000,7.980000,7.800000,7.870000,1255720
2025-03-26,7.900000,7.970000,7.670000,7.680000,1502259
2025-03-27,7.650000,7.700000,7.560000,7.650000,1086940
2025-03-28,7.610000,7.680000,7.510000,7.580000,1403042
2025-03-31,7.520000,7.570000,7.410000,7.460000,1138494
2025-04-01,7.490000,7.630000,7.430000,7.610000,1245210
2025-04-02,7.570000,7.620000,7.440000,7.460000,946619
2025-04-03,7.400000,7.410000,7.150000,7.170000,2051721
2025-04-07,6.500000,6.600000,6.450000,6.450000,1765845
2025-04-08,6.530000,6.560000,6.130000,6.280000,3582271
2025-04-09,6.240000,6.370000,5.960000,6.370000,3162228
2025-04-10,6.530000,6.640000,6.430000,6.630000,2528776
2025-04-11,6.550000,6.600000,6.480000,6.560000,1562175
2025-04-14,6.620000,6.680000,6.560000,6.580000,1751265
2025-04-15,6.570000,6.570000,6.410000,6.450000,1682719
2025-04-16,6.450000,6.460000,6.320000,6.410000,1452920
2025-04-17,6.370000,6.430000,6.340000,6.400000,1310564
2025-04-18,6.370000,6.420000,6.340000,6.400000,917031
2025-04-21,6.390000,6.550000,6.370000,6.540000,1531695
2025-04-22,6.520000,6.530000,6.480000,6.480000,1138353
2025-04-23,6.530000,6.550000,6.480000,6.520000,1143726
2025-04-24,6.530000,6.550000,6.440000,6.480000,1209582
2025-04-25,6.520000,6.700000,6.520000,6.610000,2335902
2025-04-28,6.580000,6.590000,6.430000,6.480000,1692761
2025-04-29,6.440000,6.460000,6.380000,6.420000,1116221
2025-04-30,6.430000,6.440000,6.390000,6.400000,964500
2025-05-06,6.430000,6.490000,6.420000,6.490000,1376469
2025-05-07,6.560000,6.580000,6.460000,6.500000,1519531
2025-05-08,6.460000,6.520000,6.440000,6.500000,1241273
2025-05-09,6.490000,6.550000,6.410000,6.420000,1420092
2025-05-12,6.470000,6.590000,6.450000,6.590000,2159717
2025-05-13,6.660000,6.700000,6.580000,6.590000,1780737
2025-05-14,6.630000,6.770000,6.620000,6.770000,2036916
2025-05-15,6.770000,6.790000,6.670000,6.690000,1442277
2025-05-16,6.660000,6.700000,6.590000,6.610000,1124719
2025-05-19,6.680000,6.760000,6.620000,6.620000,1507697
2025-05-20,6.620000,6.660000,6.590000,6.630000,1027970
2025-05-21,6.640000,6.820000,6.610000,6.790000,2025230
2025-05-22,6.730000,6.770000,6.660000,6.670000,1223497
2025-05-23,6.650000,6.700000,6.620000,6.620000,926650
2025-05-26,6.610000,6.660000,6.560000,6.610000,887347
2025-05-27,6.610000,6.610000,6.450000,6.490000,1567154
2025-05-28,6.490000,6.540000,6.490000,6.520000,809394
2025-05-29,6.520000,6.620000,6.500000,6.600000,1044827
2025-05-30,6.570000,6.590000,6.500000,6.540000,842738
2025-06-03,6.630000,6.730000,6.580000,6.680000,1730914
2025-06-04,6.680000,6.750000,6.650000,6.680000,972492
2025-06-05,6.690000,6.710000,6.640000,6.680000,982187
2025-06-06,6.690000,6.770000,6.680000,6.730000,1129195
2025-06-09,6.730000,6.830000,6.660000,6.820000,1548031
2025-06-10,6.830000,6.880000,6.760000,6.840000,1321354
2025-06-11,6.850000,7.010000,6.830000,6.940000,1422087
2025-06-12,6.940000,6.980000,6.900000,6.920000,1185831
2025-06-13,6.920000,6.950000,6.800000,6.800000,2133564
2025-06-16,6.820000,6.950000,6.800000,6.900000,1309010
2025-06-17,6.890000,6.950000,6.850000,6.930000,808975
2025-06-18,6.960000,7.000000,6.860000,6.920000,772582
2025-06-19,6.900000,6.910000,6.770000,6.790000,934810
2025-06-20,6.800000,6.920000,6.770000,6.900000,1039668
2025-06-23,6.870000,6.950000,6.850000,6.910000,811284
2025-06-24,6.920000,7.050000,6.910000,6.940000,1331411
2025-06-25,6.940000,6.950000,6.850000,6.920000,1291966
2025-06-26,6.910000,7.020000,6.900000,6.970000,1449829
2025-06-27,7.020000,7.180000,7.020000,7.120000,1947502
2025-06-30,7.130000,7.140000,7.010000,7.040000,1534323
2025-07-01,7.050000,7.080000,6.950000,7.080000,1328729
2025-07-02,7.060000,7.200000,7.030000,7.190000,1791271
2025-07-03,7.210000,7.230000,7.150000,7.180000,1143117
2025-07-04,7.160000,7.230000,7.090000,7.160000,1180885
2025-07-07,7.120000,7.130000,7.030000,7.040000,1219824
2025-07-08,7.010000,7.070000,7.010000,7.060000,1043951
2025-07-09,7.090000,7.110000,6.970000,6.980000,1510471
2025-07-10,7.000000,7.170000,7.000000,7.130000,1923191
2025-07-11,7.140000,7.390000,7.120000,7.270000,2310977
2025-07-14,7.220000,7.320000,7.180000,7.180000,1497185
2025-07-15,7.180000,7.250000,7.060000,7.150000,1111823
2025-07-16,7.110000,7.170000,7.090000,7.110000,829940
2025-07-17,7.110000,7.200000,7.090000,7.140000,871134
2025-07-18,7.170000,7.280000,7.150000,7.240000,1208380
2025-07-21,7.420000,7.700000,7.360000,7.630000,2997765
2025-07-22,7.580000,7.770000,7.540000,7.770000,2341780
2025-07-23,7.780000,7.810000,7.630000,7.640000,1709402
2025-07-24,7.610000,7.830000,7.600000,7.810000,2019788
2025-07-25,7.800000,7.930000,7.700000,7.720000,1797362
2025-07-28,7.600000,7.710000,7.500000,7.630000,1399167
2025-07-29,7.630000,7.730000,7.620000,7.710000,1257306
2025-07-30,7.720000,7.840000,7.700000,7.730000,1340912
2025-07-31,7.620000,7.670000,7.400000,7.430000,1765050
2025-08-01,7.410000,7.520000,7.360000,7.390000,959894
2025-08-04,7.350000,7.450000,7.320000,7.440000,975882
2025-08-05,7.440000,7.480000,7.400000,7.480000,1223276
2025-08-06,7.470000,7.580000,7.450000,7.530000,1244632
2025-08-07,7.590000,7.640000,7.430000,7.540000,1330166
2025-08-08,7.390000,7.610000,7.360000,7.540000,1448641
2025-08-11,7.550000,7.580000,7.480000,7.510000,1277243
2025-08-12,7.510000,7.630000,7.470000,7.590000,1341855
2025-08-13,7.630000,7.790000,7.610000,7.730000,1962152
2025-08-14,7.700000,7.760000,7.650000,7.650000,1510207
2025-08-15,7.630000,8.040000,7.620000,7.960000,2734122
2025-08-18,7.930000,7.950000,7.720000,7.720000,3015865
2025-08-19,7.730000,7.800000,7.600000,7.630000,1952817
2025-08-20,7.580000,7.730000,7.560000,7.670000,1596362
2025-08-21,7.670000,7.750000,7.630000,7.660000,1444373
2025-08-22,7.660000,7.740000,7.600000,7.720000,1526528
2025-08-25,7.820000,8.120000,7.820000,8.080000,3720896
2025-08-26,8.030000,8.220000,7.970000,8.180000,2363249
2025-08-27,8.180000,8.270000,7.960000,7.970000,2685574
2025-08-28,7.850000,7.900000,7.670000,7.890000,3134922
2025-08-29,7.910000,8.100000,7.800000,7.830000,4020463
2025-09-01,7.930000,7.970000,7.770000,7.850000,3253306
2025-09-02,7.900000,7.970000,7.750000,7.830000,3034946
2025-09-03,7.890000,7.980000,7.710000,7.800000,3150937
2025-09-04,7.760000,7.810000,7.320000,7.430000,3462555
2025-09-05,7.410000,7.730000,7.380000,7.700000,2457188
2025-09-08,7.690000,7.750000,7.560000,7.620000,1897885
2025-09-09,7.640000,7.820000,7.590000,7.660000,2224534
2025-09-10,7.600000,7.640000,7.480000,7.600000,1552640
2025-09-11,7.600000,7.850000,7.580000,7.830000,2334023
2025-09-12,7.980000,8.190000,7.970000,8.040000,4149140
2025-09-15,8.080000,8.170000,8.000000,8.070000,2367108
2025-09-16,8.130000,8.170000,7.710000,7.880000,3600817
2025-09-17,7.840000,7.990000,7.780000,7.950000,2071087
2025-09-18,7.840000,7.840000,7.580000,7.640000,2841974
2025-09-19,7.690000,7.840000,7.640000,7.740000,1883647
2025-09-22,7.780000,7.810000,7.600000,7.690000,1514406
2025-09-23,7.650000,7.720000,7.490000,7.580000,1724444
2025-09-24,7.530000,7.610000,7.440000,7.600000,1680632
2025-09-25,7.680000,7.760000,7.560000,7.610000,2244399
2025-09-26,7.560000,7.720000,7.530000,7.620000,2269233
2025-09-29,7.690000,8.180000,7.640000,8.150000,4948726
2025-09-30,8.130000,8.270000,8.090000,8.240000,3172719
2025-10-09,8.490000,8.690000,8.320000,8.680000,5370605
2025-10-10,8.580000,8.820000,8.480000,8.620000,3697052
2025-10-13,8.280000,8.620000,8.280000,8.570000,3752912
2025-10-14,8.820000,9.270000,8.580000,8.640000,6241730
2025-10-15,8.740000,8.980000,8.620000,8.870000,3880023
2025-10-16,8.800000,8.980000,8.620000,8.720000,3094214
2025-10-17,8.720000,8.860000,8.450000,8.470000,2798476
2025-10-20,8.510000,8.570000,8.320000,8.370000,2334929
2025-10-21,8.450000,8.770000,8.430000,8.620000,2970204
2025-10-22,8.420000,8.800000,8.390000,8.750000,2820271
2025-10-23,8.780000,9.140000,8.700000,9.040000,4704581
2025-10-24,9.200000,9.480000,9.020000,9.230000,4153406
2025-10-27,9.270000,9.410000,9.110000,9.400000,4037755
2025-10-28,9.350000,9.720000,9.240000,9.260000,4612886
2025-10-29,9.380000,10.050000,9.340000,9.910000,4940314
2025-10-30,9.810000,10.500000,9.780000,10.310000,5507062
2025-10-31,10.250000,10.300000,9.950000,9.990000,4248322
2025-11-03,10.140000,10.220000,9.750000,10.170000,4029313
2025-11-04,10.160000,10.390000,9.760000,9.850000,3773356
2025-11-05,9.510000,9.900000,9.460000,9.870000,2865613
2025-11-06,9.870000,10.860000,9.830000,10.860000,6968233
2025-11-07,10.700000,10.990000,10.650000,10.750000,4995443
2025-11-10,10.820000,11.260000,10.680000,11.100000,5536306
2025-11-11,11.100000,11.220000,10.900000,10.980000,3381386
2025-11-12,10.980000,11.740000,10.930000,11.710000,5846179
2025-11-13,11.700000,12.300000,11.550000,12.170000,6166007
2025-11-14,11.850000,12.060000,11.650000,11.660000,4500463
2025-11-17,11.410000,11.490000,11.030000,11.160000,5117843
2025-11-18,10.910000,11.050000,10.620000,10.750000,4593972
2025-11-19,10.780000,11.110000,10.780000,10.980000,3528757
2025-11-20,11.100000,11.300000,10.990000,11.040000,2930027
2025-11-21,10.720000,10.910000,10.500000,10.520000,3707277
2025-11-24,10.580000,10.650000,10.190000,10.490000,3337198
2025-11-25,10.670000,10.700000,10.420000,10.550000,2552558
2025-11-26,10.540000,10.630000,10.330000,10.390000,2135048
2025-11-27,10.610000,10.760000,10.420000,10.440000,2447995
2025-11-28,10.390000,10.640000,10.310000,10.510000,1733934
2025-12-01,10.780000,10.920000,10.570000,10.690000,3570661
2025-12-02,10.610000,10.640000,10.440000,10.580000,1633136
2025-12-03,10.550000,11.270000,10.550000,11.030000,4020317
2025-12-04,11.270000,11.300000,10.840000,10.890000,3168200
2025-12-05,10.920000,11.490000,10.920000,11.400000,3853044
2025-12-08,11.330000,11.340000,11.020000,11.270000,3472880
2025-12-09,11.140000,11.150000,10.480000,10.590000,4067312
2025-12-10,10.580000,10.730000,10.470000,10.720000,2055575
2025-12-11,10.800000,10.880000,10.460000,10.470000,2387150
2025-12-12,10.680000,10.790000,10.600000,10.750000,3160421
2025-12-15,10.530000,10.800000,10.470000,10.540000,2046740
2025-12-16,10.440000,10.500000,10.090000,10.280000,2025409
2025-12-17,10.380000,10.660000,10.320000,10.590000,1805822
2025-12-18,10.590000,10.770000,10.510000,10.530000,1448785
2025-12-19,10.580000,10.930000,10.430000,10.850000,2285005
2025-12-22,11.050000,11.100000,10.860000,10.970000,2035056
2025-12-23,10.890000,11.250000,10.850000,10.970000,2263246
2025-12-24,11.000000,11.090000,10.800000,11.070000,2162178
2025-12-25,10.970000,10.980000,10.820000,10.960000,1617782
2025-12-26,10.990000,11.940000,10.970000,11.840000,4736291
2025-12-29,11.870000,11.940000,11.410000,11.450000,4258708
2025-12-30,11.130000,12.120000,11.120000,11.990000,4097544
2025-12-31,11.990000,12.380000,11.960000,12.220000,3980494
2026-01-05,12.720000,13.300000,12.610000,13.020000,4586733
2026-01-06,13.280000,14.180000,13.280000,13.970000,5649240
2026-01-07,13.960000,14.240000,13.620000,14.050000,4796272
2026-01-08,13.700000,14.050000,13.480000,13.650000,3769082
2026-01-09,13.490000,14.300000,13.490000,14.050000,3928651
2026-01-12,14.340000,14.440000,13.620000,13.850000,4743277
2026-01-13,13.800000,14.370000,13.690000,13.970000,3808488
2026-01-14,14.100000,14.430000,13.560000,13.630000,5399749
2026-01-15,13.480000,14.180000,13.320000,13.740000,4213526
2026-01-16,13.750000,14.090000,13.100000,13.260000,5270087
2026-01-19,13.250000,13.410000,12.830000,13.330000,3612768
2026-01-20,13.400000,13.620000,12.930000,13.290000,3470861
2026-01-21,13.200000,13.460000,13.020000,13.400000,2678653
2026-01-22,13.400000,13.500000,13.210000,13.280000,2747074
2026-01-23,13.390000,13.520000,13.080000,13.230000,4759178
2026-01-26,13.460000,13.860000,13.330000,13.400000,6752221
2026-01-27,13.340000,13.700000,13.110000,13.270000,5105606
2026-01-28,13.450000,14.600000,13.130000,14.600000,8297958
2026-01-29,15.010000,15.850000,14.240000,15.700000,10676862
2026-01-30,14.700000,15.010000,14.130000,14.130000,7767545
2026-02-02,13.010000,13.600000,12.720000,12.720000,7878141
2026-02-03,13.100000,13.190000,12.670000,13.140000,4750325
2026-02-04,13.370000,13.540000,13.220000,13.440000,3370117
2026-02-05,13.130000,13.260000,12.360000,12.640000,3831791
2026-02-06,12.180000,13.080000,12.180000,12.890000,2963070
2026-02-09,13.120000,13.200000,12.880000,13.050000,2061400
2026-02-10,13.120000,13.260000,13.010000,13.150000,1982493
2026-02-11,13.060000,13.450000,13.050000,13.320000,2126246
2026-02-12,13.260000,13.440000,13.200000,13.210000,1878570
2026-02-13,12.970000,13.090000,12.660000,12.690000,2591904
2026-02-24,13.010000,13.120000,12.870000,12.960000,1984104
2026-02-25,13.070000,13.790000,13.010000,13.530000,3241283
2026-02-26,13.750000,13.780000,13.340000,13.460000,2355036
2026-02-27,13.350000,13.920000,13.320000,13.720000,2738424
2026-03-02,13.880000,14.310000,13.470000,14.270000,4768404
2026-03-03,14.290000,14.550000,13.800000,13.970000,4510236
2026-03-04,14.170000,14.850000,14.110000,14.450000,4776296
2026-03-05,14.850000,15.200000,14.440000,14.790000,5395587
2026-03-06,14.390000,14.390000,13.710000,13.970000,3754459
2026-03-09,14.300000,14.440000,13.880000,14.020000,3684252
2026-03-10,13.570000,13.820000,13.510000,13.700000,2689839
2026-03-11,13.760000,14.060000,13.680000,13.960000,2763232
2026-03-12,14.200000,14.900000,14.030000,14.760000,5114175
2026-03-13,14.700000,15.000000,13.970000,14.080000,3956295
2026-03-16,14.180000,14.250000,13.060000,13.540000,4723965
2026-03-17,13.590000,13.920000,13.000000,13.020000,3211802
2026-03-18,12.950000,12.950000,12.450000,12.640000,3181517
2026-03-19,12.290000,12.490000,11.730000,11.830000,3795171
2026-03-20,11.670000,11.990000,11.500000,11.530000,2947757
2026-03-23,11.020000,11.470000,10.890000,11.050000,3390903
2026-03-24,11.300000,11.340000,10.900000,11.300000,2699554
2026-03-25,11.550000,11.720000,11.410000,11.510000,2670577
2026-03-26,11.450000,11.580000,11.210000,11.310000,1958674
2026-03-27,11.110000,11.510000,11.060000,11.440000,1900060
2026-03-30,12.000000,12.220000,11.670000,11.970000,6400716
2026-03-31,11.980000,12.000000,11.340000,11.400000,4090601
2026-04-01,11.630000,11.680000,11.430000,11.560000,3014888
2026-04-02,11.750000,11.950000,11.610000,11.680000,3440826
2026-04-03,11.600000,11.640000,11.180000,11.210000,2294923
2026-04-07,11.300000,11.430000,11.060000,11.390000,2319082
2026-04-08,11.760000,12.320000,11.750000,12.230000,4695684
2026-04-09,12.150000,12.800000,12.030000,12.770000,4172123
2026-04-10,12.690000,12.720000,12.300000,12.350000,3282718
2026-04-13,12.210000,12.280000,11.960000,12.160000,2447373
2026-04-14,12.500000,12.640000,12.320000,12.460000,2611375
2026-04-15,12.530000,12.760000,12.240000,12.300000,2169320
2026-04-16,12.540000,12.800000,12.540000,12.800000,3043629
2026-04-17,12.700000,12.800000,12.550000,12.690000,1941854
2026-04-20,12.590000,12.600000,12.230000,12.310000,2863350
2026-04-21,12.240000,12.240000,12.000000,12.150000,1831098
2026-04-22,12.010000,12.140000,11.930000,12.080000,1997331
2026-04-23,12.170000,12.200000,11.760000,11.900000,2308663
2026-04-24,11.870000,12.110000,11.850000,12.070000,2061886
2026-04-27,12.070000,12.080000,11.850000,11.980000,2008415
2026-04-28,11.850000,11.890000,11.600000,11.660000,2075226
2026-04-29,11.580000,11.920000,11.520000,11.910000,2021628
2026-04-30,11.780000,11.790000,11.550000,11.650000,2040033
2026-05-06,11.770000,12.150000,11.660000,12.140000,3377754
2026-05-07,12.130000,12.230000,11.760000,11.940000,2468830
2026-05-08,11.820000,11.950000,11.640000,11.900000,1935965
2026-05-11,11.900000,12.060000,11.670000,11.780000,2604400
2026-05-12,11.900000,11.940000,11.660000,11.680000,1819577
2026-05-13,11.650000,11.900000,11.650000,11.870000,2182643
2026-05-14,11.880000,12.190000,11.610000,11.610000,2585371
2026-05-15,11.500000,11.520000,10.840000,10.930000,3357987
2026-05-18,10.600000,10.660000,10.440000,10.520000,2364548
2026-05-19,10.580000,10.700000,10.340000,10.700000,2050967
2026-05-20,10.730000,11.080000,10.680000,11.000000,2451382
2026-05-21,11.210000,11.350000,10.820000,10.840000,2752390
2026-05-22,10.990000,11.250000,10.810000,11.150000,2034124
2026-05-25,11.250000,11.420000,10.920000,10.990000,1914755
2026-05-26,11.200000,12.090000,11.200000,12.090000,5455847
2026-05-27,12.140000,12.470000,11.780000,11.840000,5206748
2026-05-28,11.740000,11.800000,11.190000,11.300000,3366145
2026-05-29,11.480000,11.920000,11.230000,11.420000,3854281
2026-06-01,11.640000,11.640000,11.250000,11.290000,2515301
2026-06-02,11.430000,11.880000,11.370000,11.810000,3819184
2026-06-03,11.690000,12.130000,11.540000,12.010000,3405185
2026-06-04,11.700000,11.730000,10.830000,10.900000,5395156
2026-06-05,10.700000,11.080000,10.510000,10.680000,2686671
2026-06-08,10.140000,10.310000,9.900000,10.020000,2865482
2026-06-09,10.060000,10.180000,9.790000,10.150000,2115908
2026-06-10,9.900000,10.190000,9.820000,10.100000,1980740
2026-06-11,10.000000,10.400000,9.950000,10.330000,2101339
2026-06-12,10.470000,11.040000,10.350000,10.800000,3859744
2026-06-15,10.980000,11.070000,10.410000,10.670000,4059381
2026-06-16,10.380000,10.390000,10.010000,10.070000,4122704
2026-06-17,10.050000,10.110000,9.880000,9.970000,2360020
2026-06-18,9.870000,9.990000,9.310000,9.380000,4313581
2026-06-22,9.360000,9.890000,9.330000,9.860000,4046685
2026-06-23,9.770000,9.790000,9.080000,9.090000,3901834
2026-06-24,9.000000,9.150000,8.920000,9.090000,2430553
2026-06-25,8.880000,8.920000,8.710000,8.800000,3329091
2026-06-26,8.870000,8.870000,8.330000,8.400000,2899069
2026-06-29,8.400000,8.600000,8.260000,8.540000,2458353
2026-06-30,8.300000,8.380000,8.110000,8.220000,2948305
2026-07-01,8.130000,8.350000,8.000000,8.200000,2739221
2026-07-02,8.200000,8.370000,8.080000,8.170000,2825378
2026-07-03,8.330000,8.540000,8.280000,8.330000,3211893
2026-07-06,8.410000,8.700000,8.410000,8.480000,3131334
2026-07-07,8.400000,8.480000,8.220000,8.260000,1941678
2026-07-08,8.300000,8.340000,8.150000,8.180000,1531995
2026-07-09,8.160000,8.190000,7.810000,8.100000,2579429
2026-07-10,8.180000,8.550000,8.110000,8.350000,2944248
2026-07-13,8.200000,8.300000,8.070000,8.110000,2011945
2026-07-14,8.290000,8.920000,8.130000,8.860000,5561334
2026-07-15,8.690000,9.120000,8.670000,8.980000,4794453
2026-07-16,8.800000,8.990000,8.600000,8.680000,2826220
2026-07-17,8.620000,8.700000,8.330000,8.440000,2540894
2026-07-20,8.610000,9.260000,8.530000,9.170000,5015501
2026-07-21,9.170000,9.300000,8.930000,9.160000,4035872
2026-07-22,9.090000,9.560000,9.090000,9.430000,3579788
2026-07-23,9.410000,9.970000,9.220000,9.780000,4362154
2026-07-24,9.590000,9.780000,9.300000,9.440000,3133130
2026-07-27,9.430000,9.430000,9.230000,9.380000,2080392
2026-07-28,9.220000,9.420000,9.100000,9.360000,2471454
2026-07-29,9.490000,9.580000,9.380000,9.520000,2244032
2026-07-30,9.550000,9.870000,9.510000,9.550000,2522519
2026-07-31,9.510000,9.710000,9.480000,9.570000,2329965
2026-08-03,9.500000,9.600000,9.360000,9.480000,1791369
2026-08-04,9.560000,9.650000,9.500000,9.580000,1632386
2026-08-05,9.520000,9.800000,9.500000,9.770000,2417963
2026-08-06,9.860000,9.900000,9.470000,9.610000,2682148
2026-08-07,9.590000,9.870000,9.580000,9.850000,2283168
2026-08-10,10.000000,10.110000,9.870000,10.000000,1941215
