date,open,high,low,close,volume
2018-01-02,4.660000,4.780000,4.480000,4.610000,904969248
2018-01-03,4.610000,4.780000,4.550000,4.630000,800586912
2018-01-04,4.560000,4.750000,4.500000,4.690000,745690608
2018-01-05,4.700000,4.850000,4.610000,4.630000,709989440
2018-01-08,4.580000,4.900000,4.550000,4.850000,750815232
2018-01-09,4.830000,4.960000,4.750000,4.810000,555580464
2018-01-10,4.780000,4.920000,4.760000,4.820000,409991184
2018-01-11,4.820000,4.890000,4.680000,4.720000,366501664
2018-01-12,4.700000,4.710000,4.600000,4.640000,365856912
2018-01-15,4.690000,4.780000,4.600000,4.710000,421465792
2018-01-16,4.710000,4.730000,4.620000,4.700000,311944432
2018-01-17,4.630000,4.630000,4.450000,4.460000,444916720
2018-01-18,4.420000,4.520000,4.400000,4.480000,248575487
2018-01-19,4.480000,4.520000,4.400000,4.510000,317515504
2018-01-22,4.480000,4.570000,4.450000,4.560000,280803440
2018-01-23,4.570000,4.630000,4.490000,4.610000,302481152
2018-01-24,4.550000,4.550000,4.420000,4.520000,398778768
2018-01-25,4.750000,4.960000,4.690000,4.900000,876609248
2018-01-26,4.810000,4.900000,4.780000,4.880000,417327696
2018-01-29,4.880000,5.120000,4.870000,5.040000,662433568
2018-01-30,4.980000,5.120000,4.900000,4.940000,450541952
2018-01-31,4.870000,5.150000,4.820000,5.130000,511292656
2018-02-01,5.130000,5.230000,5.010000,5.080000,577300304
2018-02-02,5.020000,5.500000,4.830000,5.380000,595392544
2018-02-05,5.210000,5.530000,5.180000,5.410000,586541200
2018-02-06,5.300000,5.550000,5.100000,5.300000,722180192
2018-02-07,5.390000,5.430000,4.980000,5.120000,611264224
2018-02-08,4.890000,4.950000,4.610000,4.690000,577049296
2018-02-09,4.460000,4.550000,4.220000,4.370000,649434384
2018-02-12,4.340000,4.450000,4.160000,4.390000,336628208
2018-02-13,4.450000,4.510000,4.350000,4.420000,328270192
2018-02-14,4.530000,4.620000,4.440000,4.590000,325366480
2018-02-22,4.650000,4.820000,4.580000,4.770000,319993792
2018-02-23,4.830000,4.880000,4.680000,4.820000,260541903
2018-02-26,4.850000,4.950000,4.720000,4.890000,338513152
2018-02-27,4.880000,4.880000,4.660000,4.700000,368811456
2018-02-28,4.570000,4.710000,4.510000,4.600000,279989616
2018-03-01,4.550000,4.690000,4.520000,4.680000,251600854
2018-03-02,4.600000,4.680000,4.550000,4.610000,170169220
2018-03-05,4.620000,4.650000,4.560000,4.610000,178464875
2018-03-06,4.620000,4.650000,4.440000,4.590000,399975536
2018-03-07,4.620000,4.650000,4.490000,4.540000,228842371
2018-03-08,4.620000,4.940000,4.620000,4.820000,635166624
2018-03-09,4.780000,4.800000,4.700000,4.770000,341002784
2018-03-12,4.830000,4.890000,4.740000,4.810000,413033856
2018-03-13,4.760000,4.830000,4.730000,4.770000,226292637
2018-03-14,4.750000,4.910000,4.740000,4.880000,372302256
2018-03-15,4.860000,4.940000,4.790000,4.840000,282543312
2018-03-16,4.800000,4.820000,4.720000,4.720000,225419309
2018-03-19,4.660000,4.660000,4.540000,4.580000,261132788
2018-03-20,4.540000,4.580000,4.510000,4.570000,170123686
2018-03-21,4.550000,4.650000,4.520000,4.620000,213658188
2018-03-22,4.650000,4.680000,4.510000,4.570000,209454663
2018-03-23,4.410000,4.590000,4.310000,4.540000,519486464
2018-03-26,4.560000,4.680000,4.470000,4.520000,316902896
2018-03-27,4.550000,4.640000,4.480000,4.610000,295866992
2018-03-28,4.520000,4.580000,4.450000,4.490000,217563114
2018-03-29,4.460000,4.480000,4.320000,4.400000,298277952
2018-03-30,4.420000,4.430000,4.320000,4.350000,270815568
2018-04-02,4.330000,4.430000,4.330000,4.420000,291633136
2018-04-03,4.400000,4.460000,4.330000,4.340000,244083959
2018-04-04,4.320000,4.400000,4.310000,4.350000,204173242
2018-04-09,4.340000,4.360000,4.280000,4.280000,201918931
2018-04-10,4.290000,4.400000,4.280000,4.390000,242576599
2018-04-11,4.450000,4.540000,4.400000,4.520000,351698880
2018-04-12,4.500000,4.550000,4.450000,4.470000,252202090
2018-04-13,4.400000,4.430000,4.360000,4.370000,187450385
2018-04-16,4.410000,4.420000,4.300000,4.330000,178887348
2018-04-17,4.360000,4.360000,4.170000,4.210000,218257133
2018-04-18,4.240000,4.250000,4.060000,4.140000,212365928
2018-04-19,4.200000,4.300000,4.200000,4.270000,199515833
2018-04-20,4.210000,4.240000,4.100000,4.210000,178399448
2018-04-23,4.160000,4.180000,4.100000,4.120000,111312115
2018-04-24,4.090000,4.180000,4.080000,4.150000,123523286
2018-04-25,4.120000,4.170000,4.090000,4.140000,114519246
2018-04-26,4.120000,4.160000,4.060000,4.120000,128055471
2018-04-27,4.120000,4.140000,4.050000,4.120000,117512377
2018-05-02,4.080000,4.100000,3.980000,3.990000,136097114
2018-05-03,3.990000,4.010000,3.880000,3.960000,144132119
2018-05-04,3.950000,3.990000,3.930000,3.960000,86444077
2018-05-07,3.950000,4.000000,3.930000,3.990000,105286276
2018-05-08,3.980000,4.100000,3.970000,4.080000,160479333
2018-05-09,4.070000,4.110000,4.050000,4.070000,94121958
2018-05-10,4.090000,4.120000,4.080000,4.100000,91203595
2018-05-11,4.120000,4.160000,4.090000,4.120000,116731693
2018-05-14,4.120000,4.130000,4.070000,4.100000,86524457
2018-05-15,4.100000,4.110000,3.990000,4.060000,132618822
2018-05-16,4.000000,4.000000,3.950000,3.960000,127135495
2018-05-17,3.960000,3.970000,3.900000,3.920000,105165087
2018-05-18,3.910000,3.970000,3.900000,3.970000,92607473
2018-05-21,3.980000,4.020000,3.970000,4.000000,88436197
2018-05-22,4.010000,4.020000,3.930000,3.950000,82182634
2018-05-23,3.960000,3.990000,3.920000,3.930000,93606992
2018-05-24,3.900000,3.930000,3.880000,3.890000,85591156
2018-05-25,3.920000,3.930000,3.810000,3.880000,121488320
2018-05-28,3.850000,3.860000,3.770000,3.810000,99800165
2018-05-29,3.790000,3.830000,3.760000,3.820000,98206205
2018-05-30,3.790000,3.880000,3.760000,3.840000,147489263
2018-05-31,3.780000,3.810000,3.710000,3.750000,170948486
2018-06-01,3.740000,3.740000,3.660000,3.680000,126384236
2018-06-04,3.680000,3.700000,3.630000,3.660000,106601581
2018-06-05,3.650000,3.730000,3.650000,3.720000,102980832
2018-06-06,3.770000,3.990000,3.770000,3.960000,348214736
2018-06-07,4.030000,4.090000,3.930000,3.960000,267608747
2018-06-08,3.960000,4.040000,3.880000,3.900000,193883622
2018-06-11,3.920000,4.040000,3.920000,4.020000,197254925
2018-06-12,3.990000,4.060000,3.960000,4.050000,165167658
2018-06-13,4.000000,4.010000,3.960000,4.000000,106974656
2018-06-14,3.980000,4.020000,3.930000,3.950000,105299261
2018-06-15,3.930000,3.980000,3.750000,3.960000,199486650
2018-06-19,3.820000,4.000000,3.790000,3.970000,363722960
2018-06-20,3.910000,3.920000,3.780000,3.850000,183578570
2018-06-21,3.820000,3.920000,3.770000,3.780000,119725731
2018-06-22,3.760000,3.820000,3.710000,3.800000,73246225
2018-06-25,3.850000,3.850000,3.720000,3.730000,81521208
2018-06-26,3.670000,3.680000,3.600000,3.660000,122799870
2018-06-27,3.640000,3.670000,3.610000,3.660000,88045681
2018-06-28,3.630000,3.660000,3.610000,3.640000,70000601
2018-06-29,3.560000,3.630000,3.520000,3.610000,95240469
2018-07-02,3.600000,3.600000,3.450000,3.480000,108042332
2018-07-03,3.450000,3.470000,3.400000,3.470000,98470146
2018-07-04,3.470000,3.590000,3.460000,3.560000,152350864
2018-07-05,3.510000,3.600000,3.420000,3.570000,233961495
2018-07-06,3.520000,3.560000,3.480000,3.530000,104495672
2018-07-09,3.530000,3.590000,3.520000,3.580000,93213680
2018-07-10,3.560000,3.620000,3.550000,3.570000,99712288
2018-07-11,3.480000,3.490000,3.360000,3.400000,172747618
2018-07-12,3.370000,3.460000,3.360000,3.450000,112418876
2018-07-13,3.440000,3.450000,3.400000,3.410000,83051585
2018-07-16,3.410000,3.420000,3.370000,3.390000,55170415
2018-07-17,3.370000,3.380000,3.340000,3.370000,74982768
2018-07-18,3.350000,3.360000,3.300000,3.310000,110973017
2018-07-19,3.320000,3.330000,3.260000,3.270000,80229812
2018-07-20,3.250000,3.290000,3.210000,3.280000,113083940
2018-07-23,3.340000,3.420000,3.330000,3.410000,197011234
2018-07-24,3.390000,3.600000,3.380000,3.570000,296322592
2018-07-25,3.620000,3.620000,3.540000,3.590000,169175839
2018-07-26,3.590000,3.620000,3.520000,3.560000,126354595
2018-07-27,3.530000,3.580000,3.510000,3.550000,73858620
2018-07-30,3.570000,3.600000,3.520000,3.520000,83509977
2018-07-31,3.540000,3.560000,3.530000,3.540000,58153102
2018-08-01,3.540000,3.570000,3.460000,3.470000,69700287
2018-08-02,3.440000,3.440000,3.300000,3.360000,128103124
2018-08-03,3.330000,3.350000,3.290000,3.300000,77910253
2018-08-06,3.300000,3.350000,3.250000,3.280000,88518903
2018-08-07,3.280000,3.410000,3.220000,3.390000,160752217
2018-08-08,3.360000,3.440000,3.330000,3.390000,141103558
2018-08-09,3.360000,3.480000,3.350000,3.460000,122494361
2018-08-10,3.440000,3.460000,3.390000,3.430000,83895519
2018-08-13,3.380000,3.410000,3.350000,3.410000,65728554
2018-08-14,3.370000,3.400000,3.350000,3.390000,50637856
2018-08-15,3.370000,3.380000,3.310000,3.310000,66431764
2018-08-16,3.250000,3.310000,3.210000,3.240000,88496235
2018-08-17,3.260000,3.300000,3.210000,3.230000,66970601
2018-08-20,3.230000,3.280000,3.230000,3.280000,55659941
2018-08-21,3.280000,3.330000,3.280000,3.320000,59473421
2018-08-22,3.320000,3.320000,3.290000,3.300000,34221031
2018-08-23,3.290000,3.320000,3.280000,3.300000,41309905
2018-08-24,3.290000,3.320000,3.270000,3.310000,39982015
2018-08-27,3.370000,3.440000,3.360000,3.430000,129243921
2018-08-28,3.450000,3.460000,3.410000,3.430000,89970171
2018-08-29,3.420000,3.470000,3.410000,3.430000,90383591
2018-08-30,3.430000,3.470000,3.380000,3.390000,71431588
2018-08-31,3.400000,3.430000,3.360000,3.400000,68925152
2018-09-03,3.400000,3.400000,3.340000,3.370000,57869087
2018-09-04,3.370000,3.430000,3.370000,3.400000,61418167
2018-09-05,3.380000,3.420000,3.360000,3.370000,58111361
2018-09-06,3.410000,3.460000,3.380000,3.390000,114259985
2018-09-07,3.380000,3.460000,3.380000,3.440000,101482056
2018-09-10,3.440000,3.450000,3.350000,3.350000,80334977
2018-09-11,3.350000,3.360000,3.290000,3.330000,71288918
2018-09-12,3.320000,3.350000,3.290000,3.320000,48056571
2018-09-13,3.370000,3.410000,3.350000,3.400000,75581208
2018-09-14,3.390000,3.470000,3.380000,3.450000,105338132
2018-09-17,3.420000,3.440000,3.380000,3.400000,56436193
2018-09-18,3.400000,3.470000,3.360000,3.450000,95041737
2018-09-19,3.450000,3.580000,3.440000,3.550000,178428653
2018-09-20,3.540000,3.580000,3.520000,3.530000,106961357
2018-09-21,3.560000,3.630000,3.540000,3.610000,145793098
2018-09-25,3.610000,3.670000,3.570000,3.600000,112969413
2018-09-26,3.600000,3.650000,3.570000,3.590000,115448165
2018-09-27,3.610000,3.620000,3.550000,3.550000,94159472
2018-09-28,3.520000,3.580000,3.510000,3.570000,87367883
2018-10-08,3.510000,3.570000,3.450000,3.470000,105933154
2018-10-09,3.490000,3.630000,3.460000,3.590000,152155785
2018-10-10,3.630000,3.730000,3.600000,3.690000,218598038
2018-10-11,3.610000,3.740000,3.510000,3.600000,233582752
2018-10-12,3.690000,3.730000,3.600000,3.650000,210741355
2018-10-15,3.640000,3.640000,3.540000,3.580000,146955681
2018-10-16,3.570000,3.590000,3.280000,3.340000,208346562
2018-10-17,3.330000,3.410000,3.310000,3.370000,107280833
2018-10-18,3.340000,3.350000,3.250000,3.290000,101001739
2018-10-19,3.260000,3.430000,3.240000,3.400000,129329428
2018-10-22,3.420000,3.550000,3.410000,3.500000,186047967
2018-10-23,3.480000,3.510000,3.390000,3.480000,143088697
2018-10-24,3.450000,3.550000,3.440000,3.510000,134741366
2018-10-25,3.460000,3.570000,3.450000,3.560000,171463192
2018-10-26,3.520000,3.590000,3.510000,3.550000,113865773
2018-10-29,3.510000,3.550000,3.410000,3.420000,134893375
2018-10-30,3.390000,3.440000,3.350000,3.410000,95908276
2018-10-31,3.410000,3.440000,3.360000,3.420000,98727312
2018-11-01,3.420000,3.520000,3.390000,3.500000,155805569
2018-11-02,3.540000,3.580000,3.490000,3.540000,187295266
2018-11-05,3.530000,3.580000,3.520000,3.550000,114472927
2018-11-06,3.530000,3.550000,3.500000,3.550000,81464032
2018-11-07,3.540000,3.630000,3.530000,3.560000,134390284
2018-11-08,3.540000,3.550000,3.470000,3.480000,97301177
2018-11-09,3.450000,3.490000,3.400000,3.420000,78866534
2018-11-12,3.390000,3.440000,3.370000,3.440000,108277904
2018-11-13,3.400000,3.480000,3.390000,3.460000,99813597
2018-11-14,3.440000,3.490000,3.430000,3.440000,97716861
2018-11-15,3.460000,3.480000,3.430000,3.480000,88172759
2018-11-16,3.470000,3.480000,3.440000,3.460000,104465398
2018-11-19,3.470000,3.480000,3.450000,3.470000,100314835
2018-11-20,3.460000,3.550000,3.450000,3.540000,212665738
2018-11-21,3.520000,3.540000,3.480000,3.530000,126890818
2018-11-22,3.530000,3.540000,3.500000,3.510000,61350805
2018-11-23,3.500000,3.520000,3.380000,3.390000,127364673
2018-11-26,3.370000,3.400000,3.320000,3.340000,88107285
2018-11-27,3.340000,3.370000,3.320000,3.340000,56393802
2018-11-28,3.330000,3.340000,3.290000,3.340000,99836942
2018-11-29,3.380000,3.450000,3.370000,3.380000,163190285
2018-11-30,3.360000,3.390000,3.320000,3.390000,83990033
2018-12-03,3.420000,3.440000,3.390000,3.440000,112694896
2018-12-04,3.430000,3.440000,3.400000,3.440000,119089025
2018-12-05,3.400000,3.450000,3.390000,3.410000,143883036
2018-12-06,3.420000,3.450000,3.390000,3.400000,97294809
2018-12-07,3.390000,3.420000,3.380000,3.400000,50006667
2018-12-10,3.440000,3.490000,3.430000,3.460000,155008925
2018-12-11,3.430000,3.490000,3.430000,3.480000,96102612
2018-12-12,3.470000,3.480000,3.410000,3.430000,80943899
2018-12-13,3.430000,3.450000,3.400000,3.430000,91535730
2018-12-14,3.420000,3.430000,3.370000,3.380000,86016139
2018-12-17,3.360000,3.430000,3.350000,3.410000,62025925
2018-12-18,3.410000,3.460000,3.400000,3.420000,99574674
2018-12-19,3.420000,3.440000,3.390000,3.420000,61950662
2018-12-20,3.390000,3.410000,3.350000,3.370000,94984629
2018-12-21,3.400000,3.440000,3.350000,3.380000,108557282
2018-12-24,3.380000,3.410000,3.360000,3.390000,59325844
2018-12-25,3.400000,3.420000,3.360000,3.390000,95503961
2018-12-26,3.370000,3.390000,3.340000,3.370000,92924792
2018-12-27,3.380000,3.390000,3.310000,3.320000,92075056
2018-12-28,3.320000,3.340000,3.310000,3.340000,54649258
2019-01-02,3.290000,3.290000,3.010000,3.010000,344893936
2019-01-03,2.960000,3.060000,2.940000,3.050000,223657048
2019-01-04,3.040000,3.090000,3.020000,3.080000,136524076
2019-01-07,3.080000,3.100000,3.050000,3.080000,140964202
2019-01-08,3.080000,3.080000,3.030000,3.040000,111505464
2019-01-09,3.040000,3.090000,3.030000,3.060000,102030136
2019-01-10,3.070000,3.090000,3.050000,3.070000,82158912
2019-01-11,3.060000,3.070000,3.040000,3.050000,65781950
2019-01-14,3.060000,3.070000,3.030000,3.050000,76629224
2019-01-15,3.040000,3.050000,3.010000,3.050000,97828330
2019-01-16,3.040000,3.050000,2.970000,2.990000,140584685
2019-01-17,3.000000,3.020000,2.970000,3.000000,113644594
2019-01-18,3.000000,3.030000,2.980000,3.030000,127583959
2019-01-21,3.030000,3.030000,3.000000,3.010000,95026517
2019-01-22,3.010000,3.010000,2.970000,2.980000,75337852
2019-01-23,2.990000,2.990000,2.970000,2.980000,54932032
2019-01-24,2.970000,2.980000,2.960000,2.970000,56591581
2019-01-25,2.970000,2.980000,2.960000,2.980000,45509255
2019-01-28,3.010000,3.020000,2.990000,2.990000,93396791
2019-01-29,2.990000,2.990000,2.930000,2.950000,105175315
2019-01-30,2.960000,2.970000,2.950000,2.970000,49189999
2019-01-31,2.980000,3.020000,2.960000,2.980000,112379860
2019-02-01,2.990000,3.010000,2.970000,3.010000,86699838
2019-02-11,3.010000,3.060000,3.010000,3.050000,152350959
2019-02-12,3.040000,3.080000,3.030000,3.080000,150506609
2019-02-13,3.090000,3.220000,3.060000,3.200000,277932624
2019-02-14,3.190000,3.190000,3.140000,3.170000,132319449
2019-02-15,3.160000,3.300000,3.160000,3.250000,248612565
2019-02-18,3.270000,3.420000,3.270000,3.400000,267694257
2019-02-19,3.410000,3.470000,3.370000,3.390000,198043064
2019-02-20,3.480000,3.580000,3.440000,3.510000,304060192
2019-02-21,3.530000,3.560000,3.450000,3.490000,227817222
2019-02-22,3.420000,3.480000,3.400000,3.480000,196605150
2019-02-25,3.510000,3.770000,3.500000,3.740000,421263088
2019-02-26,3.680000,3.790000,3.660000,3.690000,338028800
2019-02-27,3.660000,3.710000,3.590000,3.630000,274601696
2019-02-28,3.620000,3.650000,3.560000,3.580000,139667105
2019-03-01,3.590000,3.630000,3.550000,3.630000,131776899
2019-03-04,3.620000,3.710000,3.580000,3.630000,297107376
2019-03-05,3.580000,3.620000,3.560000,3.610000,212953785
2019-03-06,3.620000,3.730000,3.610000,3.700000,342072784
2019-03-07,3.680000,3.860000,3.650000,3.770000,468007536
2019-03-08,3.680000,3.690000,3.530000,3.550000,310032384
2019-03-11,3.550000,3.610000,3.530000,3.610000,184553876
2019-03-12,3.630000,3.640000,3.570000,3.600000,221104114
2019-03-13,3.620000,3.630000,3.550000,3.560000,169520946
2019-03-14,3.560000,3.610000,3.430000,3.450000,182958636
2019-03-15,3.450000,3.510000,3.430000,3.480000,149209484
2019-03-18,3.480000,3.570000,3.480000,3.560000,157844342
2019-03-19,3.570000,3.580000,3.510000,3.550000,148766752
2019-03-20,3.540000,3.580000,3.490000,3.540000,147702573
2019-03-21,3.580000,3.670000,3.570000,3.640000,313392128
2019-03-22,3.620000,3.630000,3.560000,3.590000,159107065
2019-03-25,3.570000,3.580000,3.510000,3.520000,185615645
2019-03-26,3.550000,3.590000,3.480000,3.500000,158470262
2019-03-27,3.500000,3.510000,3.410000,3.470000,151900538
2019-03-28,3.430000,3.470000,3.410000,3.450000,103903538
2019-03-29,3.430000,3.510000,3.410000,3.510000,167790834
2019-04-01,3.550000,3.720000,3.540000,3.650000,346648720
2019-04-02,3.670000,3.690000,3.610000,3.660000,235620825
2019-04-03,3.630000,3.720000,3.610000,3.700000,230835767
2019-04-04,3.720000,3.840000,3.700000,3.730000,288487952
2019-04-08,3.760000,3.810000,3.680000,3.750000,333352432
2019-04-09,3.760000,3.800000,3.630000,3.690000,257117880
2019-04-10,3.680000,3.700000,3.630000,3.680000,197666788
2019-04-11,3.670000,3.690000,3.600000,3.610000,156941363
2019-04-12,3.570000,3.590000,3.510000,3.550000,170424612
2019-04-15,3.590000,3.630000,3.490000,3.520000,160273922
2019-04-16,3.500000,3.640000,3.480000,3.630000,263379873
2019-04-17,3.600000,3.620000,3.560000,3.590000,226071018
2019-04-18,3.580000,3.630000,3.540000,3.560000,175409777
2019-04-19,3.540000,3.570000,3.510000,3.570000,158245475
2019-04-22,3.580000,3.590000,3.510000,3.540000,148102227
2019-04-23,3.520000,3.530000,3.450000,3.470000,146636430
2019-04-24,3.460000,3.490000,3.430000,3.490000,109202266
2019-04-25,3.470000,3.470000,3.380000,3.390000,172772380
2019-04-26,3.370000,3.400000,3.330000,3.330000,123799987
2019-04-29,3.350000,3.360000,3.300000,3.310000,127627281
2019-04-30,3.300000,3.330000,3.280000,3.320000,117784272
2019-05-06,3.220000,3.280000,3.150000,3.180000,230442131
2019-05-07,3.180000,3.210000,3.150000,3.210000,146427468
2019-05-08,3.170000,3.300000,3.160000,3.280000,162070654
2019-05-09,3.230000,3.250000,3.190000,3.200000,103281446
2019-05-10,3.220000,3.250000,3.200000,3.250000,114172700
2019-05-13,3.220000,3.230000,3.200000,3.200000,61057401
2019-05-14,3.230000,3.290000,3.230000,3.250000,145078681
2019-05-15,3.230000,3.270000,3.220000,3.260000,99146627
2019-05-16,3.240000,3.350000,3.240000,3.310000,150643893
2019-05-17,3.280000,3.290000,3.200000,3.210000,120071846
2019-05-20,3.190000,3.200000,3.150000,3.190000,69048190
2019-05-21,3.180000,3.270000,3.170000,3.240000,87065610
2019-05-22,3.240000,3.260000,3.210000,3.230000,57109946
2019-05-23,3.220000,3.230000,3.180000,3.190000,48545816
2019-05-24,3.220000,3.230000,3.190000,3.200000,44999395
2019-05-27,3.190000,3.230000,3.180000,3.220000,76507453
2019-05-28,3.220000,3.240000,3.190000,3.230000,96931021
2019-05-29,3.200000,3.230000,3.200000,3.230000,63991993
2019-05-30,3.210000,3.220000,3.170000,3.210000,76343565
2019-05-31,3.230000,3.250000,3.220000,3.250000,113893012
2019-06-03,3.300000,3.360000,3.270000,3.340000,266795971
2019-06-04,3.390000,3.400000,3.290000,3.310000,171255469
2019-06-05,3.310000,3.370000,3.290000,3.360000,157710476
2019-06-06,3.330000,3.370000,3.300000,3.300000,121516118
2019-06-10,3.300000,3.300000,3.220000,3.250000,158761527
2019-06-11,3.240000,3.330000,3.220000,3.320000,154686714
2019-06-12,3.300000,3.480000,3.290000,3.420000,375130400
2019-06-13,3.390000,3.430000,3.360000,3.400000,184375944
2019-06-14,3.420000,3.490000,3.370000,3.480000,286710416
2019-06-17,3.420000,3.480000,3.410000,3.430000,178284782
2019-06-18,3.410000,3.480000,3.410000,3.470000,145246787
2019-06-19,3.450000,3.500000,3.420000,3.470000,179674094
2019-06-20,3.570000,3.680000,3.520000,3.630000,541793888
2019-06-21,3.720000,3.900000,3.640000,3.730000,677274912
2019-06-24,3.790000,3.830000,3.710000,3.750000,382163728
2019-06-25,3.830000,3.980000,3.820000,3.920000,834572848
2019-06-26,3.800000,3.820000,3.650000,3.670000,542518720
2019-06-27,3.660000,3.760000,3.650000,3.730000,309696848
2019-06-28,3.790000,3.880000,3.750000,3.770000,319098704
2019-07-01,3.650000,3.770000,3.620000,3.740000,303932528
2019-07-02,3.710000,3.790000,3.680000,3.780000,235653589
2019-07-03,3.960000,3.990000,3.820000,3.830000,339464304
2019-07-04,3.820000,3.850000,3.690000,3.720000,272680640
2019-07-05,3.720000,3.770000,3.720000,3.760000,133314881
2019-07-08,3.700000,3.720000,3.630000,3.700000,199171360
2019-07-09,3.650000,3.660000,3.610000,3.650000,100211367
2019-07-10,3.620000,3.650000,3.570000,3.580000,101798956
2019-07-11,3.600000,3.640000,3.550000,3.580000,211054511
2019-07-12,3.540000,3.560000,3.490000,3.520000,121573973
2019-07-15,3.530000,3.560000,3.480000,3.550000,99242100
2019-07-16,3.530000,3.580000,3.520000,3.570000,86871280
2019-07-17,3.530000,3.550000,3.500000,3.520000,93719750
2019-07-18,3.600000,3.610000,3.520000,3.530000,132252728
2019-07-19,3.620000,3.690000,3.580000,3.670000,268517568
2019-07-22,3.600000,3.630000,3.540000,3.610000,144723990
2019-07-23,3.560000,3.610000,3.560000,3.610000,92937260
2019-07-24,3.600000,3.640000,3.590000,3.640000,124948452
2019-07-25,3.610000,3.630000,3.580000,3.610000,128370877
2019-07-26,3.570000,3.580000,3.530000,3.580000,110488584
2019-07-29,3.590000,3.600000,3.550000,3.570000,81150731
2019-07-30,3.580000,3.630000,3.560000,3.630000,167623940
2019-07-31,3.620000,3.670000,3.600000,3.660000,162458817
2019-08-01,3.560000,3.600000,3.520000,3.580000,167697088
2019-08-02,3.640000,3.660000,3.560000,3.580000,136928969
2019-08-05,3.570000,3.830000,3.570000,3.790000,458177648
2019-08-06,3.800000,3.850000,3.650000,3.690000,387461552
2019-08-07,3.750000,3.820000,3.730000,3.780000,323050304
2019-08-08,3.850000,3.880000,3.760000,3.800000,285591168
2019-08-09,3.790000,3.820000,3.720000,3.730000,195146372
2019-08-12,3.720000,3.720000,3.670000,3.710000,136638962
2019-08-13,3.760000,3.870000,3.730000,3.830000,309429104
2019-08-14,3.700000,3.760000,3.680000,3.720000,223181302
2019-08-15,3.770000,3.780000,3.690000,3.710000,218554432
2019-08-16,3.720000,3.740000,3.690000,3.710000,149629883
2019-08-19,3.660000,3.680000,3.620000,3.680000,198651411
2019-08-20,3.640000,3.710000,3.620000,3.700000,181590340
2019-08-21,3.690000,3.690000,3.660000,3.660000,96672290
2019-08-22,3.660000,3.660000,3.610000,3.620000,99838837
2019-08-23,3.600000,3.650000,3.580000,3.630000,100201136
2019-08-26,3.730000,3.770000,3.670000,3.690000,215623393
2019-08-27,3.660000,3.720000,3.640000,3.690000,182000141
2019-08-28,3.690000,3.700000,3.620000,3.640000,162154048
2019-08-29,3.620000,3.700000,3.610000,3.700000,157937605
2019-08-30,3.640000,3.700000,3.630000,3.660000,127445684
2019-09-02,3.650000,3.660000,3.590000,3.620000,181443744
2019-09-03,3.610000,3.620000,3.550000,3.570000,172952508
2019-09-04,3.600000,3.610000,3.570000,3.590000,184818636
2019-09-05,3.600000,3.650000,3.590000,3.630000,199660011
2019-09-06,3.580000,3.580000,3.530000,3.540000,222410678
2019-09-09,3.540000,3.550000,3.510000,3.550000,155197013
2019-09-10,3.520000,3.550000,3.510000,3.540000,124017965
2019-09-11,3.530000,3.580000,3.520000,3.560000,155344511
2019-09-12,3.540000,3.550000,3.530000,3.550000,93111669
2019-09-16,3.560000,3.580000,3.540000,3.580000,119140628
2019-09-17,3.560000,3.560000,3.480000,3.490000,119951230
2019-09-18,3.490000,3.510000,3.480000,3.480000,74665247
2019-09-19,3.470000,3.470000,3.430000,3.470000,87685864
2019-09-20,3.460000,3.500000,3.460000,3.500000,85767787
2019-09-23,3.500000,3.510000,3.450000,3.450000,70250594
2019-09-24,3.460000,3.470000,3.430000,3.440000,90421323
2019-09-25,3.460000,3.460000,3.400000,3.410000,80683010
2019-09-26,3.380000,3.390000,3.280000,3.310000,152296672
2019-09-27,3.300000,3.310000,3.280000,3.290000,78820942
2019-09-30,3.290000,3.300000,3.260000,3.270000,57650269
2019-10-08,3.270000,3.300000,3.250000,3.260000,56785613
2019-10-09,3.270000,3.340000,3.270000,3.320000,74633694
2019-10-10,3.320000,3.340000,3.300000,3.330000,59814655
2019-10-11,3.320000,3.340000,3.300000,3.340000,48805114
2019-10-14,3.320000,3.350000,3.310000,3.330000,108556823
2019-10-15,3.330000,3.340000,3.300000,3.300000,53369662
2019-10-16,3.310000,3.310000,3.280000,3.280000,43326972
2019-10-17,3.290000,3.290000,3.260000,3.270000,62259627
2019-10-18,3.270000,3.280000,3.210000,3.210000,74581850
2019-10-21,3.210000,3.230000,3.160000,3.220000,68742172
2019-10-22,3.200000,3.210000,3.190000,3.210000,48405094
2019-10-23,3.200000,3.250000,3.200000,3.240000,69112601
2019-10-24,3.240000,3.240000,3.190000,3.210000,49556042
2019-10-25,3.220000,3.240000,3.200000,3.240000,51727067
2019-10-28,3.230000,3.360000,3.220000,3.360000,179880301
2019-10-29,3.330000,3.350000,3.310000,3.310000,70227470
2019-10-30,3.310000,3.360000,3.300000,3.350000,124647773
2019-10-31,3.360000,3.390000,3.330000,3.380000,108485100
2019-11-01,3.400000,3.430000,3.350000,3.370000,140977812
2019-11-04,3.370000,3.490000,3.360000,3.470000,201467036
2019-11-05,3.470000,3.500000,3.440000,3.470000,105677308
2019-11-06,3.440000,3.630000,3.440000,3.590000,304066848
2019-11-07,3.580000,3.610000,3.530000,3.590000,126546850
2019-11-08,3.570000,3.610000,3.540000,3.590000,132126617
2019-11-11,3.560000,3.570000,3.480000,3.500000,160408254
2019-11-12,3.490000,3.500000,3.410000,3.440000,113034113
2019-11-13,3.510000,3.620000,3.470000,3.490000,218683387
2019-11-14,3.490000,3.500000,3.420000,3.440000,159394784
2019-11-15,3.440000,3.440000,3.440000,3.440000,0
2019-11-18,3.440000,3.440000,3.440000,3.440000,0
2019-11-19,3.440000,3.440000,3.440000,3.440000,0
2019-11-20,3.440000,3.440000,3.440000,3.440000,0
2019-11-21,3.460000,3.550000,3.460000,3.530000,208016211
2019-11-22,3.520000,3.640000,3.500000,3.620000,202963641
2019-11-25,3.670000,3.800000,3.630000,3.770000,298447504
2019-11-26,3.740000,3.770000,3.690000,3.770000,149457075
2019-11-27,3.750000,3.750000,3.630000,3.680000,127916678
2019-11-28,3.660000,3.710000,3.630000,3.640000,80012924
2019-11-29,3.540000,3.600000,3.490000,3.560000,255794315
2019-12-02,3.600000,3.780000,3.580000,3.700000,281817648
2019-12-03,3.770000,3.800000,3.710000,3.730000,166242030
2019-12-04,3.770000,3.800000,3.730000,3.770000,207460504
2019-12-05,3.760000,3.770000,3.670000,3.700000,157013478
2019-12-06,3.690000,3.720000,3.650000,3.680000,109172021
2019-12-09,3.660000,3.850000,3.660000,3.850000,304464624
2019-12-10,3.850000,4.000000,3.830000,3.960000,362710976
2019-12-11,3.960000,4.020000,3.930000,3.950000,159072047
2019-12-12,4.020000,4.050000,3.930000,3.930000,138460815
2019-12-13,3.950000,3.990000,3.910000,3.960000,125701226
2019-12-16,3.960000,3.970000,3.870000,3.950000,165928676
2019-12-17,3.960000,4.030000,3.930000,3.990000,209732926
2019-12-18,3.980000,3.990000,3.950000,3.970000,130068260
2019-12-19,3.960000,4.130000,3.940000,4.100000,310569072
2019-12-20,4.100000,4.110000,3.990000,4.020000,206432567
2019-12-23,3.990000,4.040000,3.960000,3.970000,116477193
2019-12-24,3.980000,4.140000,3.930000,4.120000,210025202
2019-12-25,4.150000,4.200000,4.090000,4.140000,169416725
2019-12-26,4.120000,4.240000,4.100000,4.190000,188737081
2019-12-27,4.190000,4.610000,4.190000,4.460000,476812688
2019-12-30,4.480000,4.600000,4.370000,4.490000,293426672
2019-12-31,4.530000,4.640000,4.450000,4.590000,292216496
2020-01-02,4.620000,4.850000,4.600000,4.750000,350856768
2020-01-03,4.780000,4.900000,4.710000,4.800000,274099872
2020-01-06,4.940000,5.020000,4.650000,4.860000,577602336
2020-01-07,4.730000,4.730000,4.620000,4.670000,402402480
2020-01-08,4.790000,4.830000,4.610000,4.700000,440337776
2020-01-09,4.530000,4.620000,4.480000,4.510000,387550880
2020-01-10,4.500000,4.550000,4.460000,4.540000,235712336
2020-01-13,4.550000,4.640000,4.520000,4.630000,203908618
2020-01-14,4.630000,4.880000,4.620000,4.740000,321751152
2020-01-15,4.730000,4.740000,4.570000,4.600000,189435385
2020-01-16,4.600000,4.620000,4.490000,4.520000,168868136
2020-01-17,4.520000,4.660000,4.490000,4.620000,179916087
2020-01-20,4.600000,4.610000,4.480000,4.540000,185356720
2020-01-21,4.520000,4.520000,4.360000,4.360000,255850302
2020-01-22,4.330000,4.470000,4.210000,4.430000,192937829
2020-01-23,4.310000,4.530000,4.220000,4.290000,295411008
2020-02-03,3.860000,4.050000,3.860000,3.860000,449831808
2020-02-04,3.860000,4.030000,3.860000,3.980000,278159584
2020-02-05,3.960000,4.120000,3.930000,4.030000,302199280
2020-02-06,4.070000,4.180000,4.000000,4.130000,302518832
2020-02-07,4.090000,4.180000,4.030000,4.100000,234159108
2020-02-10,4.060000,4.230000,4.010000,4.200000,292442848
2020-02-11,4.180000,4.380000,4.160000,4.240000,262161138
2020-02-12,4.230000,4.320000,4.220000,4.300000,169084056
2020-02-13,4.300000,4.350000,4.260000,4.320000,178212554
2020-02-14,4.330000,4.590000,4.280000,4.540000,336806368
2020-02-17,4.550000,4.630000,4.480000,4.610000,247418859
2020-02-18,4.640000,4.640000,4.550000,4.570000,199042510
2020-02-19,4.640000,4.670000,4.530000,4.590000,255613779
2020-02-20,4.570000,4.600000,4.500000,4.590000,216979060
2020-02-21,4.630000,4.770000,4.580000,4.700000,368369248
2020-02-24,4.830000,4.860000,4.660000,4.720000,364972688
2020-02-25,4.570000,4.690000,4.530000,4.570000,346098272
2020-02-26,4.500000,4.500000,4.350000,4.360000,351814208
2020-02-27,4.360000,4.440000,4.310000,4.410000,169457473
2020-02-28,4.280000,4.350000,4.160000,4.160000,260306946
2020-03-02,4.150000,4.340000,4.150000,4.300000,190485086
2020-03-03,4.350000,4.410000,4.280000,4.300000,170989183
2020-03-04,4.400000,4.430000,4.270000,4.330000,246941406
2020-03-05,4.300000,4.370000,4.300000,4.350000,190491581
2020-03-06,4.400000,4.420000,4.350000,4.380000,245260315
2020-03-09,4.380000,4.380000,4.060000,4.080000,415442816
2020-03-10,3.960000,4.070000,3.920000,4.040000,361726480
2020-03-11,4.050000,4.110000,4.020000,4.020000,223741044
2020-03-12,3.910000,3.950000,3.860000,3.920000,221317398
2020-03-13,3.640000,3.890000,3.550000,3.840000,318814192
2020-03-16,3.840000,3.840000,3.600000,3.640000,253454001
2020-03-17,3.620000,3.690000,3.360000,3.480000,340711248
2020-03-18,3.530000,3.580000,3.400000,3.410000,242283744
2020-03-19,3.300000,3.380000,3.270000,3.360000,306868416
2020-03-20,3.400000,3.490000,3.330000,3.460000,225092925
2020-03-23,3.370000,3.540000,3.330000,3.460000,315355984
2020-03-24,3.720000,3.800000,3.610000,3.740000,542024272
2020-03-25,3.900000,3.910000,3.780000,3.800000,367117008
2020-03-26,3.730000,3.850000,3.690000,3.770000,246570302
2020-03-27,3.790000,3.830000,3.770000,3.790000,201100657
2020-03-30,3.710000,3.780000,3.670000,3.690000,176598747
2020-03-31,3.690000,3.730000,3.660000,3.690000,135420854
2020-04-01,3.640000,3.730000,3.600000,3.730000,175852865
2020-04-02,3.660000,3.700000,3.630000,3.700000,168837319
2020-04-03,3.700000,3.800000,3.690000,3.700000,210445660
2020-04-07,3.820000,4.020000,3.790000,3.970000,426568704
2020-04-08,3.900000,3.990000,3.880000,3.950000,185435271
2020-04-09,3.950000,3.980000,3.910000,3.950000,152568999
2020-04-10,4.090000,4.100000,3.950000,3.970000,288564080
2020-04-13,3.960000,4.050000,3.940000,4.000000,146092977
2020-04-14,4.100000,4.360000,4.060000,4.280000,503774400
2020-04-15,4.260000,4.350000,4.220000,4.260000,271626608
2020-04-16,4.200000,4.250000,4.140000,4.250000,273389792
2020-04-17,4.170000,4.200000,4.080000,4.130000,272941408
2020-04-20,4.080000,4.170000,4.040000,4.140000,171816787
2020-04-21,4.120000,4.160000,4.030000,4.090000,159913476
2020-04-22,4.050000,4.090000,4.020000,4.060000,156436189
2020-04-23,4.160000,4.210000,4.100000,4.150000,264954481
2020-04-24,4.130000,4.250000,4.110000,4.230000,296695088
2020-04-27,3.950000,4.000000,3.810000,3.840000,588580640
2020-04-28,3.840000,3.980000,3.760000,3.970000,392069152
2020-04-29,3.970000,4.000000,3.890000,3.920000,139861213
2020-04-30,3.930000,3.950000,3.860000,3.910000,182031895
2020-05-06,3.920000,3.980000,3.900000,3.960000,149217826
2020-05-07,3.930000,4.030000,3.910000,3.950000,152442431
2020-05-08,4.030000,4.050000,3.970000,4.010000,148640409
2020-05-11,3.990000,4.020000,3.940000,3.950000,129290571
2020-05-12,3.930000,3.940000,3.860000,3.880000,161932416
2020-05-13,3.880000,3.900000,3.850000,3.880000,108110906
2020-05-14,3.890000,3.900000,3.800000,3.830000,132539659
2020-05-15,3.870000,3.960000,3.850000,3.940000,211454554
2020-05-18,4.030000,4.190000,3.990000,4.140000,370651360
2020-05-19,4.080000,4.110000,4.000000,4.020000,208508107
2020-05-20,4.090000,4.160000,4.050000,4.120000,187880102
2020-05-21,4.110000,4.150000,4.010000,4.030000,145381960
2020-05-22,4.020000,4.020000,3.880000,3.920000,155083436
2020-05-25,3.890000,3.890000,3.810000,3.840000,141222959
2020-05-26,3.870000,3.920000,3.850000,3.880000,114431254
2020-05-27,3.830000,3.840000,3.780000,3.800000,155699736
2020-05-28,3.820000,3.860000,3.790000,3.830000,142375582
2020-05-29,3.800000,3.820000,3.750000,3.780000,148432424
2020-06-01,3.810000,3.910000,3.800000,3.890000,204161218
2020-06-02,3.890000,3.920000,3.840000,3.880000,140908222
2020-06-03,3.880000,3.980000,3.860000,3.930000,181300723
2020-06-04,3.880000,3.900000,3.840000,3.850000,153906963
2020-06-05,3.870000,3.870000,3.810000,3.820000,122956377
2020-06-08,3.870000,4.030000,3.870000,4.010000,358920560
2020-06-09,4.030000,4.060000,3.990000,4.040000,176534926
2020-06-10,4.100000,4.120000,3.980000,4.010000,134188940
2020-06-11,4.080000,4.140000,4.030000,4.050000,204945094
2020-06-12,3.930000,4.000000,3.910000,3.970000,156647213
2020-06-15,3.970000,4.000000,3.910000,3.910000,138581732
2020-06-16,3.930000,4.020000,3.920000,4.000000,153538189
2020-06-17,3.980000,4.030000,3.940000,4.030000,164785221
2020-06-18,4.050000,4.180000,3.990000,4.150000,315164336
2020-06-19,4.150000,4.200000,4.110000,4.160000,203306269
2020-06-22,4.210000,4.340000,4.200000,4.250000,283332704
2020-06-23,4.280000,4.310000,4.210000,4.240000,145361538
2020-06-24,4.330000,4.410000,4.320000,4.380000,240447058
2020-06-29,4.370000,4.440000,4.300000,4.370000,191705099
2020-06-30,4.370000,4.420000,4.310000,4.400000,159963505
2020-07-01,4.470000,4.700000,4.470000,4.590000,336231584
2020-07-02,4.510000,4.650000,4.510000,4.620000,272079408
2020-07-03,4.600000,4.790000,4.580000,4.750000,330125520
2020-07-06,4.770000,5.130000,4.770000,5.110000,525666208
2020-07-07,5.200000,5.450000,5.120000,5.130000,463256288
2020-07-08,5.160000,5.600000,5.140000,5.580000,565314768
2020-07-09,5.650000,6.140000,5.650000,6.140000,690230768
2020-07-10,6.000000,6.000000,5.640000,5.660000,623383168
2020-07-13,5.830000,6.070000,5.810000,6.000000,576155696
2020-07-14,5.780000,5.950000,5.700000,5.820000,426061472
2020-07-15,5.850000,5.940000,5.600000,5.650000,368158624
2020-07-16,5.580000,5.780000,5.400000,5.440000,308009088
2020-07-17,5.300000,5.440000,5.210000,5.350000,243140716
2020-07-20,5.460000,5.620000,5.420000,5.610000,380512080
2020-07-21,5.710000,5.780000,5.600000,5.680000,298565088
2020-07-22,6.010000,6.080000,5.820000,5.850000,383973296
2020-07-23,5.930000,5.950000,5.620000,5.820000,305906640
2020-07-24,5.780000,5.870000,5.540000,5.630000,359066864
2020-07-27,5.770000,6.040000,5.690000,6.020000,581687440
2020-07-28,6.230000,6.300000,5.700000,5.760000,641076128
2020-07-29,5.760000,5.790000,5.580000,5.740000,419692240
2020-07-30,5.770000,5.860000,5.630000,5.650000,294110304
2020-07-31,5.700000,5.850000,5.630000,5.850000,349910752
2020-08-03,5.800000,5.880000,5.710000,5.840000,300128608
2020-08-04,5.830000,5.950000,5.760000,5.790000,285044608
2020-08-05,5.970000,6.050000,5.820000,6.040000,471020400
2020-08-06,6.090000,6.600000,6.080000,6.570000,718268736
2020-08-07,6.570000,6.980000,6.510000,6.640000,728252320
2020-08-10,6.370000,6.430000,6.200000,6.330000,408542640
2020-08-11,6.200000,6.350000,6.000000,6.030000,398065552
2020-08-12,5.590000,5.760000,5.440000,5.700000,596546480
2020-08-13,5.710000,5.770000,5.600000,5.720000,197710106
2020-08-14,5.740000,5.920000,5.700000,5.780000,181252163
2020-08-17,5.750000,6.160000,5.690000,6.110000,317022000
2020-08-18,6.270000,6.410000,6.180000,6.360000,305112736
2020-08-19,6.360000,6.520000,6.280000,6.500000,452817744
2020-08-20,6.190000,6.550000,6.100000,6.320000,355196080
2020-08-21,6.330000,6.400000,6.160000,6.200000,208846031
2020-08-24,6.300000,6.800000,6.260000,6.700000,492134400
2020-08-25,6.760000,6.760000,6.340000,6.600000,368169776
2020-08-26,6.530000,6.720000,6.430000,6.530000,264105493
2020-08-27,6.660000,6.710000,6.420000,6.480000,186834777
2020-08-28,6.450000,6.690000,6.290000,6.650000,259636921
2020-08-31,6.770000,7.320000,6.760000,7.190000,746287392
2020-09-01,7.200000,7.490000,7.150000,7.340000,444801360
2020-09-02,7.250000,7.310000,7.020000,7.130000,346897504
2020-09-03,7.010000,7.250000,6.950000,7.060000,270134576
2020-09-04,6.920000,7.190000,6.910000,7.000000,223535260
2020-09-07,7.100000,7.430000,6.970000,7.090000,350756192
2020-09-08,6.990000,7.120000,6.710000,7.040000,305837184
2020-09-09,6.840000,6.990000,6.710000,6.730000,233008778
2020-09-10,6.900000,7.170000,6.830000,6.980000,343475744
2020-09-11,6.900000,6.960000,6.730000,6.910000,214292288
2020-09-14,7.000000,7.240000,6.850000,7.140000,286499184
2020-09-15,7.200000,7.280000,7.110000,7.170000,237318149
2020-09-16,7.050000,7.140000,6.920000,7.040000,168620765
2020-09-17,6.980000,6.990000,6.740000,6.800000,233631054
2020-09-18,6.860000,7.050000,6.820000,7.030000,220922464
2020-09-21,7.020000,7.110000,6.830000,6.870000,198003684
2020-09-22,6.600000,6.770000,6.510000,6.560000,281916496
2020-09-23,6.580000,6.630000,6.380000,6.450000,256802497
2020-09-24,6.280000,6.300000,6.000000,6.020000,394361760
2020-09-25,6.130000,6.240000,6.100000,6.200000,220718804
2020-09-28,6.220000,6.280000,6.090000,6.190000,155839487
2020-09-29,6.320000,6.420000,6.160000,6.190000,208115087
2020-09-30,6.250000,6.290000,6.070000,6.150000,160117715
2020-10-09,6.250000,6.280000,6.150000,6.220000,255638892
2020-10-12,6.240000,6.590000,6.240000,6.580000,283980144
2020-10-13,6.540000,6.600000,6.420000,6.580000,143854706
2020-10-14,6.410000,6.540000,6.370000,6.490000,126964096
2020-10-15,6.510000,6.670000,6.490000,6.560000,132363029
2020-10-16,6.700000,6.820000,6.560000,6.590000,164105665
2020-10-19,6.600000,6.710000,6.480000,6.680000,146237282
2020-10-20,6.710000,6.820000,6.570000,6.750000,181648607
2020-10-21,6.880000,7.040000,6.880000,6.970000,250975220
2020-10-22,6.990000,7.000000,6.860000,6.960000,132248568
2020-10-23,6.870000,7.030000,6.860000,6.910000,123050431
2020-10-26,6.910000,7.070000,6.770000,7.040000,187101086
2020-10-27,7.000000,7.100000,6.980000,7.070000,125888167
2020-10-28,7.050000,7.230000,7.000000,7.160000,165674101
2020-10-29,6.950000,7.080000,6.880000,7.010000,150836485
2020-10-30,7.040000,7.280000,6.950000,6.990000,196605879
2020-11-02,7.070000,7.220000,7.000000,7.190000,202034380
2020-11-03,7.260000,7.890000,7.220000,7.650000,416717744
2020-11-04,7.650000,7.730000,7.510000,7.670000,198735271
2020-11-05,7.740000,7.800000,7.510000,7.660000,220684641
2020-11-06,7.850000,8.030000,7.760000,7.900000,318343984
2020-11-09,8.020000,8.170000,7.950000,8.130000,293704256
2020-11-10,7.750000,7.860000,7.610000,7.700000,389531056
2020-11-11,7.680000,7.750000,7.500000,7.530000,223126301
2020-11-12,7.470000,7.720000,7.340000,7.670000,248024070
2020-11-13,7.700000,7.770000,7.520000,7.640000,155571312
2020-11-16,7.780000,8.300000,7.780000,8.190000,402642368
2020-11-17,8.190000,8.410000,8.110000,8.210000,289942160
2020-11-18,8.160000,8.860000,8.150000,8.420000,467088240
2020-11-19,8.350000,8.430000,8.110000,8.380000,233169686
2020-11-20,8.340000,8.980000,8.300000,8.980000,341594880
2020-11-23,9.160000,9.430000,8.820000,9.160000,490866560
2020-11-24,8.890000,9.160000,8.810000,9.150000,368028912
2020-11-25,9.120000,9.400000,8.600000,8.620000,527469520
2020-11-26,8.620000,8.860000,8.580000,8.860000,296723120
2020-11-27,9.000000,9.100000,8.680000,8.950000,258483274
2020-11-30,8.910000,9.470000,8.820000,9.290000,430307408
2020-12-01,9.130000,9.390000,9.050000,9.390000,260739041
2020-12-02,9.550000,9.700000,9.200000,9.350000,330162864
2020-12-03,9.220000,9.290000,8.770000,8.860000,377381824
2020-12-04,8.880000,9.150000,8.750000,9.130000,267796859
2020-12-07,9.070000,9.180000,8.710000,8.810000,264861178
2020-12-08,8.910000,9.130000,8.800000,8.910000,285706864
2020-12-09,8.920000,9.050000,8.680000,8.710000,234836436
2020-12-10,8.510000,8.600000,8.200000,8.550000,297764688
2020-12-11,8.810000,8.840000,8.290000,8.430000,285486336
2020-12-14,8.300000,8.570000,8.200000,8.510000,191295595
2020-12-15,8.420000,8.450000,8.110000,8.330000,285011728
2020-12-16,8.430000,8.500000,8.190000,8.380000,195560638
2020-12-17,8.410000,8.830000,8.380000,8.830000,359553632
2020-12-18,8.950000,9.330000,8.920000,9.190000,374924512
2020-12-21,9.330000,9.480000,9.160000,9.390000,280066576
2020-12-22,9.180000,9.230000,8.710000,8.750000,391525600
2020-12-23,8.670000,8.850000,8.520000,8.770000,249846668
2020-12-24,8.820000,9.070000,8.820000,8.910000,200987038
2020-12-25,8.930000,9.300000,8.710000,9.270000,273356912
2020-12-28,9.370000,9.650000,9.350000,9.440000,321029008
2020-12-29,9.510000,9.550000,9.100000,9.100000,244064436
2020-12-30,9.090000,9.360000,8.990000,9.270000,245102232
2020-12-31,9.320000,9.430000,9.160000,9.290000,243889964
2021-01-04,9.420000,10.170000,9.380000,10.040000,445168336
2021-01-05,10.090000,10.250000,9.850000,10.210000,362738176
2021-01-06,10.450000,10.790000,10.310000,10.500000,382786000
2021-01-07,10.430000,11.320000,10.380000,11.180000,447954128
2021-01-08,11.400000,11.520000,10.900000,11.350000,389430576
2021-01-11,10.900000,11.120000,10.500000,10.670000,471688816
2021-01-12,10.300000,10.900000,10.230000,10.900000,330386256
2021-01-13,10.920000,11.560000,10.510000,10.680000,446550144
2021-01-14,10.620000,10.720000,10.310000,10.430000,248924015
2021-01-15,10.590000,10.880000,10.240000,10.560000,265911595
2021-01-18,10.300000,10.710000,9.930000,10.690000,297687280
2021-01-19,10.550000,10.740000,10.140000,10.280000,241515575
2021-01-20,10.280000,10.660000,10.280000,10.560000,207543682
2021-01-21,10.700000,11.150000,10.620000,10.970000,327400496
2021-01-22,10.870000,10.990000,10.660000,10.830000,209061346
2021-01-25,10.840000,11.340000,10.720000,11.050000,302129488
2021-01-26,11.000000,11.000000,10.510000,10.740000,268877456
2021-01-27,10.790000,10.920000,10.150000,10.420000,264593333
2021-01-28,10.000000,10.210000,9.600000,9.680000,351893776
2021-01-29,9.900000,10.000000,9.310000,9.600000,277139968
2021-02-01,9.940000,10.480000,9.820000,10.440000,355225248
2021-02-02,10.480000,10.890000,10.330000,10.800000,280799952
2021-02-03,10.590000,10.760000,10.250000,10.490000,281468912
2021-02-04,10.500000,10.560000,10.030000,10.150000,186606141
2021-02-05,9.990000,10.340000,9.730000,9.800000,263340422
2021-02-08,10.100000,10.650000,10.060000,10.590000,302447968
2021-02-09,10.980000,11.350000,10.780000,11.340000,347099984
2021-02-10,11.470000,12.280000,11.430000,12.080000,426762336
2021-02-18,13.290000,13.290000,13.290000,13.290000,81753772
2021-02-19,13.670000,14.110000,12.890000,13.640000,1008802432
2021-02-22,14.460000,15.000000,14.320000,14.630000,1031889104
2021-02-23,14.100000,14.540000,13.770000,13.850000,717283184
2021-02-24,13.950000,14.270000,12.550000,13.100000,763929152
2021-02-25,13.650000,13.740000,12.880000,12.980000,546806688
2021-02-26,12.190000,12.560000,11.980000,12.190000,636144896
2021-03-01,12.220000,12.400000,11.760000,12.320000,531899040
2021-03-02,12.100000,12.100000,11.550000,11.750000,495700048
2021-03-03,11.960000,12.350000,11.800000,12.320000,522198992
2021-03-04,11.930000,12.030000,11.200000,11.450000,603698528
2021-03-05,10.780000,11.130000,10.600000,11.000000,532956768
2021-03-08,11.330000,11.400000,10.590000,10.670000,418196496
2021-03-09,10.700000,11.070000,10.010000,10.710000,505206080
2021-03-10,10.790000,10.800000,10.350000,10.490000,296477776
2021-03-11,10.650000,11.540000,10.540000,11.540000,572997920
2021-03-12,11.710000,11.770000,11.060000,11.350000,460870192
2021-03-15,11.300000,11.640000,10.970000,11.250000,418274400
2021-03-16,11.280000,11.300000,10.750000,11.110000,305393456
2021-03-17,10.800000,11.110000,10.660000,11.090000,244471019
2021-03-18,11.400000,11.570000,11.150000,11.180000,302583472
2021-03-19,10.820000,11.030000,10.690000,10.830000,360642224
2021-03-22,10.750000,10.840000,10.410000,10.660000,311295888
2021-03-23,10.780000,10.840000,10.000000,10.130000,437961712
2021-03-24,9.900000,10.030000,9.300000,9.360000,573323232
2021-03-25,9.450000,9.790000,9.410000,9.560000,397265840
2021-03-26,9.600000,10.020000,9.520000,9.910000,408898176
2021-03-29,9.920000,10.000000,9.650000,9.930000,295006016
2021-03-30,9.810000,10.160000,9.680000,9.930000,296079312
2021-03-31,9.810000,9.830000,9.450000,9.620000,341747840
2021-04-01,9.720000,9.820000,9.610000,9.740000,230815665
2021-04-02,9.850000,10.140000,9.820000,10.130000,395349728
2021-04-06,10.350000,10.440000,10.130000,10.150000,306084880
2021-04-07,10.250000,10.290000,9.900000,10.240000,253068408
2021-04-08,10.200000,10.680000,10.070000,10.530000,409922288
2021-04-09,10.590000,10.620000,10.250000,10.290000,227726836
2021-04-12,10.170000,10.170000,9.600000,9.680000,382576976
2021-04-13,9.590000,9.830000,9.510000,9.700000,215462208
2021-04-14,9.720000,9.970000,9.720000,9.930000,222354597
2021-04-15,10.100000,10.240000,9.800000,10.210000,283596688
2021-04-16,10.570000,10.690000,10.200000,10.230000,411957776
2021-04-19,10.240000,10.650000,9.980000,10.650000,399896656
2021-04-20,10.500000,10.860000,10.460000,10.740000,375163760
2021-04-21,10.500000,10.660000,10.350000,10.550000,240994349
2021-04-22,10.660000,10.830000,10.520000,10.600000,258894772
2021-04-23,10.560000,10.820000,10.410000,10.780000,285518032
2021-04-26,11.030000,11.400000,10.930000,11.150000,486226800
2021-04-27,11.320000,11.540000,11.010000,11.290000,490881808
2021-04-28,11.020000,11.230000,10.850000,11.090000,299160544
2021-04-29,11.310000,11.480000,11.160000,11.360000,352853728
2021-04-30,11.200000,11.410000,10.850000,11.030000,369975088
2021-05-06,11.560000,11.970000,11.410000,11.540000,498383280
2021-05-07,11.970000,12.090000,11.840000,11.920000,501563280
2021-05-10,12.350000,12.500000,12.130000,12.350000,577791600
2021-05-11,11.900000,11.900000,11.310000,11.580000,533978720
2021-05-12,11.500000,11.780000,11.410000,11.750000,267046039
2021-05-13,11.260000,11.410000,11.000000,11.080000,401687360
2021-05-14,11.010000,11.120000,10.700000,11.060000,359966288
2021-05-17,11.120000,11.500000,11.000000,11.450000,382905376
2021-05-18,11.740000,11.880000,11.590000,11.730000,293717680
2021-05-19,11.570000,11.570000,11.320000,11.420000,260692258
2021-05-20,10.900000,11.100000,10.600000,10.930000,440449024
2021-05-21,10.800000,11.030000,10.670000,10.820000,273640496
2021-05-24,10.560000,10.760000,10.490000,10.620000,261063789
2021-05-25,10.690000,11.010000,10.550000,10.930000,309188928
2021-05-26,10.930000,11.190000,10.880000,11.060000,264624958
2021-05-27,11.190000,11.240000,10.960000,11.140000,235782674
2021-05-28,11.440000,11.510000,11.190000,11.190000,284479216
2021-05-31,11.290000,11.380000,11.090000,11.230000,274209232
2021-06-01,11.150000,11.440000,11.070000,11.440000,299210048
2021-06-02,11.300000,11.400000,11.150000,11.180000,241051336
2021-06-03,11.140000,11.270000,11.000000,11.000000,264730027
2021-06-04,10.510000,10.970000,10.390000,10.840000,402898080
2021-06-07,10.870000,11.320000,10.850000,11.170000,332356304
2021-06-08,11.290000,11.350000,10.990000,11.060000,261484316
2021-06-09,11.200000,11.200000,10.910000,11.080000,207377190
2021-06-10,11.100000,11.240000,11.050000,11.070000,216082902
2021-06-11,11.120000,11.270000,10.810000,11.000000,418514480
2021-06-15,10.880000,10.900000,10.400000,10.470000,460805360
2021-06-16,10.270000,10.390000,9.900000,9.940000,416736944
2021-06-17,9.780000,10.070000,9.730000,9.870000,251847790
2021-06-18,9.530000,9.840000,9.380000,9.770000,398962480
2021-06-21,9.640000,9.850000,9.570000,9.760000,243546360
2021-06-22,9.860000,9.890000,9.710000,9.780000,227173133
2021-06-23,9.830000,9.840000,9.690000,9.780000,235780723
2021-06-24,9.830000,9.870000,9.620000,9.730000,207415719
2021-06-25,9.750000,10.170000,9.750000,10.150000,371821152
2021-06-28,10.150000,10.150000,9.920000,9.970000,239332470
2021-06-29,9.930000,9.930000,9.570000,9.650000,287644320
2021-06-30,9.640000,9.750000,9.520000,9.690000,141339080
2021-07-01,9.740000,9.790000,9.610000,9.790000,159486111
2021-07-02,9.880000,10.090000,9.790000,9.840000,302368928
2021-07-05,9.850000,10.080000,9.840000,10.030000,298247136
2021-07-06,10.110000,10.150000,9.900000,10.040000,245210281
2021-07-07,9.830000,10.070000,9.760000,9.990000,244861197
2021-07-08,10.070000,10.090000,9.680000,9.730000,307122592
2021-07-09,9.630000,10.230000,9.550000,10.140000,524989984
2021-07-12,10.480000,10.700000,10.280000,10.380000,515750928
2021-07-13,10.300000,10.500000,10.030000,10.150000,287840304
2021-07-14,10.030000,10.030000,9.780000,9.820000,303091648
2021-07-15,9.840000,10.040000,9.650000,10.030000,299806672
2021-07-16,10.000000,10.200000,9.880000,10.000000,271506592
2021-07-19,9.920000,10.050000,9.850000,9.970000,255394747
2021-07-20,9.770000,9.780000,9.620000,9.720000,274588416
2021-07-21,9.750000,9.840000,9.650000,9.820000,293460784
2021-07-22,9.770000,10.100000,9.700000,10.030000,374177424
2021-07-23,10.030000,10.380000,10.000000,10.130000,438245056
2021-07-26,10.350000,10.450000,9.950000,10.180000,465878176
2021-07-27,10.520000,11.130000,10.470000,10.640000,927630608
2021-07-28,10.510000,10.600000,9.910000,10.020000,551300384
2021-07-29,10.180000,10.300000,9.920000,10.240000,392959024
2021-07-30,10.240000,10.400000,10.090000,10.250000,291420832
2021-08-02,10.380000,11.000000,10.160000,10.810000,583619328
2021-08-03,10.760000,10.770000,10.330000,10.410000,410342432
2021-08-04,10.420000,10.590000,10.220000,10.530000,357410288
2021-08-05,10.330000,10.420000,10.160000,10.280000,342679856
2021-08-06,10.230000,10.760000,10.230000,10.680000,500137056
2021-08-09,10.300000,10.920000,10.210000,10.690000,409476208
2021-08-10,10.560000,10.680000,10.400000,10.550000,294265232
2021-08-11,10.650000,10.820000,10.480000,10.590000,337027616
2021-08-12,10.620000,11.150000,10.510000,11.010000,664056032
2021-08-13,10.900000,11.340000,10.780000,11.290000,507957552
2021-08-16,11.440000,11.840000,11.150000,11.170000,539013216
2021-08-17,11.070000,11.440000,10.780000,10.950000,448247904
2021-08-18,10.790000,10.980000,10.600000,10.910000,359915568
2021-08-19,10.620000,10.650000,10.110000,10.340000,591193040
2021-08-20,10.130000,10.140000,9.900000,10.040000,414310592
2021-08-23,10.130000,10.250000,10.020000,10.140000,296510672
2021-08-24,10.250000,10.430000,10.210000,10.320000,304859936
2021-08-25,10.320000,10.620000,10.130000,10.520000,345752576
2021-08-26,10.430000,10.670000,10.370000,10.390000,295880000
2021-08-27,10.310000,10.500000,10.280000,10.450000,278706512
2021-08-30,10.660000,11.020000,10.530000,10.890000,536410944
2021-08-31,10.800000,11.110000,10.650000,11.110000,482796496
2021-09-01,11.120000,11.240000,10.570000,10.690000,476200784
2021-09-02,10.590000,11.040000,10.550000,10.900000,371841824
2021-09-03,11.020000,11.420000,10.940000,11.070000,478081040
2021-09-06,11.220000,11.280000,10.760000,10.950000,382572000
2021-09-07,10.960000,11.090000,10.820000,10.980000,355052672
2021-09-08,10.910000,11.040000,10.680000,10.850000,423473728
2021-09-09,10.770000,11.570000,10.730000,11.430000,791356848
2021-09-10,11.420000,12.450000,11.380000,11.970000,920206624
2021-09-13,12.280000,12.680000,12.130000,12.390000,720541120
2021-09-14,12.100000,12.220000,11.670000,11.720000,572338176
2021-09-15,11.600000,11.670000,11.310000,11.520000,356747856
2021-09-16,11.700000,11.830000,11.100000,11.110000,390504096
2021-09-17,10.820000,11.070000,10.590000,10.810000,374819440
2021-09-22,10.500000,10.730000,10.430000,10.710000,276147424
2021-09-23,10.790000,10.850000,10.520000,10.580000,273484160
2021-09-24,10.520000,10.630000,10.310000,10.340000,290751152
2021-09-27,10.330000,10.370000,10.010000,10.130000,291327184
2021-09-28,10.140000,10.360000,10.090000,10.220000,192161870
2021-09-29,10.100000,10.150000,9.910000,10.020000,224656525
2021-09-30,10.000000,10.100000,9.980000,10.090000,123459769
2021-10-08,10.260000,10.300000,10.060000,10.260000,151931425
2021-10-11,10.730000,11.200000,10.620000,11.040000,555733360
2021-10-12,10.980000,10.980000,10.530000,10.820000,316027968
2021-10-13,10.710000,10.780000,10.560000,10.710000,146895461
2021-10-14,11.000000,11.340000,11.000000,11.130000,384859984
2021-10-15,11.200000,11.950000,11.200000,11.460000,514937216
2021-10-18,11.700000,11.800000,11.180000,11.560000,529088368
2021-10-19,11.400000,11.880000,11.270000,11.800000,410110320
2021-10-20,11.380000,11.460000,11.160000,11.320000,428670640
2021-10-21,11.430000,11.580000,11.250000,11.340000,284046656
2021-10-22,11.100000,11.240000,10.900000,11.120000,305697616
2021-10-25,11.120000,11.270000,10.880000,11.160000,194366975
2021-10-26,11.260000,11.470000,11.110000,11.310000,224968726
2021-10-27,11.200000,11.260000,10.840000,10.890000,276186240
2021-10-28,10.700000,10.820000,10.370000,10.510000,286533280
2021-10-29,10.590000,10.640000,10.370000,10.460000,208885775
2021-11-01,10.370000,10.560000,10.280000,10.480000,210225343
2021-11-02,10.470000,10.520000,10.050000,10.230000,315797376
2021-11-03,10.230000,10.260000,10.080000,10.200000,231626822
2021-11-04,10.210000,10.260000,10.120000,10.260000,188213934
2021-11-05,10.170000,10.250000,10.150000,10.180000,150868038
2021-11-08,10.300000,10.640000,10.300000,10.510000,291238976
2021-11-09,10.600000,10.650000,10.410000,10.560000,165074576
2021-11-10,10.540000,10.580000,10.350000,10.550000,168884883
2021-11-11,10.500000,10.730000,10.500000,10.690000,200024833
2021-11-12,10.760000,10.950000,10.730000,10.740000,178949092
2021-11-15,10.750000,10.900000,10.500000,10.560000,160909699
2021-11-16,10.570000,10.610000,10.320000,10.360000,163075827
2021-11-17,10.310000,10.440000,10.280000,10.420000,103452801
2021-11-18,10.320000,10.440000,10.320000,10.360000,135204181
2021-11-19,10.360000,10.450000,10.240000,10.430000,165884255
2021-11-22,10.440000,10.560000,10.370000,10.540000,155700446
2021-11-23,10.500000,10.680000,10.460000,10.580000,163768165
2021-11-24,10.600000,10.620000,10.360000,10.440000,155171133
2021-11-25,10.480000,10.570000,10.340000,10.530000,147353124
2021-11-26,10.440000,10.460000,10.330000,10.360000,136933219
2021-11-29,10.200000,10.440000,10.080000,10.250000,196592099
2021-11-30,10.270000,10.320000,10.130000,10.150000,164771599
2021-12-01,10.090000,10.170000,10.000000,10.140000,173396555
2021-12-02,10.090000,10.140000,10.010000,10.040000,171598087
2021-12-03,10.050000,10.120000,9.970000,10.120000,180795611
2021-12-06,10.120000,10.260000,10.060000,10.170000,165710038
2021-12-07,10.260000,10.280000,10.160000,10.250000,154853258
2021-12-08,10.340000,10.340000,10.250000,10.300000,149696872
2021-12-09,10.340000,10.390000,10.280000,10.360000,179496338
2021-12-10,10.310000,10.320000,10.160000,10.260000,152268622
2021-12-13,10.280000,10.490000,10.250000,10.380000,225459238
2021-12-14,10.300000,10.320000,10.100000,10.140000,201746051
2021-12-15,10.110000,10.120000,10.030000,10.050000,153263643
2021-12-16,10.050000,10.140000,10.000000,10.110000,154927165
2021-12-17,10.180000,10.330000,10.160000,10.170000,184007620
2021-12-20,10.020000,10.120000,9.920000,9.960000,234661098
2021-12-21,9.940000,10.010000,9.920000,9.990000,81491132
2021-12-22,9.990000,10.040000,9.940000,9.970000,100050658
2021-12-23,10.000000,10.080000,9.960000,10.030000,108666698
2021-12-24,10.030000,10.030000,9.630000,9.690000,229753578
2021-12-27,9.760000,9.760000,9.540000,9.580000,130990345
2021-12-28,9.620000,9.740000,9.560000,9.710000,127947316
2021-12-29,9.700000,9.720000,9.580000,9.620000,105092586
2021-12-30,9.650000,9.740000,9.590000,9.640000,90555018
2021-12-31,9.670000,9.730000,9.620000,9.700000,80544673
2022-01-04,9.700000,9.860000,9.620000,9.820000,151937844
2022-01-05,9.800000,9.860000,9.720000,9.770000,117856607
2022-01-06,9.710000,9.810000,9.650000,9.670000,112224349
2022-01-07,9.650000,9.660000,9.300000,9.370000,288598400
2022-01-10,9.370000,9.430000,9.310000,9.400000,130256364
2022-01-11,9.420000,9.490000,9.380000,9.430000,107029977
2022-01-12,9.490000,10.090000,9.490000,10.010000,438182880
2022-01-13,10.230000,10.460000,10.050000,10.060000,389068320
2022-01-14,10.000000,10.010000,9.780000,9.820000,195308862
2022-01-17,9.850000,9.860000,9.580000,9.680000,197777488
2022-01-18,9.750000,10.090000,9.670000,9.940000,247705199
2022-01-19,9.950000,10.010000,9.830000,9.890000,159293183
2022-01-20,10.080000,10.210000,10.050000,10.120000,278928960
2022-01-21,10.130000,10.350000,9.970000,10.270000,293429744
2022-01-24,10.130000,10.300000,10.110000,10.290000,179100403
2022-01-25,10.190000,10.450000,10.100000,10.110000,228660124
2022-01-26,10.200000,10.270000,9.980000,10.180000,140693969
2022-01-27,10.200000,10.200000,9.900000,9.910000,177745272
2022-01-28,9.880000,9.990000,9.610000,9.760000,148019030
2022-02-07,10.030000,10.280000,10.020000,10.250000,242635817
2022-02-08,10.280000,10.350000,10.130000,10.350000,190474875
2022-02-09,10.410000,10.890000,10.370000,10.780000,393840768
2022-02-10,11.020000,11.410000,11.020000,11.210000,526339376
2022-02-11,11.270000,11.620000,11.050000,11.060000,353530336
2022-02-14,11.060000,11.240000,10.970000,11.060000,236092175
2022-02-15,11.130000,11.150000,10.760000,10.900000,214786908
2022-02-16,10.830000,11.030000,10.770000,10.930000,162692641
2022-02-17,10.940000,11.320000,10.920000,11.270000,277804592
2022-02-18,11.340000,11.340000,11.080000,11.230000,183977329
2022-02-21,11.140000,11.380000,11.040000,11.120000,154311223
2022-02-22,11.170000,11.260000,10.960000,11.200000,191084683
2022-02-23,11.110000,11.140000,10.830000,10.920000,260732359
2022-02-24,10.880000,11.290000,10.840000,11.000000,437359792
2022-02-25,10.890000,11.170000,10.650000,10.950000,284296432
2022-02-28,11.000000,11.280000,10.850000,11.220000,305738560
2022-03-01,11.230000,11.260000,10.970000,11.150000,202566146
2022-03-02,11.360000,11.520000,11.310000,11.400000,320060320
2022-03-03,11.520000,12.090000,11.520000,11.870000,455231456
2022-03-04,11.810000,11.970000,11.520000,11.580000,295238176
2022-03-07,12.010000,12.170000,11.730000,11.830000,417808496
2022-03-08,11.440000,11.790000,11.100000,11.410000,411158640
2022-03-09,11.480000,11.600000,10.820000,11.270000,307834288
2022-03-10,11.010000,11.140000,10.770000,10.980000,289722720
2022-03-11,10.890000,10.980000,10.650000,10.980000,198185486
2022-03-14,10.750000,10.850000,10.440000,10.450000,216690517
2022-03-15,10.070000,10.140000,9.520000,9.550000,378224160
2022-03-16,9.700000,10.150000,9.320000,10.120000,293755904
2022-03-17,10.300000,10.490000,10.150000,10.300000,213102023
2022-03-18,10.360000,10.690000,10.240000,10.630000,196944613
2022-03-21,10.820000,11.060000,10.550000,11.000000,235034214
2022-03-22,10.940000,11.390000,10.900000,11.300000,254417629
2022-03-23,11.400000,11.400000,11.180000,11.340000,170924368
2022-03-24,11.430000,11.830000,11.420000,11.710000,267406595
2022-03-25,11.650000,11.810000,11.480000,11.520000,201675870
2022-03-28,11.440000,11.690000,11.250000,11.560000,192200509
2022-03-29,11.500000,11.730000,11.470000,11.590000,139373074
2022-03-30,11.580000,11.580000,11.350000,11.460000,179686151
2022-03-31,11.530000,11.690000,11.250000,11.340000,148366567
2022-04-01,11.370000,11.590000,11.200000,11.450000,131866667
2022-04-06,11.520000,11.780000,11.400000,11.600000,137554740
2022-04-07,11.450000,11.680000,11.380000,11.530000,123728339
2022-04-08,11.600000,12.050000,11.590000,11.950000,323989792
2022-04-11,12.000000,12.020000,11.480000,11.680000,245756229
2022-04-12,11.700000,11.790000,11.430000,11.680000,170559305
2022-04-13,11.780000,12.740000,11.730000,12.530000,415821440
2022-04-14,12.610000,12.910000,12.420000,12.740000,258289403
2022-04-15,12.430000,12.860000,12.080000,12.130000,351868144
2022-04-18,12.100000,12.200000,11.880000,12.020000,167335376
2022-04-19,12.200000,12.360000,11.910000,12.000000,225673388
2022-04-20,11.820000,12.000000,11.400000,11.440000,232400706
2022-04-21,11.360000,11.480000,10.910000,11.010000,188969162
2022-04-22,10.900000,11.450000,10.710000,11.330000,193633012
2022-04-25,10.880000,11.100000,10.530000,10.620000,249779205
2022-04-26,10.620000,10.660000,10.090000,10.240000,234308568
2022-04-27,10.180000,11.000000,10.160000,10.890000,292473024
2022-04-28,10.900000,10.910000,10.580000,10.800000,158313438
2022-04-29,10.830000,11.080000,10.680000,11.070000,229876483
2022-05-05,10.920000,10.940000,10.590000,10.840000,247028234
2022-05-06,10.390000,10.420000,10.000000,10.070000,338454096
2022-05-09,9.970000,9.990000,9.660000,9.800000,297419568
2022-05-10,9.500000,9.650000,9.260000,9.630000,462887328
2022-05-11,9.510000,9.960000,9.360000,9.800000,410262352
2022-05-12,9.600000,9.740000,9.400000,9.530000,325554048
2022-05-13,9.490000,9.570000,9.330000,9.530000,254805221
2022-05-16,9.580000,9.700000,9.500000,9.700000,236498868
2022-05-17,9.780000,9.980000,9.700000,9.970000,309536272
2022-05-18,10.000000,10.020000,9.720000,9.790000,234661822
2022-05-19,9.540000,9.760000,9.490000,9.720000,170773758
2022-05-20,9.840000,10.070000,9.790000,10.020000,303767616
2022-05-23,10.100000,10.100000,9.900000,10.010000,208817422
2022-05-24,10.010000,10.150000,9.700000,9.710000,249769582
2022-05-25,9.790000,9.930000,9.710000,9.900000,187539449
2022-05-26,9.950000,9.950000,9.670000,9.860000,191665641
2022-05-27,9.960000,10.050000,9.840000,9.930000,201010876
2022-05-30,9.990000,10.250000,9.960000,10.110000,265527615
2022-05-31,10.080000,10.090000,9.950000,10.060000,176527091
2022-06-01,10.050000,10.050000,9.750000,9.860000,249920959
2022-06-02,9.800000,9.870000,9.730000,9.870000,144421219
2022-06-06,9.960000,10.420000,9.960000,10.400000,433529408
2022-06-07,10.430000,10.470000,10.240000,10.300000,219949651
2022-06-08,10.360000,10.400000,10.130000,10.340000,236458960
2022-06-09,10.290000,10.390000,10.160000,10.280000,179958773
2022-06-10,9.970000,10.190000,9.810000,10.190000,229679022
2022-06-13,10.010000,10.180000,10.000000,10.120000,215313176
2022-06-14,9.900000,10.010000,9.660000,10.010000,317968368
2022-06-15,9.960000,10.140000,9.880000,9.980000,315337360
2022-06-16,10.060000,10.080000,9.870000,9.900000,229291736
2022-06-17,9.800000,9.920000,9.750000,9.880000,258604068
2022-06-20,9.800000,9.800000,9.500000,9.590000,479455216
2022-06-21,9.580000,9.580000,9.350000,9.430000,317665168
2022-06-22,9.450000,9.490000,9.210000,9.250000,343157280
2022-06-23,9.200000,9.300000,9.160000,9.300000,260965342
2022-06-24,9.150000,9.250000,9.110000,9.200000,353997888
2022-06-27,9.200000,9.450000,9.140000,9.290000,451805744
2022-06-28,9.290000,9.370000,9.190000,9.360000,323094000
2022-06-29,9.290000,9.330000,9.160000,9.200000,292823408
2022-06-30,9.300000,9.380000,9.260000,9.330000,272617200
2022-07-01,9.330000,9.540000,9.230000,9.470000,320559520
2022-07-04,9.400000,9.410000,9.290000,9.360000,261484338
2022-07-05,9.360000,9.430000,9.300000,9.350000,257958904
2022-07-06,9.170000,9.180000,8.970000,9.040000,508560160
2022-07-07,8.990000,9.150000,8.890000,9.040000,235114955
2022-07-08,9.170000,9.170000,9.050000,9.070000,179642361
2022-07-11,9.150000,9.150000,9.000000,9.050000,199478383
2022-07-12,9.000000,9.040000,8.920000,8.920000,185281318
2022-07-13,8.850000,8.850000,8.700000,8.750000,267767224
2022-07-14,8.710000,8.760000,8.580000,8.620000,315775490
2022-07-15,8.520000,8.620000,8.360000,8.370000,323754101
2022-07-18,8.440000,8.870000,8.400000,8.870000,428426581
2022-07-19,8.870000,8.870000,8.680000,8.740000,220073438
2022-07-20,8.780000,8.840000,8.730000,8.790000,163351405
2022-07-21,8.710000,8.780000,8.650000,8.670000,155175807
2022-07-22,8.720000,8.790000,8.580000,8.670000,153563469
2022-07-25,8.670000,8.780000,8.670000,8.710000,129878162
2022-07-26,8.740000,8.920000,8.710000,8.910000,221952273
2022-07-27,8.880000,8.890000,8.760000,8.810000,127274986
2022-07-28,8.940000,9.150000,8.920000,8.970000,254046326
2022-07-29,9.060000,9.070000,8.900000,8.930000,178230301
2022-08-01,8.940000,8.950000,8.780000,8.840000,149292011
2022-08-02,8.730000,8.730000,8.510000,8.600000,201534963
2022-08-03,8.560000,8.700000,8.470000,8.490000,157131379
2022-08-04,8.540000,8.620000,8.470000,8.550000,133839573
2022-08-05,8.640000,8.850000,8.620000,8.820000,252322205
2022-08-08,8.800000,8.810000,8.690000,8.720000,189877419
2022-08-09,8.730000,8.830000,8.680000,8.790000,175622493
2022-08-10,8.800000,8.980000,8.800000,8.840000,222811135
2022-08-11,8.880000,9.030000,8.860000,9.030000,278114790
2022-08-12,9.060000,9.200000,8.960000,9.190000,309872781
2022-08-15,9.200000,9.320000,9.010000,9.040000,301855501
2022-08-16,9.000000,9.050000,8.900000,9.030000,181031289
2022-08-17,9.040000,9.050000,8.900000,9.020000,148829974
2022-08-18,8.950000,8.960000,8.870000,8.890000,146135336
2022-08-19,8.900000,8.940000,8.840000,8.840000,130913731
2022-08-22,8.890000,9.120000,8.810000,9.050000,221648699
2022-08-23,9.000000,9.050000,8.930000,9.000000,134652997
2022-08-24,9.040000,9.150000,8.860000,8.880000,187531129
2022-08-25,8.900000,9.150000,8.870000,9.130000,313089212
2022-08-26,9.180000,9.250000,9.120000,9.150000,249539410
2022-08-29,9.000000,9.040000,8.910000,9.020000,146273141
2022-08-30,8.990000,9.020000,8.860000,8.900000,140910396
2022-08-31,8.820000,8.910000,8.760000,8.800000,185611990
2022-09-01,8.750000,8.750000,8.650000,8.650000,155301212
2022-09-02,8.620000,8.650000,8.500000,8.520000,156636962
2022-09-05,8.520000,8.600000,8.460000,8.590000,122101200
2022-09-06,8.620000,8.850000,8.610000,8.840000,184190365
2022-09-07,8.800000,9.010000,8.760000,8.940000,192296930
2022-09-08,9.000000,9.110000,8.900000,9.060000,299728212
2022-09-09,9.150000,9.280000,9.130000,9.190000,314943845
2022-09-13,9.220000,9.380000,9.210000,9.290000,296454908
2022-09-14,9.040000,9.140000,9.000000,9.000000,228910343
2022-09-15,9.050000,9.080000,8.900000,8.950000,167790849
2022-09-16,8.900000,8.920000,8.600000,8.680000,263963327
2022-09-19,8.720000,8.750000,8.570000,8.620000,128844015
2022-09-20,8.690000,8.780000,8.640000,8.700000,109319140
2022-09-21,8.650000,8.740000,8.570000,8.710000,102311798
2022-09-22,8.610000,8.750000,8.590000,8.650000,98676666
2022-09-23,8.650000,8.690000,8.500000,8.530000,139700434
2022-09-26,8.370000,8.370000,7.680000,7.820000,524156843
2022-09-27,7.710000,7.880000,7.610000,7.850000,248076288
2022-09-28,7.780000,7.780000,7.460000,7.480000,234017150
2022-09-29,7.650000,7.820000,7.650000,7.700000,234463111
2022-09-30,7.780000,7.920000,7.730000,7.840000,198857512
2022-10-10,7.900000,7.920000,7.760000,7.770000,162469224
2022-10-11,7.810000,7.890000,7.690000,7.880000,139793507
2022-10-12,7.850000,8.000000,7.730000,7.990000,175211317
2022-10-13,8.000000,8.000000,7.810000,7.840000,141275714
2022-10-14,7.890000,8.010000,7.830000,7.960000,172754824
2022-10-17,7.880000,8.060000,7.830000,8.050000,146074707
2022-10-18,8.060000,8.130000,7.980000,8.000000,101832305
2022-10-19,8.000000,8.070000,7.910000,7.920000,106845757
2022-10-20,7.850000,7.920000,7.760000,7.850000,107125151
2022-10-21,7.930000,8.020000,7.880000,7.930000,136386500
2022-10-24,8.020000,8.180000,7.930000,7.940000,265077369
2022-10-25,7.910000,8.000000,7.740000,7.900000,168484044
2022-10-26,7.900000,7.990000,7.860000,7.940000,146393708
2022-10-27,8.100000,8.370000,8.070000,8.230000,342977068
2022-10-28,8.160000,8.290000,8.070000,8.100000,173211806
2022-10-31,7.990000,8.030000,7.800000,7.920000,171305082
2022-11-01,7.950000,8.200000,7.880000,8.200000,218922797
2022-11-02,8.220000,8.330000,8.130000,8.260000,173509392
2022-11-03,8.120000,8.200000,8.060000,8.140000,142263556
2022-11-04,8.140000,8.440000,8.110000,8.360000,293136408
2022-11-07,8.770000,9.200000,8.770000,9.090000,742699594
2022-11-08,8.920000,9.190000,8.860000,9.060000,363657732
2022-11-09,9.350000,9.530000,9.280000,9.290000,536101697
2022-11-10,9.180000,9.270000,9.030000,9.150000,213962717
2022-11-11,9.900000,10.050000,9.750000,9.920000,820813076
2022-11-14,10.040000,10.070000,9.760000,9.970000,459254363
2022-11-15,9.850000,10.020000,9.720000,9.920000,296318868
2022-11-16,9.930000,10.030000,9.830000,9.990000,249677241
2022-11-17,9.890000,10.010000,9.620000,9.770000,347511455
2022-11-18,9.720000,9.780000,9.600000,9.640000,222152882
2022-11-21,9.450000,9.450000,9.190000,9.420000,275648574
2022-11-22,9.400000,9.690000,9.400000,9.530000,179331303
2022-11-23,9.590000,9.750000,9.530000,9.550000,155610090
2022-11-24,9.700000,9.800000,9.650000,9.740000,171961026
2022-11-25,9.660000,9.900000,9.650000,9.790000,173300051
2022-11-28,9.600000,9.620000,9.410000,9.580000,163193830
2022-11-29,9.600000,9.910000,9.560000,9.870000,208150733
2022-11-30,9.830000,9.890000,9.740000,9.830000,147098132
2022-12-01,10.200000,10.400000,10.140000,10.300000,432823798
2022-12-02,10.320000,10.390000,10.070000,10.110000,227035825
2022-12-05,10.230000,10.560000,10.140000,10.450000,288048196
2022-12-06,10.280000,10.490000,10.260000,10.410000,172410459
2022-12-07,10.350000,10.400000,10.180000,10.270000,163043069
2022-12-08,10.270000,10.430000,10.230000,10.320000,94830304
2022-12-09,10.360000,10.650000,10.340000,10.610000,234509493
2022-12-12,10.460000,10.550000,10.300000,10.330000,166552027
2022-12-13,10.250000,10.430000,10.230000,10.340000,106640564
2022-12-14,10.510000,10.610000,10.420000,10.470000,130256410
2022-12-15,10.400000,10.550000,10.180000,10.260000,145297324
2022-12-16,10.120000,10.370000,10.100000,10.300000,118304167
2022-12-19,10.380000,10.440000,9.970000,10.060000,139321031
2022-12-20,10.000000,10.080000,9.790000,9.900000,133898026
2022-12-21,10.050000,10.150000,9.940000,9.970000,79063000
2022-12-22,10.150000,10.170000,9.980000,10.010000,88120531
2022-12-23,9.860000,9.980000,9.770000,9.900000,90110430
2022-12-26,9.950000,9.960000,9.740000,9.780000,112772086
2022-12-27,9.880000,10.070000,9.850000,10.050000,115147751
2022-12-28,10.000000,10.010000,9.880000,10.000000,82167768
2022-12-29,9.880000,9.940000,9.770000,9.840000,133667018
2022-12-30,9.880000,10.090000,9.850000,10.000000,132916479
2023-01-03,9.960000,10.590000,9.880000,10.530000,237742369
2023-01-04,10.430000,10.510000,10.250000,10.300000,135956369
2023-01-05,10.430000,10.500000,10.330000,10.390000,162355070
2023-01-06,10.440000,10.500000,10.390000,10.430000,105452849
2023-01-09,10.690000,11.460000,10.670000,11.440000,389677661
2023-01-10,11.440000,11.520000,11.280000,11.410000,187217759
2023-01-11,11.560000,11.690000,11.440000,11.490000,151648273
2023-01-12,11.700000,11.850000,11.380000,11.420000,152678023
2023-01-13,11.590000,11.770000,11.450000,11.550000,141332948
2023-01-16,11.650000,11.770000,11.400000,11.510000,192191522
2023-01-17,11.450000,11.450000,11.110000,11.290000,187682889
2023-01-18,11.390000,11.520000,11.330000,11.390000,131328387
2023-01-19,11.400000,11.640000,11.330000,11.580000,122601126
2023-01-20,11.680000,12.110000,11.670000,11.910000,215167523
2023-01-30,12.000000,12.000000,11.480000,11.530000,308807306
2023-01-31,11.530000,11.930000,11.450000,11.790000,216048832
2023-02-01,11.870000,12.320000,11.850000,12.270000,258835312
2023-02-02,12.260000,12.270000,11.990000,12.070000,156991318
2023-02-03,11.880000,11.890000,11.700000,11.850000,171095072
2023-02-06,11.500000,11.510000,11.210000,11.390000,257288012
2023-02-07,11.450000,11.690000,11.390000,11.560000,148197686
2023-02-08,11.590000,11.620000,11.360000,11.370000,120970851
2023-02-09,11.300000,11.420000,11.240000,11.400000,113320039
2023-02-10,11.300000,11.340000,11.130000,11.190000,131292710
2023-02-13,11.020000,11.360000,11.020000,11.300000,136635604
2023-02-14,11.320000,11.680000,11.280000,11.570000,183553830
2023-02-15,11.580000,11.910000,11.460000,11.570000,168857877
2023-02-16,11.550000,11.570000,11.180000,11.270000,133298984
2023-02-17,11.350000,11.690000,11.320000,11.360000,156839795
2023-02-20,11.410000,11.700000,11.380000,11.690000,168910196
2023-02-21,11.750000,12.240000,11.720000,12.130000,263388056
2023-02-22,12.030000,12.180000,11.900000,11.950000,144342540
2023-02-23,11.950000,12.050000,11.830000,11.950000,83065313
2023-02-24,11.790000,11.810000,11.560000,11.630000,162573387
2023-02-27,11.400000,11.550000,11.260000,11.410000,135699473
2023-02-28,11.490000,11.580000,11.300000,11.410000,106019006
2023-03-01,11.550000,12.050000,11.520000,11.980000,192370983
2023-03-02,12.060000,12.250000,11.930000,12.100000,162166552
2023-03-03,12.100000,12.140000,11.900000,11.980000,99356063
2023-03-06,12.040000,12.090000,11.660000,11.930000,128029028
2023-03-07,11.950000,12.190000,11.810000,11.980000,196536373
2023-03-08,11.700000,11.750000,11.420000,11.660000,157851419
2023-03-09,11.700000,11.750000,11.510000,11.560000,96441797
2023-03-10,11.460000,11.590000,11.410000,11.440000,93161452
2023-03-13,11.680000,12.200000,11.670000,12.160000,250055940
2023-03-14,12.340000,12.590000,12.000000,12.030000,215749155
2023-03-15,12.020000,12.030000,11.810000,11.820000,136479127
2023-03-16,11.600000,11.710000,11.360000,11.390000,231926620
2023-03-17,11.490000,11.690000,11.320000,11.460000,171872537
2023-03-20,11.730000,11.900000,11.670000,11.800000,165806656
2023-03-21,11.800000,11.890000,11.620000,11.820000,111609459
2023-03-22,11.710000,11.900000,11.650000,11.740000,119278038
2023-03-23,11.820000,12.180000,11.740000,12.140000,201091345
2023-03-24,12.200000,12.200000,11.970000,12.010000,117251488
2023-03-27,12.000000,12.070000,11.730000,11.990000,123953844
2023-03-28,11.990000,12.140000,11.880000,12.010000,107876553
2023-03-29,12.120000,12.340000,11.990000,12.010000,109723903
2023-03-30,12.040000,12.250000,11.930000,12.250000,150717840
2023-03-31,12.290000,12.450000,12.250000,12.390000,158691034
2023-04-03,12.390000,12.450000,12.070000,12.120000,168677506
2023-04-04,12.200000,12.430000,12.090000,12.350000,155954633
2023-04-06,12.430000,13.140000,12.410000,13.130000,294272220
2023-04-07,12.960000,13.070000,12.790000,12.890000,138168235
2023-04-10,12.790000,13.120000,12.660000,12.980000,116873407
2023-04-11,12.980000,13.440000,12.840000,13.430000,225374558
2023-04-12,13.380000,13.750000,13.320000,13.550000,185436762
2023-04-13,13.500000,13.780000,13.240000,13.400000,158387217
2023-04-14,13.740000,13.990000,13.690000,13.940000,210578014
2023-04-17,13.580000,14.020000,13.480000,13.910000,163355709
2023-04-18,13.870000,14.050000,13.750000,13.860000,123473848
2023-04-19,13.900000,14.100000,13.830000,13.900000,115489075
2023-04-20,13.800000,13.820000,13.320000,13.590000,205681007
2023-04-21,13.620000,13.660000,13.290000,13.290000,129483400
2023-04-24,13.250000,13.430000,12.580000,12.690000,244729896
2023-04-25,12.830000,13.080000,12.670000,12.880000,181595737
2023-04-26,12.660000,12.810000,12.470000,12.570000,169260872
2023-04-27,12.490000,13.030000,12.420000,12.820000,177955680
2023-04-28,12.550000,12.980000,12.550000,12.830000,145362116
2023-05-04,13.250000,13.380000,12.840000,12.930000,211489221
2023-05-05,13.030000,13.140000,12.450000,12.580000,187067529
2023-05-08,12.490000,12.740000,12.310000,12.660000,147503510
2023-05-09,12.670000,12.670000,12.190000,12.250000,171466059
2023-05-10,12.320000,12.420000,12.040000,12.080000,124335355
2023-05-11,12.040000,12.090000,11.600000,11.680000,186931676
2023-05-12,11.400000,11.410000,10.910000,10.980000,338569980
2023-05-15,10.980000,11.200000,10.660000,11.110000,235775700
2023-05-16,11.050000,11.420000,11.000000,11.250000,206495633
2023-05-17,11.040000,11.200000,10.930000,11.000000,130722931
2023-05-18,11.170000,11.270000,11.010000,11.100000,138468681
2023-05-19,10.860000,11.030000,10.700000,10.890000,205289952
2023-05-22,10.900000,11.000000,10.810000,10.900000,99725436
2023-05-23,10.880000,10.940000,10.670000,10.670000,126921865
2023-05-24,10.620000,10.830000,10.510000,10.690000,128497770
2023-05-25,10.620000,10.620000,10.380000,10.520000,148254167
2023-05-26,10.450000,10.870000,10.390000,10.800000,128083399
2023-05-29,10.820000,10.880000,10.710000,10.800000,115787493
2023-05-30,10.790000,10.870000,10.610000,10.710000,118788486
2023-05-31,10.750000,10.870000,10.610000,10.690000,124179454
2023-06-01,10.730000,11.230000,10.680000,11.050000,220497810
2023-06-02,11.170000,11.620000,11.170000,11.590000,267583940
2023-06-05,11.410000,11.410000,11.140000,11.280000,167579066
2023-06-06,11.380000,11.650000,11.340000,11.390000,168797874
2023-06-07,11.460000,11.600000,11.360000,11.400000,110395819
2023-06-08,11.280000,11.570000,11.160000,11.520000,117954964
2023-06-09,11.690000,11.880000,11.520000,11.710000,150815129
2023-06-12,11.590000,11.620000,11.380000,11.550000,136545790
2023-06-13,11.490000,11.620000,11.420000,11.600000,88581336
2023-06-14,11.700000,12.000000,11.700000,11.880000,196690302
2023-06-15,11.680000,11.840000,11.420000,11.800000,145484376
2023-06-16,11.850000,12.280000,11.840000,12.030000,180454160
2023-06-19,12.030000,12.080000,11.710000,11.810000,148234676
2023-06-20,11.790000,11.860000,11.590000,11.760000,92657207
2023-06-21,11.600000,11.850000,11.540000,11.570000,84114400
2023-06-26,11.520000,11.650000,11.430000,11.490000,79180144
2023-06-27,11.450000,11.730000,11.280000,11.690000,102267126
2023-06-28,11.590000,11.730000,11.520000,11.660000,73042283
2023-06-29,11.610000,11.660000,11.330000,11.350000,94829276
2023-06-30,11.390000,11.520000,11.250000,11.370000,66313367
2023-07-03,11.500000,12.030000,11.490000,11.930000,171518591
2023-07-04,11.970000,12.000000,11.740000,11.800000,107427130
2023-07-05,11.780000,11.900000,11.730000,11.800000,71207528
2023-07-06,11.710000,11.750000,11.520000,11.610000,76833555
2023-07-07,11.510000,11.720000,11.280000,11.550000,125582984
2023-07-10,11.580000,11.760000,11.480000,11.540000,80589768
2023-07-11,11.710000,11.950000,11.680000,11.840000,121686578
2023-07-12,11.830000,12.050000,11.770000,11.950000,187653141
2023-07-13,12.380000,12.760000,12.380000,12.520000,289777576
2023-07-14,12.750000,12.800000,12.560000,12.580000,127187184
2023-07-17,12.480000,12.500000,12.300000,12.340000,86362787
2023-07-18,12.340000,12.530000,12.260000,12.400000,68098977
2023-07-19,12.560000,12.660000,12.450000,12.590000,103886841
2023-07-20,12.540000,12.800000,12.520000,12.610000,98663315
2023-07-21,12.550000,12.680000,12.490000,12.530000,70515847
2023-07-24,12.410000,12.620000,12.380000,12.430000,57319982
2023-07-25,12.640000,13.100000,12.640000,12.940000,175567357
2023-07-26,12.960000,13.080000,12.880000,13.070000,89449527
2023-07-27,13.070000,13.100000,12.830000,12.880000,76066981
2023-07-28,12.660000,12.840000,12.550000,12.790000,145064577
2023-07-31,12.990000,13.180000,12.950000,13.010000,116713079
2023-08-01,13.270000,13.440000,13.000000,13.050000,120142346
2023-08-02,12.820000,12.960000,12.770000,12.860000,83936798
2023-08-03,12.750000,12.800000,12.600000,12.740000,109846621
2023-08-04,12.860000,12.990000,12.780000,12.850000,78105281
2023-08-07,12.780000,12.880000,12.730000,12.850000,44623088
2023-08-08,12.850000,13.130000,12.740000,13.030000,111902027
2023-08-09,12.900000,12.980000,12.740000,12.870000,84007485
2023-08-10,12.800000,12.880000,12.690000,12.730000,70330322
2023-08-11,12.750000,12.830000,12.440000,12.500000,93182422
2023-08-14,12.390000,12.420000,12.150000,12.320000,131024479
2023-08-15,12.340000,12.430000,12.160000,12.320000,68007984
2023-08-16,12.180000,12.250000,12.080000,12.190000,74573738
2023-08-17,12.060000,12.340000,11.840000,12.290000,101796875
2023-08-18,12.290000,12.430000,12.050000,12.080000,76821225
2023-08-21,12.080000,12.180000,11.980000,11.980000,75479962
2023-08-22,12.080000,12.480000,12.080000,12.410000,165777633
2023-08-23,12.450000,12.490000,12.120000,12.170000,126975644
2023-08-24,12.450000,12.650000,12.350000,12.490000,138872628
2023-08-25,12.400000,12.450000,12.150000,12.300000,127145799
2023-08-28,12.920000,12.970000,12.060000,12.140000,203852109
2023-08-29,12.110000,12.370000,12.040000,12.080000,140982272
2023-08-30,12.250000,12.540000,12.220000,12.450000,159470560
2023-08-31,12.490000,12.600000,12.340000,12.360000,82969987
2023-09-01,12.390000,12.900000,12.370000,12.800000,143485185
2023-09-04,12.950000,13.500000,12.950000,13.200000,188698652
2023-09-05,13.100000,13.210000,12.970000,13.150000,80427855
2023-09-06,13.020000,13.180000,12.930000,13.060000,72466469
2023-09-07,12.940000,13.110000,12.900000,13.010000,72247716
2023-09-08,13.010000,13.100000,12.810000,12.880000,55492369
2023-09-11,12.880000,13.150000,12.820000,13.000000,87787035
2023-09-12,13.010000,13.090000,12.800000,12.840000,84410056
2023-09-13,12.780000,12.980000,12.760000,12.840000,87054305
2023-09-14,12.900000,13.100000,12.840000,12.980000,152218542
2023-09-15,13.190000,13.420000,13.060000,13.150000,173231399
2023-09-18,13.080000,13.080000,12.890000,13.070000,105742734
2023-09-19,13.000000,13.250000,12.980000,13.170000,108154112
2023-09-20,13.100000,13.280000,13.040000,13.250000,90314021
2023-09-21,13.100000,13.200000,12.980000,13.090000,96166185
2023-09-22,12.950000,12.980000,12.680000,12.930000,186231640
2023-09-25,12.880000,12.990000,12.740000,12.760000,115655415
2023-09-26,12.690000,12.750000,12.490000,12.650000,128915086
2023-09-27,12.650000,12.680000,12.380000,12.410000,133613484
2023-09-28,12.410000,12.520000,12.060000,12.130000,149985684
2023-10-09,11.910000,12.250000,11.740000,12.200000,122116683
2023-10-10,12.280000,12.420000,12.200000,12.220000,68398356
2023-10-11,12.300000,12.310000,11.990000,12.130000,85168723
2023-10-12,12.270000,12.360000,12.180000,12.290000,70314506
2023-10-13,12.130000,12.150000,12.000000,12.020000,66449566
2023-10-16,12.250000,12.280000,12.100000,12.140000,94815422
2023-10-17,12.120000,12.140000,11.980000,12.060000,80051798
2023-10-18,12.090000,12.130000,11.960000,11.980000,73584741
2023-10-19,11.950000,11.980000,11.750000,11.770000,98618747
2023-10-20,11.820000,11.930000,11.590000,11.650000,79552087
2023-10-23,11.580000,11.660000,11.330000,11.450000,85800104
2023-10-24,11.540000,11.830000,11.530000,11.750000,119694433
2023-10-25,12.040000,12.310000,12.040000,12.080000,129416820
2023-10-26,12.000000,12.110000,11.880000,12.080000,74025968
2023-10-27,11.980000,12.160000,11.950000,12.010000,92836222
2023-10-30,12.200000,12.680000,12.190000,12.420000,180159501
2023-10-31,12.400000,12.460000,12.280000,12.440000,75169604
2023-11-01,12.320000,12.350000,12.140000,12.200000,93872097
2023-11-02,12.350000,12.480000,12.200000,12.210000,91383818
2023-11-03,12.220000,12.300000,12.100000,12.170000,81585921
2023-11-06,12.180000,12.200000,11.870000,11.930000,144313303
2023-11-07,11.880000,12.030000,11.720000,12.010000,91670061
2023-11-08,11.880000,11.950000,11.720000,11.820000,113321587
2023-11-09,11.700000,11.900000,11.700000,11.880000,77642269
2023-11-10,11.830000,11.860000,11.720000,11.780000,43771753
2023-11-13,11.790000,11.930000,11.730000,11.900000,55328036
2023-11-14,11.950000,11.980000,11.810000,11.860000,49533264
2023-11-15,12.230000,12.230000,11.930000,12.000000,100819208
2023-11-16,11.970000,12.030000,11.850000,11.970000,72428050
2023-11-17,11.980000,12.020000,11.870000,11.970000,56250453
2023-11-20,11.960000,11.970000,11.770000,11.860000,67797583
2023-11-21,11.960000,12.210000,11.910000,12.140000,146698506
2023-11-22,12.140000,12.140000,11.920000,11.950000,62734020
2023-11-23,11.940000,12.000000,11.820000,11.990000,55954963
2023-11-24,11.970000,11.990000,11.840000,11.850000,51770983
2023-11-27,11.860000,12.030000,11.730000,11.870000,57775499
2023-11-28,11.860000,11.900000,11.710000,11.890000,62640831
2023-11-29,12.090000,12.200000,12.080000,12.150000,169653492
2023-11-30,12.140000,12.270000,12.070000,12.180000,116747513
2023-12-01,12.150000,12.200000,11.960000,12.040000,101753675
2023-12-04,12.450000,12.690000,12.380000,12.400000,229119485
2023-12-05,12.120000,12.160000,11.920000,11.950000,158484060
2023-12-06,11.840000,12.080000,11.750000,12.000000,110464022
2023-12-07,11.900000,11.920000,11.750000,11.800000,108883301
2023-12-08,11.810000,11.830000,11.650000,11.670000,118281121
2023-12-11,11.590000,11.730000,11.380000,11.670000,111213214
2023-12-12,11.570000,11.630000,11.460000,11.620000,89300708
2023-12-13,11.540000,11.610000,11.440000,11.440000,85644343
2023-12-14,11.800000,11.830000,11.460000,11.480000,135531561
2023-12-15,11.600000,11.970000,11.600000,11.700000,204753292
2023-12-18,11.640000,11.850000,11.580000,11.780000,73733359
2023-12-19,11.760000,11.840000,11.650000,11.800000,59946318
2023-12-20,11.920000,12.120000,11.860000,12.020000,165592823
2023-12-21,11.940000,12.090000,11.890000,12.070000,108702830
2023-12-22,12.150000,12.180000,11.990000,12.140000,127206298
2023-12-25,12.030000,12.240000,12.010000,12.220000,85968431
2023-12-26,12.200000,12.280000,12.150000,12.180000,74621667
2023-12-27,12.230000,12.420000,12.190000,12.400000,125564716
2023-12-28,12.490000,12.670000,12.310000,12.350000,185718401
2023-12-29,12.270000,12.480000,12.270000,12.460000,121461541
2024-01-02,12.410000,12.660000,12.390000,12.490000,113316938
2024-01-03,12.430000,12.590000,12.390000,12.530000,76049148
2024-01-04,12.430000,12.520000,12.390000,12.510000,99822517
2024-01-05,12.460000,12.680000,12.370000,12.470000,109752652
2024-01-08,12.460000,12.530000,12.270000,12.300000,91581562
2024-01-09,12.310000,12.450000,12.280000,12.430000,94179782
2024-01-10,12.330000,12.440000,12.280000,12.280000,63262795
2024-01-11,12.310000,12.320000,12.090000,12.140000,96780156
2024-01-12,12.070000,12.260000,12.050000,12.200000,76433877
2024-01-15,12.170000,12.260000,12.050000,12.120000,49632551
2024-01-16,12.060000,12.270000,12.060000,12.190000,80436459
2024-01-17,12.090000,12.130000,11.700000,11.700000,140735055
2024-01-18,11.660000,11.940000,11.400000,11.840000,166379121
2024-01-19,11.780000,11.970000,11.650000,11.920000,123795036
2024-01-22,11.880000,11.940000,11.550000,11.680000,145354976
2024-01-23,11.610000,11.680000,11.210000,11.540000,169491744
2024-01-24,11.620000,11.750000,11.430000,11.720000,105940754
2024-01-25,11.820000,12.050000,11.790000,12.050000,127482289
2024-01-26,12.100000,12.280000,11.980000,12.220000,124521021
2024-01-29,12.230000,12.350000,12.200000,12.240000,84753628
2024-01-30,12.180000,12.300000,12.060000,12.180000,106355676
2024-01-31,12.120000,12.230000,12.030000,12.040000,109897920
2024-02-01,12.000000,12.270000,11.900000,12.130000,108409521
2024-02-02,12.200000,12.340000,11.880000,12.030000,139010279
2024-02-05,12.070000,12.280000,11.960000,12.160000,171075963
2024-02-06,12.130000,12.380000,12.040000,12.190000,202093771
2024-02-07,12.190000,12.300000,12.040000,12.250000,215806989
2024-02-08,12.240000,12.520000,12.220000,12.500000,191109271
2024-02-19,12.510000,12.860000,12.400000,12.850000,188654642
2024-02-20,12.800000,13.180000,12.720000,13.100000,137078328
2024-02-21,13.060000,13.290000,13.010000,13.050000,153987034
2024-02-22,13.090000,13.280000,13.020000,13.260000,112739991
2024-02-23,13.250000,13.680000,13.200000,13.500000,137726096
2024-02-26,13.510000,13.610000,13.090000,13.150000,146004515
2024-02-27,13.060000,13.270000,13.000000,13.160000,136491393
2024-02-28,13.160000,13.170000,12.970000,13.010000,109335806
2024-02-29,13.020000,13.200000,12.960000,13.110000,108124101
2024-03-01,13.060000,13.360000,13.000000,13.250000,117846665
2024-03-04,13.460000,13.620000,13.360000,13.460000,131400110
2024-03-05,13.600000,13.970000,13.590000,13.850000,196087650
2024-03-06,13.850000,14.360000,13.840000,14.200000,201787689
2024-03-07,14.380000,14.960000,14.270000,14.730000,237493563
2024-03-08,14.900000,14.930000,14.530000,14.890000,169234965
2024-03-11,15.000000,15.050000,14.620000,14.860000,153666334
2024-03-12,14.750000,14.820000,14.280000,14.360000,204275442
2024-03-13,14.250000,14.760000,14.180000,14.690000,145451986
2024-03-14,15.250000,15.780000,15.250000,15.390000,271917472
2024-03-15,15.320000,16.120000,15.300000,15.960000,223316308
2024-03-18,15.970000,16.160000,15.580000,15.780000,230329695
2024-03-19,15.700000,15.930000,15.500000,15.530000,161899947
2024-03-20,15.350000,15.610000,15.200000,15.510000,177110050
2024-03-21,15.910000,16.130000,15.600000,15.620000,199623701
2024-03-22,15.390000,15.520000,15.170000,15.390000,177112121
2024-03-25,15.380000,15.860000,15.310000,15.740000,164527564
2024-03-26,15.770000,15.820000,15.330000,15.530000,132797874
2024-03-27,15.460000,15.890000,15.440000,15.720000,156142161
2024-03-28,15.650000,16.180000,15.530000,16.100000,188868882
2024-03-29,16.400000,16.870000,16.300000,16.820000,209564474
2024-04-01,17.240000,17.390000,16.690000,16.870000,207614091
2024-04-02,16.950000,17.150000,16.760000,16.950000,133763881
2024-04-03,17.190000,17.650000,16.980000,17.510000,238086948
2024-04-08,17.650000,18.170000,17.230000,17.300000,312711908
2024-04-09,17.220000,17.400000,16.930000,17.010000,201583611
2024-04-10,17.140000,18.150000,17.140000,17.990000,264269860
2024-04-11,17.520000,18.520000,17.490000,17.990000,256576582
2024-04-12,18.480000,18.580000,17.980000,18.390000,233781929
2024-04-15,17.800000,18.560000,17.780000,18.460000,238595623
2024-04-16,18.460000,18.630000,17.890000,17.940000,208220527
2024-04-17,17.910000,18.150000,17.580000,18.080000,215427958
2024-04-18,17.910000,18.540000,17.860000,18.470000,200597370
2024-04-19,18.560000,19.330000,18.400000,18.630000,265311852
2024-04-22,18.870000,19.000000,17.750000,17.800000,267730371
2024-04-23,17.410000,17.650000,17.000000,17.040000,320100041
2024-04-24,17.040000,17.590000,17.040000,17.540000,211374281
2024-04-25,17.330000,17.560000,17.090000,17.400000,142950969
2024-04-26,17.580000,18.370000,17.410000,18.270000,266128445
2024-04-29,18.130000,18.130000,17.390000,17.660000,225298735
2024-04-30,17.920000,18.060000,17.550000,17.610000,169466708
2024-05-06,17.320000,17.560000,16.820000,17.520000,260634802
2024-05-07,17.620000,17.900000,17.390000,17.450000,152394077
2024-05-08,17.300000,17.680000,17.010000,17.450000,132403984
2024-05-09,17.280000,17.910000,17.280000,17.710000,146586763
2024-05-10,18.100000,18.280000,17.780000,18.240000,206140807
2024-05-13,18.000000,18.340000,17.830000,18.180000,140858971
2024-05-14,18.350000,18.720000,18.250000,18.490000,147429801
2024-05-15,18.540000,18.850000,18.260000,18.300000,138687553
2024-05-16,18.630000,18.890000,18.210000,18.270000,193911149
2024-05-17,18.370000,18.780000,18.000000,18.780000,183095090
2024-05-20,19.430000,19.790000,19.090000,19.470000,265236190
2024-05-21,19.410000,19.580000,18.560000,18.650000,228374846
2024-05-22,18.650000,18.780000,18.330000,18.430000,142475452
2024-05-23,17.560000,18.010000,17.360000,17.840000,208253603
2024-05-24,17.600000,18.030000,17.590000,17.820000,125712778
2024-05-27,17.770000,18.360000,17.760000,18.200000,146711397
2024-05-28,18.380000,18.480000,18.010000,18.050000,132807255
2024-05-29,18.080000,18.580000,17.970000,18.450000,158414598
2024-05-30,18.300000,18.370000,17.550000,17.640000,209249886
2024-05-31,17.630000,17.720000,17.200000,17.410000,197034747
2024-06-03,17.290000,17.630000,17.170000,17.330000,134833199
2024-06-04,17.450000,17.700000,17.180000,17.420000,152060494
2024-06-05,17.000000,17.200000,16.750000,17.050000,185460719
2024-06-06,17.350000,17.790000,17.330000,17.590000,186439319
2024-06-07,17.820000,17.880000,17.310000,17.760000,173772656
2024-06-11,17.110000,17.220000,16.780000,17.000000,172739432
2024-06-12,16.890000,17.270000,16.860000,17.210000,131900625
2024-06-13,17.140000,17.220000,16.510000,16.810000,174909151
2024-06-14,16.600000,17.170000,16.550000,17.090000,163013937
2024-06-17,16.990000,17.170000,16.760000,17.040000,106381680
2024-06-18,16.610000,17.080000,16.380000,16.920000,239853361
2024-06-19,16.920000,17.500000,16.880000,17.320000,172049521
2024-06-20,17.410000,17.860000,17.370000,17.560000,128820710
2024-06-21,17.780000,17.870000,17.240000,17.320000,145232753
2024-06-24,17.000000,17.580000,16.930000,17.470000,132034135
2024-06-25,17.450000,17.520000,17.200000,17.350000,95570539
2024-06-26,17.220000,17.340000,16.970000,17.260000,107923422
2024-06-27,17.140000,17.170000,16.890000,16.900000,100714132
2024-06-28,16.980000,17.630000,16.820000,17.570000,129524371
2024-07-01,17.780000,18.100000,17.740000,18.040000,149049625
2024-07-02,18.080000,18.080000,17.640000,17.840000,95719894
2024-07-03,17.840000,18.030000,17.710000,17.890000,103934461
2024-07-04,18.230000,18.590000,18.170000,18.170000,176292083
2024-07-05,18.170000,18.660000,18.110000,18.640000,188747609
2024-07-08,18.690000,18.880000,18.440000,18.450000,149197688
2024-07-09,18.600000,18.860000,18.550000,18.820000,164930663
2024-07-10,18.730000,18.980000,18.280000,18.380000,150842964
2024-07-11,18.500000,18.960000,18.300000,18.870000,155807757
2024-07-12,18.970000,19.000000,18.360000,18.480000,139055070
2024-07-15,18.500000,18.950000,18.430000,18.820000,126988958
2024-07-16,18.780000,19.240000,18.780000,19.210000,134595480
2024-07-17,19.500000,19.540000,18.370000,18.470000,217167411
2024-07-18,18.240000,18.490000,17.970000,18.450000,149177702
2024-07-19,17.800000,18.050000,17.110000,17.940000,238617158
2024-07-22,17.750000,17.840000,17.210000,17.600000,192975122
2024-07-23,17.580000,17.720000,16.500000,16.520000,235473241
2024-07-24,16.450000,16.750000,16.400000,16.530000,136809553
2024-07-25,16.080000,16.240000,15.380000,15.430000,288215160
2024-07-26,15.550000,16.090000,15.510000,15.850000,175389610
2024-07-29,16.000000,16.280000,15.760000,16.110000,143993630
2024-07-30,15.970000,16.010000,15.730000,15.910000,125323095
2024-07-31,15.990000,16.660000,15.970000,16.580000,190163776
2024-08-01,16.880000,17.080000,16.480000,16.630000,149688988
2024-08-02,16.310000,16.310000,15.700000,15.960000,214393694
2024-08-05,15.570000,16.030000,15.460000,15.630000,179119079
2024-08-06,15.700000,15.780000,15.160000,15.350000,175303308
2024-08-07,15.250000,15.660000,15.200000,15.480000,116601847
2024-08-08,15.340000,15.350000,15.030000,15.210000,117102412
2024-08-09,15.380000,15.660000,15.310000,15.340000,140162600
2024-08-12,15.300000,15.490000,15.240000,15.360000,63635602
2024-08-13,15.660000,15.730000,15.300000,15.540000,141287859
2024-08-14,15.550000,15.620000,15.350000,15.400000,66506834
2024-08-15,15.280000,15.630000,15.210000,15.580000,91464500
2024-08-16,15.780000,16.180000,15.780000,15.870000,150829135
2024-08-19,16.060000,16.490000,16.000000,16.220000,136456088
2024-08-20,16.320000,16.320000,15.890000,16.050000,89052973
2024-08-21,16.060000,16.250000,15.930000,16.160000,82239256
2024-08-22,16.160000,16.200000,15.950000,16.170000,74620792
2024-08-23,15.970000,16.090000,15.900000,16.060000,75078634
2024-08-26,16.310000,16.380000,15.950000,16.210000,146188349
2024-08-27,16.150000,16.250000,15.850000,16.070000,89916727
2024-08-28,16.100000,16.240000,15.630000,15.820000,130275045
2024-08-29,15.750000,15.990000,15.610000,15.930000,80769901
2024-08-30,15.890000,16.170000,15.660000,16.000000,144252253
2024-09-02,15.860000,15.870000,15.310000,15.610000,129969381
2024-09-03,15.500000,15.690000,15.370000,15.490000,68786090
2024-09-04,15.050000,15.100000,14.560000,14.680000,236436306
2024-09-05,14.750000,14.970000,14.530000,14.680000,108842214
2024-09-06,14.840000,15.010000,14.700000,14.760000,98102619
2024-09-09,14.470000,14.470000,13.940000,14.150000,232868695
2024-09-10,14.270000,14.350000,14.070000,14.220000,109501502
2024-09-11,14.150000,14.250000,13.960000,14.200000,140742326
2024-09-12,14.240000,14.390000,14.070000,14.200000,127138913
2024-09-13,14.590000,14.910000,14.520000,14.680000,222888677
2024-09-18,14.980000,15.220000,14.850000,15.040000,168791702
2024-09-19,15.110000,15.460000,14.770000,15.400000,182900219
2024-09-20,15.490000,15.880000,15.310000,15.880000,192733014
2024-09-23,15.880000,16.000000,15.680000,15.820000,136737176
2024-09-24,16.100000,16.640000,16.020000,16.510000,251226583
2024-09-25,16.920000,17.320000,16.900000,16.920000,283724846
2024-09-26,17.100000,17.390000,16.700000,17.370000,224564936
2024-09-27,17.850000,18.050000,17.270000,17.510000,174092796
2024-09-30,17.880000,18.740000,17.120000,18.140000,671972617
2024-10-08,19.640000,19.870000,17.510000,17.960000,706617244
2024-10-09,17.700000,17.770000,16.900000,16.930000,395716432
2024-10-10,17.000000,17.980000,16.850000,17.350000,301784759
2024-10-11,17.600000,17.790000,17.080000,17.240000,204517323
2024-10-14,17.360000,17.770000,17.080000,17.670000,209895342
2024-10-15,17.500000,17.510000,17.130000,17.130000,167326264
2024-10-16,17.080000,17.540000,17.020000,17.450000,139067215
2024-10-17,17.480000,17.610000,17.120000,17.140000,132417366
2024-10-18,17.350000,17.880000,17.310000,17.630000,219917288
2024-10-21,18.080000,18.580000,17.900000,18.220000,271742565
2024-10-22,18.130000,18.300000,17.880000,18.050000,170124384
2024-10-23,18.100000,18.170000,17.680000,17.850000,158883827
2024-10-24,17.600000,17.600000,17.320000,17.490000,153140704
2024-10-25,17.420000,17.440000,17.140000,17.230000,151253747
2024-10-28,17.200000,17.230000,16.960000,17.200000,122817788
2024-10-29,17.270000,17.520000,17.180000,17.220000,157067199
2024-10-30,17.350000,17.550000,17.000000,17.130000,158313500
2024-10-31,17.060000,17.080000,16.660000,16.820000,183766661
2024-11-01,16.720000,17.500000,16.640000,17.250000,251428808
2024-11-04,17.360000,17.420000,16.970000,17.350000,150856016
2024-11-05,17.260000,17.720000,17.150000,17.700000,185523057
2024-11-06,17.650000,17.700000,17.160000,17.310000,193328545
2024-11-07,16.720000,17.100000,16.500000,17.090000,280875443
2024-11-08,17.350000,17.590000,17.020000,17.090000,225997770
2024-11-11,16.800000,16.810000,16.080000,16.510000,342706502
2024-11-12,16.100000,16.450000,15.800000,15.980000,285631363
2024-11-13,15.930000,16.170000,15.900000,16.000000,143993851
2024-11-14,15.900000,15.940000,15.580000,15.610000,194726921
2024-11-15,15.600000,16.100000,15.520000,15.620000,186356748
2024-11-18,15.760000,15.990000,15.590000,15.710000,176079371
2024-11-19,16.000000,16.430000,16.000000,16.210000,260099889
2024-11-20,16.290000,16.300000,15.940000,16.030000,146052592
2024-11-21,16.040000,16.230000,15.970000,16.160000,135377378
2024-11-22,16.180000,16.200000,15.760000,15.760000,125243144
2024-11-25,15.880000,16.040000,15.470000,15.550000,119793219
2024-11-26,15.400000,15.680000,15.370000,15.540000,91452206
2024-11-27,15.550000,15.680000,15.330000,15.680000,110182933
2024-11-28,15.650000,15.720000,15.460000,15.530000,87158737
2024-11-29,15.600000,15.940000,15.430000,15.700000,141260443
2024-12-02,15.720000,15.770000,15.500000,15.560000,168359703
2024-12-03,15.590000,15.630000,15.280000,15.610000,149572070
2024-12-04,15.680000,15.940000,15.640000,15.800000,180836598
2024-12-05,15.730000,15.750000,15.420000,15.480000,141237064
2024-12-06,15.420000,15.740000,15.410000,15.690000,137873276
2024-12-09,15.740000,16.050000,15.670000,15.880000,138620472
2024-12-10,16.380000,16.550000,16.000000,16.060000,191717269
2024-12-11,16.160000,16.380000,16.060000,16.120000,146859489
2024-12-12,16.120000,16.280000,16.090000,16.240000,100504477
2024-12-13,16.000000,16.000000,15.570000,15.570000,199811168
2024-12-16,15.570000,15.640000,15.310000,15.350000,128353468
2024-12-17,15.350000,15.590000,15.270000,15.450000,119682220
2024-12-18,15.400000,15.630000,15.400000,15.490000,75347659
2024-12-19,15.210000,15.410000,15.050000,15.320000,92554681
2024-12-20,15.280000,15.330000,15.020000,15.020000,140062667
2024-12-23,15.160000,15.590000,15.090000,15.510000,188440900
2024-12-24,15.490000,15.660000,15.290000,15.630000,116741937
2024-12-25,15.630000,15.670000,15.340000,15.520000,87854107
2024-12-26,15.530000,15.730000,15.460000,15.620000,87509255
2024-12-27,15.640000,15.690000,15.270000,15.300000,123641600
2024-12-30,15.260000,15.720000,15.230000,15.540000,152484072
2024-12-31,15.430000,15.460000,15.120000,15.120000,142236489
2025-01-02,15.200000,15.480000,15.000000,15.180000,199053077
2025-01-03,15.300000,15.920000,15.270000,15.570000,312488466
2025-01-06,15.680000,15.860000,15.330000,15.490000,225283187
2025-01-07,15.550000,16.050000,15.400000,16.020000,229893314
2025-01-08,16.020000,16.170000,15.740000,15.850000,176843669
2025-01-09,15.910000,16.030000,15.720000,15.920000,134299826
2025-01-10,16.090000,16.340000,15.870000,16.150000,195551711
2025-01-13,16.140000,16.660000,16.030000,16.400000,237723203
2025-01-14,16.290000,16.480000,16.050000,16.410000,180089819
2025-01-15,16.350000,16.400000,15.530000,15.780000,327946407
2025-01-16,16.030000,16.300000,16.030000,16.170000,220764301
2025-01-17,16.310000,16.410000,16.120000,16.270000,168269157
2025-01-20,16.250000,16.390000,16.070000,16.290000,144611527
2025-01-21,16.300000,16.390000,16.140000,16.250000,109108876
2025-01-22,16.360000,16.390000,16.050000,16.200000,128315220
2025-01-23,16.190000,16.360000,15.860000,15.880000,180804250
2025-01-24,16.010000,16.120000,15.810000,16.020000,137656329
2025-01-27,16.000000,16.310000,15.940000,16.240000,154794284
2025-02-05,16.590000,16.730000,16.310000,16.470000,206140590
2025-02-06,16.580000,16.580000,16.110000,16.310000,200162692
2025-02-07,16.350000,16.660000,16.160000,16.620000,216552808
2025-02-10,16.810000,17.060000,16.740000,16.870000,221206459
2025-02-11,17.040000,17.580000,16.920000,17.280000,292526186
2025-02-12,17.030000,17.120000,16.870000,16.980000,158201006
2025-02-13,17.080000,17.200000,16.980000,17.010000,127292194
2025-02-14,17.150000,17.340000,17.010000,17.160000,115526968
2025-02-17,16.710000,16.710000,16.410000,16.500000,238543986
2025-02-18,16.410000,16.590000,16.310000,16.410000,144998347
2025-02-19,16.510000,16.610000,16.290000,16.350000,156681707
2025-02-20,16.380000,16.480000,16.120000,16.440000,130081857
2025-02-21,16.480000,16.560000,16.130000,16.190000,206161074
2025-02-24,15.990000,16.220000,15.800000,16.080000,173586045
2025-02-25,16.060000,16.130000,15.750000,15.780000,155863280
2025-02-26,15.830000,16.090000,15.680000,15.860000,157544107
2025-02-27,15.870000,15.870000,15.610000,15.750000,136307172
2025-02-28,15.610000,15.670000,15.350000,15.350000,179374561
2025-03-03,15.480000,15.860000,15.450000,15.640000,146170042
2025-03-04,15.690000,16.060000,15.600000,15.930000,152935515
2025-03-05,15.930000,16.090000,15.810000,16.010000,123758172
2025-03-06,16.250000,16.490000,16.190000,16.300000,178208236
2025-03-07,16.330000,16.750000,16.200000,16.430000,193234059
2025-03-10,16.500000,16.690000,16.310000,16.650000,163158330
2025-03-11,16.280000,16.480000,16.100000,16.480000,180000551
2025-03-12,16.550000,16.720000,16.280000,16.690000,162398213
2025-03-13,16.880000,17.080000,16.740000,16.960000,209768213
2025-03-14,17.390000,17.630000,17.180000,17.480000,298981573
2025-03-17,17.490000,17.700000,17.110000,17.210000,236776268
2025-03-18,17.400000,17.950000,17.360000,17.760000,255205982
2025-03-19,17.780000,18.050000,17.690000,18.050000,189285223
2025-03-20,18.300000,18.430000,18.010000,18.170000,232578991
2025-03-21,18.000000,18.060000,17.400000,17.570000,251475387
2025-03-24,17.660000,18.350000,17.480000,18.050000,269625162
2025-03-25,18.050000,18.420000,17.930000,18.400000,226625130
2025-03-26,18.700000,18.960000,18.100000,18.200000,322922397
2025-03-27,17.900000,18.130000,17.600000,17.860000,225531363
2025-03-28,18.050000,18.340000,17.810000,18.160000,186364433
2025-03-31,18.070000,18.310000,17.980000,18.120000,160677554
2025-04-01,18.200000,18.330000,17.800000,17.930000,153422653
2025-04-02,17.760000,17.850000,17.440000,17.500000,158099014
2025-04-03,17.350000,17.480000,16.870000,17.110000,216426825
2025-04-07,15.400000,15.850000,15.400000,15.410000,488035941
2025-04-08,15.540000,15.950000,15.210000,15.950000,373360740
2025-04-09,15.540000,15.920000,15.190000,15.920000,446712674
2025-04-10,16.550000,16.850000,16.370000,16.750000,359139490
2025-04-11,17.150000,17.310000,16.980000,17.150000,271836755
2025-04-14,17.390000,18.000000,17.110000,17.630000,333600634
2025-04-15,17.640000,17.700000,17.280000,17.650000,190553769
2025-04-16,17.900000,17.980000,17.420000,17.740000,207456482
2025-04-17,18.130000,18.300000,17.660000,17.820000,310531684
2025-04-18,17.650000,17.770000,17.350000,17.620000,139917652
2025-04-21,17.770000,18.630000,17.760000,18.600000,317461127
2025-04-22,18.710000,18.760000,18.410000,18.500000,253360332
2025-04-23,18.050000,18.280000,17.730000,17.790000,293150084
2025-04-24,17.890000,18.050000,17.630000,17.670000,114585259
2025-04-25,17.800000,17.970000,17.580000,17.650000,121525902
2025-04-28,17.500000,17.740000,17.370000,17.660000,96878753
2025-04-29,17.670000,17.770000,17.550000,17.630000,74056269
2025-04-30,17.550000,17.580000,17.360000,17.460000,84994445
2025-05-06,17.750000,17.840000,17.600000,17.760000,141363782
2025-05-07,18.090000,18.120000,17.800000,18.050000,172407911
2025-05-08,17.900000,18.060000,17.760000,17.760000,112295257
2025-05-09,17.680000,17.780000,17.580000,17.650000,106486863
2025-05-12,17.500000,17.770000,17.410000,17.710000,122213982
2025-05-13,17.600000,17.840000,17.400000,17.760000,116346891
2025-05-14,17.760000,17.910000,17.740000,17.900000,104341328
2025-05-15,17.710000,17.780000,17.360000,17.490000,139381293
2025-05-16,17.590000,17.640000,17.360000,17.420000,95709975
2025-05-19,17.430000,17.560000,17.280000,17.420000,75758800
2025-05-20,17.420000,17.690000,17.410000,17.460000,102796244
2025-05-21,17.690000,18.510000,17.680000,18.490000,260461493
2025-05-22,18.380000,18.680000,18.360000,18.580000,133536115
2025-05-23,18.540000,18.700000,18.440000,18.590000,120687210
2025-05-26,18.500000,18.870000,18.480000,18.560000,112661379
2025-05-27,18.530000,18.650000,17.680000,17.880000,172685616
2025-05-28,17.800000,18.100000,17.700000,17.980000,99196119
2025-05-29,17.830000,18.050000,17.780000,17.820000,90447963
2025-05-30,17.940000,18.070000,17.660000,17.730000,93355937
2025-06-03,18.070000,18.280000,17.960000,18.060000,139522376
2025-06-04,18.060000,18.320000,18.010000,18.090000,83166310
2025-06-05,18.150000,18.300000,17.860000,17.880000,89338691
2025-06-06,17.990000,18.250000,17.920000,18.140000,133465047
2025-06-09,17.970000,18.140000,17.630000,17.970000,191491555
2025-06-10,17.900000,18.380000,17.900000,18.270000,150608310
2025-06-11,18.270000,18.710000,18.230000,18.660000,128368795
2025-06-12,18.720000,19.490000,18.630000,19.460000,208562950
2025-06-13,19.260000,19.370000,19.040000,19.150000,187887432
2025-06-16,19.140000,19.160000,18.690000,18.820000,133058304
2025-06-17,18.790000,18.970000,18.700000,18.870000,84091698
2025-06-18,18.860000,18.980000,18.580000,18.780000,93199839
2025-06-19,18.750000,18.780000,18.370000,18.370000,101642948
2025-06-20,18.430000,18.610000,18.340000,18.410000,87653782
2025-06-23,18.450000,18.620000,18.280000,18.510000,98516925
2025-06-24,18.430000,18.950000,18.400000,18.540000,128702412
2025-06-25,18.580000,19.000000,18.450000,18.990000,122599826
2025-06-26,18.900000,19.220000,18.720000,18.980000,127312211
2025-06-27,19.200000,20.060000,19.200000,19.780000,239148155
2025-06-30,19.780000,19.830000,19.400000,19.500000,138727042
2025-07-01,19.690000,19.920000,19.380000,19.900000,123933416
2025-07-02,19.900000,20.430000,19.800000,20.170000,170369637
2025-07-03,20.370000,20.490000,20.080000,20.290000,137380888
2025-07-04,20.070000,20.290000,19.840000,20.050000,135855626
2025-07-07,19.960000,20.020000,19.710000,19.800000,83467474
2025-07-08,19.870000,20.040000,19.750000,19.820000,97073377
2025-07-09,19.890000,19.890000,18.870000,18.900000,333834833
2025-07-10,18.920000,19.050000,18.810000,18.840000,189327293
2025-07-11,18.890000,19.200000,18.860000,18.890000,218170375
2025-07-14,19.270000,19.340000,19.010000,19.080000,230591713
2025-07-15,19.060000,19.150000,18.820000,19.120000,153148319
2025-07-16,19.140000,19.180000,18.980000,19.140000,92688429
2025-07-17,19.130000,19.190000,18.980000,19.070000,117455881
2025-07-18,19.190000,19.700000,19.020000,19.470000,222955191
2025-07-21,19.560000,19.830000,19.500000,19.790000,173022988
2025-07-22,19.920000,20.380000,19.810000,20.250000,202578981
2025-07-23,20.430000,20.480000,20.110000,20.210000,181222474
2025-07-24,20.000000,20.270000,19.830000,20.120000,161026871
2025-07-25,19.960000,20.070000,19.810000,19.850000,125296458
2025-07-28,19.710000,19.800000,19.430000,19.800000,143705129
2025-07-29,19.600000,19.740000,19.510000,19.590000,129687009
2025-07-30,19.600000,19.980000,19.590000,19.820000,154361848
2025-07-31,19.510000,19.520000,19.030000,19.150000,208764256
2025-08-01,19.100000,19.430000,19.050000,19.260000,121999050
2025-08-04,19.570000,19.940000,19.500000,19.880000,173825988
2025-08-05,19.990000,20.020000,19.770000,19.870000,113838689
2025-08-06,19.810000,20.250000,19.780000,20.160000,142803170
2025-08-07,20.160000,20.360000,19.960000,20.300000,131718225
2025-08-08,20.360000,20.700000,20.300000,20.540000,127651036
2025-08-11,20.510000,20.510000,20.190000,20.250000,140992044
2025-08-12,20.220000,20.560000,20.140000,20.300000,117353420
2025-08-13,20.450000,21.170000,20.400000,21.020000,185834096
2025-08-14,21.030000,21.530000,20.970000,21.170000,138815217
2025-08-15,20.940000,21.560000,20.870000,21.290000,170980482
2025-08-18,21.300000,21.370000,20.800000,20.800000,261095278
2025-08-19,20.810000,21.140000,20.280000,20.330000,235250121
2025-08-20,20.330000,20.570000,20.190000,20.560000,168298578
2025-08-21,20.710000,20.800000,20.510000,20.600000,128648595
2025-08-22,20.650000,20.760000,20.450000,20.660000,148995531
2025-08-25,21.050000,22.250000,21.050000,22.210000,306329955
2025-08-26,22.190000,22.550000,21.960000,22.390000,184883107
2025-08-27,22.490000,23.300000,22.320000,22.530000,238891020
2025-08-28,22.540000,22.890000,22.210000,22.520000,173370467
2025-08-29,22.820000,23.480000,22.700000,23.080000,250412819
2025-09-01,23.900000,24.650000,23.410000,24.380000,376321765
2025-09-02,24.770000,25.080000,23.980000,24.410000,343891358
2025-09-03,25.100000,25.510000,24.390000,24.940000,307190816
2025-09-04,24.800000,25.180000,23.390000,23.870000,387755285
2025-09-05,23.790000,25.410000,23.790000,25.270000,345232193
2025-09-08,25.700000,25.800000,24.420000,24.640000,317257933
2025-09-09,24.990000,25.850000,24.750000,25.190000,353351554
2025-09-10,24.550000,25.260000,24.510000,25.180000,224391250
2025-09-11,25.250000,25.740000,25.080000,25.710000,250428471
2025-09-12,26.000000,26.350000,25.430000,25.650000,326266858
2025-09-15,25.540000,26.100000,25.300000,25.500000,240898187
2025-09-16,26.100000,26.150000,24.890000,25.320000,312802939
2025-09-17,25.120000,25.290000,24.750000,25.070000,209214970
2025-09-18,24.680000,25.040000,24.110000,24.420000,263192155
2025-09-19,24.420000,25.150000,24.420000,25.020000,202176273
2025-09-22,25.500000,25.560000,24.850000,25.370000,194423251
2025-09-23,25.600000,26.380000,25.250000,25.820000,276108202
2025-09-24,25.820000,25.930000,25.490000,25.930000,168002837
2025-09-25,26.900000,27.640000,26.690000,27.270000,395322724
2025-09-26,27.100000,28.360000,26.910000,27.400000,282057194
2025-09-29,27.700000,28.860000,27.530000,28.770000,399793958
2025-09-30,29.570000,29.880000,28.740000,29.440000,385888298
2025-10-09,31.220000,32.380000,30.770000,32.380000,509343384
2025-10-10,31.500000,32.000000,30.350000,30.870000,466020625
2025-10-13,30.050000,31.650000,29.880000,31.300000,417573019
2025-10-14,32.400000,32.650000,29.150000,29.500000,539236050
2025-10-15,29.960000,31.200000,29.380000,30.980000,365641142
2025-10-16,30.990000,31.370000,30.060000,30.470000,289900966
2025-10-17,31.120000,31.300000,30.030000,30.170000,304443734
2025-10-20,29.400000,30.290000,29.000000,29.750000,297341006
2025-10-21,30.400000,30.780000,29.810000,30.050000,261648588
2025-10-22,28.190000,29.600000,28.190000,29.450000,315355482
2025-10-23,29.030000,29.930000,28.560000,29.700000,246528306
2025-10-24,30.050000,30.300000,29.760000,30.030000,186969778
2025-10-27,30.120000,31.300000,30.120000,31.000000,290246620
2025-10-28,30.500000,30.790000,29.810000,29.840000,264245245
2025-10-29,30.050000,31.050000,30.010000,30.960000,211650959
2025-10-30,30.780000,31.600000,30.620000,31.110000,276672292
2025-10-31,31.110000,31.290000,30.450000,30.500000,174923110
2025-11-03,30.110000,30.330000,28.870000,30.000000,236191270
2025-11-04,29.500000,29.780000,28.600000,28.780000,268031747
2025-11-05,27.920000,29.250000,27.820000,29.010000,215461356
2025-11-06,29.010000,29.800000,28.920000,29.700000,178969843
2025-11-07,29.690000,30.250000,29.620000,30.170000,149756654
2025-11-10,30.800000,30.950000,29.880000,30.170000,188511170
2025-11-11,30.570000,30.680000,29.500000,29.620000,166437726
2025-11-12,29.620000,30.060000,29.150000,29.490000,136428812
2025-11-13,29.800000,31.120000,29.710000,30.720000,280933594
2025-11-14,30.100000,30.430000,29.820000,30.020000,166166770
2025-11-17,29.730000,29.920000,28.860000,28.980000,215994374
2025-11-18,28.700000,28.950000,28.210000,28.390000,173339754
2025-11-19,28.740000,29.550000,28.700000,29.340000,192184477
2025-11-20,29.400000,29.680000,28.900000,28.970000,133141833
2025-11-21,28.470000,28.860000,28.000000,28.140000,188729249
2025-11-24,28.440000,28.500000,27.630000,28.000000,170834281
2025-11-25,28.470000,28.880000,28.410000,28.510000,147447601
2025-11-26,28.660000,28.770000,28.350000,28.430000,159012608
2025-11-27,28.800000,29.200000,28.500000,28.600000,163629659
2025-11-28,28.790000,29.090000,28.400000,28.580000,197543456
2025-12-01,29.500000,30.670000,29.400000,30.060000,360052973
2025-12-02,29.900000,29.980000,29.450000,29.740000,154872515
2025-12-03,29.850000,30.260000,29.720000,29.970000,191128690
2025-12-04,30.840000,31.380000,30.530000,30.690000,272859568
2025-12-05,30.590000,31.490000,30.470000,31.320000,233471095
2025-12-08,31.400000,31.600000,30.940000,31.500000,206802386
2025-12-09,31.180000,31.230000,30.180000,30.400000,199092649
2025-12-10,30.600000,30.850000,30.200000,30.750000,117020933
2025-12-11,31.200000,31.950000,30.750000,30.960000,240772514
2025-12-12,31.670000,31.800000,31.350000,31.700000,221174285
2025-12-15,31.260000,31.880000,31.060000,31.410000,169135179
2025-12-16,31.020000,31.220000,30.120000,30.320000,158390333
2025-12-17,30.550000,31.190000,30.400000,30.870000,176971055
2025-12-18,30.830000,31.350000,30.650000,30.970000,138009297
2025-12-19,30.840000,31.380000,30.410000,31.120000,165672924
2025-12-22,31.690000,32.780000,31.640000,32.530000,244513190
2025-12-23,33.060000,33.100000,31.900000,32.090000,270289444
2025-12-24,32.540000,32.650000,31.990000,32.310000,192710736
2025-12-25,31.990000,32.140000,31.830000,32.030000,127456719
2025-12-26,32.600000,33.770000,32.550000,33.530000,286198912
2025-12-29,34.160000,34.300000,32.580000,32.650000,357553987
2025-12-30,31.550000,33.480000,31.530000,33.420000,243802377
2025-12-31,33.480000,35.360000,33.390000,34.470000,341188218
2026-01-05,35.300000,35.640000,34.270000,35.400000,310393547
2026-01-06,36.000000,37.700000,35.950000,37.600000,356727240
2026-01-07,37.600000,37.700000,36.380000,36.720000,357303577
2026-01-08,36.200000,37.010000,35.790000,36.300000,241558498
2026-01-09,36.000000,37.670000,35.980000,37.220000,280579041
2026-01-12,38.220000,38.380000,37.030000,37.260000,296496371
2026-01-13,37.400000,38.900000,37.300000,38.240000,310778171
2026-01-14,38.610000,39.850000,38.360000,38.500000,425650213
2026-01-15,38.260000,39.440000,37.700000,38.250000,386081844
2026-01-16,38.320000,39.110000,37.060000,37.470000,394777811
2026-01-19,37.620000,37.780000,36.500000,37.260000,253275235
2026-01-20,37.260000,37.770000,36.210000,37.310000,307457067
2026-01-21,37.760000,38.480000,37.360000,38.130000,389167286
2026-01-22,37.500000,37.880000,37.080000,37.660000,273949936
2026-01-23,38.390000,38.500000,37.350000,37.560000,386296331
2026-01-26,38.740000,40.480000,38.730000,39.500000,663514398
2026-01-27,40.230000,42.680000,39.680000,40.610000,728498239
2026-01-28,41.400000,42.580000,40.600000,42.300000,652283303
2026-01-29,43.790000,44.940000,41.310000,43.450000,772867209
2026-01-30,41.200000,42.360000,39.120000,40.140000,670344076
2026-02-02,36.870000,38.730000,36.270000,36.610000,714043570
2026-02-03,37.840000,38.950000,37.080000,38.810000,476610292
2026-02-04,39.500000,39.990000,38.680000,39.160000,326736566
2026-02-05,38.130000,38.500000,36.570000,37.450000,358373108
2026-02-06,35.550000,37.820000,35.500000,37.190000,327774843
2026-02-09,38.490000,38.880000,38.030000,38.630000,263947637
2026-02-10,38.980000,39.400000,38.520000,38.810000,199657082
2026-02-11,38.600000,39.790000,38.570000,39.480000,222867441
2026-02-12,39.570000,40.430000,39.490000,39.750000,235575945
2026-02-13,38.260000,39.040000,37.690000,37.780000,338033354
2026-02-24,39.490000,39.650000,38.980000,39.320000,246745985
2026-02-25,39.400000,40.260000,38.860000,39.630000,289709530
2026-02-26,39.890000,39.960000,38.940000,39.370000,199066355
2026-02-27,39.200000,40.050000,39.010000,39.550000,242060189
2026-03-02,40.400000,40.900000,39.100000,40.770000,477513379
2026-03-03,40.350000,40.350000,38.660000,38.860000,414093799
2026-03-04,37.700000,38.890000,37.480000,37.960000,312570216
2026-03-05,38.460000,38.480000,37.200000,37.670000,260659922
2026-03-06,37.010000,37.480000,36.240000,37.100000,253947012
2026-03-09,35.930000,36.670000,34.860000,36.400000,390629022
2026-03-10,36.980000,37.540000,36.800000,37.130000,201312398
2026-03-11,37.500000,37.640000,37.040000,37.240000,148131269
2026-03-12,36.790000,37.160000,36.350000,36.750000,189113008
2026-03-13,36.200000,36.940000,35.600000,35.770000,247120530
2026-03-16,35.040000,35.170000,33.600000,34.750000,420731337
2026-03-17,34.730000,35.550000,34.670000,34.900000,225377550
2026-03-18,34.740000,35.000000,34.350000,34.920000,199024835
2026-03-19,33.250000,33.900000,32.120000,32.320000,527935447
2026-03-20,32.200000,32.850000,31.430000,31.650000,385034283
2026-03-23,30.210000,31.340000,29.800000,30.580000,493304305
2026-03-24,31.250000,32.380000,30.910000,32.200000,457264529
2026-03-25,33.500000,33.980000,33.090000,33.240000,410615187
2026-03-26,33.100000,33.240000,31.830000,32.090000,305047347
2026-03-27,31.500000,32.720000,31.500000,32.470000,228246664
2026-03-30,32.200000,32.800000,31.880000,32.780000,236900973
2026-03-31,32.980000,33.500000,32.600000,32.720000,253105884
2026-04-01,33.860000,34.580000,33.620000,34.150000,323703092
2026-04-02,33.990000,33.990000,32.700000,33.120000,258942623
2026-04-03,33.250000,33.330000,32.820000,32.910000,141999112
2026-04-07,32.800000,33.100000,32.330000,32.410000,150649750
2026-04-08,34.000000,34.760000,34.000000,34.620000,407954111
2026-04-09,33.990000,34.190000,33.740000,33.900000,220659003
2026-04-10,34.230000,34.580000,33.700000,33.750000,237571039
2026-04-13,33.380000,33.800000,33.310000,33.660000,176532051
2026-04-14,34.490000,34.950000,34.350000,34.800000,298845659
2026-04-15,35.750000,36.000000,34.810000,34.910000,299179203
2026-04-16,35.000000,35.390000,35.000000,35.300000,200941248
2026-04-17,35.000000,35.100000,34.500000,34.730000,215582788
2026-04-20,34.860000,35.290000,34.700000,34.820000,225640293
2026-04-21,34.980000,35.680000,34.500000,35.660000,311979120
2026-04-22,35.670000,35.860000,35.240000,35.530000,372392006
2026-04-23,35.560000,35.560000,34.140000,34.400000,356644945
2026-04-24,34.020000,34.420000,33.530000,34.310000,257793364
2026-04-27,34.000000,34.250000,33.480000,33.560000,231088530
2026-04-28,33.330000,33.460000,32.880000,32.950000,207009177
2026-04-29,32.550000,34.200000,32.510000,34.140000,303499456
2026-04-30,33.700000,34.020000,33.080000,33.300000,240389930
2026-05-06,33.500000,34.380000,33.210000,34.210000,399072032
2026-05-07,34.840000,35.170000,34.120000,34.460000,336041354
2026-05-08,34.020000,35.000000,33.840000,34.800000,301248207
2026-05-11,34.550000,34.720000,33.850000,34.270000,303709653
2026-05-12,34.960000,35.330000,34.500000,34.580000,416946021
2026-05-13,35.100000,35.250000,34.450000,34.660000,322480278
2026-05-14,34.490000,34.760000,33.500000,33.520000,276948107
2026-05-15,32.990000,33.000000,31.500000,31.840000,448282207
2026-05-18,30.900000,31.370000,30.710000,31.300000,288798694
2026-05-19,31.300000,31.390000,30.640000,31.160000,180860114
2026-05-20,30.530000,30.640000,29.920000,30.390000,314489728
2026-05-21,30.910000,31.250000,29.930000,29.990000,295615483
2026-05-22,30.160000,31.140000,29.880000,30.960000,268103856
2026-05-25,31.640000,32.000000,31.090000,31.350000,284046195
2026-05-26,31.160000,32.980000,31.020000,32.900000,443721556
2026-05-27,32.580000,32.890000,31.530000,31.620000,261696590
2026-05-28,31.000000,31.200000,30.080000,30.710000,310990946
2026-05-29,31.320000,31.380000,30.180000,30.440000,261024987
2026-06-01,30.220000,30.700000,30.120000,30.190000,175162167
2026-06-02,30.360000,31.740000,30.120000,31.580000,333321356
2026-06-03,31.010000,31.820000,30.950000,31.270000,252980267
2026-06-04,30.900000,30.950000,30.220000,30.340000,206216550
2026-06-05,30.300000,30.850000,29.530000,29.630000,271621254
2026-06-08,28.280000,28.730000,27.580000,28.050000,377532024
2026-06-09,28.140000,28.530000,27.600000,28.470000,251316131
2026-06-10,27.600000,28.000000,27.200000,27.700000,304408769
2026-06-11,27.200000,27.690000,26.800000,27.330000,323143136
2026-06-12,28.090000,29.760000,27.810000,29.090000,509853858
2026-06-15,30.540000,31.350000,30.400000,31.310000,571475639
2026-06-16,31.000000,31.100000,30.200000,30.290000,292271461
2026-06-17,30.500000,30.950000,30.120000,30.430000,222981724
2026-06-18,29.960000,30.980000,29.280000,29.690000,362067490
2026-06-22,29.250000,30.500000,28.550000,30.440000,391847595
2026-06-23,29.950000,30.000000,27.640000,27.750000,494740171
2026-06-24,27.410000,27.970000,27.330000,27.650000,284609577
2026-06-25,26.510000,26.760000,25.730000,25.920000,576069979
2026-06-26,25.900000,25.900000,24.860000,25.100000,352820827
2026-06-29,25.350000,25.960000,24.980000,25.790000,323292727
2026-06-30,25.050000,25.260000,24.700000,25.140000,310705736
2026-07-01,24.850000,25.550000,24.420000,25.110000,338908351
2026-07-02,25.610000,26.960000,25.520000,26.300000,506741718
2026-07-03,27.500000,28.300000,27.410000,27.820000,538651958
2026-07-06,27.640000,29.190000,27.620000,28.280000,370091254
2026-07-07,27.800000,28.110000,27.430000,27.620000,223542243
2026-07-08,27.120000,28.030000,26.800000,27.360000,196981818
2026-07-09,26.820000,27.700000,26.550000,27.620000,251499732
2026-07-10,28.000000,28.450000,27.080000,27.720000,265710031
2026-07-13,27.230000,27.630000,26.740000,27.360000,213023840
2026-07-14,26.880000,29.290000,26.750000,29.060000,380320475
2026-07-15,29.060000,29.340000,28.560000,28.830000,268349106
2026-07-16,28.820000,29.590000,28.790000,29.250000,265438976
2026-07-17,28.650000,28.820000,27.920000,28.360000,290416859
2026-07-20,28.360000,29.450000,28.290000,29.350000,275768250
2026-07-21,29.950000,30.330000,29.130000,30.210000,342666967
2026-07-22,30.810000,32.790000,30.810000,32.200000,526165813
2026-07-23,32.520000,33.680000,31.920000,33.060000,439447611
2026-07-24,31.740000,32.090000,30.970000,31.510000,401039285
2026-07-27,32.450000,32.450000,31.130000,31.770000,231658923
2026-07-28,31.200000,31.800000,31.030000,31.690000,187062963
2026-07-29,31.940000,32.290000,31.180000,32.150000,215616330
2026-07-30,32.630000,33.180000,32.010000,32.700000,284297969
2026-07-31,32.380000,33.480000,32.270000,32.950000,284247902
2026-08-03,32.700000,32.940000,31.690000,32.550000,219541872
2026-08-04,32.450000,32.850000,31.850000,32.120000,206659763
2026-08-05,32.390000,34.220000,32.380000,34.100000,430666938
2026-08-06,35.380000,35.800000,34.150000,34.500000,402667434
2026-08-07,34.090000,35.340000,34.060000,35.150000,274712353
