date,open,high,low,close,volume
2018-01-02,11.883788,12.153618,11.816330,12.029946,6623777
2018-01-03,12.029946,12.142375,11.962488,11.973731,4395748
2018-01-04,12.052432,13.176726,12.052432,13.176726,34097856
2018-01-05,13.558986,13.783844,13.255426,13.367856,39310520
2018-01-08,13.244183,13.446556,13.098025,13.232940,23898827
2018-01-09,13.232940,13.469042,12.985596,13.120511,21760441
2018-01-10,13.469042,13.828816,13.154240,13.491528,31268670
2018-01-11,13.266669,13.266669,12.985596,13.120511,12408280
2018-01-12,13.131754,13.648929,13.120511,13.244183,14619370
2018-01-15,13.232940,14.323506,13.199212,13.941246,28521097
2018-01-16,13.716387,14.166104,13.660172,14.053675,17934694
2018-01-17,13.817573,14.694523,13.615200,13.997460,21698208
2018-01-18,13.974974,14.334748,13.705144,14.042432,13446495
2018-01-19,14.064918,14.098647,13.592714,13.896274,14796322
2018-01-22,13.750116,14.064918,13.581472,13.817573,10251600
2018-01-23,13.997460,14.717008,13.851302,14.345991,16998132
2018-01-24,14.244805,15.099268,14.244805,14.930624,23218359
2018-01-25,15.211698,15.908760,15.043054,15.065540,25071991
2018-01-26,15.121754,15.830060,14.874410,15.492771,15872686
2018-01-29,15.492771,15.852545,15.076783,15.222941,17925459
2018-01-30,15.031811,15.099268,14.582093,14.818195,14353825
2018-01-31,14.503393,14.503393,13.716387,13.997460,20711289
2018-02-01,14.121133,14.312263,13.424070,13.480285,19181088
2018-02-02,13.761359,14.424692,13.491528,14.312263,18531752
2018-02-05,13.907517,14.357234,13.873788,14.154861,12726052
2018-02-06,13.558986,13.558986,12.985596,13.041810,18398696
2018-02-07,13.334127,13.514014,12.794466,12.974353,11347645
2018-02-08,12.704522,12.704522,12.063675,12.558364,15814002
2018-02-09,11.805087,12.086161,11.760115,11.816330,14925842
2018-02-12,11.940002,12.029946,11.692658,11.883788,9307063
2018-02-13,11.984974,12.176104,11.895031,11.996217,8646636
2018-02-14,11.895031,12.007460,11.568985,11.816330,9376747
2018-02-22,12.018703,12.209833,11.782601,12.198590,13614996
2018-02-23,12.221076,12.389720,12.086161,12.254805,10332342
2018-02-26,12.412206,12.614579,12.277290,12.513392,9617701
2018-02-27,12.468420,12.625822,12.299776,12.367234,7822476
2018-02-28,12.232319,12.266048,11.973731,12.187347,6576969
2018-03-01,12.029946,12.457178,11.872545,12.389720,9833800
2018-03-02,12.221076,12.254805,12.041189,12.108646,6901909
2018-03-05,12.041189,12.176104,12.007460,12.119889,5132218
2018-03-06,12.266048,12.367234,12.119889,12.355991,7373393
2018-03-07,12.322262,12.355991,12.074918,12.119889,6284311
2018-03-08,12.052432,12.311019,12.041189,12.198590,4952047
2018-03-09,12.164861,12.254805,12.108646,12.221076,6075186
2018-03-12,12.389720,12.783223,12.344748,12.704522,14135693
2018-03-13,12.592093,12.670793,12.490906,12.614579,8058170
2018-03-14,12.569607,12.906895,12.479663,12.760737,9031565
2018-03-15,12.603336,12.861923,12.400963,12.569607,9145253
2018-03-16,12.547121,12.625822,12.479663,12.502149,3699400
2018-03-19,12.468420,12.614579,12.468420,12.513392,5462956
2018-03-20,12.490906,12.490906,12.119889,12.457178,7623973
2018-03-21,12.637065,12.783223,12.232319,12.288533,11444553
2018-03-22,12.693279,13.334127,12.682036,13.041810,20741679
2018-03-23,12.457178,12.985596,12.266048,12.715765,17851947
2018-03-26,12.704522,13.199212,12.704522,13.154240,14526289
2018-03-27,13.469042,13.547743,12.895652,13.075539,15810603
2018-03-28,12.760737,12.873166,12.378477,12.468420,12273082
2018-03-29,12.490906,12.839437,12.400963,12.771980,8083702
2018-03-30,12.794466,12.850680,12.625822,12.693279,7179311
2018-04-02,12.828195,12.985596,12.693279,12.816952,7375703
2018-04-03,12.648307,13.120511,12.479663,12.918138,9963761
2018-04-04,12.974353,13.041810,12.738251,12.749494,6627800
2018-04-09,12.614579,12.794466,12.502149,12.659550,7655207
2018-04-10,12.704522,12.828195,12.592093,12.816952,7745677
2018-04-11,13.210455,13.412827,12.906895,13.098025,15920008
2018-04-12,13.187969,13.356613,13.131754,13.165483,12953446
2018-04-13,13.120511,13.154240,12.940624,12.974353,6964034
2018-04-16,13.041810,13.244183,13.008082,13.109268,8626082
2018-04-17,13.041810,13.041810,12.648307,12.670793,7675100
2018-04-18,12.738251,12.794466,12.367234,12.580850,6901772
2018-04-19,12.760737,13.379099,12.760737,13.210455,17086482
2018-04-20,13.165483,13.210455,12.648307,12.771980,13165314
2018-04-23,12.715765,12.906895,12.445935,12.637065,7717260
2018-04-24,12.693279,13.041810,12.682036,13.030567,8182234
2018-04-25,12.918138,12.918138,12.760737,12.828195,5722618
2018-04-26,12.839437,13.098025,12.738251,12.749494,6917503
2018-04-27,12.850680,12.963110,12.592093,12.861923,6981012
2018-05-02,12.423449,12.490906,11.580228,11.647686,21211211
2018-05-03,11.647686,11.737629,11.400341,11.726386,7862663
2018-05-04,11.681415,11.692658,11.512771,11.591471,5016499
2018-05-07,11.681415,12.041189,11.647686,11.906273,9188282
2018-05-08,11.928759,12.007460,11.692658,11.850059,8451851
2018-05-09,11.883788,12.198590,11.838816,12.142375,10484174
2018-05-10,12.479663,12.558364,12.232319,12.277290,9560343
2018-05-11,12.277290,12.344748,12.063675,12.187347,6933111
2018-05-14,12.187347,12.209833,11.850059,11.928759,8786001
2018-05-15,11.996217,12.153618,11.906273,12.041189,6899200
2018-05-16,12.086161,12.164861,11.996217,12.074918,5369896
2018-05-17,12.221076,12.423449,12.086161,12.266048,14076640
2018-05-18,12.266048,13.491528,12.243562,13.491528,39337184
2018-05-21,13.480285,13.480285,13.064296,13.289155,28832920
2018-05-22,13.244183,13.570229,13.131754,13.345370,17032249
2018-05-23,13.210455,13.210455,12.704522,12.861923,18824807
2018-05-24,12.861923,12.996839,12.749494,12.805709,7165626
2018-05-25,12.749494,12.794466,12.434692,12.457178,9130990
2018-05-28,12.086161,12.086161,11.692658,11.883788,15234242
2018-05-29,11.883788,11.962488,11.793844,11.805087,5988894
2018-05-30,11.658929,11.805087,11.557742,11.580228,8215500
2018-05-31,11.771358,11.883788,11.670172,11.771358,7870618
2018-06-01,11.658929,11.793844,11.591471,11.737629,6404686
2018-06-04,11.748872,11.782601,11.636443,11.692658,4926101
2018-06-05,11.670172,11.850059,11.636443,11.827573,4615537
2018-06-06,11.861302,12.007460,11.748872,11.973731,5855582
2018-06-07,11.962488,11.962488,11.782601,11.805087,3955800
2018-06-08,11.917516,11.984974,11.602714,11.681415,7288776
2018-06-11,11.715143,11.726386,11.479042,11.681415,4092723
2018-06-12,11.636443,11.872545,11.613957,11.760115,3679901
2018-06-13,11.782601,11.838816,11.625200,11.658929,3160551
2018-06-14,11.670172,11.827573,11.658929,11.703901,2514885
2018-06-15,11.647364,11.816985,11.319428,11.398585,6082270
2018-06-19,11.127190,11.195039,10.256465,10.516552,11591060
2018-06-20,10.573092,10.607017,10.233849,10.460011,6875438
2018-06-21,10.380854,10.584400,10.233849,10.245157,5352996
2018-06-22,10.188616,10.437395,10.086843,10.403470,3700918
2018-06-25,10.697482,10.844487,10.505243,10.527860,5296737
2018-06-26,10.358238,10.742714,10.290389,10.629633,4243941
2018-06-27,10.799255,11.161114,10.674865,10.776638,6097435
2018-06-28,11.036725,11.081958,10.595708,10.640941,4169879
2018-06-29,10.720098,10.833179,10.561784,10.787946,4380685
2018-07-02,10.776638,10.776638,10.414779,10.505243,3616400
2018-07-03,10.527860,10.742714,10.346930,10.731406,3910222
2018-07-04,10.708790,10.776638,10.516552,10.550476,3301150
2018-07-05,10.539168,10.561784,10.233849,10.245157,3057320
2018-07-06,10.188616,10.426087,9.838064,10.233849,4009657
2018-07-09,10.346930,10.539168,10.324314,10.516552,3127047
2018-07-10,10.493935,10.968876,10.493935,10.720098,6032400
2018-07-11,10.618325,10.652249,10.414779,10.573092,3528051
2018-07-12,10.346930,10.640941,10.313005,10.607017,7751297
2018-07-13,10.437395,10.539168,10.358238,10.448703,4310491
2018-07-16,10.471319,10.493935,10.369546,10.403470,1956200
2018-07-17,10.233849,10.324314,10.132076,10.245157,4450288
2018-07-18,10.233849,10.290389,10.177308,10.211232,3195749
2018-07-19,10.199924,10.267773,10.143384,10.211232,2938700
2018-07-20,10.211232,10.403470,10.132076,10.346930,3208947
2018-07-23,10.346930,10.426087,10.267773,10.426087,3276916
2018-07-24,10.380854,10.686173,10.369546,10.607017,7164408
2018-07-25,10.708790,10.708790,10.584400,10.629633,4031223
2018-07-26,10.742714,10.742714,10.539168,10.550476,4382500
2018-07-27,10.516552,10.607017,10.493935,10.584400,2895227
2018-07-30,10.595708,10.765330,10.527860,10.618325,4666733
2018-07-31,10.663557,10.889720,10.618325,10.742714,7093992
2018-08-01,10.652249,10.674865,10.324314,10.335622,5577604
2018-08-02,10.313005,10.358238,9.962454,10.120767,5602260
2018-08-03,10.166000,10.256465,10.120767,10.177308,2854797
2018-08-06,10.120767,10.233849,10.041611,10.120767,2562504
2018-08-07,10.279081,10.731406,10.233849,10.652249,9150572
2018-08-08,11.138498,11.715212,11.081958,11.466434,32899619
2018-08-09,10.968876,11.375969,10.776638,11.308120,17609318
2018-08-10,11.161114,11.850910,10.980185,11.681288,17139750
2018-08-13,11.534282,12.043148,11.432509,11.692596,12460064
2018-08-14,11.624747,12.235386,11.568207,12.190153,13917937
2018-08-15,12.054456,12.405008,11.873526,12.031840,11629123
2018-08-16,11.749137,12.156229,11.590823,11.828294,8360950
2018-08-17,12.156229,12.246694,11.421201,11.443817,9400057
2018-08-20,11.489050,11.805677,11.398585,11.669980,6530702
2018-08-21,11.760445,12.077072,11.669980,11.873526,8248066
2018-08-22,11.963991,12.088380,11.839602,11.952683,4691893
2018-08-23,12.043148,12.133613,11.409893,11.726520,12672904
2018-08-24,11.590823,12.122305,11.443817,11.986607,10113568
2018-08-27,11.941375,12.280618,11.749137,12.144921,11146263
2018-08-28,12.110997,12.178845,11.907450,12.020532,6480318
2018-08-29,12.031840,12.031840,11.816985,11.907450,3721703
2018-08-30,11.997915,12.178845,11.896142,11.896142,4169263
2018-08-31,11.907450,11.907450,11.545591,11.647364,3041120
2018-09-03,11.285504,11.862218,11.285504,11.850910,3706431
2018-09-04,11.850910,12.325851,11.794369,12.054456,6636326
2018-09-05,12.054456,12.359775,11.997915,12.212770,6463652
2018-09-06,12.269310,12.461548,11.760445,11.986607,10302305
2018-09-07,11.930067,12.099688,11.760445,11.918758,5757687
2018-09-10,11.918758,12.031840,11.545591,11.658672,3775628
2018-09-11,11.726520,12.642478,11.647364,12.450240,15682761
2018-09-12,12.710327,12.778176,12.382391,12.495473,9065811
2018-09-13,12.687711,13.060879,12.585938,12.732943,18723091
2018-09-14,12.891257,12.993030,12.529397,12.642478,15605540
2018-09-17,12.631170,13.128727,12.631170,12.868641,13372414
2018-09-18,12.800792,12.970414,12.427624,12.812100,10414749
2018-09-19,12.812100,13.388814,12.721635,13.320965,16746821
2018-09-20,13.332273,13.332273,12.868641,13.072187,13551559
2018-09-21,12.947797,12.993030,12.631170,12.868641,12990909
2018-09-25,13.060879,13.298349,12.868641,13.094803,13743143
2018-09-26,12.993030,13.253117,12.959106,13.140035,10143081
2018-09-27,13.015646,13.106111,12.812100,12.925181,7107134
2018-09-28,12.936489,13.026954,12.755559,12.970414,8020642
2018-10-08,12.778176,13.298349,12.574629,12.687711,9346367
2018-10-09,12.574629,13.332273,12.563321,13.060879,14005158
2018-10-10,13.060879,13.219192,12.766867,12.913873,6787592
2018-10-11,12.427624,12.427624,11.624747,11.703904,13275939
2018-10-12,11.477742,12.122305,11.149806,11.952683,9828850
2018-10-15,11.896142,12.054456,11.749137,11.873526,3244431
2018-10-16,11.873526,12.088380,11.556899,11.681288,3504120
2018-10-17,11.783061,11.941375,10.901028,11.364661,7584827
2018-10-18,11.149806,11.364661,10.855795,11.036725,7776226
2018-10-19,10.946260,11.081958,10.573092,11.059341,7986209
2018-10-22,11.195039,11.681288,11.048033,11.522974,9934872
2018-10-23,11.421201,11.636055,11.048033,11.206347,5574495
2018-10-24,10.912336,10.912336,10.516552,10.754022,9965755
2018-10-25,10.550476,10.923644,10.403470,10.912336,5151337
2018-10-26,10.968876,11.138498,10.799255,10.946260,4385085
2018-10-29,10.946260,11.048033,10.742714,10.821871,2488293
2018-10-30,10.720098,11.195039,10.720098,11.127190,4738429
2018-10-31,11.048033,11.217655,10.855795,11.104574,6042318
2018-11-01,11.036725,11.115882,10.878411,10.934952,6682449
2018-11-02,10.946260,11.127190,10.833179,11.127190,7366444
2018-11-05,11.059341,11.443817,11.002801,11.432509,8081756
2018-11-06,11.353352,11.556899,11.251579,11.432509,6035441
2018-11-07,11.364661,11.455126,11.251579,11.285504,4346806
2018-11-08,11.319428,11.636055,11.274196,11.398585,4503968
2018-11-09,11.364661,11.421201,11.081958,11.240271,4163144
2018-11-12,11.228963,11.432509,11.172423,11.421201,3438587
2018-11-13,11.285504,11.409893,11.206347,11.353352,5225550
2018-11-14,11.195039,11.195039,10.754022,10.867103,12825910
2018-11-15,10.867103,11.014109,10.833179,11.014109,6093054
2018-11-16,11.048033,11.183731,10.980185,11.138498,5457259
2018-11-19,11.195039,11.240271,11.081958,11.172423,4372499
2018-11-20,11.093266,11.195039,10.957568,10.957568,4201612
2018-11-21,10.607017,10.708790,10.369546,10.697482,8887880
2018-11-22,10.708790,10.799255,10.629633,10.686173,4545432
2018-11-23,10.686173,10.686173,10.403470,10.471319,4548911
2018-11-26,10.346930,10.573092,10.279081,10.539168,5137752
2018-11-27,10.527860,10.573092,10.346930,10.380854,3925534
2018-11-28,10.403470,10.527860,10.346930,10.527860,2812141
2018-11-29,10.482627,10.550476,10.369546,10.380854,3135272
2018-11-30,10.403470,10.505243,10.335622,10.471319,2748937
2018-12-03,10.674865,10.821871,10.561784,10.720098,7408465
2018-12-04,10.697482,10.889720,10.674865,10.855795,4913378
2018-12-05,10.855795,10.855795,10.686173,10.742714,3320256
2018-12-06,10.731406,10.742714,10.584400,10.607017,2241300
2018-12-07,10.629633,10.697482,10.516552,10.697482,1783608
2018-12-10,10.720098,10.821871,10.686173,10.731406,3118215
2018-12-11,10.618325,10.663557,10.561784,10.618325,1991100
2018-12-12,10.720098,10.731406,10.629633,10.652249,1158701
2018-12-13,10.652249,10.799255,10.595708,10.765330,2041857
2018-12-14,10.833179,10.844487,10.607017,10.618325,2218557
2018-12-17,10.573092,10.674865,10.505243,10.561784,1898325
2018-12-18,10.392162,10.550476,10.380854,10.448703,3077395
2018-12-19,10.369546,10.380854,10.166000,10.222540,5765835
2018-12-20,10.267773,10.267773,10.086843,10.143384,3164989
2018-12-21,10.064227,10.086843,9.951146,10.030302,4893535
2018-12-24,9.928529,10.086843,9.928529,10.086843,1526304
2018-12-25,9.951146,9.951146,9.838064,9.883297,4092737
2018-12-26,9.894605,9.939837,9.838064,9.871989,2246385
2018-12-27,10.132076,10.177308,9.804140,9.804140,5647286
2018-12-28,9.770216,9.860681,9.623210,9.657134,3987093
2019-01-02,9.657134,9.736291,9.419664,9.464896,4292886
2019-01-03,9.510129,9.532745,9.295275,9.340507,4231770
2019-01-04,9.329199,9.442280,9.216118,9.442280,5584236
2019-01-07,9.487513,9.566670,9.408356,9.544053,3876133
2019-01-08,9.532745,9.577978,9.464896,9.555361,2621179
2019-01-09,9.623210,9.736291,9.589286,9.611902,4233341
2019-01-10,9.736291,9.804140,9.611902,9.623210,3693067
2019-01-11,9.623210,9.645826,9.521437,9.623210,2417074
2019-01-14,9.589286,9.623210,9.544053,9.566670,2311962
2019-01-15,9.510129,9.770216,9.510129,9.770216,4552049
2019-01-16,9.804140,9.804140,9.634518,9.736291,4508801
2019-01-17,9.724983,9.758908,9.645826,9.702367,2673947
2019-01-18,9.792832,9.815448,9.702367,9.815448,3295637
2019-01-21,9.905913,9.939837,9.781524,9.883297,5579127
2019-01-22,9.871989,9.894605,9.724983,9.724983,3387677
2019-01-23,9.668443,9.747599,9.611902,9.634518,3048288
2019-01-24,9.634518,10.132076,9.634518,10.007686,7494457
2019-01-25,10.086843,10.109459,9.951146,9.985070,3416957
2019-01-28,10.041611,10.166000,9.724983,9.736291,3588215
2019-01-29,9.713675,9.781524,9.589286,9.713675,3817848
2019-01-30,9.838064,9.838064,9.577978,9.589286,3009173
2019-01-31,9.634518,9.804140,9.498821,9.668443,3909402
2019-02-01,9.679751,9.860681,9.679751,9.838064,2678300
2019-02-11,9.815448,9.894605,9.747599,9.883297,3051058
2019-02-12,9.917221,9.951146,9.871989,9.951146,3408322
2019-02-13,10.007686,10.086843,9.917221,10.052919,7678025
2019-02-14,10.086843,10.120767,9.973762,10.018994,5450750
2019-02-15,10.041611,10.109459,9.962454,9.996378,4736520
2019-02-18,10.075535,10.245157,10.052919,10.222540,6657623
2019-02-19,10.256465,10.380854,10.199924,10.279081,5780563
2019-02-20,10.267773,10.335622,10.211232,10.301697,4373406
2019-02-21,10.346930,10.358238,10.109459,10.143384,5425455
2019-02-22,10.120767,10.279081,10.064227,10.267773,4522717
2019-02-25,10.290389,11.127190,10.267773,10.901028,19236734
2019-02-26,11.036725,11.455126,10.901028,11.014109,27394760
2019-02-27,11.025417,11.172423,10.855795,10.923644,12490210
2019-02-28,10.968876,11.149806,10.901028,11.115882,10734636
2019-03-01,11.138498,11.172423,11.014109,11.127190,7411919
2019-03-04,11.115882,11.308120,11.115882,11.195039,14655083
2019-03-05,11.161114,11.217655,11.025417,11.195039,9793023
2019-03-06,11.217655,11.353352,11.115882,11.319428,15123111
2019-03-07,11.319428,11.443817,11.217655,11.330736,13100880
2019-03-08,11.206347,11.206347,10.686173,10.697482,13434146
2019-03-11,10.708790,10.923644,10.640941,10.867103,10640897
2019-03-12,10.923644,11.059341,10.787946,10.957568,15032407
2019-03-13,10.980185,11.025417,10.810563,10.912336,10052227
2019-03-14,10.946260,11.149806,10.708790,10.878411,10332251
2019-03-15,10.889720,11.070649,10.776638,10.968876,8815603
2019-03-18,10.912336,11.364661,10.878411,11.342044,14304293
2019-03-19,11.387277,11.398585,11.172423,11.285504,9719298
2019-03-20,11.274196,11.375969,11.059341,11.240271,11060132
2019-03-21,11.285504,11.613439,11.217655,11.500358,14822988
2019-03-22,11.500358,11.511666,11.195039,11.319428,8960832
2019-03-25,11.138498,11.274196,11.070649,11.115882,6791255
2019-03-26,11.149806,11.319428,10.901028,10.957568,9591716
2019-03-27,11.014109,11.330736,10.889720,11.262888,10204628
2019-03-28,11.149806,11.274196,11.070649,11.161114,8473062
2019-03-29,11.183731,11.534282,11.138498,11.522974,14849675
2019-04-01,11.556899,12.020532,11.466434,11.896142,18426994
2019-04-02,12.031840,12.190153,11.737829,11.816985,12940622
2019-04-03,11.828294,12.303235,11.783061,12.144921,16721751
2019-04-04,12.009223,12.178845,11.873526,12.077072,13141523
2019-04-08,12.212770,12.291926,11.907450,12.212770,15548096
2019-04-09,12.325851,12.416316,11.986607,12.110997,10281425
2019-04-10,11.986607,12.088380,11.760445,11.930067,9351674
2019-04-11,11.930067,12.054456,11.816985,11.828294,8312700
2019-04-12,11.771753,11.884834,11.624747,11.749137,6199838
2019-04-15,11.896142,12.144921,11.647364,11.715212,9533361
2019-04-16,11.658672,11.952683,11.624747,11.941375,6670237
2019-04-17,12.009223,12.031840,11.850910,11.986607,6031848
2019-04-18,11.986607,11.986607,11.760445,11.771753,4779341
2019-04-19,11.828294,11.896142,11.636055,11.794369,4779682
2019-04-22,11.850910,12.529397,11.850910,12.303235,17626685
2019-04-23,12.303235,12.495473,11.963991,12.224078,14041900
2019-04-24,12.167537,12.212770,11.918758,12.009223,8827635
2019-04-25,11.997915,11.997915,11.556899,11.579515,8929855
2019-04-26,11.522974,11.568207,11.296812,11.319428,6990378
2019-04-29,11.183731,11.342044,11.081958,11.093266,7136376
2019-04-30,11.115882,11.285504,11.104574,11.251579,4143983
2019-05-06,10.844487,10.934952,10.267773,10.369546,11373383
2019-05-07,10.539168,10.573092,10.346930,10.527860,5734690
2019-05-08,10.358238,10.640941,10.290389,10.493935,4690029
2019-05-09,10.584400,10.584400,10.313005,10.335622,4332655
2019-05-10,10.369546,10.629633,10.267773,10.584400,5427141
2019-05-13,10.516552,11.070649,10.414779,10.787946,8032492
2019-05-14,10.629633,10.754022,10.460011,10.460011,6124789
2019-05-15,10.550476,10.697482,10.527860,10.618325,5367873
2019-05-16,10.708790,10.833179,10.618325,10.754022,5407613
2019-05-17,10.833179,10.833179,10.392162,10.437395,4770934
2019-05-20,10.414779,10.561784,10.324314,10.493935,5040575
2019-05-21,10.448703,10.697482,10.380854,10.595708,4329288
2019-05-22,10.550476,10.652249,10.516552,10.527860,4053491
2019-05-23,10.527860,10.550476,10.279081,10.279081,4671773
2019-05-24,10.199924,10.437395,10.177308,10.392162,4754649
2019-05-27,10.358238,10.539168,10.313005,10.482627,3551406
2019-05-28,10.539168,10.584400,10.426087,10.460011,3798414
2019-05-29,10.448703,10.550476,10.414779,10.437395,3306639
2019-05-30,10.482627,11.014109,10.460011,10.867103,13821040
2019-05-31,10.821871,11.206347,10.765330,10.787946,12922260
2019-06-03,10.742714,10.787946,10.403470,10.426087,8711406
2019-06-04,10.426087,10.912336,10.290389,10.833179,10029582
2019-06-05,10.833179,10.833179,10.550476,10.674865,7345892
2019-06-06,10.550476,10.573092,10.177308,10.245157,7548576
2019-06-10,10.313005,10.426087,10.301697,10.358238,4860693
2019-06-11,10.392162,10.607017,10.313005,10.584400,6354956
2019-06-12,10.539168,10.607017,10.482627,10.539168,4032973
2019-06-13,10.437395,10.720098,10.426087,10.708790,5979192
2019-06-14,10.708790,10.788537,10.435374,10.469551,4663031
2019-06-17,10.480944,10.572082,10.435374,10.480944,2869177
2019-06-18,10.469551,10.583475,10.412590,10.492336,2621222
2019-06-19,10.708790,10.731575,10.515121,10.526513,4050856
2019-06-20,10.549298,10.720183,10.480944,10.708790,5534389
2019-06-21,10.879675,11.050560,10.788537,10.936637,9645094
2019-06-24,11.027775,11.039168,10.891067,10.982206,5421153
2019-06-25,10.982206,11.004991,10.708790,10.902460,5359807
2019-06-26,10.879675,11.210053,10.856890,11.141699,8708143
2019-06-27,11.141699,11.210053,10.982206,11.050560,6021321
2019-06-28,11.073345,11.073345,10.822714,10.970814,3738863
2019-07-01,11.107522,11.210053,11.004991,11.198660,6903925
2019-07-02,11.198660,11.198660,11.050560,11.141699,4450009
2019-07-03,11.027775,11.050560,10.879675,10.970814,4403560
2019-07-04,11.039168,11.141699,10.788537,10.891067,4240338
2019-07-05,10.959421,10.982206,10.811321,10.868283,3062519
2019-07-08,10.925244,10.959421,10.480944,10.572082,6035453
2019-07-09,10.583475,10.686006,10.537905,10.663221,2668184
2019-07-10,10.663221,10.799929,10.663221,10.742967,3954786
2019-07-11,10.902460,11.779669,10.902460,11.301191,14902436
2019-07-12,11.358153,11.392330,11.187268,11.255622,6780600
2019-07-15,11.267014,11.472076,11.118914,11.392330,9144067
2019-07-16,11.278407,11.620177,11.267014,11.540430,9237555
2019-07-17,11.551823,11.779669,11.483469,11.734100,10845119
2019-07-18,11.711315,11.711315,11.540430,11.631569,5727412
2019-07-19,11.699923,11.950554,11.642961,11.756885,6678736
2019-07-22,11.882200,11.996123,11.654354,11.836631,7666678
2019-07-23,11.756885,12.064477,11.688531,11.882200,5958020
2019-07-24,11.870808,12.041693,11.813846,11.882200,6033751
2019-07-25,11.904985,11.939162,11.745492,11.836631,3410570
2019-07-26,11.791062,11.984731,11.586000,11.904985,8690626
2019-07-29,11.973339,12.041693,11.677138,11.768277,5039481
2019-07-30,11.768277,11.882200,11.722708,11.768277,3822515
2019-07-31,11.870808,11.870808,11.631569,11.677138,3591157
2019-08-01,11.551823,11.745492,11.540430,11.711315,4250387
2019-08-02,11.460684,11.551823,11.096129,11.426507,10097230
2019-08-05,11.392330,11.768277,11.358153,11.551823,6050572
2019-08-06,11.380938,11.472076,11.016383,11.107522,8785689
2019-08-07,11.187268,11.540430,11.073345,11.358153,5667918
2019-08-08,11.323976,11.415115,11.084737,11.130306,3739140
2019-08-09,11.164483,11.232837,10.948029,11.061952,3847776
2019-08-12,11.107522,11.278407,10.948029,11.232837,4339674
2019-08-13,11.164483,11.358153,11.107522,11.175876,3241350
2019-08-14,11.301191,11.369545,11.164483,11.198660,2638278
2019-08-15,10.948029,11.039168,10.765752,10.970814,5782956
2019-08-16,10.970814,11.016383,10.845498,10.868283,4003657
2019-08-19,10.868283,11.141699,10.868283,11.084737,4229776
2019-08-20,11.130306,11.472076,11.061952,11.323976,5218726
2019-08-21,11.358153,11.574607,11.289799,11.574607,4536351
2019-08-22,12.474601,12.474601,11.904985,12.167008,23997546
2019-08-23,12.087262,13.078395,12.087262,12.873333,30073533
2019-08-26,12.554348,13.078395,12.474601,12.918902,17425088
2019-08-27,12.953079,13.385988,12.918902,13.260672,13735524
2019-08-28,13.249280,13.591050,13.192318,13.363203,12760091
2019-08-29,13.442949,14.582182,13.329026,14.001174,26844048
2019-08-30,14.263197,14.342943,13.659404,13.739150,17253883
2019-09-02,13.682188,14.866991,13.670796,14.627752,19301289
2019-09-03,14.491044,14.639144,14.331551,14.456867,10533928
2019-09-04,14.377120,15.231545,14.377120,15.060660,16161591
2019-09-05,15.129014,15.197368,14.616359,14.730283,18889993
2019-09-06,14.707498,14.946737,14.342943,14.548005,22982605
2019-09-09,14.661929,14.718890,14.365728,14.491044,18552642
2019-09-10,14.627752,14.798637,14.422690,14.582182,13369089
2019-09-11,14.627752,14.627752,14.229020,14.354336,9609772
2019-09-12,14.582182,14.582182,14.103705,14.354336,9240830
2019-09-16,14.980914,15.163191,14.411297,14.582182,27413137
2019-09-17,14.639144,14.718890,13.932820,14.092312,15797102
2019-09-18,13.955604,14.456867,13.773327,14.308766,13027053
2019-09-19,14.297374,14.764460,14.069528,14.627752,11197565
2019-09-20,14.696106,14.866991,14.548005,14.548005,10005804
2019-09-23,14.593575,15.880908,14.525221,15.744200,26531212
2019-09-24,15.823946,15.823946,14.479651,14.548005,25250861
2019-09-25,14.137882,14.399905,13.921427,13.989781,10388947
2019-09-26,13.978389,14.308766,13.670796,13.887250,10410384
2019-09-27,13.887250,14.058135,13.750542,13.989781,5997445
2019-09-30,13.966997,14.308766,13.784719,13.955604,5924922
2019-10-08,13.921427,14.229020,13.898643,14.115097,4750002
2019-10-09,14.103705,14.103705,13.579657,13.841681,6104934
2019-10-10,13.932820,14.525221,13.921427,14.468259,9237407
2019-10-11,14.468259,15.744200,14.422690,15.675846,21503575
2019-10-14,15.436607,15.710023,15.174584,15.516353,15085440
2019-10-15,15.345469,15.516353,15.015091,15.151799,9072401
2019-10-16,15.265722,15.470784,15.037876,15.163191,6731725
2019-10-17,15.083445,15.937870,15.083445,15.596100,12550116
2019-10-18,15.664454,15.744200,15.015091,15.242938,8838833
2019-10-21,15.174584,15.698631,14.707498,15.425215,10580383
2019-10-22,15.425215,15.550530,14.958129,15.185976,7854933
2019-10-23,15.129014,15.322684,14.764460,14.923952,6915402
2019-10-24,14.980914,15.334076,14.832814,15.174584,6188326
2019-10-25,15.220153,16.461917,15.163191,16.291032,16809748
2019-10-28,16.291032,16.518878,15.972047,16.347994,12278729
2019-10-29,16.040401,16.416348,15.972047,16.245463,7946023
2019-10-30,16.199893,16.245463,15.835339,16.154324,8075062
2019-10-31,16.575840,17.236595,16.177109,16.769510,27035911
2019-11-01,16.735333,17.020141,16.530271,16.883433,15503776
2019-11-04,17.020141,17.168241,16.587232,17.042926,8199620
2019-11-05,17.134064,18.136589,17.088495,17.658112,16931805
2019-11-06,17.726465,17.942920,17.134064,17.430265,12727263
2019-11-07,17.407480,17.806212,16.974572,17.726465,10897482
2019-11-08,17.726465,17.772035,17.134064,17.373303,11233809
2019-11-11,17.282165,17.407480,16.974572,17.065710,8469359
2019-11-12,17.088495,17.555581,16.518878,17.487227,13126120
2019-11-13,17.293557,17.396088,16.815079,16.917610,8611673
2019-11-14,17.122672,17.282165,16.894825,17.202418,7108358
2019-11-15,17.122672,17.202418,16.780902,16.826471,5342869
2019-11-18,16.951787,18.056843,16.803687,17.999881,16551715
2019-11-19,17.977097,18.307474,17.578365,18.170766,14188006
2019-11-20,18.068235,18.580890,17.772035,18.523929,12106127
2019-11-21,18.546713,18.660637,17.851781,18.204943,8668574
2019-11-22,18.387221,19.366961,18.387221,18.968229,22171616
2019-11-25,18.968229,19.366961,18.523929,19.230253,12474281
2019-11-26,19.002406,19.446707,18.546713,19.366961,10400451
2019-11-27,19.287215,19.879616,19.161899,19.321392,11792668
2019-11-28,19.230253,19.537846,19.025191,19.047976,11132442
2019-11-29,19.218861,19.423923,18.820129,19.002406,9730423
2019-12-02,18.922660,19.298607,18.763168,18.911268,9348217
2019-12-03,19.139114,19.139114,18.592283,18.945445,5296760
2019-12-04,18.922660,19.082153,18.683421,18.934052,5740858
2019-12-05,19.059368,19.560631,18.455575,18.854306,12568974
2019-12-06,18.899875,18.945445,18.341651,18.842914,8743371
2019-12-09,18.808737,19.025191,18.410005,18.785952,9436505
2019-12-10,18.831521,19.047976,18.546713,18.797345,7245395
2019-12-11,18.888483,19.731516,18.660637,19.503669,13627734
2019-12-12,19.503669,19.765693,19.139114,19.697339,10491358
2019-12-13,19.891008,19.936577,19.458100,19.902401,10063847
2019-12-16,19.902401,20.563156,19.891008,20.415055,11402314
2019-12-17,20.358094,20.597333,20.198601,20.460625,7181265
2019-12-18,20.517586,20.574548,20.266955,20.312524,5414046
2019-12-19,20.415055,20.654294,20.244170,20.528979,6648787
2019-12-20,20.449232,21.155557,20.346701,20.449232,6460401
2019-12-23,20.437840,21.531504,20.004931,20.996064,12708559
2019-12-24,21.075810,21.531504,20.665687,20.950495,7070890
2019-12-25,20.996064,21.588465,20.642902,21.372011,9308655
2019-12-26,21.406188,22.158082,21.383403,21.884666,8022347
2019-12-27,21.873274,22.078336,21.565681,21.645427,6252760
2019-12-30,21.679604,21.850489,21.428973,21.736566,5479152
2019-12-31,21.736566,22.055551,21.656819,21.873274,5953315
2020-01-02,21.884666,22.397321,21.599858,21.747958,10866449
2020-01-03,21.599858,22.089728,21.178341,21.987197,11779265
2020-01-06,22.420105,23.980855,22.420105,23.935285,25734331
2020-01-07,22.556813,23.377061,22.556813,23.012507,17100798
2020-01-08,24.049209,24.151740,22.442890,22.864406,17463439
2020-01-09,22.078336,22.283397,21.394796,21.827704,19120719
2020-01-10,21.930235,21.930235,20.540371,20.699864,26395955
2020-01-13,20.813787,21.303657,20.472017,21.189734,15548080
2020-01-14,21.178341,21.577073,20.961887,21.223911,11000382
2020-01-15,21.303657,21.337834,20.585940,21.178341,8242560
2020-01-16,21.178341,21.189734,20.699864,20.882141,9612134
2020-01-17,21.053026,21.280872,20.802395,21.087203,6957224
2020-01-20,21.155557,21.497327,20.734041,20.882141,8580906
2020-01-21,20.893533,20.893533,20.039108,20.494802,10535926
2020-01-22,20.415055,20.677079,20.050501,20.665687,9864489
2020-01-23,20.118855,20.301132,18.603675,18.751775,21023139
2020-02-03,16.872041,17.430265,16.872041,16.872041,18329427
2020-02-04,16.849256,18.501144,16.849256,18.387221,25037279
2020-02-05,18.512536,19.093545,17.794819,17.942920,19581958
2020-02-06,18.318867,19.104937,17.840389,18.854306,16537582
2020-02-07,18.501144,19.139114,18.432790,18.672029,12899478
2020-02-10,18.637852,20.346701,18.569498,20.039108,17782254
2020-02-11,20.175816,20.187209,19.446707,19.651769,15156732
2020-02-12,19.754300,19.993539,19.537846,19.936577,9830323
2020-02-13,20.107462,20.984672,20.107462,20.836572,14950937
2020-02-14,20.756825,20.791002,20.312524,20.711256,10957895
2020-02-17,20.677079,21.212518,20.358094,20.961887,11580620
2020-02-18,21.087203,21.109987,20.460625,20.620117,9279535
2020-02-19,20.449232,20.847964,20.221386,20.266955,7842072
2020-02-20,20.472017,20.677079,20.335309,20.551763,6156419
2020-02-21,20.483409,20.802395,20.209993,20.563156,7757737
2020-02-24,20.027716,20.335309,19.617592,19.651769,15741563
2020-02-25,18.626460,19.537846,18.603675,19.127722,11587276
2020-02-26,18.785952,19.127722,18.637852,18.717598,10343362
2020-02-27,18.569498,18.763168,18.193551,18.353044,10711846
2020-02-28,18.296082,18.296082,17.065710,17.202418,27162280
2020-03-02,17.259380,18.056843,17.259380,17.749250,14512525
2020-03-03,18.204943,19.093545,18.125197,18.261905,14809892
2020-03-04,18.353044,18.398613,17.828996,18.182159,10158196
2020-03-05,18.341651,18.797345,18.034058,18.637852,11875909
2020-03-06,18.227728,18.421398,18.034058,18.364436,7622398
2020-03-09,16.541663,16.940395,16.530271,16.803687,34657424
2020-03-10,16.746725,16.837864,15.903693,16.666979,24264166
2020-03-11,16.712548,17.669504,16.712548,16.735333,27293781
2020-03-12,16.325209,16.325209,15.641669,15.880908,17534368
2020-03-13,14.912560,15.778377,14.582182,15.618884,19498669
2020-03-16,15.322684,15.482176,14.468259,14.559398,17929839
2020-03-17,14.468259,14.866991,14.285982,14.434082,16364777
2020-03-18,14.354336,14.513828,13.750542,13.841681,20498613
2020-03-19,13.830289,14.046743,13.215103,13.454342,18205446
2020-03-20,14.069528,14.331551,13.807504,14.092312,17806702
2020-03-23,13.784719,13.784719,13.169533,13.351811,19142238
2020-03-24,13.704973,14.194843,13.568265,14.069528,21462979
2020-03-25,14.445474,14.502436,14.035351,14.331551,16270894
2020-03-26,14.502436,14.502436,13.591050,13.670796,21861114
2020-03-27,13.796112,13.864466,13.340418,13.534088,19727307
2020-03-30,13.158141,13.158141,12.349286,12.816371,29385483
2020-03-31,12.804979,13.534088,12.804979,13.306241,23686187
2020-04-01,13.169533,13.420165,12.793587,12.861941,21678879
2020-04-02,12.941687,14.149274,12.725233,14.149274,37168837
2020-04-03,14.354336,14.798637,13.955604,14.616359,57255588
2020-04-07,14.616359,15.311292,14.582182,14.923952,52542942
2020-04-08,14.548005,14.707498,14.240412,14.593575,32009209
2020-04-09,14.821421,14.901168,14.468259,14.741675,30057122
2020-04-10,14.194843,14.513828,14.126489,14.240412,23149350
2020-04-13,14.354336,14.559398,13.784719,13.875858,22210876
2020-04-14,13.784719,14.183451,13.545480,14.126489,21388548
2020-04-15,13.898643,14.251805,13.727758,14.058135,17927476
2020-04-16,13.682188,14.035351,13.682188,13.966997,13004278
2020-04-17,14.183451,14.525221,14.069528,14.137882,25648616
2020-04-20,13.910035,14.080920,13.784719,14.046743,13418271
2020-04-21,13.739150,14.365728,13.739150,13.978389,20055369
2020-04-22,13.818896,13.966997,13.340418,13.636619,21678430
2020-04-23,13.841681,14.866991,13.761935,14.696106,43774420
2020-04-24,14.810029,14.810029,13.568265,13.648011,34881874
2020-04-27,13.488519,13.556873,12.907510,12.975864,24361892
2020-04-28,12.839156,12.839156,12.155616,12.542955,19375810
2020-04-29,12.656879,13.032826,12.656879,12.975864,15048781
2020-04-30,13.693581,14.217628,13.442949,14.126489,33428600
2020-05-06,14.536613,14.673321,14.229020,14.513828,32097058
2020-05-07,14.491044,14.764460,14.388513,14.593575,21642831
2020-05-08,14.775852,15.060660,14.456867,14.832814,22737324
2020-05-11,14.832814,15.550530,14.718890,15.368253,24248418
2020-05-12,15.288507,15.288507,14.684713,15.003699,17569359
2020-05-13,14.923952,15.083445,14.627752,14.958129,11520516
2020-05-14,14.912560,15.151799,14.707498,14.935345,11963130
2020-05-15,15.094837,15.447999,14.958129,15.072053,14136874
2020-05-18,15.277115,15.368253,14.935345,15.129014,13263818
2020-05-19,15.584707,16.006224,15.265722,15.379646,23965073
2020-05-20,15.037876,15.379646,15.003699,15.037876,12893815
2020-05-21,15.231545,15.277115,14.878383,15.129014,12312631
2020-05-22,14.980914,15.026483,14.479651,14.548005,15879424
2020-05-25,14.445474,14.536613,14.126489,14.172059,11157046
2020-05-26,14.331551,14.684713,14.240412,14.684713,9485892
2020-05-27,14.741675,14.741675,14.229020,14.308766,8418249
2020-05-28,14.320159,14.445474,14.001174,14.434082,8275409
2020-05-29,14.411297,14.479651,14.217628,14.285982,7026771
2020-06-01,14.445474,15.094837,14.445474,15.026483,17659716
2020-06-02,14.992306,15.436607,14.935345,15.345469,13608785
2020-06-03,15.949262,16.427740,15.391038,15.470784,31513399
2020-06-04,15.539138,15.607492,14.958129,14.958129,19051830
2020-06-05,15.106230,15.277115,14.821421,15.231545,11099492
2020-06-08,15.687238,16.404955,15.527746,16.336601,30663756
2020-06-09,16.108755,16.199893,15.766985,16.040401,21302742
2020-06-10,15.835339,15.972047,15.504961,15.778377,13241397
2020-06-11,15.664454,15.744200,15.345469,15.493569,12667005
2020-06-12,14.951751,15.747180,14.755776,15.528149,20299607
2020-06-15,15.263006,15.482037,15.124670,15.136198,11025203
2020-06-16,15.447453,15.724124,15.309118,15.574260,11033184
2020-06-17,15.793292,15.793292,15.435925,15.539677,8878160
2020-06-18,15.332173,15.666484,15.263006,15.505093,7560729
2020-06-19,15.528149,15.724124,15.412869,15.597316,11152490
2020-06-22,15.574260,15.735652,15.482037,15.528149,9672533
2020-06-23,15.528149,15.597316,15.263006,15.320646,10656681
2020-06-24,15.309118,15.470509,15.239950,15.366757,7236347
2020-06-29,15.101615,15.205366,14.790360,14.836472,13040782
2020-06-30,14.940223,15.286062,14.940223,15.147726,10489552
2020-07-01,15.228422,15.320646,14.940223,15.216894,12132019
2020-07-02,15.239950,15.793292,15.136198,15.770236,20651879
2020-07-03,15.793292,16.358161,15.781764,15.943155,21897864
2020-07-06,16.358161,17.072894,16.035378,16.923031,26874921
2020-07-07,17.049838,17.695403,16.600248,16.600248,32338957
2020-07-08,16.600248,17.142062,16.381217,17.072894,25506005
2020-07-09,17.049838,17.960546,16.830807,17.891378,29701782
2020-07-10,17.695403,17.695403,17.061366,17.176645,24396224
2020-07-13,17.268869,17.395677,16.980670,17.314981,23256891
2020-07-14,17.245813,17.245813,16.680944,16.934559,21517246
2020-07-15,17.314981,17.395677,16.807751,16.934559,16425612
2020-07-16,16.934559,17.222757,16.196770,16.277465,17289214
2020-07-17,16.242882,16.427329,15.816347,16.116074,14465422
2020-07-20,16.127602,16.646360,16.046906,16.565664,14064105
2020-07-21,16.519552,16.761639,16.427329,16.611776,11053694
2020-07-22,16.819279,17.764571,16.738583,17.453316,33237773
2020-07-23,17.142062,17.142062,16.450385,16.842335,26440804
2020-07-24,16.542608,16.819279,15.954683,16.069962,17779135
2020-07-27,16.069962,16.150658,15.608844,15.781764,13664493
2020-07-28,15.966211,16.196770,15.701068,15.897043,12345094
2020-07-29,15.908571,16.208298,15.689540,16.185242,12047428
2020-07-30,16.162186,16.312049,15.793292,15.966211,14431261
2020-07-31,15.862459,16.035378,15.666484,15.954683,13265137
2020-08-03,15.943155,16.196770,15.897043,16.162186,16402786
2020-08-04,16.081490,16.404273,15.839403,16.265937,17752139
2020-08-05,16.231354,16.496496,15.897043,16.242882,20773849
2020-08-06,16.346633,16.438857,15.966211,16.104546,16773548
2020-08-07,16.000795,16.023851,15.355229,15.470509,19531530
2020-08-10,15.412869,15.758708,15.343701,15.631900,14595461
2020-08-11,15.631900,16.069962,15.631900,15.724124,18276185
2020-08-12,15.631900,15.920099,15.458981,15.897043,12240856
2020-08-13,15.977739,16.012323,15.770236,15.816347,7759281
2020-08-14,15.770236,15.920099,15.551205,15.804819,8788908
2020-08-17,15.793292,16.081490,15.701068,16.035378,14165815
2020-08-18,16.046906,16.173714,15.839403,15.897043,12591744
2020-08-19,15.908571,15.954683,15.631900,15.689540,12048823
2020-08-20,15.551205,15.585788,15.401341,15.424397,11112102
2020-08-21,15.539677,15.758708,15.447453,15.643428,9732398
2020-08-24,15.678012,15.839403,15.585788,15.770236,8494274
2020-08-25,15.712596,15.885515,15.562732,15.574260,6584090
2020-08-26,15.712596,15.816347,15.412869,15.793292,10477108
2020-08-27,15.839403,16.000795,15.528149,15.562732,13909387
2020-08-28,15.597316,15.631900,15.113142,15.309118,16749853
2020-08-31,15.239950,15.424397,15.193838,15.228422,9759506
2020-09-01,15.170782,15.170782,14.986335,15.124670,10834902
2020-09-02,15.101615,15.101615,14.848000,14.951751,11551581
2020-09-03,14.848000,14.894111,14.479105,14.490633,15267032
2020-09-04,14.237018,14.605913,14.179379,14.559801,7881441
2020-09-07,14.456049,14.571329,14.167851,14.167851,8519357
2020-09-08,14.167851,14.294658,13.833540,14.237018,8967429
2020-09-09,13.983403,14.064099,13.718260,13.798956,10760525
2020-09-10,13.948820,14.064099,13.430062,13.430062,9284931
2020-09-11,13.407006,13.522285,13.153391,13.487702,7187387
2020-09-14,13.510757,13.706733,13.464646,13.683677,6089753
2020-09-15,13.718260,13.718260,13.510757,13.591453,4241123
2020-09-16,13.660621,14.144795,13.649093,13.948820,11526153
2020-09-17,14.098683,14.502161,14.075627,14.144795,12041575
2020-09-18,14.179379,14.248546,13.948820,14.202434,7407325
2020-09-21,14.283130,14.283130,14.041043,14.087155,5248671
2020-09-22,13.914236,13.914236,13.672149,13.672149,6958760
2020-09-23,13.718260,13.879652,13.660621,13.695205,3670699
2020-09-24,13.464646,13.602981,13.314782,13.441590,5690342
2020-09-25,13.556869,13.579925,13.337838,13.360894,3661442
2020-09-28,13.430062,13.487702,13.314782,13.360894,2560608
2020-09-29,13.464646,13.568397,13.395478,13.545341,3454049
2020-09-30,13.487702,13.533813,13.257143,13.360894,3769362
2020-10-09,13.660621,13.787428,13.545341,13.672149,5947341
2020-10-12,13.660621,13.937292,13.614509,13.914236,6916615
2020-10-13,13.833540,13.833540,13.695205,13.822012,4633269
2020-10-14,13.822012,13.845068,13.626037,13.660621,3662757
2020-10-15,13.741316,13.752844,13.568397,13.602981,3191656
2020-10-16,13.602981,13.741316,13.579925,13.695205,4593692
2020-10-19,13.718260,13.856596,13.672149,13.718260,5494715
2020-10-20,13.706733,13.833540,13.602981,13.822012,3567677
2020-10-21,13.775900,13.822012,13.649093,13.752844,3131817
2020-10-22,13.695205,13.695205,13.533813,13.533813,3386591
2020-10-23,13.556869,13.683677,13.441590,13.464646,4573670
2020-10-26,13.464646,13.464646,13.268670,13.280198,3775909
2020-10-27,13.234087,13.280198,13.038111,13.038111,5527682
2020-10-28,13.164919,13.164919,12.819080,12.980472,3929539
2020-10-29,12.703801,12.865192,12.680745,12.715329,6213944
2020-10-30,12.738385,12.784497,12.507826,12.519354,6437567
2020-11-02,12.461714,12.461714,11.989068,12.035180,7821872
2020-11-03,12.161987,12.507826,12.161987,12.438658,6714772
2020-11-04,12.519354,12.657689,12.346434,12.576993,4637483
2020-11-05,12.576993,12.646161,12.404074,12.542410,4980592
2020-11-06,12.507826,12.726857,12.392546,12.588521,6003015
2020-11-09,12.680745,12.945888,12.646161,12.922832,7113735
2020-11-10,13.752844,14.064099,13.349366,13.614509,21904181
2020-11-11,13.833540,13.948820,13.464646,13.602981,13330714
2020-11-12,13.487702,13.591453,13.268670,13.349366,7297870
2020-11-13,13.141863,13.245615,12.980472,13.084223,7237809
2020-11-16,13.164919,13.752844,13.141863,13.660621,11785200
2020-11-17,13.983403,14.363826,13.833540,14.156323,22121814
2020-11-18,14.064099,14.260074,13.856596,14.098683,12992380
2020-11-19,14.098683,14.317714,14.041043,14.144795,8233494
2020-11-20,14.190906,14.963279,13.971875,14.732720,21127866
2020-11-23,14.940223,15.816347,14.940223,15.724124,39098460
2020-11-24,15.735652,16.093018,15.424397,16.058434,26548128
2020-11-25,16.657888,16.992198,16.023851,16.254410,33679240
2020-11-26,15.804819,16.519552,15.562732,15.701068,21108065
2020-11-27,15.505093,15.897043,15.251478,15.712596,15558663
2020-11-30,15.654956,15.850931,15.055503,15.078559,23509996
2020-12-01,14.848000,15.228422,14.536745,15.159254,18242074
2020-12-02,15.193838,15.458981,14.928695,15.274534,12797205
2020-12-03,15.458981,16.300521,15.412869,16.000795,23986417
2020-12-04,15.897043,16.196770,15.551205,15.966211,13703816
2020-12-07,15.897043,16.104546,15.458981,15.458981,13979241
2020-12-08,15.562732,15.585788,15.078559,15.286062,9607446
2020-12-09,15.159254,15.332173,14.997863,15.078559,8438462
2020-12-10,14.882583,15.528149,14.871056,15.378285,9035298
2020-12-11,15.770236,15.966211,15.309118,15.389813,14874294
2020-12-14,15.366757,15.435925,14.974807,15.159254,8567788
2020-12-15,15.055503,15.170782,14.490633,15.090087,12670162
2020-12-16,15.101615,15.482037,14.882583,15.378285,8056574
2020-12-17,15.378285,15.770236,15.286062,15.758708,11743488
2020-12-18,15.747180,15.839403,15.389813,15.389813,8799210
2020-12-21,15.297590,15.585788,14.986335,15.309118,9863782
2020-12-22,15.101615,15.263006,14.571329,14.582857,10915456
2020-12-23,14.525217,15.309118,14.502161,15.159254,10386520
2020-12-24,15.389813,15.447453,14.986335,15.205366,7107815
2020-12-25,15.193838,15.505093,14.951751,15.447453,7875332
2020-12-28,15.528149,15.551205,14.848000,14.871056,10887569
2020-12-29,14.848000,15.043975,14.744248,14.917167,5895015
2020-12-30,14.928695,14.974807,14.617441,14.686608,6165950
2020-12-31,14.628969,14.917167,14.594385,14.721192,6628121
2021-01-04,14.755776,15.447453,14.582857,15.447453,14704516
2021-01-05,15.286062,15.297590,14.767304,14.824944,12793772
2021-01-06,15.309118,16.312049,15.309118,16.023851,27662885
2021-01-07,15.678012,16.888447,15.505093,16.657888,33061343
2021-01-08,16.669416,17.015254,16.231354,16.969142,22299507
2021-01-11,17.165118,17.522484,16.335105,16.715528,20224731
2021-01-12,16.484969,17.176645,16.484969,16.980670,15486195
2021-01-13,17.349565,18.675279,17.291925,18.675279,39058640
2021-01-14,18.444720,18.882782,18.098882,18.352496,21491610
2021-01-15,18.306385,19.228621,17.545540,18.191105,26574351
2021-01-18,17.591652,18.686807,17.361093,18.675279,21536468
2021-01-19,18.583055,18.940422,18.444720,18.686807,14129280
2021-01-20,19.021117,19.424596,17.753043,18.260273,24639438
2021-01-21,18.144993,18.779031,17.960546,18.629167,17531416
2021-01-22,18.502360,18.502360,17.637763,17.949018,16186191
2021-01-25,17.660819,18.767503,17.314981,18.087354,17426816
2021-01-26,18.306385,18.548472,17.441788,17.545540,10215743
2021-01-27,17.591652,18.225689,17.557068,17.787627,12586838
2021-01-28,17.395677,17.914434,17.188173,17.188173,13345208
2021-01-29,17.407204,17.637763,16.427329,16.830807,13495877
2021-02-01,16.623304,17.914434,16.461913,17.753043,19982088
2021-02-02,17.983602,19.136397,17.972074,18.536944,25441090
2021-02-03,19.009590,19.424596,18.744447,18.755975,30650426
2021-02-04,19.055701,20.012521,18.859726,19.390012,29959073
2021-02-05,19.943354,20.992397,19.585987,19.828074,35317350
2021-02-08,20.024049,20.116273,18.905838,19.816546,23381610
2021-02-09,20.058633,21.799353,19.931826,21.799353,20379343
2021-02-10,21.649490,21.649490,20.658086,21.465043,27744009
2021-02-18,23.148124,23.217291,21.799353,22.087552,29868295
2021-02-19,21.338235,21.614906,20.485167,21.430459,24232874
2021-02-22,21.326708,23.574658,21.096149,23.309515,38627915
2021-02-23,23.782161,24.543006,23.344099,23.424794,30569414
2021-02-24,23.228819,23.390211,21.499627,22.018384,27865231
2021-02-25,22.733117,23.367155,21.557267,21.672546,19007663
2021-02-26,20.369888,21.557267,19.954881,20.289192,22048650
2021-03-01,20.646558,20.715726,19.816546,20.404471,17040915
2021-03-02,20.058633,20.058633,19.055701,19.217093,23214153
2021-03-03,19.136397,20.024049,18.905838,19.943354,14833298
2021-03-04,19.943354,20.842534,19.332372,19.655155,17079854
2021-03-05,20.300720,20.692670,19.655155,20.000993,16173664
2021-03-08,20.865589,21.488099,20.300720,20.692670,23809123
2021-03-09,20.173913,20.266136,18.629167,19.021117,20883288
2021-03-10,18.606111,18.779031,18.110409,18.536944,12143465
2021-03-11,18.698335,19.413068,18.559999,19.378484,10015224
2021-03-12,19.551403,19.805018,19.101813,19.366956,7767186
2021-03-15,19.366956,19.678211,18.975006,19.217093,8488914
2021-03-16,18.836670,18.894310,17.868323,18.144993,18881651
2021-03-17,17.891378,18.421664,17.603180,18.306385,9573500
2021-03-18,18.144993,18.790558,17.949018,18.709863,10102933
2021-03-19,17.464844,17.983602,17.234285,17.314981,18664026
2021-03-22,17.199701,17.603180,17.199701,17.557068,7349402
2021-03-23,17.557068,17.557068,17.061366,17.234285,7100625
2021-03-24,16.842335,16.934559,16.035378,16.277465,19046229
2021-03-25,16.692472,17.407204,16.646360,17.038310,20234231
2021-03-26,16.715528,17.349565,16.623304,17.280397,12192725
2021-03-29,17.545540,17.683875,17.165118,17.372621,9465717
2021-03-30,17.557068,17.683875,17.268869,17.591652,9576096
2021-03-31,17.591652,17.591652,17.061366,17.095950,10742643
2021-04-01,17.211229,17.268869,16.807751,17.176645,7717931
2021-04-02,17.626236,17.637763,16.888447,16.992198,7386690
2021-04-06,16.692472,16.992198,16.600248,16.957614,5847878
2021-04-07,17.107478,17.119006,16.761639,16.934559,6826065
2021-04-08,16.773167,16.923031,16.577192,16.796223,7653302
2021-04-09,16.727055,16.853863,16.450385,16.784695,8344948
2021-04-12,16.807751,16.911503,16.139130,16.323577,7375129
2021-04-13,16.450385,16.473441,16.069962,16.127602,6705225
2021-04-14,16.127602,16.519552,16.069962,16.381217,5721409
2021-04-15,16.784695,16.888447,16.312049,16.600248,11316746
2021-04-16,16.484969,17.211229,16.484969,16.727055,13516787
2021-04-19,16.600248,16.727055,16.450385,16.669416,8023857
2021-04-20,16.669416,16.923031,16.484969,16.727055,8390709
2021-04-21,16.484969,16.519552,16.035378,16.046906,14748918
2021-04-22,16.058434,16.173714,15.850931,15.989267,9498453
2021-04-23,16.000795,16.035378,15.770236,15.862459,7139075
2021-04-26,16.012323,16.369689,15.873987,16.300521,13569767
2021-04-27,16.208298,16.369689,15.804819,16.219826,10339060
2021-04-28,16.208298,17.026782,16.081490,16.888447,17000231
2021-04-29,16.565664,16.657888,15.205366,15.608844,33064154
2021-04-30,15.424397,15.470509,15.113142,15.286062,9758349
2021-05-06,15.447453,16.023851,15.447453,15.804819,11583172
2021-05-07,15.977739,16.611776,15.666484,16.162186,14662708
2021-05-10,16.542608,17.534012,16.231354,17.510956,27263777
2021-05-11,17.061366,17.188173,16.381217,17.072894,19069956
2021-05-12,16.876919,17.683875,16.830807,17.614708,15516118
2021-05-13,17.257341,18.398608,17.119006,17.568596,16235840
2021-05-14,17.072894,17.891378,16.830807,17.637763,13736681
2021-05-17,18.018186,18.041242,17.534012,17.764571,11324982
2021-05-18,17.856795,18.629167,17.833739,18.606111,17344504
2021-05-19,18.248745,18.248745,17.591652,17.695403,14421873
2021-05-20,17.176645,17.176645,16.565664,16.750111,14964292
2021-05-21,16.646360,16.934559,16.496496,16.680944,8720579
2021-05-24,16.819279,17.038310,16.484969,16.519552,9348952
2021-05-25,16.807751,16.957614,16.508024,16.680944,10164546
2021-05-26,16.623304,16.623304,16.265937,16.588720,10359891
2021-05-27,16.519552,16.554136,16.358161,16.508024,9419193
2021-05-28,16.692472,16.784695,16.150658,16.150658,15197620
2021-05-31,16.127602,16.127602,15.804819,15.943155,11256994
2021-06-01,16.023851,16.680944,15.885515,16.600248,17274852
2021-06-02,16.899975,17.949018,16.692472,17.568596,33775455
2021-06-03,17.545540,17.902906,17.280397,17.430260,22288972
2021-06-04,17.095950,17.338037,16.830807,17.153590,13746329
2021-06-07,17.395677,17.879850,17.291925,17.580124,19567452
2021-06-08,17.361093,17.522484,17.165118,17.291925,8909161
2021-06-09,17.683875,18.502360,17.557068,18.421664,25622256
2021-06-10,18.144993,18.375552,17.799155,17.937490,14263247
2021-06-11,17.868323,18.237217,17.753043,17.810683,15097058
2021-06-15,18.041242,18.364024,17.361093,17.741515,13366579
2021-06-16,18.029714,18.790558,18.029714,18.490832,25202700
2021-06-17,18.304412,18.502487,17.710189,18.094686,13411828
2021-06-18,17.663583,17.710189,16.731468,17.104314,18694806
2021-06-21,17.115965,17.267434,16.579999,16.894588,11604555
2021-06-22,17.418903,17.943218,17.220828,17.453857,15707175
2021-06-23,17.244131,17.418903,16.894588,17.244131,10561565
2021-06-24,17.267434,17.395600,16.976148,17.127617,7605653
2021-06-25,17.360646,17.523766,17.022754,17.209177,9443115
2021-06-28,17.407251,17.500463,16.789725,16.882937,10190881
2021-06-29,16.545045,16.894588,16.451833,16.859634,6132987
2021-06-30,16.929542,16.941194,16.451833,16.731468,7397787
2021-07-01,16.871285,16.871285,16.475136,16.498439,4424968
2021-07-02,16.836331,17.081011,16.603302,16.708165,8278677
2021-07-05,16.486788,16.591651,16.020730,16.545045,7505270
2021-07-06,16.778074,16.871285,16.603302,16.754771,6567760
2021-07-07,16.393576,16.778074,16.172199,16.778074,6260570
2021-07-08,16.510090,16.661559,16.288713,16.358622,7133453
2021-07-09,16.335319,16.498439,16.102290,16.416879,5819175
2021-07-12,16.545045,16.626605,16.300365,16.358622,5847498
2021-07-13,16.346970,16.521742,16.207153,16.463485,5062187
2021-07-14,16.486788,16.591651,16.265410,16.277062,6503103
2021-07-15,16.113942,16.242107,15.845958,16.172199,6602034
2021-07-16,16.148896,16.148896,15.904216,15.915867,5181863
2021-07-19,15.927518,15.939170,15.321644,15.391552,10400268
2021-07-20,15.030358,15.414855,14.622557,15.344946,15740945
2021-07-21,15.076963,15.216781,15.042009,15.146872,6011388
2021-07-22,15.449809,15.577975,15.275038,15.426507,10998890
2021-07-23,15.449809,15.566324,14.937146,14.960449,9466730
2021-07-26,14.867237,15.193478,14.634209,14.832283,7001436
2021-07-27,14.972100,15.135221,14.727420,14.739072,8209487
2021-07-28,14.704117,14.855586,14.098242,14.203105,9232413
2021-07-29,14.319620,14.401180,14.144848,14.319620,5975647
2021-07-30,14.261363,14.354574,14.063288,14.179802,6748177
2021-08-02,14.214757,14.377877,13.818608,14.354574,13041209
2021-08-03,14.191454,14.342923,14.051637,14.238060,7837168
2021-08-04,14.238060,14.575951,14.005031,14.517694,9318911
2021-08-05,14.412831,14.412831,14.203105,14.273014,6241819
2021-08-06,14.307968,14.436134,14.156500,14.342923,5994484
2021-08-09,14.273014,14.622557,14.086591,14.564300,8369490
2021-08-10,14.564300,14.774026,14.366226,14.704117,10973918
2021-08-11,14.774026,14.983752,14.715769,14.820632,9182399
2021-08-12,14.774026,14.855586,14.645860,14.680814,5617032
2021-08-13,14.657512,14.715769,14.494391,14.575951,5781255
2021-08-16,14.622557,14.983752,14.564300,14.762374,8385555
2021-08-17,14.680814,14.867237,14.331271,14.366226,7866503
2021-08-18,14.366226,14.774026,14.331271,14.762374,7176159
2021-08-19,14.680814,14.680814,14.366226,14.389528,6823023
2021-08-20,14.331271,14.331271,13.981728,14.191454,9436908
2021-08-23,14.179802,14.657512,14.179802,14.540997,7680938
2021-08-24,14.739072,14.960449,14.657512,14.855586,10677190
2021-08-25,14.983752,15.251735,14.878889,15.146872,11540569
2021-08-26,15.053660,15.251735,14.867237,15.076963,9990367
2021-08-27,15.170175,15.205129,14.960449,15.181826,6665556
2021-08-30,15.181826,15.904216,15.181826,15.612930,11974813
2021-08-31,15.601278,16.370273,15.333295,16.300365,19560290
2021-09-01,16.440182,16.719816,16.009079,16.370273,19145261
2021-09-02,16.358622,16.603302,15.962473,16.533393,14991632
2021-09-03,16.661559,16.964497,16.335319,16.440182,11663364
2021-09-06,16.195502,16.731468,16.137244,16.591651,11516775
2021-09-07,16.661559,17.756795,16.475136,17.407251,22351900
2021-09-08,17.453857,17.477160,16.859634,17.011102,13842069
2021-09-09,17.046057,18.700561,17.046057,18.292761,37232565
2021-09-10,18.059732,18.059732,17.512114,17.686886,19644111
2021-09-13,17.745143,18.432578,17.512114,18.234504,16221716
2021-09-14,18.479184,18.968544,17.686886,17.873309,19404776
2021-09-15,17.523766,18.607350,17.512114,18.141292,14918773
2021-09-16,18.409275,19.224876,18.059732,18.059732,22497920
2021-09-17,18.409275,18.409275,17.337343,17.710189,13793724
2021-09-22,17.185874,17.873309,17.127617,17.791749,13569471
2021-09-23,18.059732,18.316064,17.011102,17.593674,19130156
2021-09-24,18.001475,18.980196,17.593674,17.989823,21590510
2021-09-27,18.117989,18.828727,17.733492,18.374321,17232339
2021-09-28,18.420927,20.215248,18.420927,20.203597,34828838
2021-09-29,19.341390,19.399648,18.514138,18.758818,26312936
2021-09-30,18.409275,18.980196,18.397624,18.758818,9962861
2021-10-08,19.690934,20.576443,19.108362,20.040477,25308378
2021-10-11,20.005522,20.960941,19.539465,19.737539,18296616
2021-10-12,19.737539,20.355066,18.910287,19.108362,19024284
2021-10-13,19.108362,19.108362,17.197525,17.745143,18096875
2021-10-14,17.756795,17.884960,17.127617,17.803400,14538971
2021-10-15,17.651932,18.409275,17.512114,18.234504,13128651
2021-10-18,18.292761,19.015150,17.943218,18.735516,17957306
2021-10-19,18.479184,18.840378,18.164595,18.630653,11980018
2021-10-20,18.164595,18.502487,17.780097,17.931566,9774870
2021-10-21,18.281109,18.385972,17.815052,17.919915,6897926
2021-10-22,17.966520,17.966520,17.267434,17.535417,8389823
2021-10-25,17.815052,18.327715,17.535417,18.246155,9045051
2021-10-26,18.246155,18.479184,17.943218,18.059732,7931541
2021-10-27,18.083035,18.117989,17.512114,17.570372,5428418
2021-10-28,17.325691,17.383948,16.067336,16.871285,15380034
2021-10-29,16.766422,17.465509,16.370273,17.337343,11130374
2021-11-01,17.092662,17.919915,16.894588,17.745143,8540025
2021-11-02,17.710189,18.001475,17.255783,17.768446,6969938
2021-11-03,17.465509,18.059732,17.383948,17.768446,5510297
2021-11-04,17.477160,17.756795,17.290737,17.582023,5462419
2021-11-05,17.488811,17.558720,16.731468,17.115965,9788084
2021-11-08,17.244131,17.978172,17.232480,17.884960,8260060
2021-11-09,17.884960,17.884960,17.279086,17.558720,5064537
2021-11-10,17.733492,18.059732,17.244131,17.850006,6510538
2021-11-11,17.430554,17.710189,17.244131,17.593674,7589422
2021-11-12,17.477160,17.582023,17.290737,17.442206,5104603
2021-11-15,17.453857,17.640280,17.115965,17.337343,4692032
2021-11-16,17.348994,17.570372,16.941194,16.999451,4613763
2021-11-17,16.952845,16.964497,16.579999,16.813028,6116122
2021-11-18,16.649908,16.766422,16.160547,16.195502,14652572
2021-11-19,16.160547,16.510090,16.113942,16.428530,5604624
2021-11-22,16.312016,16.498439,15.997427,16.463485,8134390
2021-11-23,16.312016,16.545045,16.288713,16.381925,4374333
2021-11-24,16.533393,16.766422,16.323667,16.463485,5643498
2021-11-25,16.405228,16.428530,16.125593,16.335319,5206550
2021-11-26,16.137244,16.312016,15.939170,16.020730,5985064
2021-11-29,15.624581,15.869261,15.275038,15.787701,7727712
2021-11-30,15.787701,16.078987,15.741095,15.787701,4179144
2021-12-01,15.682838,15.915867,15.589627,15.845958,6374923
2021-12-02,15.822656,15.822656,15.344946,15.391552,11518063
2021-12-03,15.484764,15.787701,15.391552,15.752747,6341087
2021-12-06,15.647884,16.032381,15.624581,15.717793,6865011
2021-12-07,15.845958,16.148896,15.741095,16.102290,9036560
2021-12-08,16.265410,16.312016,15.974124,16.078987,5099323
2021-12-09,16.125593,16.335319,16.020730,16.207153,5960646
2021-12-10,16.078987,16.183850,15.939170,16.020730,4843578
2021-12-13,16.102290,16.265410,16.055684,16.148896,3519272
2021-12-14,16.032381,16.312016,15.939170,16.195502,6470973
2021-12-15,16.137244,16.300365,16.078987,16.102290,5130714
2021-12-16,16.195502,16.824679,16.125593,16.673211,8849539
2021-12-17,16.731468,17.011102,16.649908,16.661559,6604360
2021-12-20,16.486788,16.859634,16.370273,16.521742,5910699
2021-12-21,16.556696,16.871285,16.533393,16.661559,5268048
2021-12-22,16.824679,17.127617,16.778074,16.882937,6626397
2021-12-23,16.917891,17.232480,16.824679,17.185874,6701495
2021-12-24,17.220828,17.383948,16.964497,17.232480,6141714
2021-12-27,17.232480,17.582023,17.069360,17.139268,4253215
2021-12-28,17.220828,17.651932,17.220828,17.477160,6565632
2021-12-29,17.535417,17.547069,17.209177,17.477160,5841471
2021-12-30,17.430554,17.593674,17.139268,17.197525,5401577
2021-12-31,17.290737,17.547069,17.069360,17.477160,5269637
2022-01-04,17.430554,17.523766,16.964497,17.150920,7529206
2022-01-05,17.185874,17.593674,17.069360,17.232480,7814967
2022-01-06,17.174223,17.314040,16.987800,17.185874,5328322
2022-01-07,17.465509,17.978172,17.267434,17.616977,11398714
2022-01-10,17.628629,17.884960,17.127617,17.290737,8489423
2022-01-11,17.360646,17.360646,16.719816,16.813028,6806238
2022-01-12,17.255783,17.477160,17.127617,17.232480,8055536
2022-01-13,17.279086,17.780097,17.255783,17.488811,10161403
2022-01-14,17.488811,17.488811,16.836331,17.139268,6689178
2022-01-17,17.244131,17.943218,17.232480,17.838355,9166555
2022-01-18,18.024778,18.304412,17.500463,17.791749,11216887
2022-01-19,17.943218,18.048081,17.302388,17.477160,9913699
2022-01-20,17.453857,17.605326,17.185874,17.465509,6275972
2022-01-21,17.348994,17.418903,16.719816,16.743119,6519605
2022-01-24,16.009079,17.418903,15.671187,17.244131,20761876
2022-01-25,16.999451,17.011102,15.962473,16.172199,8840629
2022-01-26,16.265410,17.453857,16.195502,17.255783,13722582
2022-01-27,17.337343,17.698537,16.999451,17.162571,7655096
2022-01-28,17.267434,17.418903,16.475136,16.486788,6442925
2022-02-07,17.185874,18.141292,16.999451,18.141292,23666873
2022-02-08,18.234504,18.479184,17.756795,18.455881,19349754
2022-02-09,18.129641,18.467532,17.884960,18.304412,13829565
2022-02-10,18.281109,18.467532,18.024778,18.420927,13311647
2022-02-11,18.409275,19.015150,18.304412,18.572395,12004450
2022-02-14,19.224876,19.772494,18.653955,19.026802,20494601
2022-02-15,18.956893,18.956893,18.141292,18.327715,11861296
2022-02-16,17.954869,18.304412,17.477160,18.071383,8919890
2022-02-17,17.943218,18.735516,17.791749,18.374321,10482200
2022-02-18,18.129641,18.723864,17.966520,18.327715,6820014
2022-02-21,18.362669,18.514138,17.815052,17.978172,9155887
2022-02-22,18.304412,18.852030,18.013126,18.432578,16421141
2022-02-23,18.246155,18.281109,17.780097,17.896612,9690501
2022-02-24,17.978172,19.690934,17.943218,19.469556,36363836
2022-02-25,18.770470,19.574419,18.432578,19.213225,21190039
2022-02-28,19.283133,20.553140,19.026802,20.017174,26776090
2022-03-01,19.795797,20.098734,19.364693,19.609374,12737743
2022-03-02,20.588094,20.599746,19.842402,20.168643,20824068
2022-03-03,20.518186,21.100758,20.075431,20.296808,24155812
2022-03-04,19.807448,19.970568,19.434602,19.562768,15639997
2022-03-07,20.156991,20.506534,19.621025,19.690934,22549778
2022-03-08,19.690934,19.772494,18.840378,19.178270,15784609
2022-03-09,19.318088,19.376345,17.686886,18.362669,15992534
2022-03-10,18.152944,18.281109,17.593674,18.141292,15087405
2022-03-11,17.884960,18.001475,16.929542,17.453857,19539977
2022-03-14,17.092662,17.232480,16.137244,16.335319,21586716
2022-03-15,15.845958,15.939170,14.797329,14.867237,31312970
2022-03-16,14.902192,15.123569,14.331271,15.088615,28286201
2022-03-17,15.135221,15.577975,14.890540,15.496415,19610963
2022-03-18,15.787701,16.102290,15.508067,15.787701,20645139
2022-03-21,15.845958,16.172199,15.589627,15.904216,12789163
2022-03-22,16.078987,16.591651,16.020730,16.358622,19670303
2022-03-23,16.078987,16.300365,15.915867,16.137244,13123017
2022-03-24,16.405228,16.416879,16.020730,16.090639,9401829
2022-03-25,15.752747,16.346970,15.589627,16.067336,11384342
2022-03-28,16.172199,16.894588,15.787701,16.556696,18517591
2022-03-29,16.312016,16.486788,15.962473,16.242107,15224645
2022-03-30,16.183850,16.230456,15.601278,16.032381,16782867
2022-03-31,16.020730,16.055684,15.857610,15.892564,7245049
2022-04-01,15.845958,15.962473,15.612930,15.811004,7796717
2022-04-06,15.857610,16.300365,15.822656,16.253759,11088802
2022-04-07,16.055684,16.172199,15.589627,15.601278,8659858
2022-04-08,15.659535,15.764398,15.216781,15.496415,7509534
2022-04-11,15.531370,15.787701,15.275038,15.391552,10099254
2022-04-12,15.601278,15.601278,14.960449,15.333295,8709100
2022-04-13,15.473112,15.729444,15.309992,15.554672,9759319
2022-04-14,15.612930,15.845958,15.403204,15.682838,7799905
2022-04-15,15.706141,16.195502,15.706141,16.102290,10423123
2022-04-18,16.113942,16.125593,15.438158,15.566324,7692861
2022-04-19,15.543021,15.892564,15.344946,15.787701,6476773
2022-04-20,15.601278,15.694490,15.123569,15.216781,8251748
2022-04-21,15.146872,15.414855,14.855586,14.948798,8091278
2022-04-22,14.622557,15.193478,14.575951,15.076963,6232433
2022-04-25,14.692466,14.832283,13.573928,13.946774,12824421
2022-04-26,13.841911,13.911819,13.154476,13.259339,8949066
2022-04-27,13.177779,13.981728,13.003007,13.958425,9366128
2022-04-28,13.806956,14.121545,13.702093,13.958425,6968277
2022-04-29,14.098242,14.599254,13.993379,14.552649,8733065
2022-05-05,14.774026,15.146872,14.680814,14.925495,7780349
2022-05-06,14.634209,15.007055,14.482740,14.750723,7508286
2022-05-09,14.739072,14.808980,14.471088,14.715769,4907593
2022-05-10,14.389528,14.552649,14.051637,14.471088,8443142
2022-05-11,14.506043,14.762374,14.447786,14.506043,6453931
2022-05-12,14.622557,14.797329,14.319620,14.459437,6040332
2022-05-13,14.599254,14.762374,14.506043,14.680814,6969188
2022-05-16,14.762374,15.018706,14.622557,14.855586,7451562
2022-05-17,15.111918,15.508067,14.913843,15.298341,12993719
2022-05-18,15.158523,15.158523,14.715769,15.042009,9026262
2022-05-19,14.692466,14.855586,14.401180,14.669163,6753053
2022-05-20,14.645860,14.937146,14.634209,14.913843,5663033
2022-05-23,14.913843,15.193478,14.808980,15.123569,5253585
2022-05-24,15.123569,15.589627,14.913843,14.983752,10769652
2022-05-25,15.076963,15.729444,14.995403,15.659535,11793522
2022-05-26,15.659535,16.463485,15.601278,16.312016,16219834
2022-05-27,16.579999,17.034405,16.486788,16.836331,17561272
2022-05-30,16.917891,17.104314,16.486788,16.813028,10163864
2022-05-31,17.104314,17.698537,16.929542,17.547069,16785425
2022-06-01,17.535417,17.826703,17.127617,17.745143,12258651
2022-06-02,17.558720,17.558720,17.046057,17.302388,14604896
2022-06-06,17.477160,17.931566,17.430554,17.791749,8577736
2022-06-07,17.803400,18.152944,17.675234,18.071383,9602800
2022-06-08,18.059732,18.525790,17.943218,18.444230,11055881
2022-06-09,18.642304,18.933590,18.292761,18.397624,11893127
2022-06-10,18.059732,18.572395,18.048081,18.467532,9495876
2022-06-13,18.385972,18.712213,18.094686,18.304412,10362591
2022-06-14,18.327715,18.886984,18.048081,18.677258,13639016
2022-06-15,18.770470,18.793773,18.269458,18.316064,8235394
2022-06-16,18.222852,18.316064,17.477160,17.768446,16637225
2022-06-17,17.933182,18.215595,17.603701,17.827278,9857226
2022-06-20,17.533098,17.533098,16.238708,16.568189,20780293
2022-06-21,16.674094,16.897670,16.474052,16.674094,10807941
2022-06-22,16.591724,16.756464,16.215174,16.238708,8088965
2022-06-23,16.238708,16.321079,15.909227,16.297544,7378010
2022-06-24,16.309311,16.474052,16.003365,16.050434,6774253
2022-06-27,16.085735,16.674094,16.085735,16.521121,11771902
2022-06-28,16.497586,16.815300,16.426983,16.615258,7671693
2022-06-29,16.650560,16.862369,16.332846,16.403449,6435700
2022-06-30,16.238708,16.426983,16.215174,16.415216,3837511
2022-07-01,16.238708,16.297544,15.979830,16.062201,5948550
2022-07-04,16.156338,16.509354,15.991598,16.415216,7156109
2022-07-05,16.591724,16.768231,16.250476,16.497586,8863343
2022-07-06,15.991598,16.097502,15.603281,15.756254,10289521
2022-07-07,15.803323,15.850391,15.532678,15.591513,6001259
2022-07-08,15.815090,15.968063,15.638582,15.673884,4679124
2022-07-11,15.720952,15.732720,15.320868,15.485609,3829600
2022-07-12,15.532678,15.591513,15.238498,15.415006,4289952
2022-07-13,15.203197,15.356170,15.120826,15.320868,3541648
2022-07-14,15.426773,15.438540,15.120826,15.167895,3502155
2022-07-15,15.191429,15.273800,14.814880,14.814880,6039100
2022-07-18,14.814880,15.356170,14.814880,15.332636,6776702
2022-07-19,15.438540,15.603281,15.297334,15.567979,4863396
2022-07-20,15.603281,15.791556,15.567979,15.685651,4080823
2022-07-21,15.673884,15.685651,15.415006,15.485609,3745368
2022-07-22,15.473842,15.615048,15.309101,15.450307,3334500
2022-07-25,15.450307,15.567979,15.226731,15.238498,3943037
2022-07-26,15.638582,15.815090,15.415006,15.579746,4893920
2022-07-27,15.673884,15.944529,15.473842,15.591513,5531220
2022-07-28,15.885693,16.003365,15.756254,15.862159,5417545
2022-07-29,15.979830,15.979830,15.520910,15.556212,4219868
2022-08-01,15.544445,15.744487,15.379704,15.744487,3412165
2022-08-02,15.638582,15.638582,15.109059,15.438540,4960783
2022-08-03,15.391471,15.673884,15.309101,15.320868,2870213
2022-08-04,15.297334,15.473842,15.061990,15.250265,3428693
2022-08-05,15.214964,15.415006,14.932551,15.415006,4770895
2022-08-08,15.403239,15.403239,15.250265,15.309101,3870568
2022-08-09,15.309101,15.626815,15.297334,15.603281,5192852
2022-08-10,15.673884,15.673884,15.367937,15.532678,3242242
2022-08-11,15.626815,15.673884,15.485609,15.615048,4955181
2022-08-12,15.650349,16.226941,15.650349,16.203407,10976066
2022-08-15,16.097502,16.109269,15.779788,15.991598,8636901
2022-08-16,15.826857,15.897460,15.673884,15.720952,4337580
2022-08-17,15.650349,15.885693,15.650349,15.873926,4350283
2022-08-18,15.909227,15.920995,15.591513,15.779788,4442800
2022-08-19,15.897460,16.168105,15.826857,16.026899,7464759
2022-08-22,15.944529,16.603491,15.779788,16.474052,8045710
2022-08-23,16.485819,17.191850,16.485819,17.074178,12269162
2022-08-24,17.074178,17.380125,16.838835,16.956506,9159709
2022-08-25,17.121247,17.756675,16.944739,17.650770,13496888
2022-08-26,17.486029,17.827278,17.415426,17.615468,14497965
2022-08-29,17.297755,17.992018,17.274220,17.921415,8288476
2022-08-30,18.015553,18.168526,17.886114,18.062621,10729128
2022-08-31,17.650770,17.768442,17.085945,17.215384,9214752
2022-09-01,17.344823,17.627236,17.168316,17.321289,8731484
2022-09-02,17.238919,17.709606,17.062411,17.662537,6913168
2022-09-05,17.874346,18.403870,17.733140,18.227362,7885673
2022-09-06,18.392102,18.650980,18.121457,18.533309,7826320
2022-09-07,18.498007,18.498007,18.180293,18.227362,6174789
2022-09-08,18.215595,18.215595,17.662537,17.768442,8638524
2022-09-09,17.886114,17.933182,17.509564,17.662537,8315359
2022-09-13,17.909648,17.980251,17.309522,17.450728,11560713
2022-09-14,17.250686,17.744907,17.109480,17.497797,7054225
2022-09-15,17.639003,17.874346,17.215384,17.380125,6008971
2022-09-16,17.262453,17.415426,16.756464,16.862369,6866498
2022-09-19,16.944739,17.203617,16.697628,17.085945,5656973
2022-09-20,17.309522,17.427194,16.980041,17.144781,3938047
2022-09-21,17.509564,18.239129,16.827067,18.156759,9564654
2022-09-22,18.050854,18.180293,17.709606,18.062621,9047649
2022-09-23,18.074388,18.592144,17.850812,18.133224,12675268
2022-09-26,17.615468,18.180293,17.168316,17.238919,10143795
2022-09-27,17.156548,17.274220,16.521121,16.721163,7987579
2022-09-28,16.838835,17.180083,16.462285,16.556422,6125252
2022-09-29,16.862369,17.391892,16.638793,16.768231,7483172
2022-09-30,16.909438,17.121247,16.226941,16.885903,6048636
2022-10-10,17.497797,18.180293,17.333056,17.886114,14287786
2022-10-11,17.886114,17.886114,17.062411,17.450728,7648394
2022-10-12,17.391892,17.533098,17.003575,17.533098,7644418
2022-10-13,17.533098,17.533098,16.944739,17.191850,7679106
2022-10-14,17.215384,17.921415,17.215384,17.662537,10724287
2022-10-17,17.427194,17.874346,16.968274,17.839045,9636281
2022-10-18,17.839045,17.992018,17.603701,17.780209,8058243
2022-10-19,17.568400,17.639003,17.144781,17.144781,6378640
2022-10-20,17.297755,17.980251,17.203617,17.909648,12448908
2022-10-21,17.992018,18.192060,17.533098,17.921415,7847490
2022-10-24,18.486240,19.698259,18.486240,19.474683,23822811
2022-10-25,19.274641,19.910069,19.062832,19.392313,13659863
2022-10-26,19.298175,19.580588,19.015763,19.415847,8840984
2022-10-27,19.898301,20.286618,19.357011,19.945370,12213406
2022-10-28,19.886534,20.769073,19.686492,20.474893,17794274
2022-10-31,20.792607,20.792607,19.568820,19.757095,14207947
2022-11-01,19.886534,21.722214,19.604122,21.722214,20363407
2022-11-02,21.722214,22.569451,21.439802,22.004627,16275703
2022-11-03,21.710447,22.334108,21.275061,22.110531,8779785
2022-11-04,22.063462,22.063462,21.392733,21.463336,14471339
2022-11-07,21.475103,21.675146,21.004416,21.345665,10222069
2022-11-08,21.345665,21.922256,21.298596,21.616310,11559349
2022-11-09,21.451569,21.592775,21.180924,21.275061,5072504
2022-11-10,21.051485,21.051485,20.145412,20.216015,18722675
2022-11-11,20.521962,20.686702,20.098343,20.616099,12333128
2022-11-14,20.592565,21.169157,20.392523,20.769073,15648432
2022-11-15,20.616099,20.922046,20.427824,20.639634,8490638
2022-11-16,20.592565,20.851443,20.392523,20.592565,7869209
2022-11-17,20.310153,20.463126,19.933603,20.192481,8836057
2022-11-18,20.051275,20.486660,20.004206,20.180714,8330640
2022-11-21,20.015973,20.157179,19.627656,20.086576,6720774
2022-11-22,20.110111,20.686702,20.004206,20.357221,8226145
2022-11-23,20.533729,20.769073,20.251317,20.545496,7813499
2022-11-24,20.121878,21.016183,20.051275,20.757306,7481970
2022-11-25,20.639634,21.369199,20.592565,21.122088,9437708
2022-11-28,20.698470,20.910279,20.180714,20.333687,9953922
2022-11-29,20.498428,21.027951,20.298385,20.969115,7220992
2022-11-30,21.063252,21.510405,20.722004,20.851443,6463735
2022-12-01,21.133855,21.145622,20.604332,20.722004,6087614
2022-12-02,20.733771,20.910279,20.510195,20.639634,4715468
2022-12-05,20.639634,21.110321,20.545496,20.616099,10234710
2022-12-06,20.580798,20.580798,19.886534,20.286618,10981146
2022-12-07,20.216015,20.439592,19.980672,20.298385,8857882
2022-12-08,20.392523,20.686702,19.804164,20.239550,9272482
2022-12-09,20.157179,20.357221,19.557053,19.698259,9385644
2022-12-12,19.615889,19.757095,19.309942,19.533519,6378873
2022-12-13,19.686492,20.051275,19.533519,19.674725,6027420
2022-12-14,19.662958,20.204248,19.592355,19.957137,6020186
2022-12-15,20.039508,20.098343,19.462916,19.474683,4996576
2022-12-16,19.533519,19.733561,19.321710,19.545286,4510765
2022-12-19,19.674725,19.874767,18.886324,18.956927,6677818
2022-12-20,18.968694,19.404080,18.968694,19.227572,5500718
2022-12-21,19.321710,19.368778,18.851022,19.204038,4225457
2022-12-22,19.380545,19.509984,18.686282,18.839255,4873905
2022-12-23,18.815721,18.898091,18.380335,18.556843,3808906
2022-12-26,18.815721,19.474683,18.215595,19.262874,4999501
2022-12-27,19.333477,19.827698,19.215805,19.710027,5757150
2022-12-28,19.627656,19.792397,19.357011,19.768862,3635406
2022-12-29,19.662958,19.768862,19.180503,19.345244,4598718
2022-12-30,19.345244,19.651191,19.321710,19.509984,4392422
2023-01-03,19.509984,19.827698,19.168736,19.710027,5601722
2023-01-04,19.627656,19.968904,19.521752,19.733561,5013608
2023-01-05,19.557053,20.204248,19.474683,20.086576,5443095
2023-01-06,19.910069,20.027740,19.498217,19.568820,3860015
2023-01-09,19.733561,19.733561,19.133435,19.239339,8242995
2023-01-10,19.357011,19.545286,19.121668,19.192271,5512657
2023-01-11,19.286408,19.368778,19.039297,19.227572,4943332
2023-01-12,19.462916,20.592565,19.251106,19.462916,15995766
2023-01-13,19.662958,20.216015,19.545286,20.121878,9757991
2023-01-16,20.063042,20.710237,19.768862,20.216015,10992056
2023-01-17,20.357221,20.357221,19.415847,19.615889,12106530
2023-01-18,19.757095,19.898301,19.615889,19.710027,7245472
2023-01-19,19.662958,19.745328,18.945160,19.086366,9796937
2023-01-20,19.145202,19.580588,19.039297,19.404080,10421309
2023-01-30,19.474683,19.686492,19.204038,19.321710,7987114
2023-01-31,19.251106,19.439381,19.156969,19.180503,6836379
2023-02-01,19.251106,19.309942,18.968694,19.298175,6616830
2023-02-02,19.227572,19.380545,19.015763,19.074599,6882306
2023-02-03,18.945160,18.992229,18.450938,18.603912,9898262
2023-02-06,18.462705,19.003996,18.439171,18.709816,8914422
2023-02-07,18.709816,18.862790,18.603912,18.650980,4746099
2023-02-08,19.039297,19.109900,18.792186,19.039297,8696368
2023-02-09,18.851022,19.015763,18.780419,19.015763,5882694
2023-02-10,18.968694,19.027530,18.627446,18.815721,6171101
2023-02-13,18.815721,19.227572,18.709816,19.121668,10084988
2023-02-14,19.145202,19.357011,19.039297,19.215805,7801396
2023-02-15,19.262874,19.262874,18.909858,18.968694,5917423
2023-02-16,18.968694,19.133435,18.509774,18.639213,5677192
2023-02-17,18.639213,18.815721,18.568610,18.580377,5157703
2023-02-20,18.674515,18.745118,18.498007,18.745118,4568535
2023-02-21,18.815721,19.027530,18.686282,18.862790,6064155
2023-02-22,18.827488,18.827488,18.603912,18.698049,3520797
2023-02-23,18.721583,18.815721,18.450938,18.486240,6557948
2023-02-24,18.533309,18.603912,18.392102,18.486240,4356524
2023-02-27,18.450938,18.639213,18.392102,18.450938,4584468
2023-02-28,18.439171,18.662747,18.392102,18.639213,4704762
2023-03-01,18.650980,19.133435,18.650980,19.027530,12875004
2023-03-02,19.145202,19.357011,19.086366,19.192271,7177635
2023-03-03,19.215805,19.733561,19.121668,19.498217,10147770
2023-03-06,19.651191,19.698259,19.309942,19.545286,6595078
2023-03-07,19.545286,20.533729,19.533519,20.086576,16209783
2023-03-08,19.874767,20.015973,19.545286,20.004206,9782275
2023-03-09,20.004206,20.274851,19.521752,19.686492,7332814
2023-03-10,19.651191,19.745328,19.180503,19.251106,6280161
2023-03-13,19.545286,20.051275,19.368778,20.051275,10127289
2023-03-14,19.827698,20.204248,19.674725,19.827698,7303885
2023-03-15,19.792397,19.886534,19.392313,19.757095,8558670
2023-03-16,19.392313,19.651191,18.627446,18.839255,16736251
2023-03-17,18.956927,19.474683,18.886324,19.404080,11244577
2023-03-20,20.239550,20.239550,18.568610,18.698049,16999508
2023-03-21,18.698049,18.921625,18.392102,18.662747,8833213
2023-03-22,18.803954,18.933393,18.568610,18.674515,7045919
2023-03-23,18.639213,18.639213,18.215595,18.439171,7826703
2023-03-24,18.439171,18.462705,17.474262,17.544865,22357667
2023-03-27,17.544865,17.603701,16.885903,17.097713,13536966
2023-03-28,17.297755,17.580167,17.250686,17.380125,12026104
2023-03-29,17.450728,17.450728,17.015342,17.062411,8014869
2023-03-30,17.156548,17.309522,16.932972,17.309522,14197477
2023-03-31,17.309522,17.309522,17.062411,17.156548,7714366
2023-04-03,17.474262,17.886114,17.391892,17.615468,17888240
2023-04-04,17.756675,17.874346,17.509564,17.674304,10362411
2023-04-06,17.650770,17.709606,17.309522,17.580167,8842068
2023-04-07,17.521331,17.591934,17.415426,17.544865,3659372
2023-04-10,17.603701,17.968484,17.556633,17.815511,9700879
2023-04-11,17.756675,17.827278,17.427194,17.780209,6076538
2023-04-12,17.791976,18.415637,17.791976,18.345034,15453080
2023-04-13,18.297965,18.945160,18.250896,18.615679,14584169
2023-04-14,18.815721,18.815721,18.368568,18.627446,7219190
2023-04-17,18.698049,19.204038,18.533309,19.003996,11526190
2023-04-18,18.909858,18.909858,18.580377,18.815721,5713490
2023-04-19,18.839255,19.062832,18.674515,18.874557,7988596
2023-04-20,18.874557,19.039297,18.698049,19.027530,4856506
2023-04-21,19.062832,19.215805,18.686282,18.709816,7424461
2023-04-24,18.898091,18.980461,18.592144,18.721583,6434785
2023-04-25,18.862790,19.133435,18.733351,19.003996,9318540
2023-04-26,19.015763,19.098133,18.533309,18.992229,6735908
2023-04-27,19.051064,19.051064,18.627446,18.909858,3625565
2023-04-28,18.933393,19.180503,18.686282,18.992229,7733285
2023-05-04,18.368568,18.768652,17.886114,18.698049,9159603
2023-05-05,18.592144,18.815721,18.180293,18.427404,4880462
2023-05-08,18.462705,19.604122,18.450938,19.568820,15143497
2023-05-09,19.768862,19.980672,19.215805,19.251106,13846673
2023-05-10,19.192271,19.215805,17.886114,17.933182,16678358
2023-05-11,17.850812,18.027320,17.709606,17.850812,6486810
2023-05-12,17.862579,17.921415,17.391892,17.427194,9489925
2023-05-15,17.427194,17.591934,16.944739,17.556633,11852531
2023-05-16,17.650770,17.921415,17.544865,17.839045,7661472
2023-05-17,17.850812,18.003785,17.544865,17.768442,5443112
2023-05-18,17.862579,18.144992,17.697839,17.886114,4218540
2023-05-19,17.780209,17.791976,17.603701,17.674304,5088951
2023-05-22,17.674304,17.815511,17.509564,17.686072,4236916
2023-05-23,17.639003,17.744907,17.180083,17.262453,5511919
2023-05-24,17.227152,17.297755,17.062411,17.085945,6977104
2023-05-25,17.050644,17.168316,16.709396,16.944739,7035059
2023-05-26,16.838835,16.897670,16.662327,16.838835,2824568
2023-05-29,16.874136,17.133014,16.768231,16.956506,5220949
2023-05-30,16.827067,17.062411,16.662327,16.944739,3811346
2023-05-31,16.768231,16.885903,16.544655,16.615258,5284505
2023-06-01,16.521121,16.685861,16.356380,16.615258,6151551
2023-06-02,16.709396,16.980041,16.709396,16.956506,5286033
2023-06-05,17.085945,17.321289,16.885903,16.956506,3424684
2023-06-06,16.944739,16.991808,16.697628,16.756464,3103549
2023-06-07,16.779999,16.838835,16.438750,16.462285,6907282
2023-06-08,16.474052,16.838835,16.462285,16.815300,4447434
2023-06-09,16.779606,16.827208,16.577299,16.624901,3182267
2023-06-12,16.660602,16.767706,16.553498,16.624901,3393653
2023-06-13,16.601100,16.624901,16.363091,16.422593,4326816
2023-06-14,16.517797,16.636801,16.446394,16.529697,2898998
2023-06-15,16.446394,16.529697,16.255987,16.398793,4468411
2023-06-16,16.398793,16.874810,16.398793,16.648702,6368710
2023-06-19,16.636801,16.636801,16.291689,16.374992,6828792
2023-06-20,16.398793,16.422593,16.089381,16.255987,7151391
2023-06-21,16.255987,16.398793,16.113182,16.148884,4965441
2023-06-26,16.065580,16.327390,15.827572,16.017979,5253096
2023-06-27,16.101282,16.351191,15.970377,16.267888,4336586
2023-06-28,16.267888,16.303589,16.041780,16.303589,3632308
2023-06-29,16.386892,16.386892,16.136983,16.315490,4800938
2023-06-30,16.291689,16.613000,16.244087,16.517797,5573597
2023-07-03,16.636801,17.089017,16.565399,16.993814,8698690
2023-07-04,17.053316,17.291325,16.946212,17.231823,7504092
2023-07-05,17.303225,17.446030,17.219922,17.315126,5867210
2023-07-06,17.398429,17.410329,17.196121,17.386528,5400956
2023-07-07,17.398429,17.517433,17.219922,17.398429,5397950
2023-07-10,17.553134,17.672139,17.303225,17.398429,4078516
2023-07-11,17.588836,17.600736,17.338927,17.565035,4240781
2023-07-12,17.672139,17.731641,17.422230,17.505533,4564412
2023-07-13,17.672139,17.767342,17.493632,17.648338,3966617
2023-07-14,17.731641,17.826844,17.588836,17.743541,4321233
2023-07-17,17.684039,17.707840,17.457931,17.660238,2675759
2023-07-18,17.648338,17.648338,17.434130,17.529333,2780972
2023-07-19,17.600736,17.672139,17.517433,17.624537,3099170
2023-07-20,17.636437,17.814944,17.457931,17.481732,3870883
2023-07-21,17.648338,17.648338,17.386528,17.481732,3462079
2023-07-24,17.493632,17.553134,17.303225,17.481732,2277029
2023-07-25,17.588836,17.779242,17.529333,17.695939,4307983
2023-07-26,17.791143,17.803043,17.636437,17.707840,2952294
2023-07-27,17.743541,17.779242,17.529333,17.553134,2359894
2023-07-28,17.553134,17.945848,17.446030,17.850645,4328048
2023-07-31,17.993450,18.124355,17.862545,18.076753,4970091
2023-08-01,18.088654,18.290961,18.041052,18.231459,5563608
2023-08-02,18.302861,18.314762,18.064853,18.171957,4322900
2023-08-03,18.124355,18.148156,17.862545,18.017251,3188515
2023-08-04,18.171957,18.326662,17.957749,17.969649,3341114
2023-08-07,17.945848,18.076753,17.922048,18.005351,2458627
2023-08-08,18.005351,18.064853,17.862545,17.933948,2951100
2023-08-09,18.017251,18.017251,17.826844,17.898247,2550400
2023-08-10,17.993450,18.469467,17.910147,18.421866,6632975
2023-08-11,18.398065,18.493268,18.136255,18.148156,5223207
2023-08-14,18.136255,18.207658,17.826844,18.088654,2884476
2023-08-15,18.112454,18.183857,17.945848,18.183857,3000732
2023-08-16,18.076753,18.088654,17.624537,17.672139,3852001
2023-08-17,17.553134,17.945848,17.398429,17.933948,4724100
2023-08-18,17.981550,18.148156,17.862545,17.898247,3095400
2023-08-21,17.850645,18.064853,17.719740,17.755442,3100258
2023-08-22,17.755442,17.826844,17.517433,17.779242,3859477
2023-08-23,17.707840,17.886346,17.469831,17.612636,4185102
2023-08-24,17.588836,17.767342,17.386528,17.386528,3387700
2023-08-25,17.493632,17.588836,17.255623,17.303225,4296372
2023-08-28,17.922048,18.088654,17.755442,17.803043,8069763
2023-08-29,17.910147,17.993450,17.612636,17.826844,7490008
2023-08-30,17.803043,17.910147,17.576935,17.624537,4806225
2023-08-31,17.529333,17.731641,17.529333,17.636437,4404173
2023-09-01,17.684039,17.791143,17.636437,17.731641,3882302
2023-09-04,17.957749,19.004987,17.862545,18.969285,19685074
2023-09-05,18.945485,18.993086,18.564671,18.921684,8911952
2023-09-06,19.254896,19.397701,18.778879,19.314398,11066772
2023-09-07,19.231095,19.516705,19.076389,19.290597,7790463
2023-09-08,19.135891,19.373900,18.945485,19.254896,5173375
2023-09-11,19.183493,19.481004,19.171593,19.397701,6435300
2023-09-12,19.445303,19.849917,19.326298,19.528606,8211126
2023-09-13,19.719013,19.873718,19.516705,19.671411,6516842
2023-09-14,19.492904,19.885619,19.492904,19.826116,7769187
2023-09-15,19.826116,20.195030,19.766614,19.897519,9405425
2023-09-18,20.016523,20.016523,19.623809,19.873718,6335977
2023-09-19,19.873718,20.040324,19.766614,19.826116,4478136
2023-09-20,19.826116,19.861818,19.588108,19.659510,5708099
2023-09-21,19.600008,19.754714,19.469103,19.576207,4605347
2023-09-22,19.635710,19.742813,19.290597,19.397701,9385386
2023-09-25,19.600008,19.635710,19.290597,19.350099,6433757
2023-09-26,19.350099,19.481004,19.266796,19.290597,3742825
2023-09-27,19.266796,19.778515,19.231095,19.504805,6160602
2023-09-28,19.730913,19.814216,19.278697,19.302497,4523721
2023-10-09,19.290597,19.397701,18.969285,19.278697,5313800
2023-10-10,19.207294,19.600008,19.159692,19.183493,3577500
2023-10-11,19.231095,19.362000,18.874082,19.004987,6853096
2023-10-12,19.123991,19.171593,18.647974,18.743177,5132868
2023-10-13,18.766978,18.862182,18.517069,18.790779,3827600
2023-10-16,19.064489,19.695212,19.052588,19.433402,12435574
2023-10-17,19.302497,19.385800,18.802679,19.350099,5805995
2023-10-18,19.290597,19.421502,18.921684,18.945485,4472571
2023-10-19,19.100190,19.112091,18.552770,18.612273,6093740
2023-10-20,18.719376,18.755078,18.445667,18.552770,3036617
2023-10-23,18.469467,18.600372,18.100554,18.207658,3347535
2023-10-24,18.314762,18.624173,18.136255,18.505169,3596344
2023-10-25,18.826480,19.481004,18.624173,19.171593,8756632
2023-10-26,19.159692,19.159692,18.160056,18.540870,6437955
2023-10-27,18.540870,19.254896,18.362363,19.147792,8185966
2023-10-30,19.040688,19.266796,18.743177,18.766978,6510970
2023-10-31,18.695576,18.707476,18.338563,18.564671,5526484
2023-11-01,18.588472,18.588472,18.207658,18.267160,3769622
2023-11-02,18.314762,18.540870,18.314762,18.409965,3385511
2023-11-03,18.505169,18.564671,18.326662,18.350463,3075070
2023-11-06,18.350463,18.433766,18.017251,18.231459,5745900
2023-11-07,18.231459,18.338563,18.088654,18.231459,4831205
2023-11-08,18.148156,18.148156,17.612636,17.743541,9344036
2023-11-09,17.684039,17.910147,17.565035,17.826844,4562800
2023-11-10,17.755442,18.005351,17.719740,17.874446,4839800
2023-11-13,17.886346,17.945848,17.636437,17.838745,4539408
2023-11-14,18.052952,18.052952,17.755442,17.850645,2909600
2023-11-15,17.874446,17.945848,17.731641,17.803043,3615418
2023-11-16,17.731641,17.922048,17.648338,17.684039,3865101
2023-11-17,17.565035,17.612636,17.291325,17.350827,6080355
2023-11-20,17.362727,17.707840,17.350827,17.684039,7107420
2023-11-21,17.767342,17.874446,17.624537,17.636437,4863735
2023-11-22,17.612636,17.719740,17.565035,17.565035,3453625
2023-11-23,17.553134,17.695939,17.457931,17.636437,3299078
2023-11-24,17.636437,17.707840,17.469831,17.541234,2293462
2023-11-27,17.541234,17.672139,17.446030,17.600736,4552901
2023-11-28,17.505533,17.600736,17.303225,17.529333,4163057
2023-11-29,17.505533,17.684039,17.446030,17.505533,3971408
2023-11-30,17.505533,17.862545,17.493632,17.755442,7482598
2023-12-01,17.672139,17.695939,17.505533,17.660238,4591035
2023-12-04,17.612636,17.814944,17.541234,17.600736,5033468
2023-12-05,17.672139,17.672139,17.327026,17.327026,4326709
2023-12-06,17.327026,17.327026,17.077117,17.160420,4374807
2023-12-07,17.160420,17.243723,17.029515,17.172320,3552496
2023-12-08,17.112818,17.350827,17.112818,17.172320,4570104
2023-12-11,17.172320,17.434130,16.898611,17.386528,5441533
2023-12-12,17.386528,17.434130,17.184221,17.279424,3860700
2023-12-13,17.219922,17.315126,16.898611,16.970013,5162830
2023-12-14,16.993814,17.065217,16.803407,16.839108,4282596
2023-12-15,16.922411,17.041416,16.732005,16.767706,3609285
2023-12-18,16.720104,16.910511,16.696303,16.803407,3375157
2023-12-19,16.886710,16.886710,16.589199,16.684403,3597392
2023-12-20,16.732005,17.053316,16.648702,16.648702,3341387
2023-12-21,16.648702,16.767706,16.470195,16.696303,3912456
2023-12-22,16.743905,16.946212,16.660602,16.862909,3537460
2023-12-25,16.755805,17.053316,16.648702,16.958113,3952402
2023-12-26,16.886710,17.160420,16.874810,16.993814,5853800
2023-12-27,17.065217,17.529333,16.898611,17.457931,8317594
2023-12-28,17.457931,17.469831,17.136619,17.350827,7625051
2023-12-29,17.279424,17.457931,17.160420,17.398429,5361871
2024-01-02,17.398429,17.719740,17.398429,17.636437,4369855
2024-01-03,17.541234,17.779242,17.529333,17.719740,7133024
2024-01-04,17.803043,17.910147,17.612636,17.743541,3286196
2024-01-05,17.743541,17.814944,17.529333,17.648338,5165432
2024-01-08,17.636437,17.719740,17.422230,17.553134,5352800
2024-01-09,17.505533,17.838745,17.350827,17.707840,4468789
2024-01-10,17.636437,17.779242,17.517433,17.576935,4364179
2024-01-11,17.636437,17.636437,17.350827,17.398429,3845066
2024-01-12,17.422230,17.707840,17.410329,17.636437,4862429
2024-01-15,17.553134,17.957749,17.469831,17.898247,5482301
2024-01-16,17.886346,17.933948,17.612636,17.814944,3051982
2024-01-17,17.814944,18.076753,17.588836,17.600736,4572654
2024-01-18,17.553134,17.565035,16.743905,17.410329,6743620
2024-01-19,17.362727,17.434130,17.160420,17.338927,3428276
2024-01-22,17.315126,17.434130,16.541598,16.672502,4987147
2024-01-23,16.636801,16.839108,16.339290,16.767706,4303504
2024-01-24,16.732005,17.065217,16.517797,17.029515,5115970
2024-01-25,17.053316,17.874446,17.053316,17.755442,8791368
2024-01-26,17.850645,18.279060,17.731641,18.183857,9595368
2024-01-29,18.171957,18.564671,18.148156,18.302861,8151190
2024-01-30,18.148156,18.457567,17.993450,18.017251,5818411
2024-01-31,18.017251,18.457567,17.803043,18.290961,9584265
2024-02-01,18.207658,18.433766,17.945848,17.981550,7704845
2024-02-02,18.017251,18.207658,16.743905,17.136619,9399325
2024-02-05,16.970013,17.350827,16.553498,17.041416,12573100
2024-02-06,16.958113,17.338927,16.779606,17.172320,10669487
2024-02-07,17.219922,17.267524,16.565399,16.779606,15152184
2024-02-08,16.684403,16.898611,15.851373,16.874810,16914596
2024-02-19,16.946212,17.457931,16.886710,17.457931,12863285
2024-02-20,17.374628,17.457931,17.160420,17.327026,7206695
2024-02-21,17.196121,17.707840,17.148520,17.672139,8761918
2024-02-22,17.612636,17.969649,17.493632,17.922048,9599892
2024-02-23,17.969649,17.969649,17.588836,17.707840,7885414
2024-02-26,17.695939,17.838745,17.386528,17.422230,7316946
2024-02-27,17.422230,17.446030,17.160420,17.434130,8916926
2024-02-28,17.374628,17.517433,17.112818,17.112818,8963577
2024-02-29,16.970013,17.374628,16.922411,17.374628,6771450
2024-03-01,17.422230,17.565035,17.208022,17.267524,6853043
2024-03-04,17.338927,17.493632,17.291325,17.434130,7479705
2024-03-05,17.362727,17.374628,17.029515,17.184221,7628345
2024-03-06,17.196121,17.493632,17.112818,17.410329,9235573
2024-03-07,17.398429,17.850645,17.374628,17.719740,14500021
2024-03-08,17.731641,17.779242,17.469831,17.695939,8629438
2024-03-11,17.612636,17.695939,17.077117,17.231823,13131378
2024-03-12,17.219922,17.219922,16.934312,17.100918,10963050
2024-03-13,17.029515,17.077117,16.779606,16.922411,10906674
2024-03-14,16.934312,17.672139,16.934312,17.588836,20073155
2024-03-15,17.588836,18.302861,17.422230,18.267160,19283600
2024-03-18,18.267160,18.838381,17.993450,18.671775,14823112
2024-03-19,18.671775,18.957385,18.505169,18.755078,10772579
2024-03-20,18.755078,19.016887,18.481368,18.874082,6896659
2024-03-21,18.933584,19.159692,18.695576,19.052588,7318170
2024-03-22,19.076389,19.183493,18.469467,18.528970,9578005
2024-03-25,18.564671,19.362000,18.564671,19.112091,12540772
2024-03-26,19.278697,19.362000,18.826480,19.207294,11274730
2024-03-27,19.433402,20.266432,19.278697,19.980822,23650404
2024-03-28,19.980822,20.944757,19.897519,20.575843,20327105
2024-03-29,20.587744,22.634618,20.528242,22.634618,15922633
2024-04-01,22.848826,23.812760,22.277605,22.967830,26552043
2024-04-02,22.979730,23.788960,22.610817,22.777423,23419132
2024-04-03,22.967830,23.788960,22.610817,23.610453,31140684
2024-04-08,21.718285,22.587016,21.599280,21.872990,44154044
2024-04-09,21.920592,22.027696,21.313670,21.801588,27466222
2024-04-10,21.789687,22.468012,21.789687,22.110999,18473730
2024-04-11,22.027696,22.646518,21.896791,22.396609,12524158
2024-04-12,22.360908,22.801224,22.158601,22.527514,10265176
2024-04-15,22.158601,23.086834,22.063397,22.825025,13856029
2024-04-16,22.741722,22.872626,22.015795,22.182402,14783543
2024-04-17,22.206202,23.229639,21.837289,23.229639,15132224
2024-04-18,23.039232,23.086834,22.360908,22.551315,13389886
2024-04-19,22.598917,23.634254,22.598917,23.182038,18335593
2024-04-22,22.729821,22.967830,21.813488,21.896791,19611901
2024-04-23,21.623081,22.182402,21.385073,22.051497,15181819
2024-04-24,21.944393,22.218103,21.730185,22.087198,10383148
2024-04-25,22.015795,22.253804,21.813488,21.896791,6746897
2024-04-26,22.158601,22.717921,22.087198,22.194302,11210709
2024-04-29,22.122899,22.122899,21.087562,21.242268,14993909
2024-04-30,21.194666,21.932492,21.063761,21.313670,11428949
2024-05-06,21.063761,21.801588,20.599644,21.670683,15091899
2024-05-07,21.539778,22.206202,21.385073,21.480276,14149365
2024-05-08,21.325571,21.730185,21.325571,21.444575,7050150
2024-05-09,21.539778,21.837289,21.444575,21.694484,6416820
2024-05-10,21.872990,21.920592,21.444575,21.468376,7178350
2024-05-13,21.182765,22.158601,21.123263,21.932492,13113092
2024-05-14,21.896791,22.099099,21.492177,21.539778,12721339
2024-05-15,21.492177,21.753986,21.373172,21.420774,5527801
2024-05-16,21.492177,22.051497,21.396973,21.515977,10432401
2024-05-17,21.539778,21.730185,21.218467,21.658783,7695254
2024-05-20,21.789687,22.551315,21.480276,22.372808,14795493
2024-05-21,22.372808,22.372808,21.611181,21.634982,10044852
2024-05-22,21.480276,21.872990,21.194666,21.254168,9271972
2024-05-23,21.123263,21.158965,20.718649,20.873354,8233467
2024-05-24,20.801952,21.527878,20.730549,21.218467,7964993
2024-05-27,21.182765,21.872990,21.147064,21.777787,7355179
2024-05-28,21.813488,22.301406,21.694484,21.765886,8855640
2024-05-29,21.777787,22.158601,21.682583,21.920592,5361800
2024-05-30,21.837289,22.301406,21.694484,21.837289,9766871
2024-05-31,21.420774,22.015795,21.408874,21.504077,4445130
2024-06-03,21.420774,21.599280,21.111363,21.301770,5865701
2024-06-04,21.182765,21.289869,20.766250,21.206566,5753203
2024-06-05,21.123263,21.301770,20.623445,20.659146,7076528
2024-06-06,20.754350,21.123263,20.659146,20.778151,9391060
2024-06-07,20.932856,21.420774,20.861454,21.028060,6545127
2024-06-11,21.063761,21.218467,20.325934,20.492540,8823776
2024-06-12,20.492525,20.588904,20.203389,20.480478,12671221
2024-06-13,20.432289,20.721425,20.215437,20.372052,9522258
2024-06-14,20.299768,20.504573,20.131105,20.251579,5705107
2024-06-17,20.275673,20.637093,20.179295,20.287721,7403659
2024-06-18,20.420241,20.625046,20.070868,20.540715,7812676
2024-06-19,20.540715,20.890088,20.492525,20.673235,6334435
2024-06-20,20.781661,21.034656,20.215437,20.444336,9572384
2024-06-21,20.456383,20.588904,20.143152,20.323863,5628257
2024-06-24,20.347957,20.384099,19.914253,20.082916,6057811
2024-06-25,20.034726,20.914182,20.034726,20.661188,9870311
2024-06-26,20.612999,20.769614,20.251579,20.709377,7324801
2024-06-27,20.600951,20.612999,20.094963,20.143152,6008638
2024-06-28,20.227484,20.841898,20.058821,20.721425,7426401
2024-07-01,20.721425,21.263555,20.637093,21.167176,7334200
2024-07-02,21.191271,21.239460,20.396147,20.492525,8551237
2024-07-03,20.360005,20.600951,19.938348,20.034726,6230422
2024-07-04,19.878111,20.131105,19.588975,19.721496,10444636
2024-07-05,19.637164,19.829922,19.311886,19.601022,7555858
2024-07-08,19.625117,19.637164,19.155271,19.348028,7741453
2024-07-09,19.480549,19.673306,18.998655,19.637164,8042092
2024-07-10,19.613070,19.673306,19.227555,19.263697,5075938
2024-07-11,19.275744,19.552833,19.155271,19.480549,6924082
2024-07-12,19.480549,19.709448,19.119129,19.179365,5912356
2024-07-15,19.275744,19.396217,18.938418,19.263697,4560300
2024-07-16,19.155271,19.456454,19.119129,19.263697,4122921
2024-07-17,19.155271,19.263697,18.805898,18.829992,7444707
2024-07-18,18.890229,18.974560,18.492667,18.938418,7681300
2024-07-19,18.854087,18.890229,18.576998,18.769756,6553020
2024-07-22,18.649282,18.733614,18.324004,18.673377,6888426
2024-07-23,18.649282,18.805898,18.227625,18.227625,5743241
2024-07-24,18.263767,18.516762,18.131247,18.348099,4429100
2024-07-25,18.215578,18.275815,17.950537,18.034868,4888631
2024-07-26,18.058963,18.372194,18.046915,18.203531,3735350
2024-07-29,18.287862,18.408336,18.143294,18.275815,2914410
2024-07-30,18.191483,18.191483,17.709590,17.745732,6353652
2024-07-31,17.842111,18.299909,17.697542,18.215578,8339260
2024-08-01,18.287862,18.504714,17.902347,18.071010,8577514
2024-08-02,18.071010,18.071010,17.492738,17.565022,11313973
2024-08-05,17.360217,17.528880,17.022891,17.095175,10498590
2024-08-06,17.191554,17.408406,17.167459,17.324075,7295877
2024-08-07,17.299980,17.818016,17.227696,17.661400,7957412
2024-08-08,17.745732,17.890300,17.492738,17.552974,5582173
2024-08-09,17.601164,17.866205,17.552974,17.757779,5366083
2024-08-12,17.709590,17.830063,17.577069,17.721637,4359805
2024-08-13,17.878253,17.986679,17.697542,17.902347,6753100
2024-08-14,17.830063,17.830063,17.468643,17.552974,6165400
2024-08-15,17.552974,17.733684,17.408406,17.552974,5343800
2024-08-16,17.637306,17.637306,17.324075,17.396359,6021841
2024-08-19,17.456596,17.842111,17.384312,17.625258,7868815
2024-08-20,17.552974,17.601164,17.071081,17.131317,7549182
2024-08-21,17.167459,17.263838,17.010844,17.215649,5949782
2024-08-22,17.155412,17.155412,16.890371,17.010844,4789500
2024-08-23,17.143365,17.251791,16.890371,16.938560,5071400
2024-08-26,17.022891,17.336122,17.022891,17.312028,5364800
2024-08-27,17.251791,17.408406,17.107223,17.299980,6296000
2024-08-28,17.203602,17.793921,17.083128,17.540927,9718101
2024-08-29,17.589116,17.685495,17.324075,17.565022,6609271
2024-08-30,17.504785,18.034868,17.480690,17.842111,8585923
2024-09-02,17.733684,17.890300,17.444548,17.565022,8941025
2024-09-03,17.528880,17.769827,17.360217,17.432501,6133177
2024-09-04,17.167459,17.179507,16.504856,16.649424,11988623
2024-09-05,16.721708,16.962655,16.697613,16.854229,5912210
2024-09-06,16.866276,16.926513,16.504856,16.528950,4509349
2024-09-09,16.444619,16.577140,16.131388,16.203672,6979472
2024-09-10,16.143436,16.360288,15.902489,16.167530,4682346
2024-09-11,16.047057,16.059104,15.818157,15.866347,5810755
2024-09-12,15.926583,16.047057,15.854299,15.938631,3597200
2024-09-13,15.998868,16.083199,15.854299,15.866347,4899896
2024-09-18,15.962725,16.143436,15.745873,16.131388,4569040
2024-09-19,16.119341,16.191625,15.745873,16.022962,6818693
2024-09-20,16.022962,16.300051,15.902489,16.083199,7178842
2024-09-23,16.083199,16.251862,16.047057,16.191625,4028371
2024-09-24,16.167530,16.745803,16.167530,16.745803,8398458
2024-09-25,17.010844,17.372264,16.926513,17.022891,9605332
2024-09-26,17.034939,17.432501,16.914465,17.432501,8782722
2024-09-27,17.504785,17.926442,17.492738,17.854158,9469523
2024-09-30,18.311957,19.420312,18.251720,19.372123,23075738
2024-10-08,21.311744,21.311744,19.974490,20.926230,33731492
2024-10-09,20.576857,20.576857,18.829992,18.829992,25009697
2024-10-10,18.829992,19.781732,18.552904,19.251649,19428761
2024-10-11,19.299839,19.552833,18.914324,19.022750,9716785
2024-10-14,18.974560,19.335981,18.793850,19.107081,8860210
2024-10-15,19.022750,19.022750,18.408336,18.444478,9687610
2024-10-16,18.311957,18.552904,18.131247,18.396288,6578268
2024-10-17,18.540856,18.625188,18.010773,18.034868,6594086
2024-10-18,18.083057,18.854087,17.986679,18.601093,9960593
2024-10-21,18.613140,18.673377,18.239673,18.468572,7293000
2024-10-22,18.480620,18.745661,18.432430,18.601093,6092159
2024-10-23,18.769756,18.986608,18.613140,18.866134,8913305
2024-10-24,18.805898,18.805898,18.384241,18.540856,5496764
2024-10-25,18.516762,18.709519,18.432430,18.576998,4184200
2024-10-28,18.589046,18.793850,18.420383,18.793850,7436971
2024-10-29,18.685424,19.119129,18.456525,18.516762,10280598
2024-10-30,18.504714,18.540856,18.034868,18.227625,7961200
2024-10-31,18.263767,18.348099,18.131247,18.167389,6225286
2024-11-01,18.155341,18.793850,18.155341,18.576998,10475801
2024-11-04,18.697472,18.769756,18.348099,18.613140,7161200
2024-11-05,18.625188,18.950466,18.540856,18.902276,10513733
2024-11-06,18.914324,19.697401,18.914324,19.492596,21743030
2024-11-07,19.275744,19.492596,18.926371,19.456454,16902378
2024-11-08,19.456454,19.601022,18.974560,19.022750,14574301
2024-11-11,18.817945,18.890229,18.444478,18.866134,13829350
2024-11-12,18.829992,19.034797,18.480620,18.601093,9878503
2024-11-13,18.432430,18.757708,18.360146,18.733614,6867208
2024-11-14,18.709519,18.950466,18.396288,18.432430,10577720
2024-11-15,18.432430,18.890229,18.324004,18.613140,11264919
2024-11-18,18.613140,19.095034,18.564951,18.685424,11664942
2024-11-19,18.673377,18.842040,18.336051,18.697472,8399853
2024-11-20,18.697472,18.709519,18.504714,18.673377,7284293
2024-11-21,18.673377,18.733614,18.432430,18.528809,7141406
2024-11-22,18.468572,18.601093,17.950537,17.950537,8776200
2024-11-25,17.902347,18.420383,17.866205,18.143294,7640923
2024-11-26,18.251720,18.251720,17.830063,17.854158,5256300
2024-11-27,17.866205,18.071010,17.649353,18.034868,6135135
2024-11-28,18.010773,18.022821,17.793921,17.842111,5025685
2024-11-29,17.938489,18.058963,17.830063,17.902347,5210401
2024-12-02,17.902347,18.095105,17.866205,18.095105,6964709
2024-12-03,18.083057,18.251720,17.914395,18.131247,6664200
2024-12-04,18.083057,18.468572,18.022821,18.263767,8349603
2024-12-05,18.095105,18.167389,17.890300,17.938489,7573725
2024-12-06,17.938489,18.119199,17.938489,18.058963,5791689
2024-12-09,18.046915,18.348099,17.962584,17.998726,9113361
2024-12-10,18.360146,18.420383,17.914395,17.962584,12422626
2024-12-11,17.890300,18.263767,17.890300,18.227625,9126500
2024-12-12,18.311957,18.311957,18.131247,18.239673,4792954
2024-12-13,18.239673,18.239673,17.998726,18.046915,9585938
2024-12-16,17.950537,18.468572,17.950537,18.191483,9123349
2024-12-17,18.203531,18.263767,17.950537,17.998726,7089171
2024-12-18,18.046915,18.251720,18.010773,18.143294,5904510
2024-12-19,18.058963,18.058963,17.516832,17.613211,14428101
2024-12-20,17.613211,17.661400,17.324075,17.384312,10293279
2024-12-23,17.384312,17.866205,17.384312,17.540927,19605722
2024-12-24,17.540927,17.805969,17.444548,17.769827,9628401
2024-12-25,17.818016,17.902347,17.649353,17.781874,6358822
2024-12-26,17.805969,17.866205,17.649353,17.781874,5127821
2024-12-27,17.830063,17.926442,17.733684,17.902347,5034021
2024-12-30,17.926442,18.263767,17.878253,18.239673,8827801
2024-12-31,18.299909,18.649282,18.287862,18.372194,13708923
2025-01-02,18.275815,18.552904,17.986679,18.095105,13022079
2025-01-03,18.119199,18.829992,18.119199,18.589046,21739872
2025-01-06,18.793850,18.866134,18.324004,18.637235,14768926
2025-01-07,18.589046,18.986608,18.468572,18.745661,11797649
2025-01-08,18.673377,18.998655,18.372194,18.552904,11079988
2025-01-09,18.432430,18.540856,17.830063,17.842111,11641210
2025-01-10,17.842111,17.926442,17.492738,17.528880,6550800
2025-01-13,17.781874,18.046915,17.637306,17.866205,9283293
2025-01-14,17.781874,18.649282,17.601164,18.649282,13076147
2025-01-15,18.745661,19.167318,18.444478,18.781803,11942282
2025-01-16,18.974560,19.155271,18.854087,19.046845,9345107
2025-01-17,18.938418,19.167318,18.721566,19.107081,11183839
2025-01-20,19.095034,19.492596,18.998655,19.107081,12653986
2025-01-21,19.107081,19.239602,18.480620,18.552904,7108541
2025-01-22,18.697472,18.709519,18.046915,18.107152,7280100
2025-01-23,18.251720,18.360146,18.119199,18.167389,6723450
2025-01-24,18.167389,18.324004,17.998726,18.155341,8292702
2025-01-27,18.155341,18.299909,18.058963,18.083057,7563361
2025-02-05,18.010773,18.119199,17.239744,17.348170,21182212
2025-02-06,17.360217,17.577069,17.251791,17.552974,8584057
2025-02-07,17.516832,17.745732,17.456596,17.661400,8574395
2025-02-10,17.601164,17.709590,17.516832,17.649353,7718028
2025-02-11,17.757779,17.769827,17.625258,17.697542,6633500
2025-02-12,17.661400,17.709590,17.396359,17.552974,10022949
2025-02-13,17.480690,17.565022,17.384312,17.408406,9742212
2025-02-14,17.408406,17.432501,17.287933,17.324075,8484859
2025-02-17,17.287933,17.360217,17.239744,17.348170,6753009
2025-02-18,17.348170,17.468643,17.263838,17.287933,8330931
2025-02-19,17.239744,17.324075,17.046986,17.275886,8019406
2025-02-20,17.287933,17.456596,17.263838,17.372264,7883473
2025-02-21,17.408406,17.420454,17.239744,17.324075,6250948
2025-02-24,17.239744,17.275886,17.107223,17.143365,7811156
2025-02-25,17.095175,17.203602,17.022891,17.046986,5311566
2025-02-26,17.022891,17.191554,16.998797,17.107223,6630312
2025-02-27,17.083128,17.095175,16.974702,17.046986,7779401
2025-02-28,17.046986,17.444548,16.998797,17.396359,17585403
2025-03-03,17.516832,17.637306,17.143365,17.179507,15716267
2025-03-04,17.083128,17.095175,16.902418,16.974702,8631443
2025-03-05,16.950607,16.986749,16.842181,16.926513,5772643
2025-03-06,16.938560,16.938560,16.733755,16.818087,12028482
2025-03-07,16.806039,16.938560,16.745803,16.806039,8695559
2025-03-10,16.806039,16.878323,16.685566,16.769897,8276810
2025-03-11,16.685566,16.878323,16.480761,16.854229,9737380
2025-03-12,16.866276,16.902418,16.757850,16.854229,5192261
2025-03-13,16.866276,17.022891,16.781945,16.902418,10567070
2025-03-14,16.962655,17.191554,16.926513,17.155412,18135451
2025-03-17,17.540927,18.119199,17.468643,17.673448,37759689
2025-03-18,17.805969,17.805969,17.480690,17.625258,19715416
2025-03-19,17.613211,17.613211,17.360217,17.420454,13795300
2025-03-20,17.396359,17.998726,17.372264,17.998726,27901768
2025-03-21,18.107152,19.155271,18.095105,18.709519,49991846
2025-03-24,18.998655,19.022750,18.155341,18.576998,33864628
2025-03-25,18.432430,18.432430,18.155341,18.275815,16973618
2025-03-26,18.107152,18.263767,17.830063,17.950537,21950301
2025-03-27,18.022821,18.083057,17.420454,17.528880,20759086
2025-03-28,17.492738,17.504785,17.203602,17.215649,17107200
2025-03-31,17.143365,17.167459,16.902418,16.962655,17042797
2025-04-01,17.083128,17.408406,17.071081,17.155412,16620024
2025-04-02,17.046986,17.107223,16.866276,16.974702,13082484
2025-04-03,16.866276,17.022891,16.745803,16.914465,11420268
2025-04-07,15.721779,16.167530,15.227838,15.227838,26222991
2025-04-08,15.179648,15.516974,14.950749,15.492879,21724043
2025-04-09,15.312169,15.697684,15.059175,15.589258,20801581
2025-04-10,15.794063,15.962725,15.685637,15.769968,19881299
2025-04-11,15.504927,15.902489,15.480832,15.854299,10712059
2025-04-14,15.950678,16.251862,15.902489,16.155483,11378103
2025-04-15,16.155483,16.155483,15.974773,16.083199,7219020
2025-04-16,16.071152,16.179578,15.914536,16.155483,7045060
2025-04-17,16.143436,16.143436,16.010915,16.047057,5266700
2025-04-18,16.119341,16.263909,16.059104,16.119341,6635800
2025-04-21,16.131388,16.179578,16.035010,16.143436,5110000
2025-04-22,16.143436,16.227767,16.047057,16.059104,7584656
2025-04-23,16.107294,16.131388,15.950678,16.010915,8841344
2025-04-24,16.263909,16.769897,16.215720,16.540998,28819894
2025-04-25,16.553045,16.625329,16.131388,16.203672,14107688
2025-04-28,16.203672,16.203672,15.974773,16.071152,6901500
2025-04-29,16.035010,16.095246,15.890441,15.938631,7879862
2025-04-30,15.914536,16.095246,15.902489,16.059104,6961125
2025-05-06,16.047057,16.239814,15.962725,16.215720,11111644
2025-05-07,16.324146,16.420524,16.143436,16.312098,11194715
2025-05-08,16.203672,16.275956,16.155483,16.203672,8128751
2025-05-09,16.203672,16.263909,16.071152,16.119341,6185296
2025-05-12,16.155483,16.275956,16.095246,16.275956,9343635
2025-05-13,16.348240,16.396430,16.215720,16.251862,8257900
2025-05-14,16.239814,16.420524,16.155483,16.420524,10280520
2025-05-15,16.420524,16.420524,16.203672,16.203672,7413564
2025-05-16,16.191625,16.239814,16.059104,16.083199,7216080
2025-05-19,16.119341,16.131388,16.010915,16.107294,4722772
2025-05-20,16.119341,16.312098,16.047057,16.288004,7304300
2025-05-21,16.348240,16.360288,16.275956,16.324146,5977031
2025-05-22,16.288004,16.396430,16.239814,16.336193,6975400
2025-05-23,16.372335,16.565092,15.938631,15.998868,13219271
2025-05-26,15.998868,16.107294,15.962725,16.022962,4714500
2025-05-27,16.022962,16.059104,15.926583,15.986820,4372649
2025-05-28,15.986820,16.288004,15.962725,16.251862,8710848
2025-05-29,16.239814,16.263909,16.095246,16.251862,5911806
2025-05-30,16.203672,16.239814,16.143436,16.215720,4081634
2025-06-03,16.239814,16.263909,16.179578,16.239814,6576493
2025-06-04,16.263909,16.420524,16.239814,16.336193,7285167
2025-06-05,16.336193,16.372335,16.227767,16.275956,4453727
2025-06-06,16.324146,16.408477,16.251862,16.384382,5822226
2025-06-09,16.408477,16.697613,16.408477,16.673519,11123528
2025-06-10,16.649424,16.733755,16.432572,16.528950,8595770
2025-06-11,16.602476,16.675993,16.516707,16.639235,6559282
2025-06-12,16.725004,16.896542,16.675993,16.823026,11775286
2025-06-13,17.521432,17.754235,17.068081,17.472421,58541265
2025-06-16,17.827751,18.293356,17.264125,17.337641,48929726
2025-06-17,17.153850,17.876762,16.945553,17.705224,40767768
2025-06-18,17.889015,17.974784,17.460169,17.521432,22773836
2025-06-19,17.411158,18.207587,17.362147,17.840004,34327965
2025-06-20,17.643960,17.741982,17.362147,17.496927,18201499
2025-06-23,18.060554,18.072806,17.594949,17.766488,28348559
2025-06-24,16.872037,17.092586,16.786268,16.884290,34616934
2025-06-25,16.798520,16.859784,16.663740,16.847531,15614690
2025-06-26,16.798520,16.908795,16.639235,16.675993,23619354
2025-06-27,16.614729,16.737257,16.541213,16.663740,11753608
2025-06-30,16.663740,16.872037,16.602476,16.859784,15443842
2025-07-01,16.786268,16.835279,16.663740,16.725004,9883867
2025-07-02,16.994564,17.239619,16.921048,17.166103,29780042
2025-07-03,17.276377,17.276377,17.031323,17.068081,15309003
2025-07-04,16.970059,17.031323,16.921048,16.921048,9554547
2025-07-07,16.921048,16.921048,16.700498,16.761762,9878264
2025-07-08,16.798520,16.847531,16.712751,16.774015,11814009
2025-07-09,16.786268,16.859784,16.712751,16.749509,10138181
2025-07-10,16.749509,16.872037,16.712751,16.859784,9265000
2025-07-11,16.859784,17.019070,16.786268,16.921048,12171300
2025-07-14,16.921048,17.006817,16.921048,16.982312,7811400
2025-07-15,16.896542,16.921048,16.688246,16.712751,10435218
2025-07-16,16.737257,16.810773,16.688246,16.774015,5594042
2025-07-17,16.774015,16.908795,16.712751,16.884290,8896047
2025-07-18,16.896542,17.190608,16.896542,17.031323,15547088
2025-07-21,17.006817,17.349894,17.006817,17.337641,14653267
2025-07-22,17.337641,17.509180,17.215114,17.472421,12929779
2025-07-23,17.496927,17.558191,17.215114,17.227366,10545836
2025-07-24,17.227366,17.398905,17.166103,17.398905,10567487
2025-07-25,17.398905,17.558191,17.276377,17.300883,10766742
2025-07-28,17.300883,17.300883,17.104839,17.202861,8390410
2025-07-29,17.166103,17.251872,17.092586,17.227366,6169710
2025-07-30,17.264125,17.472421,17.264125,17.386652,12979654
2025-07-31,17.349894,17.472421,16.994564,17.055828,11980989
2025-08-01,17.055828,17.104839,16.872037,16.908795,8455214
2025-08-04,16.798520,16.970059,16.725004,16.957806,6522301
2025-08-05,16.945553,17.043575,16.884290,16.994564,6529121
2025-08-06,16.957806,17.202861,16.921048,17.202861,8054300
2025-08-07,17.190608,17.215114,17.043575,17.166103,7154590
2025-08-08,17.068081,17.251872,17.006817,17.166103,8606199
2025-08-11,17.129344,17.227366,16.957806,17.031323,11534559
2025-08-12,17.043575,17.251872,16.994564,17.166103,11915827
2025-08-13,17.190608,17.215114,17.117092,17.166103,8561400
2025-08-14,17.153850,17.251872,16.982312,16.994564,9401603
2025-08-15,16.970059,17.190608,16.970059,17.178355,9257851
2025-08-18,17.153850,17.251872,17.117092,17.129344,12332577
2025-08-19,17.153850,17.166103,17.019070,17.092586,8241401
2025-08-20,17.104839,17.276377,17.031323,17.276377,10461325
2025-08-21,17.288630,17.852257,17.239619,17.754235,24955184
2025-08-22,17.790993,17.803246,17.496927,17.668465,15996177
2025-08-25,17.668465,17.962532,17.594949,17.913521,16170000
2025-08-26,18.011543,18.085059,17.852257,18.023795,11023706
2025-08-27,17.913521,17.962532,17.337641,17.374399,18554675
2025-08-28,17.423410,17.827751,17.141597,17.411158,16409703
2025-08-29,17.460169,17.619454,17.141597,17.166103,20640087
2025-09-01,17.251872,17.325388,17.055828,17.227366,14106708
2025-09-02,17.202861,17.325388,17.006817,17.202861,13042000
2025-09-03,17.251872,17.276377,16.884290,16.945553,12203179
2025-09-04,16.847531,16.872037,16.639235,16.774015,13540989
2025-09-05,16.774015,16.945553,16.675993,16.945553,10479698
2025-09-08,16.908795,17.080333,16.884290,17.043575,8466176
2025-09-09,16.994564,17.043575,16.847531,16.908795,9656367
2025-09-10,16.908795,17.006817,16.847531,16.982312,8626546
2025-09-11,16.945553,17.055828,16.835279,17.043575,9492373
2025-09-12,17.031323,17.055828,16.933301,16.945553,7077111
2025-09-15,16.957806,17.043575,16.933301,16.957806,6570902
2025-09-16,16.957806,16.982312,16.761762,16.847531,8332500
2025-09-17,16.872037,16.957806,16.823026,16.945553,6460541
2025-09-18,16.945553,16.957806,16.602476,16.663740,11913074
2025-09-19,16.675993,16.761762,16.614729,16.749509,7268501
2025-09-22,16.737257,16.749509,16.577971,16.651487,6828600
2025-09-23,16.602476,16.675993,16.418685,16.626982,8608936
2025-09-24,16.651487,16.810773,16.651487,16.725004,7682000
2025-09-25,16.712751,16.725004,16.541213,16.614729,6405426
2025-09-26,16.663740,16.725004,16.590224,16.614729,6470088
2025-09-29,16.602476,16.614729,16.394179,16.565718,7793587
2025-09-30,16.516707,16.528960,16.443191,16.492202,6108856
2025-10-09,16.541213,16.847531,16.479949,16.847531,14228289
2025-10-10,16.786268,17.141597,16.774015,17.092586,14960669
2025-10-13,16.737257,16.823026,16.602476,16.786268,11565166
2025-10-14,16.786268,16.957806,16.712751,16.859784,10979830
2025-10-15,16.798520,16.908795,16.737257,16.872037,7944566
2025-10-16,16.859784,16.957806,16.786268,16.945553,8126920
2025-10-17,16.921048,16.957806,16.688246,16.700498,8010220
2025-10-20,16.712751,16.835279,16.577971,16.835279,8528593
2025-10-21,16.945553,17.251872,16.884290,17.153850,23641270
2025-10-22,17.288630,18.048301,17.190608,17.705224,50182078
2025-10-23,17.717477,17.766488,17.141597,17.423410,31593917
2025-10-24,17.460169,17.607202,17.153850,17.190608,22667595
2025-10-27,17.202861,17.398905,17.006817,17.276377,18773187
2025-10-28,17.251872,17.300883,17.080333,17.104839,12117200
2025-10-29,17.055828,17.141597,16.945553,17.129344,9363403
2025-10-30,17.496927,18.036048,17.337641,17.864510,49105008
2025-10-31,17.901268,17.999290,17.570443,17.631707,21734312
2025-11-03,17.864510,18.011543,17.680718,17.901268,20196400
2025-11-04,17.913521,18.036048,17.754235,17.815499,13542092
2025-11-05,17.717477,17.950279,17.631707,17.876762,10847488
2025-11-06,17.827751,18.146323,17.766488,18.085059,14515578
2025-11-07,18.060554,18.428136,18.011543,18.244345,17573015
2025-11-10,18.207587,18.330114,17.901268,18.244345,11993800
2025-11-11,18.207587,18.342367,18.134070,18.146323,8194711
2025-11-12,18.207587,18.587422,18.146323,18.317861,16051138
2025-11-13,18.134070,18.146323,17.913521,18.097312,14539580
2025-11-14,18.072806,18.391378,17.999290,18.097312,9469800
2025-11-17,18.183081,18.317861,17.913521,18.146323,8902994
2025-11-18,18.134070,18.183081,17.803246,17.876762,7565300
2025-11-19,17.913521,18.244345,17.913521,18.170828,10912419
2025-11-20,18.011543,18.097312,17.766488,17.766488,8892300
2025-11-21,17.705224,17.889015,17.447916,17.484674,11071069
2025-11-24,17.521432,17.643960,17.300883,17.325388,9106400
2025-11-25,17.460169,17.582696,17.300883,17.349894,10877631
2025-11-26,17.288630,17.374399,17.117092,17.141597,10153387
2025-11-27,17.092586,17.190608,17.019070,17.141597,5805996
2025-11-28,17.166103,17.190608,17.043575,17.117092,6394401
2025-12-01,17.141597,17.545938,17.141597,17.509180,11886929
2025-12-02,17.521432,17.692971,17.398905,17.656213,9051081
2025-12-03,17.594949,17.668465,17.472421,17.582696,6747510
2025-12-04,17.558191,17.729729,17.484674,17.521432,6386015
2025-12-05,17.521432,17.705224,17.472421,17.594949,6765364
2025-12-08,17.558191,17.607202,17.239619,17.349894,8900914
2025-12-09,17.264125,17.398905,17.055828,17.092586,8953477
2025-12-10,17.043575,17.080333,16.921048,16.970059,7317444
2025-12-11,16.994564,17.068081,16.823026,16.835279,7760399
2025-12-12,16.872037,16.921048,16.810773,16.847531,9147501
2025-12-15,16.921048,16.970059,16.823026,16.872037,7223700
2025-12-16,16.896542,16.908795,16.541213,16.639235,10835750
2025-12-17,16.565718,16.725004,16.467696,16.700498,7448768
2025-12-18,16.737257,16.933301,16.675993,16.884290,8919500
2025-12-19,16.823026,16.884290,16.749509,16.810773,7016438
2025-12-22,16.859784,16.859784,16.737257,16.798520,6259506
2025-12-23,16.835279,16.933301,16.798520,16.835279,6513941
2025-12-24,16.798520,16.982312,16.749509,16.957806,6932722
2025-12-25,16.957806,17.019070,16.859784,16.908795,6870502
2025-12-26,16.908795,17.043575,16.872037,16.994564,6394516
2025-12-29,16.982312,17.190608,16.921048,17.068081,8968610
2025-12-30,17.178355,17.337641,16.982312,17.190608,10214500
2025-12-31,17.215114,17.362147,17.104839,17.202861,7709063
2026-01-05,17.754235,17.876762,17.215114,17.325388,27858700
2026-01-06,17.227366,17.705224,17.215114,17.705224,19153151
2026-01-07,17.545938,17.545938,17.227366,17.276377,14783338
2026-01-08,17.215114,17.594949,17.129344,17.521432,12689748
2026-01-09,17.705224,17.901268,17.533685,17.815499,22166783
2026-01-12,17.827751,17.827751,17.545938,17.668465,17119839
2026-01-13,17.913521,19.028521,17.913521,18.734455,53326366
2026-01-14,18.991763,19.604400,18.807971,19.089785,49478647
2026-01-15,18.991763,19.102037,18.685444,19.065279,25398894
2026-01-16,18.709949,18.746707,18.023795,18.134070,26552746
2026-01-19,18.170828,18.415883,17.962532,18.305609,18019556
2026-01-20,18.379125,18.415883,18.109565,18.305609,14846528
2026-01-21,18.293356,18.562916,18.195334,18.477147,16190303
2026-01-22,18.550663,19.543136,18.550663,19.175554,33843101
2026-01-23,18.991763,19.163301,18.807971,18.967257,21258704
2026-01-26,19.310334,20.217037,19.310334,20.045499,45955616
2026-01-27,20.045499,20.413082,19.616653,19.726927,35214207
2026-01-28,20.106763,21.062477,19.824949,20.462093,57060702
2026-01-29,20.829675,21.295279,19.873960,21.086983,84626682
2026-01-30,20.792917,21.086983,19.641158,20.278301,59628361
2026-02-02,19.396103,19.837202,18.905993,18.942751,42317700
2026-02-03,19.187807,19.285829,18.734455,19.065279,23970792
2026-02-04,19.261323,19.530884,19.004015,19.432862,31005063
2026-02-05,19.359345,19.616653,18.844729,18.979510,19633829
2026-02-06,18.746707,19.445114,18.489400,19.236818,23743562
2026-02-09,19.273576,19.347092,18.991763,19.077532,17864900
2026-02-10,19.212312,19.396103,18.991763,19.187807,15632983
2026-02-11,18.991763,19.726927,18.991763,19.653411,23717441
2026-02-12,19.726927,20.033246,19.616653,19.739180,21229322
2026-02-13,19.359345,19.457367,19.004015,19.359345,19676906
2026-02-24,19.947477,21.295279,19.824949,21.295279,39062135
2026-02-25,21.295279,21.393301,20.756159,20.890939,64032687
2026-02-26,20.866433,21.197257,20.462093,20.682642,32574378
2026-02-27,20.682642,20.890939,20.388576,20.670389,27281606
2026-03-02,22.741104,22.741104,22.091708,22.741104,149529978
2026-03-03,23.843851,25.020115,23.525280,25.020115,115918077
2026-03-04,25.730775,26.772259,22.520554,25.338687,169937792
2026-03-05,24.297203,26.367918,22.912643,24.260445,123605841
2026-03-06,23.133192,23.402752,22.447038,22.961654,71114003
2026-03-09,25.179401,25.179401,23.194456,23.537533,108398232
2026-03-10,22.042697,22.324510,21.442312,21.920170,64930357
2026-03-11,21.564840,22.300005,21.515829,22.214236,54560880
2026-03-12,22.618576,22.765610,22.054950,22.091708,52543845
2026-03-13,22.447038,22.545060,21.601598,21.675115,34909594
2026-03-16,22.042697,22.655335,21.760884,21.834401,39803501
2026-03-17,21.528082,21.956928,21.234016,21.773137,38243416
2026-03-18,21.393301,21.393301,20.621378,20.952202,33602386
2026-03-19,21.601598,21.809895,20.964455,21.307532,44668352
2026-03-20,20.584620,20.817422,20.339565,20.596873,33418475
2026-03-23,20.682642,20.682642,19.849455,20.008741,33974425
2026-03-24,19.714675,20.082257,19.579895,20.045499,30198584
2026-03-25,19.579895,20.204785,19.445114,20.119015,28937579
2026-03-26,20.119015,20.474345,19.959730,20.462093,32081369
2026-03-27,20.462093,20.462093,19.849455,20.266049,29447688
2026-03-30,20.621378,20.805170,19.788191,19.837202,29790636
2026-03-31,19.751433,20.045499,19.310334,19.347092,24258347
2026-04-01,19.249070,19.457367,18.991763,19.028521,33422567
2026-04-02,19.102037,19.812697,19.040774,19.788191,42598052
2026-04-03,19.775938,19.775938,19.151048,19.420609,25070047
2026-04-07,19.200059,19.800444,18.967257,19.751433,22694918
2026-04-08,18.746707,19.224565,18.673191,19.138796,38403970
2026-04-09,19.310334,19.420609,19.028521,19.249070,27919520
2026-04-10,19.089785,19.543136,19.040774,19.420609,22839437
2026-04-13,19.849455,19.886213,19.212312,19.628905,30758338
2026-04-14,19.310334,19.383851,19.102037,19.236818,22653234
2026-04-15,18.930499,18.967257,18.587422,18.758960,28174422
2026-04-16,18.599674,18.795718,18.513905,18.795718,17445014
2026-04-17,18.697696,18.807971,18.513905,18.685444,16269395
2026-04-20,18.722202,18.722202,18.415883,18.648685,18749007
2026-04-21,18.587422,18.685444,18.477147,18.575169,15233259
2026-04-22,18.562916,18.599674,18.232092,18.293356,21349169
2026-04-23,18.158576,18.783466,18.146323,18.673191,39701811
2026-04-24,18.673191,18.807971,18.256598,18.342367,23081234
2026-04-27,18.305609,18.501652,18.195334,18.330114,18125847
2026-04-28,18.281103,18.526158,18.146323,18.489400,21137051
2026-04-29,18.587422,18.660938,18.317861,18.562916,24863919
2026-04-30,18.685444,18.709949,18.403630,18.501652,18716690
2026-05-06,18.317861,18.317861,17.827751,18.207587,26387066
2026-05-07,17.974784,18.036048,17.582696,17.680718,28248956
2026-05-08,17.803246,17.827751,17.619454,17.668465,18338771
2026-05-11,17.741982,17.815499,17.582696,17.668465,19880191
2026-05-12,17.692971,17.790993,17.496927,17.533685,15128227
2026-05-13,17.533685,17.607202,17.349894,17.484674,19828677
2026-05-14,17.447916,17.472421,17.300883,17.300883,15433676
2026-05-15,17.325388,17.460169,17.239619,17.276377,17662094
2026-05-18,17.509180,17.631707,17.227366,17.423410,27277579
2026-05-19,17.349894,17.509180,17.227366,17.496927,22345032
2026-05-20,17.460169,17.619454,17.313136,17.374399,17426990
2026-05-21,17.129344,17.166103,16.737257,16.761762,24384252
2026-05-22,16.737257,16.835279,16.577971,16.798520,16716553
2026-05-25,16.590224,16.688246,16.418685,16.553465,15604409
2026-05-26,16.614729,16.614729,16.332916,16.443191,14373649
2026-05-27,16.394179,16.430938,16.038850,16.136872,15749529
2026-05-28,16.161377,16.296157,15.953081,15.989839,13198230
2026-05-29,15.965333,16.075608,15.867311,15.965333,15713225
2026-06-01,15.977586,16.100113,15.940828,16.038850,22254474
2026-06-02,16.124619,16.247146,15.879564,16.014344,20656049
2026-06-03,16.014344,16.087861,15.708025,16.051102,20353645
2026-06-04,15.891817,16.051102,15.573245,15.867311,19715961
2026-06-05,15.781542,16.112366,15.781542,15.867311,17169063
2026-06-08,15.732531,16.087861,15.585498,15.695773,19790050
2026-06-09,15.597751,15.634509,15.217916,15.377201,17998242
2026-06-10,15.377201,15.413960,15.021871,15.144399,16154869
2026-06-11,15.319909,15.507960,15.232151,15.344982,16530110
2026-06-12,15.044100,15.683474,15.044100,15.683474,34038388
2026-06-15,15.470349,15.633327,15.257225,15.533033,21527992
2026-06-16,15.507960,15.520497,15.056637,15.131857,15751173
2026-06-17,15.044100,15.094247,14.918733,15.044100,14490003
2026-06-18,14.981416,15.019027,14.805902,14.881122,12148246
2026-06-22,14.856049,14.968879,14.580240,14.943806,23620148
2026-06-23,14.868586,15.081710,14.454873,14.542630,21453112
2026-06-24,14.542630,14.567704,14.066233,14.128917,21116032
2026-06-25,14.053697,14.103844,13.727741,13.903256,18358964
2026-06-26,13.978476,14.016087,13.502080,13.527153,15086637
2026-06-29,13.527153,13.765351,13.201198,13.677594,16371041
2026-06-30,13.614911,13.690131,13.389249,13.552227,11705700
2026-07-01,13.527153,13.765351,13.401786,13.589837,15838705
2026-07-02,13.451933,13.815499,13.414323,13.715205,20703628
2026-07-03,13.765351,14.103844,13.740278,14.041160,17228901
2026-07-06,14.053697,14.279358,13.890719,14.241748,16734561
2026-07-07,14.229211,14.229211,13.790425,13.853109,15275697
2026-07-08,14.091307,14.605314,13.978476,14.580240,39871058
2026-07-09,14.893659,14.893659,14.128917,14.141454,36733148
2026-07-10,13.790425,14.166528,13.577300,14.153991,28039945
2026-07-13,14.367116,14.467410,14.128917,14.266822,20972496
2026-07-14,14.517556,14.918733,14.417262,14.667998,43038309
2026-07-15,14.417262,14.693071,14.291895,14.505020,27997888
2026-07-16,14.479946,14.730681,14.254285,14.642924,24008896
2026-07-17,14.630387,14.968879,14.392189,14.505020,21479481
2026-07-20,14.805902,15.382592,14.743218,15.382592,50792150
2026-07-21,15.144394,15.370055,14.893659,15.056637,38976912
2026-07-22,15.169467,15.533033,15.056637,15.520497,34120534
2026-07-23,15.533033,15.808842,15.407666,15.733621,30198326
2026-07-24,15.959283,16.235091,15.232151,15.257225,35530508
2026-07-27,14.780828,15.420203,14.617850,15.232151,34952197
2026-07-28,15.044100,15.106784,14.805902,15.069173,18534878
2026-07-29,15.131857,15.470349,15.106784,15.445276,19543548
2026-07-30,15.683474,15.984356,15.620791,15.909136,32723821
2026-07-31,15.445276,15.896599,15.445276,15.833915,20485031
2026-08-03,15.633327,15.921672,15.570643,15.884062,17220774
2026-08-04,15.796305,15.846452,15.520497,15.570643,18045642
2026-08-05,15.370055,15.420203,15.169467,15.244688,16085079
2026-08-06,15.194541,15.382592,15.169467,15.332445,13089862
2026-08-07,15.445276,15.507960,15.069173,15.144394,15733199
