date,open,high,low,close,volume
2018-01-02,21.410000,21.680000,21.170000,21.530000,1629839
2018-01-03,21.590000,22.550000,21.530000,21.860000,2747951
2018-01-04,21.650000,22.430000,21.620000,22.400000,2147914
2018-01-05,22.220000,22.460000,21.980000,22.190000,1787036
2018-01-08,22.040000,23.000000,21.950000,22.610000,2514386
2018-01-09,22.670000,22.910000,22.220000,22.430000,1584681
2018-01-10,22.430000,22.670000,21.950000,22.340000,1603055
2018-01-11,23.210000,24.170000,22.820000,24.020000,4154152
2018-01-12,23.810000,24.260000,23.540000,23.630000,2172152
2018-01-15,24.110000,24.500000,22.760000,23.240000,3018485
2018-01-16,23.210000,25.100000,23.030000,24.980000,3645981
2018-01-17,24.710000,25.010000,24.110000,24.920000,2752602
2018-01-18,25.250000,25.760000,24.710000,24.950000,2086011
2018-01-19,24.830000,25.130000,24.200000,25.010000,1942371
2018-01-22,24.950000,25.820000,24.800000,25.670000,2119012
2018-01-23,25.760000,26.060000,25.370000,25.610000,1897085
2018-01-24,25.370000,25.520000,24.800000,25.190000,1746934
2018-01-25,25.460000,25.700000,24.950000,25.220000,1789784
2018-01-26,24.710000,24.770000,24.020000,24.050000,2192794
2018-01-29,24.260000,24.590000,23.930000,24.170000,1606476
2018-01-30,23.840000,23.870000,22.850000,23.060000,2012475
2018-01-31,22.790000,23.960000,22.610000,23.390000,1836622
2018-02-01,23.210000,23.840000,22.790000,23.060000,1416368
2018-02-02,22.610000,24.590000,22.340000,24.260000,2035610
2018-02-05,23.780000,24.560000,23.600000,24.320000,1632959
2018-02-06,23.660000,24.290000,22.160000,22.250000,1892617
2018-02-07,22.970000,23.120000,21.500000,21.710000,1570040
2018-02-08,21.140000,21.860000,20.810000,21.380000,1078479
2018-02-09,20.480000,20.900000,19.310000,19.310000,1977915
2018-02-12,19.430000,20.240000,19.400000,20.150000,1273562
2018-02-13,20.510000,20.930000,20.390000,20.450000,1125136
2018-02-14,20.810000,21.080000,20.600000,20.930000,868006
2018-02-22,21.980000,22.940000,21.740000,22.940000,1047616
2018-02-23,24.980000,24.980000,23.870000,24.770000,4362488
2018-02-26,24.890000,27.110000,24.590000,26.540000,5056329
2018-02-27,26.120000,26.300000,25.220000,25.400000,3946310
2018-02-28,25.220000,26.510000,25.220000,26.450000,3849782
2018-03-01,25.820000,26.510000,25.730000,26.000000,2845919
2018-03-02,25.700000,26.960000,25.400000,25.790000,3336636
2018-03-05,25.970000,27.920000,25.460000,27.710000,4303335
2018-03-06,27.410000,27.800000,26.570000,27.470000,3309197
2018-03-07,27.350000,27.740000,26.810000,26.900000,2055969
2018-03-08,26.270000,26.690000,25.520000,25.820000,3136482
2018-03-09,25.610000,26.420000,25.520000,26.000000,2100081
2018-03-12,26.330000,27.920000,26.330000,27.260000,3853914
2018-03-13,27.260000,29.060000,26.930000,28.610000,3817094
2018-03-14,28.550000,29.690000,27.920000,28.100000,3915915
2018-03-15,28.670000,29.630000,28.070000,29.090000,3607247
2018-03-16,28.910000,28.910000,28.190000,28.400000,2383105
2018-03-19,28.070000,30.110000,27.830000,29.780000,3069310
2018-03-20,29.330000,30.020000,29.060000,29.360000,2250096
2018-03-21,29.210000,29.540000,28.070000,28.400000,2610688
2018-03-22,28.760000,29.150000,27.680000,28.370000,2318641
2018-03-23,26.690000,27.560000,25.610000,25.670000,3509301
2018-03-26,25.010000,26.930000,24.800000,26.900000,2840745
2018-03-27,27.140000,27.620000,26.720000,27.350000,2556602
2018-03-28,26.510000,26.960000,26.060000,26.150000,1927619
2018-03-29,26.090000,26.510000,25.100000,26.210000,1907553
2018-03-30,26.360000,26.630000,25.940000,26.150000,1582693
2018-04-02,25.940000,25.940000,25.070000,25.370000,1980133
2018-04-03,24.740000,25.310000,24.500000,25.190000,1178716
2018-04-04,25.340000,25.430000,24.560000,24.590000,1155191
2018-04-09,24.530000,25.130000,24.440000,24.920000,1087121
2018-04-10,25.040000,26.510000,24.950000,26.480000,2478854
2018-04-11,26.630000,26.780000,26.150000,26.360000,1730920
2018-04-12,26.210000,26.300000,25.310000,25.490000,1491451
2018-04-13,25.760000,25.910000,25.100000,25.490000,1045410
2018-04-16,25.220000,25.730000,25.100000,25.190000,848672
2018-04-17,25.190000,25.190000,23.270000,23.660000,2077745
2018-04-18,23.900000,24.200000,22.700000,24.050000,1425344
2018-04-19,24.170000,24.650000,23.870000,24.290000,1253348
2018-04-20,23.870000,24.500000,23.660000,23.720000,1081854
2018-04-23,23.750000,24.020000,23.210000,23.660000,769758
2018-04-24,23.720000,24.980000,23.720000,24.710000,1668382
2018-04-25,24.500000,24.650000,24.110000,24.260000,1047156
2018-04-26,24.170000,24.380000,23.390000,23.420000,937177
2018-04-27,23.660000,23.750000,23.330000,23.450000,653326
2018-05-02,24.560000,24.710000,23.900000,23.990000,1038342
2018-05-03,23.630000,23.750000,22.550000,23.570000,1130321
2018-05-04,23.210000,23.690000,23.120000,23.210000,681191
2018-05-07,23.060000,24.020000,23.000000,23.900000,1114495
2018-05-08,23.750000,24.110000,23.690000,23.990000,900489
2018-05-09,24.050000,24.050000,23.540000,23.690000,695080
2018-05-10,23.750000,24.080000,23.660000,23.900000,792024
2018-05-11,23.960000,25.670000,23.840000,25.160000,2838576
2018-05-14,25.220000,26.060000,24.740000,25.580000,2317934
2018-05-15,25.550000,26.000000,25.160000,25.700000,1353310
2018-05-16,25.400000,25.670000,25.190000,25.250000,1086636
2018-05-17,25.460000,25.670000,24.890000,25.010000,875669
2018-05-18,25.040000,25.400000,24.620000,25.310000,993194
2018-05-21,25.580000,26.060000,25.370000,25.520000,1318460
2018-05-22,25.220000,25.220000,24.470000,25.040000,1638603
2018-05-23,24.680000,24.890000,24.080000,24.110000,1276380
2018-05-24,23.900000,24.260000,23.870000,24.020000,640340
2018-05-25,23.990000,24.140000,23.240000,23.300000,890556
2018-05-28,23.360000,23.630000,22.850000,23.300000,621216
2018-05-29,23.300000,23.480000,22.970000,23.120000,718899
2018-05-30,22.730000,22.730000,21.140000,21.740000,1419490
2018-05-31,21.920000,22.190000,21.740000,22.040000,768348
2018-06-01,21.980000,22.700000,21.770000,22.220000,843125
2018-06-04,22.220000,22.280000,21.350000,21.770000,807813
2018-06-05,21.740000,22.250000,21.650000,22.250000,716987
2018-06-06,22.220000,22.940000,22.130000,22.640000,1150759
2018-06-07,22.850000,22.910000,22.370000,22.400000,724552
2018-06-08,22.250000,22.310000,21.770000,22.010000,646368
2018-06-11,22.070000,22.370000,21.950000,22.100000,548820
2018-06-12,21.980000,22.100000,21.470000,22.040000,642656
2018-06-13,21.710000,21.950000,21.590000,21.590000,508229
2018-06-14,21.410000,21.920000,21.320000,21.590000,509740
2018-06-15,21.590000,21.770000,20.840000,21.200000,897272
2018-06-19,20.570000,20.570000,19.160000,19.160000,1385414
2018-06-20,18.890000,19.610000,18.800000,19.430000,866203
2018-06-21,19.400000,19.790000,18.980000,19.010000,767325
2018-06-22,18.740000,19.820000,18.440000,19.610000,944925
2018-06-25,19.790000,20.000000,19.490000,19.550000,772692
2018-06-26,19.180000,19.900000,18.850000,19.840000,614100
2018-06-27,19.810000,19.990000,19.300000,19.390000,565417
2018-06-28,19.210000,19.570000,19.090000,19.210000,471853
2018-06-29,19.120000,19.840000,19.120000,19.810000,842906
2018-07-02,19.720000,19.750000,19.180000,19.360000,699425
2018-07-03,19.390000,19.510000,18.820000,19.390000,656011
2018-07-04,19.330000,19.510000,19.000000,19.060000,494165
2018-07-05,19.060000,19.210000,17.590000,17.770000,930419
2018-07-06,17.710000,18.160000,17.230000,17.890000,937056
2018-07-09,17.890000,18.370000,17.890000,18.370000,801719
2018-07-10,18.400000,19.780000,18.400000,19.600000,1628365
2018-07-11,18.940000,20.350000,18.880000,19.810000,1834154
2018-07-12,19.570000,20.050000,19.390000,19.930000,1191426
2018-07-13,19.930000,21.040000,19.660000,20.530000,1745652
2018-07-16,20.260000,20.530000,19.930000,20.140000,959453
2018-07-17,19.990000,20.200000,19.540000,19.840000,1007205
2018-07-18,19.810000,19.900000,19.270000,19.360000,930511
2018-07-19,18.910000,19.330000,18.670000,18.820000,1022011
2018-07-20,18.940000,19.300000,18.730000,19.090000,850547
2018-07-23,19.060000,19.480000,18.520000,19.450000,1091803
2018-07-24,19.240000,20.020000,18.970000,19.450000,3843728
2018-07-25,19.540000,19.540000,18.970000,19.180000,2447407
2018-07-26,19.090000,19.150000,18.430000,18.550000,2187308
2018-07-27,18.430000,18.610000,18.160000,18.310000,1231574
2018-07-30,18.460000,18.820000,18.310000,18.580000,1548097
2018-07-31,18.940000,19.030000,18.400000,18.520000,1655315
2018-08-01,18.550000,18.670000,17.890000,17.920000,1926321
2018-08-02,17.800000,17.800000,16.840000,17.230000,1946061
2018-08-03,17.140000,17.260000,16.570000,16.600000,1357935
2018-08-06,16.450000,16.450000,15.160000,15.280000,2447220
2018-08-07,15.400000,15.730000,14.770000,15.700000,1916601
2018-08-08,15.610000,15.700000,15.100000,15.220000,1329069
2018-08-09,15.310000,16.150000,15.250000,15.910000,2123209
2018-08-10,16.030000,16.030000,15.790000,15.970000,1276749
2018-08-13,15.640000,16.180000,15.520000,16.090000,1206046
2018-08-14,16.030000,16.060000,15.820000,15.970000,914444
2018-08-15,15.940000,16.030000,15.490000,15.520000,857980
2018-08-16,15.220000,15.730000,15.100000,15.520000,833832
2018-08-17,15.730000,15.820000,15.310000,15.340000,853834
2018-08-20,15.460000,15.790000,15.340000,15.760000,967959
2018-08-21,15.790000,15.970000,15.610000,15.850000,1133458
2018-08-22,15.790000,15.820000,15.430000,15.460000,875831
2018-08-23,15.490000,15.730000,15.400000,15.640000,771261
2018-08-24,15.580000,15.580000,15.310000,15.370000,856088
2018-08-27,15.460000,15.700000,15.400000,15.670000,1269619
2018-08-28,15.850000,16.060000,15.580000,15.880000,1773961
2018-08-29,15.850000,15.850000,15.610000,15.640000,919369
2018-08-30,15.670000,15.700000,15.340000,15.370000,1027991
2018-08-31,15.250000,15.310000,14.950000,15.040000,981560
2018-09-03,15.160000,15.250000,14.890000,15.130000,889191
2018-09-04,15.010000,15.190000,14.800000,15.100000,1005298
2018-09-05,15.010000,15.010000,14.590000,14.620000,916378
2018-09-06,14.530000,14.740000,14.260000,14.380000,848202
2018-09-07,14.440000,14.650000,14.230000,14.380000,792126
2018-09-10,14.350000,14.350000,13.780000,13.810000,904530
2018-09-11,13.780000,13.900000,13.510000,13.810000,840708
2018-09-12,13.780000,14.230000,13.660000,14.050000,1152931
2018-09-13,14.320000,14.440000,14.050000,14.230000,1025600
2018-09-14,14.230000,14.530000,14.140000,14.230000,1193152
2018-09-17,14.140000,14.140000,13.750000,13.750000,717178
2018-09-18,13.690000,14.290000,13.600000,14.140000,1018493
2018-09-19,14.140000,14.500000,14.050000,14.380000,1284113
2018-09-20,14.410000,14.830000,14.380000,14.500000,1532095
2018-09-21,14.620000,15.100000,14.320000,14.890000,1925317
2018-09-25,14.650000,15.040000,14.590000,14.830000,1064747
2018-09-26,14.830000,15.010000,14.740000,14.830000,1105709
2018-09-27,14.830000,14.950000,14.620000,14.770000,914657
2018-09-28,14.740000,14.770000,14.470000,14.620000,1486141
2018-10-08,14.290000,14.350000,13.780000,13.840000,1231569
2018-10-09,13.900000,14.080000,13.810000,13.990000,710813
2018-10-10,14.110000,14.140000,13.690000,13.870000,866964
2018-10-11,13.270000,13.390000,12.580000,12.580000,1976688
2018-10-12,12.370000,12.550000,11.560000,12.310000,1632700
2018-10-15,12.190000,12.490000,11.980000,12.070000,923112
2018-10-16,12.160000,12.280000,11.920000,12.040000,822166
2018-10-17,12.190000,12.310000,11.620000,11.950000,1232737
2018-10-18,11.740000,11.860000,11.590000,11.650000,797711
2018-10-19,11.440000,11.980000,11.260000,11.890000,959787
2018-10-22,12.010000,12.940000,11.890000,12.700000,1972141
2018-10-23,12.700000,12.730000,12.190000,12.280000,1237788
2018-10-24,12.160000,12.580000,12.160000,12.430000,1097898
2018-10-25,11.860000,12.400000,11.770000,12.340000,960993
2018-10-26,12.550000,12.790000,12.370000,12.460000,1429520
2018-10-29,12.400000,12.430000,12.160000,12.220000,740708
2018-10-30,12.340000,12.700000,12.280000,12.580000,1331322
2018-10-31,12.730000,13.270000,12.550000,13.150000,2282730
2018-11-01,13.120000,13.300000,12.910000,12.970000,2109748
2018-11-02,13.240000,13.690000,13.030000,13.510000,2785307
2018-11-05,13.300000,13.540000,13.180000,13.330000,1695284
2018-11-06,13.210000,13.330000,13.060000,13.210000,968788
2018-11-07,14.200000,14.410000,13.750000,13.840000,4036542
2018-11-08,13.840000,13.900000,13.540000,13.570000,1751206
2018-11-09,13.390000,13.450000,13.240000,13.300000,1125855
2018-11-12,13.150000,13.480000,13.060000,13.450000,1335948
2018-11-13,13.180000,13.600000,13.120000,13.540000,1639585
2018-11-14,13.480000,13.600000,13.330000,13.360000,1211977
2018-11-15,13.270000,13.480000,13.240000,13.480000,1121498
2018-11-16,13.510000,13.600000,13.390000,13.480000,1321266
2018-11-19,13.420000,13.480000,13.270000,13.420000,1062345
2018-11-20,13.300000,13.630000,13.240000,13.300000,1485569
2018-11-21,13.090000,13.240000,12.850000,13.210000,1011295
2018-11-22,13.240000,13.330000,13.090000,13.120000,607448
2018-11-23,13.120000,13.180000,12.490000,12.550000,1208750
2018-11-26,12.490000,12.640000,12.310000,12.340000,652098
2018-11-27,12.460000,12.580000,12.340000,12.490000,601282
2018-11-28,12.430000,12.580000,12.250000,12.580000,713245
2018-11-29,12.730000,12.850000,12.520000,12.580000,1055420
2018-11-30,12.520000,13.030000,12.400000,12.850000,1377406
2018-12-03,13.150000,13.330000,13.090000,13.210000,1385767
2018-12-04,13.210000,13.210000,13.030000,13.150000,889807
2018-12-05,12.940000,13.510000,12.850000,13.330000,1647659
2018-12-06,13.240000,13.300000,13.090000,13.120000,832440
2018-12-07,13.210000,13.240000,13.030000,13.090000,501398
2018-12-10,13.030000,13.060000,12.850000,12.850000,558335
2018-12-11,12.940000,13.030000,12.850000,13.000000,384069
2018-12-12,13.120000,13.240000,13.030000,13.210000,840131
2018-12-13,13.270000,13.450000,13.150000,13.390000,1010836
2018-12-14,13.330000,13.480000,13.150000,13.180000,1616632
2018-12-17,13.120000,13.420000,13.060000,13.390000,909727
2018-12-18,13.300000,13.510000,13.210000,13.390000,843287
2018-12-19,13.330000,13.390000,13.180000,13.210000,528254
2018-12-20,13.210000,13.330000,12.970000,13.090000,745642
2018-12-21,13.000000,13.090000,12.670000,12.730000,758384
2018-12-24,12.730000,12.940000,12.700000,12.790000,366200
2018-12-25,12.670000,12.670000,12.220000,12.610000,768911
2018-12-26,12.490000,12.640000,12.460000,12.460000,402454
2018-12-27,12.670000,12.730000,12.190000,12.220000,607805
2018-12-28,12.310000,12.370000,12.160000,12.220000,512830
2019-01-02,12.280000,12.310000,11.890000,12.070000,542697
2019-01-03,12.040000,12.220000,11.950000,12.160000,551982
2019-01-04,11.980000,12.490000,11.950000,12.430000,860509
2019-01-07,12.520000,12.670000,12.430000,12.610000,861047
2019-01-08,12.640000,12.640000,12.490000,12.490000,488645
2019-01-09,12.520000,12.730000,12.430000,12.520000,677066
2019-01-10,12.460000,12.520000,12.340000,12.340000,560124
2019-01-11,12.340000,12.490000,12.340000,12.430000,368865
2019-01-14,12.460000,12.520000,12.340000,12.370000,467984
2019-01-15,12.400000,12.580000,12.340000,12.520000,676370
2019-01-16,12.490000,12.520000,12.370000,12.400000,443858
2019-01-17,12.400000,12.550000,12.280000,12.400000,625544
2019-01-18,12.370000,12.820000,12.370000,12.700000,1460844
2019-01-21,12.850000,12.850000,12.670000,12.700000,872269
2019-01-22,12.670000,12.700000,12.490000,12.520000,649456
2019-01-23,12.490000,12.610000,12.430000,12.610000,420931
2019-01-24,12.580000,12.610000,12.430000,12.520000,440796
2019-01-25,12.520000,12.610000,12.430000,12.490000,503614
2019-01-28,12.550000,12.610000,12.430000,12.460000,502963
2019-01-29,12.430000,12.430000,11.800000,12.310000,741418
2019-01-30,12.220000,12.430000,12.130000,12.310000,397259
2019-01-31,12.490000,12.640000,12.280000,12.460000,961438
2019-02-01,12.520000,12.670000,12.430000,12.640000,744697
2019-02-11,12.640000,13.180000,12.610000,13.120000,1529363
2019-02-12,13.000000,13.150000,12.940000,13.090000,1218535
2019-02-13,13.090000,13.750000,13.030000,13.510000,2219592
2019-02-14,13.450000,13.510000,13.270000,13.420000,1237517
2019-02-15,13.360000,13.720000,13.300000,13.420000,1261207
2019-02-18,13.600000,13.930000,13.480000,13.900000,1995174
2019-02-19,13.930000,14.260000,13.660000,13.870000,1962003
2019-02-20,13.930000,14.380000,13.870000,14.200000,2525543
2019-02-21,14.200000,14.320000,13.900000,13.960000,1968131
2019-02-22,13.900000,14.110000,13.690000,14.110000,1587844
2019-02-25,14.320000,15.280000,14.320000,15.280000,3545060
2019-02-26,15.460000,16.420000,14.980000,15.700000,4384830
2019-02-27,15.490000,15.880000,15.040000,15.340000,2771507
2019-02-28,15.340000,15.490000,15.100000,15.220000,1378800
2019-03-01,15.370000,15.460000,15.010000,15.310000,1452321
2019-03-04,15.340000,15.730000,15.280000,15.430000,2540630
2019-03-05,15.310000,15.580000,15.130000,15.580000,2016525
2019-03-06,15.580000,16.330000,15.580000,16.150000,3865975
2019-03-07,16.060000,16.960000,15.820000,16.390000,3663596
2019-03-08,16.060000,16.060000,15.040000,15.220000,2927072
2019-03-11,15.220000,15.520000,15.010000,15.490000,1747855
2019-03-12,15.520000,15.790000,15.220000,15.490000,2082923
2019-03-13,15.460000,15.700000,15.190000,15.430000,1913375
2019-03-14,15.340000,15.700000,15.040000,15.190000,1775616
2019-03-15,15.460000,15.550000,15.130000,15.220000,1458064
2019-03-18,15.250000,15.790000,15.250000,15.790000,2330224
2019-03-19,15.700000,15.850000,15.550000,15.730000,1654262
2019-03-20,15.850000,15.880000,15.370000,15.580000,1614485
2019-03-21,15.580000,15.760000,15.490000,15.550000,1800054
2019-03-22,15.490000,15.550000,15.100000,15.280000,1795986
2019-03-25,14.950000,15.040000,14.770000,14.770000,1793811
2019-03-26,14.800000,14.950000,14.380000,14.470000,1353967
2019-03-27,14.530000,14.620000,14.230000,14.380000,914203
2019-03-28,14.380000,14.740000,14.230000,14.530000,1049219
2019-03-29,14.590000,14.920000,14.380000,14.920000,1462387
2019-04-01,15.010000,16.030000,15.010000,15.790000,3518612
2019-04-02,15.940000,16.390000,15.580000,16.030000,3559466
2019-04-03,15.880000,16.090000,15.670000,15.970000,2205528
2019-04-04,16.090000,16.480000,15.970000,16.150000,2720546
2019-04-08,16.480000,16.600000,16.030000,16.210000,2963372
2019-04-09,16.150000,16.150000,15.610000,15.820000,2199860
2019-04-10,15.670000,15.880000,15.580000,15.790000,1246152
2019-04-11,15.760000,16.120000,15.580000,15.610000,1673082
2019-04-12,15.490000,15.670000,15.340000,15.490000,1024947
2019-04-15,15.760000,15.850000,15.460000,15.490000,1175071
2019-04-16,15.370000,15.820000,15.220000,15.820000,1744537
2019-04-17,15.820000,15.820000,15.610000,15.670000,1279985
2019-04-18,15.670000,15.760000,15.370000,15.400000,1246219
2019-04-19,15.310000,15.490000,15.250000,15.490000,902117
2019-04-22,15.280000,15.280000,14.770000,14.800000,2211196
2019-04-23,14.800000,14.860000,14.470000,14.590000,1262971
2019-04-24,14.620000,14.770000,14.470000,14.740000,845820
2019-04-25,14.710000,14.740000,14.290000,14.290000,1012910
2019-04-26,14.200000,14.290000,14.050000,14.050000,773287
2019-04-29,14.050000,14.140000,13.300000,13.450000,1175475
2019-04-30,13.390000,13.690000,13.300000,13.570000,694018
2019-05-06,13.210000,13.270000,12.340000,12.670000,1303745
2019-05-07,12.790000,12.970000,12.640000,12.850000,770515
2019-05-08,12.580000,13.000000,12.490000,12.850000,712823
2019-05-09,12.730000,12.940000,12.640000,12.730000,585666
2019-05-10,12.790000,13.000000,12.580000,12.940000,901402
2019-05-13,12.850000,12.910000,12.670000,12.670000,546475
2019-05-14,12.550000,12.790000,12.490000,12.610000,503401
2019-05-15,12.700000,12.790000,12.670000,12.730000,526262
2019-05-16,12.760000,13.150000,12.730000,13.090000,1240672
2019-05-17,13.120000,13.150000,12.640000,12.700000,866836
2019-05-20,12.640000,12.760000,12.400000,12.760000,598172
2019-05-21,12.760000,13.180000,12.670000,13.120000,1022772
2019-05-22,13.090000,13.150000,12.850000,12.970000,760890
2019-05-23,12.940000,12.940000,12.670000,12.700000,542162
2019-05-24,12.640000,12.790000,12.550000,12.580000,523058
2019-05-27,12.610000,12.820000,12.580000,12.760000,509557
2019-05-28,12.730000,12.820000,12.610000,12.790000,734984
2019-05-29,12.730000,13.030000,12.670000,12.940000,911395
2019-05-30,12.850000,13.240000,12.700000,13.240000,1651763
2019-05-31,13.210000,13.300000,13.030000,13.030000,1087983
2019-06-03,13.060000,13.120000,12.850000,12.880000,649407
2019-06-04,12.820000,12.970000,12.580000,12.640000,643347
2019-06-05,12.730000,12.820000,12.640000,12.670000,417710
2019-06-06,12.670000,12.700000,12.520000,12.520000,447532
2019-06-10,12.610000,12.730000,12.520000,12.670000,465637
2019-06-11,12.670000,13.060000,12.610000,13.060000,1029935
2019-06-12,13.090000,13.360000,13.000000,13.120000,1317345
2019-06-13,13.030000,13.090000,12.880000,13.090000,687767
2019-06-14,13.090000,13.270000,12.940000,13.000000,775181
2019-06-17,12.910000,13.150000,12.880000,13.000000,476748
2019-06-18,12.940000,13.000000,12.700000,12.820000,631159
2019-06-19,13.000000,13.090000,12.910000,12.940000,583945
2019-06-20,13.000000,13.150000,12.880000,13.120000,955488
2019-06-21,13.090000,13.390000,13.060000,13.270000,1412104
2019-06-24,13.300000,13.570000,13.210000,13.420000,1241228
2019-06-25,13.390000,13.540000,13.150000,13.420000,1234357
2019-06-26,13.300000,13.360000,13.180000,13.180000,693449
2019-06-27,13.210000,13.300000,13.180000,13.240000,563976
2019-06-28,13.270000,13.300000,13.120000,13.150000,552492
2019-07-01,13.300000,13.360000,13.270000,13.360000,785664
2019-07-02,13.360000,13.690000,13.240000,13.600000,1361951
2019-07-03,13.570000,13.570000,13.360000,13.360000,897105
2019-07-04,13.390000,13.450000,13.300000,13.330000,551847
2019-07-05,13.330000,13.360000,13.240000,13.300000,315106
2019-07-08,13.240000,13.270000,12.910000,12.940000,702895
2019-07-09,12.940000,13.000000,12.850000,12.970000,397442
2019-07-10,13.000000,13.030000,12.820000,12.850000,307275
2019-07-11,12.910000,13.030000,12.790000,12.850000,377881
2019-07-12,12.880000,12.910000,12.790000,12.820000,348980
2019-07-15,12.820000,12.940000,12.640000,12.850000,511069
2019-07-16,12.850000,12.970000,12.820000,12.880000,354584
2019-07-17,12.880000,12.910000,12.820000,12.820000,322670
2019-07-18,12.850000,12.910000,12.760000,12.760000,439977
2019-07-19,12.820000,13.000000,12.790000,12.910000,508537
2019-07-22,12.850000,12.880000,12.490000,12.520000,604888
2019-07-23,12.550000,12.610000,12.520000,12.610000,253701
2019-07-24,12.670000,12.730000,12.400000,12.490000,1383454
2019-07-25,12.430000,12.460000,12.130000,12.160000,1521909
2019-07-26,12.220000,12.250000,11.890000,12.100000,1676158
2019-07-29,12.040000,12.040000,11.800000,11.890000,1503956
2019-07-30,11.860000,11.980000,11.830000,11.890000,922832
2019-07-31,11.860000,12.250000,11.680000,12.130000,1809122
2019-08-01,12.100000,12.520000,12.010000,12.430000,2776372
2019-08-02,12.160000,12.370000,12.100000,12.220000,1337375
2019-08-05,12.160000,12.190000,11.890000,11.950000,1304510
2019-08-06,11.650000,11.800000,11.350000,11.440000,1624662
2019-08-07,12.220000,12.460000,12.220000,12.460000,2908557
2019-08-08,12.880000,13.330000,12.430000,12.490000,5906440
2019-08-09,12.550000,12.910000,12.280000,12.790000,3204180
2019-08-12,12.550000,12.640000,12.310000,12.430000,1738009
2019-08-13,12.370000,12.700000,12.310000,12.520000,1655922
2019-08-14,12.610000,12.970000,12.400000,12.820000,2579073
2019-08-15,12.520000,12.790000,12.460000,12.610000,1485494
2019-08-16,12.610000,12.640000,12.460000,12.460000,1024652
2019-08-19,12.490000,12.580000,12.340000,12.550000,1197276
2019-08-20,12.490000,12.730000,12.430000,12.550000,1293227
2019-08-21,12.490000,12.490000,12.220000,12.250000,1444468
2019-08-22,12.280000,12.310000,12.070000,12.250000,986121
2019-08-23,12.250000,12.280000,11.980000,12.010000,988309
2019-08-26,11.830000,12.220000,11.770000,12.070000,1038476
2019-08-27,12.070000,12.280000,12.040000,12.280000,1000467
2019-08-28,12.160000,12.310000,12.100000,12.100000,607140
2019-08-29,12.190000,12.190000,12.010000,12.010000,484219
2019-08-30,12.070000,12.160000,11.950000,12.040000,693581
2019-09-02,12.190000,12.250000,12.130000,12.160000,694226
2019-09-03,12.190000,12.460000,12.100000,12.400000,1469055
2019-09-04,12.340000,12.430000,12.250000,12.370000,878798
2019-09-05,12.400000,12.580000,12.400000,12.430000,1550406
2019-09-06,12.490000,12.490000,12.280000,12.370000,949885
2019-09-09,12.400000,12.490000,12.310000,12.490000,1336580
2019-09-10,12.460000,12.880000,12.430000,12.580000,2041890
2019-09-11,12.610000,12.700000,12.520000,12.580000,1005959
2019-09-12,12.640000,12.730000,12.460000,12.610000,1020981
2019-09-16,12.880000,12.940000,12.700000,12.760000,1537688
2019-09-17,12.700000,12.730000,12.430000,12.430000,1031811
2019-09-18,12.430000,12.520000,12.400000,12.430000,568701
2019-09-19,12.490000,12.550000,12.400000,12.460000,648253
2019-09-20,12.490000,12.490000,12.370000,12.460000,586402
2019-09-23,12.430000,12.430000,12.250000,12.280000,513659
2019-09-24,12.280000,12.460000,12.190000,12.340000,823919
2019-09-25,12.280000,12.760000,12.190000,12.580000,1618418
2019-09-26,12.520000,12.670000,12.280000,12.310000,1094808
2019-09-27,12.310000,12.430000,12.250000,12.280000,635291
2019-09-30,12.280000,12.310000,12.100000,12.190000,508255
2019-10-08,12.130000,12.220000,12.040000,12.100000,464427
2019-10-09,12.040000,12.160000,12.010000,12.130000,352537
2019-10-10,12.130000,12.160000,12.040000,12.100000,492227
2019-10-11,12.100000,12.190000,12.010000,12.130000,530582
2019-10-14,12.220000,12.310000,12.160000,12.220000,537756
2019-10-15,12.250000,12.250000,12.040000,12.070000,498908
2019-10-16,12.070000,12.100000,11.950000,11.950000,369345
2019-10-17,11.920000,11.980000,11.890000,11.950000,320532
2019-10-18,11.950000,11.980000,11.770000,11.770000,436021
2019-10-21,11.710000,11.740000,11.590000,11.650000,376165
2019-10-22,11.680000,11.740000,11.620000,11.680000,336978
2019-10-23,11.710000,11.710000,11.590000,11.620000,274648
2019-10-24,11.620000,11.680000,11.590000,11.650000,364795
2019-10-25,11.650000,11.680000,11.560000,11.680000,304928
2019-10-28,11.650000,11.830000,11.620000,11.740000,576751
2019-10-29,11.740000,11.740000,11.590000,11.590000,367791
2019-10-30,11.500000,11.590000,11.440000,11.470000,389477
2019-10-31,11.500000,11.560000,11.410000,11.470000,335570
2019-11-01,11.470000,11.530000,11.410000,11.530000,383712
2019-11-04,11.530000,11.680000,11.500000,11.620000,537099
2019-11-05,11.650000,12.070000,11.560000,11.890000,1044883
2019-11-06,11.830000,11.980000,11.770000,11.860000,663432
2019-11-07,11.800000,11.860000,11.710000,11.740000,342943
2019-11-08,11.800000,11.860000,11.680000,11.680000,344868
2019-11-11,11.710000,11.710000,11.440000,11.470000,422112
2019-11-12,11.440000,11.500000,11.410000,11.470000,249177
2019-11-13,11.470000,11.500000,11.410000,11.470000,258927
2019-11-14,11.470000,11.500000,11.410000,11.440000,241910
2019-11-15,11.440000,11.470000,11.380000,11.380000,337944
2019-11-18,11.380000,11.440000,11.350000,11.410000,282941
2019-11-19,11.410000,11.650000,11.380000,11.650000,637003
2019-11-20,11.620000,11.740000,11.530000,11.590000,455854
2019-11-21,11.560000,11.590000,11.470000,11.500000,280934
2019-11-22,11.560000,11.740000,11.500000,11.560000,637896
2019-11-25,11.560000,11.950000,11.530000,11.920000,1329525
2019-11-26,11.890000,11.890000,11.710000,11.710000,974383
2019-11-27,11.770000,12.310000,11.770000,12.160000,2082539
2019-11-28,12.070000,12.220000,11.980000,12.010000,1061409
2019-11-29,12.010000,12.100000,11.860000,11.950000,543590
2019-12-02,11.920000,11.980000,11.710000,11.770000,786785
2019-12-03,11.710000,11.860000,11.680000,11.800000,473046
2019-12-04,11.740000,12.190000,11.710000,12.100000,1376617
2019-12-05,12.160000,12.220000,12.040000,12.130000,909081
2019-12-06,12.160000,12.730000,12.130000,12.490000,2590874
2019-12-09,12.580000,12.640000,12.430000,12.490000,1024100
2019-12-10,12.490000,12.670000,12.430000,12.550000,995815
2019-12-11,12.640000,12.640000,12.340000,12.400000,843236
2019-12-12,12.400000,12.490000,12.280000,12.310000,548256
2019-12-13,12.430000,12.550000,12.400000,12.550000,929439
2019-12-16,12.610000,12.640000,12.430000,12.550000,715348
2019-12-17,12.610000,12.910000,12.550000,12.730000,1806771
2019-12-18,12.700000,12.790000,12.610000,12.700000,875735
2019-12-19,12.670000,12.790000,12.640000,12.670000,701517
2019-12-20,12.730000,12.760000,12.430000,12.460000,615054
2019-12-23,12.460000,12.730000,12.400000,12.460000,910519
2019-12-24,12.490000,13.570000,12.460000,13.570000,4729429
2019-12-25,13.480000,14.020000,13.330000,13.870000,3728752
2019-12-26,13.870000,13.960000,13.510000,13.750000,1968751
2019-12-27,13.810000,14.860000,13.690000,14.260000,4261540
2019-12-30,14.320000,14.770000,14.170000,14.410000,2850262
2019-12-31,14.290000,14.560000,14.080000,14.350000,2046912
2020-01-02,14.440000,14.620000,14.200000,14.380000,2449631
2020-01-03,14.530000,14.980000,14.230000,14.710000,3113213
2020-01-06,14.650000,15.220000,14.590000,14.740000,3306883
2020-01-07,14.620000,14.740000,14.380000,14.530000,1834331
2020-01-08,14.530000,14.800000,14.410000,14.650000,2153188
2020-01-09,14.770000,14.950000,14.410000,14.530000,1930606
2020-01-10,14.560000,14.560000,13.990000,14.410000,2906159
2020-01-13,14.350000,14.590000,14.200000,14.440000,1254019
2020-01-14,14.620000,15.760000,14.530000,15.400000,4622908
2020-01-15,15.280000,15.490000,14.860000,14.950000,3019234
2020-01-16,15.010000,15.130000,14.650000,14.740000,1346025
2020-01-17,14.740000,14.800000,14.320000,14.530000,1405554
2020-01-20,14.500000,14.530000,14.200000,14.410000,1418838
2020-01-21,14.350000,14.350000,13.870000,13.870000,1352237
2020-01-22,13.840000,14.380000,13.690000,14.260000,1586857
2020-01-23,13.960000,14.410000,13.450000,13.630000,1824796
2020-02-03,12.400000,12.400000,12.400000,12.400000,517910
2020-02-04,11.950000,12.850000,11.950000,12.610000,2373531
2020-02-05,12.850000,13.720000,12.670000,13.180000,2733358
2020-02-06,12.970000,13.240000,12.760000,13.180000,2415280
2020-02-07,13.030000,13.060000,12.730000,12.910000,1436429
2020-02-10,12.760000,13.630000,12.700000,13.510000,2587332
2020-02-11,13.570000,14.290000,13.330000,14.110000,3807508
2020-02-12,13.930000,15.400000,13.810000,15.400000,4632596
2020-02-13,16.030000,16.810000,15.430000,16.330000,7865100
2020-02-14,16.600000,17.830000,16.420000,17.530000,8267794
2020-02-17,17.200000,17.560000,16.990000,17.470000,5307175
2020-02-18,17.260000,17.530000,16.780000,17.020000,4872485
2020-02-19,15.970000,16.060000,15.460000,15.460000,7489465
2020-02-20,15.610000,15.730000,15.040000,15.310000,4604364
2020-02-21,15.160000,15.460000,14.860000,15.070000,4286228
2020-02-24,14.860000,14.890000,14.050000,14.500000,4626076
2020-02-25,14.260000,15.130000,14.140000,15.070000,5526913
2020-02-26,14.770000,14.890000,14.320000,14.410000,3562477
2020-02-27,14.470000,14.680000,14.230000,14.410000,2121864
2020-02-28,13.960000,14.200000,13.390000,13.480000,2929729
2020-03-02,13.630000,14.050000,13.510000,13.930000,1959451
2020-03-03,14.050000,14.500000,13.960000,14.080000,2754018
2020-03-04,14.170000,14.320000,13.750000,14.140000,2431996
2020-03-05,14.200000,14.260000,13.960000,14.230000,2127440
2020-03-06,14.050000,14.530000,13.960000,14.260000,3100883
2020-03-09,14.350000,14.440000,13.690000,13.780000,2609100
2020-03-10,13.480000,13.990000,13.270000,13.930000,2371561
2020-03-11,13.960000,13.960000,13.510000,13.510000,1781246
2020-03-12,13.300000,13.450000,12.970000,13.060000,1827870
2020-03-13,12.340000,12.940000,12.190000,12.820000,1896947
2020-03-16,12.880000,12.910000,12.280000,12.340000,1544804
2020-03-17,12.370000,12.610000,12.040000,12.520000,1465418
2020-03-18,12.550000,12.700000,12.070000,12.070000,1777385
2020-03-19,12.040000,12.190000,11.740000,11.950000,1640169
2020-03-20,12.100000,12.160000,11.800000,12.010000,1087789
2020-03-23,11.680000,11.770000,11.440000,11.500000,1319892
2020-03-24,11.710000,11.950000,11.650000,11.860000,1546110
2020-03-25,12.130000,12.190000,11.950000,12.070000,1404459
2020-03-26,12.010000,12.010000,11.800000,11.800000,1090771
2020-03-27,11.920000,11.950000,11.650000,11.680000,1018815
2020-03-30,11.500000,11.650000,11.410000,11.560000,1002260
2020-03-31,11.650000,11.740000,11.440000,11.680000,1248021
2020-04-01,11.590000,12.160000,11.590000,11.920000,1829120
2020-04-02,11.830000,12.070000,11.800000,12.070000,1133176
2020-04-03,12.010000,12.130000,11.800000,11.860000,926186
2020-04-07,12.040000,12.220000,11.920000,12.160000,1392063
2020-04-08,12.070000,12.430000,11.950000,12.190000,1651314
2020-04-09,12.340000,12.340000,12.100000,12.160000,943665
2020-04-10,12.160000,12.190000,11.830000,11.860000,940709
2020-04-13,11.770000,11.800000,11.680000,11.740000,501153
2020-04-14,11.800000,12.160000,11.770000,12.160000,1349595
2020-04-15,12.130000,12.130000,11.950000,11.980000,927869
2020-04-16,11.890000,12.040000,11.860000,11.920000,803666
2020-04-17,11.980000,12.130000,11.920000,11.980000,990819
2020-04-20,11.980000,12.010000,11.800000,11.860000,799183
2020-04-21,11.800000,11.830000,11.620000,11.650000,977909
2020-04-22,11.590000,11.770000,11.530000,11.710000,590969
2020-04-23,11.770000,11.830000,11.620000,11.680000,666197
2020-04-24,11.650000,11.740000,11.530000,11.560000,654227
2020-04-27,11.560000,11.710000,11.470000,11.530000,586979
2020-04-28,11.530000,11.560000,11.080000,11.320000,858235
2020-04-29,11.290000,11.380000,11.230000,11.320000,467491
2020-04-30,11.470000,11.740000,11.470000,11.710000,1017201
2020-05-06,11.800000,12.310000,11.800000,12.220000,2384655
2020-05-07,12.100000,12.310000,12.070000,12.100000,1456490
2020-05-08,12.220000,12.370000,12.040000,12.220000,1373494
2020-05-11,12.220000,12.250000,11.980000,12.010000,1053165
2020-05-12,11.920000,12.010000,11.740000,11.890000,773635
2020-05-13,11.830000,12.070000,11.770000,11.920000,811048
2020-05-14,11.890000,11.920000,11.680000,11.680000,845176
2020-05-15,11.770000,11.830000,11.650000,11.710000,611825
2020-05-18,11.770000,12.040000,11.620000,11.950000,1119599
2020-05-19,12.010000,12.040000,11.860000,11.920000,695490
2020-05-20,11.950000,12.100000,11.890000,11.920000,904155
2020-05-21,11.890000,11.920000,11.710000,11.740000,649221
2020-05-22,11.710000,11.710000,11.470000,11.530000,741946
2020-05-25,11.530000,11.620000,11.320000,11.380000,920911
2020-05-26,11.410000,11.530000,11.380000,11.530000,464401
2020-05-27,11.500000,11.530000,11.380000,11.410000,447301
2020-05-28,11.440000,11.590000,11.410000,11.560000,663425
2020-05-29,11.500000,11.680000,11.440000,11.530000,695816
2020-06-01,11.620000,11.890000,11.560000,11.890000,1100387
2020-06-02,11.890000,11.950000,11.770000,11.830000,930348
2020-06-03,11.860000,11.890000,11.740000,11.770000,738796
2020-06-04,11.830000,12.400000,11.740000,12.310000,3195558
2020-06-05,12.250000,12.280000,12.010000,12.100000,1389380
2020-06-08,12.160000,12.610000,12.100000,12.400000,2383063
2020-06-09,12.430000,12.580000,12.280000,12.430000,1310646
2020-06-10,12.370000,12.430000,12.100000,12.130000,1036437
2020-06-11,12.220000,12.400000,12.040000,12.100000,1092715
2020-06-12,11.860000,12.040000,11.800000,11.980000,905440
2020-06-15,11.980000,12.040000,11.770000,11.830000,903206
2020-06-16,11.980000,12.850000,11.890000,12.580000,3742362
2020-06-17,12.640000,13.000000,12.520000,12.610000,2949557
2020-06-18,12.610000,12.850000,12.460000,12.610000,1721880
2020-06-19,12.670000,12.820000,12.550000,12.640000,1902581
2020-06-22,12.670000,12.850000,12.520000,12.610000,1697417
2020-06-23,12.610000,12.670000,12.400000,12.490000,1271038
2020-06-24,12.430000,12.520000,12.310000,12.370000,1147303
2020-06-29,12.340000,12.460000,12.160000,12.250000,990982
2020-06-30,12.290000,12.530000,12.260000,12.410000,876627
2020-07-01,12.440000,12.740000,12.410000,12.650000,1538729
2020-07-02,12.650000,13.040000,12.560000,13.010000,2727319
2020-07-03,13.160000,14.150000,13.130000,13.610000,4047613
2020-07-06,13.820000,14.480000,13.730000,14.450000,4643607
2020-07-07,14.690000,14.990000,14.150000,14.330000,4406335
2020-07-08,14.300000,14.840000,14.090000,14.720000,4231788
2020-07-09,14.750000,15.050000,14.600000,14.960000,3590753
2020-07-10,14.750000,14.840000,14.240000,14.270000,3252056
2020-07-13,14.600000,15.560000,14.570000,15.560000,4644251
2020-07-14,15.560000,15.950000,15.140000,15.500000,5629092
2020-07-15,15.740000,15.860000,14.390000,14.630000,4451855
2020-07-16,14.630000,14.810000,13.730000,13.790000,3185033
2020-07-17,13.760000,14.000000,13.550000,13.760000,2039103
2020-07-20,13.940000,14.960000,13.850000,14.900000,3477183
2020-07-21,15.140000,15.200000,14.600000,14.780000,2164101
2020-07-22,15.200000,15.380000,14.660000,14.720000,2732141
2020-07-23,14.570000,14.990000,14.450000,14.720000,2327963
2020-07-24,14.660000,14.660000,13.940000,14.060000,2520685
2020-07-27,14.090000,14.810000,14.060000,14.570000,2922445
2020-07-28,15.050000,15.590000,14.780000,14.990000,4678312
2020-07-29,15.020000,15.110000,14.690000,15.050000,2694807
2020-07-30,15.290000,15.350000,14.780000,14.810000,2797721
2020-07-31,14.480000,14.750000,14.330000,14.600000,2834422
2020-08-03,14.690000,15.050000,14.480000,15.020000,3083808
2020-08-04,15.470000,15.800000,15.170000,15.440000,4998931
2020-08-05,15.350000,16.100000,14.990000,15.950000,5969028
2020-08-06,16.010000,16.430000,15.740000,16.160000,5633057
2020-08-07,16.100000,16.130000,15.500000,15.680000,3738590
2020-08-10,15.350000,15.380000,14.930000,15.110000,3651775
2020-08-11,15.050000,15.230000,14.600000,14.690000,2452007
2020-08-12,14.450000,14.630000,14.000000,14.540000,2655711
2020-08-13,14.450000,14.510000,14.210000,14.330000,1342458
2020-08-14,14.270000,14.540000,14.210000,14.450000,1083398
2020-08-17,14.480000,14.840000,14.360000,14.810000,2099393
2020-08-18,14.870000,15.020000,14.690000,14.750000,1737563
2020-08-19,14.780000,14.960000,14.660000,14.660000,1816493
2020-08-20,15.050000,15.230000,14.780000,14.840000,2568285
2020-08-21,14.840000,15.020000,14.600000,14.840000,1839958
2020-08-24,14.810000,14.810000,14.480000,14.600000,1481000
2020-08-25,14.600000,14.630000,14.150000,14.240000,1760972
2020-08-26,14.150000,14.360000,13.820000,13.880000,1520101
2020-08-27,13.910000,14.000000,13.700000,13.970000,1313219
2020-08-28,13.910000,14.090000,13.790000,14.090000,1415980
2020-08-31,14.210000,14.570000,14.210000,14.240000,2053941
2020-09-01,14.180000,14.540000,14.120000,14.510000,1743691
2020-09-02,14.390000,14.420000,14.000000,14.090000,2017961
2020-09-03,14.090000,14.150000,13.910000,13.970000,900313
2020-09-04,13.790000,13.940000,13.700000,13.910000,801202
2020-09-07,13.850000,14.090000,13.700000,13.760000,1214872
2020-09-08,13.760000,13.820000,13.430000,13.700000,1371626
2020-09-09,13.520000,13.610000,13.400000,13.460000,1140669
2020-09-10,13.610000,13.700000,13.400000,13.430000,1087256
2020-09-11,13.400000,13.490000,13.190000,13.340000,1079743
2020-09-14,13.340000,13.640000,13.340000,13.490000,896022
2020-09-15,13.490000,13.610000,13.430000,13.550000,744229
2020-09-16,13.550000,13.610000,13.370000,13.520000,839696
2020-09-17,13.460000,13.520000,13.310000,13.370000,936429
2020-09-18,13.400000,13.760000,13.370000,13.730000,1489106
2020-09-21,13.790000,13.820000,13.550000,13.610000,951958
2020-09-22,13.520000,13.550000,13.250000,13.340000,1232532
2020-09-23,13.280000,13.340000,13.190000,13.220000,677921
2020-09-24,13.130000,13.130000,12.800000,12.830000,1120420
2020-09-25,12.890000,12.920000,12.560000,12.680000,962898
2020-09-28,12.710000,12.770000,12.530000,12.560000,620735
2020-09-29,12.650000,12.740000,12.620000,12.650000,609528
2020-09-30,12.680000,12.680000,12.440000,12.560000,801789
2020-10-09,12.860000,13.100000,12.800000,13.040000,1068098
2020-10-12,13.160000,13.310000,13.070000,13.280000,1058878
2020-10-13,13.280000,13.280000,13.130000,13.250000,621616
2020-10-14,13.220000,13.250000,13.040000,13.070000,641205
2020-10-15,13.070000,13.190000,13.040000,13.070000,516572
2020-10-16,13.100000,13.190000,13.040000,13.100000,603570
2020-10-19,13.100000,13.280000,13.070000,13.130000,557264
2020-10-20,13.100000,13.370000,13.010000,13.340000,1006140
2020-10-21,13.340000,13.460000,13.190000,13.280000,687507
2020-10-22,13.190000,13.250000,13.070000,13.220000,486784
2020-10-23,13.220000,13.280000,13.130000,13.160000,448200
2020-10-26,13.160000,13.190000,12.980000,13.070000,513031
2020-10-27,12.950000,13.250000,12.950000,13.220000,611833
2020-10-28,13.160000,13.250000,13.040000,13.190000,616695
2020-10-29,13.070000,13.520000,13.010000,13.460000,1499695
2020-10-30,13.370000,13.430000,13.220000,13.250000,1385500
2020-11-02,13.220000,13.550000,13.190000,13.490000,1163736
2020-11-03,13.550000,14.120000,13.490000,13.970000,2131494
2020-11-04,13.910000,13.910000,13.640000,13.820000,1312537
2020-11-05,13.880000,14.150000,13.760000,14.000000,1583630
2020-11-06,14.030000,14.330000,13.940000,14.120000,1694425
2020-11-09,14.270000,14.570000,14.060000,14.420000,2742182
2020-11-10,14.330000,14.330000,14.000000,14.060000,1732400
2020-11-11,14.060000,14.210000,13.970000,14.000000,1157357
2020-11-12,13.940000,14.240000,13.850000,14.060000,1160787
2020-11-13,14.000000,14.510000,14.000000,14.450000,3021051
2020-11-16,14.390000,15.410000,14.330000,15.260000,5285768
2020-11-17,15.080000,15.290000,14.660000,14.840000,3540166
2020-11-18,14.990000,15.350000,14.840000,15.110000,3164780
2020-11-19,15.080000,15.500000,14.840000,15.110000,2691527
2020-11-20,14.960000,15.650000,14.810000,15.590000,3697109
2020-11-23,15.770000,16.190000,15.560000,15.800000,4583541
2020-11-24,15.620000,16.040000,15.440000,15.980000,3241736
2020-11-25,15.980000,16.070000,15.290000,15.290000,2833961
2020-11-26,15.380000,15.410000,14.870000,15.140000,2363708
2020-11-27,15.110000,15.260000,14.720000,15.110000,2015286
2020-11-30,15.050000,15.620000,15.020000,15.170000,2614237
2020-12-01,15.140000,15.290000,14.810000,15.230000,1730894
2020-12-02,15.230000,15.590000,15.170000,15.350000,2077563
2020-12-03,15.200000,15.290000,14.960000,14.990000,1386209
2020-12-04,14.900000,15.410000,14.840000,15.380000,1801351
2020-12-07,15.380000,15.530000,15.080000,15.080000,1467383
2020-12-08,15.050000,15.170000,14.780000,14.870000,1489456
2020-12-09,14.900000,15.350000,14.840000,14.990000,2232562
2020-12-10,14.870000,14.960000,14.390000,14.540000,2138632
2020-12-11,14.780000,14.930000,14.210000,14.330000,1930712
2020-12-14,14.600000,15.500000,14.450000,15.320000,3900567
2020-12-15,15.350000,15.560000,15.080000,15.560000,2830515
2020-12-16,15.440000,15.680000,15.290000,15.350000,1827310
2020-12-17,15.290000,16.760000,15.230000,16.760000,7995448
2020-12-18,16.640000,16.820000,16.280000,16.580000,6430312
2020-12-21,16.610000,17.090000,16.340000,16.940000,5820476
2020-12-22,16.610000,16.790000,15.800000,15.890000,5937033
2020-12-23,15.860000,16.460000,15.800000,16.040000,3683941
2020-12-24,16.040000,16.250000,15.800000,16.160000,2353421
2020-12-25,16.010000,17.630000,15.860000,17.630000,7620359
2020-12-28,18.050000,19.250000,17.990000,19.250000,9334145
2020-12-29,19.850000,19.940000,18.050000,18.530000,8484484
2020-12-30,18.980000,19.460000,18.290000,18.980000,7710990
2020-12-31,18.890000,20.540000,18.830000,20.150000,7357856
2021-01-04,20.240000,21.770000,19.880000,20.990000,7653320
2021-01-05,20.450000,20.840000,19.760000,20.510000,6447619
2021-01-06,20.870000,21.800000,20.360000,21.650000,6710833
2021-01-07,21.680000,23.690000,21.470000,23.480000,9985870
2021-01-08,23.480000,23.630000,21.800000,23.600000,8704957
2021-01-11,23.000000,23.330000,21.380000,21.680000,7565011
2021-01-12,21.080000,22.580000,20.720000,22.040000,6078323
2021-01-13,22.010000,22.520000,20.300000,20.720000,6837053
2021-01-14,20.300000,20.810000,19.880000,20.210000,4937994
2021-01-15,20.300000,20.810000,19.700000,20.480000,4444217
2021-01-18,20.000000,20.390000,19.610000,20.120000,4167167
2021-01-19,20.180000,20.570000,18.860000,19.070000,5598692
2021-01-20,19.100000,20.210000,19.100000,20.000000,4843853
2021-01-21,19.880000,20.810000,19.550000,20.330000,5141552
2021-01-22,20.150000,21.260000,19.880000,20.930000,5519420
2021-01-25,21.080000,22.280000,20.630000,21.500000,5979893
2021-01-26,21.170000,21.410000,20.030000,20.240000,4085758
2021-01-27,20.300000,20.810000,19.400000,20.510000,3971863
2021-01-28,19.700000,19.970000,19.010000,19.190000,3968092
2021-01-29,19.520000,19.910000,18.590000,19.580000,3430915
2021-02-01,19.430000,19.700000,18.950000,19.280000,2767917
2021-02-02,19.460000,19.970000,19.280000,19.910000,3653813
2021-02-03,19.820000,21.770000,19.640000,21.320000,7274715
2021-02-04,20.900000,20.990000,19.490000,19.880000,5105188
2021-02-05,19.820000,20.090000,18.620000,18.620000,3894379
2021-02-08,18.650000,19.850000,18.260000,19.640000,3428119
2021-02-09,19.670000,20.930000,19.580000,20.570000,3951363
2021-02-10,20.840000,21.530000,20.240000,21.140000,3800488
2021-02-18,23.120000,23.120000,22.670000,23.120000,7903249
2021-02-19,22.850000,23.240000,21.890000,22.790000,7414409
2021-02-22,24.020000,24.920000,23.750000,24.200000,9649839
2021-02-23,23.450000,24.920000,23.240000,23.810000,6590878
2021-02-24,23.780000,25.550000,23.240000,23.360000,7258393
2021-02-25,24.650000,24.710000,23.000000,23.300000,6084748
2021-02-26,21.800000,22.310000,21.260000,21.500000,5768767
2021-03-01,21.560000,22.610000,20.990000,22.580000,5141031
2021-03-02,22.100000,22.280000,20.870000,21.500000,5070533
2021-03-03,21.470000,22.250000,21.290000,21.860000,3501773
2021-03-04,21.200000,21.230000,20.300000,20.510000,4119728
2021-03-05,19.610000,19.820000,19.070000,19.640000,3527786
2021-03-08,19.790000,20.090000,19.070000,19.130000,2870231
2021-03-09,19.100000,19.790000,18.200000,19.280000,3383987
2021-03-10,19.490000,19.640000,18.650000,18.860000,2899274
2021-03-11,18.860000,19.850000,18.680000,19.850000,4367226
2021-03-12,19.670000,19.700000,18.980000,19.340000,3309480
2021-03-15,19.130000,19.700000,19.010000,19.280000,2386710
2021-03-16,19.220000,19.280000,18.350000,18.560000,3180572
2021-03-17,18.290000,18.710000,17.900000,18.650000,2560211
2021-03-18,18.800000,19.010000,18.530000,18.560000,1958953
2021-03-19,18.140000,18.380000,17.900000,18.080000,2198435
2021-03-22,18.080000,18.290000,17.690000,18.200000,2028824
2021-03-23,18.110000,18.170000,17.330000,17.510000,2591440
2021-03-24,17.270000,17.630000,16.880000,16.970000,2483429
2021-03-25,16.970000,17.330000,16.940000,17.090000,1674916
2021-03-26,17.150000,17.690000,17.000000,17.630000,2323581
2021-03-29,17.690000,17.720000,17.360000,17.510000,1640571
2021-03-30,17.390000,17.780000,17.180000,17.600000,1890434
2021-03-31,17.540000,17.630000,17.120000,17.240000,1603682
2021-04-01,17.240000,17.480000,17.240000,17.330000,1195391
2021-04-02,17.360000,17.480000,17.030000,17.450000,1691443
2021-04-06,17.630000,18.170000,17.570000,17.810000,2530175
2021-04-07,17.750000,18.200000,17.510000,18.200000,2554495
2021-04-08,18.110000,18.860000,17.960000,18.560000,3558156
2021-04-09,18.590000,18.680000,18.020000,18.140000,2201678
2021-04-12,18.500000,18.950000,18.170000,18.350000,4264868
2021-04-13,18.350000,18.650000,17.960000,18.050000,2411565
2021-04-14,18.020000,18.410000,17.930000,18.350000,2264075
2021-04-15,18.320000,18.470000,17.930000,18.410000,2260154
2021-04-16,18.620000,18.650000,18.080000,18.170000,1959183
2021-04-19,18.050000,18.830000,17.840000,18.710000,3897106
2021-04-20,18.530000,18.650000,18.350000,18.470000,2286746
2021-04-21,18.290000,18.350000,18.050000,18.200000,1508615
2021-04-22,18.320000,18.620000,18.290000,18.380000,2059506
2021-04-23,18.230000,18.770000,18.140000,18.710000,2928326
2021-04-26,18.800000,19.190000,18.680000,18.770000,3275379
2021-04-27,18.950000,19.040000,18.440000,18.680000,2505236
2021-04-28,18.620000,18.740000,18.140000,18.410000,2153163
2021-04-29,18.530000,18.860000,18.200000,18.740000,2610078
2021-04-30,18.650000,19.070000,18.500000,18.830000,2634728
2021-05-06,19.400000,19.610000,18.860000,19.340000,4116079
2021-05-07,19.430000,20.600000,19.430000,20.060000,5554101
2021-05-10,20.510000,21.020000,20.090000,20.990000,4995272
2021-05-11,20.360000,20.450000,19.460000,19.940000,4156941
2021-05-12,19.730000,20.180000,19.580000,19.940000,2001810
2021-05-13,19.460000,19.490000,18.740000,18.800000,3259166
2021-05-14,18.800000,18.980000,18.410000,18.680000,2590566
2021-05-17,18.620000,19.280000,18.500000,19.190000,2760245
2021-05-18,19.280000,19.670000,19.040000,19.400000,2493395
2021-05-19,19.130000,19.700000,18.890000,19.490000,2746777
2021-05-20,18.680000,18.740000,18.410000,18.560000,2994532
2021-05-21,18.620000,19.250000,18.560000,18.860000,2236037
2021-05-24,18.740000,18.800000,18.230000,18.290000,2529454
2021-05-25,18.290000,18.470000,17.870000,18.440000,2214839
2021-05-26,18.350000,18.440000,18.140000,18.350000,2097336
2021-05-27,18.290000,18.350000,18.200000,18.230000,1825963
2021-05-28,18.440000,18.920000,18.440000,18.620000,3442696
2021-05-31,18.650000,19.010000,18.530000,18.830000,2502754
2021-06-01,18.680000,18.710000,18.260000,18.650000,2199982
2021-06-02,18.590000,18.860000,18.440000,18.470000,1926422
2021-06-03,18.440000,18.830000,18.380000,18.530000,2011794
2021-06-04,18.230000,18.650000,17.900000,18.410000,2609994
2021-06-07,18.410000,18.560000,18.110000,18.170000,1771206
2021-06-08,18.170000,18.290000,17.600000,17.690000,2438408
2021-06-09,17.720000,17.930000,17.660000,17.780000,1126728
2021-06-10,17.750000,17.870000,17.630000,17.750000,1243087
2021-06-11,17.780000,17.870000,17.360000,17.750000,1905108
2021-06-15,17.600000,17.720000,16.880000,16.910000,2479211
2021-06-16,16.850000,17.030000,16.520000,16.550000,1694521
2021-06-17,16.550000,16.700000,16.520000,16.550000,1075167
2021-06-18,16.340000,16.970000,16.040000,16.970000,2419364
2021-06-21,16.790000,16.820000,16.580000,16.700000,1586103
2021-06-22,16.700000,16.880000,16.640000,16.760000,1246603
2021-06-23,16.790000,17.000000,16.580000,16.970000,1866563
2021-06-24,17.000000,17.150000,16.820000,16.880000,1213218
2021-06-25,16.910000,17.720000,16.910000,17.480000,3310849
2021-06-28,17.450000,17.570000,17.090000,17.210000,1542726
2021-06-29,17.240000,17.300000,16.760000,16.820000,1205579
2021-06-30,16.850000,17.090000,16.790000,16.880000,1017204
2021-07-01,16.880000,16.910000,16.520000,16.580000,1021734
2021-07-02,16.640000,16.910000,16.520000,16.730000,1078461
2021-07-05,16.820000,18.260000,16.820000,18.170000,6142646
2021-07-06,18.180000,18.960000,18.030000,18.630000,5984977
2021-07-07,18.210000,20.340000,18.030000,20.100000,7998022
2021-07-08,19.800000,20.850000,19.680000,20.370000,6736832
2021-07-09,20.010000,22.170000,19.950000,21.450000,6712048
2021-07-12,21.570000,22.800000,21.330000,22.200000,6147112
2021-07-13,21.960000,21.960000,20.700000,21.150000,5156133
2021-07-14,21.480000,22.380000,20.640000,21.360000,5218864
2021-07-15,21.030000,21.780000,20.400000,21.660000,4195044
2021-07-16,21.390000,22.740000,21.150000,21.690000,5468581
2021-07-19,21.480000,22.590000,21.330000,21.930000,4055223
2021-07-20,21.450000,21.660000,20.790000,21.600000,3681866
2021-07-21,21.540000,22.950000,21.450000,22.620000,5305655
2021-07-22,22.590000,22.770000,21.990000,22.230000,3536131
2021-07-23,22.530000,23.550000,22.320000,22.680000,4635264
2021-07-26,23.190000,23.700000,22.290000,23.370000,5482345
2021-07-27,24.000000,25.050000,22.020000,22.260000,7852783
2021-07-28,21.510000,22.320000,20.670000,20.940000,5124940
2021-07-29,21.600000,22.620000,21.210000,22.350000,4181772
2021-07-30,22.350000,22.710000,21.510000,22.230000,3147966
2021-08-02,21.930000,22.590000,21.270000,22.050000,3955463
2021-08-03,21.720000,21.720000,20.010000,20.100000,5555046
2021-08-04,20.220000,21.150000,20.010000,21.030000,3707616
2021-08-05,20.790000,20.910000,20.220000,20.430000,3064775
2021-08-06,20.640000,22.320000,20.430000,22.320000,7089734
2021-08-09,22.530000,23.370000,21.990000,23.100000,7462675
2021-08-10,22.800000,22.800000,21.870000,22.290000,5294002
2021-08-11,22.200000,22.290000,21.480000,21.900000,3700485
2021-08-12,21.900000,22.800000,21.540000,22.440000,4728670
2021-08-13,22.200000,23.550000,21.930000,23.280000,6166160
2021-08-16,23.220000,23.550000,22.260000,22.290000,4922392
2021-08-17,22.080000,23.400000,21.990000,22.680000,5603281
2021-08-18,22.380000,23.250000,21.600000,22.560000,4706463
2021-08-19,22.200000,22.200000,20.970000,21.720000,5195748
2021-08-20,21.450000,21.810000,20.970000,21.420000,3555757
2021-08-23,21.510000,21.960000,21.210000,21.720000,3236538
2021-08-24,21.900000,23.220000,21.630000,22.800000,6553879
2021-08-25,23.220000,23.670000,22.380000,23.460000,5894629
2021-08-26,23.430000,23.970000,22.950000,23.580000,5409003
2021-08-27,23.310000,24.780000,23.040000,24.780000,6263204
2021-08-30,24.900000,25.710000,24.120000,24.510000,6955857
2021-08-31,24.210000,24.990000,23.730000,24.960000,4149006
2021-09-01,24.750000,24.990000,22.620000,23.340000,6417581
2021-09-02,22.980000,23.880000,22.860000,23.610000,3208881
2021-09-03,23.190000,24.030000,22.650000,22.830000,4027962
2021-09-06,22.830000,23.130000,21.750000,22.860000,3299495
2021-09-07,22.770000,23.190000,22.590000,23.070000,3326516
2021-09-08,22.980000,23.130000,22.470000,22.650000,3873760
2021-09-09,22.650000,23.580000,22.530000,23.460000,4417373
2021-09-10,23.400000,25.650000,23.250000,25.320000,13103023
2021-09-13,25.500000,27.180000,25.320000,26.910000,10985204
2021-09-14,26.100000,26.280000,25.050000,25.170000,6609138
2021-09-15,25.140000,25.380000,24.300000,25.140000,3918589
2021-09-16,25.170000,25.710000,24.120000,24.270000,4921679
2021-09-17,24.000000,24.570000,22.440000,23.340000,5456036
2021-09-22,22.560000,23.220000,22.290000,23.010000,2802317
2021-09-23,23.280000,23.370000,22.620000,22.890000,2390016
2021-09-24,22.890000,23.040000,21.840000,21.960000,3132600
2021-09-27,21.810000,21.900000,19.920000,20.250000,4577648
2021-09-28,20.370000,20.460000,19.950000,20.220000,2108908
2021-09-29,20.070000,20.070000,18.780000,19.200000,3312446
2021-09-30,19.380000,19.770000,19.110000,19.620000,2076711
2021-10-08,19.920000,19.950000,19.350000,19.530000,1829749
2021-10-11,19.890000,20.730000,19.710000,20.550000,3205530
2021-10-12,20.550000,20.670000,20.010000,20.490000,2090784
2021-10-13,20.250000,20.430000,20.100000,20.280000,1365101
2021-10-14,20.400000,20.940000,20.370000,20.850000,2247561
2021-10-15,20.970000,21.630000,20.580000,20.700000,2527025
2021-10-18,21.000000,21.540000,20.850000,21.420000,2494270
2021-10-19,21.270000,21.540000,20.970000,21.450000,1749016
2021-10-20,21.000000,21.630000,20.700000,21.180000,2133775
2021-10-21,21.450000,21.690000,21.060000,21.090000,2104377
2021-10-22,20.730000,21.000000,20.160000,20.400000,2272398
2021-10-25,20.310000,20.790000,20.040000,20.790000,1528162
2021-10-26,20.700000,21.060000,20.550000,20.670000,1423855
2021-10-27,20.640000,20.820000,20.130000,20.250000,1368470
2021-10-28,20.010000,20.100000,19.110000,19.350000,2582709
2021-10-29,19.290000,19.710000,19.110000,19.470000,1632671
2021-11-01,19.470000,19.770000,19.350000,19.500000,1317149
2021-11-02,19.530000,19.560000,18.690000,19.020000,1752903
2021-11-03,19.020000,19.260000,18.630000,19.200000,1245810
2021-11-04,19.200000,19.230000,18.360000,18.510000,2710775
2021-11-05,18.300000,18.720000,17.970000,17.970000,2408965
2021-11-08,17.970000,18.660000,17.940000,18.450000,2299296
2021-11-09,18.570000,18.570000,18.270000,18.420000,1134610
2021-11-10,18.360000,18.360000,17.880000,18.180000,1478708
2021-11-11,18.120000,18.360000,18.060000,18.300000,1185203
2021-11-12,18.390000,18.540000,18.090000,18.150000,1362057
2021-11-15,18.210000,18.300000,17.880000,18.210000,1273340
2021-11-16,18.180000,18.180000,17.640000,17.730000,1808908
2021-11-17,17.730000,17.970000,17.670000,17.910000,1602496
2021-11-18,17.820000,18.240000,17.730000,18.090000,1820830
2021-11-19,18.150000,18.570000,18.060000,18.570000,2464592
2021-11-22,18.600000,19.560000,18.600000,19.140000,3294675
2021-11-23,19.320000,19.470000,18.930000,19.020000,2018525
2021-11-24,19.020000,19.410000,18.810000,19.320000,2119386
2021-11-25,19.320000,19.710000,19.080000,19.140000,2030135
2021-11-26,19.050000,19.500000,18.930000,19.170000,2392059
2021-11-29,18.630000,19.140000,18.510000,18.840000,2653359
2021-11-30,19.110000,19.620000,18.930000,19.170000,2884888
2021-12-01,19.170000,19.980000,19.080000,19.800000,3624515
2021-12-02,19.860000,20.040000,19.410000,19.560000,2189401
2021-12-03,19.590000,19.860000,19.260000,19.770000,2305660
2021-12-06,19.770000,19.920000,19.320000,19.410000,2627659
2021-12-07,19.530000,19.650000,18.960000,19.170000,2195605
2021-12-08,19.320000,19.530000,19.170000,19.440000,1778797
2021-12-09,19.500000,19.590000,19.350000,19.410000,1755564
2021-12-10,19.290000,19.380000,19.020000,19.230000,1596419
2021-12-13,19.170000,19.320000,19.050000,19.230000,1650391
2021-12-14,19.140000,19.170000,18.480000,18.540000,2922383
2021-12-15,18.450000,18.600000,18.270000,18.330000,1644955
2021-12-16,18.330000,18.690000,18.300000,18.660000,1256664
2021-12-17,18.780000,19.200000,18.720000,18.810000,1922084
2021-12-20,18.720000,18.780000,18.360000,18.390000,1258929
2021-12-21,18.300000,18.570000,18.270000,18.540000,922195
2021-12-22,18.540000,18.540000,18.330000,18.360000,947326
2021-12-23,18.450000,18.570000,18.390000,18.480000,977958
2021-12-24,18.480000,18.540000,18.090000,18.120000,1177931
2021-12-27,18.120000,18.210000,18.030000,18.060000,763573
2021-12-28,18.150000,18.330000,18.060000,18.210000,970692
2021-12-29,18.150000,18.270000,18.060000,18.090000,877208
2021-12-30,18.120000,18.180000,18.060000,18.090000,737165
2021-12-31,18.150000,18.300000,18.090000,18.240000,862564
2022-01-04,18.360000,18.420000,18.150000,18.420000,1126523
2022-01-05,18.390000,18.390000,18.000000,18.150000,1040948
2022-01-06,18.030000,18.210000,18.030000,18.150000,874282
2022-01-07,18.210000,18.270000,18.060000,18.150000,929273
2022-01-10,18.120000,18.270000,18.060000,18.240000,871474
2022-01-11,18.210000,18.300000,18.060000,18.150000,1017794
2022-01-12,18.270000,18.780000,18.240000,18.780000,2636038
2022-01-13,18.870000,19.140000,18.630000,18.660000,2194299
2022-01-14,18.600000,18.600000,18.240000,18.360000,1474572
2022-01-17,18.240000,18.330000,18.060000,18.210000,991940
2022-01-18,18.180000,18.390000,18.060000,18.240000,879169
2022-01-19,18.210000,18.360000,18.150000,18.210000,850069
2022-01-20,18.360000,18.510000,18.210000,18.450000,1152334
2022-01-21,18.360000,18.600000,18.270000,18.570000,1189613
2022-01-24,18.570000,18.630000,18.300000,18.480000,889593
2022-01-25,18.330000,18.480000,17.880000,17.880000,1309513
2022-01-26,17.910000,18.060000,17.880000,18.000000,592521
2022-01-27,18.000000,18.000000,16.890000,17.010000,1582409
2022-01-28,17.190000,17.280000,16.560000,17.010000,1039082
2022-02-07,17.280000,17.700000,17.250000,17.670000,1228976
2022-02-08,17.670000,17.820000,17.460000,17.790000,992649
2022-02-09,17.850000,18.390000,17.790000,18.330000,1639370
2022-02-10,18.450000,19.110000,18.450000,18.870000,2719930
2022-02-11,18.870000,19.110000,18.720000,18.870000,1899950
2022-02-14,18.750000,18.900000,18.390000,18.570000,1265728
2022-02-15,18.600000,18.630000,18.300000,18.540000,927188
2022-02-16,18.540000,18.810000,18.510000,18.570000,789380
2022-02-17,18.600000,18.960000,18.510000,18.870000,1393328
2022-02-18,18.720000,18.930000,18.630000,18.900000,1001714
2022-02-21,18.840000,18.930000,18.630000,18.690000,854843
2022-02-22,18.600000,18.810000,18.480000,18.780000,897876
2022-02-23,18.870000,18.930000,18.660000,18.900000,1185717
2022-02-24,18.780000,19.170000,18.360000,18.660000,1727188
2022-02-25,18.630000,19.050000,18.570000,18.720000,1485125
2022-02-28,18.810000,19.650000,18.810000,19.530000,3929564
2022-03-01,19.500000,19.530000,19.020000,19.260000,2170340
2022-03-02,19.140000,19.530000,19.080000,19.290000,1979902
2022-03-03,19.440000,19.890000,19.440000,19.560000,3127673
2022-03-04,19.470000,19.500000,18.780000,18.840000,2450421
2022-03-07,19.080000,19.350000,18.540000,18.690000,2187420
2022-03-08,18.810000,19.110000,17.520000,17.880000,2702034
2022-03-09,17.700000,17.700000,16.530000,17.250000,2408114
2022-03-10,17.550000,17.670000,17.100000,17.340000,1759819
2022-03-11,17.040000,17.160000,16.680000,17.130000,1614191
2022-03-14,16.860000,17.010000,16.620000,16.650000,1167042
2022-03-15,16.500000,16.530000,15.300000,15.360000,2525321
2022-03-16,15.900000,16.380000,15.450000,16.290000,2174889
2022-03-17,16.530000,16.950000,16.410000,16.770000,1868464
2022-03-18,16.800000,17.100000,16.680000,17.010000,1545647
2022-03-21,17.160000,17.430000,16.980000,17.160000,1477006
2022-03-22,17.250000,17.370000,16.980000,17.220000,1203840
2022-03-23,17.340000,17.490000,17.250000,17.430000,1353123
2022-03-24,17.430000,18.000000,17.370000,17.820000,1804572
2022-03-25,17.790000,18.300000,17.700000,17.910000,1785474
2022-03-28,17.640000,17.730000,17.220000,17.490000,1085161
2022-03-29,17.400000,17.670000,17.310000,17.490000,757386
2022-03-30,17.580000,17.580000,17.190000,17.400000,880579
2022-03-31,17.430000,17.460000,17.040000,17.130000,984853
2022-04-01,17.100000,17.430000,16.890000,17.340000,796188
2022-04-06,17.310000,17.550000,17.100000,17.520000,888901
2022-04-07,17.460000,17.490000,17.250000,17.280000,637576
2022-04-08,17.250000,17.970000,17.190000,17.730000,1576968
2022-04-11,17.730000,17.820000,16.830000,16.890000,1408875
2022-04-12,16.890000,17.130000,16.530000,17.130000,941994
2022-04-13,17.040000,18.240000,17.010000,17.850000,2436190
2022-04-14,17.880000,18.180000,17.700000,18.000000,1278095
2022-04-15,17.940000,18.420000,17.820000,18.060000,1787455
2022-04-18,17.970000,17.970000,17.460000,17.580000,913596
2022-04-19,17.700000,17.820000,17.550000,17.640000,877704
2022-04-20,17.580000,17.610000,16.980000,17.040000,1113870
2022-04-21,17.010000,17.040000,16.140000,16.260000,1575429
2022-04-22,16.110000,16.440000,15.840000,16.350000,914263
2022-04-25,15.990000,15.990000,15.300000,15.330000,1341732
2022-04-26,15.330000,15.420000,14.190000,14.310000,1962819
2022-04-27,14.070000,15.150000,14.040000,15.060000,1530342
2022-04-28,15.060000,15.120000,14.730000,14.880000,1200749
2022-04-29,15.060000,15.660000,14.970000,15.540000,1371320
2022-05-05,15.630000,15.870000,15.450000,15.720000,1060921
2022-05-06,15.300000,15.360000,15.030000,15.150000,1042418
2022-05-09,15.000000,15.210000,14.850000,15.000000,854676
2022-05-10,14.760000,14.970000,14.460000,14.820000,1696454
2022-05-11,14.820000,15.450000,14.760000,15.090000,1621390
2022-05-12,14.880000,15.060000,14.670000,14.850000,1119792
2022-05-13,14.880000,15.030000,14.700000,14.820000,990462
2022-05-16,14.940000,15.030000,14.820000,14.880000,869124
2022-05-17,14.880000,15.240000,14.850000,15.210000,1364905
2022-05-18,15.240000,15.240000,14.970000,15.060000,878926
2022-05-19,14.820000,14.940000,14.670000,14.910000,1238014
2022-05-20,15.000000,15.600000,15.000000,15.570000,2222623
2022-05-23,15.510000,15.900000,15.450000,15.750000,1417511
2022-05-24,15.690000,15.720000,15.120000,15.120000,1306235
2022-05-25,15.330000,15.750000,15.270000,15.630000,1649450
2022-05-26,15.660000,15.840000,15.360000,15.780000,1241379
2022-05-27,15.810000,15.990000,15.660000,15.750000,1240446
2022-05-30,15.750000,15.870000,15.660000,15.720000,837289
2022-05-31,15.720000,15.810000,15.600000,15.810000,986598
2022-06-01,15.720000,15.900000,15.660000,15.840000,895217
2022-06-02,15.780000,16.050000,15.720000,16.020000,1008473
2022-06-06,16.200000,16.680000,16.080000,16.620000,1867944
2022-06-07,16.560000,16.710000,16.440000,16.620000,1091802
2022-06-08,16.650000,17.040000,16.380000,17.010000,1958703
2022-06-09,17.070000,18.120000,17.070000,17.670000,3792136
2022-06-10,17.460000,18.780000,17.460000,18.540000,3631654
2022-06-13,18.510000,19.050000,18.390000,18.660000,3786405
2022-06-14,18.480000,18.900000,18.270000,18.870000,2829569
2022-06-15,18.870000,19.260000,18.360000,18.960000,3561962
2022-06-16,18.960000,19.440000,18.660000,18.960000,2610069
2022-06-17,18.960000,19.890000,18.690000,19.830000,5065654
2022-06-20,19.860000,19.860000,18.030000,18.780000,7422123
2022-06-21,18.480000,18.690000,17.910000,18.600000,3684059
2022-06-22,18.750000,20.310000,18.660000,19.860000,11597554
2022-06-23,19.350000,19.980000,18.270000,19.440000,10181438
2022-06-24,19.110000,19.770000,18.690000,18.750000,4779828
2022-06-27,18.480000,19.680000,18.300000,19.440000,5886887
2022-06-28,19.560000,19.650000,18.990000,19.200000,3818027
2022-06-29,19.080000,19.290000,18.630000,18.660000,3396441
2022-06-30,18.600000,18.930000,18.360000,18.690000,2718378
2022-07-01,18.900000,18.900000,18.480000,18.630000,2090511
2022-07-04,18.390000,18.660000,18.240000,18.390000,2414188
2022-07-05,18.420000,18.690000,18.030000,18.360000,2444731
2022-07-06,18.090000,18.240000,16.980000,17.310000,4738667
2022-07-07,17.430000,18.000000,17.370000,17.820000,2307408
2022-07-08,17.970000,18.600000,17.940000,18.240000,3179666
2022-07-11,18.120000,18.180000,17.520000,17.640000,2202248
2022-07-12,17.640000,17.730000,17.370000,17.400000,1367228
2022-07-13,17.370000,17.490000,17.070000,17.400000,1210223
2022-07-14,17.310000,17.370000,17.070000,17.130000,1677118
2022-07-15,17.160000,17.490000,17.100000,17.160000,1646523
2022-07-18,17.250000,17.700000,17.220000,17.640000,1549551
2022-07-19,17.580000,17.640000,17.310000,17.430000,1180964
2022-07-20,17.490000,18.030000,17.460000,18.030000,1977545
2022-07-21,18.000000,19.650000,17.850000,19.650000,6429665
2022-07-22,18.810000,19.050000,18.240000,18.390000,6505218
2022-07-25,18.270000,18.330000,17.790000,17.850000,2280911
2022-07-26,17.880000,18.270000,17.730000,18.120000,1594079
2022-07-27,18.060000,18.360000,17.940000,18.270000,1324256
2022-07-28,18.390000,18.390000,18.090000,18.150000,1407259
2022-07-29,18.090000,18.150000,17.850000,17.880000,1456378
2022-08-01,17.730000,18.060000,17.250000,18.030000,1541922
2022-08-02,17.790000,17.790000,17.160000,17.370000,1862595
2022-08-03,17.340000,17.610000,17.160000,17.220000,1168510
2022-08-04,17.340000,17.460000,17.100000,17.310000,866639
2022-08-05,17.340000,17.550000,17.250000,17.520000,937084
2022-08-08,17.580000,18.030000,17.490000,17.760000,1441013
2022-08-09,17.730000,17.850000,17.610000,17.790000,921529
2022-08-10,17.910000,18.210000,17.700000,17.820000,1463452
2022-08-11,17.880000,17.970000,17.610000,17.940000,1451049
2022-08-12,17.910000,18.210000,17.820000,18.090000,1435046
2022-08-15,18.030000,18.420000,17.910000,18.300000,2296852
2022-08-16,18.240000,18.270000,17.850000,17.940000,1734928
2022-08-17,17.850000,17.970000,17.520000,17.670000,1604705
2022-08-18,17.490000,17.640000,17.340000,17.490000,1180819
2022-08-19,17.400000,17.550000,17.400000,17.430000,988726
2022-08-22,17.520000,17.790000,17.460000,17.790000,1375794
2022-08-23,17.760000,17.940000,17.610000,17.700000,1030825
2022-08-24,17.700000,17.910000,17.100000,17.160000,2052488
2022-08-25,17.160000,17.400000,17.040000,17.370000,1129909
2022-08-26,17.370000,17.520000,17.250000,17.280000,941710
2022-08-29,17.040000,17.160000,16.860000,17.130000,862761
2022-08-30,17.160000,17.160000,16.890000,16.980000,902958
2022-08-31,16.890000,16.920000,16.410000,16.470000,1633904
2022-09-01,16.470000,16.650000,16.350000,16.500000,700173
2022-09-02,16.530000,16.590000,16.350000,16.410000,746811
2022-09-05,16.410000,16.560000,16.290000,16.560000,720651
2022-09-06,16.590000,16.890000,16.560000,16.860000,923741
2022-09-07,16.800000,17.100000,16.770000,17.070000,896460
2022-09-08,17.040000,17.160000,16.950000,17.040000,756757
2022-09-09,17.130000,17.430000,17.040000,17.250000,966960
2022-09-13,17.400000,17.550000,17.310000,17.370000,1218400
2022-09-14,17.130000,17.280000,16.980000,17.070000,904931
2022-09-15,17.100000,17.250000,16.560000,16.740000,1142216
2022-09-16,16.770000,16.800000,16.260000,16.260000,1146792
2022-09-19,16.290000,16.350000,15.930000,16.050000,696587
2022-09-20,16.080000,16.620000,16.050000,16.410000,766159
2022-09-21,16.380000,16.470000,16.200000,16.410000,554851
2022-09-22,16.260000,16.530000,16.260000,16.380000,594647
2022-09-23,16.410000,16.440000,16.140000,16.230000,674335
2022-09-26,16.110000,16.200000,15.750000,15.780000,888960
2022-09-27,15.840000,15.960000,15.600000,15.960000,718621
2022-09-28,15.900000,15.900000,15.360000,15.360000,791636
2022-09-29,15.660000,16.080000,15.600000,15.870000,1272583
2022-09-30,15.870000,16.260000,15.780000,15.870000,1100332
2022-10-10,15.870000,15.960000,15.060000,15.240000,1381287
2022-10-11,15.330000,15.630000,15.210000,15.390000,817831
2022-10-12,15.210000,15.270000,14.250000,14.970000,3650062
2022-10-13,14.760000,14.910000,14.610000,14.670000,1895085
2022-10-14,14.820000,15.150000,14.730000,15.090000,2540589
2022-10-17,14.880000,14.970000,14.700000,14.940000,1829236
2022-10-18,14.970000,15.030000,14.790000,14.850000,1226215
2022-10-19,14.820000,14.880000,14.580000,14.610000,1444471
2022-10-20,14.490000,14.700000,14.340000,14.520000,1063449
2022-10-21,14.580000,14.640000,14.460000,14.490000,792480
2022-10-24,14.580000,14.700000,14.130000,14.160000,1620920
2022-10-25,14.160000,14.490000,13.860000,14.370000,1343289
2022-10-26,14.310000,14.490000,14.250000,14.400000,945835
2022-10-27,14.490000,14.760000,14.460000,14.580000,1367933
2022-10-28,14.580000,14.580000,14.160000,14.220000,1040222
2022-10-31,14.070000,14.310000,13.950000,14.160000,797825
2022-11-01,14.430000,14.640000,14.340000,14.640000,1371880
2022-11-02,14.640000,14.970000,14.550000,14.850000,1734658
2022-11-03,14.760000,14.790000,14.580000,14.700000,1135525
2022-11-04,14.760000,15.210000,14.700000,15.150000,2047950
2022-11-07,15.510000,15.840000,15.450000,15.720000,3032954
2022-11-08,15.630000,15.870000,15.540000,15.720000,1492831
2022-11-09,15.930000,16.050000,15.540000,15.570000,1218661
2022-11-10,15.480000,15.510000,15.240000,15.390000,1038559
2022-11-11,15.810000,15.960000,15.660000,15.750000,1770050
2022-11-14,15.900000,16.140000,15.690000,15.810000,1977295
2022-11-15,15.810000,15.930000,15.600000,15.930000,1188014
2022-11-16,15.930000,16.410000,15.810000,16.170000,1788846
2022-11-17,16.050000,16.110000,15.810000,15.960000,1138111
2022-11-18,15.900000,16.020000,15.780000,15.780000,805502
2022-11-21,15.720000,15.720000,15.420000,15.690000,687769
2022-11-22,15.570000,15.840000,15.540000,15.630000,629913
2022-11-23,15.690000,15.780000,15.540000,15.600000,524887
2022-11-24,15.720000,15.750000,15.600000,15.630000,506586
2022-11-25,15.600000,15.720000,15.540000,15.660000,490576
2022-11-28,15.540000,15.540000,15.150000,15.390000,857692
2022-11-29,15.330000,15.870000,15.330000,15.840000,1186900
2022-11-30,15.840000,15.960000,15.690000,15.690000,784792
2022-12-01,15.900000,16.140000,15.900000,15.930000,1301020
2022-12-02,15.900000,15.960000,15.690000,15.690000,839117
2022-12-05,15.810000,16.260000,15.810000,16.170000,1561760
2022-12-06,16.110000,16.230000,15.990000,16.200000,870872
2022-12-07,16.080000,16.230000,16.020000,16.050000,826048
2022-12-08,16.050000,16.170000,15.990000,16.080000,578507
2022-12-09,16.050000,16.800000,15.990000,16.740000,2401329
2022-12-12,16.650000,16.650000,16.350000,16.410000,1233295
2022-12-13,16.380000,16.800000,16.380000,16.560000,1044938
2022-12-14,16.560000,16.740000,16.350000,16.380000,811593
2022-12-15,16.320000,16.410000,16.050000,16.200000,844174
2022-12-16,16.020000,16.170000,15.960000,16.080000,530631
2022-12-19,16.140000,16.230000,15.600000,15.720000,907228
2022-12-20,15.630000,15.690000,15.450000,15.570000,523667
2022-12-21,15.660000,15.690000,15.450000,15.510000,431248
2022-12-22,15.630000,15.660000,15.240000,15.300000,502798
2022-12-23,15.210000,15.390000,15.150000,15.330000,365897
2022-12-26,15.360000,15.390000,15.210000,15.300000,490722
2022-12-27,15.390000,15.600000,15.360000,15.570000,489426
2022-12-28,15.480000,15.810000,15.390000,15.660000,645001
2022-12-29,15.540000,15.660000,15.390000,15.420000,631300
2022-12-30,15.480000,15.570000,15.360000,15.360000,434168
2023-01-03,15.300000,15.660000,14.910000,15.600000,859007
2023-01-04,15.540000,15.600000,15.300000,15.420000,624333
2023-01-05,15.480000,15.630000,15.360000,15.510000,861278
2023-01-06,15.510000,15.660000,15.450000,15.570000,863183
2023-01-09,15.690000,16.350000,15.690000,16.230000,1947036
2023-01-10,16.260000,16.380000,16.080000,16.200000,1010418
2023-01-11,16.320000,16.500000,16.260000,16.320000,895526
2023-01-12,16.590000,16.890000,16.410000,16.470000,1574014
2023-01-13,16.650000,16.710000,16.260000,16.350000,1035485
2023-01-16,16.380000,16.560000,16.320000,16.350000,1143313
2023-01-17,16.290000,16.350000,16.170000,16.260000,665183
2023-01-18,16.320000,16.740000,16.320000,16.680000,1405045
2023-01-19,16.590000,16.830000,16.560000,16.830000,817131
2023-01-20,16.860000,17.220000,16.830000,17.100000,1184477
2023-01-30,17.640000,18.600000,17.580000,18.210000,4609852
2023-01-31,18.270000,18.930000,18.180000,18.720000,3810586
2023-02-01,18.750000,20.010000,18.750000,19.740000,4733752
2023-02-02,19.590000,19.650000,19.080000,19.470000,2896911
2023-02-03,19.260000,19.470000,18.960000,19.380000,2172963
2023-02-06,19.110000,19.110000,18.510000,18.840000,2028554
2023-02-07,18.930000,19.620000,18.690000,19.380000,2050122
2023-02-08,19.320000,19.710000,19.110000,19.200000,1689919
2023-02-09,19.110000,19.350000,18.960000,19.230000,1124109
2023-02-10,19.230000,19.320000,18.900000,18.990000,1164601
2023-02-13,18.900000,19.200000,18.840000,18.930000,1312047
2023-02-14,19.110000,19.860000,19.080000,19.500000,3213951
2023-02-15,19.440000,19.950000,19.410000,19.440000,1687293
2023-02-16,19.230000,19.500000,18.810000,19.020000,1507437
2023-02-17,19.200000,19.620000,19.200000,19.200000,1507412
2023-02-20,19.140000,19.800000,19.050000,19.650000,2160262
2023-02-21,19.650000,20.580000,19.560000,20.250000,3893077
2023-02-22,20.100000,20.340000,19.920000,20.130000,1410720
2023-02-23,20.220000,20.400000,19.920000,20.220000,1472687
2023-02-24,20.040000,20.100000,19.560000,19.680000,1663133
2023-02-27,19.440000,19.680000,19.140000,19.320000,1432744
2023-02-28,19.440000,19.560000,19.200000,19.410000,923518
2023-03-01,19.470000,19.920000,19.380000,19.890000,1406813
2023-03-02,19.950000,20.220000,19.800000,19.980000,1345664
2023-03-03,20.040000,20.040000,19.410000,19.650000,1292847
2023-03-06,19.560000,19.890000,19.290000,19.830000,1265673
2023-03-07,19.800000,20.190000,19.590000,19.620000,1079716
2023-03-08,19.260000,19.710000,19.200000,19.620000,936669
2023-03-09,20.010000,20.070000,19.500000,19.680000,1066363
2023-03-10,19.410000,19.560000,19.320000,19.320000,669759
2023-03-13,19.320000,19.650000,19.200000,19.470000,1007999
2023-03-14,19.560000,19.680000,19.020000,19.200000,984115
2023-03-15,19.260000,19.440000,19.200000,19.230000,508934
2023-03-16,19.020000,19.020000,17.730000,17.850000,3161602
2023-03-17,17.970000,18.210000,17.700000,17.820000,2240372
2023-03-20,17.820000,18.270000,17.640000,17.760000,1978380
2023-03-21,17.910000,19.020000,17.850000,18.810000,2564618
2023-03-22,18.810000,19.230000,18.750000,19.170000,1599088
2023-03-23,19.170000,19.320000,19.020000,19.230000,818009
2023-03-24,19.200000,19.470000,19.110000,19.380000,1089765
2023-03-27,19.440000,19.560000,19.200000,19.470000,943528
2023-03-28,19.440000,19.710000,19.290000,19.380000,853142
2023-03-29,19.380000,19.620000,19.380000,19.500000,742316
2023-03-30,19.530000,19.560000,19.170000,19.500000,795071
2023-03-31,19.500000,19.890000,19.440000,19.680000,1203738
2023-04-03,19.680000,19.710000,19.230000,19.440000,1438784
2023-04-04,19.380000,19.560000,19.260000,19.530000,950675
2023-04-06,19.530000,19.650000,19.320000,19.620000,916548
2023-04-07,19.620000,19.980000,19.290000,19.380000,1211776
2023-04-10,19.440000,19.800000,19.380000,19.560000,1101686
2023-04-11,19.620000,20.160000,19.470000,20.070000,2024717
2023-04-12,20.160000,20.430000,20.040000,20.220000,1372320
2023-04-13,20.220000,20.430000,20.010000,20.160000,1072685
2023-04-14,20.370000,20.970000,20.340000,20.940000,2369159
2023-04-17,20.790000,20.940000,20.280000,20.760000,2195623
2023-04-18,20.640000,20.880000,20.400000,20.700000,1107085
2023-04-19,22.110000,22.590000,21.960000,22.470000,5121307
2023-04-20,22.440000,22.530000,21.570000,21.840000,2873812
2023-04-21,22.050000,22.170000,21.450000,21.480000,1436458
2023-04-24,21.420000,21.450000,20.310000,20.490000,2345966
2023-04-25,20.640000,20.820000,19.950000,20.250000,1476237
2023-04-26,20.040000,20.220000,19.710000,19.920000,1513026
2023-04-27,19.770000,19.800000,19.170000,19.380000,1759987
2023-04-28,19.470000,19.860000,19.440000,19.590000,1701643
2023-05-04,19.350000,19.350000,18.690000,18.810000,2806011
2023-05-05,18.840000,19.110000,18.480000,18.570000,1649038
2023-05-08,18.810000,19.770000,18.750000,19.260000,2156922
2023-05-09,19.290000,19.830000,19.230000,19.290000,1673957
2023-05-10,19.260000,19.470000,19.050000,19.140000,1063913
2023-05-11,19.080000,19.140000,18.600000,18.690000,1433910
2023-05-12,18.420000,18.450000,17.490000,17.610000,2858504
2023-05-15,17.580000,18.180000,17.580000,18.090000,1152230
2023-05-16,18.090000,18.180000,17.910000,17.970000,692701
2023-05-17,17.760000,17.940000,17.640000,17.760000,849966
2023-05-18,18.030000,18.180000,17.820000,17.910000,747832
2023-05-19,17.760000,17.820000,17.580000,17.730000,707384
2023-05-22,17.730000,17.850000,17.610000,17.760000,593974
2023-05-23,17.700000,17.760000,17.430000,17.430000,783718
2023-05-24,17.340000,17.640000,17.190000,17.460000,700006
2023-05-25,17.310000,17.370000,17.010000,17.190000,814328
2023-05-26,17.220000,17.460000,17.100000,17.460000,497551
2023-05-29,17.550000,17.610000,17.370000,17.460000,492795
2023-05-30,17.520000,17.550000,17.220000,17.460000,493538
2023-05-31,17.400000,17.460000,17.220000,17.430000,609221
2023-06-01,17.430000,17.760000,17.220000,17.580000,969223
2023-06-02,17.700000,18.180000,17.700000,18.120000,1538508
2023-06-05,18.120000,18.150000,17.880000,18.030000,682901
2023-06-06,18.090000,18.300000,17.820000,17.850000,901230
2023-06-07,17.910000,18.180000,17.730000,17.880000,626689
2023-06-08,17.820000,18.120000,17.790000,17.940000,517370
2023-06-09,18.060000,18.090000,17.880000,17.910000,678051
2023-06-12,17.910000,17.940000,17.610000,17.880000,921565
2023-06-13,17.820000,17.850000,17.700000,17.820000,519385
2023-06-14,18.030000,18.600000,18.000000,18.240000,2278438
2023-06-15,18.180000,18.510000,17.850000,18.450000,1634933
2023-06-16,18.450000,18.720000,18.330000,18.690000,1444112
2023-06-19,18.660000,18.720000,18.060000,18.180000,1381856
2023-06-20,18.180000,18.420000,18.030000,18.270000,819375
2023-06-21,18.210000,18.300000,17.700000,17.730000,1058396
2023-06-26,17.670000,17.820000,17.370000,17.490000,611223
2023-06-27,17.460000,17.970000,17.250000,17.850000,1093522
2023-06-28,17.790000,17.970000,17.640000,17.820000,695434
2023-06-29,17.790000,17.880000,17.610000,17.640000,778669
2023-06-30,17.580000,17.850000,17.550000,17.700000,564500
2023-07-03,17.820000,18.420000,17.760000,18.390000,1533497
2023-07-04,18.480000,18.720000,18.150000,18.300000,796460
2023-07-05,18.210000,18.690000,18.180000,18.510000,1260177
2023-07-06,18.510000,18.540000,18.150000,18.240000,842576
2023-07-07,18.220000,18.280000,17.950000,18.160000,707189
2023-07-10,18.250000,18.490000,18.220000,18.370000,689013
2023-07-11,18.370000,18.580000,18.190000,18.550000,759145
2023-07-12,18.550000,18.700000,18.460000,18.520000,875119
2023-07-13,18.850000,19.510000,18.790000,19.360000,2327191
2023-07-14,19.600000,19.870000,19.390000,19.480000,1380710
2023-07-17,19.030000,19.600000,18.850000,19.240000,1163168
2023-07-18,19.180000,19.390000,19.090000,19.210000,701985
2023-07-19,19.540000,19.690000,19.330000,19.510000,1334441
2023-07-20,19.510000,19.780000,19.390000,19.510000,1203841
2023-07-21,19.510000,19.630000,19.210000,19.390000,740564
2023-07-24,19.450000,19.480000,19.150000,19.210000,572314
2023-07-25,19.600000,20.410000,19.600000,19.900000,1470939
2023-07-26,19.990000,20.200000,19.810000,20.050000,859828
2023-07-27,20.050000,20.080000,19.690000,19.720000,768548
2023-07-28,19.570000,20.080000,19.480000,20.050000,1008836
2023-07-31,20.320000,20.800000,20.200000,20.470000,1574183
2023-08-01,20.830000,21.400000,20.590000,20.710000,1745871
2023-08-02,20.590000,20.650000,20.350000,20.440000,798324
2023-08-03,20.260000,20.380000,20.050000,20.260000,1071662
2023-08-04,20.530000,20.890000,20.170000,20.260000,1289754
2023-08-07,20.230000,20.350000,20.050000,20.290000,508326
2023-08-08,20.290000,20.530000,20.020000,20.380000,817447
2023-08-09,20.230000,20.410000,20.200000,20.350000,436584
2023-08-10,20.320000,20.440000,20.110000,20.230000,524362
2023-08-11,20.230000,20.350000,19.720000,19.810000,911549
2023-08-14,19.600000,19.690000,19.270000,19.570000,829698
2023-08-15,19.600000,19.720000,19.180000,19.480000,621765
2023-08-16,19.240000,19.540000,19.240000,19.330000,413253
2023-08-17,19.150000,19.360000,18.970000,19.360000,647073
2023-08-18,19.480000,19.480000,18.970000,18.970000,534265
2023-08-21,18.940000,19.180000,18.850000,18.880000,545946
2023-08-22,19.030000,19.600000,19.000000,19.420000,1136431
2023-08-23,19.450000,19.450000,19.030000,19.030000,861429
2023-08-24,19.300000,19.810000,19.270000,19.510000,1108312
2023-08-25,19.360000,19.570000,19.210000,19.360000,866897
2023-08-28,20.110000,20.230000,19.060000,19.150000,1427418
2023-08-29,19.240000,19.480000,18.850000,19.270000,1124630
2023-08-30,19.330000,19.540000,19.240000,19.300000,819484
2023-08-31,19.330000,19.540000,19.120000,19.150000,597301
2023-09-01,19.180000,20.080000,19.180000,19.780000,1322655
2023-09-04,20.260000,20.650000,20.140000,20.470000,1893215
2023-09-05,20.410000,20.560000,20.230000,20.500000,779828
2023-09-06,20.860000,21.010000,20.350000,20.710000,1277517
2023-09-07,20.740000,20.800000,20.380000,20.440000,769947
2023-09-08,20.380000,20.410000,20.170000,20.200000,380858
2023-09-11,20.260000,20.710000,20.230000,20.530000,908318
2023-09-12,20.620000,20.830000,20.440000,20.470000,692567
2023-09-13,20.470000,20.560000,20.230000,20.410000,588852
2023-09-14,20.500000,20.800000,20.410000,20.740000,1071234
2023-09-15,21.100000,21.280000,20.830000,21.010000,1533559
2023-09-18,21.010000,21.100000,20.530000,20.710000,862581
2023-09-19,20.650000,20.890000,20.530000,20.860000,716759
2023-09-20,20.770000,20.860000,20.590000,20.650000,451805
2023-09-21,20.530000,20.650000,20.290000,20.380000,711676
2023-09-22,20.200000,20.410000,20.080000,20.230000,967079
2023-09-25,20.260000,20.350000,20.140000,20.200000,502298
2023-09-26,20.230000,20.440000,20.110000,20.200000,448991
2023-09-27,20.170000,20.230000,19.870000,19.990000,846820
2023-09-28,19.990000,20.110000,19.510000,19.690000,987140
2023-10-09,19.600000,19.930000,19.300000,19.900000,781411
2023-10-10,19.900000,19.960000,19.570000,19.630000,580195
2023-10-11,19.720000,19.750000,19.390000,19.480000,762377
2023-10-12,19.570000,19.870000,19.570000,19.690000,744112
2023-10-13,19.570000,19.570000,19.270000,19.300000,572962
2023-10-16,19.330000,19.450000,19.240000,19.300000,550928
2023-10-17,19.300000,19.390000,19.150000,19.180000,569372
2023-10-18,19.210000,19.210000,18.790000,18.820000,748628
2023-10-19,18.700000,18.760000,18.490000,18.520000,657444
2023-10-20,18.460000,18.610000,18.010000,18.100000,1116111
2023-10-23,18.040000,18.040000,17.290000,17.410000,1072688
2023-10-24,17.560000,17.950000,17.560000,17.890000,1073850
2023-10-25,18.370000,18.460000,17.980000,17.980000,1004262
2023-10-26,17.860000,18.070000,17.680000,18.010000,810408
2023-10-27,17.980000,18.340000,17.740000,18.250000,946302
2023-10-30,18.370000,18.940000,18.280000,18.820000,1554640
2023-10-31,18.760000,18.760000,18.370000,18.580000,838818
2023-11-01,18.550000,18.580000,18.250000,18.250000,787446
2023-11-02,18.340000,18.550000,18.070000,18.070000,694156
2023-11-03,18.160000,18.370000,18.130000,18.190000,693507
2023-11-06,18.250000,18.400000,17.770000,17.890000,1798043
2023-11-07,17.890000,17.890000,17.650000,17.770000,953297
2023-11-08,17.710000,17.740000,17.410000,17.500000,1189619
2023-11-09,17.380000,17.620000,17.320000,17.560000,1031426
2023-11-10,17.500000,17.500000,17.320000,17.410000,684034
2023-11-13,17.470000,17.680000,17.410000,17.650000,812697
2023-11-14,17.650000,17.710000,17.470000,17.620000,694636
2023-11-15,17.770000,18.100000,17.740000,18.070000,1596873
2023-11-16,18.040000,18.040000,17.680000,17.740000,784788
2023-11-17,17.740000,17.740000,17.560000,17.710000,496865
2023-11-20,17.680000,17.860000,17.530000,17.860000,719810
2023-11-21,17.980000,18.400000,17.950000,18.040000,1415098
2023-11-22,18.040000,18.160000,17.860000,17.860000,670893
2023-11-23,17.830000,17.950000,17.710000,17.920000,499296
2023-11-24,17.890000,17.950000,17.710000,17.800000,469575
2023-11-27,17.740000,17.800000,17.560000,17.710000,583939
2023-11-28,17.740000,17.740000,17.530000,17.710000,584446
2023-11-29,17.770000,17.890000,17.650000,17.710000,592826
2023-11-30,17.680000,17.680000,17.500000,17.590000,516137
2023-12-01,17.590000,17.830000,17.560000,17.800000,790156
2023-12-04,17.980000,18.310000,17.440000,17.470000,2487214
2023-12-05,17.050000,17.320000,16.660000,16.780000,2004529
2023-12-06,16.720000,17.170000,16.690000,17.020000,1077143
2023-12-07,17.020000,17.050000,16.720000,16.810000,855535
2023-12-08,16.870000,16.930000,16.630000,16.660000,802089
2023-12-11,16.600000,16.660000,16.300000,16.540000,1444815
2023-12-12,16.480000,16.540000,16.240000,16.480000,1189739
2023-12-13,16.390000,16.450000,16.090000,16.120000,1092007
2023-12-14,16.270000,16.360000,16.090000,16.090000,890863
2023-12-15,16.240000,16.510000,16.210000,16.270000,1298670
2023-12-18,16.180000,16.240000,15.880000,15.940000,854246
2023-12-19,15.940000,16.060000,15.790000,16.000000,654349
2023-12-20,16.060000,16.300000,16.030000,16.090000,1131380
2023-12-21,16.000000,16.510000,15.910000,16.480000,1199718
2023-12-22,16.480000,16.870000,16.360000,16.660000,1210046
2023-12-25,16.660000,16.810000,16.570000,16.750000,761157
2023-12-26,16.750000,16.780000,16.630000,16.720000,566923
2023-12-27,16.690000,17.320000,16.690000,17.200000,1519666
2023-12-28,17.290000,17.710000,17.260000,17.440000,1634154
2023-12-29,17.350000,17.620000,17.350000,17.560000,987303
2024-01-02,17.590000,18.010000,17.560000,17.830000,1299762
2024-01-03,17.800000,17.800000,17.590000,17.710000,963158
2024-01-04,17.650000,17.800000,17.440000,17.560000,976386
2024-01-05,17.860000,18.280000,17.650000,17.770000,1905776
2024-01-08,17.920000,18.220000,17.710000,17.920000,1724967
2024-01-09,17.860000,18.100000,17.650000,18.010000,1409403
2024-01-10,17.920000,18.160000,17.800000,17.830000,996813
2024-01-11,17.860000,17.920000,17.740000,17.830000,905854
2024-01-12,17.770000,18.010000,17.680000,17.920000,885120
2024-01-15,17.860000,18.040000,17.680000,17.980000,940554
2024-01-16,17.950000,18.280000,17.920000,18.010000,1130605
2024-01-17,18.070000,18.130000,17.650000,17.650000,831549
2024-01-18,17.530000,17.830000,17.140000,17.680000,1457491
2024-01-19,17.590000,17.620000,17.350000,17.530000,918234
2024-01-22,17.500000,17.530000,16.870000,17.020000,1124194
2024-01-23,16.960000,17.350000,16.660000,17.230000,894336
2024-01-24,17.290000,17.710000,17.170000,17.620000,1068449
2024-01-25,17.710000,18.250000,17.560000,18.220000,1292029
2024-01-26,18.220000,18.700000,18.100000,18.460000,1716053
2024-01-29,18.430000,18.580000,18.280000,18.400000,915748
2024-01-30,18.280000,18.550000,18.190000,18.250000,862260
2024-01-31,18.160000,18.400000,17.980000,18.070000,931791
2024-02-01,17.980000,18.520000,17.920000,18.370000,1054240
2024-02-02,18.370000,18.670000,17.680000,18.250000,1276904
2024-02-05,18.100000,18.550000,17.890000,18.370000,1493760
2024-02-06,18.250000,18.820000,18.250000,18.730000,1140297
2024-02-07,18.760000,18.910000,18.490000,18.670000,1436941
2024-02-08,18.730000,19.000000,18.580000,19.000000,1421607
2024-02-19,19.030000,19.930000,18.910000,19.870000,1772754
2024-02-20,19.780000,20.290000,19.540000,20.050000,1270244
2024-02-21,19.930000,20.320000,19.900000,19.960000,977172
2024-02-22,19.900000,20.410000,19.810000,20.380000,1092536
2024-02-23,20.380000,21.100000,20.230000,21.010000,1500052
2024-02-26,20.920000,21.190000,20.320000,20.350000,1197351
2024-02-27,20.260000,20.530000,20.110000,20.320000,1283534
2024-02-28,20.320000,20.350000,19.990000,19.990000,1272519
2024-02-29,19.900000,20.440000,19.870000,20.410000,1064713
2024-03-01,20.380000,20.770000,20.290000,20.650000,960914
2024-03-04,20.830000,21.040000,20.680000,20.800000,1072404
2024-03-05,20.800000,21.070000,20.740000,20.980000,1087490
2024-03-06,20.950000,21.310000,20.800000,21.040000,970888
2024-03-07,21.070000,22.450000,21.070000,21.820000,1992260
2024-03-08,22.210000,22.390000,21.730000,22.210000,1328336
2024-03-11,22.120000,22.480000,21.910000,22.270000,1286037
2024-03-12,22.210000,22.210000,21.010000,21.160000,1883383
2024-03-13,21.760000,22.810000,21.640000,22.360000,3364333
2024-03-14,23.380000,24.010000,23.170000,23.530000,2982529
2024-03-15,23.530000,25.210000,23.290000,25.180000,2984265
2024-03-18,25.270000,25.870000,24.610000,25.420000,3138953
2024-03-19,25.210000,25.690000,24.910000,25.030000,2147424
2024-03-20,24.730000,25.240000,24.310000,24.730000,2182614
2024-03-21,25.240000,25.450000,24.880000,25.180000,1874981
2024-03-22,24.820000,24.910000,24.160000,24.400000,1823970
2024-03-25,24.790000,25.900000,24.700000,25.420000,2567794
2024-03-26,25.480000,25.900000,24.970000,25.300000,1811158
2024-03-27,25.180000,26.110000,25.030000,25.630000,2180957
2024-03-28,25.510000,26.800000,25.390000,26.470000,2056766
2024-03-29,26.650000,27.310000,26.320000,26.920000,2325382
2024-04-01,27.460000,27.790000,26.320000,26.710000,2504296
2024-04-02,26.620000,27.310000,26.560000,26.980000,1751025
2024-04-03,27.190000,28.360000,27.190000,28.180000,3007239
2024-04-08,28.210000,29.410000,27.340000,27.880000,4001447
2024-04-09,27.940000,28.240000,27.160000,27.400000,2439202
2024-04-10,27.580000,28.510000,27.400000,28.180000,2418460
2024-04-11,27.460000,29.170000,27.310000,28.060000,2602589
2024-04-12,28.060000,29.200000,27.880000,28.840000,2410410
2024-04-15,28.330000,29.470000,27.880000,29.440000,2243424
2024-04-16,29.200000,30.040000,28.270000,28.510000,2411538
2024-04-17,28.360000,29.110000,27.820000,29.080000,2191504
2024-04-18,28.870000,30.370000,28.630000,30.370000,2538144
2024-04-19,30.370000,31.420000,29.860000,30.400000,2269586
2024-04-22,30.850000,31.570000,29.410000,29.530000,2365433
2024-04-23,28.960000,29.140000,27.640000,27.760000,3738325
2024-04-24,27.640000,28.600000,27.640000,28.510000,2114432
2024-04-25,28.270000,28.600000,27.940000,28.570000,1522078
2024-04-26,28.870000,30.070000,28.570000,29.800000,2875259
2024-04-29,29.380000,29.620000,28.420000,28.990000,2719587
2024-04-30,29.260000,29.650000,28.390000,28.900000,2761737
2024-05-06,28.300000,28.510000,27.460000,28.450000,3138275
2024-05-07,28.570000,29.410000,28.330000,28.450000,2390332
2024-05-08,28.240000,28.930000,27.760000,28.450000,1906744
2024-05-09,28.330000,29.350000,28.210000,29.080000,1945466
2024-05-10,29.470000,29.710000,28.660000,29.560000,2036763
2024-05-13,29.140000,29.980000,28.900000,29.740000,1728339
2024-05-14,30.010000,30.700000,29.950000,30.340000,2332048
2024-05-15,30.130000,30.310000,29.200000,29.350000,2153753
2024-05-16,29.680000,29.950000,27.670000,27.970000,4882321
2024-05-17,28.360000,28.390000,27.130000,28.030000,3727730
2024-05-20,28.810000,29.410000,27.700000,28.780000,4585804
2024-05-21,28.720000,28.900000,27.010000,27.220000,3755911
2024-05-22,27.190000,27.460000,26.410000,26.590000,2836059
2024-05-23,25.960000,26.830000,25.600000,26.470000,2648442
2024-05-24,26.410000,26.830000,26.290000,26.500000,1534733
2024-05-27,26.410000,27.700000,26.410000,27.580000,2339394
2024-05-28,27.610000,28.210000,27.520000,27.580000,1821150
2024-05-29,27.460000,28.600000,27.400000,28.240000,1750979
2024-05-30,28.060000,28.180000,26.830000,26.980000,1883223
2024-05-31,26.920000,27.310000,26.590000,26.980000,1475442
2024-06-03,26.950000,27.250000,26.200000,26.470000,1752933
2024-06-04,26.710000,27.670000,26.410000,27.160000,1799858
2024-06-05,26.560000,26.650000,25.990000,26.050000,2218665
2024-06-06,26.410000,27.220000,26.320000,26.770000,2072796
2024-06-07,27.040000,27.400000,26.680000,27.190000,1744033
2024-06-11,26.530000,26.770000,26.140000,26.350000,1692862
2024-06-12,26.350000,26.950000,26.260000,26.710000,1116038
2024-06-13,26.560000,26.890000,25.990000,26.260000,1351029
2024-06-14,26.050000,26.890000,25.840000,26.800000,1361164
2024-06-17,26.560000,27.070000,26.140000,26.530000,1185268
2024-06-18,26.650000,26.770000,26.110000,26.380000,1089646
2024-06-19,26.530000,27.550000,26.470000,27.160000,1750246
2024-06-20,27.460000,27.850000,27.100000,27.310000,1517814
2024-06-21,27.610000,27.760000,26.860000,26.950000,1182056
2024-06-24,26.440000,27.010000,26.260000,26.710000,987919
2024-06-25,26.830000,27.310000,26.620000,26.950000,1067082
2024-06-26,26.740000,26.980000,26.230000,26.860000,1205450
2024-06-27,26.740000,26.860000,26.020000,26.530000,1189371
2024-06-28,26.440000,27.670000,26.410000,27.460000,1674825
2024-07-01,27.400000,28.000000,27.220000,27.940000,1261676
2024-07-02,27.940000,28.150000,27.250000,27.580000,1089952
2024-07-03,27.640000,27.850000,27.370000,27.850000,895871
2024-07-04,28.510000,28.840000,28.270000,28.420000,1861433
2024-07-05,28.540000,29.350000,28.360000,29.230000,1724360
2024-07-08,29.360000,29.570000,29.030000,29.180000,1384533
2024-07-09,29.180000,29.750000,28.910000,29.690000,1327437
2024-07-10,29.540000,29.690000,28.640000,28.760000,1443450
2024-07-11,28.880000,29.720000,28.640000,29.570000,1321690
2024-07-12,29.420000,29.630000,28.310000,28.700000,2003449
2024-07-15,29.090000,30.170000,28.850000,29.810000,2148397
2024-07-16,29.570000,30.050000,29.390000,29.930000,1201442
2024-07-17,29.660000,29.900000,27.800000,28.100000,2434526
2024-07-18,27.830000,28.430000,27.590000,28.280000,1361369
2024-07-19,27.260000,27.830000,26.450000,27.650000,1944621
2024-07-22,27.320000,27.470000,26.570000,26.810000,1670489
2024-07-23,26.870000,27.050000,25.070000,25.100000,2753228
2024-07-24,25.070000,25.130000,24.440000,24.710000,1852157
2024-07-25,24.140000,24.380000,23.390000,23.480000,2479744
2024-07-26,23.660000,24.590000,23.660000,24.230000,1889231
2024-07-29,24.440000,24.800000,24.170000,24.500000,1234250
2024-07-30,24.350000,24.350000,23.630000,23.900000,1274681
2024-07-31,24.140000,24.950000,23.900000,24.830000,1757303
2024-08-01,25.340000,25.520000,24.890000,24.980000,1259944
2024-08-02,24.290000,24.380000,23.840000,24.080000,1667835
2024-08-05,23.750000,24.140000,23.450000,23.510000,1565121
2024-08-06,23.510000,23.780000,23.120000,23.360000,1320244
2024-08-07,23.360000,23.930000,23.120000,23.690000,1024017
2024-08-08,23.480000,23.510000,22.970000,23.270000,1135669
2024-08-09,23.480000,23.900000,23.480000,23.600000,1194818
2024-08-12,23.600000,23.960000,23.570000,23.780000,783268
2024-08-13,23.960000,24.080000,23.630000,23.960000,855463
2024-08-14,23.930000,24.110000,23.600000,23.720000,823108
2024-08-15,23.660000,24.230000,23.480000,24.110000,1133649
2024-08-16,24.320000,24.980000,24.320000,24.710000,1730244
2024-08-19,24.860000,25.280000,24.740000,24.950000,1156337
2024-08-20,25.100000,25.130000,24.500000,24.650000,773985
2024-08-21,24.620000,24.770000,24.410000,24.710000,502838
2024-08-22,24.860000,24.890000,24.320000,24.740000,787528
2024-08-23,24.560000,24.860000,24.500000,24.680000,569585
2024-08-26,24.980000,25.370000,24.680000,25.340000,1558391
2024-08-27,25.310000,25.460000,24.710000,25.040000,978537
2024-08-28,25.040000,25.400000,24.500000,24.710000,974876
2024-08-29,24.290000,24.920000,24.170000,24.680000,772842
2024-08-30,24.680000,25.130000,24.320000,24.890000,1327680
2024-09-02,24.620000,24.740000,23.990000,24.320000,1075396
2024-09-03,24.290000,24.680000,24.170000,24.320000,716989
2024-09-04,23.690000,23.690000,23.000000,23.240000,1766411
2024-09-05,23.360000,23.480000,22.970000,23.180000,806865
2024-09-06,23.330000,23.480000,23.150000,23.150000,573472
2024-09-09,22.940000,22.940000,22.190000,22.550000,1451404
2024-09-10,22.700000,22.790000,22.310000,22.580000,692027
2024-09-11,22.460000,22.520000,21.860000,22.100000,1370828
2024-09-12,22.220000,22.310000,22.010000,22.130000,1086885
2024-09-13,22.400000,22.610000,21.980000,22.010000,1548157
2024-09-18,22.280000,22.790000,22.160000,22.640000,1622774
2024-09-19,22.730000,24.020000,22.520000,23.900000,2348686
2024-09-20,24.020000,24.860000,23.870000,24.740000,2087215
2024-09-23,24.590000,25.070000,24.470000,24.590000,1211241
2024-09-24,24.860000,25.700000,24.740000,25.460000,1886645
2024-09-25,26.060000,27.080000,25.700000,25.760000,2303914
2024-09-26,25.790000,26.780000,25.490000,26.780000,1752164
2024-09-27,27.500000,27.860000,27.110000,27.530000,1311331
2024-09-30,28.370000,29.090000,27.080000,28.520000,4991409
2024-10-08,30.860000,31.070000,27.170000,28.310000,6185235
2024-10-09,27.560000,27.560000,25.970000,26.210000,3355964
2024-10-10,26.450000,27.590000,26.270000,27.020000,2657196
2024-10-11,27.170000,27.170000,26.360000,26.570000,1430216
2024-10-14,26.690000,27.710000,26.570000,27.620000,2123389
2024-10-15,27.320000,27.320000,26.420000,26.450000,2150787
2024-10-16,26.150000,26.600000,25.850000,26.480000,1362595
2024-10-17,26.660000,26.750000,26.000000,26.060000,1207582
2024-10-18,26.150000,26.690000,25.910000,26.420000,1988287
2024-10-21,26.750000,27.740000,26.570000,27.380000,3195436
2024-10-22,27.080000,27.470000,26.630000,27.410000,1735913
2024-10-23,27.200000,27.320000,26.600000,27.020000,2255177
2024-10-24,26.720000,26.750000,26.210000,26.480000,1701601
2024-10-25,26.450000,26.480000,26.060000,26.180000,1671147
2024-10-28,26.090000,26.180000,25.700000,26.180000,1666840
2024-10-29,26.180000,26.300000,25.310000,25.400000,3060163
2024-10-30,25.460000,26.000000,25.400000,25.640000,1709335
2024-10-31,25.670000,25.670000,25.160000,25.220000,1871295
2024-11-01,25.220000,26.840000,24.950000,26.210000,4645775
2024-11-04,26.510000,26.720000,25.970000,26.420000,2498256
2024-11-05,26.360000,27.140000,26.210000,26.960000,2917545
2024-11-06,27.050000,27.560000,26.780000,27.020000,2920644
2024-11-07,26.270000,26.930000,25.820000,26.810000,2889317
2024-11-08,27.260000,27.650000,26.690000,26.720000,2649701
2024-11-11,26.450000,26.540000,25.820000,26.180000,2810830
2024-11-12,25.910000,26.360000,25.250000,25.460000,3131697
2024-11-13,25.220000,25.640000,25.160000,25.430000,1769396
2024-11-14,25.250000,25.310000,24.710000,24.740000,2011449
2024-11-15,24.740000,25.310000,24.650000,24.800000,1462023
2024-11-18,24.680000,25.160000,24.410000,24.620000,1716236
2024-11-19,25.040000,25.370000,24.740000,25.340000,1845657
2024-11-20,25.370000,25.400000,25.100000,25.250000,1009004
2024-11-21,25.220000,25.340000,25.100000,25.250000,881981
2024-11-22,25.160000,25.250000,24.380000,24.380000,1324820
2024-11-25,24.470000,24.740000,24.080000,24.230000,1056269
2024-11-26,24.170000,24.590000,24.140000,24.290000,687245
2024-11-27,24.170000,24.320000,23.840000,24.320000,1219261
2024-11-28,24.170000,24.290000,23.810000,23.870000,1140983
2024-11-29,23.870000,24.470000,23.630000,24.260000,1606559
2024-12-02,24.620000,25.100000,24.560000,24.860000,1773595
2024-12-03,24.920000,24.980000,24.650000,24.800000,1002023
2024-12-04,24.980000,25.220000,24.770000,24.980000,1307463
2024-12-05,24.860000,24.890000,24.470000,24.530000,1268282
2024-12-06,24.500000,24.680000,24.410000,24.680000,1309367
2024-12-09,24.680000,24.830000,24.410000,24.590000,1267602
2024-12-10,25.160000,25.460000,24.560000,24.620000,2000591
2024-12-11,24.650000,25.130000,24.440000,24.920000,1778293
2024-12-12,24.860000,24.980000,24.710000,24.920000,1390722
2024-12-13,24.710000,24.740000,23.930000,24.080000,3308930
2024-12-16,23.960000,24.080000,23.720000,23.810000,1409058
2024-12-17,23.720000,24.050000,23.600000,23.630000,1323011
2024-12-18,23.720000,23.810000,23.360000,23.390000,1547008
2024-12-19,23.090000,23.510000,22.820000,23.450000,1260855
2024-12-20,23.390000,23.480000,22.880000,22.970000,1779103
2024-12-23,23.000000,23.240000,22.940000,23.150000,1583747
2024-12-24,23.150000,23.390000,23.030000,23.390000,1260614
2024-12-25,23.360000,23.390000,22.970000,23.090000,894601
2024-12-26,23.060000,23.420000,23.000000,23.270000,936208
2024-12-27,23.300000,23.480000,22.880000,22.880000,1877092
2024-12-30,22.910000,23.030000,22.730000,22.850000,1363041
2024-12-31,22.790000,22.820000,22.370000,22.370000,1720009
2025-01-02,22.400000,22.670000,22.070000,22.160000,1846091
2025-01-03,22.250000,23.330000,22.250000,22.730000,3284325
2025-01-06,22.820000,23.180000,22.280000,22.850000,2040924
2025-01-07,22.970000,23.840000,22.880000,23.540000,2361999
2025-01-08,23.540000,23.540000,23.000000,23.270000,1624367
2025-01-09,23.420000,23.420000,23.060000,23.240000,1084833
2025-01-10,23.330000,23.660000,23.090000,23.300000,1701332
2025-01-13,23.090000,23.600000,23.000000,23.240000,1757409
2025-01-14,23.120000,23.570000,22.970000,23.570000,2012171
2025-01-15,23.450000,23.570000,22.850000,23.120000,1989507
2025-01-16,23.330000,24.050000,23.330000,23.720000,3055800
2025-01-17,23.690000,24.020000,23.570000,23.900000,1599257
2025-01-20,23.900000,23.990000,23.540000,23.570000,1591372
2025-01-21,23.690000,23.720000,23.360000,23.630000,1071220
2025-01-22,23.630000,23.810000,23.390000,23.750000,1535276
2025-01-23,24.080000,24.620000,23.780000,23.840000,2867619
2025-01-24,23.930000,24.410000,23.930000,24.290000,1577428
2025-01-27,24.290000,24.440000,24.140000,24.140000,1003474
2025-02-05,24.350000,24.470000,23.990000,24.080000,1864315
2025-02-06,24.260000,24.320000,23.990000,24.110000,1572779
2025-02-07,24.050000,24.500000,23.840000,24.290000,2594962
2025-02-10,24.410000,25.220000,24.350000,24.890000,3541012
2025-02-11,24.830000,25.130000,24.620000,24.710000,1897875
2025-02-12,24.590000,24.620000,24.050000,24.290000,1975256
2025-02-13,24.290000,24.440000,24.080000,24.080000,1421958
2025-02-14,24.200000,24.440000,24.080000,24.380000,1668857
2025-02-17,24.140000,24.170000,23.540000,23.660000,2575350
2025-02-18,23.540000,23.600000,23.180000,23.240000,1483511
2025-02-19,23.240000,23.360000,23.150000,23.300000,1136261
2025-02-20,23.240000,23.300000,23.060000,23.210000,1268774
2025-02-21,23.240000,23.360000,23.060000,23.150000,1515544
2025-02-24,23.120000,23.240000,22.880000,23.180000,1447328
2025-02-25,23.090000,23.120000,22.670000,22.730000,1799820
2025-02-26,22.790000,23.180000,22.760000,22.970000,1500653
2025-02-27,22.910000,22.940000,22.520000,22.700000,1629427
2025-02-28,22.550000,22.580000,22.280000,22.340000,1566484
2025-03-03,22.340000,22.820000,22.340000,22.640000,1467511
2025-03-04,22.520000,22.820000,22.460000,22.790000,1084264
2025-03-05,22.820000,23.060000,22.610000,22.940000,1324345
2025-03-06,23.210000,23.840000,23.210000,23.690000,3267718
2025-03-07,23.690000,24.320000,23.660000,23.990000,3038252
2025-03-10,24.320000,25.970000,24.320000,25.850000,7472752
2025-03-11,25.370000,25.610000,24.860000,25.520000,4958908
2025-03-12,25.880000,26.240000,25.550000,25.820000,4136682
2025-03-13,26.120000,26.360000,25.760000,26.150000,3288518
2025-03-14,26.690000,27.050000,25.940000,26.180000,3989849
2025-03-17,25.970000,26.150000,25.550000,25.610000,2514150
2025-03-18,25.700000,26.210000,25.520000,26.000000,2597821
2025-03-19,25.940000,26.150000,25.640000,26.030000,1588651
2025-03-20,26.360000,26.660000,26.030000,26.150000,2334142
2025-03-21,26.030000,26.210000,25.160000,25.340000,2130492
2025-03-24,25.610000,26.720000,25.490000,26.450000,4326516
2025-03-25,26.510000,26.990000,26.330000,26.660000,3074388
2025-03-26,27.080000,27.590000,26.210000,26.360000,4234444
2025-03-27,25.850000,26.180000,25.610000,25.790000,2667367
2025-03-28,25.640000,25.790000,25.370000,25.550000,1682115
2025-03-31,25.370000,25.550000,24.980000,25.220000,1760744
2025-04-01,25.250000,25.490000,25.100000,25.190000,1314715
2025-04-02,25.100000,25.250000,24.920000,25.010000,1214645
2025-04-03,24.440000,24.560000,24.020000,24.110000,2601767
2025-04-07,21.950000,22.160000,21.950000,21.950000,2510792
2025-04-08,21.950000,21.950000,20.660000,21.050000,5422425
2025-04-09,20.630000,20.990000,20.150000,20.870000,3927873
2025-04-10,21.800000,22.460000,21.530000,22.160000,4217054
2025-04-11,22.100000,22.400000,21.860000,22.190000,2163368
2025-04-14,22.520000,23.510000,22.520000,23.060000,3042533
2025-04-15,23.120000,23.240000,22.700000,22.820000,1739527
2025-04-16,22.820000,22.820000,22.100000,22.370000,1919011
2025-04-17,22.520000,22.550000,22.280000,22.400000,1285825
2025-04-18,22.400000,22.610000,22.280000,22.580000,1045470
2025-04-21,22.550000,23.210000,22.490000,23.180000,1543894
2025-04-22,23.360000,24.470000,23.240000,24.020000,4383713
2025-04-23,24.020000,24.260000,23.750000,23.840000,2278673
2025-04-24,23.660000,24.020000,23.540000,23.600000,1339693
2025-04-25,23.870000,24.020000,23.660000,23.810000,1459253
2025-04-28,24.020000,24.110000,23.720000,23.900000,1510041
2025-04-29,23.900000,24.020000,23.720000,23.810000,851025
2025-04-30,23.720000,23.870000,23.510000,23.600000,1160222
2025-05-06,23.720000,23.780000,23.450000,23.720000,1444227
2025-05-07,23.990000,24.530000,23.960000,24.290000,2773571
2025-05-08,23.990000,24.020000,23.840000,23.930000,1601308
2025-05-09,23.870000,23.900000,23.660000,23.690000,1152276
2025-05-12,23.900000,24.260000,23.720000,24.260000,1929355
2025-05-13,24.380000,24.710000,24.290000,24.440000,1634867
2025-05-14,24.590000,24.740000,24.410000,24.740000,1310242
2025-05-15,24.650000,24.680000,24.200000,24.350000,1149039
2025-05-16,24.320000,24.530000,24.170000,24.380000,738349
2025-05-19,24.290000,24.320000,23.900000,23.990000,875065
2025-05-20,24.020000,24.260000,23.990000,24.200000,893463
2025-05-21,24.320000,24.890000,24.260000,24.860000,1807783
2025-05-22,24.620000,24.620000,24.410000,24.470000,816934
2025-05-23,24.410000,24.500000,24.110000,24.110000,1336229
2025-05-26,24.350000,24.920000,24.350000,24.650000,1826200
2025-05-27,24.560000,24.680000,23.870000,23.960000,1863749
2025-05-28,23.960000,24.260000,23.960000,24.080000,806908
2025-05-29,23.960000,24.380000,23.930000,24.200000,924642
2025-05-30,24.110000,24.170000,23.780000,24.020000,1000040
2025-06-03,24.170000,24.380000,24.020000,24.110000,1232450
2025-06-04,24.260000,24.980000,24.230000,24.560000,2409168
2025-06-05,24.530000,24.770000,24.230000,24.320000,1396326
2025-06-06,24.560000,25.220000,24.530000,25.190000,3016455
2025-06-09,25.040000,25.130000,24.680000,24.920000,1977177
2025-06-10,25.130000,25.190000,24.770000,24.920000,1429113
2025-06-11,24.890000,25.700000,24.830000,25.610000,2544285
2025-06-12,25.430000,26.030000,25.340000,25.940000,1994989
2025-06-13,25.970000,26.210000,25.730000,26.150000,2036825
2025-06-16,26.090000,26.360000,25.820000,25.970000,1318481
2025-06-17,25.970000,26.090000,25.850000,25.880000,846771
2025-06-18,25.910000,26.000000,25.610000,25.880000,1059048
2025-06-19,25.850000,26.000000,25.550000,25.670000,1057412
2025-06-20,25.730000,26.120000,25.610000,25.760000,1252986
2025-06-23,25.850000,26.270000,25.790000,25.970000,1223309
2025-06-24,26.060000,26.510000,26.060000,26.090000,1820347
2025-06-25,26.120000,26.240000,26.030000,26.210000,1108337
2025-06-26,26.420000,27.110000,26.270000,26.870000,2141378
2025-06-27,27.450000,28.440000,27.240000,28.080000,4021678
2025-06-30,28.080000,28.500000,27.900000,28.440000,2008192
2025-07-01,28.740000,28.770000,28.080000,28.740000,1572484
2025-07-02,28.680000,29.340000,28.530000,29.100000,2189778
2025-07-03,29.310000,29.340000,28.800000,29.160000,1435808
2025-07-04,28.830000,29.220000,28.410000,28.800000,1941207
2025-07-07,28.470000,28.770000,28.350000,28.440000,1157514
2025-07-08,28.650000,28.920000,28.440000,28.800000,1157872
2025-07-09,29.160000,29.160000,27.270000,27.360000,4386534
2025-07-10,27.240000,27.540000,27.240000,27.390000,1840575
2025-07-11,27.510000,28.080000,27.420000,27.540000,2211888
2025-07-14,27.570000,27.750000,27.480000,27.480000,1574675
2025-07-15,27.690000,27.870000,27.240000,27.480000,1652978
2025-07-16,27.600000,27.780000,27.450000,27.510000,1011483
2025-07-17,27.510000,27.570000,27.330000,27.450000,1038756
2025-07-18,27.540000,28.080000,27.420000,27.810000,2172654
2025-07-21,27.960000,29.310000,27.960000,29.070000,3268086
2025-07-22,29.070000,30.390000,28.950000,30.360000,3591383
2025-07-23,30.480000,30.510000,29.880000,30.180000,2286216
2025-07-24,30.180000,31.380000,30.120000,31.110000,3181526
2025-07-25,30.900000,31.140000,30.570000,30.810000,1818861
2025-07-28,30.510000,30.780000,29.910000,30.660000,1881262
2025-07-29,30.540000,30.930000,30.420000,30.930000,1453169
2025-07-30,31.230000,31.710000,30.990000,31.200000,2137989
2025-07-31,30.360000,30.810000,29.790000,30.000000,2467556
2025-08-01,29.850000,30.330000,29.730000,30.120000,1408534
2025-08-04,30.090000,31.020000,30.060000,30.960000,1881276
2025-08-05,30.990000,31.380000,30.660000,31.320000,1712914
2025-08-06,31.140000,31.830000,31.140000,31.710000,1532281
2025-08-07,31.830000,31.920000,31.080000,31.620000,1275382
2025-08-08,31.680000,32.820000,31.650000,32.460000,1935937
2025-08-11,32.820000,32.850000,32.310000,32.640000,1624158
2025-08-12,32.550000,33.180000,32.280000,32.730000,1178784
2025-08-13,33.060000,35.100000,33.000000,34.950000,2903513
2025-08-14,34.980000,35.880000,34.920000,35.190000,2705369
2025-08-15,34.800000,37.080000,34.740000,36.510000,2982728
2025-08-18,37.080000,37.260000,35.430000,35.490000,3655857
2025-08-19,35.490000,36.330000,35.490000,35.730000,2430297
2025-08-20,35.220000,36.270000,35.190000,36.030000,1783167
2025-08-21,36.240000,36.930000,36.090000,36.360000,1803325
2025-08-22,36.450000,36.930000,36.090000,36.510000,1826152
2025-08-25,37.260000,39.420000,37.080000,39.420000,4023737
2025-08-26,39.210000,39.810000,38.520000,39.330000,2388548
2025-08-27,39.510000,39.660000,38.310000,38.310000,2396152
2025-08-28,38.160000,38.790000,37.590000,38.760000,2303688
2025-08-29,39.060000,40.830000,38.760000,40.260000,2552835
2025-09-01,40.980000,43.890000,39.870000,43.770000,3692157
2025-09-02,43.980000,45.480000,43.230000,44.640000,4348376
2025-09-03,45.090000,45.480000,42.780000,44.130000,3421302
2025-09-04,43.980000,44.490000,40.050000,40.500000,5285599
2025-09-05,40.080000,42.090000,40.050000,41.880000,3269344
2025-09-08,42.180000,42.480000,40.470000,40.830000,2898124
2025-09-09,40.650000,41.910000,40.410000,40.920000,2654532
2025-09-10,40.230000,41.010000,39.900000,40.710000,1830569
2025-09-11,40.860000,42.180000,40.680000,42.180000,2464969
2025-09-12,42.480000,44.370000,42.210000,43.440000,3290167
2025-09-15,43.470000,43.830000,42.990000,43.230000,1821980
2025-09-16,43.890000,44.070000,41.250000,42.150000,3080806
2025-09-17,41.730000,41.940000,41.130000,41.580000,2353028
2025-09-18,40.980000,41.460000,39.990000,40.320000,2664213
2025-09-19,40.320000,41.220000,40.320000,40.710000,1685894
2025-09-22,42.120000,42.240000,40.800000,41.310000,1948296
2025-09-23,41.430000,42.240000,39.990000,40.740000,1982046
2025-09-24,40.560000,41.280000,40.200000,41.040000,1486348
2025-09-25,44.280000,44.820000,43.620000,44.790000,6475526
2025-09-26,44.160000,45.960000,44.070000,44.580000,3944699
2025-09-29,44.880000,47.790000,44.340000,47.400000,3897719
2025-09-30,48.210000,50.730000,47.400000,50.280000,3698880
2025-10-09,52.290000,54.990000,51.180000,54.990000,3944932
2025-10-10,54.450000,57.180000,52.380000,53.340000,4525347
2025-10-13,49.710000,55.080000,49.710000,54.900000,4142808
2025-10-14,56.580000,56.610000,50.280000,51.210000,4393583
2025-10-15,51.930000,52.170000,49.620000,52.110000,3053893
2025-10-16,51.480000,51.690000,49.860000,50.280000,2434264
2025-10-17,50.370000,50.730000,48.180000,48.300000,2939694
2025-10-20,48.300000,49.230000,47.910000,48.510000,2089014
2025-10-21,48.930000,50.700000,48.540000,49.530000,2157256
2025-10-22,47.730000,50.070000,47.370000,49.800000,2008256
2025-10-23,49.710000,51.120000,48.930000,50.880000,2216680
2025-10-24,51.900000,53.730000,51.720000,53.520000,3292177
2025-10-27,55.650000,56.640000,54.180000,55.050000,3986409
2025-10-28,54.990000,55.230000,53.160000,53.430000,2809204
2025-10-29,54.120000,55.860000,53.970000,55.830000,2838427
2025-10-30,55.350000,57.660000,54.900000,55.980000,3084343
2025-10-31,55.950000,56.100000,54.000000,54.300000,2029173
2025-11-03,53.730000,54.180000,50.880000,52.290000,2739891
2025-11-04,51.630000,52.080000,49.860000,50.370000,2065628
2025-11-05,49.080000,51.150000,48.480000,50.700000,2144362
2025-11-06,50.880000,52.980000,50.880000,52.890000,2159989
2025-11-07,52.680000,53.520000,51.780000,52.800000,1622705
2025-11-10,53.520000,54.060000,51.780000,52.260000,1716326
2025-11-11,52.740000,53.070000,51.180000,51.510000,1354176
2025-11-12,51.150000,52.440000,50.610000,51.420000,1664534
2025-11-13,51.870000,54.540000,51.750000,53.700000,3051507
2025-11-14,53.010000,54.390000,51.780000,53.520000,1985143
2025-11-17,52.680000,53.130000,51.000000,51.330000,2298670
2025-11-18,50.880000,51.090000,49.170000,49.860000,1954405
2025-11-19,49.830000,51.330000,49.680000,50.820000,1665885
2025-11-20,51.060000,51.540000,50.430000,50.550000,1113538
2025-11-21,49.380000,49.920000,48.450000,48.720000,1621849
2025-11-24,49.110000,49.800000,48.390000,49.230000,1627371
2025-11-25,50.280000,51.570000,50.130000,51.090000,1955349
2025-11-26,51.420000,51.870000,50.760000,51.120000,1532233
2025-11-27,51.450000,52.830000,50.940000,51.030000,1654282
2025-11-28,51.030000,52.170000,50.550000,51.870000,1480675
2025-12-01,54.060000,56.190000,53.880000,55.050000,3773753
2025-12-02,54.750000,55.260000,54.120000,54.750000,1693165
2025-12-03,54.630000,56.550000,54.330000,56.040000,2491578
2025-12-04,58.380000,59.160000,56.550000,56.880000,2902053
2025-12-05,56.820000,58.830000,56.790000,58.440000,2424912
2025-12-08,58.470000,59.520000,57.030000,59.250000,2512071
2025-12-09,58.350000,58.350000,55.410000,55.830000,2693059
2025-12-10,55.830000,56.550000,55.350000,56.070000,1575981
2025-12-11,56.670000,57.630000,55.320000,55.560000,2077525
2025-12-12,56.730000,56.970000,55.350000,55.920000,2604229
2025-12-15,54.480000,58.140000,54.480000,56.970000,2545166
2025-12-16,57.180000,58.230000,55.470000,55.680000,2129180
2025-12-17,56.010000,57.870000,55.890000,57.180000,1906925
2025-12-18,56.880000,58.230000,56.580000,56.850000,1419405
2025-12-19,57.030000,58.260000,55.860000,58.260000,2123764
2025-12-22,58.680000,59.790000,58.290000,59.040000,2035654
2025-12-23,59.340000,60.510000,58.140000,58.830000,2121678
2025-12-24,59.430000,59.700000,58.230000,59.220000,1629962
2025-12-25,58.530000,59.430000,57.810000,59.280000,1384391
2025-12-26,60.300000,63.150000,60.120000,62.430000,2584065
2025-12-29,63.360000,63.660000,59.520000,59.820000,3392633
2025-12-30,57.990000,61.830000,57.810000,61.740000,2322145
2025-12-31,61.710000,64.590000,61.320000,63.180000,2503817
2026-01-05,63.780000,64.830000,62.790000,64.500000,2230480
2026-01-06,65.550000,69.270000,65.280000,68.220000,2722330
2026-01-07,68.880000,70.560000,67.680000,69.090000,2693693
2026-01-08,67.830000,70.380000,67.050000,68.220000,2159821
2026-01-09,67.530000,71.850000,67.230000,71.520000,2583076
2026-01-12,72.780000,73.170000,70.080000,71.250000,2996682
2026-01-13,71.070000,72.960000,70.260000,71.580000,2399236
2026-01-14,71.730000,75.000000,71.730000,73.080000,2814591
2026-01-15,73.080000,76.830000,72.780000,75.330000,3055939
2026-01-16,75.690000,78.450000,75.630000,75.930000,3304201
2026-01-19,75.990000,76.290000,71.760000,73.110000,3270154
2026-01-20,73.170000,73.980000,70.020000,72.390000,3100744
2026-01-21,71.820000,72.990000,70.830000,72.870000,2207454
2026-01-22,72.720000,72.720000,70.770000,71.280000,2192247
2026-01-23,72.150000,72.300000,70.710000,71.460000,2504397
2026-01-26,74.160000,78.000000,73.680000,77.160000,4731639
2026-01-27,76.440000,80.580000,74.580000,76.620000,4545616
2026-01-28,77.820000,83.850000,76.290000,83.820000,4994252
2026-01-29,85.890000,89.520000,79.380000,84.270000,6500438
2026-01-30,80.280000,81.120000,76.170000,76.170000,4976963
2026-02-02,68.880000,74.280000,68.880000,69.450000,5356229
2026-02-03,71.520000,73.170000,69.630000,72.570000,4075627
2026-02-04,75.330000,75.330000,72.990000,74.190000,2469906
2026-02-05,72.300000,73.320000,68.040000,69.690000,3306349
2026-02-06,66.180000,70.290000,65.760000,69.150000,2785154
2026-02-09,70.560000,70.680000,69.180000,70.440000,1899892
2026-02-10,70.650000,72.180000,70.170000,70.830000,1693348
2026-02-11,70.680000,73.830000,70.620000,72.810000,2474036
2026-02-12,72.780000,74.100000,72.270000,72.660000,2193364
2026-02-13,70.680000,71.850000,68.970000,69.120000,2801864
2026-02-24,72.030000,72.720000,71.280000,71.760000,2205473
2026-02-25,72.180000,74.760000,71.670000,73.530000,2951781
2026-02-26,74.370000,74.430000,71.880000,72.270000,2534802
2026-02-27,72.030000,75.480000,71.880000,75.150000,3383884
2026-03-02,76.380000,77.820000,73.200000,77.580000,4645289
2026-03-03,76.080000,76.860000,73.260000,73.620000,3436930
2026-03-04,70.800000,74.130000,70.530000,72.150000,2182368
2026-03-05,73.290000,73.440000,70.110000,71.070000,2275878
2026-03-06,69.930000,70.530000,68.220000,69.240000,2212504
2026-03-09,66.480000,67.680000,64.020000,66.900000,3403791
2026-03-10,68.040000,69.030000,67.530000,68.400000,1808884
2026-03-11,68.730000,69.060000,67.470000,67.620000,1741223
2026-03-12,66.750000,67.290000,64.140000,65.160000,3493862
2026-03-13,64.080000,65.280000,62.250000,62.460000,3530942
2026-03-16,60.780000,61.920000,59.580000,61.260000,3891131
2026-03-17,61.530000,63.090000,61.260000,61.440000,2345010
2026-03-18,61.320000,61.800000,60.270000,61.410000,1869144
2026-03-19,59.280000,59.880000,56.250000,56.730000,4936436
2026-03-20,56.580000,57.990000,55.680000,55.830000,3046370
2026-03-23,54.150000,55.290000,52.140000,52.650000,4182916
2026-03-24,53.910000,55.320000,53.280000,55.290000,3632464
2026-03-25,57.240000,58.530000,56.430000,56.850000,3621072
2026-03-26,56.880000,57.420000,55.380000,55.650000,2106786
2026-03-27,54.840000,56.520000,54.810000,55.920000,2202517
2026-03-30,54.930000,55.530000,54.090000,55.470000,2270102
2026-03-31,56.160000,56.550000,54.450000,54.630000,2030145
2026-04-01,56.880000,58.290000,56.670000,57.900000,3854035
2026-04-02,57.540000,57.780000,55.710000,56.310000,2594573
2026-04-03,56.310000,56.580000,55.500000,55.740000,1330522
2026-04-07,55.860000,56.250000,55.230000,55.980000,1424985
2026-04-08,58.650000,61.050000,58.620000,60.600000,4416136
2026-04-09,59.280000,61.020000,59.130000,60.540000,2509330
2026-04-10,61.350000,61.470000,59.910000,60.060000,2329313
2026-04-13,59.220000,60.270000,59.130000,59.760000,1680806
2026-04-14,61.530000,62.520000,61.140000,61.860000,2943798
2026-04-15,63.180000,64.980000,62.820000,63.090000,3604310
2026-04-16,63.120000,64.200000,63.120000,64.050000,2162132
2026-04-17,63.240000,64.140000,63.120000,63.870000,1638832
2026-04-20,63.720000,65.130000,63.510000,63.900000,2141238
2026-04-21,63.630000,63.840000,62.430000,63.420000,1583945
2026-04-22,63.000000,63.930000,62.580000,63.450000,1781570
2026-04-23,63.930000,64.110000,60.570000,61.260000,2619362
2026-04-24,60.420000,61.650000,59.790000,61.290000,1819807
2026-04-27,61.080000,61.410000,59.880000,60.180000,2150127
2026-04-28,59.460000,59.700000,58.170000,58.620000,2015012
2026-04-29,57.810000,61.230000,57.690000,60.750000,2116511
2026-04-30,60.180000,60.180000,58.560000,59.040000,2287585
2026-05-06,59.880000,61.800000,58.980000,61.620000,3123711
2026-05-07,62.880000,64.230000,61.770000,62.760000,3238594
2026-05-08,61.980000,63.930000,61.440000,63.780000,2959863
2026-05-11,63.450000,63.630000,62.400000,63.210000,2534701
2026-05-12,65.130000,66.060000,64.140000,64.920000,3657878
2026-05-13,66.150000,67.530000,65.340000,66.150000,3333955
2026-05-14,65.340000,66.270000,63.270000,63.330000,2314477
2026-05-15,62.640000,62.700000,58.920000,59.820000,3553484
2026-05-18,57.630000,58.320000,56.610000,58.110000,2309847
2026-05-19,58.260000,58.530000,56.790000,57.720000,1820965
2026-05-20,56.580000,57.390000,55.890000,57.060000,2219474
2026-05-21,58.320000,59.040000,55.980000,56.100000,2008529
2026-05-22,56.580000,59.100000,55.890000,58.770000,2258116
2026-05-25,60.030000,61.800000,59.880000,61.200000,2633020
2026-05-26,60.690000,64.560000,59.610000,64.350000,3787983
2026-05-27,64.040000,64.520000,61.880000,62.000000,2366340
2026-05-28,61.340000,61.340000,58.640000,60.440000,2368654
2026-05-29,61.850000,62.000000,59.540000,59.570000,2256553
2026-06-01,59.690000,60.830000,58.970000,59.300000,1611743
2026-06-02,60.170000,63.380000,59.600000,63.260000,3523745
2026-06-03,62.630000,64.490000,62.180000,63.710000,2919929
2026-06-04,62.480000,62.480000,59.900000,60.260000,2502340
2026-06-05,59.840000,61.430000,58.250000,58.610000,2197914
2026-06-08,55.340000,56.390000,54.020000,54.710000,2744704
2026-06-09,55.040000,55.340000,53.000000,55.190000,2685339
2026-06-10,53.390000,54.950000,52.580000,54.410000,2297224
2026-06-11,53.840000,56.840000,53.270000,56.150000,2665637
2026-06-12,59.120000,61.370000,58.040000,61.370000,4553240
2026-06-15,62.510000,67.040000,62.510000,66.800000,7313187
2026-06-16,65.240000,66.200000,63.830000,64.130000,5086036
2026-06-17,63.530000,65.540000,62.780000,64.550000,3505215
2026-06-18,63.350000,67.460000,63.170000,64.160000,4535583
2026-06-22,64.700000,69.260000,62.960000,68.990000,6947284
2026-06-23,68.840000,68.870000,62.510000,62.510000,5526689
2026-06-24,60.740000,61.910000,59.180000,60.980000,3969625
2026-06-25,59.180000,59.480000,57.830000,58.250000,3871195
2026-06-26,59.090000,59.300000,55.520000,55.760000,3367975
2026-06-29,55.790000,58.640000,55.580000,58.040000,3122241
2026-06-30,56.840000,56.870000,55.370000,56.690000,2434101
2026-07-01,56.180000,57.980000,55.640000,57.230000,2561093
2026-07-02,57.800000,59.990000,56.240000,58.910000,4374210
2026-07-03,60.440000,61.940000,59.540000,59.600000,3696062
2026-07-06,59.630000,61.670000,58.880000,58.970000,2996032
2026-07-07,58.340000,58.640000,56.840000,57.110000,1851166
2026-07-08,56.540000,57.920000,56.330000,56.630000,1550012
2026-07-09,56.030000,56.780000,53.270000,55.610000,2982736
2026-07-10,56.660000,58.340000,55.820000,56.540000,2603164
2026-07-13,55.760000,55.760000,54.350000,54.620000,1926366
2026-07-14,54.440000,59.060000,53.900000,58.670000,3135926
2026-07-15,58.700000,59.420000,57.380000,57.770000,2548141
2026-07-16,57.380000,59.780000,57.200000,58.640000,2563253
2026-07-17,57.560000,57.740000,55.610000,56.270000,2136253
2026-07-20,57.140000,58.610000,56.270000,58.010000,2592480
2026-07-21,59.240000,60.530000,57.440000,60.080000,3248796
2026-07-22,61.040000,65.030000,60.740000,62.870000,4659129
2026-07-23,63.440000,65.810000,61.940000,64.130000,3604889
2026-07-24,61.790000,63.440000,60.200000,61.160000,2733613
2026-07-27,62.780000,62.780000,60.500000,62.120000,1887965
2026-07-28,60.620000,61.580000,59.810000,61.040000,1683563
2026-07-29,61.100000,62.030000,59.480000,61.280000,1877961
2026-07-30,61.340000,62.180000,59.630000,60.920000,1857062
2026-07-31,61.640000,63.170000,61.310000,62.600000,2289153
2026-08-03,62.570000,62.600000,60.890000,61.580000,1600831
2026-08-04,61.580000,62.030000,60.320000,61.610000,1845298
2026-08-05,62.300000,65.780000,61.820000,65.450000,3904606
2026-08-06,67.040000,67.550000,64.730000,65.150000,3241311
2026-08-07,65.690000,67.010000,64.670000,66.530000,2747545
2026-08-10,66.620000,67.340000,65.000000,66.380000,2179254
