date,open,high,low,close,volume
2015-01-05,4192.990000,4192.990000,4192.990000,4192.990000,45119809818.000000
2015-01-06,4192.430000,4192.430000,4192.430000,4192.430000,42096218546.000000
2015-01-07,4195.580000,4195.580000,4195.580000,4195.580000,32019123228.000000
2015-01-08,4098.250000,4098.250000,4098.250000,4098.250000,29500304493.000000
2015-01-09,4084.720000,4084.720000,4084.720000,4084.720000,34998267150.000000
2015-01-12,4046.550000,4046.550000,4046.550000,4046.550000,26656717520.000000
2015-01-13,4047.080000,4047.080000,4047.080000,4047.080000,18715396495.000000
2015-01-14,4033.700000,4033.700000,4033.700000,4033.700000,19601250971.000000
2015-01-15,4150.820000,4150.820000,4150.820000,4150.820000,23781233830.000000
2015-01-16,4186.560000,4186.560000,4186.560000,4186.560000,28268161405.000000
2015-01-19,3864.090000,3864.090000,3864.090000,3864.090000,32950527506.000000
2015-01-20,3911.390000,3911.390000,3911.390000,3911.390000,29784323178.000000
2015-01-21,4087.210000,4087.210000,4087.210000,4087.210000,33792820997.000000
2015-01-22,4108.780000,4108.780000,4108.780000,4108.780000,26885359876.000000
2015-01-23,4113.520000,4113.520000,4113.520000,4113.520000,28017217220.000000
2015-01-26,4155.270000,4155.270000,4155.270000,4155.270000,23976620334.000000
2015-01-27,4117.210000,4117.210000,4117.210000,4117.210000,28766917880.000000
2015-01-28,4060.070000,4060.070000,4060.070000,4060.070000,21622021421.000000
2015-01-29,4009.950000,4009.950000,4009.950000,4009.950000,21161885983.000000
2015-01-30,3955.350000,3955.350000,3955.350000,3955.350000,19647915736.000000
2015-02-02,3862.720000,3862.720000,3862.720000,3862.720000,19518369945.000000
2015-02-03,3958.870000,3958.870000,3958.870000,3958.870000,19284609645.000000
2015-02-04,3917.780000,3917.780000,3917.780000,3917.780000,19130434930.000000
2015-02-05,3877.670000,3877.670000,3877.670000,3877.670000,25043060873.000000
2015-02-06,3814.880000,3814.880000,3814.880000,3814.880000,19266418598.000000
2015-02-09,3853.460000,3853.460000,3853.460000,3853.460000,17235382037.000000
2015-02-10,3923.740000,3923.740000,3923.740000,3923.740000,15930908790.000000
2015-02-11,3955.040000,3955.040000,3955.040000,3955.040000,14461377190.000000
2015-02-12,3965.120000,3965.120000,3965.120000,3965.120000,15608169094.000000
2015-02-13,3996.160000,3996.160000,3996.160000,3996.160000,20108997098.000000
2015-02-16,4030.320000,4030.320000,4030.320000,4030.320000,16564134309.000000
2015-02-17,4056.620000,4056.620000,4056.620000,4056.620000,16532831302.000000
2015-02-25,4006.410000,4006.410000,4006.410000,4006.410000,16553935112.000000
2015-02-26,4107.260000,4107.260000,4107.260000,4107.260000,22932843776.000000
2015-02-27,4114.800000,4114.800000,4114.800000,4114.800000,22278643835.000000
2015-03-02,4147.540000,4147.540000,4147.540000,4147.540000,24817612547.000000
2015-03-03,4040.010000,4040.010000,4040.010000,4040.010000,26186648947.000000
2015-03-04,4066.410000,4066.410000,4066.410000,4066.410000,19966398064.000000
2015-03-05,4026.700000,4026.700000,4026.700000,4026.700000,21750880542.000000
2015-03-06,4006.170000,4006.170000,4006.170000,4006.170000,18151805383.000000
2015-03-09,4074.390000,4074.390000,4074.390000,4074.390000,23394041061.000000
2015-03-10,4054.650000,4054.650000,4054.650000,4054.650000,19426765746.000000
2015-03-11,4059.300000,4059.300000,4059.300000,4059.300000,18894782545.000000
2015-03-12,4137.840000,4137.840000,4137.840000,4137.840000,26566462467.000000
2015-03-13,4166.410000,4166.410000,4166.410000,4166.410000,24686476750.000000
2015-03-16,4267.780000,4267.780000,4267.780000,4267.780000,27543830664.000000
2015-03-17,4327.040000,4327.040000,4327.040000,4327.040000,37162566553.000000
2015-03-18,4429.460000,4429.460000,4429.460000,4429.460000,41519001070.000000
2015-03-19,4422.180000,4422.180000,4422.180000,4422.180000,39154763013.000000
2015-03-20,4483.030000,4483.030000,4483.030000,4483.030000,40181755167.000000
2015-03-23,4574.580000,4574.580000,4574.580000,4574.580000,39111992231.000000
2015-03-24,4575.710000,4575.710000,4575.710000,4575.710000,46858131152.000000
2015-03-25,4538.130000,4538.130000,4538.130000,4538.130000,37996885148.000000
2015-03-26,4549.170000,4549.170000,4549.170000,4549.170000,34675631481.000000
2015-03-27,4574.160000,4574.160000,4574.160000,4574.160000,29875606353.000000
2015-03-30,4708.310000,4708.310000,4708.310000,4708.310000,42829701952.000000
2015-03-31,4665.730000,4665.730000,4665.730000,4665.730000,43606563450.000000
2015-04-01,4749.440000,4749.440000,4749.440000,4749.440000,32951285253.000000
2015-04-02,4750.460000,4750.460000,4750.460000,4750.460000,33907048728.000000
2015-04-03,4803.160000,4803.160000,4803.160000,4803.160000,32130376643.000000
2015-04-07,4906.240000,4906.240000,4906.240000,4906.240000,41536265404.000000
2015-04-08,4947.430000,4947.430000,4947.430000,4947.430000,45867671502.000000
2015-04-09,4909.060000,4909.060000,4909.060000,4909.060000,43969990215.000000
2015-04-10,5003.830000,5003.830000,5003.830000,5003.830000,34819016982.000000
2015-04-13,5092.590000,5092.590000,5092.590000,5092.590000,43415303567.000000
2015-04-14,5112.610000,5112.610000,5112.610000,5112.610000,43443212572.000000
2015-04-15,5046.730000,5046.730000,5046.730000,5046.730000,47215413059.000000
2015-04-16,5200.040000,5200.040000,5200.040000,5200.040000,42260374795.000000
2015-04-17,5295.190000,5295.190000,5295.190000,5295.190000,55280266309.000000
2015-04-20,5209.690000,5209.690000,5209.690000,5209.690000,68643907468.000000
2015-04-21,5321.720000,5321.720000,5321.720000,5321.720000,49031499113.000000
2015-04-22,5460.850000,5460.850000,5460.850000,5460.850000,51621379193.000000
2015-04-23,5462.120000,5462.120000,5462.120000,5462.120000,49743095361.000000
2015-04-24,5418.120000,5418.120000,5418.120000,5418.120000,48015293626.000000
2015-04-27,5539.030000,5539.030000,5539.030000,5539.030000,51307654827.000000
2015-04-28,5463.300000,5463.300000,5463.300000,5463.300000,60863854490.000000
2015-04-29,5500.890000,5500.890000,5500.890000,5500.890000,39505698023.000000
2015-04-30,5474.640000,5474.640000,5474.640000,5474.640000,39972744376.000000
2015-05-04,5518.490000,5518.490000,5518.490000,5518.490000,37784385305.000000
2015-05-05,5298.450000,5298.450000,5298.450000,5298.450000,46041962639.000000
2015-05-06,5248.290000,5248.290000,5248.290000,5248.290000,37607370236.000000
2015-05-07,5152.350000,5152.350000,5152.350000,5152.350000,29775920291.000000
2015-05-08,5254.690000,5254.690000,5254.690000,5254.690000,30240796666.000000
2015-05-11,5407.130000,5407.130000,5407.130000,5407.130000,37383841996.000000
2015-05-12,5472.990000,5472.990000,5472.990000,5472.990000,37705389078.000000
2015-05-13,5439.790000,5439.790000,5439.790000,5439.790000,37073042410.000000
2015-05-14,5419.850000,5419.850000,5419.850000,5419.850000,33772515249.000000
2015-05-15,5324.130000,5324.130000,5324.130000,5324.130000,32843116610.000000
2015-05-18,5275.590000,5275.590000,5275.590000,5275.590000,26918048935.000000
2015-05-19,5455.720000,5455.720000,5455.720000,5455.720000,31478595160.000000
2015-05-20,5483.970000,5483.970000,5483.970000,5483.970000,36318074825.000000
2015-05-21,5583.630000,5583.630000,5583.630000,5583.630000,30505453650.000000
2015-05-22,5711.570000,5711.570000,5711.570000,5711.570000,45584671818.000000
2015-05-25,5882.480000,5882.480000,5882.480000,5882.480000,46573658956.000000
2015-05-26,5997.450000,5997.450000,5997.450000,5997.450000,48794935911.000000
2015-05-27,5980.520000,5980.520000,5980.520000,5980.520000,47079873003.000000
2015-05-28,5580.910000,5580.910000,5580.910000,5580.910000,57182904745.000000
2015-05-29,5588.830000,5588.830000,5588.830000,5588.830000,42787885851.000000
2015-06-01,5860.760000,5860.760000,5860.760000,5860.760000,41750374070.000000
2015-06-02,5959.840000,5959.840000,5959.840000,5959.840000,41297319611.000000
2015-06-03,5942.720000,5942.720000,5942.720000,5942.720000,41425827017.000000
2015-06-04,5986.630000,5986.630000,5986.630000,5986.630000,48276726795.000000
2015-06-05,6043.570000,6043.570000,6043.570000,6043.570000,54596119628.000000
2015-06-08,6186.020000,6186.020000,6186.020000,6186.020000,63731323653.000000
2015-06-09,6144.360000,6144.360000,6144.360000,6144.360000,57042726320.000000
2015-06-10,6135.840000,6135.840000,6135.840000,6135.840000,44216567574.000000
2015-06-11,6133.880000,6133.880000,6133.880000,6133.880000,39233875457.000000
2015-06-12,6167.410000,6167.410000,6167.410000,6167.410000,43013138642.000000
2015-06-15,6036.450000,6036.450000,6036.450000,6036.450000,47574570293.000000
2015-06-16,5857.220000,5857.220000,5857.220000,5857.220000,41167563784.000000
2015-06-17,5943.060000,5943.060000,5943.060000,5943.060000,39712418659.000000
2015-06-18,5702.820000,5702.820000,5702.820000,5702.820000,36439581421.000000
2015-06-19,5366.760000,5366.760000,5366.760000,5366.760000,35810474438.000000
2015-06-23,5543.550000,5543.550000,5543.550000,5543.550000,36508794449.000000
2015-06-24,5652.770000,5652.770000,5652.770000,5652.770000,43463872321.000000
2015-06-25,5452.220000,5452.220000,5452.220000,5452.220000,44613598233.000000
2015-06-26,5024.710000,5024.710000,5024.710000,5024.710000,44663978983.000000
2015-06-29,4857.120000,4857.120000,4857.120000,4857.120000,52566248166.000000
2015-06-30,5184.410000,5184.410000,5184.410000,5184.410000,52704527995.000000
2015-07-01,4930.670000,4930.670000,4930.670000,4930.670000,43172141147.000000
2015-07-02,4762.620000,4762.620000,4762.620000,4762.620000,45706219390.000000
2015-07-03,4515.410000,4515.410000,4515.410000,4515.410000,42930084989.000000
2015-07-06,4647.270000,4647.270000,4647.270000,4647.270000,64809452973.000000
2015-07-07,4569.620000,4569.620000,4569.620000,4569.620000,67938500677.000000
2015-07-08,4262.950000,4262.950000,4262.950000,4262.950000,58146709748.000000
2015-07-09,4536.570000,4536.570000,4536.570000,4536.570000,50387061043.000000
2015-07-10,4782.210000,4782.210000,4782.210000,4782.210000,50070180233.000000
2015-07-13,4905.520000,4905.520000,4905.520000,4905.520000,50209218609.000000
2015-07-14,4789.540000,4789.540000,4789.540000,4789.540000,45442200853.000000
2015-07-15,4620.790000,4620.790000,4620.790000,4620.790000,42195636726.000000
2015-07-16,4657.040000,4657.040000,4657.040000,4657.040000,33053134534.000000
2015-07-17,4839.820000,4839.820000,4839.820000,4839.820000,33110713101.000000
2015-07-20,4850.450000,4850.450000,4850.450000,4850.450000,35267347240.000000
2015-07-21,4859.130000,4859.130000,4859.130000,4859.130000,31837494537.000000
2015-07-22,4851.050000,4851.050000,4851.050000,4851.050000,31894599669.000000
2015-07-23,4961.000000,4961.000000,4961.000000,4961.000000,35447175938.000000
2015-07-24,4874.250000,4874.250000,4874.250000,4874.250000,39204537336.000000
2015-07-27,4458.190000,4458.190000,4458.190000,4458.190000,36505451093.000000
2015-07-28,4449.400000,4449.400000,4449.400000,4449.400000,38352721609.000000
2015-07-29,4588.660000,4588.660000,4588.660000,4588.660000,27697284488.000000
2015-07-30,4454.520000,4454.520000,4454.520000,4454.520000,27154866477.000000
2015-07-31,4456.100000,4456.100000,4456.100000,4456.100000,22237676677.000000
2015-08-03,4470.730000,4470.730000,4470.730000,4470.730000,24580502988.000000
2015-08-04,4609.580000,4609.580000,4609.580000,4609.580000,22023655556.000000
2015-08-05,4514.710000,4514.710000,4514.710000,4514.710000,20048426890.000000
2015-08-06,4473.860000,4473.860000,4473.860000,4473.860000,14727869419.000000
2015-08-07,4561.970000,4561.970000,4561.970000,4561.970000,18334915253.000000
2015-08-10,4769.210000,4769.210000,4769.210000,4769.210000,30678054045.000000
2015-08-11,4748.540000,4748.540000,4748.540000,4748.540000,32203419078.000000
2015-08-12,4689.670000,4689.670000,4689.670000,4689.670000,25514619575.000000
2015-08-13,4758.960000,4758.960000,4758.960000,4758.960000,24283697926.000000
2015-08-14,4757.710000,4757.710000,4757.710000,4757.710000,25339299606.000000
2015-08-17,4762.770000,4762.770000,4762.770000,4762.770000,25693963835.000000
2015-08-18,4468.060000,4468.060000,4468.060000,4468.060000,31988107026.000000
2015-08-19,4538.980000,4538.980000,4538.980000,4538.980000,26904983915.000000
2015-08-20,4393.660000,4393.660000,4393.660000,4393.660000,21216796504.000000
2015-08-21,4193.270000,4193.270000,4193.270000,4193.270000,21798640272.000000
2015-08-24,3826.460000,3826.460000,3826.460000,3826.460000,25543665171.000000
2015-08-25,3554.770000,3554.770000,3554.770000,3554.770000,27608130550.000000
2015-08-26,3534.640000,3534.640000,3534.640000,3534.640000,30827062281.000000
2015-08-27,3744.850000,3744.850000,3744.850000,3744.850000,26729493047.000000
2015-08-28,3904.490000,3904.490000,3904.490000,3904.490000,29949842563.000000
2015-08-31,3932.810000,3932.810000,3932.810000,3932.810000,28025040275.000000
2015-09-01,3927.610000,3927.610000,3927.610000,3927.610000,35245852827.000000
2015-09-02,3931.990000,3931.990000,3931.990000,3931.990000,34778941207.000000
2015-09-07,3797.240000,3797.240000,3797.240000,3797.240000,20422443135.000000
2015-09-08,3894.830000,3894.830000,3894.830000,3894.830000,15459963145.000000
2015-09-09,3971.990000,3971.990000,3971.990000,3971.990000,22046742141.000000
2015-09-10,3923.210000,3923.210000,3923.210000,3923.210000,14488297056.000000
2015-09-11,3911.090000,3911.090000,3911.090000,3911.090000,10854750780.000000
2015-09-14,3833.910000,3833.910000,3833.910000,3833.910000,20545725050.000000
2015-09-15,3683.290000,3683.290000,3683.290000,3683.290000,14355564059.000000
2015-09-16,3866.910000,3866.910000,3866.910000,3866.910000,15970999423.000000
2015-09-17,3782.480000,3782.480000,3782.480000,3782.480000,16940188102.000000
2015-09-18,3799.290000,3799.290000,3799.290000,3799.290000,10690348099.000000
2015-09-21,3865.870000,3865.870000,3865.870000,3865.870000,12278866809.000000
2015-09-22,3901.840000,3901.840000,3901.840000,3901.840000,14622198455.000000
2015-09-23,3813.890000,3813.890000,3813.890000,3813.890000,12317143872.000000
2015-09-24,3839.620000,3839.620000,3839.620000,3839.620000,10201123782.000000
2015-09-25,3777.620000,3777.620000,3777.620000,3777.620000,12141927764.000000
2015-09-28,3790.250000,3790.250000,3790.250000,3790.250000,7421946774.000000
2015-09-29,3715.630000,3715.630000,3715.630000,3715.630000,8715063286.000000
2015-09-30,3743.800000,3743.800000,3743.800000,3743.800000,7855934914.000000
2015-10-08,3853.120000,3853.120000,3853.120000,3853.120000,13208176814.000000
2015-10-09,3904.130000,3904.130000,3904.130000,3904.130000,12435249986.000000
2015-10-12,4030.410000,4030.410000,4030.410000,4030.410000,22140046758.000000
2015-10-13,4027.350000,4027.350000,4027.350000,4027.350000,14543378626.000000
2015-10-14,3981.840000,3981.840000,3981.840000,3981.840000,15217393755.000000
2015-10-15,4076.190000,4076.190000,4076.190000,4076.190000,17115829891.000000
2015-10-16,4131.420000,4131.420000,4131.420000,4131.420000,20896470878.000000
2015-10-19,4131.560000,4131.560000,4131.560000,4131.560000,20760674433.000000
2015-10-20,4182.550000,4182.550000,4182.550000,4182.550000,17902510835.000000
2015-10-21,4060.440000,4060.440000,4060.440000,4060.440000,28207605006.000000
2015-10-22,4120.390000,4120.390000,4120.390000,4120.390000,18430557963.000000
2015-10-23,4174.990000,4174.990000,4174.990000,4174.990000,19829447808.000000
2015-10-26,4196.060000,4196.060000,4196.060000,4196.060000,20424886346.000000
2015-10-27,4200.290000,4200.290000,4200.290000,4200.290000,19205614030.000000
2015-10-28,4120.840000,4120.840000,4120.840000,4120.840000,17097709789.000000
2015-10-29,4130.650000,4130.650000,4130.650000,4130.650000,12701044602.000000
2015-10-30,4131.550000,4131.550000,4131.550000,4131.550000,13914191413.000000
2015-11-02,4063.610000,4063.610000,4063.610000,4063.610000,13000256809.000000
2015-11-03,4051.370000,4051.370000,4051.370000,4051.370000,10140187590.000000
2015-11-04,4242.080000,4242.080000,4242.080000,4242.080000,20542386498.000000
2015-11-05,4332.600000,4332.600000,4332.600000,4332.600000,39804656751.000000
2015-11-06,4434.780000,4434.780000,4434.780000,4434.780000,29875307601.000000
2015-11-09,4489.710000,4489.710000,4489.710000,4489.710000,35680482335.000000
2015-11-10,4481.390000,4481.390000,4481.390000,4481.390000,28651960256.000000
2015-11-11,4481.860000,4481.860000,4481.860000,4481.860000,23223429649.000000
2015-11-12,4437.060000,4437.060000,4437.060000,4437.060000,21753764714.000000
2015-11-13,4379.680000,4379.680000,4379.680000,4379.680000,20348989063.000000
2015-11-16,4400.590000,4400.590000,4400.590000,4400.590000,16169090098.000000
2015-11-17,4393.880000,4393.880000,4393.880000,4393.880000,24853307113.000000
2015-11-18,4343.860000,4343.860000,4343.860000,4343.860000,18568949476.000000
2015-11-19,4413.300000,4413.300000,4413.300000,4413.300000,15463198918.000000
2015-11-20,4412.610000,4412.610000,4412.610000,4412.610000,18695168862.000000
2015-11-23,4388.000000,4388.000000,4388.000000,4388.000000,17562681201.000000
2015-11-24,4388.650000,4388.650000,4388.650000,4388.650000,14338328349.000000
2015-11-25,4421.060000,4421.060000,4421.060000,4421.060000,15194494065.000000
2015-11-26,4395.130000,4395.130000,4395.130000,4395.130000,17352546808.000000
2015-11-27,4158.460000,4158.460000,4158.460000,4158.460000,20893935809.000000
2015-11-30,4169.470000,4169.470000,4169.470000,4169.470000,17320116305.000000
2015-12-01,4199.030000,4199.030000,4199.030000,4199.030000,13653655385.000000
2015-12-02,4351.320000,4351.320000,4351.320000,4351.320000,21353886476.000000
2015-12-03,4383.280000,4383.280000,4383.280000,4383.280000,19776212576.000000
2015-12-04,4299.450000,4299.450000,4299.450000,4299.450000,15119952207.000000
2015-12-07,4311.160000,4311.160000,4311.160000,4311.160000,11388314990.000000
2015-12-08,4235.650000,4235.650000,4235.650000,4235.650000,12578108322.000000
2015-12-09,4250.750000,4250.750000,4250.750000,4250.750000,11332542222.000000
2015-12-10,4235.730000,4235.730000,4235.730000,4235.730000,12021562488.000000
2015-12-11,4218.160000,4218.160000,4218.160000,4218.160000,11032248093.000000
2015-12-14,4338.890000,4338.890000,4338.890000,4338.890000,15176911894.000000
2015-12-15,4319.090000,4319.090000,4319.090000,4319.090000,12648170968.000000
2015-12-16,4309.150000,4309.150000,4309.150000,4309.150000,11134272285.000000
2015-12-17,4391.520000,4391.520000,4391.520000,4391.520000,17792407499.000000
2015-12-18,4405.580000,4405.580000,4405.580000,4405.580000,17346598013.000000
2015-12-21,4520.220000,4520.220000,4520.220000,4520.220000,21743527464.000000
2015-12-22,4532.810000,4532.810000,4532.810000,4532.810000,18030366054.000000
2015-12-23,4520.710000,4520.710000,4520.710000,4520.710000,20701714698.000000
2015-12-24,4477.470000,4477.470000,4477.470000,4477.470000,14718139694.000000
2015-12-25,4487.760000,4487.760000,4487.760000,4487.760000,11962401252.000000
2015-12-28,4358.500000,4358.500000,4358.500000,4358.500000,15398844043.000000
2015-12-29,4398.540000,4398.540000,4398.540000,4398.540000,10188555500.000000
2015-12-30,4402.400000,4402.400000,4402.400000,4402.400000,10562995460.000000
2015-12-31,4362.440000,4362.440000,4362.440000,4362.440000,10187355640.000000
2016-01-04,4056.170000,4056.170000,4056.170000,4056.170000,11537067369.000000
2016-01-05,4067.530000,4067.530000,4067.530000,4067.530000,16211698417.000000
2016-01-06,4138.890000,4138.890000,4138.890000,4138.890000,14596614355.000000
2016-01-07,3851.930000,3851.930000,3851.930000,3851.930000,4410264117.000000
2016-01-08,3930.480000,3930.480000,3930.480000,3930.480000,18595945053.000000
2016-01-11,3732.740000,3732.740000,3732.740000,3732.740000,17463838720.000000
2016-01-12,3759.940000,3759.940000,3759.940000,3759.940000,12822579608.000000
2016-01-13,3689.980000,3689.980000,3689.980000,3689.980000,12066649373.000000
2016-01-14,3766.880000,3766.880000,3766.880000,3766.880000,13453767137.000000
2016-01-15,3646.630000,3646.630000,3646.630000,3646.630000,12460177893.000000
2016-01-18,3660.660000,3660.660000,3660.660000,3660.660000,10112838646.000000
2016-01-19,3768.700000,3768.700000,3768.700000,3768.700000,12765389332.000000
2016-01-20,3711.700000,3711.700000,3711.700000,3711.700000,13065050389.000000
2016-01-21,3602.920000,3602.920000,3602.920000,3602.920000,11118973264.000000
2016-01-22,3640.470000,3640.470000,3640.470000,3640.470000,8995108694.000000
2016-01-25,3658.510000,3658.510000,3658.510000,3658.510000,8154006098.000000
2016-01-26,3438.240000,3438.240000,3438.240000,3438.240000,12693392119.000000
2016-01-27,3426.370000,3426.370000,3426.370000,3426.370000,13222936576.000000
2016-01-28,3336.810000,3336.810000,3336.810000,3336.810000,9922275633.000000
2016-01-29,3444.770000,3444.770000,3444.770000,3444.770000,11330425935.000000
2016-02-01,3392.100000,3392.100000,3392.100000,3392.100000,8679534176.000000
2016-02-02,3462.590000,3462.590000,3462.590000,3462.590000,8860196255.000000
2016-02-03,3447.750000,3447.750000,3447.750000,3447.750000,7738899980.000000
2016-02-04,3489.980000,3489.980000,3489.980000,3489.980000,9177972422.000000
2016-02-05,3465.460000,3465.460000,3465.460000,3465.460000,7685080848.000000
2016-02-15,3445.490000,3445.490000,3445.490000,3445.490000,7291943399.000000
2016-02-16,3551.110000,3551.110000,3551.110000,3551.110000,11257964292.000000
2016-02-17,3581.840000,3581.840000,3581.840000,3581.840000,12829160728.000000
2016-02-18,3570.590000,3570.590000,3570.590000,3570.590000,12440146423.000000
2016-02-19,3568.120000,3568.120000,3568.120000,3568.120000,8733801202.000000
2016-02-22,3646.790000,3646.790000,3646.790000,3646.790000,14094696834.000000
2016-02-23,3612.290000,3612.290000,3612.290000,3612.290000,11256739112.000000
2016-02-24,3635.890000,3635.890000,3635.890000,3635.890000,11178264950.000000
2016-02-25,3412.800000,3412.800000,3412.800000,3412.800000,15782975162.000000
2016-02-26,3447.960000,3447.960000,3447.960000,3447.960000,10694972868.000000
2016-02-29,3365.430000,3365.430000,3365.430000,3365.430000,12934102011.000000
2016-03-01,3427.690000,3427.690000,3427.690000,3427.690000,11604591768.000000
2016-03-02,3568.780000,3568.780000,3568.780000,3568.780000,17597234681.000000
2016-03-03,3577.080000,3577.080000,3577.080000,3577.080000,17310574351.000000
2016-03-04,3618.560000,3618.560000,3618.560000,3618.560000,21917253384.000000
2016-03-07,3631.360000,3631.360000,3631.360000,3631.360000,13246203658.000000
2016-03-08,3634.680000,3634.680000,3634.680000,3634.680000,13623574210.000000
2016-03-09,3592.850000,3592.850000,3592.850000,3592.850000,11146624542.000000
2016-03-10,3524.120000,3524.120000,3524.120000,3524.120000,7607219708.000000
2016-03-11,3530.130000,3530.130000,3530.130000,3530.130000,7333356390.000000
2016-03-14,3585.580000,3585.580000,3585.580000,3585.580000,11710865542.000000
2016-03-15,3596.210000,3596.210000,3596.210000,3596.210000,9831194123.000000
2016-03-16,3614.050000,3614.050000,3614.050000,3614.050000,12473644798.000000
2016-03-17,3654.010000,3654.010000,3654.010000,3654.010000,12166177665.000000
2016-03-18,3709.870000,3709.870000,3709.870000,3709.870000,19730256413.000000
2016-03-21,3800.480000,3800.480000,3800.480000,3800.480000,23326946430.000000
2016-03-22,3772.830000,3772.830000,3772.830000,3772.830000,16102089653.000000
2016-03-23,3784.880000,3784.880000,3784.880000,3784.880000,12567928645.000000
2016-03-24,3721.440000,3721.440000,3721.440000,3721.440000,13313112209.000000
2016-03-25,3740.110000,3740.110000,3740.110000,3740.110000,9739533032.000000
2016-03-28,3707.260000,3707.260000,3707.260000,3707.260000,10344193291.000000
2016-03-29,3667.120000,3667.120000,3667.120000,3667.120000,9729474740.000000
2016-03-30,3761.700000,3761.700000,3761.700000,3761.700000,11780251175.000000
2016-03-31,3763.820000,3763.820000,3763.820000,3763.820000,12155207358.000000
2016-04-01,3768.350000,3768.350000,3768.350000,3768.350000,11812213859.000000
2016-04-05,3818.160000,3818.160000,3818.160000,3818.160000,14604777200.000000
2016-04-06,3810.020000,3810.020000,3810.020000,3810.020000,12019630488.000000
2016-04-07,3753.620000,3753.620000,3753.620000,3753.620000,11240946691.000000
2016-04-08,3726.060000,3726.060000,3726.060000,3726.060000,10100562544.000000
2016-04-11,3777.960000,3777.960000,3777.960000,3777.960000,12521270894.000000
2016-04-12,3764.520000,3764.520000,3764.520000,3764.520000,9286943735.000000
2016-04-13,3814.740000,3814.740000,3814.740000,3814.740000,19561386610.000000
2016-04-14,3831.640000,3831.640000,3831.640000,3831.640000,11315732732.000000
2016-04-15,3827.500000,3827.500000,3827.500000,3827.500000,9980752913.000000
2016-04-18,3776.370000,3776.370000,3776.370000,3776.370000,9709006902.000000
2016-04-19,3787.930000,3787.930000,3787.930000,3787.930000,8087143997.000000
2016-04-20,3720.930000,3720.930000,3720.930000,3720.930000,16220785794.000000
2016-04-21,3697.040000,3697.040000,3697.040000,3697.040000,10475265076.000000
2016-04-22,3714.030000,3714.030000,3714.030000,3714.030000,7707849224.000000
2016-04-25,3699.010000,3699.010000,3699.010000,3699.010000,6751935059.000000
2016-04-26,3719.110000,3719.110000,3719.110000,3719.110000,5902073423.000000
2016-04-27,3703.970000,3703.970000,3703.970000,3703.970000,6000414711.000000
2016-04-28,3698.280000,3698.280000,3698.280000,3698.280000,6987066016.000000
2016-04-29,3694.460000,3694.460000,3694.460000,3694.460000,5802977637.000000
2016-05-03,3761.070000,3761.070000,3761.070000,3761.070000,9816483491.000000
2016-05-04,3756.430000,3756.430000,3756.430000,3756.430000,9086240827.000000
2016-05-05,3761.640000,3761.640000,3761.640000,3761.640000,7473368096.000000
2016-05-06,3666.220000,3666.220000,3666.220000,3666.220000,10868024024.000000
2016-05-09,3590.400000,3590.400000,3590.400000,3590.400000,9923047727.000000
2016-05-10,3594.500000,3594.500000,3594.500000,3594.500000,6884993543.000000
2016-05-11,3610.600000,3610.600000,3610.600000,3610.600000,8179425825.000000
2016-05-12,3619.210000,3619.210000,3619.210000,3619.210000,7876572632.000000
2016-05-13,3601.410000,3601.410000,3601.410000,3601.410000,6262975525.000000
2016-05-16,3625.420000,3625.420000,3625.420000,3625.420000,5946185552.000000
2016-05-17,3615.720000,3615.720000,3615.720000,3615.720000,6527812525.000000
2016-05-18,3595.430000,3595.430000,3595.430000,3595.430000,8271536927.000000
2016-05-19,3589.210000,3589.210000,3589.210000,3589.210000,6044416577.000000
2016-05-20,3607.650000,3607.650000,3607.650000,3607.650000,5608084195.000000
2016-05-23,3619.160000,3619.160000,3619.160000,3619.160000,5969721648.000000
2016-05-24,3591.490000,3591.490000,3591.490000,3591.490000,5873438541.000000
2016-05-25,3586.700000,3586.700000,3586.700000,3586.700000,5665280326.000000
2016-05-26,3592.550000,3592.550000,3592.550000,3592.550000,6039298060.000000
2016-05-27,3590.550000,3590.550000,3590.550000,3590.550000,6046875006.000000
2016-05-30,3595.660000,3595.660000,3595.660000,3595.660000,6309857945.000000
2016-05-31,3717.200000,3717.200000,3717.200000,3717.200000,13886311053.000000
2016-06-01,3706.660000,3706.660000,3706.660000,3706.660000,11314848221.000000
2016-06-02,3714.460000,3714.460000,3714.460000,3714.460000,8600342663.000000
2016-06-03,3740.900000,3740.900000,3740.900000,3740.900000,10149178289.000000
2016-06-06,3732.140000,3732.140000,3732.140000,3732.140000,7669375083.000000
2016-06-07,3730.550000,3730.550000,3730.550000,3730.550000,6892831386.000000
2016-06-08,3717.440000,3717.440000,3717.440000,3717.440000,7629177481.000000
2016-06-13,3602.830000,3602.830000,3602.830000,3602.830000,9297594743.000000
2016-06-14,3614.290000,3614.290000,3614.290000,3614.290000,6627945749.000000
2016-06-15,3662.010000,3662.010000,3662.010000,3662.010000,8739325697.000000
2016-06-16,3638.970000,3638.970000,3638.970000,3638.970000,8297470251.000000
2016-06-17,3659.220000,3659.220000,3659.220000,3659.220000,8540298548.000000
2016-06-20,3662.340000,3662.340000,3662.340000,3662.340000,6358714116.000000
2016-06-21,3654.860000,3654.860000,3654.860000,3654.860000,8796534482.000000
2016-06-22,3688.000000,3688.000000,3688.000000,3688.000000,6648711271.000000
2016-06-23,3671.440000,3671.440000,3671.440000,3671.440000,6775173798.000000
2016-06-24,3629.040000,3629.040000,3629.040000,3629.040000,10479220839.000000
2016-06-27,3680.510000,3680.510000,3680.510000,3680.510000,8326725923.000000
2016-06-28,3700.450000,3700.450000,3700.450000,3700.450000,9202463673.000000
2016-06-29,3718.290000,3718.290000,3718.290000,3718.290000,10372366839.000000
2016-06-30,3722.890000,3722.890000,3722.890000,3722.890000,7969261650.000000
2016-07-01,3724.720000,3724.720000,3724.720000,3724.720000,7174628277.000000
2016-07-04,3784.630000,3784.630000,3784.630000,3784.630000,13331052910.000000
2016-07-05,3789.890000,3789.890000,3789.890000,3789.890000,13022689541.000000
2016-07-06,3802.360000,3802.360000,3802.360000,3802.360000,12489745799.000000
2016-07-07,3801.650000,3801.650000,3801.650000,3801.650000,11859520203.000000
2016-07-08,3787.050000,3787.050000,3787.050000,3787.050000,8973485470.000000
2016-07-11,3801.350000,3801.350000,3801.350000,3801.350000,13852951063.000000
2016-07-12,3884.740000,3884.740000,3884.740000,3884.740000,17253421677.000000
2016-07-13,3904.270000,3904.270000,3904.270000,3904.270000,17519608954.000000
2016-07-14,3897.190000,3897.190000,3897.190000,3897.190000,10752579816.000000
2016-07-15,3899.080000,3899.080000,3899.080000,3899.080000,10266502613.000000
2016-07-18,3882.270000,3882.270000,3882.270000,3882.270000,11031251764.000000
2016-07-19,3867.630000,3867.630000,3867.630000,3867.630000,8888686065.000000
2016-07-20,3855.230000,3855.230000,3855.230000,3855.230000,7270125482.000000
2016-07-21,3873.090000,3873.090000,3873.090000,3873.090000,8600482486.000000
2016-07-22,3841.050000,3841.050000,3841.050000,3841.050000,8602912752.000000
2016-07-25,3848.990000,3848.990000,3848.990000,3848.990000,7020318528.000000
2016-07-26,3895.390000,3895.390000,3895.390000,3895.390000,8105108938.000000
2016-07-27,3834.760000,3834.760000,3834.760000,3834.760000,16018866481.000000
2016-07-28,3838.230000,3838.230000,3838.230000,3838.230000,11277996428.000000
2016-07-29,3820.430000,3820.430000,3820.430000,3820.430000,8804483696.000000
2016-08-01,3788.090000,3788.090000,3788.090000,3788.090000,8700349684.000000
2016-08-02,3802.690000,3802.690000,3802.690000,3802.690000,6216763906.000000
2016-08-03,3808.000000,3808.000000,3808.000000,3808.000000,7286410157.000000
2016-08-04,3817.280000,3817.280000,3817.280000,3817.280000,7350437343.000000
2016-08-05,3823.190000,3823.190000,3823.190000,3823.190000,7719636638.000000
2016-08-08,3857.860000,3857.860000,3857.860000,3857.860000,8667605054.000000
2016-08-09,3885.060000,3885.060000,3885.060000,3885.060000,9106525857.000000
2016-08-10,3868.960000,3868.960000,3868.960000,3868.960000,9043037213.000000
2016-08-11,3858.450000,3858.450000,3858.450000,3858.450000,10104121307.000000
2016-08-12,3932.070000,3932.070000,3932.070000,3932.070000,11625404388.000000
2016-08-15,4050.470000,4050.470000,4050.470000,4050.470000,22054342116.000000
2016-08-16,4032.350000,4032.350000,4032.350000,4032.350000,19638974024.000000
2016-08-17,4026.140000,4026.140000,4026.140000,4026.140000,13884768776.000000
2016-08-18,4016.110000,4016.110000,4016.110000,4016.110000,14238016910.000000
2016-08-19,4018.570000,4018.570000,4018.570000,4018.570000,11996150767.000000
2016-08-22,3984.870000,3984.870000,3984.870000,3984.870000,10795100771.000000
2016-08-23,3991.120000,3991.120000,3991.120000,3991.120000,9292451587.000000
2016-08-24,3977.880000,3977.880000,3977.880000,3977.880000,8119142901.000000
2016-08-25,3952.930000,3952.930000,3952.930000,3952.930000,10058915309.000000
2016-08-26,3950.970000,3950.970000,3950.970000,3950.970000,8153069093.000000
2016-08-29,3951.800000,3951.800000,3951.800000,3951.800000,7703633309.000000
2016-08-30,3956.820000,3956.820000,3956.820000,3956.820000,7572598728.000000
2016-08-31,3975.840000,3975.840000,3975.840000,3975.840000,7957080479.000000
2016-09-01,3944.510000,3944.510000,3944.510000,3944.510000,8494721891.000000
2016-09-02,3959.490000,3959.490000,3959.490000,3959.490000,8279180273.000000
2016-09-05,3967.100000,3967.100000,3967.100000,3967.100000,7829247675.000000
2016-09-06,3994.520000,3994.520000,3994.520000,3994.520000,9828399756.000000
2016-09-07,3992.360000,3992.360000,3992.360000,3992.360000,10294010637.000000
2016-09-08,3990.860000,3990.860000,3990.860000,3990.860000,7191615834.000000
2016-09-09,3965.150000,3965.150000,3965.150000,3965.150000,8265703619.000000
2016-09-12,3898.890000,3898.890000,3898.890000,3898.890000,12291768237.000000
2016-09-13,3896.180000,3896.180000,3896.180000,3896.180000,6718028777.000000
2016-09-14,3870.360000,3870.360000,3870.360000,3870.360000,7043269738.000000
2016-09-19,3899.520000,3899.520000,3899.520000,3899.520000,5883108160.000000
2016-09-20,3892.680000,3892.680000,3892.680000,3892.680000,5278420585.000000
2016-09-21,3904.210000,3904.210000,3904.210000,3904.210000,5914297905.000000
2016-09-22,3933.470000,3933.470000,3933.470000,3933.470000,7575354166.000000
2016-09-23,3915.000000,3915.000000,3915.000000,3915.000000,5799398562.000000
2016-09-26,3850.330000,3850.330000,3850.330000,3850.330000,7045218599.000000
2016-09-27,3874.800000,3874.800000,3874.800000,3874.800000,5846054969.000000
2016-09-28,3863.010000,3863.010000,3863.010000,3863.010000,4472749765.000000
2016-09-29,3879.340000,3879.340000,3879.340000,3879.340000,5545255591.000000
2016-09-30,3890.090000,3890.090000,3890.090000,3890.090000,4497802219.000000
2016-10-10,3938.620000,3938.620000,3938.620000,3938.620000,8051926010.000000
2016-10-11,3953.790000,3953.790000,3953.790000,3953.790000,8771316316.000000
2016-10-12,3945.960000,3945.960000,3945.960000,3945.960000,6866978076.000000
2016-10-13,3949.110000,3949.110000,3949.110000,3949.110000,8122419838.000000
2016-10-14,3952.940000,3952.940000,3952.940000,3952.940000,8231627085.000000
2016-10-17,3919.500000,3919.500000,3919.500000,3919.500000,8611350918.000000
2016-10-18,3971.460000,3971.460000,3971.460000,3971.460000,10286071352.000000
2016-10-19,3965.370000,3965.370000,3965.370000,3965.370000,10116772452.000000
2016-10-20,3968.300000,3968.300000,3968.300000,3968.300000,7923887076.000000
2016-10-21,3979.230000,3979.230000,3979.230000,3979.230000,10978517559.000000
2016-10-24,4026.860000,4026.860000,4026.860000,4026.860000,15301434505.000000
2016-10-25,4026.730000,4026.730000,4026.730000,4026.730000,11119169265.000000
2016-10-26,4011.600000,4011.600000,4011.600000,4011.600000,9802478564.000000
2016-10-27,4000.710000,4000.710000,4000.710000,4000.710000,7762985118.000000
2016-10-28,3994.050000,3994.050000,3994.050000,3994.050000,9313330927.000000
2016-10-31,3989.450000,3989.450000,3989.450000,3989.450000,7135286332.000000
2016-11-01,4016.680000,4016.680000,4016.680000,4016.680000,7493819869.000000
2016-11-02,3985.950000,3985.950000,3985.950000,3985.950000,9119710444.000000
2016-11-03,4023.970000,4023.970000,4023.970000,4023.970000,12622350368.000000
2016-11-04,4010.920000,4010.920000,4010.920000,4010.920000,10406965505.000000
2016-11-07,4013.810000,4013.810000,4013.810000,4013.810000,9987798787.000000
2016-11-08,4031.280000,4031.280000,4031.280000,4031.280000,10314828243.000000
2016-11-09,4009.680000,4009.680000,4009.680000,4009.680000,13911005917.000000
2016-11-10,4054.590000,4054.590000,4054.590000,4054.590000,13470553473.000000
2016-11-11,4086.410000,4086.410000,4086.410000,4086.410000,19878149596.000000
2016-11-14,4101.990000,4101.990000,4101.990000,4101.990000,21324710461.000000
2016-11-15,4101.540000,4101.540000,4101.540000,4101.540000,13456631981.000000
2016-11-16,4101.210000,4101.210000,4101.210000,4101.210000,12980851079.000000
2016-11-17,4109.510000,4109.510000,4109.510000,4109.510000,12156173147.000000
2016-11-18,4086.700000,4086.700000,4086.700000,4086.700000,11595120514.000000
2016-11-21,4114.980000,4114.980000,4114.980000,4114.980000,14643452900.000000
2016-11-22,4147.570000,4147.570000,4147.570000,4147.570000,16852344587.000000
2016-11-23,4155.180000,4155.180000,4155.180000,4155.180000,16238850375.000000
2016-11-24,4171.940000,4171.940000,4171.940000,4171.940000,14574630088.000000
2016-11-25,4210.870000,4210.870000,4210.870000,4210.870000,15362150608.000000
2016-11-28,4227.430000,4227.430000,4227.430000,4227.430000,20737548322.000000
2016-11-29,4262.060000,4262.060000,4262.060000,4262.060000,23691835586.000000
2016-11-30,4230.920000,4230.920000,4230.920000,4230.920000,17856017799.000000
2016-12-01,4263.250000,4263.250000,4263.250000,4263.250000,18017076128.000000
2016-12-02,4220.100000,4220.100000,4220.100000,4220.100000,19635547952.000000
2016-12-05,4148.890000,4148.890000,4148.890000,4148.890000,18085235514.000000
2016-12-06,4136.630000,4136.630000,4136.630000,4136.630000,11552909032.000000
2016-12-07,4156.560000,4156.560000,4156.560000,4156.560000,11434510290.000000
2016-12-08,4149.860000,4149.860000,4149.860000,4149.860000,11738392187.000000
2016-12-09,4178.030000,4178.030000,4178.030000,4178.030000,15030330795.000000
2016-12-12,4076.960000,4076.960000,4076.960000,4076.960000,18746775146.000000
2016-12-13,4072.090000,4072.090000,4072.090000,4072.090000,12110509704.000000
2016-12-14,4040.890000,4040.890000,4040.890000,4040.890000,12400774350.000000
2016-12-15,3994.830000,3994.830000,3994.830000,3994.830000,11496066013.000000
2016-12-16,4001.520000,4001.520000,4001.520000,4001.520000,9077542220.000000
2016-12-19,3981.140000,3981.140000,3981.140000,3981.140000,8164067801.000000
2016-12-20,3957.310000,3957.310000,3957.310000,3957.310000,8756959177.000000
2016-12-21,3992.560000,3992.560000,3992.560000,3992.560000,10825499536.000000
2016-12-22,3989.140000,3989.140000,3989.140000,3989.140000,9227724941.000000
2016-12-23,3955.560000,3955.560000,3955.560000,3955.560000,9744471259.000000
2016-12-26,3973.260000,3973.260000,3973.260000,3973.260000,8979398207.000000
2016-12-27,3966.070000,3966.070000,3966.070000,3966.070000,7548635861.000000
2016-12-28,3948.730000,3948.730000,3948.730000,3948.730000,6900043650.000000
2016-12-29,3943.800000,3943.800000,3943.800000,3943.800000,7008792276.000000
2016-12-30,3958.530000,3958.530000,3958.530000,3958.530000,7174411581.000000
2017-01-03,3996.970000,3996.970000,3996.970000,3996.970000,8656789570.000000
2017-01-04,4028.170000,4028.170000,4028.170000,4028.170000,9005082665.000000
2017-01-05,4027.540000,4027.540000,4027.540000,4027.540000,8833635731.000000
2017-01-06,4003.480000,4003.480000,4003.480000,4003.480000,8745911362.000000
2017-01-09,4022.890000,4022.890000,4022.890000,4022.890000,8370794224.000000
2017-01-10,4016.160000,4016.160000,4016.160000,4016.160000,8381915980.000000
2017-01-11,3987.730000,3987.730000,3987.730000,3987.730000,9107143780.000000
2017-01-12,3967.550000,3967.550000,3967.550000,3967.550000,8123913542.000000
2017-01-13,3970.290000,3970.290000,3970.290000,3970.290000,8418058903.000000
2017-01-16,3969.730000,3969.730000,3969.730000,3969.730000,15777913504.000000
2017-01-17,3977.990000,3977.990000,3977.990000,3977.990000,6945332799.000000
2017-01-18,3993.550000,3993.550000,3993.550000,3993.550000,7062322742.000000
2017-01-19,3981.500000,3981.500000,3981.500000,3981.500000,6615980837.000000
2017-01-20,4012.120000,4012.120000,4012.120000,4012.120000,6530046173.000000
2017-01-23,4023.110000,4023.110000,4023.110000,4023.110000,7555749785.000000
2017-01-24,4023.550000,4023.550000,4023.550000,4023.550000,6619422620.000000
2017-01-25,4037.250000,4037.250000,4037.250000,4037.250000,5837693129.000000
2017-01-26,4051.670000,4051.670000,4051.670000,4051.670000,6531664691.000000
2017-02-03,4023.600000,4023.600000,4023.600000,4023.600000,5518886051.000000
2017-02-06,4034.020000,4034.020000,4034.020000,4034.020000,6852136043.000000
2017-02-07,4025.030000,4025.030000,4025.030000,4025.030000,6375446158.000000
2017-02-08,4046.080000,4046.080000,4046.080000,4046.080000,7540287854.000000
2017-02-09,4061.630000,4061.630000,4061.630000,4061.630000,9755851503.000000
2017-02-10,4082.190000,4082.190000,4082.190000,4082.190000,12376872042.000000
2017-02-13,4109.450000,4109.450000,4109.450000,4109.450000,12014453809.000000
2017-02-14,4108.880000,4108.880000,4108.880000,4108.880000,9480946549.000000
2017-02-15,4092.030000,4092.030000,4092.030000,4092.030000,12764333838.000000
2017-02-16,4115.020000,4115.020000,4115.020000,4115.020000,10827696172.000000
2017-02-17,4091.710000,4091.710000,4091.710000,4091.710000,11460003606.000000
2017-02-20,4151.440000,4151.440000,4151.440000,4151.440000,13262886197.000000
2017-02-21,4165.110000,4165.110000,4165.110000,4165.110000,11484200941.000000
2017-02-22,4173.410000,4173.410000,4173.410000,4173.410000,10281599422.000000
2017-02-23,4153.750000,4153.750000,4153.750000,4153.750000,9953633047.000000
2017-02-24,4154.380000,4154.380000,4154.380000,4154.380000,9553513255.000000
2017-02-27,4121.340000,4121.340000,4121.340000,4121.340000,9867215964.000000
2017-02-28,4129.220000,4129.220000,4129.220000,4129.220000,7521526017.000000
2017-03-01,4135.950000,4135.950000,4135.950000,4135.950000,10326035375.000000
2017-03-02,4108.040000,4108.040000,4108.040000,4108.040000,8989807655.000000
2017-03-03,4099.390000,4099.390000,4099.390000,4099.390000,8099465245.000000
2017-03-06,4121.870000,4121.870000,4121.870000,4121.870000,8307088216.000000
2017-03-07,4130.800000,4130.800000,4130.800000,4130.800000,8033471970.000000
2017-03-08,4124.560000,4124.560000,4124.560000,4124.560000,7958769038.000000
2017-03-09,4098.500000,4098.500000,4098.500000,4098.500000,8457038128.000000
2017-03-10,4099.630000,4099.630000,4099.630000,4099.630000,7001619859.000000
2017-03-13,4135.760000,4135.760000,4135.760000,4135.760000,9168412356.000000
2017-03-14,4134.080000,4134.080000,4134.080000,4134.080000,7707796315.000000
2017-03-15,4142.470000,4142.470000,4142.470000,4142.470000,7910495414.000000
2017-03-16,4163.840000,4163.840000,4163.840000,4163.840000,10633391342.000000
2017-03-17,4121.140000,4121.140000,4121.140000,4121.140000,10375555958.000000
2017-03-20,4125.690000,4125.690000,4125.690000,4125.690000,8873432185.000000
2017-03-21,4145.710000,4145.710000,4145.710000,4145.710000,8770785525.000000
2017-03-22,4126.220000,4126.220000,4126.220000,4126.220000,10493589371.000000
2017-03-23,4140.480000,4140.480000,4140.480000,4140.480000,9431806166.000000
2017-03-24,4173.520000,4173.520000,4173.520000,4173.520000,12564583306.000000
2017-03-27,4159.690000,4159.690000,4159.690000,4159.690000,10701537674.000000
2017-03-28,4149.850000,4149.850000,4149.850000,4149.850000,8419482015.000000
2017-03-29,4145.090000,4145.090000,4145.090000,4145.090000,10485170579.000000
2017-03-30,4111.080000,4111.080000,4111.080000,4111.080000,11637692235.000000
2017-03-31,4134.150000,4134.150000,4134.150000,4134.150000,9157749063.000000
2017-04-05,4191.380000,4191.380000,4191.380000,4191.380000,14339901662.000000
2017-04-06,4203.530000,4203.530000,4203.530000,4203.530000,13676700444.000000
2017-04-07,4207.700000,4207.700000,4207.700000,4207.700000,14029320351.000000
2017-04-10,4193.070000,4193.070000,4193.070000,4193.070000,14188737962.000000
2017-04-11,4207.890000,4207.890000,4207.890000,4207.890000,16594583235.000000
2017-04-12,4198.450000,4198.450000,4198.450000,4198.450000,18182453684.000000
2017-04-13,4204.590000,4204.590000,4204.590000,4204.590000,12998181319.000000
2017-04-14,4171.020000,4171.020000,4171.020000,4171.020000,13547407836.000000
2017-04-17,4163.160000,4163.160000,4163.160000,4163.160000,11716496091.000000
2017-04-18,4142.640000,4142.640000,4142.640000,4142.640000,11092782326.000000
2017-04-19,4122.520000,4122.520000,4122.520000,4122.520000,12134926435.000000
2017-04-20,4141.270000,4141.270000,4141.270000,4141.270000,11418420827.000000
2017-04-21,4147.580000,4147.580000,4147.580000,4147.580000,10441910968.000000
2017-04-24,4105.100000,4105.100000,4105.100000,4105.100000,11466079094.000000
2017-04-25,4116.770000,4116.770000,4116.770000,4116.770000,9407214817.000000
2017-04-26,4121.850000,4121.850000,4121.850000,4121.850000,11194002923.000000
2017-04-27,4123.690000,4123.690000,4123.690000,4123.690000,12329842468.000000
2017-04-28,4115.460000,4115.460000,4115.460000,4115.460000,10163235143.000000
2017-05-02,4099.700000,4099.700000,4099.700000,4099.700000,9279746214.000000
2017-05-03,4083.660000,4083.660000,4083.660000,4083.660000,9166962426.000000
2017-05-04,4073.200000,4073.200000,4073.200000,4073.200000,10348207474.000000
2017-05-05,4047.090000,4047.090000,4047.090000,4047.090000,10989533294.000000
2017-05-08,4018.690000,4018.690000,4018.690000,4018.690000,12374928745.000000
2017-05-09,4012.730000,4012.730000,4012.730000,4012.730000,7677166819.000000
2017-05-10,3997.170000,3997.170000,3997.170000,3997.170000,9208262826.000000
2017-05-11,4020.440000,4020.440000,4020.440000,4020.440000,10925288989.000000
2017-05-12,4055.890000,4055.890000,4055.890000,4055.890000,9338646646.000000
2017-05-15,4072.890000,4072.890000,4072.890000,4072.890000,8297761101.000000
2017-05-16,4108.660000,4108.660000,4108.660000,4108.660000,10524241552.000000
2017-05-17,4086.320000,4086.320000,4086.320000,4086.320000,9973683660.000000
2017-05-18,4072.630000,4072.630000,4072.630000,4072.630000,8575958931.000000
2017-05-19,4079.640000,4079.640000,4079.640000,4079.640000,7147352532.000000
2017-05-22,4088.830000,4088.830000,4088.830000,4088.830000,9253955935.000000
2017-05-23,4104.510000,4104.510000,4104.510000,4104.510000,11691103296.000000
2017-05-24,4104.660000,4104.660000,4104.660000,4104.660000,8355316105.000000
2017-05-25,4179.540000,4179.540000,4179.540000,4179.540000,13072163056.000000
2017-05-26,4173.690000,4173.690000,4173.690000,4173.690000,10324115281.000000
2017-05-31,4188.800000,4188.800000,4188.800000,4188.800000,10482974392.000000
2017-06-01,4194.870000,4194.870000,4194.870000,4194.870000,10312772393.000000
2017-06-02,4181.480000,4181.480000,4181.480000,4181.480000,8266801028.000000
2017-06-05,4161.400000,4161.400000,4161.400000,4161.400000,7973815161.000000
2017-06-06,4190.590000,4190.590000,4190.590000,4190.590000,6408938813.000000
2017-06-07,4240.590000,4240.590000,4240.590000,4240.590000,10441996766.000000
2017-06-08,4273.570000,4273.570000,4273.570000,4273.570000,9022490527.000000
2017-06-09,4293.560000,4293.560000,4293.560000,4293.560000,10118826473.000000
2017-06-12,4291.600000,4291.600000,4291.600000,4291.600000,9038116687.000000
2017-06-13,4301.590000,4301.590000,4301.590000,4301.590000,7517713796.000000
2017-06-14,4253.380000,4253.380000,4253.380000,4253.380000,8381078312.000000
2017-06-15,4246.170000,4246.170000,4246.170000,4246.170000,8263253526.000000
2017-06-16,4239.540000,4239.540000,4239.540000,4239.540000,7645270745.000000
2017-06-19,4282.160000,4282.160000,4282.160000,4282.160000,7979714120.000000
2017-06-20,4273.550000,4273.550000,4273.550000,4273.550000,8050955942.000000
2017-06-21,4324.150000,4324.150000,4324.150000,4324.150000,8785982358.000000
2017-06-22,4327.800000,4327.800000,4327.800000,4327.800000,13552698690.000000
2017-06-23,4367.100000,4367.100000,4367.100000,4367.100000,10512913422.000000
2017-06-26,4421.880000,4421.880000,4421.880000,4421.880000,13463799496.000000
2017-06-27,4429.880000,4429.880000,4429.880000,4429.880000,9755870242.000000
2017-06-28,4395.540000,4395.540000,4395.540000,4395.540000,9792085760.000000
2017-06-29,4424.560000,4424.560000,4424.560000,4424.560000,8558949815.000000
2017-06-30,4423.110000,4423.110000,4423.110000,4423.110000,8151002814.000000
2017-07-03,4403.880000,4403.880000,4403.880000,4403.880000,8882086044.000000
2017-07-04,4367.270000,4367.270000,4367.270000,4367.270000,9507141275.000000
2017-07-05,4420.040000,4420.040000,4420.040000,4420.040000,8823242499.000000
2017-07-06,4422.780000,4422.780000,4422.780000,4422.780000,10237924478.000000
2017-07-07,4422.480000,4422.480000,4422.480000,4422.480000,10373549720.000000
2017-07-10,4422.940000,4422.940000,4422.940000,4422.940000,12059190955.000000
2017-07-11,4448.790000,4448.790000,4448.790000,4448.790000,11876082627.000000
2017-07-12,4435.960000,4435.960000,4435.960000,4435.960000,12228779198.000000
2017-07-13,4473.590000,4473.590000,4473.590000,4473.590000,12566954948.000000
2017-07-14,4498.000000,4498.000000,4498.000000,4498.000000,10551400469.000000
2017-07-17,4450.130000,4450.130000,4450.130000,4450.130000,17882159983.000000
2017-07-18,4456.080000,4456.080000,4456.080000,4456.080000,12462205557.000000
2017-07-19,4533.400000,4533.400000,4533.400000,4533.400000,18247778688.000000
2017-07-20,4555.750000,4555.750000,4555.750000,4555.750000,14241003866.000000
2017-07-21,4533.550000,4533.550000,4533.550000,4533.550000,11794122573.000000
2017-07-24,4552.000000,4552.000000,4552.000000,4552.000000,13486872155.000000
2017-07-25,4523.220000,4523.220000,4523.220000,4523.220000,12167205894.000000
2017-07-26,4506.230000,4506.230000,4506.230000,4506.230000,13632521011.000000
2017-07-27,4515.490000,4515.490000,4515.490000,4515.490000,14500290363.000000
2017-07-28,4527.320000,4527.320000,4527.320000,4527.320000,11141139217.000000
2017-07-31,4546.760000,4546.760000,4546.760000,4546.760000,14842903906.000000
2017-08-01,4586.640000,4586.640000,4586.640000,4586.640000,15254653888.000000
2017-08-02,4576.490000,4576.490000,4576.490000,4576.490000,17229338260.000000
2017-08-03,4536.360000,4536.360000,4536.360000,4536.360000,14615394396.000000
2017-08-04,4512.320000,4512.320000,4512.320000,4512.320000,15747006036.000000
2017-08-07,4535.700000,4535.700000,4535.700000,4535.700000,12423153004.000000
2017-08-08,4543.450000,4543.450000,4543.450000,4543.450000,13724192813.000000
2017-08-09,4542.210000,4542.210000,4542.210000,4542.210000,12467998860.000000
2017-08-10,4524.060000,4524.060000,4524.060000,4524.060000,13008512753.000000
2017-08-11,4441.440000,4441.440000,4441.440000,4441.440000,15038742068.000000
2017-08-14,4499.200000,4499.200000,4499.200000,4499.200000,11530845104.000000
2017-08-15,4513.050000,4513.050000,4513.050000,4513.050000,10644485669.000000
2017-08-16,4507.480000,4507.480000,4507.480000,4507.480000,10413414118.000000
2017-08-17,4531.660000,4531.660000,4531.660000,4531.660000,10865625103.000000
2017-08-18,4537.260000,4537.260000,4537.260000,4537.260000,9656170477.000000
2017-08-21,4557.140000,4557.140000,4557.140000,4557.140000,10031307318.000000
2017-08-22,4570.910000,4570.910000,4570.910000,4570.910000,10029285594.000000
2017-08-23,4575.530000,4575.530000,4575.530000,4575.530000,10496157286.000000
2017-08-24,4549.750000,4549.750000,4549.750000,4549.750000,8994737205.000000
2017-08-25,4624.850000,4624.850000,4624.850000,4624.850000,12994090035.000000
2017-08-28,4682.060000,4682.060000,4682.060000,4682.060000,18557632545.000000
2017-08-29,4674.400000,4674.400000,4674.400000,4674.400000,12822707016.000000
2017-08-30,4674.120000,4674.120000,4674.120000,4674.120000,14135285692.000000
2017-08-31,4659.230000,4659.230000,4659.230000,4659.230000,13294493536.000000
2017-09-01,4669.530000,4669.530000,4669.530000,4669.530000,15864551095.000000
2017-09-04,4690.250000,4690.250000,4690.250000,4690.250000,14956631992.000000
2017-09-05,4704.190000,4704.190000,4704.190000,4704.190000,12496415485.000000
2017-09-06,4694.920000,4694.920000,4694.920000,4694.920000,13139872344.000000
2017-09-07,4671.040000,4671.040000,4671.040000,4671.040000,12388418115.000000
2017-09-08,4666.310000,4666.310000,4666.310000,4666.310000,10603650410.000000
2017-09-11,4665.890000,4665.890000,4665.890000,4665.890000,12388399705.000000
2017-09-12,4680.880000,4680.880000,4680.880000,4680.880000,14419024180.000000
2017-09-13,4686.580000,4686.580000,4686.580000,4686.580000,9541078547.000000
2017-09-14,4671.150000,4671.150000,4671.150000,4671.150000,11535858270.000000
2017-09-15,4672.930000,4672.930000,4672.930000,4672.930000,12242700582.000000
2017-09-18,4687.380000,4687.380000,4687.380000,4687.380000,11793440545.000000
2017-09-19,4673.930000,4673.930000,4673.930000,4673.930000,11243298685.000000
2017-09-20,4686.970000,4686.970000,4686.970000,4686.970000,10112954191.000000
2017-09-21,4681.330000,4681.330000,4681.330000,4681.330000,11109819231.000000
2017-09-22,4681.230000,4681.230000,4681.230000,4681.230000,10061980193.000000
2017-09-25,4656.910000,4656.910000,4656.910000,4656.910000,10394897617.000000
2017-09-26,4661.770000,4661.770000,4661.770000,4661.770000,8186940722.000000
2017-09-27,4662.280000,4662.280000,4662.280000,4662.280000,8565581066.000000
2017-09-28,4663.920000,4663.920000,4663.920000,4663.920000,9354406916.000000
2017-09-29,4680.950000,4680.950000,4680.950000,4680.950000,9330602810.000000
2017-10-09,4736.720000,4736.720000,4736.720000,4736.720000,13553585121.000000
2017-10-10,4746.060000,4746.060000,4746.060000,4746.060000,11253258590.000000
2017-10-11,4761.710000,4761.710000,4761.710000,4761.710000,10441815071.000000
2017-10-12,4774.230000,4774.230000,4774.230000,4774.230000,9434092113.000000
2017-10-13,4784.050000,4784.050000,4784.050000,4784.050000,9014206805.000000
2017-10-16,4774.840000,4774.840000,4774.840000,4774.840000,12135503276.000000
2017-10-17,4774.370000,4774.370000,4774.370000,4774.370000,8224122705.000000
2017-10-18,4812.310000,4812.310000,4812.310000,4812.310000,10096984109.000000
2017-10-19,4796.560000,4796.560000,4796.560000,4796.560000,10652725169.000000
2017-10-20,4791.500000,4791.500000,4791.500000,4791.500000,7298018026.000000
2017-10-23,4796.320000,4796.320000,4796.320000,4796.320000,8148497980.000000
2017-10-24,4831.250000,4831.250000,4831.250000,4831.250000,9305815405.000000
2017-10-25,4852.660000,4852.660000,4852.660000,4852.660000,8820545769.000000
2017-10-26,4872.950000,4872.950000,4872.950000,4872.950000,12989546492.000000
2017-10-27,4907.620000,4907.620000,4907.620000,4907.620000,12667284558.000000
2017-10-30,4892.680000,4892.680000,4892.680000,4892.680000,15738760341.000000
2017-10-31,4889.010000,4889.010000,4889.010000,4889.010000,10917877865.000000
2017-11-01,4876.690000,4876.690000,4876.690000,4876.690000,13041738010.000000
2017-11-02,4877.320000,4877.320000,4877.320000,4877.320000,12610057858.000000
2017-11-03,4871.910000,4871.910000,4871.910000,4871.910000,12940443942.000000
2017-11-06,4906.310000,4906.310000,4906.310000,4906.310000,12208115912.000000
2017-11-07,4947.010000,4947.010000,4947.010000,4947.010000,15211666253.000000
2017-11-08,4939.390000,4939.390000,4939.390000,4939.390000,15082771878.000000
2017-11-09,4973.430000,4973.430000,4973.430000,4973.430000,12105633459.000000
2017-11-10,5017.370000,5017.370000,5017.370000,5017.370000,14181716456.000000
2017-11-13,5037.090000,5037.090000,5037.090000,5037.090000,15144630918.000000
2017-11-14,5002.040000,5002.040000,5002.040000,5002.040000,14323693555.000000
2017-11-15,4970.710000,4970.710000,4970.710000,4970.710000,12063569552.000000
2017-11-16,5008.950000,5008.950000,5008.950000,5008.950000,12138441404.000000
2017-11-17,5028.280000,5028.280000,5028.280000,5028.280000,19178411932.000000
2017-11-20,5056.340000,5056.340000,5056.340000,5056.340000,13744725817.000000
2017-11-21,5146.480000,5146.480000,5146.480000,5146.480000,18035082076.000000
2017-11-22,5158.510000,5158.510000,5158.510000,5158.510000,18647700291.000000
2017-11-23,5005.780000,5005.780000,5005.780000,5005.780000,17814722782.000000
2017-11-24,5008.010000,5008.010000,5008.010000,5008.010000,13085804045.000000
2017-11-27,4941.800000,4941.800000,4941.800000,4941.800000,14345526842.000000
2017-11-28,4948.970000,4948.970000,4948.970000,4948.970000,10205809513.000000
2017-11-29,4946.450000,4946.450000,4946.450000,4946.450000,12455364159.000000
2017-11-30,4888.300000,4888.300000,4888.300000,4888.300000,10798334484.000000
2017-12-01,4878.580000,4878.580000,4878.580000,4878.580000,9738691301.000000
2017-12-04,4903.870000,4903.870000,4903.870000,4903.870000,10264721905.000000
2017-12-05,4929.870000,4929.870000,4929.870000,4929.870000,15408707588.000000
2017-12-06,4900.170000,4900.170000,4900.170000,4900.170000,10928620521.000000
2017-12-07,4845.550000,4845.550000,4845.550000,4845.550000,9025404516.000000
2017-12-08,4884.990000,4884.990000,4884.990000,4884.990000,8928286077.000000
2017-12-11,4965.670000,4965.670000,4965.670000,4965.670000,9714894622.000000
2017-12-12,4900.410000,4900.410000,4900.410000,4900.410000,8433871814.000000
2017-12-13,4941.990000,4941.990000,4941.990000,4941.990000,7754613109.000000
2017-12-14,4912.780000,4912.780000,4912.780000,4912.780000,8076886188.000000
2017-12-15,4857.510000,4857.510000,4857.510000,4857.510000,8904438944.000000
2017-12-18,4862.920000,4862.920000,4862.920000,4862.920000,7785337451.000000
2017-12-19,4923.980000,4923.980000,4923.980000,4923.980000,7752898484.000000
2017-12-20,4918.070000,4918.070000,4918.070000,4918.070000,9060450275.000000
2017-12-21,4963.660000,4963.660000,4963.660000,4963.660000,9683608890.000000
2017-12-22,4947.490000,4947.490000,4947.490000,4947.490000,7347368403.000000
2017-12-25,4931.560000,4931.560000,4931.560000,4931.560000,9192696229.000000
2017-12-26,4946.300000,4946.300000,4946.300000,4946.300000,9111878977.000000
2017-12-27,4870.140000,4870.140000,4870.140000,4870.140000,10515357706.000000
2017-12-28,4903.930000,4903.930000,4903.930000,4903.930000,11854288637.000000
2017-12-29,4918.520000,4918.520000,4918.520000,4918.520000,9048668270.000000
2018-01-02,4987.520000,4987.520000,4987.520000,4987.520000,14693543517.000000
2018-01-03,5016.790000,5016.790000,5016.790000,5016.790000,15185221812.000000
2018-01-04,5038.050000,5038.050000,5038.050000,5038.050000,13454379363.000000
2018-01-05,5050.170000,5050.170000,5050.170000,5050.170000,14900987246.000000
2018-01-08,5076.300000,5076.300000,5076.300000,5076.300000,17387766554.000000
2018-01-09,5111.850000,5111.850000,5111.850000,5111.850000,13903429447.000000
2018-01-10,5134.450000,5134.450000,5134.450000,5134.450000,15112166621.000000
2018-01-11,5131.730000,5131.730000,5131.730000,5131.730000,12157853943.000000
2018-01-12,5155.420000,5155.420000,5155.420000,5155.420000,11135479365.000000
2018-01-15,5155.710000,5155.710000,5155.710000,5155.710000,17090789686.000000
2018-01-16,5196.260000,5196.260000,5196.260000,5196.260000,16149496319.000000
2018-01-17,5183.620000,5183.620000,5183.620000,5183.620000,21431103206.000000
2018-01-18,5212.060000,5212.060000,5212.060000,5212.060000,17203284556.000000
2018-01-19,5229.110000,5229.110000,5229.110000,5229.110000,20949057026.000000
2018-01-22,5291.590000,5291.590000,5291.590000,5291.590000,17464319492.000000
2018-01-23,5347.740000,5347.740000,5347.740000,5347.740000,20186758454.000000
2018-01-24,5356.610000,5356.610000,5356.610000,5356.610000,21981888880.000000
2018-01-25,5326.340000,5326.340000,5326.340000,5326.340000,19537495012.000000
2018-01-26,5347.000000,5347.000000,5347.000000,5347.000000,17722723715.000000
2018-01-29,5250.240000,5250.240000,5250.240000,5250.240000,19110035430.000000
2018-01-30,5194.210000,5194.210000,5194.210000,5194.210000,13903472987.000000
2018-01-31,5218.370000,5218.370000,5218.370000,5218.370000,14521016406.000000
2018-02-01,5181.750000,5181.750000,5181.750000,5181.750000,19000293445.000000
2018-02-02,5212.670000,5212.670000,5212.670000,5212.670000,14606682660.000000
2018-02-05,5216.230000,5216.230000,5216.230000,5216.230000,16134779941.000000
2018-02-06,5063.360000,5063.360000,5063.360000,5063.360000,21491045009.000000
2018-02-07,4943.280000,4943.280000,4943.280000,4943.280000,20312749279.000000
2018-02-08,4896.380000,4896.380000,4896.380000,4896.380000,15926998535.000000
2018-02-09,4687.210000,4687.210000,4687.210000,4687.210000,20634982787.000000
2018-02-12,4747.560000,4747.560000,4747.560000,4747.560000,11618263680.000000
2018-02-13,4803.130000,4803.130000,4803.130000,4803.130000,11256588484.000000
2018-02-14,4841.360000,4841.360000,4841.360000,4841.360000,7108133828.000000
2018-02-22,4946.040000,4946.040000,4946.040000,4946.040000,10581157128.000000
2018-02-23,4968.440000,4968.440000,4968.440000,4968.440000,9945874553.000000
2018-02-26,5026.200000,5026.200000,5026.200000,5026.200000,13788100050.000000
2018-02-27,4953.660000,4953.660000,4953.660000,4953.660000,12593447000.000000
2018-02-28,4910.530000,4910.530000,4910.530000,4910.530000,10934359280.000000
2018-03-01,4941.590000,4941.590000,4941.590000,4941.590000,11019985179.000000
2018-03-02,4901.770000,4901.770000,4901.770000,4901.770000,9616499972.000000
2018-03-05,4903.770000,4903.770000,4903.770000,4903.770000,8795254843.000000
2018-03-06,4962.920000,4962.920000,4962.920000,4962.920000,13876244384.000000
2018-03-07,4926.410000,4926.410000,4926.410000,4926.410000,10695242609.000000
2018-03-08,4976.390000,4976.390000,4976.390000,4976.390000,9115581035.000000
2018-03-09,5014.540000,5014.540000,5014.540000,5014.540000,11370180832.000000
2018-03-12,5037.490000,5037.490000,5037.490000,5037.490000,14090673875.000000
2018-03-13,4993.050000,4993.050000,4993.050000,4993.050000,11176643004.000000
2018-03-14,4971.190000,4971.190000,4971.190000,4971.190000,9901340894.000000
2018-03-15,4999.040000,4999.040000,4999.040000,4999.040000,8816115555.000000
2018-03-16,4950.540000,4950.540000,4950.540000,4950.540000,8489618754.000000
2018-03-19,4972.290000,4972.290000,4972.290000,4972.290000,8150288196.000000
2018-03-20,4976.510000,4976.510000,4976.510000,4976.510000,8060528014.000000
2018-03-21,4956.190000,4956.190000,4956.190000,4956.190000,9760948834.000000
2018-03-22,4906.520000,4906.520000,4906.520000,4906.520000,8909525944.000000
2018-03-23,4765.660000,4765.660000,4765.660000,4765.660000,18008044892.000000
2018-03-26,4735.100000,4735.100000,4735.100000,4735.100000,11513912753.000000
2018-03-27,4775.830000,4775.830000,4775.830000,4775.830000,11370071072.000000
2018-03-28,4689.730000,4689.730000,4689.730000,4689.730000,10149490848.000000
2018-03-29,4752.380000,4752.380000,4752.380000,4752.380000,11662906625.000000
2018-03-30,4757.890000,4757.890000,4757.890000,4757.890000,9751226996.000000
2018-04-02,4743.760000,4743.760000,4743.760000,4743.760000,11124266598.000000
2018-04-03,4713.930000,4713.930000,4713.930000,4713.930000,9513736877.000000
2018-04-04,4704.630000,4704.630000,4704.630000,4704.630000,8873060896.000000
2018-04-09,4702.270000,4702.270000,4702.270000,4702.270000,8410546209.000000
2018-04-10,4792.880000,4792.880000,4792.880000,4792.880000,10617372154.000000
2018-04-11,4806.520000,4806.520000,4806.520000,4806.520000,11193302112.000000
2018-04-12,4758.050000,4758.050000,4758.050000,4758.050000,8269949015.000000
2018-04-13,4724.500000,4724.500000,4724.500000,4724.500000,7154420268.000000
2018-04-16,4648.510000,4648.510000,4648.510000,4648.510000,9921776953.000000
2018-04-17,4575.020000,4575.020000,4575.020000,4575.020000,9061078973.000000
2018-04-18,4596.580000,4596.580000,4596.580000,4596.580000,10667670558.000000
2018-04-19,4652.180000,4652.180000,4652.180000,4652.180000,9905406048.000000
2018-04-20,4589.950000,4589.950000,4589.950000,4589.950000,9928292502.000000
2018-04-23,4596.630000,4596.630000,4596.630000,4596.630000,9035629102.000000
2018-04-24,4690.800000,4690.800000,4690.800000,4690.800000,11421952521.000000
2018-04-25,4672.860000,4672.860000,4672.860000,4672.860000,7817261248.000000
2018-04-26,4583.510000,4583.510000,4583.510000,4583.510000,8715064065.000000
2018-04-27,4585.660000,4585.660000,4585.660000,4585.660000,8953172641.000000
2018-05-02,4593.990000,4593.990000,4593.990000,4593.990000,8330103524.000000
2018-05-03,4629.820000,4629.820000,4629.820000,4629.820000,9396111831.000000
2018-05-04,4610.440000,4610.440000,4610.440000,4610.440000,7155428765.000000
2018-05-07,4683.380000,4683.380000,4683.380000,4683.380000,8728619523.000000
2018-05-08,4737.720000,4737.720000,4737.720000,4737.720000,9421515705.000000
2018-05-09,4729.870000,4729.870000,4729.870000,4729.870000,6671296624.000000
2018-05-10,4756.350000,4756.350000,4756.350000,4756.350000,7066780946.000000
2018-05-11,4731.790000,4731.790000,4731.790000,4731.790000,7335660416.000000
2018-05-14,4776.370000,4776.370000,4776.370000,4776.370000,8197599932.000000
2018-05-15,4794.610000,4794.610000,4794.610000,4794.610000,7604955524.000000
2018-05-16,4756.600000,4756.600000,4756.600000,4756.600000,7191364587.000000
2018-05-17,4721.640000,4721.640000,4721.640000,4721.640000,5903012334.000000
2018-05-18,4769.410000,4769.410000,4769.410000,4769.410000,7261395600.000000
2018-05-21,4792.020000,4792.020000,4792.020000,4792.020000,9264173705.000000
2018-05-22,4774.500000,4774.500000,4774.500000,4774.500000,7536877768.000000
2018-05-23,4711.400000,4711.400000,4711.400000,4711.400000,8372231929.000000
2018-05-24,4678.110000,4678.110000,4678.110000,4678.110000,6834502174.000000
2018-05-25,4668.070000,4668.070000,4668.070000,4668.070000,7083638567.000000
2018-05-28,4688.660000,4688.660000,4688.660000,4688.660000,7152113205.000000
2018-05-29,4653.600000,4653.600000,4653.600000,4653.600000,8155266191.000000
2018-05-30,4555.130000,4555.130000,4555.130000,4555.130000,8791328452.000000
2018-05-31,4652.620000,4652.620000,4652.620000,4652.620000,9266689354.000000
2018-06-01,4614.120000,4614.120000,4614.120000,4614.120000,7782181334.000000
2018-06-04,4659.410000,4659.410000,4659.410000,4659.410000,7662434061.000000
2018-06-05,4707.540000,4707.540000,4707.540000,4707.540000,7868736023.000000
2018-06-06,4697.890000,4697.890000,4697.890000,4697.890000,7311723743.000000
2018-06-07,4696.630000,4696.630000,4696.630000,4696.630000,8025614665.000000
2018-06-08,4637.030000,4637.030000,4637.030000,4637.030000,8333733501.000000
2018-06-11,4637.670000,4637.670000,4637.670000,4637.670000,6870983400.000000
2018-06-12,4694.160000,4694.160000,4694.160000,4694.160000,7320624410.000000
2018-06-13,4648.480000,4648.480000,4648.480000,4648.480000,6637797016.000000
2018-06-14,4630.350000,4630.350000,4630.350000,4630.350000,6847132248.000000
2018-06-15,4613.770000,4613.770000,4613.770000,4613.770000,8548889325.000000
2018-06-18,4614.350000,4614.350000,4614.350000,4614.350000,0.000000
2018-06-19,4451.680000,4451.680000,4451.680000,4451.680000,16070654210.000000
2018-06-20,4470.270000,4470.270000,4470.270000,4470.270000,8671809815.000000
2018-06-21,4418.770000,4418.770000,4418.770000,4418.770000,9390855212.000000
2018-06-22,4441.300000,4441.300000,4441.300000,4441.300000,7511786370.000000
2018-06-25,4382.060000,4382.060000,4382.060000,4382.060000,7987707781.000000
2018-06-26,4346.470000,4346.470000,4346.470000,4346.470000,8498526899.000000
2018-06-27,4258.530000,4258.530000,4258.530000,4258.530000,8149181732.000000
2018-06-28,4215.850000,4215.850000,4215.850000,4215.850000,7591805075.000000
2018-06-29,4327.290000,4327.290000,4327.290000,4327.290000,7725703108.000000
2018-07-02,4200.490000,4200.490000,4200.490000,4200.490000,8435144908.000000
2018-07-03,4202.580000,4202.580000,4202.580000,4202.580000,9527869343.000000
2018-07-04,4147.180000,4147.180000,4147.180000,4147.180000,7515799691.000000
2018-07-05,4122.760000,4122.760000,4122.760000,4122.760000,8158798127.000000
2018-07-06,4152.840000,4152.840000,4152.840000,4152.840000,8609757902.000000
2018-07-09,4269.900000,4269.900000,4269.900000,4269.900000,7660154548.000000
2018-07-10,4282.440000,4282.440000,4282.440000,4282.440000,6954882287.000000
2018-07-11,4209.090000,4209.090000,4209.090000,4209.090000,7204094963.000000
2018-07-12,4306.760000,4306.760000,4306.760000,4306.760000,9635356445.000000
2018-07-13,4325.880000,4325.880000,4325.880000,4325.880000,7295589724.000000
2018-07-16,4305.340000,4305.340000,4305.340000,4305.340000,6828199928.000000
2018-07-17,4282.340000,4282.340000,4282.340000,4282.340000,6198307632.000000
2018-07-18,4260.800000,4260.800000,4260.800000,4260.800000,6653032978.000000
2018-07-19,4257.360000,4257.360000,4257.360000,4257.360000,6847771619.000000
2018-07-20,4337.830000,4337.830000,4337.830000,4337.830000,10198472708.000000
2018-07-23,4378.920000,4378.920000,4378.920000,4378.920000,11903662653.000000
2018-07-24,4448.500000,4448.500000,4448.500000,4448.500000,15691243478.000000
2018-07-25,4443.750000,4443.750000,4443.750000,4443.750000,9675850091.000000
2018-07-26,4392.360000,4392.360000,4392.360000,4392.360000,9034964146.000000
2018-07-27,4375.190000,4375.190000,4375.190000,4375.190000,7017810395.000000
2018-07-30,4367.650000,4367.650000,4367.650000,4367.650000,8211699505.000000
2018-07-31,4371.370000,4371.370000,4371.370000,4371.370000,6798081710.000000
2018-08-01,4284.820000,4284.820000,4284.820000,4284.820000,9034861749.000000
2018-08-02,4189.840000,4189.840000,4189.840000,4189.840000,10130872696.000000
2018-08-03,4120.900000,4120.900000,4120.900000,4120.900000,7079690998.000000
2018-08-06,4068.720000,4068.720000,4068.720000,4068.720000,7797508307.000000
2018-08-07,4187.840000,4187.840000,4187.840000,4187.840000,9178391638.000000
2018-08-08,4122.250000,4122.250000,4122.250000,4122.250000,7928486535.000000
2018-08-09,4225.930000,4225.930000,4225.930000,4225.930000,9195757182.000000
2018-08-10,4235.430000,4235.430000,4235.430000,4235.430000,6896729866.000000
2018-08-13,4217.360000,4217.360000,4217.360000,4217.360000,7619153227.000000
2018-08-14,4195.680000,4195.680000,4195.680000,4195.680000,6065144617.000000
2018-08-15,4095.610000,4095.610000,4095.610000,4095.610000,6817405540.000000
2018-08-16,4076.670000,4076.670000,4076.670000,4076.670000,7654736551.000000
2018-08-17,4018.740000,4018.740000,4018.740000,4018.740000,6739541343.000000
2018-08-20,4065.560000,4065.560000,4065.560000,4065.560000,7090422767.000000
2018-08-21,4139.780000,4139.780000,4139.780000,4139.780000,7520558321.000000
2018-08-22,4116.800000,4116.800000,4116.800000,4116.800000,5078705741.000000
2018-08-23,4133.850000,4133.850000,4133.850000,4133.850000,6111233407.000000
2018-08-24,4142.120000,4142.120000,4142.120000,4142.120000,6376589716.000000
2018-08-27,4243.470000,4243.470000,4243.470000,4243.470000,9427008184.000000
2018-08-28,4235.620000,4235.620000,4235.620000,4235.620000,7544536261.000000
2018-08-29,4218.680000,4218.680000,4218.680000,4218.680000,6702040436.000000
2018-08-30,4174.480000,4174.480000,4174.480000,4174.480000,6838529009.000000
2018-08-31,4153.820000,4153.820000,4153.820000,4153.820000,7620562986.000000
2018-09-03,4138.020000,4138.020000,4138.020000,4138.020000,6642985451.000000
2018-09-04,4190.440000,4190.440000,4190.440000,4190.440000,6708880657.000000
2018-09-05,4108.520000,4108.520000,4108.520000,4108.520000,6430188817.000000
2018-09-06,4067.320000,4067.320000,4067.320000,4067.320000,6230028754.000000
2018-09-07,4085.720000,4085.720000,4085.720000,4085.720000,6394740797.000000
2018-09-10,4026.420000,4026.420000,4026.420000,4026.420000,6381705102.000000
2018-09-11,4019.120000,4019.120000,4019.120000,4019.120000,5849130460.000000
2018-09-12,3992.140000,3992.140000,3992.140000,3992.140000,5462789924.000000
2018-09-13,4035.210000,4035.210000,4035.210000,4035.210000,6729032689.000000
2018-09-14,4042.100000,4042.100000,4042.100000,4042.100000,6013064023.000000
2018-09-17,3995.780000,3995.780000,3995.780000,3995.780000,5225954701.000000
2018-09-18,4076.250000,4076.250000,4076.250000,4076.250000,7042503525.000000
2018-09-19,4129.920000,4129.920000,4129.920000,4129.920000,8917066649.000000
2018-09-20,4126.980000,4126.980000,4126.980000,4126.980000,6456105681.000000
2018-09-21,4252.350000,4252.350000,4252.350000,4252.350000,10841600480.000000
2018-09-25,4214.100000,4214.100000,4214.100000,4214.100000,6905469331.000000
2018-09-26,4260.780000,4260.780000,4260.780000,4260.780000,9317334260.000000
2018-09-27,4243.860000,4243.860000,4243.860000,4243.860000,6976524107.000000
2018-09-28,4287.990000,4287.990000,4287.990000,4287.990000,8437775643.000000
2018-10-08,4103.480000,4103.480000,4103.480000,4103.480000,9788898898.000000
2018-10-09,4100.730000,4100.730000,4100.730000,4100.730000,6672327353.000000
2018-10-10,4091.890000,4091.890000,4091.890000,4091.890000,6449282766.000000
2018-10-11,3895.520000,3895.520000,3895.520000,3895.520000,12094134212.000000
2018-10-12,3953.660000,3953.660000,3953.660000,3953.660000,9861115072.000000
2018-10-15,3898.450000,3898.450000,3898.450000,3898.450000,6960502289.000000
2018-10-16,3866.680000,3866.680000,3866.680000,3866.680000,6888772097.000000
2018-10-17,3888.220000,3888.220000,3888.220000,3888.220000,7683713766.000000
2018-10-18,3796.130000,3796.130000,3796.130000,3796.130000,7377196820.000000
2018-10-19,3909.040000,3909.040000,3909.040000,3909.040000,9883968834.000000
2018-10-22,4078.020000,4078.020000,4078.020000,4078.020000,14586204496.000000
2018-10-23,3970.060000,3970.060000,3970.060000,3970.060000,12101324103.000000
2018-10-24,3976.250000,3976.250000,3976.250000,3976.250000,11090974366.000000
2018-10-25,3984.030000,3984.030000,3984.030000,3984.030000,10695181693.000000
2018-10-26,3958.350000,3958.350000,3958.350000,3958.350000,10129935406.000000
2018-10-29,3837.680000,3837.680000,3837.680000,3837.680000,9183978935.000000
2018-10-30,3879.300000,3879.300000,3879.300000,3879.300000,11607010133.000000
2018-10-31,3933.690000,3933.690000,3933.690000,3933.690000,11120745491.000000
2018-11-01,3962.640000,3962.640000,3962.640000,3962.640000,13265337888.000000
2018-11-02,4103.850000,4103.850000,4103.850000,4103.850000,15346610444.000000
2018-11-05,4069.660000,4069.660000,4069.660000,4069.660000,10970668326.000000
2018-11-06,4045.110000,4045.110000,4045.110000,4045.110000,8386913783.000000
2018-11-07,4018.610000,4018.610000,4018.610000,4018.610000,9161552760.000000
2018-11-08,4007.220000,4007.220000,4007.220000,4007.220000,7641453981.000000
2018-11-09,3950.680000,3950.680000,3950.680000,3950.680000,8428276212.000000
2018-11-12,3997.700000,3997.700000,3997.700000,3997.700000,8806239141.000000
2018-11-13,4037.910000,4037.910000,4037.910000,4037.910000,12649346386.000000
2018-11-14,3997.450000,3997.450000,3997.450000,3997.450000,11380865941.000000
2018-11-15,4044.540000,4044.540000,4044.540000,4044.540000,9855881025.000000
2018-11-16,4063.630000,4063.630000,4063.630000,4063.630000,12687683530.000000
2018-11-19,4109.700000,4109.700000,4109.700000,4109.700000,11595659463.000000
2018-11-20,4014.650000,4014.650000,4014.650000,4014.650000,10936115412.000000
2018-11-21,4024.730000,4024.730000,4024.730000,4024.730000,8411972600.000000
2018-11-22,4009.680000,4009.680000,4009.680000,4009.680000,6509829064.000000
2018-11-23,3921.180000,3921.180000,3921.180000,3921.180000,8463825474.000000
2018-11-26,3918.390000,3918.390000,3918.390000,3918.390000,5937913992.000000
2018-11-27,3913.400000,3913.400000,3913.400000,3913.400000,5540783247.000000
2018-11-28,3965.410000,3965.410000,3965.410000,3965.410000,7488195538.000000
2018-11-29,3913.920000,3913.920000,3913.920000,3913.920000,8049846600.000000
2018-11-30,3957.620000,3957.620000,3957.620000,3957.620000,7092104425.000000
2018-12-03,4067.720000,4067.720000,4067.720000,4067.720000,12148715654.000000
2018-12-04,4076.150000,4076.150000,4076.150000,4076.150000,7941503928.000000
2018-12-05,4056.560000,4056.560000,4056.560000,4056.560000,7615305152.000000
2018-12-06,3968.830000,3968.830000,3968.830000,3968.830000,7632877073.000000
2018-12-07,3969.060000,3969.060000,3969.060000,3969.060000,5336192449.000000
2018-12-10,3923.150000,3923.150000,3923.150000,3923.150000,6343727332.000000
2018-12-11,3941.920000,3941.920000,3941.920000,3941.920000,5322387714.000000
2018-12-12,3955.390000,3955.390000,3955.390000,3955.390000,5330991402.000000
2018-12-13,4016.620000,4016.620000,4016.620000,4016.620000,9044275459.000000
2018-12-14,3949.530000,3949.530000,3949.530000,3949.530000,8430125003.000000
2018-12-17,3943.650000,3943.650000,3943.650000,3943.650000,6649700659.000000
2018-12-18,3902.770000,3902.770000,3902.770000,3902.770000,6382031945.000000
2018-12-19,3856.230000,3856.230000,3856.230000,3856.230000,5552229939.000000
2018-12-20,3826.650000,3826.650000,3826.650000,3826.650000,6974946250.000000
2018-12-21,3779.220000,3779.220000,3779.220000,3779.220000,7675810146.000000
2018-12-24,3790.200000,3790.200000,3790.200000,3790.200000,5729961481.000000
2018-12-25,3764.110000,3764.110000,3764.110000,3764.110000,7868942488.000000
2018-12-26,3745.090000,3745.090000,3745.090000,3745.090000,5564703245.000000
2018-12-27,3730.710000,3730.710000,3730.710000,3730.710000,8054178458.000000
2018-12-28,3755.910000,3755.910000,3755.910000,3755.910000,7105377883.000000
2019-01-02,3704.620000,3704.620000,3704.620000,3704.620000,6866302129.000000
2019-01-03,3698.760000,3698.760000,3698.760000,3698.760000,7086710339.000000
2019-01-04,3787.380000,3787.380000,3787.380000,3787.380000,10331897161.000000
2019-01-07,3810.370000,3810.370000,3810.370000,3810.370000,10116435936.000000
2019-01-08,3802.130000,3802.130000,3802.130000,3802.130000,8617058548.000000
2019-01-09,3840.520000,3840.520000,3840.520000,3840.520000,10736434992.000000
2019-01-10,3833.300000,3833.300000,3833.300000,3833.300000,8527175570.000000
2019-01-11,3860.860000,3860.860000,3860.860000,3860.860000,7178642398.000000
2019-01-14,3827.190000,3827.190000,3827.190000,3827.190000,6612170210.000000
2019-01-15,3902.300000,3902.300000,3902.300000,3902.300000,8877296204.000000
2019-01-16,3903.120000,3903.120000,3903.120000,3903.120000,8021434059.000000
2019-01-17,3881.620000,3881.620000,3881.620000,3881.620000,8017487070.000000
2019-01-18,3952.430000,3952.430000,3952.430000,3952.430000,10396383444.000000
2019-01-21,3974.210000,3974.210000,3974.210000,3974.210000,9391502197.000000
2019-01-22,3921.420000,3921.420000,3921.420000,3921.420000,7299052828.000000
2019-01-23,3918.590000,3918.590000,3918.590000,3918.590000,5987047816.000000
2019-01-24,3940.710000,3940.710000,3940.710000,3940.710000,7293463594.000000
2019-01-25,3972.760000,3972.760000,3972.760000,3972.760000,8396772867.000000
2019-01-28,3971.890000,3971.890000,3971.890000,3971.890000,8262243057.000000
2019-01-29,3984.610000,3984.610000,3984.610000,3984.610000,7765833361.000000
2019-01-30,3952.810000,3952.810000,3952.810000,3952.810000,6374651689.000000
2019-01-31,3994.170000,3994.170000,3994.170000,3994.170000,8624783863.000000
2019-02-01,4051.260000,4051.260000,4051.260000,4051.260000,8201964099.000000
2019-02-11,4124.960000,4124.960000,4124.960000,4124.960000,9881843353.000000
2019-02-12,4154.730000,4154.730000,4154.730000,4154.730000,12223246216.000000
2019-02-13,4237.930000,4237.930000,4237.930000,4237.930000,16382833186.000000
2019-02-14,4244.310000,4244.310000,4244.310000,4244.310000,15112728969.000000
2019-02-15,4165.170000,4165.170000,4165.170000,4165.170000,14366860337.000000
2019-02-18,4298.710000,4298.710000,4298.710000,4298.710000,18288608945.000000
2019-02-19,4291.050000,4291.050000,4291.050000,4291.050000,17908378540.000000
2019-02-20,4306.420000,4306.420000,4306.420000,4306.420000,14739031144.000000
2019-02-21,4294.920000,4294.920000,4294.920000,4294.920000,18014328663.000000
2019-02-22,4391.490000,4391.490000,4391.490000,4391.490000,18723797432.000000
2019-02-25,4653.910000,4653.910000,4653.910000,4653.910000,34255712172.000000
2019-02-26,4598.020000,4598.020000,4598.020000,4598.020000,35803869786.000000
2019-02-27,4590.150000,4590.150000,4590.150000,4590.150000,28623600723.000000
2019-02-28,4578.890000,4578.890000,4578.890000,4578.890000,18481021971.000000
2019-03-01,4679.150000,4679.150000,4679.150000,4679.150000,20471100413.000000
2019-03-04,4734.550000,4734.550000,4734.550000,4734.550000,32349012596.000000
2019-03-05,4761.890000,4761.890000,4761.890000,4761.890000,23085316610.000000
2019-03-06,4801.910000,4801.910000,4801.910000,4801.910000,31807737108.000000
2019-03-07,4752.950000,4752.950000,4752.950000,4752.950000,32984654848.000000
2019-03-08,4564.180000,4564.180000,4564.180000,4564.180000,31799007663.000000
2019-03-11,4654.500000,4654.500000,4654.500000,4654.500000,23091286496.000000
2019-03-12,4686.190000,4686.190000,4686.190000,4686.190000,27492638173.000000
2019-03-13,4647.310000,4647.310000,4647.310000,4647.310000,23368224794.000000
2019-03-14,4615.230000,4615.230000,4615.230000,4615.230000,19081723732.000000
2019-03-15,4673.280000,4673.280000,4673.280000,4673.280000,17517454350.000000
2019-03-18,4806.480000,4806.480000,4806.480000,4806.480000,21692806006.000000
2019-03-19,4784.280000,4784.280000,4784.280000,4784.280000,18172710965.000000
2019-03-20,4786.130000,4786.130000,4786.130000,4786.130000,17563208994.000000
2019-03-21,4787.940000,4787.940000,4787.940000,4787.940000,19631031014.000000
2019-03-22,4784.080000,4784.080000,4784.080000,4784.080000,17135699267.000000
2019-03-25,4670.560000,4670.560000,4670.560000,4670.560000,19858632903.000000
2019-03-26,4617.660000,4617.660000,4617.660000,4617.660000,17304657938.000000
2019-03-27,4671.260000,4671.260000,4671.260000,4671.260000,13875845373.000000
2019-03-28,4652.750000,4652.750000,4652.750000,4652.750000,13327212931.000000
2019-03-29,4832.430000,4832.430000,4832.430000,4832.430000,21563910279.000000
2019-04-01,4959.200000,4959.200000,4959.200000,4959.200000,27138270448.000000
2019-04-02,4955.900000,4955.900000,4955.900000,4955.900000,22600034053.000000
2019-04-03,5019.390000,5019.390000,5019.390000,5019.390000,23191736833.000000
2019-04-04,5069.530000,5069.530000,5069.530000,5069.530000,26041093934.000000
2019-04-08,5064.980000,5064.980000,5064.980000,5064.980000,26750557632.000000
2019-04-09,5087.710000,5087.710000,5087.710000,5087.710000,18295680808.000000
2019-04-10,5100.710000,5100.710000,5100.710000,5100.710000,19468761253.000000
2019-04-11,4990.520000,4990.520000,4990.520000,4990.520000,16904964061.000000
2019-04-12,4979.330000,4979.330000,4979.330000,4979.330000,13586211801.000000
2019-04-15,4962.990000,4962.990000,4962.990000,4962.990000,18264557053.000000
2019-04-16,5100.780000,5100.780000,5100.780000,5100.780000,20204196561.000000
2019-04-17,5102.590000,5102.590000,5102.590000,5102.590000,18036711654.000000
2019-04-18,5084.130000,5084.130000,5084.130000,5084.130000,14656212297.000000
2019-04-19,5144.800000,5144.800000,5144.800000,5144.800000,15079491005.000000
2019-04-22,5026.400000,5026.400000,5026.400000,5026.400000,18935374488.000000
2019-04-23,5018.150000,5018.150000,5018.150000,5018.150000,15561165031.000000
2019-04-24,5032.010000,5032.010000,5032.010000,5032.010000,14549869505.000000
2019-04-25,4921.790000,4921.790000,4921.790000,4921.790000,15972207129.000000
2019-04-26,4856.190000,4856.190000,4856.190000,4856.190000,14200806788.000000
2019-04-29,4870.040000,4870.040000,4870.040000,4870.040000,15387092686.000000
2019-04-30,4886.120000,4886.120000,4886.120000,4886.120000,11623337567.000000
2019-05-06,4600.730000,4600.730000,4600.730000,4600.730000,19747288215.000000
2019-05-07,4646.160000,4646.160000,4646.160000,4646.160000,13284765416.000000
2019-05-08,4579.710000,4579.710000,4579.710000,4579.710000,11286735495.000000
2019-05-09,4495.170000,4495.170000,4495.170000,4495.170000,10103739393.000000
2019-05-10,4658.540000,4658.540000,4658.540000,4658.540000,14800384677.000000
2019-05-13,4581.450000,4581.450000,4581.450000,4581.450000,10339185989.000000
2019-05-14,4552.010000,4552.010000,4552.010000,4552.010000,10231346020.000000
2019-05-15,4654.960000,4654.960000,4654.960000,4654.960000,11016176896.000000
2019-05-16,4676.090000,4676.090000,4676.090000,4676.090000,11625827371.000000
2019-05-17,4557.340000,4557.340000,4557.340000,4557.340000,12845324457.000000
2019-05-20,4518.660000,4518.660000,4518.660000,4518.660000,10896347666.000000
2019-05-21,4580.340000,4580.340000,4580.340000,4580.340000,11102292034.000000
2019-05-22,4558.620000,4558.620000,4558.620000,4558.620000,9834612808.000000
2019-05-23,4481.830000,4481.830000,4481.830000,4481.830000,9989778089.000000
2019-05-24,4495.480000,4495.480000,4495.480000,4495.480000,8093404769.000000
2019-05-27,4551.650000,4551.650000,4551.650000,4551.650000,10883087116.000000
2019-05-28,4597.020000,4597.020000,4597.020000,4597.020000,11788624049.000000
2019-05-29,4587.170000,4587.170000,4587.170000,4587.170000,9335544108.000000
2019-05-30,4561.610000,4561.610000,4561.610000,4561.610000,9420256068.000000
2019-05-31,4549.720000,4549.720000,4549.720000,4549.720000,8922226697.000000
2019-06-03,4554.240000,4554.240000,4554.240000,4554.240000,10072317967.000000
2019-06-04,4512.190000,4512.190000,4512.190000,4512.190000,8709709437.000000
2019-06-05,4511.580000,4511.580000,4511.580000,4511.580000,8864201984.000000
2019-06-06,4472.570000,4472.570000,4472.570000,4472.570000,8553440325.000000
2019-06-10,4530.520000,4530.520000,4530.520000,4530.520000,9237506080.000000
2019-06-11,4670.190000,4670.190000,4670.190000,4670.190000,14348280572.000000
2019-06-12,4635.270000,4635.270000,4635.270000,4635.270000,11917885287.000000
2019-06-13,4628.300000,4628.300000,4628.300000,4628.300000,9633171805.000000
2019-06-14,4591.540000,4591.540000,4591.540000,4591.540000,10181700362.000000
2019-06-17,4591.800000,4591.800000,4591.800000,4591.800000,7297667841.000000
2019-06-18,4608.210000,4608.210000,4608.210000,4608.210000,7069226581.000000
2019-06-19,4677.070000,4677.070000,4677.070000,4677.070000,12559571454.000000
2019-06-20,4819.040000,4819.040000,4819.040000,4819.040000,16887207339.000000
2019-06-21,4826.350000,4826.350000,4826.350000,4826.350000,15363515458.000000
2019-06-24,4836.120000,4836.120000,4836.120000,4836.120000,10008462083.000000
2019-06-25,4786.360000,4786.360000,4786.360000,4786.360000,12407591237.000000
2019-06-26,4779.120000,4779.120000,4779.120000,4779.120000,8182028290.000000
2019-06-27,4832.560000,4832.560000,4832.560000,4832.560000,10531635785.000000
2019-06-28,4825.330000,4825.330000,4825.330000,4825.330000,8476613856.000000
2019-07-01,4964.460000,4964.460000,4964.460000,4964.460000,15837034035.000000
2019-07-02,4966.200000,4966.200000,4966.200000,4966.200000,13186349612.000000
2019-07-03,4914.190000,4914.190000,4914.190000,4914.190000,11199260318.000000
2019-07-04,4889.000000,4889.000000,4889.000000,4889.000000,9934225603.000000
2019-07-05,4918.250000,4918.250000,4918.250000,4918.250000,7400652704.000000
2019-07-08,4805.300000,4805.300000,4805.300000,4805.300000,10953908632.000000
2019-07-09,4796.300000,4796.300000,4796.300000,4796.300000,7484273179.000000
2019-07-10,4790.160000,4790.160000,4790.160000,4790.160000,7283394786.000000
2019-07-11,4792.630000,4792.630000,4792.630000,4792.630000,7531196525.000000
2019-07-12,4830.670000,4830.670000,4830.670000,4830.670000,7546596661.000000
2019-07-15,4850.310000,4850.310000,4850.310000,4850.310000,10120522162.000000
2019-07-16,4828.900000,4828.900000,4828.900000,4828.900000,8073095201.000000
2019-07-17,4827.080000,4827.080000,4827.080000,4827.080000,9518388459.000000
2019-07-18,4783.310000,4783.310000,4783.310000,4783.310000,8749644511.000000
2019-07-19,4835.280000,4835.280000,4835.280000,4835.280000,8808614862.000000
2019-07-22,4802.470000,4802.470000,4802.470000,4802.470000,9210137701.000000
2019-07-23,4815.470000,4815.470000,4815.470000,4815.470000,7131334591.000000
2019-07-24,4853.870000,4853.870000,4853.870000,4853.870000,9094068377.000000
2019-07-25,4893.990000,4893.990000,4893.990000,4893.990000,9374041726.000000
2019-07-26,4904.340000,4904.340000,4904.340000,4904.340000,8325929960.000000
2019-07-29,4898.930000,4898.930000,4898.930000,4898.930000,8481437000.000000
2019-07-30,4919.710000,4919.710000,4919.710000,4919.710000,9412395542.000000
2019-07-31,4876.700000,4876.700000,4876.700000,4876.700000,8215115508.000000
2019-08-01,4836.150000,4836.150000,4836.150000,4836.150000,8411418046.000000
2019-08-02,4766.090000,4766.090000,4766.090000,4766.090000,10833589691.000000
2019-08-05,4675.330000,4675.330000,4675.330000,4675.330000,10132598090.000000
2019-08-06,4628.070000,4628.070000,4628.070000,4628.070000,12983387102.000000
2019-08-07,4609.110000,4609.110000,4609.110000,4609.110000,8423871611.000000
2019-08-08,4671.130000,4671.130000,4671.130000,4671.130000,8845770717.000000
2019-08-09,4626.000000,4626.000000,4626.000000,4626.000000,8529558002.000000
2019-08-12,4709.970000,4709.970000,4709.970000,4709.970000,8208305641.000000
2019-08-13,4667.500000,4667.500000,4667.500000,4667.500000,7650030186.000000
2019-08-14,4688.700000,4688.700000,4688.700000,4688.700000,9120259017.000000
2019-08-15,4706.240000,4706.240000,4706.240000,4706.240000,8859883182.000000
2019-08-16,4727.740000,4727.740000,4727.740000,4727.740000,8831916926.000000
2019-08-19,4830.720000,4830.720000,4830.720000,4830.720000,13932701264.000000
2019-08-20,4826.490000,4826.490000,4826.490000,4826.490000,10860208818.000000
2019-08-21,4818.960000,4818.960000,4818.960000,4818.960000,8229987958.000000
2019-08-22,4834.620000,4834.620000,4834.620000,4834.620000,8580779224.000000
2019-08-23,4869.490000,4869.490000,4869.490000,4869.490000,8795458261.000000
2019-08-26,4799.740000,4799.740000,4799.740000,4799.740000,9385926890.000000
2019-08-27,4865.080000,4865.080000,4865.080000,4865.080000,12473147788.000000
2019-08-28,4846.770000,4846.770000,4846.770000,4846.770000,8875081224.000000
2019-08-29,4830.970000,4830.970000,4830.970000,4830.970000,8408338735.000000
2019-08-30,4842.950000,4842.950000,4842.950000,4842.950000,9669515006.000000
2019-09-02,4905.070000,4905.070000,4905.070000,4905.070000,11028934864.000000
2019-09-03,4911.810000,4911.810000,4911.810000,4911.810000,9771463094.000000
2019-09-04,4956.320000,4956.320000,4956.320000,4956.320000,12662861461.000000
2019-09-05,5006.470000,5006.470000,5006.470000,5006.470000,18165623072.000000
2019-09-06,5036.040000,5036.040000,5036.040000,5036.040000,12188237610.000000
2019-09-09,5067.210000,5067.210000,5067.210000,5067.210000,14680975390.000000
2019-09-10,5049.760000,5049.760000,5049.760000,5049.760000,13088938553.000000
2019-09-11,5012.560000,5012.560000,5012.560000,5012.560000,13159487549.000000
2019-09-12,5066.480000,5066.480000,5066.480000,5066.480000,11024127293.000000
2019-09-16,5047.780000,5047.780000,5047.780000,5047.780000,11025980468.000000
2019-09-17,4963.590000,4963.590000,4963.590000,4963.590000,11369431699.000000
2019-09-18,4987.650000,4987.650000,4987.650000,4987.650000,8205615233.000000
2019-09-19,5005.890000,5005.890000,5005.890000,5005.890000,8598423763.000000
2019-09-20,5020.270000,5020.270000,5020.270000,5020.270000,10345595487.000000
2019-09-23,4962.880000,4962.880000,4962.880000,4962.880000,9403622500.000000
2019-09-24,4976.440000,4976.440000,4976.440000,4976.440000,8778323013.000000
2019-09-25,4938.050000,4938.050000,4938.050000,4938.050000,8952083464.000000
2019-09-26,4900.080000,4900.080000,4900.080000,4900.080000,10269830095.000000
2019-09-27,4914.770000,4914.770000,4914.770000,4914.770000,7400394670.000000
2019-09-30,4866.130000,4866.130000,4866.130000,4866.130000,6593131283.000000
2019-10-08,4895.670000,4895.670000,4895.670000,4895.670000,7665785960.000000
2019-10-09,4902.760000,4902.760000,4902.760000,4902.760000,7585451224.000000
2019-10-10,4942.810000,4942.810000,4942.810000,4942.810000,7922269416.000000
2019-10-11,4990.570000,4990.570000,4990.570000,4990.570000,9341257658.000000
2019-10-14,5043.530000,5043.530000,5043.530000,5043.530000,12239361148.000000
2019-10-15,5021.860000,5021.860000,5021.860000,5021.860000,8527394874.000000
2019-10-16,5004.550000,5004.550000,5004.550000,5004.550000,8322970682.000000
2019-10-17,5007.790000,5007.790000,5007.790000,5007.790000,6486374539.000000
2019-10-18,4936.540000,4936.540000,4936.540000,4936.540000,8232114022.000000
2019-10-21,4951.220000,4951.220000,4951.220000,4951.220000,7418291832.000000
2019-10-22,4970.410000,4970.410000,4970.410000,4970.410000,6891856573.000000
2019-10-23,4938.780000,4938.780000,4938.780000,4938.780000,7019862523.000000
2019-10-24,4938.250000,4938.250000,4938.250000,4938.250000,7133457533.000000
2019-10-25,4971.880000,4971.880000,4971.880000,4971.880000,7745361960.000000
2019-10-28,5009.890000,5009.890000,5009.890000,5009.890000,9740601956.000000
2019-10-29,4989.020000,4989.020000,4989.020000,4989.020000,8225707499.000000
2019-10-30,4964.780000,4964.780000,4964.780000,4964.780000,7787292296.000000
2019-10-31,4959.070000,4959.070000,4959.070000,4959.070000,8671453931.000000
2019-11-01,5042.810000,5042.810000,5042.810000,5042.810000,10068961238.000000
2019-11-04,5075.650000,5075.650000,5075.650000,5075.650000,10419385531.000000
2019-11-05,5107.150000,5107.150000,5107.150000,5107.150000,11291187976.000000
2019-11-06,5084.270000,5084.270000,5084.270000,5084.270000,9731295222.000000
2019-11-07,5093.190000,5093.190000,5093.190000,5093.190000,8725489757.000000
2019-11-08,5069.120000,5069.120000,5069.120000,5069.120000,9710694829.000000
2019-11-11,4979.770000,4979.770000,4979.770000,4979.770000,9415562062.000000
2019-11-12,4980.760000,4980.760000,4980.760000,4980.760000,7654306884.000000
2019-11-13,4976.030000,4976.030000,4976.030000,4976.030000,7674907798.000000
2019-11-14,4983.520000,4983.520000,4983.520000,4983.520000,8700844563.000000
2019-11-15,4946.820000,4946.820000,4946.820000,4946.820000,8373091691.000000
2019-11-18,4986.170000,4986.170000,4986.170000,4986.170000,7664599293.000000
2019-11-19,5036.420000,5036.420000,5036.420000,5036.420000,8216102548.000000
2019-11-20,4986.430000,4986.430000,4986.430000,4986.430000,7681533323.000000
2019-11-21,4963.120000,4963.120000,4963.120000,4963.120000,6913053830.000000
2019-11-22,4912.590000,4912.590000,4912.590000,4912.590000,9104263909.000000
2019-11-25,4948.590000,4948.590000,4948.590000,4948.590000,10606628949.000000
2019-11-26,4965.750000,4965.750000,4965.750000,4965.750000,11151353747.000000
2019-11-27,4945.290000,4945.290000,4945.290000,4945.290000,7643730466.000000
2019-11-28,4928.300000,4928.300000,4928.300000,4928.300000,6523011875.000000
2019-11-29,4885.380000,4885.380000,4885.380000,4885.380000,7414433086.000000
2019-12-02,4894.810000,4894.810000,4894.810000,4894.810000,7741217280.000000
2019-12-03,4913.990000,4913.990000,4913.990000,4913.990000,7361123956.000000
2019-12-04,4912.370000,4912.370000,4912.370000,4912.370000,7968338457.000000
2019-12-05,4950.070000,4950.070000,4950.070000,4950.070000,8905119308.000000
2019-12-06,4979.440000,4979.440000,4979.440000,4979.440000,7864888687.000000
2019-12-09,4970.700000,4970.700000,4970.700000,4970.700000,9535380609.000000
2019-12-10,4977.000000,4977.000000,4977.000000,4977.000000,8626292769.000000
2019-12-11,4980.010000,4980.010000,4980.010000,4980.010000,9976548036.000000
2019-12-12,4965.050000,4965.050000,4965.050000,4965.050000,8470832952.000000
2019-12-13,5063.830000,5063.830000,5063.830000,5063.830000,14857134921.000000
2019-12-16,5088.490000,5088.490000,5088.490000,5088.490000,14848667041.000000
2019-12-17,5157.720000,5157.720000,5157.720000,5157.720000,20116293686.000000
2019-12-18,5146.300000,5146.300000,5146.300000,5146.300000,15135176436.000000
2019-12-19,5139.120000,5139.120000,5139.120000,5139.120000,11790055773.000000
2019-12-20,5126.490000,5126.490000,5126.490000,5126.490000,12126766192.000000
2019-12-23,5062.490000,5062.490000,5062.490000,5062.490000,12281624559.000000
2019-12-24,5095.490000,5095.490000,5095.490000,5095.490000,9598904546.000000
2019-12-25,5092.820000,5092.820000,5092.820000,5092.820000,9493889044.000000
2019-12-26,5137.640000,5137.640000,5137.640000,5137.640000,10886064000.000000
2019-12-27,5132.590000,5132.590000,5132.590000,5132.590000,15092641126.000000
2019-12-30,5208.650000,5208.650000,5208.650000,5208.650000,15597148845.000000
2019-12-31,5227.730000,5227.730000,5227.730000,5227.730000,12326425822.000000
2020-01-02,5298.750000,5298.750000,5298.750000,5298.750000,18211677179.000000
2020-01-03,5289.470000,5289.470000,5289.470000,5289.470000,14282624379.000000
2020-01-06,5269.470000,5269.470000,5269.470000,5269.470000,17530995295.000000
2020-01-07,5308.940000,5308.940000,5308.940000,5308.940000,13948903121.000000
2020-01-08,5247.810000,5247.810000,5247.810000,5247.810000,16758584999.000000
2020-01-09,5314.230000,5314.230000,5314.230000,5314.230000,13688632394.000000
2020-01-10,5312.720000,5312.720000,5312.720000,5312.720000,11303171863.000000
2020-01-13,5364.790000,5364.790000,5364.790000,5364.790000,11969198182.000000
2020-01-14,5346.790000,5346.790000,5346.790000,5346.790000,12932078299.000000
2020-01-15,5317.250000,5317.250000,5317.250000,5317.250000,10463313582.000000
2020-01-16,5294.670000,5294.670000,5294.670000,5294.670000,10026764168.000000
2020-01-17,5302.090000,5302.090000,5302.090000,5302.090000,9872568150.000000
2020-01-20,5341.620000,5341.620000,5341.620000,5341.620000,12240914713.000000
2020-01-21,5250.350000,5250.350000,5250.350000,5250.350000,13052750729.000000
2020-01-22,5272.840000,5272.840000,5272.840000,5272.840000,12675876296.000000
2020-01-23,5109.450000,5109.450000,5109.450000,5109.450000,16035760289.000000
2020-02-03,4706.780000,4706.780000,4706.780000,4706.780000,15755964662.000000
2020-02-04,4830.920000,4830.920000,4830.920000,4830.920000,21393332758.000000
2020-02-05,4885.660000,4885.660000,4885.660000,4885.660000,17492552357.000000
2020-02-06,4976.580000,4976.580000,4976.580000,4976.580000,17646223519.000000
2020-02-07,4976.700000,4976.700000,4976.700000,4976.700000,15173175939.000000
2020-02-10,4997.290000,4997.290000,4997.290000,4997.290000,14840696873.000000
2020-02-11,5043.810000,5043.810000,5043.810000,5043.810000,14344167437.000000
2020-02-12,5084.610000,5084.610000,5084.610000,5084.610000,12671032117.000000
2020-02-13,5053.330000,5053.330000,5053.330000,5053.330000,14500184290.000000
2020-02-14,5088.820000,5088.820000,5088.820000,5088.820000,14323980267.000000
2020-02-17,5203.280000,5203.280000,5203.280000,5203.280000,18277896911.000000
2020-02-18,5177.870000,5177.870000,5177.870000,5177.870000,16323621972.000000
2020-02-19,5169.950000,5169.950000,5169.950000,5169.950000,16904644074.000000
2020-02-20,5289.070000,5289.070000,5289.070000,5289.070000,21223262441.000000
2020-02-21,5295.240000,5295.240000,5295.240000,5295.240000,21721360434.000000
2020-02-24,5273.990000,5273.990000,5273.990000,5273.990000,21286930299.000000
2020-02-25,5262.530000,5262.530000,5262.530000,5262.530000,24416783085.000000
2020-02-26,5197.650000,5197.650000,5197.650000,5197.650000,26109406075.000000
2020-02-27,5212.790000,5212.790000,5212.790000,5212.790000,18129098102.000000
2020-02-28,5027.970000,5027.970000,5027.970000,5027.970000,23027509322.000000
2020-03-02,5193.380000,5193.380000,5193.380000,5193.380000,21931355851.000000
2020-03-03,5221.060000,5221.060000,5221.060000,5221.060000,21936977690.000000
2020-03-04,5251.300000,5251.300000,5251.300000,5251.300000,18242472970.000000
2020-03-05,5368.280000,5368.280000,5368.280000,5368.280000,23182311459.000000
2020-03-06,5281.230000,5281.230000,5281.230000,5281.230000,17247571665.000000
2020-03-09,5100.820000,5100.820000,5100.820000,5100.820000,20810203487.000000
2020-03-10,5210.050000,5210.050000,5210.050000,5210.050000,19741640176.000000
2020-03-11,5140.750000,5140.750000,5140.750000,5140.750000,16165611068.000000
2020-03-12,5041.830000,5041.830000,5041.830000,5041.830000,15706045804.000000
2020-03-13,4970.880000,4970.880000,4970.880000,4970.880000,18829672190.000000
2020-03-16,4757.170000,4757.170000,4757.170000,4757.170000,18596825972.000000
2020-03-17,4734.000000,4734.000000,4734.000000,4734.000000,16624612859.000000
2020-03-18,4640.300000,4640.300000,4640.300000,4640.300000,15503754663.000000
2020-03-19,4580.110000,4580.110000,4580.110000,4580.110000,18080740698.000000
2020-03-20,4661.950000,4661.950000,4661.950000,4661.950000,13960299979.000000
2020-03-23,4505.090000,4505.090000,4505.090000,4505.090000,13710878986.000000
2020-03-24,4626.080000,4626.080000,4626.080000,4626.080000,14310302144.000000
2020-03-25,4750.380000,4750.380000,4750.380000,4750.380000,15349595831.000000
2020-03-26,4719.150000,4719.150000,4719.150000,4719.150000,11231066545.000000
2020-03-27,4734.480000,4734.480000,4734.480000,4734.480000,12406099492.000000
2020-03-30,4688.600000,4688.600000,4688.600000,4688.600000,12687667331.000000
2020-03-31,4703.970000,4703.970000,4703.970000,4703.970000,11145302452.000000
2020-04-01,4689.830000,4689.830000,4689.830000,4689.830000,11935261985.000000
2020-04-02,4765.780000,4765.780000,4765.780000,4765.780000,11516820906.000000
2020-04-03,4738.580000,4738.580000,4738.580000,4738.580000,9982508349.000000
2020-04-07,4846.800000,4846.800000,4846.800000,4846.800000,14277802975.000000
2020-04-08,4824.240000,4824.240000,4824.240000,4824.240000,11138951294.000000
2020-04-09,4840.150000,4840.150000,4840.150000,4840.150000,10048503197.000000
2020-04-10,4809.990000,4809.990000,4809.990000,4809.990000,10244495629.000000
2020-04-13,4789.670000,4789.670000,4789.670000,4789.670000,7905334339.000000
2020-04-14,4882.120000,4882.120000,4882.120000,4882.120000,11063758504.000000
2020-04-15,4845.960000,4845.960000,4845.960000,4845.960000,10846198419.000000
2020-04-16,4852.360000,4852.360000,4852.360000,4852.360000,9594796458.000000
2020-04-17,4899.710000,4899.710000,4899.710000,4899.710000,13200430129.000000
2020-04-20,4917.540000,4917.540000,4917.540000,4917.540000,10001311510.000000
2020-04-21,4859.590000,4859.590000,4859.590000,4859.590000,10292188760.000000
2020-04-22,4899.580000,4899.580000,4899.580000,4899.580000,8589946358.000000
2020-04-23,4887.290000,4887.290000,4887.290000,4887.290000,9550845005.000000
2020-04-24,4845.700000,4845.700000,4845.700000,4845.700000,9484413474.000000
2020-04-27,4878.750000,4878.750000,4878.750000,4878.750000,9546273538.000000
2020-04-28,4912.410000,4912.410000,4912.410000,4912.410000,12209347551.000000
2020-04-29,4935.430000,4935.430000,4935.430000,4935.430000,9585459049.000000
2020-04-30,4994.070000,4994.070000,4994.070000,4994.070000,13291712468.000000
2020-05-06,5024.290000,5024.290000,5024.290000,5024.290000,13985567462.000000
2020-05-07,5010.150000,5010.150000,5010.150000,5010.150000,10551464624.000000
2020-05-08,5065.030000,5065.030000,5065.030000,5065.030000,11694334085.000000
2020-05-11,5060.750000,5060.750000,5060.750000,5060.750000,12267380299.000000
2020-05-12,5060.940000,5060.940000,5060.940000,5060.940000,9825055430.000000
2020-05-13,5071.230000,5071.230000,5071.230000,5071.230000,8819066874.000000
2020-05-14,5016.230000,5016.230000,5016.230000,5016.230000,8853000435.000000
2020-05-15,5001.150000,5001.150000,5001.150000,5001.150000,9261838181.000000
2020-05-18,5014.050000,5014.050000,5014.050000,5014.050000,11280176199.000000
2020-05-19,5056.880000,5056.880000,5056.880000,5056.880000,9401529138.000000
2020-05-20,5030.970000,5030.970000,5030.970000,5030.970000,10079114985.000000
2020-05-21,5003.650000,5003.650000,5003.650000,5003.650000,9486103338.000000
2020-05-22,4889.590000,4889.590000,4889.590000,4889.590000,10337835961.000000
2020-05-25,4896.690000,4896.690000,4896.690000,4896.690000,7903332558.000000
2020-05-26,4952.880000,4952.880000,4952.880000,4952.880000,7744807649.000000
2020-05-27,4918.390000,4918.390000,4918.390000,4918.390000,8371183051.000000
2020-05-28,4933.760000,4933.760000,4933.760000,4933.760000,9306405390.000000
2020-05-29,4950.610000,4950.610000,4950.610000,4950.610000,9381383169.000000
2020-06-01,5084.270000,5084.270000,5084.270000,5084.270000,13645665166.000000
2020-06-02,5103.220000,5103.220000,5103.220000,5103.220000,14430306014.000000
2020-06-03,5104.390000,5104.390000,5104.390000,5104.390000,13659748285.000000
2020-06-04,5103.100000,5103.100000,5103.100000,5103.100000,10427773693.000000
2020-06-05,5128.450000,5128.450000,5128.450000,5128.450000,10244394210.000000
2020-06-08,5155.090000,5155.090000,5155.090000,5155.090000,13792581340.000000
2020-06-09,5187.280000,5187.280000,5187.280000,5187.280000,11530447922.000000
2020-06-10,5181.610000,5181.610000,5181.610000,5181.610000,11226572818.000000
2020-06-11,5130.540000,5130.540000,5130.540000,5130.540000,12730894138.000000
2020-06-12,5140.300000,5140.300000,5140.300000,5140.300000,13416664860.000000
2020-06-15,5080.190000,5080.190000,5080.190000,5080.190000,13129786023.000000
2020-06-16,5156.970000,5156.970000,5156.970000,5156.970000,11105153899.000000
2020-06-17,5161.590000,5161.590000,5161.590000,5161.590000,10560579913.000000
2020-06-18,5198.300000,5198.300000,5198.300000,5198.300000,13814876148.000000
2020-06-19,5270.530000,5270.530000,5270.530000,5270.530000,15294698977.000000
2020-06-22,5276.750000,5276.750000,5276.750000,5276.750000,15582946529.000000
2020-06-23,5302.540000,5302.540000,5302.540000,5302.540000,12922951019.000000
2020-06-24,5332.680000,5332.680000,5332.680000,5332.680000,12171246466.000000
2020-06-29,5295.200000,5295.200000,5295.200000,5295.200000,13086585374.000000
2020-06-30,5370.270000,5370.270000,5370.270000,5370.270000,12593352054.000000
2020-07-01,5478.560000,5478.560000,5478.560000,5478.560000,16999045605.000000
2020-07-02,5593.200000,5593.200000,5593.200000,5593.200000,25293936828.000000
2020-07-03,5701.920000,5701.920000,5701.920000,5701.920000,29048553949.000000
2020-07-06,6025.880000,6025.880000,6025.880000,6025.880000,40582102518.000000
2020-07-07,6062.700000,6062.700000,6062.700000,6062.700000,40600855316.000000
2020-07-08,6162.390000,6162.390000,6162.390000,6162.390000,34807484729.000000
2020-07-09,6249.940000,6249.940000,6249.940000,6249.940000,35104689265.000000
2020-07-10,6146.690000,6146.690000,6146.690000,6146.690000,31694965071.000000
2020-07-13,6279.900000,6279.900000,6279.900000,6279.900000,32164544622.000000
2020-07-14,6223.090000,6223.090000,6223.090000,6223.090000,29724198465.000000
2020-07-15,6149.730000,6149.730000,6149.730000,6149.730000,27238900556.000000
2020-07-16,5856.240000,5856.240000,5856.240000,5856.240000,28465713309.000000
2020-07-17,5897.230000,5897.230000,5897.230000,5897.230000,20737556347.000000
2020-07-20,6073.540000,6073.540000,6073.540000,6073.540000,24606891389.000000
2020-07-21,6087.580000,6087.580000,6087.580000,6087.580000,20041565888.000000
2020-07-22,6118.940000,6118.940000,6118.940000,6118.940000,22419921136.000000
2020-07-23,6120.320000,6120.320000,6120.320000,6120.320000,23431456942.000000
2020-07-24,5851.710000,5851.710000,5851.710000,5851.710000,24390520298.000000
2020-07-27,5881.750000,5881.750000,5881.750000,5881.750000,17142055060.000000
2020-07-28,5933.460000,5933.460000,5933.460000,5933.460000,16276849815.000000
2020-07-29,6077.490000,6077.490000,6077.490000,6077.490000,18669530523.000000
2020-07-30,6048.030000,6048.030000,6048.030000,6048.030000,16696756550.000000
2020-07-31,6098.730000,6098.730000,6098.730000,6098.730000,18483902569.000000
2020-08-03,6197.800000,6197.800000,6197.800000,6197.800000,21477623924.000000
2020-08-04,6203.690000,6203.690000,6203.690000,6203.690000,23997498462.000000
2020-08-05,6205.850000,6205.850000,6205.850000,6205.850000,19670054753.000000
2020-08-06,6187.300000,6187.300000,6187.300000,6187.300000,22785440629.000000
2020-08-07,6117.340000,6117.340000,6117.340000,6117.340000,21351821634.000000
2020-08-10,6139.360000,6139.360000,6139.360000,6139.360000,20378883157.000000
2020-08-11,6083.380000,6083.380000,6083.380000,6083.380000,20554651112.000000
2020-08-12,6040.430000,6040.430000,6040.430000,6040.430000,20288723893.000000
2020-08-13,6024.930000,6024.930000,6024.930000,6024.930000,15255009218.000000
2020-08-14,6118.030000,6118.030000,6118.030000,6118.030000,14729292055.000000
2020-08-17,6261.900000,6261.900000,6261.900000,6261.900000,26800155604.000000
2020-08-18,6258.950000,6258.950000,6258.950000,6258.950000,18913985438.000000
2020-08-19,6165.310000,6165.310000,6165.310000,6165.310000,19244294760.000000
2020-08-20,6085.970000,6085.970000,6085.970000,6085.970000,15836863904.000000
2020-08-21,6139.260000,6139.260000,6139.260000,6139.260000,14265786418.000000
2020-08-24,6187.830000,6187.830000,6187.830000,6187.830000,15114351150.000000
2020-08-25,6195.830000,6195.830000,6195.830000,6195.830000,14170135107.000000
2020-08-26,6123.200000,6123.200000,6123.200000,6123.200000,15130517954.000000
2020-08-27,6156.010000,6156.010000,6156.010000,6156.010000,11904285024.000000
2020-08-28,6302.930000,6302.930000,6302.930000,6302.930000,15939976526.000000
2020-08-31,6266.430000,6266.430000,6266.430000,6266.430000,20256702885.000000
2020-09-01,6300.140000,6300.140000,6300.140000,6300.140000,13839540233.000000
2020-09-02,6302.440000,6302.440000,6302.440000,6302.440000,15798952404.000000
2020-09-03,6267.580000,6267.580000,6267.580000,6267.580000,14567120079.000000
2020-09-04,6206.590000,6206.590000,6206.590000,6206.590000,12003279561.000000
2020-09-07,6075.370000,6075.370000,6075.370000,6075.370000,14860779090.000000
2020-09-08,6107.920000,6107.920000,6107.920000,6107.920000,13919922743.000000
2020-09-09,5965.060000,5965.060000,5965.060000,5965.060000,16227710743.000000
2020-09-10,5961.660000,5961.660000,5961.660000,5961.660000,15065287790.000000
2020-09-11,6020.610000,6020.610000,6020.610000,6020.610000,11530242379.000000
2020-09-14,6051.540000,6051.540000,6051.540000,6051.540000,10723517875.000000
2020-09-15,6100.240000,6100.240000,6100.240000,6100.240000,10191592519.000000
2020-09-16,6062.950000,6062.950000,6062.950000,6062.950000,10875364074.000000
2020-09-17,6030.870000,6030.870000,6030.870000,6030.870000,10598363069.000000
2020-09-18,6166.750000,6166.750000,6166.750000,6166.750000,16042647510.000000
2020-09-21,6107.320000,6107.320000,6107.320000,6107.320000,12453582672.000000
2020-09-22,6035.160000,6035.160000,6035.160000,6035.160000,11967294690.000000
2020-09-23,6056.730000,6056.730000,6056.730000,6056.730000,9582652806.000000
2020-09-24,5940.520000,5940.520000,5940.520000,5940.520000,11259368250.000000
2020-09-25,5949.720000,5949.720000,5949.720000,5949.720000,9301515543.000000
2020-09-28,5965.260000,5965.260000,5965.260000,5965.260000,8504838921.000000
2020-09-29,5978.140000,5978.140000,5978.140000,5978.140000,8599385830.000000
2020-09-30,5972.420000,5972.420000,5972.420000,5972.420000,8908120005.000000
2020-10-09,6094.460000,6094.460000,6094.460000,6094.460000,11133751153.000000
2020-10-12,6279.360000,6279.360000,6279.360000,6279.360000,15578455752.000000
2020-10-13,6300.250000,6300.250000,6300.250000,6300.250000,11651633845.000000
2020-10-14,6258.460000,6258.460000,6258.460000,6258.460000,11190692335.000000
2020-10-15,6247.560000,6247.560000,6247.560000,6247.560000,10996496185.000000
2020-10-16,6238.630000,6238.630000,6238.630000,6238.630000,11671610199.000000
2020-10-19,6191.520000,6191.520000,6191.520000,6191.520000,12924636136.000000
2020-10-20,6240.970000,6240.970000,6240.970000,6240.970000,9804815597.000000
2020-10-21,6240.130000,6240.130000,6240.130000,6240.130000,10380570257.000000
2020-10-22,6220.810000,6220.810000,6220.810000,6220.810000,10135089132.000000
2020-10-23,6143.880000,6143.880000,6143.880000,6143.880000,10682518363.000000
2020-10-26,6108.570000,6108.570000,6108.570000,6108.570000,10834327480.000000
2020-10-27,6119.440000,6119.440000,6119.440000,6119.440000,9265630383.000000
2020-10-28,6168.910000,6168.910000,6168.910000,6168.910000,10846340234.000000
2020-10-29,6215.330000,6215.330000,6215.330000,6215.330000,11711725029.000000
2020-10-30,6114.300000,6114.300000,6114.300000,6114.300000,13980230289.000000
2020-11-02,6147.500000,6147.500000,6147.500000,6147.500000,14286769279.000000
2020-11-03,6221.380000,6221.380000,6221.380000,6221.380000,13605540839.000000
2020-11-04,6268.380000,6268.380000,6268.380000,6268.380000,11466180571.000000
2020-11-05,6361.930000,6361.930000,6361.930000,6361.930000,13924459408.000000
2020-11-06,6362.720000,6362.720000,6362.720000,6362.720000,15363903429.000000
2020-11-09,6487.260000,6487.260000,6487.260000,6487.260000,19713198448.000000
2020-11-10,6451.480000,6451.480000,6451.480000,6451.480000,17626721414.000000
2020-11-11,6387.700000,6387.700000,6387.700000,6387.700000,16447051471.000000
2020-11-12,6394.070000,6394.070000,6394.070000,6394.070000,11811461857.000000
2020-11-13,6326.830000,6326.830000,6326.830000,6326.830000,13369307881.000000
2020-11-16,6388.480000,6388.480000,6388.480000,6388.480000,14877097995.000000
2020-11-17,6376.250000,6376.250000,6376.250000,6376.250000,15148746409.000000
2020-11-18,6372.190000,6372.190000,6372.190000,6372.190000,16421661629.000000
2020-11-19,6419.500000,6419.500000,6419.500000,6419.500000,13368137826.000000
2020-11-20,6439.430000,6439.430000,6439.430000,6439.430000,12940034126.000000
2020-11-23,6519.860000,6519.860000,6519.860000,6519.860000,20591518711.000000
2020-11-24,6479.810000,6479.810000,6479.810000,6479.810000,15663791136.000000
2020-11-25,6397.210000,6397.210000,6397.210000,6397.210000,17034052691.000000
2020-11-26,6408.790000,6408.790000,6408.790000,6408.790000,13720233764.000000
2020-11-27,6489.490000,6489.490000,6489.490000,6489.490000,16295292188.000000
2020-11-30,6462.760000,6462.760000,6462.760000,6462.760000,26263894962.000000
2020-12-01,6601.970000,6601.970000,6601.970000,6601.970000,20406563777.000000
2020-12-02,6602.030000,6602.030000,6602.030000,6602.030000,19543547587.000000
2020-12-03,6588.890000,6588.890000,6588.890000,6588.890000,17786574774.000000
2020-12-04,6600.430000,6600.430000,6600.430000,6600.430000,14434716748.000000
2020-12-07,6543.520000,6543.520000,6543.520000,6543.520000,13989621724.000000
2020-12-08,6527.450000,6527.450000,6527.450000,6527.450000,12307302946.000000
2020-12-09,6439.920000,6439.920000,6439.920000,6439.920000,13891696485.000000
2020-12-10,6437.090000,6437.090000,6437.090000,6437.090000,12591427019.000000
2020-12-11,6371.220000,6371.220000,6371.220000,6371.220000,15935769712.000000
2020-12-14,6430.120000,6430.120000,6430.120000,6430.120000,12080155240.000000
2020-12-15,6443.500000,6443.500000,6443.500000,6443.500000,11834263261.000000
2020-12-16,6454.920000,6454.920000,6454.920000,6454.920000,10677896797.000000
2020-12-17,6537.850000,6537.850000,6537.850000,6537.850000,13338547860.000000
2020-12-18,6515.040000,6515.040000,6515.040000,6515.040000,12804961792.000000
2020-12-21,6576.110000,6576.110000,6576.110000,6576.110000,14081178186.000000
2020-12-22,6469.180000,6469.180000,6469.180000,6469.180000,16234497048.000000
2020-12-23,6524.360000,6524.360000,6524.360000,6524.360000,14029281875.000000
2020-12-24,6515.100000,6515.100000,6515.100000,6515.100000,11441866676.000000
2020-12-25,6569.820000,6569.820000,6569.820000,6569.820000,12100697927.000000
2020-12-28,6599.010000,6599.010000,6599.010000,6599.010000,13691440674.000000
2020-12-29,6571.030000,6571.030000,6571.030000,6571.030000,14119866227.000000
2020-12-30,6663.250000,6663.250000,6663.250000,6663.250000,14862644831.000000
2020-12-31,6790.390000,6790.390000,6790.390000,6790.390000,17160250890.000000
2021-01-04,6863.920000,6863.920000,6863.920000,6863.920000,21171138244.000000
2021-01-05,6995.250000,6995.250000,6995.250000,6995.250000,22493115927.000000
2021-01-06,7059.310000,7059.310000,7059.310000,7059.310000,19377344444.000000
2021-01-07,7184.380000,7184.380000,7184.380000,7184.380000,21987208039.000000
2021-01-08,7160.630000,7160.630000,7160.630000,7160.630000,20432495646.000000
2021-01-11,7089.920000,7089.920000,7089.920000,7089.920000,23183598265.000000
2021-01-12,7292.140000,7292.140000,7292.140000,7292.140000,22422018556.000000
2021-01-13,7268.180000,7268.180000,7268.180000,7268.180000,26156988560.000000
2021-01-14,7128.090000,7128.090000,7128.090000,7128.090000,24368338030.000000
2021-01-15,7111.970000,7111.970000,7111.970000,7111.970000,23863743452.000000
2021-01-18,7190.720000,7190.720000,7190.720000,7190.720000,20705186868.000000
2021-01-19,7085.180000,7085.180000,7085.180000,7085.180000,21104342491.000000
2021-01-20,7135.880000,7135.880000,7135.880000,7135.880000,17091325955.000000
2021-01-21,7251.240000,7251.240000,7251.240000,7251.240000,20995019748.000000
2021-01-22,7257.510000,7257.510000,7257.510000,7257.510000,19930002005.000000
2021-01-25,7330.670000,7330.670000,7330.670000,7330.670000,19704701853.000000
2021-01-26,7183.480000,7183.480000,7183.480000,7183.480000,17190459021.000000
2021-01-27,7203.080000,7203.080000,7203.080000,7203.080000,16019084126.000000
2021-01-28,7006.500000,7006.500000,7006.500000,7006.500000,17048558492.000000
2021-01-29,6973.690000,6973.690000,6973.690000,6973.690000,18217878415.000000
2021-02-01,7059.280000,7059.280000,7059.280000,7059.280000,16631370633.000000
2021-02-02,7168.010000,7168.010000,7168.010000,7168.010000,16521056460.000000
2021-02-03,7147.300000,7147.300000,7147.300000,7147.300000,18805431687.000000
2021-02-04,7132.640000,7132.640000,7132.640000,7132.640000,18057565373.000000
2021-02-05,7144.980000,7144.980000,7144.980000,7144.980000,18969959799.000000
2021-02-08,7250.710000,7250.710000,7250.710000,7250.710000,16403377513.000000
2021-02-09,7409.270000,7409.270000,7409.270000,7409.270000,16488725958.000000
2021-02-10,7567.550000,7567.550000,7567.550000,7567.550000,17016978586.000000
2021-02-18,7516.290000,7516.290000,7516.290000,7516.290000,21884868635.000000
2021-02-19,7529.920000,7529.920000,7529.920000,7529.920000,21447578038.000000
2021-02-22,7293.410000,7293.410000,7293.410000,7293.410000,28212438216.000000
2021-02-23,7270.400000,7270.400000,7270.400000,7270.400000,23380772689.000000
2021-02-24,7085.240000,7085.240000,7085.240000,7085.240000,22542860986.000000
2021-02-25,7126.920000,7126.920000,7126.920000,7126.920000,23073602798.000000
2021-02-26,6953.880000,6953.880000,6953.880000,6953.880000,21226454326.000000
2021-03-01,7060.760000,7060.760000,7060.760000,7060.760000,17746352268.000000
2021-03-02,6970.650000,6970.650000,6970.650000,6970.650000,19651111481.000000
2021-03-03,7104.320000,7104.320000,7104.320000,7104.320000,19470905446.000000
2021-03-04,6880.840000,6880.840000,6880.840000,6880.840000,21277521108.000000
2021-03-05,6857.510000,6857.510000,6857.510000,6857.510000,20262795587.000000
2021-03-08,6619.350000,6619.350000,6619.350000,6619.350000,23023163526.000000
2021-03-09,6477.410000,6477.410000,6477.410000,6477.410000,23071100405.000000
2021-03-10,6519.900000,6519.900000,6519.900000,6519.900000,16992848957.000000
2021-03-11,6682.270000,6682.270000,6682.270000,6682.270000,18960076566.000000
2021-03-12,6705.930000,6705.930000,6705.930000,6705.930000,20102058876.000000
2021-03-15,6561.510000,6561.510000,6561.510000,6561.510000,20415308444.000000
2021-03-16,6618.610000,6618.610000,6618.610000,6618.610000,16139005447.000000
2021-03-17,6646.620000,6646.620000,6646.620000,6646.620000,14916237576.000000
2021-03-18,6699.920000,6699.920000,6699.920000,6699.920000,14290151780.000000
2021-03-19,6524.430000,6524.430000,6524.430000,6524.430000,16417484945.000000
2021-03-22,6589.670000,6589.670000,6589.670000,6589.670000,16740263205.000000
2021-03-23,6527.240000,6527.240000,6527.240000,6527.240000,15801396721.000000
2021-03-24,6422.270000,6422.270000,6422.270000,6422.270000,15938598169.000000
2021-03-25,6419.220000,6419.220000,6419.220000,6419.220000,13294518877.000000
2021-03-26,6564.700000,6564.700000,6564.700000,6564.700000,14592669749.000000
2021-03-29,6576.280000,6576.280000,6576.280000,6576.280000,14338821454.000000
2021-03-30,6638.630000,6638.630000,6638.630000,6638.630000,13861856003.000000
2021-03-31,6578.300000,6578.300000,6578.300000,6578.300000,14133574316.000000
2021-04-01,6659.880000,6659.880000,6659.880000,6659.880000,12032489020.000000
2021-04-02,6726.050000,6726.050000,6726.050000,6726.050000,12700225363.000000
2021-04-06,6698.400000,6698.400000,6698.400000,6698.400000,10983420977.000000
2021-04-07,6650.710000,6650.710000,6650.710000,6650.710000,14576374802.000000
2021-04-08,6661.740000,6661.740000,6661.740000,6661.740000,14177104664.000000
2021-04-09,6561.570000,6561.570000,6561.570000,6561.570000,12841650901.000000
2021-04-12,6447.430000,6447.430000,6447.430000,6447.430000,15264431373.000000
2021-04-13,6436.870000,6436.870000,6436.870000,6436.870000,13291935760.000000
2021-04-14,6490.280000,6490.280000,6490.280000,6490.280000,12086083787.000000
2021-04-15,6449.030000,6449.030000,6449.030000,6449.030000,10882938377.000000
2021-04-16,6471.460000,6471.460000,6471.460000,6471.460000,11123992379.000000
2021-04-19,6628.920000,6628.920000,6628.920000,6628.920000,15476982407.000000
2021-04-20,6624.370000,6624.370000,6624.370000,6624.370000,13654169967.000000
2021-04-21,6644.410000,6644.410000,6644.410000,6644.410000,12463727732.000000
2021-04-22,6637.230000,6637.230000,6637.230000,6637.230000,12116764517.000000
2021-04-23,6697.490000,6697.490000,6697.490000,6697.490000,12205699057.000000
2021-04-26,6622.270000,6622.270000,6622.270000,6622.270000,15138196724.000000
2021-04-27,6639.590000,6639.590000,6639.590000,6639.590000,12396183720.000000
2021-04-28,6677.050000,6677.050000,6677.050000,6677.050000,12062031829.000000
2021-04-29,6735.650000,6735.650000,6735.650000,6735.650000,14009248029.000000
2021-04-30,6682.750000,6682.750000,6682.750000,6682.750000,16012162080.000000
2021-05-06,6601.410000,6601.410000,6601.410000,6601.410000,15882263022.000000
2021-05-07,6516.590000,6516.590000,6516.590000,6516.590000,17225832138.000000
2021-05-10,6512.030000,6512.030000,6512.030000,6512.030000,17082058469.000000
2021-05-11,6552.030000,6552.030000,6552.030000,6552.030000,15152649701.000000
2021-05-12,6580.480000,6580.480000,6580.480000,6580.480000,12661908626.000000
2021-05-13,6513.260000,6513.260000,6513.260000,6513.260000,13227940600.000000
2021-05-14,6667.310000,6667.310000,6667.310000,6667.310000,15942617996.000000
2021-05-17,6765.260000,6765.260000,6765.260000,6765.260000,15388963372.000000
2021-05-18,6768.680000,6768.680000,6768.680000,6768.680000,11840426085.000000
2021-05-19,6749.670000,6749.670000,6749.670000,6749.670000,11872998345.000000
2021-05-20,6768.420000,6768.420000,6768.420000,6768.420000,13845477500.000000
2021-05-21,6701.610000,6701.610000,6701.610000,6701.610000,12476848480.000000
2021-05-24,6729.620000,6729.620000,6729.620000,6729.620000,12674233620.000000
2021-05-25,6942.320000,6942.320000,6942.320000,6942.320000,18299683946.000000
2021-05-26,6945.190000,6945.190000,6945.190000,6945.190000,16960709608.000000
2021-05-27,6968.400000,6968.400000,6968.400000,6968.400000,14846285455.000000
2021-05-28,6947.260000,6947.260000,6947.260000,6947.260000,16460580615.000000
2021-05-31,6961.770000,6961.770000,6961.770000,6961.770000,14460326864.000000
2021-06-01,6975.500000,6975.500000,6975.500000,6975.500000,14383147426.000000
2021-06-02,6910.750000,6910.750000,6910.750000,6910.750000,13775431905.000000
2021-06-03,6866.660000,6866.660000,6866.660000,6866.660000,14196887789.000000
2021-06-04,6905.410000,6905.410000,6905.410000,6905.410000,14473208696.000000
2021-06-07,6900.240000,6900.240000,6900.240000,6900.240000,12770497127.000000
2021-06-08,6841.140000,6841.140000,6841.140000,6841.140000,13055953156.000000
2021-06-09,6848.020000,6848.020000,6848.020000,6848.020000,12182032101.000000
2021-06-10,6894.270000,6894.270000,6894.270000,6894.270000,13899196711.000000
2021-06-11,6835.590000,6835.590000,6835.590000,6835.590000,18080717323.000000
2021-06-15,6759.650000,6759.650000,6759.650000,6759.650000,14288005756.000000
2021-06-16,6648.220000,6648.220000,6648.220000,6648.220000,12514798485.000000
2021-06-17,6680.610000,6680.610000,6680.610000,6680.610000,12045251819.000000
2021-06-18,6683.800000,6683.800000,6683.800000,6683.800000,14858580499.000000
2021-06-21,6668.100000,6668.100000,6668.100000,6668.100000,13218451615.000000
2021-06-22,6710.150000,6710.150000,6710.150000,6710.150000,13041675275.000000
2021-06-23,6743.920000,6743.920000,6743.920000,6743.920000,13635605816.000000
2021-06-24,6756.920000,6756.920000,6756.920000,6756.920000,12668562493.000000
2021-06-25,6871.850000,6871.850000,6871.850000,6871.850000,15493106133.000000
2021-06-28,6887.630000,6887.630000,6887.630000,6887.630000,13319378309.000000
2021-06-29,6811.750000,6811.750000,6811.750000,6811.750000,12516299682.000000
2021-06-30,6859.060000,6859.060000,6859.060000,6859.060000,10375267122.000000
2021-07-01,6867.000000,6867.000000,6867.000000,6867.000000,12724062039.000000
2021-07-02,6672.110000,6672.110000,6672.110000,6672.110000,13042642392.000000
2021-07-05,6678.400000,6678.400000,6678.400000,6678.400000,13121158901.000000
2021-07-06,6679.830000,6679.830000,6679.830000,6679.830000,14065522041.000000
2021-07-07,6757.160000,6757.160000,6757.160000,6757.160000,14854905981.000000
2021-07-08,6690.490000,6690.490000,6690.490000,6690.490000,17390100823.000000
2021-07-09,6671.810000,6671.810000,6671.810000,6671.810000,16065322611.000000
2021-07-12,6757.030000,6757.030000,6757.030000,6757.030000,20621203914.000000
2021-07-13,6777.870000,6777.870000,6777.870000,6777.870000,16648220868.000000
2021-07-14,6700.340000,6700.340000,6700.340000,6700.340000,18835271971.000000
2021-07-15,6792.090000,6792.090000,6792.090000,6792.090000,18107710278.000000
2021-07-16,6722.110000,6722.110000,6722.110000,6722.110000,16995598249.000000
2021-07-19,6747.160000,6747.160000,6747.160000,6747.160000,15319958932.000000
2021-07-20,6741.740000,6741.740000,6741.740000,6741.740000,12930004407.000000
2021-07-21,6790.980000,6790.980000,6790.980000,6790.980000,16797646920.000000
2021-07-22,6801.890000,6801.890000,6801.890000,6801.890000,18555686395.000000
2021-07-23,6719.810000,6719.810000,6719.810000,6719.810000,21653684718.000000
2021-07-26,6503.350000,6503.350000,6503.350000,6503.350000,22811170952.000000
2021-07-27,6273.910000,6273.910000,6273.910000,6273.910000,23663122537.000000
2021-07-28,6286.780000,6286.780000,6286.780000,6286.780000,19263439333.000000
2021-07-29,6407.100000,6407.100000,6407.100000,6407.100000,17332205435.000000
2021-07-30,6357.650000,6357.650000,6357.650000,6357.650000,18234977617.000000
2021-08-02,6519.610000,6519.610000,6519.610000,6519.610000,22719491758.000000
2021-08-03,6520.570000,6520.570000,6520.570000,6520.570000,20353336030.000000
2021-08-04,6579.570000,6579.570000,6579.570000,6579.570000,17546646063.000000
2021-08-05,6539.880000,6539.880000,6539.880000,6539.880000,16738182906.000000
2021-08-06,6505.270000,6505.270000,6505.270000,6505.270000,15417968784.000000
2021-08-09,6589.970000,6589.970000,6589.970000,6589.970000,18243687130.000000
2021-08-10,6666.180000,6666.180000,6666.180000,6666.180000,16705190178.000000
2021-08-11,6629.440000,6629.440000,6629.440000,6629.440000,18226607435.000000
2021-08-12,6573.990000,6573.990000,6573.990000,6573.990000,16822373322.000000
2021-08-13,6538.520000,6538.520000,6538.520000,6538.520000,15831432121.000000
2021-08-16,6533.720000,6533.720000,6533.720000,6533.720000,16195337313.000000
2021-08-17,6396.860000,6396.860000,6396.860000,6396.860000,18757347222.000000
2021-08-18,6472.360000,6472.360000,6472.360000,6472.360000,19747437837.000000
2021-08-19,6430.050000,6430.050000,6430.050000,6430.050000,20171171877.000000
2021-08-20,6309.780000,6309.780000,6309.780000,6309.780000,17763581044.000000
2021-08-23,6402.750000,6402.750000,6402.750000,6402.750000,16757909292.000000
2021-08-24,6472.270000,6472.270000,6472.270000,6472.270000,19788316300.000000
2021-08-25,6488.280000,6488.280000,6488.280000,6488.280000,18944801582.000000
2021-08-26,6360.390000,6360.390000,6360.390000,6360.390000,19761738694.000000
2021-08-27,6394.450000,6394.450000,6394.450000,6394.450000,18331021112.000000
2021-08-30,6376.200000,6376.200000,6376.200000,6376.200000,21963575703.000000
2021-08-31,6366.060000,6366.060000,6366.060000,6366.060000,23511865822.000000
2021-09-01,6450.640000,6450.640000,6450.640000,6450.640000,32672107975.000000
2021-09-02,6450.570000,6450.570000,6450.570000,6450.570000,26785801341.000000
2021-09-03,6415.670000,6415.670000,6415.670000,6415.670000,26809189609.000000
2021-09-06,6535.770000,6535.770000,6535.770000,6535.770000,24050724472.000000
2021-09-07,6614.070000,6614.070000,6614.070000,6614.070000,24417851928.000000
2021-09-08,6586.650000,6586.650000,6586.650000,6586.650000,26461531453.000000
2021-09-09,6583.840000,6583.840000,6583.840000,6583.840000,25653021720.000000
2021-09-10,6641.480000,6641.480000,6641.480000,6641.480000,28830435219.000000
2021-09-13,6612.520000,6612.520000,6612.520000,6612.520000,24991529785.000000
2021-09-14,6513.830000,6513.830000,6513.830000,6513.830000,24559040189.000000
2021-09-15,6447.800000,6447.800000,6447.800000,6447.800000,18798473021.000000
2021-09-16,6368.820000,6368.820000,6368.820000,6368.820000,21675209864.000000
2021-09-17,6433.840000,6433.840000,6433.840000,6433.840000,20195812747.000000
2021-09-22,6388.600000,6388.600000,6388.600000,6388.600000,19122037591.000000
2021-09-23,6430.240000,6430.240000,6430.240000,6430.240000,22815106379.000000
2021-09-24,6425.250000,6425.250000,6425.250000,6425.250000,20769329016.000000
2021-09-27,6462.270000,6462.270000,6462.270000,6462.270000,21596702991.000000
2021-09-28,6470.830000,6470.830000,6470.830000,6470.830000,17689088035.000000
2021-09-29,6404.750000,6404.750000,6404.750000,6404.750000,18817136587.000000
2021-09-30,6447.750000,6447.750000,6447.750000,6447.750000,14611389573.000000
2021-10-08,6531.970000,6531.970000,6531.970000,6531.970000,16896807747.000000
2021-10-11,6540.250000,6540.250000,6540.250000,6540.250000,16351162373.000000
2021-10-12,6470.880000,6470.880000,6470.880000,6470.880000,16807933656.000000
2021-10-13,6545.440000,6545.440000,6545.440000,6545.440000,13114281274.000000
2021-10-14,6510.340000,6510.340000,6510.340000,6510.340000,11955701298.000000
2021-10-15,6535.840000,6535.840000,6535.840000,6535.840000,14282200066.000000
2021-10-18,6459.860000,6459.860000,6459.860000,6459.860000,14124519864.000000
2021-10-19,6523.400000,6523.400000,6523.400000,6523.400000,13526649334.000000
2021-10-20,6506.780000,6506.780000,6506.780000,6506.780000,14153318264.000000
2021-10-21,6530.530000,6530.530000,6530.530000,6530.530000,14889815444.000000
2021-10-22,6573.540000,6573.540000,6573.540000,6573.540000,14392622791.000000
2021-10-25,6602.850000,6602.850000,6602.850000,6602.850000,14186148992.000000
2021-10-26,6581.070000,6581.070000,6581.070000,6581.070000,14088894281.000000
2021-10-27,6494.970000,6494.970000,6494.970000,6494.970000,14711159332.000000
2021-10-28,6449.850000,6449.850000,6449.850000,6449.850000,15664947164.000000
2021-10-29,6509.030000,6509.030000,6509.030000,6509.030000,15988735349.000000
2021-11-01,6485.050000,6485.050000,6485.050000,6485.050000,17158397397.000000
2021-11-02,6417.630000,6417.630000,6417.630000,6417.630000,18543768769.000000
2021-11-03,6392.790000,6392.790000,6392.790000,6392.790000,14276381993.000000
2021-11-04,6455.950000,6455.950000,6455.950000,6455.950000,13259297003.000000
2021-11-05,6420.950000,6420.950000,6420.950000,6420.950000,14778935932.000000
2021-11-08,6428.690000,6428.690000,6428.690000,6428.690000,13739826421.000000
2021-11-09,6426.950000,6426.950000,6426.950000,6426.950000,11837552595.000000
2021-11-10,6393.060000,6393.060000,6393.060000,6393.060000,13511817892.000000
2021-11-11,6495.780000,6495.780000,6495.780000,6495.780000,16048486340.000000
2021-11-12,6482.150000,6482.150000,6482.150000,6482.150000,13266296854.000000
2021-11-15,6474.200000,6474.200000,6474.200000,6474.200000,12182314945.000000
2021-11-16,6475.450000,6475.450000,6475.450000,6475.450000,12725440557.000000
2021-11-17,6478.980000,6478.980000,6478.980000,6478.980000,10845922284.000000
2021-11-18,6415.210000,6415.210000,6415.210000,6415.210000,11448056451.000000
2021-11-19,6484.850000,6484.850000,6484.850000,6484.850000,12719831205.000000
2021-11-22,6514.470000,6514.470000,6514.470000,6514.470000,13809283619.000000
2021-11-23,6515.730000,6515.730000,6515.730000,6515.730000,15430441074.000000
2021-11-24,6520.120000,6520.120000,6520.120000,6520.120000,13715067347.000000
2021-11-25,6493.310000,6493.310000,6493.310000,6493.310000,11598403100.000000
2021-11-26,6445.150000,6445.150000,6445.150000,6445.150000,12036897432.000000
2021-11-29,6433.610000,6433.610000,6433.610000,6433.610000,13362686226.000000
2021-11-30,6407.890000,6407.890000,6407.890000,6407.890000,12963059597.000000
2021-12-01,6423.570000,6423.570000,6423.570000,6423.570000,12308678854.000000
2021-12-02,6439.900000,6439.900000,6439.900000,6439.900000,14808852130.000000
2021-12-03,6499.380000,6499.380000,6499.380000,6499.380000,14405962607.000000
2021-12-06,6488.250000,6488.250000,6488.250000,6488.250000,17361568286.000000
2021-12-07,6527.340000,6527.340000,6527.340000,6527.340000,17905346042.000000
2021-12-08,6625.250000,6625.250000,6625.250000,6625.250000,15749055933.000000
2021-12-09,6735.010000,6735.010000,6735.010000,6735.010000,22056877600.000000
2021-12-10,6703.750000,6703.750000,6703.750000,6703.750000,19369515394.000000
2021-12-13,6741.790000,6741.790000,6741.790000,6741.790000,21180159611.000000
2021-12-14,6696.560000,6696.560000,6696.560000,6696.560000,15910779046.000000
2021-12-15,6638.480000,6638.480000,6638.480000,6638.480000,15052975184.000000
2021-12-16,6676.720000,6676.720000,6676.720000,6676.720000,14405386709.000000
2021-12-17,6570.670000,6570.670000,6570.670000,6570.670000,14900539861.000000
2021-12-20,6472.080000,6472.080000,6472.080000,6472.080000,16967569018.000000
2021-12-21,6515.930000,6515.930000,6515.930000,6515.930000,14333989794.000000
2021-12-22,6517.220000,6517.220000,6517.220000,6517.220000,13325673998.000000
2021-12-23,6562.680000,6562.680000,6562.680000,6562.680000,13955540638.000000
2021-12-24,6526.350000,6526.350000,6526.350000,6526.350000,14267332338.000000
2021-12-27,6523.670000,6523.670000,6523.670000,6523.670000,12410095234.000000
2021-12-28,6572.260000,6572.260000,6572.260000,6572.260000,13045775702.000000
2021-12-29,6476.140000,6476.140000,6476.140000,6476.140000,11358700167.000000
2021-12-30,6526.570000,6526.570000,6526.570000,6526.570000,12161717788.000000
2021-12-31,6551.590000,6551.590000,6551.590000,6551.590000,12131373699.000000
2022-01-04,6521.610000,6521.610000,6521.610000,6521.610000,15153477604.000000
2022-01-05,6455.770000,6455.770000,6455.770000,6455.770000,17881609971.000000
2022-01-06,6389.610000,6389.610000,6389.610000,6389.610000,15766582646.000000
2022-01-07,6395.100000,6395.100000,6395.100000,6395.100000,18713941309.000000
2022-01-10,6423.840000,6423.840000,6423.840000,6423.840000,15621169633.000000
2022-01-11,6362.480000,6362.480000,6362.480000,6362.480000,14692800429.000000
2022-01-12,6425.880000,6425.880000,6425.880000,6425.880000,14320020372.000000
2022-01-13,6320.240000,6320.240000,6320.240000,6320.240000,14251965339.000000
2022-01-14,6268.270000,6268.270000,6268.270000,6268.270000,14686312606.000000
2022-01-17,6322.040000,6322.040000,6322.040000,6322.040000,11529569080.000000
2022-01-18,6383.130000,6383.130000,6383.130000,6383.130000,15087080227.000000
2022-01-19,6339.410000,6339.410000,6339.410000,6339.410000,13392735952.000000
2022-01-20,6396.610000,6396.610000,6396.610000,6396.610000,16497131457.000000
2022-01-21,6338.000000,6338.000000,6338.000000,6338.000000,13895258507.000000
2022-01-24,6347.850000,6347.850000,6347.850000,6347.850000,11446388020.000000
2022-01-25,6204.240000,6204.240000,6204.240000,6204.240000,13366758554.000000
2022-01-26,6249.150000,6249.150000,6249.150000,6249.150000,10707084219.000000
2022-01-27,6126.570000,6126.570000,6126.570000,6126.570000,12126380400.000000
2022-01-28,6052.160000,6052.160000,6052.160000,6052.160000,12648011248.000000
2022-02-07,6145.410000,6145.410000,6145.410000,6145.410000,14484971967.000000
2022-02-08,6111.840000,6111.840000,6111.840000,6111.840000,15583070835.000000
2022-02-09,6169.250000,6169.250000,6169.250000,6169.250000,14833554669.000000
2022-02-10,6153.070000,6153.070000,6153.070000,6153.070000,15157666643.000000
2022-02-11,6102.060000,6102.060000,6102.060000,6102.060000,15597458361.000000
2022-02-14,6036.140000,6036.140000,6036.140000,6036.140000,14367389426.000000
2022-02-15,6100.340000,6100.340000,6100.340000,6100.340000,11502559978.000000
2022-02-16,6124.060000,6124.060000,6124.060000,6124.060000,10725895486.000000
2022-02-17,6138.880000,6138.880000,6138.880000,6138.880000,11001464332.000000
2022-02-18,6168.150000,6168.150000,6168.150000,6168.150000,10455022767.000000
2022-02-21,6145.710000,6145.710000,6145.710000,6145.710000,11251651198.000000
2022-02-22,6065.930000,6065.930000,6065.930000,6065.930000,12331723741.000000
2022-02-23,6130.770000,6130.770000,6130.770000,6130.770000,12295291574.000000
2022-02-24,6006.470000,6006.470000,6006.470000,6006.470000,18440305837.000000
2022-02-25,6064.960000,6064.960000,6064.960000,6064.960000,14972258292.000000
2022-02-28,6075.870000,6075.870000,6075.870000,6075.870000,13540697809.000000
2022-03-01,6126.310000,6126.310000,6126.310000,6126.310000,12313921988.000000
2022-03-02,6071.830000,6071.830000,6071.830000,6071.830000,11329832467.000000
2022-03-03,6036.060000,6036.060000,6036.060000,6036.060000,13828587654.000000
2022-03-04,5962.860000,5962.860000,5962.860000,5962.860000,12726680552.000000
2022-03-07,5772.360000,5772.360000,5772.360000,5772.360000,16219770581.000000
2022-03-08,5656.470000,5656.470000,5656.470000,5656.470000,16786327711.000000
2022-03-09,5604.690000,5604.690000,5604.690000,5604.690000,19423290002.000000
2022-03-10,5692.870000,5692.870000,5692.870000,5692.870000,14526638273.000000
2022-03-11,5711.020000,5711.020000,5711.020000,5711.020000,15239992119.000000
2022-03-14,5536.280000,5536.280000,5536.280000,5536.280000,13018723551.000000
2022-03-15,5283.060000,5283.060000,5283.060000,5283.060000,20252469891.000000
2022-03-16,5511.510000,5511.510000,5511.510000,5511.510000,19602198192.000000
2022-03-17,5619.740000,5619.740000,5619.740000,5619.740000,17940734406.000000
2022-03-18,5657.150000,5657.150000,5657.150000,5657.150000,14945830514.000000
2022-03-21,5647.660000,5647.660000,5647.660000,5647.660000,12703636010.000000
2022-03-22,5643.080000,5643.080000,5643.080000,5643.080000,12638246980.000000
2022-03-23,5671.230000,5671.230000,5671.230000,5671.230000,11708907774.000000
2022-03-24,5637.790000,5637.790000,5637.790000,5637.790000,10891827224.000000
2022-03-25,5536.040000,5536.040000,5536.040000,5536.040000,10880804583.000000
2022-03-28,5501.410000,5501.410000,5501.410000,5501.410000,11844902067.000000
2022-03-29,5482.420000,5482.420000,5482.420000,5482.420000,10026697205.000000
2022-03-30,5641.610000,5641.610000,5641.610000,5641.610000,13834602355.000000
2022-03-31,5599.840000,5599.840000,5599.840000,5599.840000,13402918490.000000
2022-04-01,5670.870000,5670.870000,5670.870000,5670.870000,13380305293.000000
2022-04-06,5654.550000,5654.550000,5654.550000,5654.550000,15906219494.000000
2022-04-07,5581.960000,5581.960000,5581.960000,5581.960000,13488035310.000000
2022-04-08,5612.010000,5612.010000,5612.010000,5612.010000,14284379348.000000
2022-04-11,5438.640000,5438.640000,5438.640000,5438.640000,14819707063.000000
2022-04-12,5544.630000,5544.630000,5544.630000,5544.630000,14428568373.000000
2022-04-13,5491.490000,5491.490000,5491.490000,5491.490000,12509748921.000000
2022-04-14,5560.250000,5560.250000,5560.250000,5560.250000,12479131596.000000
2022-04-15,5556.510000,5556.510000,5556.510000,5556.510000,12476226331.000000
2022-04-18,5526.900000,5526.900000,5526.900000,5526.900000,11750461017.000000
2022-04-19,5485.130000,5485.130000,5485.130000,5485.130000,11021747111.000000
2022-04-20,5400.300000,5400.300000,5400.300000,5400.300000,11733165773.000000
2022-04-21,5300.870000,5300.870000,5300.870000,5300.870000,13278382815.000000
2022-04-22,5323.980000,5323.980000,5323.980000,5323.980000,12210181063.000000
2022-04-25,5060.860000,5060.860000,5060.860000,5060.860000,16836450195.000000
2022-04-26,5020.030000,5020.030000,5020.030000,5020.030000,15757761065.000000
2022-04-27,5167.830000,5167.830000,5167.830000,5167.830000,17273404550.000000
2022-04-28,5201.750000,5201.750000,5201.750000,5201.750000,15305658597.000000
2022-04-29,5330.210000,5330.210000,5330.210000,5330.210000,17945837688.000000
2022-05-05,5322.450000,5322.450000,5322.450000,5322.450000,15417071641.000000
2022-05-06,5187.900000,5187.900000,5187.900000,5187.900000,12300555099.000000
2022-05-09,5146.360000,5146.360000,5146.360000,5146.360000,9293669446.000000
2022-05-10,5203.050000,5203.050000,5203.050000,5203.050000,13641691842.000000
2022-05-11,5278.250000,5278.250000,5278.250000,5278.250000,16563225565.000000
2022-05-12,5254.960000,5254.960000,5254.960000,5254.960000,11337606585.000000
2022-05-13,5294.600000,5294.600000,5294.600000,5294.600000,10996835680.000000
2022-05-16,5252.530000,5252.530000,5252.530000,5252.530000,11242529422.000000
2022-05-17,5318.050000,5318.050000,5318.050000,5318.050000,10966145397.000000
2022-05-18,5299.480000,5299.480000,5299.480000,5299.480000,10807423347.000000
2022-05-19,5310.700000,5310.700000,5310.700000,5310.700000,11629342009.000000
2022-05-20,5414.340000,5414.340000,5414.340000,5414.340000,14706917347.000000
2022-05-23,5382.980000,5382.980000,5382.980000,5382.980000,13047781036.000000
2022-05-24,5257.210000,5257.210000,5257.210000,5257.210000,14555433618.000000
2022-05-25,5289.470000,5289.470000,5289.470000,5289.470000,10773401542.000000
2022-05-26,5306.590000,5306.590000,5306.590000,5306.590000,12626368873.000000
2022-05-27,5317.800000,5317.800000,5317.800000,5317.800000,11276933699.000000
2022-05-30,5357.320000,5357.320000,5357.320000,5357.320000,11115224068.000000
2022-05-31,5440.860000,5440.860000,5440.860000,5440.860000,13541551324.000000
2022-06-01,5432.100000,5432.100000,5432.100000,5432.100000,11485087932.000000
2022-06-02,5444.170000,5444.170000,5444.170000,5444.170000,11389363775.000000
2022-06-06,5546.510000,5546.510000,5546.510000,5546.510000,16787101115.000000
2022-06-07,5564.110000,5564.110000,5564.110000,5564.110000,14299288138.000000
2022-06-08,5619.680000,5619.680000,5619.680000,5619.680000,15737405742.000000
2022-06-09,5561.980000,5561.980000,5561.980000,5561.980000,16844915363.000000
2022-06-10,5649.510000,5649.510000,5649.510000,5649.510000,18479621380.000000
2022-06-13,5583.820000,5583.820000,5583.820000,5583.820000,16847562210.000000
2022-06-14,5627.790000,5627.790000,5627.790000,5627.790000,17138590388.000000
2022-06-15,5702.500000,5702.500000,5702.500000,5702.500000,25704659007.000000
2022-06-16,5669.770000,5669.770000,5669.770000,5669.770000,18407441648.000000
2022-06-17,5749.640000,5749.640000,5749.640000,5749.640000,15864909770.000000
2022-06-20,5783.090000,5783.090000,5783.090000,5783.090000,16566638193.000000
2022-06-21,5779.800000,5779.800000,5779.800000,5779.800000,16466761529.000000
2022-06-22,5707.650000,5707.650000,5707.650000,5707.650000,15856585390.000000
2022-06-23,5806.630000,5806.630000,5806.630000,5806.630000,17088236045.000000
2022-06-24,5876.260000,5876.260000,5876.260000,5876.260000,16897219897.000000
2022-06-27,5942.860000,5942.860000,5942.860000,5942.860000,17738567619.000000
2022-06-28,6005.550000,6005.550000,6005.550000,6005.550000,17475648925.000000
2022-06-29,5916.520000,5916.520000,5916.520000,5916.520000,18727668817.000000
2022-06-30,6008.250000,6008.250000,6008.250000,6008.250000,15666628893.000000
2022-07-01,5983.740000,5983.740000,5983.740000,5983.740000,14477959902.000000
2022-07-04,6023.080000,6023.080000,6023.080000,6023.080000,14634565110.000000
2022-07-05,6014.580000,6014.580000,6014.580000,6014.580000,15496241519.000000
2022-07-06,5927.940000,5927.940000,5927.940000,5927.940000,14980023547.000000
2022-07-07,5955.840000,5955.840000,5955.840000,5955.840000,13266090599.000000
2022-07-08,5940.220000,5940.220000,5940.220000,5940.220000,12319573915.000000
2022-07-11,5844.160000,5844.160000,5844.160000,5844.160000,13444857802.000000
2022-07-12,5796.110000,5796.110000,5796.110000,5796.110000,13018783772.000000
2022-07-13,5807.570000,5807.570000,5807.570000,5807.570000,13111317916.000000
2022-07-14,5809.350000,5809.350000,5809.350000,5809.350000,14525092610.000000
2022-07-15,5724.220000,5724.220000,5724.220000,5724.220000,15021445329.000000
2022-07-18,5783.670000,5783.670000,5783.670000,5783.670000,12260119201.000000
2022-07-19,5752.590000,5752.590000,5752.590000,5752.590000,10380573014.000000
2022-07-20,5772.120000,5772.120000,5772.120000,5772.120000,9449014360.000000
2022-07-21,5711.850000,5711.850000,5711.850000,5711.850000,11715634390.000000
2022-07-22,5715.430000,5715.430000,5715.430000,5715.430000,10384062428.000000
2022-07-25,5681.290000,5681.290000,5681.290000,5681.290000,8363666391.000000
2022-07-26,5726.740000,5726.740000,5726.740000,5726.740000,8582327414.000000
2022-07-27,5698.490000,5698.490000,5698.490000,5698.490000,7890494028.000000
2022-07-28,5700.540000,5700.540000,5700.540000,5700.540000,10753192991.000000
2022-07-29,5627.260000,5627.260000,5627.260000,5627.260000,11417928576.000000
2022-08-01,5652.330000,5652.330000,5652.330000,5652.330000,10774902884.000000
2022-08-02,5542.140000,5542.140000,5542.140000,5542.140000,14222442464.000000
2022-08-03,5488.470000,5488.470000,5488.470000,5488.470000,11666612427.000000
2022-08-04,5535.160000,5535.160000,5535.160000,5535.160000,8953264385.000000
2022-08-05,5614.420000,5614.420000,5614.420000,5614.420000,10257100364.000000
2022-08-08,5603.100000,5603.100000,5603.100000,5603.100000,9020813817.000000
2022-08-09,5614.200000,5614.200000,5614.200000,5614.200000,8413695853.000000
2022-08-10,5551.660000,5551.660000,5551.660000,5551.660000,8556583904.000000
2022-08-11,5664.870000,5664.870000,5664.870000,5664.870000,12138505122.000000
2022-08-12,5662.270000,5662.270000,5662.270000,5662.270000,10680829508.000000
2022-08-15,5655.080000,5655.080000,5655.080000,5655.080000,10589849514.000000
2022-08-16,5644.550000,5644.550000,5644.550000,5644.550000,9390613910.000000
2022-08-17,5697.400000,5697.400000,5697.400000,5697.400000,11286465888.000000
2022-08-18,5647.840000,5647.840000,5647.840000,5647.840000,10105264973.000000
2022-08-19,5609.190000,5609.190000,5609.190000,5609.190000,11740297826.000000
2022-08-22,5650.170000,5650.170000,5650.170000,5650.170000,11244272010.000000
2022-08-23,5623.710000,5623.710000,5623.710000,5623.710000,10315351208.000000
2022-08-24,5517.440000,5517.440000,5517.440000,5517.440000,11906967858.000000
2022-08-25,5565.110000,5565.110000,5565.110000,5565.110000,11132074493.000000
2022-08-26,5555.920000,5555.920000,5555.920000,5555.920000,9900049294.000000
2022-08-29,5531.540000,5531.540000,5531.540000,5531.540000,9435443233.000000
2022-08-30,5512.970000,5512.970000,5512.970000,5512.970000,9330166191.000000
2022-08-31,5517.090000,5517.090000,5517.090000,5517.090000,13244976481.000000
2022-09-01,5469.610000,5469.610000,5469.610000,5469.610000,9738707113.000000
2022-09-02,5442.390000,5442.390000,5442.390000,5442.390000,8678927771.000000
2022-09-05,5431.320000,5431.320000,5431.320000,5431.320000,9376710937.000000
2022-09-06,5481.410000,5481.410000,5481.410000,5481.410000,11350626459.000000
2022-09-07,5485.070000,5485.070000,5485.070000,5485.070000,10767805894.000000
2022-09-08,5461.860000,5461.860000,5461.860000,5461.860000,10088604914.000000
2022-09-09,5537.750000,5537.750000,5537.750000,5537.750000,11842711369.000000
2022-09-13,5561.190000,5561.190000,5561.190000,5561.190000,11178973700.000000
2022-09-14,5499.300000,5499.300000,5499.300000,5499.300000,9079368060.000000
2022-09-15,5447.860000,5447.860000,5447.860000,5447.860000,12395119560.000000
2022-09-16,5320.110000,5320.110000,5320.110000,5320.110000,13719365475.000000
2022-09-19,5314.390000,5314.390000,5314.390000,5314.390000,9771957525.000000
2022-09-20,5321.500000,5321.500000,5321.500000,5321.500000,8482413427.000000
2022-09-21,5282.120000,5282.120000,5282.120000,5282.120000,8645839100.000000
2022-09-22,5235.680000,5235.680000,5235.680000,5235.680000,8094691932.000000
2022-09-23,5217.650000,5217.650000,5217.650000,5217.650000,9434246164.000000
2022-09-26,5191.610000,5191.610000,5191.610000,5191.610000,10452603102.000000
2022-09-27,5266.870000,5266.870000,5266.870000,5266.870000,8886015995.000000
2022-09-28,5181.470000,5181.470000,5181.470000,5181.470000,8659221349.000000
2022-09-29,5179.350000,5179.350000,5179.350000,5179.350000,8565414228.000000
2022-09-30,5149.230000,5149.230000,5149.230000,5149.230000,7855996620.000000
2022-10-10,5035.620000,5035.620000,5035.620000,5035.620000,10264759482.000000
2022-10-11,5044.760000,5044.760000,5044.760000,5044.760000,8394462477.000000
2022-10-12,5121.380000,5121.380000,5121.380000,5121.380000,10808931910.000000
2022-10-13,5079.170000,5079.170000,5079.170000,5079.170000,9901891517.000000
2022-10-14,5200.700000,5200.700000,5200.700000,5200.700000,11624229301.000000
2022-10-17,5206.040000,5206.040000,5206.040000,5206.040000,10419201869.000000
2022-10-18,5195.020000,5195.020000,5195.020000,5195.020000,8834690710.000000
2022-10-19,5111.460000,5111.460000,5111.460000,5111.460000,8157484415.000000
2022-10-20,5085.050000,5085.050000,5085.050000,5085.050000,9029089532.000000
2022-10-21,5068.890000,5068.890000,5068.890000,5068.890000,9875003786.000000
2022-10-24,4920.580000,4920.580000,4920.580000,4920.580000,13005686392.000000
2022-10-25,4912.560000,4912.560000,4912.560000,4912.560000,11095388218.000000
2022-10-26,4952.440000,4952.440000,4952.440000,4952.440000,12130154825.000000
2022-10-27,4917.560000,4917.560000,4917.560000,4917.560000,11799867463.000000
2022-10-28,4795.920000,4795.920000,4795.920000,4795.920000,11877216239.000000
2022-10-31,4751.830000,4751.830000,4751.830000,4751.830000,13846565528.000000
2022-11-01,4921.760000,4921.760000,4921.760000,4921.760000,14928669775.000000
2022-11-02,4980.850000,4980.850000,4980.850000,4980.850000,14159291870.000000
2022-11-03,4940.340000,4940.340000,4940.340000,4940.340000,11056603534.000000
2022-11-04,5101.880000,5101.880000,5101.880000,5101.880000,14973494891.000000
2022-11-07,5112.880000,5112.880000,5112.880000,5112.880000,12982637100.000000
2022-11-08,5077.710000,5077.710000,5077.710000,5077.710000,9901645130.000000
2022-11-09,5030.600000,5030.600000,5030.600000,5030.600000,8943452500.000000
2022-11-10,4991.890000,4991.890000,4991.890000,4991.890000,10350930202.000000
2022-11-11,5131.060000,5131.060000,5131.060000,5131.060000,18968558554.000000
2022-11-14,5138.610000,5138.610000,5138.610000,5138.610000,16966504801.000000
2022-11-15,5236.070000,5236.070000,5236.070000,5236.070000,15151564951.000000
2022-11-16,5193.290000,5193.290000,5193.290000,5193.290000,12061096434.000000
2022-11-17,5172.000000,5172.000000,5172.000000,5172.000000,10594063225.000000
2022-11-18,5148.920000,5148.920000,5148.920000,5148.920000,11507877652.000000
2022-11-21,5104.980000,5104.980000,5104.980000,5104.980000,9586696619.000000
2022-11-22,5105.590000,5105.590000,5105.590000,5105.590000,14448633377.000000
2022-11-23,5110.980000,5110.980000,5110.980000,5110.980000,14452791069.000000
2022-11-24,5088.330000,5088.330000,5088.330000,5088.330000,10107344693.000000
2022-11-25,5114.020000,5114.020000,5114.020000,5114.020000,14292971081.000000
2022-11-28,5056.560000,5056.560000,5056.560000,5056.560000,12782574765.000000
2022-11-29,5212.570000,5212.570000,5212.570000,5212.570000,17870139166.000000
2022-11-30,5218.820000,5218.820000,5218.820000,5218.820000,15751140025.000000
2022-12-01,5275.340000,5275.340000,5275.340000,5275.340000,16996458471.000000
2022-12-02,5243.080000,5243.080000,5243.080000,5243.080000,11678634967.000000
2022-12-05,5345.920000,5345.920000,5345.920000,5345.920000,20174722075.000000
2022-12-06,5374.860000,5374.860000,5374.860000,5374.860000,15510832312.000000
2022-12-07,5361.640000,5361.640000,5361.640000,5361.640000,14300135594.000000
2022-12-08,5362.640000,5362.640000,5362.640000,5362.640000,11519998581.000000
2022-12-09,5415.560000,5415.560000,5415.560000,5415.560000,15377495359.000000
2022-12-12,5354.870000,5354.870000,5354.870000,5354.870000,12593536848.000000
2022-12-13,5344.360000,5344.360000,5344.360000,5344.360000,10099410007.000000
2022-12-14,5360.440000,5360.440000,5360.440000,5360.440000,9852800634.000000
2022-12-15,5356.510000,5356.510000,5356.510000,5356.510000,8886472512.000000
2022-12-16,5359.540000,5359.540000,5359.540000,5359.540000,9317856715.000000
2022-12-19,5276.860000,5276.860000,5276.860000,5276.860000,10691907536.000000
2022-12-20,5189.840000,5189.840000,5189.840000,5189.840000,8309682192.000000
2022-12-21,5191.900000,5191.900000,5191.900000,5191.900000,6483921501.000000
2022-12-22,5199.340000,5199.340000,5199.340000,5199.340000,8370517289.000000
2022-12-23,5188.750000,5188.750000,5188.750000,5188.750000,6527814806.000000
2022-12-26,5209.800000,5209.800000,5209.800000,5209.800000,7300571235.000000
2022-12-27,5273.970000,5273.970000,5273.970000,5273.970000,7751534969.000000
2022-12-28,5251.470000,5251.470000,5251.470000,5251.470000,8442465574.000000
2022-12-29,5231.710000,5231.710000,5231.710000,5231.710000,7939481470.000000
2022-12-30,5251.970000,5251.970000,5251.970000,5251.970000,7877327247.000000
2023-01-03,5274.030000,5274.030000,5274.030000,5274.030000,11505187502.000000
2023-01-04,5280.880000,5280.880000,5280.880000,5280.880000,11066074277.000000
2023-01-05,5383.480000,5383.480000,5383.480000,5383.480000,11650239481.000000
2023-01-06,5400.170000,5400.170000,5400.170000,5400.170000,11095303796.000000
2023-01-09,5443.900000,5443.900000,5443.900000,5443.900000,11705442501.000000
2023-01-10,5449.800000,5449.800000,5449.800000,5449.800000,10175114051.000000
2023-01-11,5440.100000,5440.100000,5440.100000,5440.100000,9999788889.000000
2023-01-12,5450.740000,5450.740000,5450.740000,5450.740000,9055262657.000000
2023-01-13,5527.400000,5527.400000,5527.400000,5527.400000,9587189647.000000
2023-01-16,5613.660000,5613.660000,5613.660000,5613.660000,15139545462.000000
2023-01-17,5612.680000,5612.680000,5612.680000,5612.680000,9547904040.000000
2023-01-18,5603.280000,5603.280000,5603.280000,5603.280000,8420064531.000000
2023-01-19,5638.140000,5638.140000,5638.140000,5638.140000,9460839828.000000
2023-01-20,5672.760000,5672.760000,5672.760000,5672.760000,12355380946.000000
2023-01-30,5699.650000,5699.650000,5699.650000,5699.650000,16460706413.000000
2023-01-31,5639.290000,5639.290000,5639.290000,5639.290000,12455083466.000000
2023-02-01,5692.300000,5692.300000,5692.300000,5692.300000,14100895412.000000
2023-02-02,5672.250000,5672.250000,5672.250000,5672.250000,13382373579.000000
2023-02-03,5618.640000,5618.640000,5618.640000,5618.640000,11704122144.000000
2023-02-06,5544.360000,5544.360000,5544.360000,5544.360000,11019271659.000000
2023-02-07,5554.340000,5554.340000,5554.340000,5554.340000,9136007218.000000
2023-02-08,5529.790000,5529.790000,5529.790000,5529.790000,8478609924.000000
2023-02-09,5604.020000,5604.020000,5604.020000,5604.020000,10228996134.000000
2023-02-10,5570.720000,5570.720000,5570.720000,5570.720000,9671673330.000000
2023-02-13,5621.270000,5621.270000,5621.270000,5621.270000,12889257686.000000
2023-02-14,5623.600000,5623.600000,5623.600000,5623.600000,10249988997.000000
2023-02-15,5594.300000,5594.300000,5594.300000,5594.300000,12166450757.000000
2023-02-16,5553.320000,5553.320000,5553.320000,5553.320000,15931058546.000000
2023-02-17,5473.310000,5473.310000,5473.310000,5473.310000,11614258920.000000
2023-02-20,5607.590000,5607.590000,5607.590000,5607.590000,16179448126.000000
2023-02-21,5622.330000,5622.330000,5622.330000,5622.330000,14577617349.000000
2023-02-22,5571.590000,5571.590000,5571.590000,5571.590000,10429029528.000000
2023-02-23,5567.110000,5567.110000,5567.110000,5567.110000,10356490619.000000
2023-02-24,5509.310000,5509.310000,5509.310000,5509.310000,10098942506.000000
2023-02-27,5487.240000,5487.240000,5487.240000,5487.240000,9378763018.000000
2023-02-28,5522.000000,5522.000000,5522.000000,5522.000000,11032359112.000000
2023-03-01,5600.000000,5600.000000,5600.000000,5600.000000,15601579411.000000
2023-03-02,5587.510000,5587.510000,5587.510000,5587.510000,14821763683.000000
2023-03-03,5604.900000,5604.900000,5604.900000,5604.900000,16033174145.000000
2023-03-06,5575.670000,5575.670000,5575.670000,5575.670000,16297180677.000000
2023-03-07,5494.040000,5494.040000,5494.040000,5494.040000,19591206784.000000
2023-03-08,5474.030000,5474.030000,5474.030000,5474.030000,11793649290.000000
2023-03-09,5454.680000,5454.680000,5454.680000,5454.680000,11653962891.000000
2023-03-10,5383.150000,5383.150000,5383.150000,5383.150000,12385540903.000000
2023-03-13,5439.530000,5439.530000,5439.530000,5439.530000,14356137006.000000
2023-03-14,5406.980000,5406.980000,5406.980000,5406.980000,15054417390.000000
2023-03-15,5409.970000,5409.970000,5409.970000,5409.970000,14202600655.000000
2023-03-16,5345.180000,5345.180000,5345.180000,5345.180000,15251564406.000000
2023-03-17,5371.870000,5371.870000,5371.870000,5371.870000,17743381815.000000
2023-03-20,5345.080000,5345.080000,5345.080000,5345.080000,20526496968.000000
2023-03-21,5403.830000,5403.830000,5403.830000,5403.830000,14509067914.000000
2023-03-22,5426.990000,5426.990000,5426.990000,5426.990000,14922896967.000000
2023-03-23,5480.790000,5480.790000,5480.790000,5480.790000,15888742143.000000
2023-03-24,5464.450000,5464.450000,5464.450000,5464.450000,15944233002.000000
2023-03-27,5444.680000,5444.680000,5444.680000,5444.680000,16848227865.000000
2023-03-28,5427.090000,5427.090000,5427.090000,5427.090000,13189511701.000000
2023-03-29,5436.080000,5436.080000,5436.080000,5436.080000,13374350992.000000
2023-03-30,5480.210000,5480.210000,5480.210000,5480.210000,14990103705.000000
2023-03-31,5497.030000,5497.030000,5497.030000,5497.030000,13884254587.000000
2023-04-03,5550.830000,5550.830000,5550.830000,5550.830000,18212431273.000000
2023-04-04,5567.840000,5567.840000,5567.840000,5567.840000,19714663113.000000
2023-04-06,5559.070000,5559.070000,5559.070000,5559.070000,15070337396.000000
2023-04-07,5595.220000,5595.220000,5595.220000,5595.220000,12867673784.000000
2023-04-10,5570.160000,5570.160000,5570.160000,5570.160000,15245300220.000000
2023-04-11,5563.830000,5563.830000,5563.830000,5563.830000,15390133303.000000
2023-04-12,5559.950000,5559.950000,5559.950000,5559.950000,16596527831.000000
2023-04-13,5521.700000,5521.700000,5521.700000,5521.700000,15644429515.000000
2023-04-14,5552.940000,5552.940000,5552.940000,5552.940000,15069568153.000000
2023-04-17,5630.810000,5630.810000,5630.810000,5630.810000,18877309504.000000
2023-04-18,5648.190000,5648.190000,5648.190000,5648.190000,17018413037.000000
2023-04-19,5597.330000,5597.330000,5597.330000,5597.330000,16255459225.000000
2023-04-20,5581.870000,5581.870000,5581.870000,5581.870000,16270667650.000000
2023-04-21,5472.980000,5472.980000,5472.980000,5472.980000,18080243454.000000
2023-04-24,5405.220000,5405.220000,5405.220000,5405.220000,17009921689.000000
2023-04-25,5378.170000,5378.170000,5378.170000,5378.170000,17255540861.000000
2023-04-26,5374.850000,5374.850000,5374.850000,5374.850000,16270200596.000000
2023-04-27,5414.770000,5414.770000,5414.770000,5414.770000,15382819537.000000
2023-04-28,5470.070000,5470.070000,5470.070000,5470.070000,17950848823.000000
2023-05-04,5471.650000,5471.650000,5471.650000,5471.650000,22758284555.000000
2023-05-05,5453.490000,5453.490000,5453.490000,5453.490000,20662692420.000000
2023-05-08,5515.650000,5515.650000,5515.650000,5515.650000,25558308540.000000
2023-05-09,5468.490000,5468.490000,5468.490000,5468.490000,27930604760.000000
2023-05-10,5426.440000,5426.440000,5426.440000,5426.440000,20755270917.000000
2023-05-11,5418.020000,5418.020000,5418.020000,5418.020000,14480461894.000000
2023-05-12,5346.620000,5346.620000,5346.620000,5346.620000,14442172792.000000
2023-05-15,5429.810000,5429.810000,5429.810000,5429.810000,17625736236.000000
2023-05-16,5402.510000,5402.510000,5402.510000,5402.510000,13683327129.000000
2023-05-17,5378.060000,5378.060000,5378.060000,5378.060000,11844818523.000000
2023-05-18,5373.130000,5373.130000,5373.130000,5373.130000,13653394683.000000
2023-05-19,5358.760000,5358.760000,5358.760000,5358.760000,12021247883.000000
2023-05-22,5392.490000,5392.490000,5392.490000,5392.490000,10911660500.000000
2023-05-23,5316.310000,5316.310000,5316.310000,5316.310000,11868507696.000000
2023-05-24,5242.870000,5242.870000,5242.870000,5242.870000,13725826485.000000
2023-05-25,5231.640000,5231.640000,5231.640000,5231.640000,12415076959.000000
2023-05-26,5233.540000,5233.540000,5233.540000,5233.540000,10032643939.000000
2023-05-29,5211.280000,5211.280000,5211.280000,5211.280000,13185996742.000000
2023-05-30,5216.640000,5216.640000,5216.640000,5216.640000,13761962865.000000
2023-05-31,5166.120000,5166.120000,5166.120000,5166.120000,12638736822.000000
2023-06-01,5181.300000,5181.300000,5181.300000,5181.300000,13456188076.000000
2023-06-02,5256.770000,5256.770000,5256.770000,5256.770000,12501511031.000000
2023-06-05,5232.890000,5232.890000,5232.890000,5232.890000,11616398878.000000
2023-06-06,5184.020000,5184.020000,5184.020000,5184.020000,12578125755.000000
2023-06-07,5159.860000,5159.860000,5159.860000,5159.860000,9886243203.000000
2023-06-08,5202.260000,5202.260000,5202.260000,5202.260000,11870093390.000000
2023-06-09,5226.720000,5226.720000,5226.720000,5226.720000,13431986289.000000
2023-06-12,5237.750000,5237.750000,5237.750000,5237.750000,12675854321.000000
2023-06-13,5267.810000,5267.810000,5267.810000,5267.810000,11092494583.000000
2023-06-14,5273.530000,5273.530000,5273.530000,5273.530000,12495575900.000000
2023-06-15,5359.150000,5359.150000,5359.150000,5359.150000,12836993815.000000
2023-06-16,5411.950000,5411.950000,5411.950000,5411.950000,13976007647.000000
2023-06-19,5373.280000,5373.280000,5373.280000,5373.280000,13490584843.000000
2023-06-20,5365.580000,5365.580000,5365.580000,5365.580000,12252031839.000000
2023-06-21,5287.740000,5287.740000,5287.740000,5287.740000,11834657530.000000
2023-06-26,5215.290000,5215.290000,5215.290000,5215.290000,13399041923.000000
2023-06-27,5266.670000,5266.670000,5266.670000,5266.670000,11699268121.000000
2023-06-28,5264.970000,5264.970000,5264.970000,5264.970000,10702154108.000000
2023-06-29,5240.660000,5240.660000,5240.660000,5240.660000,9828927352.000000
2023-06-30,5275.950000,5275.950000,5275.950000,5275.950000,10126842891.000000
2023-07-03,5345.990000,5345.990000,5345.990000,5345.990000,13315805050.000000
2023-07-04,5354.410000,5354.410000,5354.410000,5354.410000,10949452689.000000
2023-07-05,5315.310000,5315.310000,5315.310000,5315.310000,9763638434.000000
2023-07-06,5281.040000,5281.040000,5281.040000,5281.040000,10012184175.000000
2023-07-07,5258.510000,5258.510000,5258.510000,5258.510000,10090692031.000000
2023-07-10,5284.160000,5284.160000,5284.160000,5284.160000,9203344122.000000
2023-07-11,5319.220000,5319.220000,5319.220000,5319.220000,8651071589.000000
2023-07-12,5289.900000,5289.900000,5289.900000,5289.900000,11152202425.000000
2023-07-13,5374.870000,5374.870000,5374.870000,5374.870000,12030023173.000000
2023-07-14,5377.860000,5377.860000,5377.860000,5377.860000,12236484632.000000
2023-07-17,5341.130000,5341.130000,5341.130000,5341.130000,9834014443.000000
2023-07-18,5327.660000,5327.660000,5327.660000,5327.660000,9143861465.000000
2023-07-19,5323.450000,5323.450000,5323.450000,5323.450000,7958569999.000000
2023-07-20,5286.360000,5286.360000,5286.360000,5286.360000,9204207580.000000
2023-07-21,5287.990000,5287.990000,5287.990000,5287.990000,7950756310.000000
2023-07-24,5264.960000,5264.960000,5264.960000,5264.960000,7548354527.000000
2023-07-25,5417.370000,5417.370000,5417.370000,5417.370000,16306631966.000000
2023-07-26,5406.940000,5406.940000,5406.940000,5406.940000,10788171718.000000
2023-07-27,5400.540000,5400.540000,5400.540000,5400.540000,11066710912.000000
2023-07-28,5528.070000,5528.070000,5528.070000,5528.070000,17973548138.000000
2023-07-31,5558.390000,5558.390000,5558.390000,5558.390000,19960683006.000000
2023-08-01,5535.380000,5535.380000,5535.380000,5535.380000,14228685910.000000
2023-08-02,5496.830000,5496.830000,5496.830000,5496.830000,12585569048.000000
2023-08-03,5545.410000,5545.410000,5545.410000,5545.410000,12900663986.000000
2023-08-04,5567.240000,5567.240000,5567.240000,5567.240000,17826718905.000000
2023-08-07,5525.100000,5525.100000,5525.100000,5525.100000,12131066171.000000
2023-08-08,5510.720000,5510.720000,5510.720000,5510.720000,10987169867.000000
2023-08-09,5495.280000,5495.280000,5495.280000,5495.280000,9464026908.000000
2023-08-10,5507.150000,5507.150000,5507.150000,5507.150000,9717684924.000000
2023-08-11,5382.390000,5382.390000,5382.390000,5382.390000,12608293116.000000
2023-08-14,5343.110000,5343.110000,5343.110000,5343.110000,11596633614.000000
2023-08-15,5330.130000,5330.130000,5330.130000,5330.130000,10309711139.000000
2023-08-16,5291.050000,5291.050000,5291.050000,5291.050000,9461694617.000000
2023-08-17,5308.740000,5308.740000,5308.740000,5308.740000,9841549319.000000
2023-08-18,5243.700000,5243.700000,5243.700000,5243.700000,9554963843.000000
2023-08-21,5168.280000,5168.280000,5168.280000,5168.280000,9870836898.000000
2023-08-22,5208.230000,5208.230000,5208.230000,5208.230000,12031832692.000000
2023-08-23,5122.870000,5122.870000,5122.870000,5122.870000,9708163840.000000
2023-08-24,5160.180000,5160.180000,5160.180000,5160.180000,11961452067.000000
2023-08-25,5144.110000,5144.110000,5144.110000,5144.110000,10518261044.000000
2023-08-28,5205.280000,5205.280000,5205.280000,5205.280000,19799037856.000000
2023-08-29,5257.400000,5257.400000,5257.400000,5257.400000,15248614606.000000
2023-08-30,5255.180000,5255.180000,5255.180000,5255.180000,12967166051.000000
2023-08-31,5223.550000,5223.550000,5223.550000,5223.550000,11896164563.000000
2023-09-01,5260.500000,5260.500000,5260.500000,5260.500000,10531904478.000000
2023-09-04,5340.230000,5340.230000,5340.230000,5340.230000,14238520146.000000
2023-09-05,5300.500000,5300.500000,5300.500000,5300.500000,10405233316.000000
2023-09-06,5289.000000,5289.000000,5289.000000,5289.000000,9344239291.000000
2023-09-07,5214.690000,5214.690000,5214.690000,5214.690000,9510390295.000000
2023-09-08,5189.050000,5189.050000,5189.050000,5189.050000,7163816584.000000
2023-09-11,5227.490000,5227.490000,5227.490000,5227.490000,10535801567.000000
2023-09-12,5217.870000,5217.870000,5217.870000,5217.870000,7938537808.000000
2023-09-13,5184.630000,5184.630000,5184.630000,5184.630000,8157690126.000000
2023-09-14,5180.270000,5180.270000,5180.270000,5180.270000,10038607538.000000
2023-09-15,5146.700000,5146.700000,5146.700000,5146.700000,10939568921.000000
2023-09-18,5173.010000,5173.010000,5173.010000,5173.010000,8672774143.000000
2023-09-19,5163.010000,5163.010000,5163.010000,5163.010000,8319903774.000000
2023-09-20,5143.120000,5143.120000,5143.120000,5143.120000,7544820896.000000
2023-09-21,5097.010000,5097.010000,5097.010000,5097.010000,8303100466.000000
2023-09-22,5189.290000,5189.290000,5189.290000,5189.290000,11023116602.000000
2023-09-25,5155.530000,5155.530000,5155.530000,5155.530000,9259647941.000000
2023-09-26,5125.420000,5125.420000,5125.420000,5125.420000,7804452534.000000
2023-09-27,5136.130000,5136.130000,5136.130000,5136.130000,9162921049.000000
2023-09-28,5121.090000,5121.090000,5121.090000,5121.090000,8522171888.000000
2023-10-09,5114.440000,5114.440000,5114.440000,5114.440000,10214805792.000000
2023-10-10,5076.130000,5076.130000,5076.130000,5076.130000,9916373013.000000
2023-10-11,5090.600000,5090.600000,5090.600000,5090.600000,10209158722.000000
2023-10-12,5138.990000,5138.990000,5138.990000,5138.990000,11436322546.000000
2023-10-13,5084.930000,5084.930000,5084.930000,5084.930000,9828798713.000000
2023-10-16,5034.110000,5034.110000,5034.110000,5034.110000,9185311827.000000
2023-10-17,5051.880000,5051.880000,5051.880000,5051.880000,9074518842.000000
2023-10-18,5011.900000,5011.900000,5011.900000,5011.900000,9454587916.000000
2023-10-19,4904.970000,4904.970000,4904.970000,4904.970000,11173751959.000000
2023-10-20,4873.110000,4873.110000,4873.110000,4873.110000,9851860523.000000
2023-10-23,4822.740000,4822.740000,4822.740000,4822.740000,9656165248.000000
2023-10-24,4840.750000,4840.750000,4840.750000,4840.750000,11554728909.000000
2023-10-25,4867.630000,4867.630000,4867.630000,4867.630000,12800961681.000000
2023-10-26,4881.080000,4881.080000,4881.080000,4881.080000,10514356600.000000
2023-10-27,4948.430000,4948.430000,4948.430000,4948.430000,12022510831.000000
2023-10-30,4978.140000,4978.140000,4978.140000,4978.140000,14401042590.000000
2023-10-31,4962.490000,4962.490000,4962.490000,4962.490000,11258726747.000000
2023-11-01,4960.430000,4960.430000,4960.430000,4960.430000,9764553786.000000
2023-11-02,4937.040000,4937.040000,4937.040000,4937.040000,9035964260.000000
2023-11-03,4978.640000,4978.640000,4978.640000,4978.640000,9754210070.000000
2023-11-06,5045.970000,5045.970000,5045.970000,5045.970000,15298246321.000000
2023-11-07,5028.120000,5028.120000,5028.120000,5028.120000,11028859145.000000
2023-11-08,5016.180000,5016.180000,5016.180000,5016.180000,11059422967.000000
2023-11-09,5018.620000,5018.620000,5018.620000,5018.620000,11187205702.000000
2023-11-10,4982.030000,4982.030000,4982.030000,4982.030000,10210703415.000000
2023-11-13,4972.200000,4972.200000,4972.200000,4972.200000,9670764879.000000
2023-11-14,4975.870000,4975.870000,4975.870000,4975.870000,10088415834.000000
2023-11-15,5010.860000,5010.860000,5010.860000,5010.860000,10492921766.000000
2023-11-16,4962.550000,4962.550000,4962.550000,4962.550000,8746478005.000000
2023-11-17,4956.590000,4956.590000,4956.590000,4956.590000,8731920731.000000
2023-11-20,4968.050000,4968.050000,4968.050000,4968.050000,9108044505.000000
2023-11-21,4974.640000,4974.640000,4974.640000,4974.640000,10859431357.000000
2023-11-22,4924.310000,4924.310000,4924.310000,4924.310000,8478438133.000000
2023-11-23,4948.070000,4948.070000,4948.070000,4948.070000,8480016683.000000
2023-11-24,4915.410000,4915.410000,4915.410000,4915.410000,8501840334.000000
2023-11-27,4879.230000,4879.230000,4879.230000,4879.230000,9910231350.000000
2023-11-28,4888.380000,4888.380000,4888.380000,4888.380000,8933578865.000000
2023-11-29,4846.670000,4846.670000,4846.670000,4846.670000,9884141246.000000
2023-11-30,4857.640000,4857.640000,4857.640000,4857.640000,10135082021.000000
2023-12-01,4839.130000,4839.130000,4839.130000,4839.130000,10853094078.000000
2023-12-04,4807.530000,4807.530000,4807.530000,4807.530000,9715682642.000000
2023-12-05,4715.990000,4715.990000,4715.990000,4715.990000,10047200721.000000
2023-12-06,4723.410000,4723.410000,4723.410000,4723.410000,10580551914.000000
2023-12-07,4711.860000,4711.860000,4711.860000,4711.860000,9771324794.000000
2023-12-08,4723.650000,4723.650000,4723.650000,4723.650000,12952205358.000000
2023-12-11,4751.440000,4751.440000,4751.440000,4751.440000,13962624904.000000
2023-12-12,4761.650000,4761.650000,4761.650000,4761.650000,10559001284.000000
2023-12-13,4682.170000,4682.170000,4682.170000,4682.170000,9528536728.000000
2023-12-14,4657.650000,4657.650000,4657.650000,4657.650000,8365513530.000000
2023-12-15,4643.190000,4643.190000,4643.190000,4643.190000,9778778299.000000
2023-12-18,4626.250000,4626.250000,4626.250000,4626.250000,9052682558.000000
2023-12-19,4632.750000,4632.750000,4632.750000,4632.750000,8380811783.000000
2023-12-20,4586.120000,4586.120000,4586.120000,4586.120000,9241286752.000000
2023-12-21,4632.530000,4632.530000,4632.530000,4632.530000,10254619829.000000
2023-12-22,4641.370000,4641.370000,4641.370000,4641.370000,10522013298.000000
2023-12-25,4655.820000,4655.820000,4655.820000,4655.820000,7454269312.000000
2023-12-26,4624.300000,4624.300000,4624.300000,4624.300000,7473293539.000000
2023-12-27,4640.390000,4640.390000,4640.390000,4640.390000,9440392821.000000
2023-12-28,4749.130000,4749.130000,4749.130000,4749.130000,14806485127.000000
2023-12-29,4772.180000,4772.180000,4772.180000,4772.180000,11492893177.000000
2024-01-02,4709.920000,4709.920000,4709.920000,4709.920000,11618072550.000000
2024-01-03,4698.720000,4698.720000,4698.720000,4698.720000,10561385129.000000
2024-01-04,4655.260000,4655.260000,4655.260000,4655.260000,10672101276.000000
2024-01-05,4630.310000,4630.310000,4630.310000,4630.310000,12640057384.000000
2024-01-08,4570.430000,4570.430000,4570.430000,4570.430000,11742948540.000000
2024-01-09,4579.390000,4579.390000,4579.390000,4579.390000,10933046465.000000
2024-01-10,4558.010000,4558.010000,4558.010000,4558.010000,9419936617.000000
2024-01-11,4583.800000,4583.800000,4583.800000,4583.800000,10878973525.000000
2024-01-12,4567.800000,4567.800000,4567.800000,4567.800000,9685355536.000000
2024-01-15,4563.280000,4563.280000,4563.280000,4563.280000,8885153028.000000
2024-01-16,4591.040000,4591.040000,4591.040000,4591.040000,11327666533.000000
2024-01-17,4491.180000,4491.180000,4491.180000,4491.180000,10876972820.000000
2024-01-18,4554.670000,4554.670000,4554.670000,4554.670000,17490916843.000000
2024-01-19,4547.780000,4547.780000,4547.780000,4547.780000,11850140802.000000
2024-01-22,4477.020000,4477.020000,4477.020000,4477.020000,14870562814.000000
2024-01-23,4495.150000,4495.150000,4495.150000,4495.150000,12201199978.000000
2024-01-24,4557.980000,4557.980000,4557.980000,4557.980000,15437195409.000000
2024-01-25,4649.510000,4649.510000,4649.510000,4649.510000,19683361387.000000
2024-01-26,4636.860000,4636.860000,4636.860000,4636.860000,18066400519.000000
2024-01-29,4595.330000,4595.330000,4595.330000,4595.330000,18416479473.000000
2024-01-30,4513.380000,4513.380000,4513.380000,4513.380000,14364934987.000000
2024-01-31,4472.090000,4472.090000,4472.090000,4472.090000,15314346888.000000
2024-02-01,4475.370000,4475.370000,4475.370000,4475.370000,14551679175.000000
2024-02-02,4422.400000,4422.400000,4422.400000,4422.400000,17375808896.000000
2024-02-05,4451.320000,4451.320000,4451.320000,4451.320000,20304296964.000000
2024-02-06,4606.080000,4606.080000,4606.080000,4606.080000,20271309907.000000
2024-02-07,4650.500000,4650.500000,4650.500000,4650.500000,21664793255.000000
2024-02-08,4680.130000,4680.130000,4680.130000,4680.130000,18997757769.000000
2024-02-19,4734.200000,4734.200000,4734.200000,4734.200000,18331980016.000000
2024-02-20,4744.000000,4744.000000,4744.000000,4744.000000,14073458073.000000
2024-02-21,4808.010000,4808.010000,4808.010000,4808.010000,18887936190.000000
2024-02-22,4849.460000,4849.460000,4849.460000,4849.460000,14102078398.000000
2024-02-23,4853.720000,4853.720000,4853.720000,4853.720000,14482127334.000000
2024-02-26,4803.120000,4803.120000,4803.120000,4803.120000,15124833146.000000
2024-02-27,4860.740000,4860.740000,4860.740000,4860.740000,13952824625.000000
2024-02-28,4798.810000,4798.810000,4798.810000,4798.810000,18983754826.000000
2024-02-29,4890.360000,4890.360000,4890.360000,4890.360000,15594453204.000000
2024-03-01,4920.570000,4920.570000,4920.570000,4920.570000,16270956978.000000
2024-03-04,4924.830000,4924.830000,4924.830000,4924.830000,16324461267.000000
2024-03-05,4959.110000,4959.110000,4959.110000,4959.110000,16642238850.000000
2024-03-06,4938.990000,4938.990000,4938.990000,4938.990000,14307661308.000000
2024-03-07,4909.330000,4909.330000,4909.330000,4909.330000,14811051009.000000
2024-03-08,4930.450000,4930.450000,4930.450000,4930.450000,12579266367.000000
2024-03-11,4992.140000,4992.140000,4992.140000,4992.140000,14820282472.000000
2024-03-12,5003.590000,5003.590000,5003.590000,5003.590000,18068555964.000000
2024-03-13,4968.640000,4968.640000,4968.640000,4968.640000,14459059031.000000
2024-03-14,4954.530000,4954.530000,4954.530000,4954.530000,14096272229.000000
2024-03-15,4965.340000,4965.340000,4965.340000,4965.340000,13831604399.000000
2024-03-18,5011.980000,5011.980000,5011.980000,5011.980000,16037943831.000000
2024-03-19,4975.960000,4975.960000,4975.960000,4975.960000,14557178553.000000
2024-03-20,4986.750000,4986.750000,4986.750000,4986.750000,12952896551.000000
2024-03-21,4980.780000,4980.780000,4980.780000,4980.780000,13074337721.000000
2024-03-22,4930.580000,4930.580000,4930.580000,4930.580000,13922735755.000000
2024-03-25,4903.820000,4903.820000,4903.820000,4903.820000,13701572415.000000
2024-03-26,4928.840000,4928.840000,4928.840000,4928.840000,12620953491.000000
2024-03-27,4871.870000,4871.870000,4871.870000,4871.870000,12862676272.000000
2024-03-28,4897.150000,4897.150000,4897.150000,4897.150000,14333471658.000000
2024-03-29,4920.260000,4920.260000,4920.260000,4920.260000,12864328978.000000
2024-04-01,5001.150000,5001.150000,5001.150000,5001.150000,16277656089.000000
2024-04-02,4980.330000,4980.330000,4980.330000,4980.330000,14127297167.000000
2024-04-03,4962.430000,4962.430000,4962.430000,4962.430000,13559233131.000000
2024-04-08,4918.760000,4918.760000,4918.760000,4918.760000,15530428262.000000
2024-04-09,4914.700000,4914.700000,4914.700000,4914.700000,12967094220.000000
2024-04-10,4874.670000,4874.670000,4874.670000,4874.670000,12879027442.000000
2024-04-11,4874.020000,4874.020000,4874.020000,4874.020000,12653439501.000000
2024-04-12,4834.520000,4834.520000,4834.520000,4834.520000,12892111581.000000
2024-04-15,4936.380000,4936.380000,4936.380000,4936.380000,18394124978.000000
2024-04-16,4883.580000,4883.580000,4883.580000,4883.580000,17615306534.000000
2024-04-17,4959.090000,4959.090000,4959.090000,4959.090000,16846639816.000000
2024-04-18,4965.600000,4965.600000,4965.600000,4965.600000,17857410491.000000
2024-04-19,4926.660000,4926.660000,4926.660000,4926.660000,14728150455.000000
2024-04-22,4912.530000,4912.530000,4912.530000,4912.530000,15057904204.000000
2024-04-23,4878.560000,4878.560000,4878.560000,4878.560000,14311350433.000000
2024-04-24,4899.980000,4899.980000,4899.980000,4899.980000,12173985118.000000
2024-04-25,4912.030000,4912.030000,4912.030000,4912.030000,11518772225.000000
2024-04-26,4987.350000,4987.350000,4987.350000,4987.350000,19721613289.000000
2024-04-29,5042.740000,5042.740000,5042.740000,5042.740000,22272138138.000000
2024-04-30,5019.190000,5019.190000,5019.190000,5019.190000,19129689904.000000
2024-05-06,5093.660000,5093.660000,5093.660000,5093.660000,20801800747.000000
2024-05-07,5095.240000,5095.240000,5095.240000,5095.240000,16483428582.000000
2024-05-08,5055.170000,5055.170000,5055.170000,5055.170000,13003533601.000000
2024-05-09,5102.990000,5102.990000,5102.990000,5102.990000,14655901699.000000
2024-05-10,5106.040000,5106.040000,5106.040000,5106.040000,15072053606.000000
2024-05-13,5103.840000,5103.840000,5103.840000,5103.840000,15726745528.000000
2024-05-14,5093.770000,5093.770000,5093.770000,5093.770000,13340649033.000000
2024-05-15,5054.720000,5054.720000,5054.720000,5054.720000,12352276425.000000
2024-05-16,5074.680000,5074.680000,5074.680000,5074.680000,15463050292.000000
2024-05-17,5127.690000,5127.690000,5127.690000,5127.690000,16457041672.000000
2024-05-20,5145.800000,5145.800000,5145.800000,5145.800000,18460942309.000000
2024-05-21,5126.580000,5126.580000,5126.580000,5126.580000,13067828272.000000
2024-05-22,5138.800000,5138.800000,5138.800000,5138.800000,15191460525.000000
2024-05-23,5079.360000,5079.360000,5079.360000,5079.360000,14257299016.000000
2024-05-24,5023.900000,5023.900000,5023.900000,5023.900000,12479117683.000000
2024-05-27,5072.070000,5072.070000,5072.070000,5072.070000,13127264429.000000
2024-05-28,5035.450000,5035.450000,5035.450000,5035.450000,12353223804.000000
2024-05-29,5042.260000,5042.260000,5042.260000,5042.260000,11590632060.000000
2024-05-30,5016.310000,5016.310000,5016.310000,5016.310000,12260299460.000000
2024-05-31,4996.330000,4996.330000,4996.330000,4996.330000,11246201890.000000
2024-06-03,5008.930000,5008.930000,5008.930000,5008.930000,14105459148.000000
2024-06-04,5047.050000,5047.050000,5047.050000,5047.050000,12454509575.000000
2024-06-05,5020.110000,5020.110000,5020.110000,5020.110000,11090676598.000000
2024-06-06,5017.830000,5017.830000,5017.830000,5017.830000,13789351688.000000
2024-06-07,4995.570000,4995.570000,4995.570000,4995.570000,13110302604.000000
2024-06-11,4952.940000,4952.940000,4952.940000,4952.940000,13452230644.000000
2024-06-12,4955.190000,4955.190000,4955.190000,4955.190000,12281372918.000000
2024-06-13,4932.590000,4932.590000,4932.590000,4932.590000,12324546204.000000
2024-06-14,4961.280000,4961.280000,4961.280000,4961.280000,17151694222.000000
2024-06-17,4954.180000,4954.180000,4954.180000,4954.180000,13743343781.000000
2024-06-18,4967.520000,4967.520000,4967.520000,4967.520000,12367183755.000000
2024-06-19,4951.520000,4951.520000,4951.520000,4951.520000,10664279677.000000
2024-06-20,4916.880000,4916.880000,4916.880000,4916.880000,11161739634.000000
2024-06-21,4907.300000,4907.300000,4907.300000,4907.300000,10918661542.000000
2024-06-24,4881.730000,4881.730000,4881.730000,4881.730000,11799018404.000000
2024-06-25,4855.180000,4855.180000,4855.180000,4855.180000,11844811768.000000
2024-06-26,4889.740000,4889.740000,4889.740000,4889.740000,10589886071.000000
2024-06-27,4856.090000,4856.090000,4856.090000,4856.090000,11491810116.000000
2024-06-28,4870.470000,4870.470000,4870.470000,4870.470000,13540915277.000000
2024-07-01,4893.820000,4893.820000,4893.820000,4893.820000,12182976959.000000
2024-07-02,4884.820000,4884.820000,4884.820000,4884.820000,12165012140.000000
2024-07-03,4873.710000,4873.710000,4873.710000,4873.710000,10385710833.000000
2024-07-04,4849.400000,4849.400000,4849.400000,4849.400000,10442990897.000000
2024-07-05,4829.910000,4829.910000,4829.910000,4829.910000,11660965938.000000
2024-07-08,4791.550000,4791.550000,4791.550000,4791.550000,11552821807.000000
2024-07-09,4850.100000,4850.100000,4850.100000,4850.100000,13162944337.000000
2024-07-10,4840.250000,4840.250000,4840.250000,4840.250000,12720345637.000000
2024-07-11,4905.590000,4905.590000,4905.590000,4905.590000,14589246578.000000
2024-07-12,4918.720000,4918.720000,4918.720000,4918.720000,13087458900.000000
2024-07-15,4925.230000,4925.230000,4925.230000,4925.230000,11851708319.000000
2024-07-16,4961.970000,4961.970000,4961.970000,4961.970000,12065901735.000000
2024-07-17,4968.260000,4968.260000,4968.260000,4968.260000,13180206163.000000
2024-07-18,4997.100000,4997.100000,4997.100000,4997.100000,12376819864.000000
2024-07-19,5026.610000,5026.610000,5026.610000,5026.610000,13244797453.000000
2024-07-22,4992.510000,4992.510000,4992.510000,4992.510000,13212633696.000000
2024-07-23,4886.880000,4886.880000,4886.880000,4886.880000,12889766046.000000
2024-07-24,4857.520000,4857.520000,4857.520000,4857.520000,12703626331.000000
2024-07-25,4831.030000,4831.030000,4831.030000,4831.030000,13102224195.000000
2024-07-26,4851.220000,4851.220000,4851.220000,4851.220000,12419555750.000000
2024-07-29,4825.600000,4825.600000,4825.600000,4825.600000,10978778639.000000
2024-07-30,4796.310000,4796.310000,4796.310000,4796.310000,10495216363.000000
2024-07-31,4899.820000,4899.820000,4899.820000,4899.820000,17195917704.000000
2024-08-01,4867.610000,4867.610000,4867.610000,4867.610000,13632346447.000000
2024-08-02,4817.960000,4817.960000,4817.960000,4817.960000,11661525506.000000
2024-08-05,4759.520000,4759.520000,4759.520000,4759.520000,14281251636.000000
2024-08-06,4759.140000,4759.140000,4759.140000,4759.140000,11934027948.000000
2024-08-07,4757.020000,4757.020000,4757.020000,4757.020000,9508437747.000000
2024-08-08,4759.690000,4759.690000,4759.690000,4759.690000,9249569514.000000
2024-08-09,4745.000000,4745.000000,4745.000000,4745.000000,9151162630.000000
2024-08-12,4736.800000,4736.800000,4736.800000,4736.800000,7993875413.000000
2024-08-13,4748.970000,4748.970000,4748.970000,4748.970000,8448967942.000000
2024-08-14,4714.140000,4714.140000,4714.140000,4714.140000,7874240650.000000
2024-08-15,4761.490000,4761.490000,4761.490000,4761.490000,10476639931.000000
2024-08-16,4768.660000,4768.660000,4768.660000,4768.660000,9651908344.000000
2024-08-19,4784.880000,4784.880000,4784.880000,4784.880000,10557111009.000000
2024-08-20,4750.720000,4750.720000,4750.720000,4750.720000,10166833063.000000
2024-08-21,4735.150000,4735.150000,4735.150000,4735.150000,8995475068.000000
2024-08-22,4723.120000,4723.120000,4723.120000,4723.120000,10036650417.000000
2024-08-23,4744.350000,4744.350000,4744.350000,4744.350000,8952577385.000000
2024-08-26,4741.390000,4741.390000,4741.390000,4741.390000,9399077193.000000
2024-08-27,4714.450000,4714.450000,4714.450000,4714.450000,9580815665.000000
2024-08-28,4690.480000,4690.480000,4690.480000,4690.480000,9269665042.000000
2024-08-29,4677.900000,4677.900000,4677.900000,4677.900000,13070233260.000000
2024-08-30,4740.340000,4740.340000,4740.340000,4740.340000,18869544267.000000
2024-09-02,4660.410000,4660.410000,4660.410000,4660.410000,14761235322.000000
2024-09-03,4672.420000,4672.420000,4672.420000,4672.420000,12289730606.000000
2024-09-04,4642.160000,4642.160000,4642.160000,4642.160000,10483248217.000000
2024-09-05,4650.470000,4650.470000,4650.470000,4650.470000,9710945034.000000
2024-09-06,4612.770000,4612.770000,4612.770000,4612.770000,8840041700.000000
2024-09-09,4558.670000,4558.670000,4558.670000,4558.670000,10867306887.000000
2024-09-10,4562.680000,4562.680000,4562.680000,4562.680000,9729007816.000000
2024-09-11,4549.860000,4549.860000,4549.860000,4549.860000,10248211043.000000
2024-09-12,4530.360000,4530.360000,4530.360000,4530.360000,9286865714.000000
2024-09-13,4512.070000,4512.070000,4512.070000,4512.070000,8833667673.000000
2024-09-18,4528.870000,4528.870000,4528.870000,4528.870000,8472281355.000000
2024-09-19,4565.320000,4565.320000,4565.320000,4565.320000,12543927248.000000
2024-09-20,4572.770000,4572.770000,4572.770000,4572.770000,11806409839.000000
2024-09-23,4589.500000,4589.500000,4589.500000,4589.500000,9534485540.000000
2024-09-24,4788.310000,4788.310000,4788.310000,4788.310000,20407221703.000000
2024-09-25,4859.480000,4859.480000,4859.480000,4859.480000,24156425455.000000
2024-09-26,5065.650000,5065.650000,5065.650000,5065.650000,24313401006.000000
2024-09-27,5291.920000,5291.920000,5291.920000,5291.920000,26548777363.000000
2024-09-30,5741.030000,5741.030000,5741.030000,5741.030000,51021770687.000000
2024-10-08,6081.450000,6081.450000,6081.450000,6081.450000,58986789449.000000
2024-10-09,5652.700000,5652.700000,5652.700000,5652.700000,48226929500.000000
2024-10-10,5714.220000,5714.220000,5714.220000,5714.220000,39505309882.000000
2024-10-11,5556.270000,5556.270000,5556.270000,5556.270000,27409650547.000000
2024-10-14,5662.290000,5662.290000,5662.290000,5662.290000,30757899315.000000
2024-10-15,5511.740000,5511.740000,5511.740000,5511.740000,24248644795.000000
2024-10-16,5476.930000,5476.930000,5476.930000,5476.930000,21886640656.000000
2024-10-17,5414.940000,5414.940000,5414.940000,5414.940000,21231381999.000000
2024-10-18,5614.780000,5614.780000,5614.780000,5614.780000,31295883354.000000
2024-10-21,5629.220000,5629.220000,5629.220000,5629.220000,29118563352.000000
2024-10-22,5661.610000,5661.610000,5661.610000,5661.610000,22343339641.000000
2024-10-23,5683.990000,5683.990000,5683.990000,5683.990000,24587394941.000000
2024-10-24,5620.820000,5620.820000,5620.820000,5620.820000,17472406207.000000
2024-10-25,5660.740000,5660.740000,5660.740000,5660.740000,21069488455.000000
2024-10-28,5671.810000,5671.810000,5671.810000,5671.810000,21616041525.000000
2024-10-29,5615.280000,5615.280000,5615.280000,5615.280000,21729398403.000000
2024-10-30,5565.400000,5565.400000,5565.400000,5565.400000,21943662628.000000
2024-10-31,5567.990000,5567.990000,5567.990000,5567.990000,30063671839.000000
2024-11-01,5567.040000,5567.040000,5567.040000,5567.040000,30798648110.000000
2024-11-04,5645.380000,5645.380000,5645.380000,5645.380000,22923905984.000000
2024-11-05,5788.220000,5788.220000,5788.220000,5788.220000,31686279403.000000
2024-11-06,5759.550000,5759.550000,5759.550000,5759.550000,33580793766.000000
2024-11-07,5934.580000,5934.580000,5934.580000,5934.580000,34143641417.000000
2024-11-08,5875.050000,5875.050000,5875.050000,5875.050000,33235038509.000000
2024-11-11,5913.930000,5913.930000,5913.930000,5913.930000,28959422656.000000
2024-11-12,5848.960000,5848.960000,5848.960000,5848.960000,29777808606.000000
2024-11-13,5885.830000,5885.830000,5885.830000,5885.830000,24048409936.000000
2024-11-14,5783.790000,5783.790000,5783.790000,5783.790000,23015278374.000000
2024-11-15,5682.560000,5682.560000,5682.560000,5682.560000,24739946339.000000
2024-11-18,5656.360000,5656.360000,5656.360000,5656.360000,30677794552.000000
2024-11-19,5694.320000,5694.320000,5694.320000,5694.320000,24294646531.000000
2024-11-20,5707.040000,5707.040000,5707.040000,5707.040000,18459937247.000000
2024-11-21,5712.270000,5712.270000,5712.270000,5712.270000,16612592668.000000
2024-11-22,5535.290000,5535.290000,5535.290000,5535.290000,21628580938.000000
2024-11-25,5510.460000,5510.460000,5510.460000,5510.460000,19070295294.000000
2024-11-26,5499.130000,5499.130000,5499.130000,5499.130000,14989244108.000000
2024-11-27,5594.880000,5594.880000,5594.880000,5594.880000,17413609648.000000
2024-11-28,5546.400000,5546.400000,5546.400000,5546.400000,15011729067.000000
2024-11-29,5609.780000,5609.780000,5609.780000,5609.780000,18765671335.000000
2024-12-02,5654.300000,5654.300000,5654.300000,5654.300000,19728978444.000000
2024-12-03,5660.400000,5660.400000,5660.400000,5660.400000,18249686701.000000
2024-12-04,5629.850000,5629.850000,5629.850000,5629.850000,17462631767.000000
2024-12-05,5617.000000,5617.000000,5617.000000,5617.000000,13853403794.000000
2024-12-06,5690.840000,5690.840000,5690.840000,5690.840000,19205790724.000000
2024-12-09,5681.430000,5681.430000,5681.430000,5681.430000,17595995801.000000
2024-12-10,5723.110000,5723.110000,5723.110000,5723.110000,25346379523.000000
2024-12-11,5713.660000,5713.660000,5713.660000,5713.660000,17725284644.000000
2024-12-12,5770.540000,5770.540000,5770.540000,5770.540000,18162177690.000000
2024-12-13,5634.170000,5634.170000,5634.170000,5634.170000,23035307923.000000
2024-12-16,5603.610000,5603.610000,5603.610000,5603.610000,17851125059.000000
2024-12-17,5618.210000,5618.210000,5618.210000,5618.210000,16093908963.000000
2024-12-18,5646.840000,5646.840000,5646.840000,5646.840000,15773832059.000000
2024-12-19,5651.960000,5651.960000,5651.960000,5651.960000,16108104036.000000
2024-12-20,5631.330000,5631.330000,5631.330000,5631.330000,15498649647.000000
2024-12-23,5639.680000,5639.680000,5639.680000,5639.680000,19006736163.000000
2024-12-24,5711.530000,5711.530000,5711.530000,5711.530000,16149458904.000000
2024-12-25,5714.380000,5714.380000,5714.380000,5714.380000,15939074705.000000
2024-12-26,5717.070000,5717.070000,5717.070000,5717.070000,14342528644.000000
2024-12-27,5708.060000,5708.060000,5708.060000,5708.060000,16926866569.000000
2024-12-30,5734.580000,5734.580000,5734.580000,5734.580000,16461248518.000000
2024-12-31,5642.600000,5642.600000,5642.600000,5642.600000,18392839662.000000
2025-01-02,5478.380000,5478.380000,5478.380000,5478.380000,21789872449.000000
2025-01-03,5413.520000,5413.520000,5413.520000,5413.520000,17534267595.000000
2025-01-06,5404.640000,5404.640000,5404.640000,5404.640000,15094666987.000000
2025-01-07,5444.910000,5444.910000,5444.910000,5444.910000,14645577916.000000
2025-01-08,5436.570000,5436.570000,5436.570000,5436.570000,16916696758.000000
2025-01-09,5423.170000,5423.170000,5423.170000,5423.170000,12979400233.000000
2025-01-10,5356.810000,5356.810000,5356.810000,5356.810000,13752317117.000000
2025-01-13,5342.510000,5342.510000,5342.510000,5342.510000,13644619919.000000
2025-01-14,5483.190000,5483.190000,5483.190000,5483.190000,17066465741.000000
2025-01-15,5448.010000,5448.010000,5448.010000,5448.010000,14147552027.000000
2025-01-16,5454.270000,5454.270000,5454.270000,5454.270000,14450587071.000000
2025-01-17,5471.550000,5471.550000,5471.550000,5471.550000,12662196142.000000
2025-01-20,5496.990000,5496.990000,5496.990000,5496.990000,13958127652.000000
2025-01-21,5501.250000,5501.250000,5501.250000,5501.250000,14121840636.000000
2025-01-22,5451.050000,5451.050000,5451.050000,5451.050000,13725506191.000000
2025-01-23,5462.780000,5462.780000,5462.780000,5462.780000,18056955084.000000
2025-01-24,5508.030000,5508.030000,5508.030000,5508.030000,14897172245.000000
2025-01-27,5485.730000,5485.730000,5485.730000,5485.730000,14667077178.000000
2025-02-05,5454.120000,5454.120000,5454.120000,5454.120000,15716830837.000000
2025-02-06,5522.740000,5522.740000,5522.740000,5522.740000,16728817574.000000
2025-02-07,5594.420000,5594.420000,5594.420000,5594.420000,22185770726.000000
2025-02-10,5606.430000,5606.430000,5606.430000,5606.430000,18890303953.000000
2025-02-11,5580.670000,5580.670000,5580.670000,5580.670000,16657490916.000000
2025-02-12,5633.450000,5633.450000,5633.450000,5633.450000,16422853965.000000
2025-02-13,5612.290000,5612.290000,5612.290000,5612.290000,17248587408.000000
2025-02-14,5660.960000,5660.960000,5660.960000,5660.960000,17297645243.000000
2025-02-17,5673.020000,5673.020000,5673.020000,5673.020000,21358824600.000000
2025-02-18,5623.270000,5623.270000,5623.270000,5623.270000,20942510073.000000
2025-02-19,5662.620000,5662.620000,5662.620000,5662.620000,18282951696.000000
2025-02-20,5646.430000,5646.430000,5646.430000,5646.430000,16389523583.000000
2025-02-21,5717.640000,5717.640000,5717.640000,5717.640000,22740033044.000000
2025-02-24,5705.100000,5705.100000,5705.100000,5705.100000,22081061766.000000
2025-02-25,5641.770000,5641.770000,5641.770000,5641.770000,17810858011.000000
2025-02-26,5691.050000,5691.050000,5691.050000,5691.050000,19106250108.000000
2025-02-27,5702.800000,5702.800000,5702.800000,5702.800000,20288796298.000000
2025-02-28,5590.600000,5590.600000,5590.600000,5590.600000,19810414708.000000
2025-03-03,5588.340000,5588.340000,5588.340000,5588.340000,17762316605.000000
2025-03-04,5583.660000,5583.660000,5583.660000,5583.660000,14985096667.000000
2025-03-05,5608.600000,5608.600000,5608.600000,5608.600000,15865275086.000000
2025-03-06,5685.720000,5685.720000,5685.720000,5685.720000,19396091466.000000
2025-03-07,5668.160000,5668.160000,5668.160000,5668.160000,16673237516.000000
2025-03-10,5646.300000,5646.300000,5646.300000,5646.300000,15276523192.000000
2025-03-11,5664.420000,5664.420000,5664.420000,5664.420000,14475440239.000000
2025-03-12,5644.040000,5644.040000,5644.040000,5644.040000,15673218967.000000
2025-03-13,5621.540000,5621.540000,5621.540000,5621.540000,15653644342.000000
2025-03-14,5758.040000,5758.040000,5758.040000,5758.040000,21613900261.000000
2025-03-17,5744.000000,5744.000000,5744.000000,5744.000000,16220291082.000000
2025-03-18,5759.720000,5759.720000,5759.720000,5759.720000,14020849578.000000
2025-03-19,5763.230000,5763.230000,5763.230000,5763.230000,14441942830.000000
2025-03-20,5712.680000,5712.680000,5712.680000,5712.680000,13375467008.000000
2025-03-21,5626.020000,5626.020000,5626.020000,5626.020000,16590529380.000000
2025-03-24,5654.990000,5654.990000,5654.990000,5654.990000,15223467351.000000
2025-03-25,5651.320000,5651.320000,5651.320000,5651.320000,14047539896.000000
2025-03-26,5632.720000,5632.720000,5632.720000,5632.720000,13116418664.000000
2025-03-27,5651.480000,5651.480000,5651.480000,5651.480000,12679373847.000000
2025-03-28,5626.880000,5626.880000,5626.880000,5626.880000,12635621396.000000
2025-03-31,5586.830000,5586.830000,5586.830000,5586.830000,16679852300.000000
2025-04-01,5587.870000,5587.870000,5587.870000,5587.870000,14038027391.000000
2025-04-02,5583.130000,5583.130000,5583.130000,5583.130000,11304317465.000000
2025-04-03,5550.240000,5550.240000,5550.240000,5550.240000,14259978855.000000
2025-04-07,5159.200000,5159.200000,5159.200000,5159.200000,31257858570.000000
2025-04-08,5247.330000,5247.330000,5247.330000,5247.330000,28019731169.000000
2025-04-09,5299.120000,5299.120000,5299.120000,5299.120000,26230570800.000000
2025-04-10,5368.580000,5368.580000,5368.580000,5368.580000,22725222713.000000
2025-04-11,5390.710000,5390.710000,5390.710000,5390.710000,16875969076.000000
2025-04-14,5403.110000,5403.110000,5403.110000,5403.110000,16446240278.000000
2025-04-15,5406.120000,5406.120000,5406.120000,5406.120000,13400603978.000000
2025-04-16,5423.530000,5423.530000,5423.530000,5423.530000,15635900577.000000
2025-04-17,5422.760000,5422.760000,5422.760000,5422.760000,12237100231.000000
2025-04-18,5424.620000,5424.620000,5424.620000,5424.620000,10294850935.000000
2025-04-21,5442.390000,5442.390000,5442.390000,5442.390000,12135572968.000000
2025-04-22,5444.340000,5444.340000,5444.340000,5444.340000,12568825660.000000
2025-04-23,5448.560000,5448.560000,5448.560000,5448.560000,13198686987.000000
2025-04-24,5444.930000,5444.930000,5444.930000,5444.930000,11716456010.000000
2025-04-25,5449.410000,5449.410000,5449.410000,5449.410000,12459113348.000000
2025-04-28,5441.680000,5441.680000,5441.680000,5441.680000,12514509051.000000
2025-04-29,5432.280000,5432.280000,5432.280000,5432.280000,11151469389.000000
2025-04-30,5427.040000,5427.040000,5427.040000,5427.040000,14368165834.000000
2025-05-06,5481.700000,5481.700000,5481.700000,5481.700000,15852045943.000000
2025-05-07,5514.930000,5514.930000,5514.930000,5514.930000,16117229877.000000
2025-05-08,5545.540000,5545.540000,5545.540000,5545.540000,12495983348.000000
2025-05-09,5537.160000,5537.160000,5537.160000,5537.160000,11938952627.000000
2025-05-12,5601.370000,5601.370000,5601.370000,5601.370000,15333245983.000000
2025-05-13,5610.000000,5610.000000,5610.000000,5610.000000,14732029898.000000
2025-05-14,5678.150000,5678.150000,5678.150000,5678.150000,17203377938.000000
2025-05-15,5627.520000,5627.520000,5627.520000,5627.520000,13808174922.000000
2025-05-16,5601.470000,5601.470000,5601.470000,5601.470000,11840534480.000000
2025-05-19,5584.440000,5584.440000,5584.440000,5584.440000,9864341377.000000
2025-05-20,5615.600000,5615.600000,5615.600000,5615.600000,10488523411.000000
2025-05-21,5643.360000,5643.360000,5643.360000,5643.360000,10979134324.000000
2025-05-22,5639.930000,5639.930000,5639.930000,5639.930000,10759705212.000000
2025-05-23,5594.980000,5594.980000,5594.980000,5594.980000,12027741869.000000
2025-05-26,5563.420000,5563.420000,5563.420000,5563.420000,10960120740.000000
2025-05-27,5533.660000,5533.660000,5533.660000,5533.660000,9857242500.000000
2025-05-28,5529.530000,5529.530000,5529.530000,5529.530000,8903102612.000000
2025-05-29,5562.330000,5562.330000,5562.330000,5562.330000,10847188635.000000
2025-05-30,5536.490000,5536.490000,5536.490000,5536.490000,11167222757.000000
2025-06-03,5553.470000,5553.470000,5553.470000,5553.470000,13140308971.000000
2025-06-04,5577.590000,5577.590000,5577.590000,5577.590000,11680387345.000000
2025-06-05,5591.120000,5591.120000,5591.120000,5591.120000,12287818442.000000
2025-06-06,5589.550000,5589.550000,5589.550000,5589.550000,11098797116.000000
2025-06-09,5606.200000,5606.200000,5606.200000,5606.200000,13630629345.000000
2025-06-10,5577.660000,5577.660000,5577.660000,5577.660000,14556385855.000000
2025-06-11,5621.830000,5621.830000,5621.830000,5621.830000,14241477229.000000
2025-06-12,5625.020000,5625.020000,5625.020000,5625.020000,13399869697.000000
2025-06-13,5587.060000,5587.060000,5587.060000,5587.060000,17253953584.000000
2025-06-16,5601.240000,5601.240000,5601.240000,5601.240000,13734183489.000000
2025-06-17,5596.800000,5596.800000,5596.800000,5596.800000,12234252595.000000
2025-06-18,5604.740000,5604.740000,5604.740000,5604.740000,12752862095.000000
2025-06-19,5559.320000,5559.320000,5559.320000,5559.320000,13028065750.000000
2025-06-20,5569.690000,5569.690000,5569.690000,5569.690000,11815101962.000000
2025-06-23,5586.720000,5586.720000,5586.720000,5586.720000,13380089246.000000
2025-06-24,5653.700000,5653.700000,5653.700000,5653.700000,16365618775.000000
2025-06-25,5739.450000,5739.450000,5739.450000,5739.450000,18721367142.000000
2025-06-26,5725.130000,5725.130000,5725.130000,5725.130000,16531626346.000000
2025-06-27,5693.880000,5693.880000,5693.880000,5693.880000,19455791271.000000
2025-06-30,5719.970000,5719.970000,5719.970000,5719.970000,14517023588.000000
2025-07-01,5729.840000,5729.840000,5729.840000,5729.840000,12895936213.000000
2025-07-02,5731.180000,5731.180000,5731.180000,5731.180000,14706306223.000000
2025-07-03,5767.320000,5767.320000,5767.320000,5767.320000,14100400586.000000
2025-07-04,5788.300000,5788.300000,5788.300000,5788.300000,15719713315.000000
2025-07-07,5766.060000,5766.060000,5766.060000,5766.060000,13113527341.000000
2025-07-08,5814.490000,5814.490000,5814.490000,5814.490000,15640289541.000000
2025-07-09,5804.940000,5804.940000,5804.940000,5804.940000,17329379574.000000
2025-07-10,5835.130000,5835.130000,5835.130000,5835.130000,20977890431.000000
2025-07-11,5850.280000,5850.280000,5850.280000,5850.280000,26205277348.000000
2025-07-14,5856.980000,5856.980000,5856.980000,5856.980000,20791717508.000000
2025-07-15,5859.990000,5859.990000,5859.990000,5859.990000,19104293135.000000
2025-07-16,5845.410000,5845.410000,5845.410000,5845.410000,15102730784.000000
2025-07-17,5888.840000,5888.840000,5888.840000,5888.840000,16124904110.000000
2025-07-18,5930.930000,5930.930000,5930.930000,5930.930000,18621106282.000000
2025-07-21,5971.020000,5971.020000,5971.020000,5971.020000,22326847624.000000
2025-07-22,6020.610000,6020.610000,6020.610000,6020.610000,25759698539.000000
2025-07-23,6022.190000,6022.190000,6022.190000,6022.190000,30050615385.000000
2025-07-24,6065.460000,6065.460000,6065.460000,6065.460000,31963239192.000000
2025-07-25,6036.080000,6036.080000,6036.080000,6036.080000,27359496317.000000
2025-07-28,6050.250000,6050.250000,6050.250000,6050.250000,22275981547.000000
2025-07-29,6074.940000,6074.940000,6074.940000,6074.940000,23080787994.000000
2025-07-30,6073.860000,6073.860000,6073.860000,6073.860000,24985304824.000000
2025-07-31,5964.360000,5964.360000,5964.360000,5964.360000,26708740629.000000
2025-08-01,5934.190000,5934.190000,5934.190000,5934.190000,19622182634.000000
2025-08-04,5957.380000,5957.380000,5957.380000,5957.380000,16227590211.000000
2025-08-05,6005.310000,6005.310000,6005.310000,6005.310000,17885199944.000000
2025-08-06,6019.990000,6019.990000,6019.990000,6019.990000,17667615475.000000
2025-08-07,6021.720000,6021.720000,6021.720000,6021.720000,19864190230.000000
2025-08-08,6009.780000,6009.780000,6009.780000,6009.780000,17317120147.000000
2025-08-11,6035.470000,6035.470000,6035.470000,6035.470000,19044371620.000000
2025-08-12,6066.670000,6066.670000,6066.670000,6066.670000,17728782286.000000
2025-08-13,6114.810000,6114.810000,6114.810000,6114.810000,21393499878.000000
2025-08-14,6110.920000,6110.920000,6110.920000,6110.920000,22110359531.000000
2025-08-15,6154.100000,6154.100000,6154.100000,6154.100000,26132756645.000000
2025-08-18,6208.370000,6208.370000,6208.370000,6208.370000,30147910201.000000
2025-08-19,6185.280000,6185.280000,6185.280000,6185.280000,25081877075.000000
2025-08-20,6256.680000,6256.680000,6256.680000,6256.680000,24648177342.000000
2025-08-21,6281.170000,6281.170000,6281.170000,6281.170000,25903001448.000000
2025-08-22,6414.120000,6414.120000,6414.120000,6414.120000,29043489710.000000
2025-08-25,6548.680000,6548.680000,6548.680000,6548.680000,35809000640.000000
2025-08-26,6524.310000,6524.310000,6524.310000,6524.310000,27062139525.000000
2025-08-27,6427.050000,6427.050000,6427.050000,6427.050000,33313389840.000000
2025-08-28,6540.840000,6540.840000,6540.840000,6540.840000,29683453629.000000
2025-08-29,6591.650000,6591.650000,6591.650000,6591.650000,35193894689.000000
2025-09-01,6631.780000,6631.780000,6631.780000,6631.780000,32036670832.000000
2025-09-02,6583.030000,6583.030000,6583.030000,6583.030000,30393256560.000000
2025-09-03,6538.130000,6538.130000,6538.130000,6538.130000,25432021745.000000
2025-09-04,6400.170000,6400.170000,6400.170000,6400.170000,30793460909.000000
2025-09-05,6540.070000,6540.070000,6540.070000,6540.070000,24962565703.000000
2025-09-08,6550.870000,6550.870000,6550.870000,6550.870000,26763838203.000000
2025-09-09,6504.960000,6504.960000,6504.960000,6504.960000,22137546048.000000
2025-09-10,6518.420000,6518.420000,6518.420000,6518.420000,20359764573.000000
2025-09-11,6669.260000,6669.260000,6669.260000,6669.260000,25326405136.000000
2025-09-12,6631.510000,6631.510000,6631.510000,6631.510000,26644200259.000000
2025-09-15,6647.730000,6647.730000,6647.730000,6647.730000,23188567798.000000
2025-09-16,6634.830000,6634.830000,6634.830000,6634.830000,24926920582.000000
2025-09-17,6676.250000,6676.250000,6676.250000,6676.250000,23571647233.000000
2025-09-18,6598.840000,6598.840000,6598.840000,6598.840000,30985982575.000000
2025-09-19,6604.490000,6604.490000,6604.490000,6604.490000,22504400006.000000
2025-09-22,6634.840000,6634.840000,6634.840000,6634.840000,19645995604.000000
2025-09-23,6630.700000,6630.700000,6630.700000,6630.700000,25282706198.000000
2025-09-24,6699.320000,6699.320000,6699.320000,6699.320000,22048260800.000000
2025-09-25,6739.930000,6739.930000,6739.930000,6739.930000,22982333341.000000
2025-09-26,6676.920000,6676.920000,6676.920000,6676.920000,20848211442.000000
2025-09-29,6779.710000,6779.710000,6779.710000,6779.710000,27435887743.000000
2025-09-30,6811.550000,6811.550000,6811.550000,6811.550000,24798035895.000000
2025-10-09,6912.510000,6912.510000,6912.510000,6912.510000,34767869635.000000
2025-10-10,6776.930000,6776.930000,6776.930000,6776.930000,31902089860.000000
2025-10-13,6743.870000,6743.870000,6743.870000,6743.870000,31501035376.000000
2025-10-14,6663.260000,6663.260000,6663.260000,6663.260000,37295402975.000000
2025-10-15,6763.280000,6763.280000,6763.280000,6763.280000,28477185485.000000
2025-10-16,6782.750000,6782.750000,6782.750000,6782.750000,24823551833.000000
2025-10-17,6631.030000,6631.030000,6631.030000,6631.030000,25690561690.000000
2025-10-20,6666.750000,6666.750000,6666.750000,6666.750000,21842040492.000000
2025-10-21,6769.110000,6769.110000,6769.110000,6769.110000,21571117462.000000
2025-10-22,6746.870000,6746.870000,6746.870000,6746.870000,18533395968.000000
2025-10-23,6767.210000,6767.210000,6767.210000,6767.210000,20046391746.000000
2025-10-24,6852.310000,6852.310000,6852.310000,6852.310000,20881448337.000000
2025-10-27,6934.010000,6934.010000,6934.010000,6934.010000,26220067419.000000
2025-10-28,6899.530000,6899.530000,6899.530000,6899.530000,22090664503.000000
2025-10-29,6981.960000,6981.960000,6981.960000,6981.960000,24621132398.000000
2025-10-30,6926.260000,6926.260000,6926.260000,6926.260000,27328911823.000000
2025-10-31,6824.430000,6824.430000,6824.430000,6824.430000,28146473950.000000
2025-11-03,6843.600000,6843.600000,6843.600000,6843.600000,23986980882.000000
2025-11-04,6792.680000,6792.680000,6792.680000,6792.680000,23322403177.000000
2025-11-05,6805.380000,6805.380000,6805.380000,6805.380000,20304587097.000000
2025-11-06,6902.660000,6902.660000,6902.660000,6902.660000,22424100756.000000
2025-11-07,6881.460000,6881.460000,6881.460000,6881.460000,21249737702.000000
2025-11-10,6906.260000,6906.260000,6906.260000,6906.260000,23602676449.000000
2025-11-11,6843.180000,6843.180000,6843.180000,6843.180000,18663885840.000000
2025-11-12,6834.400000,6834.400000,6834.400000,6834.400000,20946059230.000000
2025-11-13,6917.020000,6917.020000,6917.020000,6917.020000,20736747359.000000
2025-11-14,6808.310000,6808.310000,6808.310000,6808.310000,19209267561.000000
2025-11-17,6764.120000,6764.120000,6764.120000,6764.120000,18895546572.000000
2025-11-18,6721.390000,6721.390000,6721.390000,6721.390000,17771318456.000000
2025-11-19,6750.960000,6750.960000,6750.960000,6750.960000,17292497448.000000
2025-11-20,6717.620000,6717.620000,6717.620000,6717.620000,19456259309.000000
2025-11-21,6554.040000,6554.040000,6554.040000,6554.040000,22285101300.000000
2025-11-24,6546.060000,6546.060000,6546.060000,6546.060000,18583372915.000000
2025-11-25,6608.540000,6608.540000,6608.540000,6608.540000,16957192879.000000
2025-11-26,6648.680000,6648.680000,6648.680000,6648.680000,15620036776.000000
2025-11-27,6645.410000,6645.410000,6645.410000,6645.410000,15031177234.000000
2025-11-28,6662.160000,6662.160000,6662.160000,6662.160000,14290209561.000000
2025-12-01,6735.490000,6735.490000,6735.490000,6735.490000,20038231682.000000
2025-12-02,6702.890000,6702.890000,6702.890000,6702.890000,14849313161.000000
2025-12-03,6668.620000,6668.620000,6668.620000,6668.620000,16976278993.000000
2025-12-04,6691.470000,6691.470000,6691.470000,6691.470000,14719810972.000000
2025-12-05,6747.360000,6747.360000,6747.360000,6747.360000,19679996828.000000
2025-12-08,6802.130000,6802.130000,6802.130000,6802.130000,19962098991.000000
2025-12-09,6767.600000,6767.600000,6767.600000,6767.600000,18416034404.000000
2025-12-10,6758.180000,6758.180000,6758.180000,6758.180000,16911110557.000000
2025-12-11,6700.710000,6700.710000,6700.710000,6700.710000,16841940502.000000
2025-12-12,6743.990000,6743.990000,6743.990000,6743.990000,21282651966.000000
2025-12-15,6703.600000,6703.600000,6703.600000,6703.600000,16758996682.000000
2025-12-16,6623.390000,6623.390000,6623.390000,6623.390000,16516520069.000000
2025-12-17,6745.780000,6745.780000,6745.780000,6745.780000,17842482971.000000
2025-12-18,6707.320000,6707.320000,6707.320000,6707.320000,15168132801.000000
2025-12-19,6734.070000,6734.070000,6734.070000,6734.070000,15487622017.000000
2025-12-22,6798.120000,6798.120000,6798.120000,6798.120000,16525285609.000000
2025-12-23,6811.770000,6811.770000,6811.770000,6811.770000,16925641195.000000
2025-12-24,6831.510000,6831.510000,6831.510000,6831.510000,15371124054.000000
2025-12-25,6845.160000,6845.160000,6845.160000,6845.160000,13943418606.000000
2025-12-26,6866.840000,6866.840000,6866.840000,6866.840000,17539656531.000000
2025-12-29,6840.530000,6840.530000,6840.530000,6840.530000,20039713255.000000
2025-12-30,6858.090000,6858.090000,6858.090000,6858.090000,18037497415.000000
2025-12-31,6826.620000,6826.620000,6826.620000,6826.620000,17076022420.000000
2026-01-05,6956.120000,6956.120000,6956.120000,6956.120000,23414483923.000000
2026-01-06,7063.680000,7063.680000,7063.680000,7063.680000,29697068640.000000
2026-01-07,7043.030000,7043.030000,7043.030000,7043.030000,25909556435.000000
2026-01-08,6985.570000,6985.570000,6985.570000,6985.570000,23880495730.000000
2026-01-09,7017.310000,7017.310000,7017.310000,7017.310000,25468803779.000000
2026-01-12,7063.390000,7063.390000,7063.390000,7063.390000,29483316513.000000
2026-01-13,7020.880000,7020.880000,7020.880000,7020.880000,30144949672.000000
2026-01-14,6994.020000,6994.020000,6994.020000,6994.020000,36495102327.000000
2026-01-15,7008.200000,7008.200000,7008.200000,7008.200000,25400363572.000000
2026-01-16,6983.070000,6983.070000,6983.070000,6983.070000,32527892948.000000
2026-01-19,6986.890000,6986.890000,6986.890000,6986.890000,26761249175.000000
2026-01-20,6963.900000,6963.900000,6963.900000,6963.900000,28271957851.000000
2026-01-21,6970.080000,6970.080000,6970.080000,6970.080000,26635333233.000000
2026-01-22,6971.030000,6971.030000,6971.030000,6971.030000,27419993239.000000
2026-01-23,6941.390000,6941.390000,6941.390000,6941.390000,31463544498.000000
2026-01-26,6947.980000,6947.980000,6947.980000,6947.980000,36300448122.000000
2026-01-27,6946.100000,6946.100000,6946.100000,6946.100000,30147569658.000000
2026-01-28,6964.260000,6964.260000,6964.260000,6964.260000,38225560212.000000
2026-01-29,7017.310000,7017.310000,7017.310000,7017.310000,41551305460.000000
2026-01-30,6947.510000,6947.510000,6947.510000,6947.510000,31978653134.000000
2026-02-02,6799.360000,6799.360000,6799.360000,6799.360000,30477350028.000000
2026-02-03,6879.270000,6879.270000,6879.270000,6879.270000,26554940473.000000
2026-02-04,6936.260000,6936.260000,6936.260000,6936.260000,26488103206.000000
2026-02-05,6895.070000,6895.070000,6895.070000,6895.070000,23785635132.000000
2026-02-06,6858.160000,6858.160000,6858.160000,6858.160000,20271647749.000000
2026-02-09,6970.390000,6970.390000,6970.390000,6970.390000,20725193756.000000
2026-02-10,6978.220000,6978.220000,6978.220000,6978.220000,18700095773.000000
2026-02-11,6962.880000,6962.880000,6962.880000,6962.880000,17339168064.000000
2026-02-12,6972.310000,6972.310000,6972.310000,6972.310000,19784143935.000000
2026-02-13,6884.890000,6884.890000,6884.890000,6884.890000,18916775621.000000
2026-02-24,6954.530000,6954.530000,6954.530000,6954.530000,21848888988.000000
2026-02-25,6996.400000,6996.400000,6996.400000,6996.400000,28426835404.000000
2026-02-26,6983.090000,6983.090000,6983.090000,6983.090000,23484764362.000000
2026-02-27,6959.110000,6959.110000,6959.110000,6959.110000,26142086496.000000
2026-03-02,6985.740000,6985.740000,6985.740000,6985.740000,34926075182.000000
2026-03-03,6878.230000,6878.230000,6878.230000,6878.230000,37062427179.000000
2026-03-04,6799.530000,6799.530000,6799.530000,6799.530000,30303566599.000000
2026-03-05,6866.110000,6866.110000,6866.110000,6866.110000,25931782508.000000
2026-03-06,6884.950000,6884.950000,6884.950000,6884.950000,23852792606.000000
2026-03-09,6818.490000,6818.490000,6818.490000,6818.490000,32278761698.000000
2026-03-10,6906.100000,6906.100000,6906.100000,6906.100000,26390374754.000000
2026-03-11,6950.030000,6950.030000,6950.030000,6950.030000,27017544284.000000
2026-03-12,6925.010000,6925.010000,6925.010000,6925.010000,30298681597.000000
2026-03-13,6897.800000,6897.800000,6897.800000,6897.800000,31077200887.000000
2026-03-16,6901.380000,6901.380000,6901.380000,6901.380000,29621506976.000000
2026-03-17,6850.970000,6850.970000,6850.970000,6850.970000,26302191290.000000
2026-03-18,6881.840000,6881.840000,6881.840000,6881.840000,23469070457.000000
2026-03-19,6770.920000,6770.920000,6770.920000,6770.920000,25413044875.000000
2026-03-20,6746.930000,6746.930000,6746.930000,6746.930000,25787370302.000000
2026-03-23,6526.780000,6526.780000,6526.780000,6526.780000,32808194467.000000
2026-03-24,6610.590000,6610.590000,6610.590000,6610.590000,25553251697.000000
2026-03-25,6703.280000,6703.280000,6703.280000,6703.280000,26263927929.000000
2026-03-26,6614.740000,6614.740000,6614.740000,6614.740000,21373678785.000000
2026-03-27,6651.720000,6651.720000,6651.720000,6651.720000,19240038816.000000
2026-03-30,6636.040000,6636.040000,6636.040000,6636.040000,20929309205.000000
2026-03-31,6574.140000,6574.140000,6574.140000,6574.140000,22454158516.000000
2026-04-01,6686.440000,6686.440000,6686.440000,6686.440000,21648319643.000000
2026-04-02,6616.780000,6616.780000,6616.780000,6616.780000,19099216058.000000
2026-04-03,6560.450000,6560.450000,6560.450000,6560.450000,16832170508.000000
2026-04-07,6560.300000,6560.300000,6560.300000,6560.300000,16263878651.000000
2026-04-08,6789.200000,6789.200000,6789.200000,6789.200000,25333921334.000000
2026-04-09,6745.860000,6745.860000,6745.860000,6745.860000,18493978328.000000
2026-04-10,6850.090000,6850.090000,6850.090000,6850.090000,20867860488.000000
2026-04-13,6864.250000,6864.250000,6864.250000,6864.250000,19671227704.000000
2026-04-14,6945.700000,6945.700000,6945.700000,6945.700000,20470033181.000000
2026-04-15,6922.330000,6922.330000,6922.330000,6922.330000,20168849952.000000
2026-04-16,6998.220000,6998.220000,6998.220000,6998.220000,19205760044.000000
2026-04-17,6986.810000,6986.810000,6986.810000,6986.810000,18291533618.000000
2026-04-20,7029.320000,7029.320000,7029.320000,7029.320000,22163349402.000000
2026-04-21,7045.260000,7045.260000,7045.260000,7045.260000,20561405801.000000
2026-04-22,7096.980000,7096.980000,7096.980000,7096.980000,20448182977.000000
2026-04-23,7077.310000,7077.310000,7077.310000,7077.310000,23286573582.000000
2026-04-24,7052.450000,7052.450000,7052.450000,7052.450000,19379831352.000000
2026-04-27,7054.790000,7054.790000,7054.790000,7054.790000,19279654994.000000
2026-04-28,7036.240000,7036.240000,7036.240000,7036.240000,21672423271.000000
2026-04-29,7113.720000,7113.720000,7113.720000,7113.720000,23329810970.000000
2026-04-30,7109.910000,7109.910000,7109.910000,7109.910000,25063336968.000000
2026-05-06,7213.120000,7213.120000,7213.120000,7213.120000,27444387993.000000
2026-05-07,7247.750000,7247.750000,7247.750000,7247.750000,25783397245.000000
2026-05-08,7205.740000,7205.740000,7205.740000,7205.740000,25172099581.000000
2026-05-11,7324.270000,7324.270000,7324.270000,7324.270000,30573480081.000000
2026-05-12,7318.930000,7318.930000,7318.930000,7318.930000,27381200094.000000
2026-05-13,7396.380000,7396.380000,7396.380000,7396.380000,26845453692.000000
2026-05-14,7272.540000,7272.540000,7272.540000,7272.540000,28069537921.000000
2026-05-15,7191.910000,7191.910000,7191.910000,7191.910000,27696776889.000000
2026-05-18,7153.470000,7153.470000,7153.470000,7153.470000,23907758742.000000
2026-05-19,7182.620000,7182.620000,7182.620000,7182.620000,23228085231.000000
2026-05-20,7180.410000,7180.410000,7180.410000,7180.410000,22002320604.000000
2026-05-21,7080.480000,7080.480000,7080.480000,7080.480000,28734250670.000000
2026-05-22,7172.750000,7172.750000,7172.750000,7172.750000,28694043516.000000
2026-05-25,7286.120000,7286.120000,7286.120000,7286.120000,26474323553.000000
2026-05-26,7325.640000,7325.640000,7325.640000,7325.640000,30279947556.000000
2026-05-27,7269.070000,7269.070000,7269.070000,7269.070000,30170917513.000000
2026-05-28,7278.670000,7278.670000,7278.670000,7278.670000,26743273122.000000
2026-05-29,7247.700000,7247.700000,7247.700000,7247.700000,33251861023.000000
2026-06-01,7177.020000,7177.020000,7177.020000,7177.020000,29613405104.000000
2026-06-02,7281.350000,7281.350000,7281.350000,7281.350000,28173166180.000000
2026-06-03,7317.460000,7317.460000,7317.460000,7317.460000,30403594652.000000
2026-06-04,7267.640000,7267.640000,7267.640000,7267.640000,26480891002.000000
2026-06-05,7140.200000,7140.200000,7140.200000,7140.200000,30192933586.000000
2026-06-08,6987.790000,6987.790000,6987.790000,6987.790000,29964756459.000000
2026-06-09,7118.710000,7118.710000,7118.710000,7118.710000,25839160127.000000
2026-06-10,7046.930000,7046.930000,7046.930000,7046.930000,25929710899.000000
2026-06-11,7009.130000,7009.130000,7009.130000,7009.130000,24717705899.000000
2026-06-12,7094.650000,7094.650000,7094.650000,7094.650000,33592206307.000000
2026-06-15,7265.640000,7265.640000,7265.640000,7265.640000,33131607612.000000
2026-06-16,7254.730000,7254.730000,7254.730000,7254.730000,28258474331.000000
2026-06-17,7325.560000,7325.560000,7325.560000,7325.560000,27605395024.000000
2026-06-18,7341.660000,7341.660000,7341.660000,7341.660000,33445990225.000000
2026-06-22,7517.350000,7517.350000,7517.350000,7517.350000,37510012385.000000
2026-06-23,7309.070000,7309.070000,7309.070000,7309.070000,34271933554.000000
2026-06-24,7344.520000,7344.520000,7344.520000,7344.520000,31224902528.000000
2026-06-25,7459.490000,7459.490000,7459.490000,7459.490000,34666428916.000000
2026-06-26,7244.110000,7244.110000,7244.110000,7244.110000,34117923813.000000
2026-06-29,7336.650000,7336.650000,7336.650000,7336.650000,32321613403.000000
2026-06-30,7415.780000,7415.780000,7415.780000,7415.780000,30615022640.000000
2026-07-01,7385.590000,7385.590000,7385.590000,7385.590000,34293474749.000000
2026-07-02,7167.860000,7167.860000,7167.860000,7167.860000,34324375793.000000
2026-07-03,7213.450000,7213.450000,7213.450000,7213.450000,30106756820.000000
2026-07-06,7213.960000,7213.960000,7213.960000,7213.960000,29405054302.000000
2026-07-07,7139.920000,7139.920000,7139.920000,7139.920000,24630599943.000000
2026-07-08,7085.310000,7085.310000,7085.310000,7085.310000,24392874897.000000
2026-07-09,7266.380000,7266.380000,7266.380000,7266.380000,28162770478.000000
2026-07-10,7132.350000,7132.350000,7132.350000,7132.350000,30413028605.000000
2026-07-13,7007.520000,7007.520000,7007.520000,7007.520000,27863485305.000000
2026-07-14,7158.680000,7158.680000,7158.680000,7158.680000,28325098623.000000
2026-07-15,7144.600000,7144.600000,7144.600000,7144.600000,27869266861.000000
2026-07-16,7018.510000,7018.510000,7018.510000,7018.510000,25156097716.000000
2026-07-17,6770.280000,6770.280000,6770.280000,6770.280000,30262988586.000000
2026-07-20,6874.720000,6874.720000,6874.720000,6874.720000,33311605817.000000
2026-07-21,7085.430000,7085.430000,7085.430000,7085.430000,34540359048.000000
2026-07-22,7052.970000,7052.970000,7052.970000,7052.970000,28555635736.000000
2026-07-23,7069.240000,7069.240000,7069.240000,7069.240000,24733167503.000000
2026-07-24,6952.090000,6952.090000,6952.090000,6952.090000,22126121159.000000
2026-07-27,7031.820000,7031.820000,7031.820000,7031.820000,20478694073.000000
2026-07-28,6833.900000,6833.900000,6833.900000,6833.900000,21570504473.000000
2026-07-29,6880.400000,6880.400000,6880.400000,6880.400000,24808235675.000000
2026-07-30,6806.040000,6806.040000,6806.040000,6806.040000,27465112960.000000
2026-07-31,6866.000000,6866.000000,6866.000000,6866.000000,27924369791.000000
2026-08-03,6799.370000,6799.370000,6799.370000,6799.370000,23204258373.000000
2026-08-04,6885.800000,6885.800000,6885.800000,6885.800000,24207361091.000000
2026-08-05,6971.440000,6971.440000,6971.440000,6971.440000,27692191881.000000
2026-08-06,6961.200000,6961.200000,6961.200000,6961.200000,24751073004.000000
2026-08-07,7027.380000,7027.380000,7027.380000,7027.380000,23907202037.000000
2026-08-10,7039.720000,7039.720000,7039.720000,7039.720000,21307599623.000000
2026-08-11,6983.350000,6983.350000,6983.350000,6983.350000,20969909806.000000
2026-08-12,7023.970000,7023.970000,7023.970000,7023.970000,18493914797.000000
2026-08-13,6984.850000,6984.850000,6984.850000,6984.850000,21549961509.000000
