date,open,high,low,close,volume
2016-08-08,44.3400,45.7100,44.2400,45.1800,23181
2016-08-09,45.2500,45.7700,44.2400,44.9900,19723
2016-08-10,44.9200,45.7700,43.8100,43.8400,26183
2016-08-11,43.7800,46.3000,43.4600,45.9600,30390
2016-08-12,46.1800,47.2500,43.4600,47.1900,28110
2016-08-15,47.1400,48.5400,46.8400,48.1000,21759
2016-08-16,48.2200,49.3600,46.8400,48.9000,27615
2016-08-17,48.8800,49.9300,47.9000,49.8000,27108
2016-08-18,49.7600,51.0500,48.5500,50.9000,23340
2016-08-19,50.9600,51.2200,49.5200,50.7900,23845
2016-08-22,50.7000,50.7000,49.0700,49.1000,23672
2016-08-23,49.0400,50.7000,48.4800,49.5800,25692
2016-08-24,49.5700,50.2100,48.4800,49.0300,23680
2016-08-25,49.0300,49.8700,48.6800,49.6800,18367
2016-08-26,49.6600,50.7600,48.7000,49.5700,18662
2016-08-29,49.5400,49.6000,48.9700,49.2000,9298
2016-08-30,49.4500,49.9000,48.4800,48.6800,18901
2016-08-31,48.6500,49.9000,46.7700,46.9700,22634
2016-09-01,46.9800,48.7700,45.3200,45.8200,23645
2016-09-02,45.7900,47.2400,45.3200,46.6800,26921
2016-09-05,46.7000,49.4000,46.4000,47.4000,44398
2016-09-06,47.4300,49.4000,46.2900,47.3600,22336
2016-09-07,47.2000,48.5600,46.2900,48.5500,17148
2016-09-08,48.5500,50.1400,46.9700,49.6900,13076
2016-09-09,49.6300,50.1400,47.7600,47.8800,12430
2016-09-12,47.8100,48.6300,46.9000,48.1500,11509
2016-09-13,48.1700,48.6300,46.9000,47.1900,13339
2016-09-14,47.3300,48.2200,45.7000,45.9700,11985
2016-09-15,46.0600,47.4800,45.6700,46.4100,11659
2016-09-16,46.3100,47.0000,45.4800,46.0500,14475
2016-09-19,46.0100,46.9300,45.8500,45.9200,12817
2016-09-20,45.9100,46.9300,45.0900,46.2000,13223
2016-09-21,46.4500,47.1400,45.0900,47.0500,7260
2016-09-22,46.9900,47.8300,46.3800,47.5000,7273
2016-09-23,47.8500,48.7800,46.2400,46.6000,20227
2016-09-26,46.6200,48.2400,46.3000,47.5400,28011
2016-09-27,47.7100,48.2400,46.1700,46.7500,33055
2016-09-28,46.7500,49.5000,46.1700,49.4300,56394
2016-09-29,49.4600,50.3900,46.2600,49.6200,39530
2016-09-30,49.7600,50.3900,48.5500,49.9900,32743
2016-10-03,50.0200,50.0500,49.7400,49.9500,1095
2016-10-04,50.9300,51.5500,49.9500,51.3100,30780
2016-10-05,51.2200,52.0900,50.8700,51.6100,29147
2016-10-06,51.7600,52.7500,51.2200,52.5900,27689
2016-10-07,52.7200,52.8400,51.3200,51.6900,29391
2016-10-10,51.6300,53.7300,51.3000,52.9200,16969
2016-10-11,53.1100,53.7300,51.3000,52.3200,12721
2016-10-12,52.4800,53.3200,51.6100,51.6600,12775
2016-10-13,51.6000,52.8700,50.9200,51.9600,14131
2016-10-14,52.0600,52.5500,50.9200,52.0000,10315
2016-10-17,51.9300,52.2900,51.1600,51.6800,10552
2016-10-18,51.7200,52.2900,51.1600,52.1400,9392
2016-10-19,52.1300,53.1400,51.2500,52.5400,11435
2016-10-20,52.6000,53.1400,51.1700,51.3900,9359
2016-10-21,51.4000,52.7200,51.1200,51.9200,9253
2016-10-24,51.8900,52.0100,51.3700,51.7700,1368
2016-10-25,51.4400,51.8300,50.2200,50.2600,3617
2016-10-26,50.2600,51.8300,49.6500,49.9500,13326
2016-10-27,51.1000,51.9800,49.9500,51.4300,10758
2016-10-28,51.5100,51.6600,50.3400,50.5700,11317
2016-10-31,50.3400,50.7600,48.4500,48.5100,13362
2016-11-01,48.7200,50.7600,47.7200,47.9000,20391
2016-11-02,47.9000,49.2600,46.4600,47.0800,17016
2016-11-03,47.1500,48.0200,45.9900,46.2800,12068
2016-11-04,46.4300,47.5200,45.0800,45.5900,15667
2016-11-07,46.3300,46.3300,46.3200,46.3300,1
2016-11-08,45.8200,45.8200,45.8200,45.8200,0
2016-11-09,46.0400,46.9500,44.4000,46.5000,24047
2016-11-10,46.3600,46.9500,44.4000,45.6600,14431
2016-11-11,45.8000,46.9200,44.1900,44.5200,11878
2016-11-14,44.5400,44.9900,43.5700,44.7600,12857
2016-11-15,44.7000,47.2500,43.5700,46.9100,11152
2016-11-16,46.3400,46.3400,46.3200,46.3400,1
2016-11-17,46.0000,46.0200,46.0000,46.0000,1
2016-11-18,46.0500,47.6200,45.7500,46.8900,11834
2016-11-21,49.0400,49.0400,49.0400,49.0400,0
2016-11-22,49.2500,49.9600,46.9200,49.0500,14202
2016-11-23,49.2000,49.5000,48.5600,48.8800,0
2016-11-24,49.0300,49.5000,48.5600,48.8600,3889
2016-11-25,48.9600,49.2100,46.8500,47.1200,8297
2016-11-28,46.7100,48.8100,46.2800,48.0500,9928
2016-11-29,49.0600,49.7600,46.9100,47.2400,16157
2016-11-30,47.5100,52.3700,46.9100,51.5000,38685
2016-12-01,51.7200,54.5300,47.4000,53.7000,21870
2016-12-02,53.8800,54.5300,51.5100,54.4900,14421
2016-12-05,54.1900,54.1900,54.1900,54.1900,0
2016-12-06,54.5000,54.9400,53.5100,53.8900,1
2016-12-07,53.9400,54.2300,52.9200,53.0200,0
2016-12-08,53.0300,53.0300,53.0300,53.0300,0
2016-12-09,53.0300,53.0300,53.0300,53.0300,0
2016-12-13,55.7000,57.8900,55.1100,55.2300,10106
2016-12-14,55.1600,56.4400,54.0500,54.1000,14143
2016-12-15,53.7600,55.8100,53.1500,54.2300,13986
2016-12-16,54.1100,55.3800,53.1500,55.3300,18363
2016-12-19,55.4000,55.8000,54.6900,55.0700,13989
2016-12-20,55.5400,55.5400,55.5400,55.5400,0
2016-12-21,54.5300,55.8700,54.3200,54.5300,0
2016-12-22,54.5500,55.8700,54.0500,54.9000,11131
2016-12-23,54.8400,55.2500,54.0500,55.0800,8267
2016-12-26,54.8400,55.2500,54.2600,55.0800,0
2016-12-27,55.1800,57.1500,55.0400,56.2300,0
2016-12-28,56.6300,56.6500,56.6300,56.6300,1
2016-12-29,56.7300,57.3300,56.6100,56.9500,12859
2016-12-30,57.0000,57.3300,56.4600,56.7500,10521
2017-01-02,57.0000,57.3300,56.4600,56.7500,0
2017-01-03,55.5600,55.5600,55.5600,55.5600,0
2017-01-04,55.7300,58.3700,55.3000,56.4700,23256
2017-01-05,56.3500,57.3500,55.3300,56.8900,22267
2017-01-06,56.8800,57.4700,56.0100,56.7500,18323
2017-01-09,56.8100,57.0000,54.7400,54.8200,18567
2017-01-10,54.9500,57.0000,53.5800,53.6500,20202
2017-01-11,53.8000,55.6700,53.5800,55.3300,29689
2017-01-12,55.1900,56.4300,53.7000,56.1100,21348
2017-01-13,56.0000,56.4300,55.0100,55.5900,18133
2017-01-16,55.6400,55.9200,55.1900,55.6800,7639
2017-01-17,55.7400,56.9500,55.1900,55.4700,14508
2017-01-18,54.2500,54.2500,54.2500,54.2500,0
2017-01-19,54.2900,55.9000,53.7700,54.2100,12128
2017-01-20,54.3300,55.8000,53.9000,55.4900,12574
2017-01-23,55.7000,55.7500,54.6500,55.3700,11794
2017-01-24,55.4200,55.8700,54.6500,55.1600,9774
2017-01-25,55.2400,55.8700,54.7500,55.2900,11166
2017-01-26,55.3900,56.5500,54.7500,56.1700,9932
2017-01-27,56.3300,56.7800,55.0900,55.6500,10858
2017-01-30,55.6600,55.8600,55.0400,55.3200,10514
2017-01-31,55.3400,56.4400,54.9600,55.5100,14403
2017-02-01,55.5500,56.8300,54.9600,56.5900,16937
2017-02-02,56.5300,57.4500,55.3600,56.7400,13286
2017-02-03,56.9200,57.4500,56.3300,56.7200,12056
2017-02-06,56.8500,57.1300,55.6500,55.8900,11354
2017-02-07,55.9100,57.1300,54.5800,54.6600,12874
2017-02-08,54.5000,55.9800,54.4400,55.1600,15134
2017-02-09,55.3000,55.9200,54.4400,55.7400,10375
2017-02-10,55.6600,56.8800,55.2300,56.6100,11402
2017-02-13,56.6800,56.8100,55.4100,55.6600,11254
2017-02-14,55.8100,55.8100,55.8100,55.8100,0
2017-02-15,55.8200,56.4600,55.5300,55.6900,10380
2017-02-16,55.7400,56.2500,55.1300,55.8100,11540
2017-02-17,55.7300,56.2400,55.1000,55.7200,8879
2017-02-20,55.9000,56.4200,55.7000,56.1500,4623
2017-02-21,56.1700,57.3100,55.7000,56.6700,12223
2017-02-22,56.8600,57.4200,55.8400,56.3500,7551
2017-02-23,56.3900,57.4800,55.8400,56.7300,10033
2017-02-24,56.6300,57.4800,56.0800,56.3500,7980
2017-02-27,56.4300,56.4300,56.4300,56.4300,0
2017-02-28,56.5200,57.0600,55.6200,56.4500,15118
2017-03-01,56.4500,57.0500,55.6200,56.2800,12126
2017-03-02,56.3100,57.0500,55.0300,55.0300,13308
2017-03-03,55.1800,56.4400,55.0300,55.7100,9019
2017-03-06,55.8000,56.2500,55.3200,55.9400,9418
2017-03-07,55.9500,56.6500,55.3200,55.6400,10370
2017-03-08,55.6300,56.6500,52.9300,53.1600,16060
2017-03-09,53.4900,55.7700,51.5000,52.3800,23442
2017-03-10,52.3300,53.8600,51.1400,51.2700,15374
2017-03-13,51.4900,51.7000,50.8500,51.3300,13644
2017-03-14,51.3400,51.8600,50.2500,51.8400,17169
2017-03-15,51.5000,52.1500,50.2500,52.0000,14662
2017-03-16,52.0800,52.6500,51.3600,51.7400,11137
2017-03-17,51.7400,52.6500,51.5000,51.6700,7273
2017-03-20,51.8000,51.9400,51.0100,51.7200,10107
2017-03-21,51.7000,52.2200,50.7300,50.8500,8544
2017-03-22,50.8600,52.2200,49.7100,50.6900,13270
2017-03-23,50.8300,51.1000,49.7100,50.5100,7806
2017-03-24,50.7600,51.2900,50.4600,51.1400,6718
2017-03-27,51.1500,51.1900,50.1300,50.9400,7040
2017-03-28,50.9800,52.0000,50.1300,51.4200,8010
2017-03-29,51.4900,52.6100,50.9200,52.5500,10203
2017-03-30,52.5300,53.2700,51.4500,53.0700,10573
2017-03-31,53.0400,53.7700,52.1700,53.6200,10228
2017-04-03,53.6200,53.7400,53.0300,53.1000,8463
2017-04-04,53.1800,54.3800,52.7300,54.2600,9686
2017-04-05,54.2200,55.0900,52.7300,54.0100,11327
2017-04-06,54.1300,55.0900,53.9700,54.9000,8529
2017-04-07,54.8800,56.0800,54.0200,55.2600,12997
2017-04-10,55.1900,56.0500,55.1900,56.0000,8548
2017-04-11,56.0800,56.3000,55.1900,56.2900,9356
2017-04-12,56.2800,56.6500,55.4500,55.6200,9989
2017-04-13,55.6600,56.6500,55.5000,55.6400,8009
2017-04-14,55.6400,55.6400,55.6400,55.6400,0
2017-04-17,55.5500,55.9800,55.2900,55.4800,6025
2017-04-18,55.3900,55.9800,54.6100,54.8200,9808
2017-04-19,54.7800,55.4800,52.5800,53.0800,12907
2017-04-20,53.0900,55.2000,52.5800,52.9900,10856
2017-04-21,53.0000,53.5500,51.5700,52.0500,10447
2017-04-24,52.1100,52.5700,51.4200,51.6100,7122
2017-04-25,51.6000,52.5700,51.3000,51.9700,7651
2017-04-26,52.3200,52.9500,51.8000,52.0700,10741
2017-04-27,52.1100,52.9500,51.0100,52.0700,13386
2017-04-28,51.9500,52.6000,51.0100,51.8900,11657
2017-05-01,51.8800,51.9700,51.2200,51.4600,5889
2017-05-02,51.3900,52.1600,50.1400,51.1300,12780
2017-05-03,50.9900,52.1600,50.1400,50.6500,10037
2017-05-04,50.5900,50.7300,48.1600,48.3500,22674
2017-05-05,48.4500,49.6300,46.6400,49.6000,39609
2017-05-08,49.2700,49.9200,48.4800,49.4500,29330
2017-05-09,49.4400,49.9200,48.3900,48.9900,21032
2017-05-10,48.9500,50.6300,48.8100,50.2800,23693
2017-05-11,50.2800,51.1600,48.8100,50.7500,19088
2017-05-12,50.7600,51.1600,50.2500,50.9100,15948
2017-05-15,50.8900,52.6300,50.7400,51.8000,21459
2017-05-16,51.8800,52.6300,50.7400,51.2300,18139
2017-05-17,51.2000,52.6100,51.0400,52.0900,21919
2017-05-18,52.1900,52.7400,51.1100,52.5000,21545
2017-05-19,52.5700,53.8200,51.1100,53.8000,17734
2017-05-22,53.8500,54.3700,53.6600,53.7400,17795
2017-05-23,53.8700,54.4300,53.2000,54.1600,15602
2017-05-24,54.1400,54.6200,53.2000,53.8600,18372
2017-05-25,54.1500,54.6700,51.0300,51.3300,35936
2017-05-26,51.3800,54.6700,50.7100,52.2300,18794
2017-05-29,52.5000,52.9600,52.2100,52.5600,6133
2017-05-30,52.5900,52.9600,51.6000,52.1900,15374
2017-05-31,52.1800,52.6900,50.2100,50.9800,25341
2017-06-01,51.1700,51.4500,50.2300,50.4000,27108
2017-06-02,50.2300,51.4500,48.9500,49.9500,29380
2017-06-05,49.8700,50.7400,49.0400,49.4800,21872
2017-06-06,49.5700,50.7400,49.0000,49.9700,24624
2017-06-07,49.9700,50.3000,47.9600,48.2000,28270
2017-06-08,48.2600,50.1400,47.5600,47.8700,26152
2017-06-09,47.7900,48.5600,47.4000,48.3000,19167
2017-06-12,48.0600,49.1500,48.0100,48.2700,19643
2017-06-13,48.3200,48.8200,47.8700,48.2300,17059
2017-06-14,48.1800,48.8200,46.7400,46.9000,25953
2017-06-15,46.8000,48.6900,46.7000,46.7900,17289
2017-06-16,46.8200,47.6100,46.7000,47.2900,12762
2017-06-19,47.2100,47.7600,46.7700,46.8100,12837
2017-06-20,46.9600,47.7600,45.4200,45.8400,19066
2017-06-21,45.8900,47.2300,44.3500,44.7800,23987
2017-06-22,44.8100,46.6300,44.3500,45.2900,16297
2017-06-23,45.2800,45.7900,44.5300,45.6100,13134
2017-06-26,45.6300,46.2400,45.0400,45.9400,12513
2017-06-27,46.1000,47.3000,45.2600,46.4600,14620
2017-06-28,46.5400,47.7000,46.0000,47.6800,18447
2017-06-29,47.6100,48.2700,46.5400,47.5000,17512
2017-06-30,47.6000,49.0000,47.3400,48.9400,16546
2017-07-03,48.9500,49.7100,48.5400,49.6000,14440
2017-07-04,49.6300,49.9000,48.5400,49.6800,8226
2017-07-05,49.6700,49.9000,47.0000,48.3400,27825
2017-07-06,48.2800,49.8400,47.0000,47.9900,23739
2017-07-07,47.7600,49.1800,46.2800,46.8800,26625
2017-07-10,46.8400,47.3800,46.1100,46.9900,18008
2017-07-11,46.9900,48.2100,46.1100,48.1000,19927
2017-07-12,48.2100,48.7900,46.2900,47.7100,22979
2017-07-13,47.7000,48.7900,47.1800,48.3700,17617
2017-07-14,48.3700,49.1100,47.1800,49.0900,19081
2017-07-17,49.1400,49.2600,48.3100,48.3700,8545
2017-07-18,48.4000,49.4100,48.2400,48.7000,1
2017-07-19,48.7000,49.8100,48.2400,49.5700,11252
2017-07-20,49.6500,50.1900,48.5800,49.2800,9484
2017-07-21,49.3300,50.1900,47.8100,48.1000,10903
2017-07-24,47.9600,48.7700,47.6800,48.7100,9346
2017-07-25,48.6400,50.9100,47.6800,50.6900,8659
2017-07-26,50.6300,51.0600,48.6300,50.8900,9053
2017-07-27,51.0000,51.6700,50.2300,51.6300,9763
2017-07-28,51.5800,52.3500,50.5800,52.3200,9213
2017-07-31,52.3000,52.9000,51.7800,52.6800,11236
2017-08-01,52.7000,52.9300,50.8800,51.4700,12667
2017-08-02,51.3800,52.9300,50.8800,52.2900,12232
2017-08-03,52.2400,52.8900,51.1800,51.9300,10484
2017-08-04,51.9700,52.8900,51.4300,52.4600,9952
2017-08-07,52.3900,52.5300,51.3700,52.3000,10031
2017-08-08,52.2400,52.7300,51.8200,51.9900,10481
2017-08-09,51.9900,52.8500,51.8100,52.8200,10027
2017-08-10,52.7200,53.6400,51.6700,51.8200,14403
2017-08-11,51.9400,53.6400,51.3000,52.0500,10235
2017-08-14,52.0200,52.3800,50.5500,50.6200,9992
2017-08-15,50.6500,52.3800,50.0200,51.0000,9620
2017-08-16,50.9800,51.4000,50.0200,50.4000,9470
2017-08-17,50.4000,51.4000,50.0000,50.8000,8891
2017-08-18,50.8900,52.9600,50.0000,52.8600,10401
2017-08-21,53.0000,53.0000,51.3000,51.7000,10778
2017-08-22,51.7800,53.0000,51.3000,51.6700,10397
2017-08-23,51.6800,52.6300,51.4500,52.5200,9505
2017-08-24,52.5500,52.7100,51.4500,52.1300,9403
2017-08-25,51.9100,52.3900,51.2600,51.9100,8851
2017-08-28,52.0000,52.4400,51.0700,51.6100,9389
2017-08-29,51.5400,52.4400,50.9800,51.6000,11221
2017-08-30,51.6500,51.7900,50.5200,50.6700,14310
2017-08-31,50.5300,52.9000,50.4900,52.7700,16482
2017-09-01,52.8400,52.9500,50.4900,52.6900,12047
2017-09-04,52.8500,52.8500,51.9900,52.2000,6186
2017-09-05,52.3000,53.6600,51.9900,53.1900,9691
2017-09-06,53.1600,54.3100,52.0900,54.1700,10813
2017-09-07,54.1300,54.6700,53.0900,54.5000,12923
2017-09-08,54.5400,54.8700,53.5700,53.7500,10536
2017-09-11,53.8200,54.1400,53.0400,53.9300,10257
2017-09-12,53.7700,54.4400,53.0400,54.2100,8616
2017-09-13,54.1800,55.2100,53.4200,55.0800,9265
2017-09-14,55.0200,55.9900,54.0300,55.2800,8198
2017-09-15,55.1100,55.6600,54.6100,55.3300,4907
2017-09-18,55.4100,55.7400,54.6300,55.1900,5336
2017-09-19,55.2000,55.7400,54.6300,55.1500,5664
2017-09-20,55.0900,56.1100,54.6700,55.8200,7150
2017-09-21,55.9300,56.1800,55.0200,56.1000,6313
2017-09-22,56.1600,56.4700,55.4600,56.4200,6163
2017-09-25,56.4600,58.6600,56.2300,58.5200,8531
2017-09-26,58.5500,58.8800,56.2300,58.0300,12248
2017-09-27,58.1100,58.8800,57.2200,57.3200,11371
2017-09-28,57.3900,58.3400,56.5600,57.2700,13310
2017-09-29,57.2900,58.2800,56.4400,56.5300,10674
2017-10-02,56.7300,56.7600,55.5000,56.0700,11450
2017-10-03,56.1000,56.7600,55.5000,55.7200,8960
2017-10-04,55.6700,56.4000,55.3800,55.7400,11236
2017-10-05,55.7700,57.2400,55.3800,56.9900,10906
2017-10-06,56.9900,57.2800,55.1300,55.6800,12617
2017-10-09,55.5000,55.9800,55.0600,55.7700,9310
2017-10-10,55.7800,56.9100,55.7300,56.5500,8294
2017-10-11,56.5600,57.0900,55.7300,56.6700,9883
2017-10-12,56.7400,57.0900,55.8800,56.4000,10492
2017-10-13,56.4400,57.5700,56.3400,57.2000,12372
2017-10-16,57.2800,58.4700,57.1200,57.9200,9909
2017-10-17,57.7800,58.3500,57.1800,58.1100,9961
2017-10-18,58.1600,58.5400,57.1800,58.2000,9800
2017-10-19,58.2400,58.5400,57.0200,57.3300,10221
2017-10-20,57.3200,58.3000,56.6000,57.9400,9858
2017-10-23,57.9500,58.0500,57.2700,57.3300,8609
2017-10-24,57.4100,58.5700,57.0400,58.5300,9189
2017-10-25,58.4400,58.7400,57.0400,58.4400,8868
2017-10-26,58.4200,59.5500,57.8500,59.4800,6964
2017-10-27,59.1400,60.3500,57.8400,60.2100,9308
2017-10-30,60.2300,60.7000,59.9100,60.5300,8877
2017-10-31,60.5500,61.1900,59.9100,61.1800,9047
2017-11-01,61.0700,61.7000,60.0000,60.4400,12509
2017-11-02,60.5000,61.7000,60.0000,60.7000,9378
2017-11-03,60.8800,62.2300,60.0200,62.0900,10496
2017-11-06,62.2700,64.4400,62.0800,64.1100,11
2017-11-07,64.1200,64.6500,62.0800,63.5600,11803
2017-11-08,63.6900,64.6500,62.9500,63.4800,14066
2017-11-09,63.5200,64.2500,63.2600,63.8100,1
2017-11-10,63.8000,64.2700,63.2600,63.6000,9373
2017-11-13,63.6800,63.7700,62.6100,63.1300,3
2017-11-14,63.0600,63.1700,61.2100,61.5200,5
2017-11-15,61.8400,61.8400,61.8400,61.8400,0
2017-11-16,61.8800,62.1500,61.2500,61.3700,3
2017-11-17,61.4100,62.9200,61.0800,62.7200,10675
2017-11-20,62.8000,62.8000,61.4400,62.1800,9614
2017-11-21,62.1000,62.8700,61.4400,62.7600,9621
2017-11-22,62.7800,63.4300,62.0700,63.3000,9811
2017-11-23,63.2400,63.5700,62.6200,63.4200,3527
2017-11-24,63.3500,63.9500,62.8800,63.7300,5110
2017-11-27,63.7500,63.7600,63.7400,63.7600,4
2017-11-28,63.3300,63.4400,62.7100,63.0300,2
2017-11-29,63.0200,63.5900,61.9300,62.6200,13238
2017-11-30,62.6600,62.6900,62.6600,62.6600,1
2017-12-01,62.7400,64.3200,62.1500,63.7000,12081
2017-12-04,62.4700,62.4700,62.4400,62.4700,1
2017-12-05,62.4500,63.6800,62.1200,62.7000,8410
2017-12-06,62.6400,62.9300,61.1300,61.2000,7
2017-12-07,62.0900,62.1000,62.0900,62.1000,0
2017-12-08,62.0800,63.6400,61.1500,63.3900,10604
2017-12-11,63.2900,64.9300,62.9900,64.7500,5
2017-12-12,64.6600,65.8300,62.9900,63.8100,15656
2017-12-13,63.8000,65.8300,62.3600,62.7900,11975
2017-12-14,62.8100,64.3200,62.0100,63.4100,10305
2017-12-15,63.3900,63.6800,62.0100,63.2700,7788
2017-12-18,63.3600,63.9100,63.0000,63.3900,2
2017-12-19,63.8600,63.8900,63.8400,63.8800,4
2017-12-20,63.8300,64.6000,63.6700,64.5000,1
2017-12-21,64.4900,64.9300,63.6700,64.6400,5890
2017-12-22,64.6000,65.2800,63.7800,65.0400,4469
2017-12-25,64.6000,65.2800,64.3900,65.0400,0
2017-12-26,65.2000,67.1000,65.0000,66.7900,0
2017-12-27,66.1900,67.1000,64.4800,65.9200,8328
2017-12-28,66.0100,66.3800,65.4600,66.2000,7105
2017-12-29,66.1500,66.9800,65.7100,66.6200,8435
2018-01-01,66.1500,66.9800,66.1500,66.6200,0
2018-01-02,66.5500,67.2900,66.1500,66.5500,9250
2018-01-03,66.5400,68.0300,66.2400,67.9200,9039
2018-01-04,67.8900,68.2700,66.4000,67.9800,9281
2018-01-05,67.9700,68.2700,67.2600,67.7900,7861
2018-01-08,67.8000,67.9900,67.4400,67.9200,7269
2018-01-09,68.0000,69.2900,67.4400,69.1600,9973
2018-01-10,69.1200,69.3700,67.7000,69.1000,9792
2018-01-11,69.1500,70.0500,68.7500,69.1100,11145
2018-01-12,69.1500,70.0500,68.5900,69.8100,10109
2018-01-15,69.8800,70.3700,68.6100,70.2200,5874
2018-01-16,70.0500,70.3700,68.8300,69.3200,11493
2018-01-17,69.3500,70.1300,68.5500,69.4500,10001
2018-01-18,69.5300,69.6600,68.5500,69.1400,9033
2018-01-19,69.0100,69.6300,68.2800,68.6500,10153
2018-01-22,68.8000,69.5100,68.2700,69.2300,8560
2018-01-23,69.1700,70.2400,68.3900,69.8400,9283
2018-01-24,69.9700,70.9400,69.1200,70.7500,10265
2018-01-25,70.9500,71.2800,69.5400,70.0400,9748
2018-01-26,69.6900,71.2800,69.6200,69.9400,7535
2018-01-29,70.1800,70.2700,68.7500,69.1600,8818
2018-01-30,69.0100,70.2700,68.0000,68.1100,11147
2018-01-31,67.9900,69.1000,67.7900,68.8800,11044
2018-02-01,69.0000,69.9700,67.8100,69.7800,9871
2018-02-02,70.0000,70.0200,67.9600,68.2300,12077
2018-02-05,68.1500,70.0100,66.9000,66.9200,15095
2018-02-06,67.0200,68.4600,66.5300,67.2200,14638
2018-02-07,67.2000,67.7200,65.1600,65.3500,17474
2018-02-08,65.2800,67.7200,64.1000,64.3100,14760
2018-02-09,64.4400,65.6000,61.7700,62.7100,18324
2018-02-12,62.5000,64.4000,62.5000,62.6600,15673
2018-02-13,62.8500,64.4000,61.7600,62.6000,13245
2018-02-14,62.8400,64.5800,61.7600,64.3500,14221
2018-02-15,64.4400,65.1500,61.9500,64.5300,15043
2018-02-16,64.6600,65.2200,63.1200,64.9000,11608
2018-02-19,64.9600,65.9000,64.8400,65.6200,5443
2018-02-20,65.6400,65.9000,64.7800,65.1100,10403
2018-02-21,65.0500,65.8100,64.4000,65.0600,8963
2018-02-22,64.9100,66.5600,64.4000,66.1800,10067
2018-02-23,66.3000,67.3700,64.6200,67.1000,6865
2018-02-26,67.2900,67.9000,66.7200,67.5300,6433
2018-02-27,67.3600,67.9000,66.2200,66.3300,9684
2018-02-28,66.2900,67.4200,64.5000,64.7500,13702
2018-03-01,64.5700,66.8000,63.1900,64.2000,16351
2018-03-02,64.0700,65.0400,63.1900,64.5600,12643
2018-03-05,64.6500,65.8800,64.1000,65.5600,11227
2018-03-06,65.7400,66.1600,64.1000,65.5300,10397
2018-03-07,65.2300,66.1600,63.8300,64.5700,14091
2018-03-08,64.5100,65.8000,63.4300,63.8700,10920
2018-03-09,63.9300,65.6300,63.4300,65.4900,11173
2018-03-12,65.5000,65.8600,64.1800,64.9500,9970
2018-03-13,64.9200,65.8600,64.0500,64.7300,13335
2018-03-14,64.7300,65.6800,64.0500,64.9000,14842
2018-03-15,64.9000,65.3800,64.0600,65.0100,9921
2018-03-16,65.0700,66.4200,64.6100,65.9900,9186
2018-03-19,66.0100,66.3900,65.3900,66.1000,10348
2018-03-20,66.1500,67.8800,65.3900,67.5900,12153
2018-03-21,67.6100,69.8600,66.1500,69.8200,8356
2018-03-22,69.2500,69.7300,67.1700,68.3000,7023
2018-03-23,68.5700,69.9200,68.2300,69.7500,8807
2018-03-26,69.9500,70.3400,69.1100,69.5200,7685
2018-03-27,69.6000,70.4000,68.7900,68.8900,7641
2018-03-28,69.0500,69.4600,67.9700,69.0000,8808
2018-03-29,69.0300,69.7700,68.2200,69.3500,7864
2018-03-30,69.0100,69.7600,68.2500,69.3500,0
2018-04-02,69.0100,70.0400,67.6500,67.6900,5
2018-04-03,67.6700,69.7600,67.6400,68.1900,6
2018-04-04,68.1500,68.2300,66.9900,68.2300,7
2018-04-05,68.1500,68.5000,66.6900,68.5000,4
2018-04-06,68.0300,68.3300,67.4400,67.4400,3
2018-04-09,67.0900,68.6600,67.0800,68.5500,6
2018-04-10,68.5200,71.1500,68.4700,71.1500,5
2018-04-11,71.0600,72.0000,71.0300,72.0000,2
2018-04-12,72.0600,72.0800,71.7300,72.0800,3
2018-04-13,71.9400,72.5000,71.7400,72.5000,4
2018-04-16,72.6600,72.6800,71.4000,72.0100,7
2018-04-17,71.6400,72.8500,70.9400,71.4400,6
2018-04-18,71.7100,73.2000,71.5800,73.2000,6
2018-04-19,73.7300,74.0100,73.4800,73.5800,11
2018-04-20,73.9400,73.9400,73.5600,73.7100,5
2018-04-23,75.0200,75.1000,73.1400,75.0300,382
2018-04-24,73.8700,75.4600,73.6900,73.8800,656
2018-04-25,74.0200,74.1800,73.1800,74.0600,658
2018-04-26,74.7500,74.9700,73.9800,74.7400,566
2018-04-27,74.7500,75.0200,73.8800,74.4200,584
2018-04-30,74.7300,75.6200,72.8100,74.6700,587
2018-05-01,73.3100,74.9700,72.7500,73.3800,613
2018-05-02,73.0700,73.6300,72.4000,73.0600,626
2018-05-03,73.7200,74.0800,72.5000,73.7200,610
2018-05-04,73.7200,75.0600,73.2500,74.9600,589
2018-05-07,75.6000,76.3300,74.8400,75.5300,630
2018-05-08,75.5500,76.1800,73.1000,75.9500,0
2018-05-09,77.3200,77.4200,75.9700,77.3500,464
2018-05-10,77.4400,77.9700,76.5200,77.5000,1200
2018-05-11,77.4400,77.5700,76.9600,76.9900,1185
2018-05-14,78.4500,78.5300,76.5600,78.5200,1346
2018-05-15,78.0300,79.4500,77.9100,78.1200,983
2018-05-16,78.1000,79.3500,77.6100,79.3300,0
2018-05-17,79.2900,80.5000,79.1200,79.5600,1489
2018-05-18,79.5200,79.8700,78.3300,78.7100,0
2018-05-21,79.5200,79.5900,78.1000,79.4300,1399
2018-05-22,79.4600,80.4800,79.1600,79.4400,1369
2018-05-23,79.7300,79.8400,78.2200,79.6900,1485
2018-05-24,78.8200,79.8000,78.5700,78.8200,1412
2018-05-25,78.8200,78.8800,76.0100,76.4200,0
2018-05-28,76.0400,76.0700,74.4900,75.3200,0
2018-05-29,75.4700,76.2200,74.6800,75.5600,1685
2018-05-30,77.7200,77.6800,74.9100,77.8600,1637
2018-05-31,77.6500,79.1800,76.9600,77.6100,0
2018-06-01,77.7200,77.9500,76.3500,76.7100,0
2018-06-04,76.6100,76.9500,75.2000,75.3700,0
2018-06-05,75.4200,75.7400,73.8100,74.9600,0
2018-06-06,75.1500,76.2500,74.4600,75.8600,0
2018-06-07,75.8600,77.4500,75.4400,77.4400,0
2018-06-08,77.3900,77.6100,76.1200,76.3400,0
2018-06-11,76.2700,76.8400,75.5200,76.3600,0
2018-06-12,76.4700,77.0700,75.4300,75.4300,0
2018-06-13,75.4000,76.8700,75.2600,76.5600,0
2018-06-14,76.5600,76.9200,75.7600,75.9000,0
2018-06-15,75.9600,76.0600,73.0000,73.0000,0
2018-06-18,73.2000,75.4900,72.4500,75.4600,0
2018-06-19,75.2400,75.5500,74.4500,75.0700,0
2018-06-20,75.1400,75.8600,74.1000,74.3000,0
2018-06-21,74.4600,74.6900,72.9300,73.4000,0
2018-06-22,73.2700,75.8300,73.2400,75.5300,0
2018-06-25,74.6700,75.1300,73.7400,74.7500,0
2018-06-26,74.6000,76.5500,73.9700,76.4800,0
2018-06-27,76.4100,78.0000,76.1100,77.1300,0
2018-06-28,77.3200,78.2000,77.0700,77.5500,0
2018-06-29,77.5500,79.5600,77.1700,79.0800,0
2018-07-02,78.1900,78.9500,77.1700,77.4900,0
2018-07-03,77.4000,78.5500,76.6700,77.8800,0
2018-07-04,77.8700,78.2800,77.6100,78.1600,0
2018-07-05,78.1400,78.5000,77.3000,77.5400,0
2018-07-06,77.6100,77.6800,76.3600,77.2900,0
2018-07-09,77.1500,78.3100,77.0400,78.1800,0
2018-07-10,78.2500,79.5100,78.1500,78.8600,0
2018-07-11,78.8200,78.8300,73.0500,74.1700,0
2018-07-12,74.0500,75.1000,72.6700,74.5300,0
2018-07-13,74.3400,75.9200,73.2200,74.9200,0
2018-07-16,74.9300,75.3700,71.5200,71.8700,0
2018-07-17,72.0100,72.7800,71.3500,71.6000,0
2018-07-18,71.7400,73.2800,71.1900,73.0600,0
2018-07-19,73.0500,73.7900,71.8300,72.6200,0
2018-07-20,72.6500,73.4700,72.2700,73.0000,0
2018-07-23,72.9700,74.5000,72.5200,72.9300,0
2018-07-24,72.9100,74.0000,72.6800,73.7500,0
2018-07-25,74.0600,75.0600,73.4800,74.8400,0
2018-07-26,74.8400,75.3000,74.3200,75.0600,0
2018-07-27,75.0700,75.3900,74.3500,74.9200,0
2018-07-30,74.8200,75.7900,74.6400,75.3500,0
2018-07-31,75.4500,75.6200,73.8500,74.1900,0
2018-08-01,74.0700,74.1200,72.1300,72.6200,0
2018-08-02,72.4400,73.7400,71.8400,73.3900,0
2018-08-03,73.3700,73.7300,72.4800,73.4200,0
2018-08-06,73.2000,74.4700,73.0800,73.6700,0
2018-08-07,73.6100,74.9000,73.5700,74.4600,0
2018-08-08,74.6400,74.8600,71.6500,72.2300,0
2018-08-09,72.1600,72.8900,71.8600,72.0300,0
2018-08-10,71.9700,73.1400,71.4000,72.9600,0
2018-08-13,72.8800,73.0900,71.0400,72.8300,0
2018-08-14,72.8200,73.9300,72.1600,72.1600,0
2018-08-15,72.2200,72.4400,70.3000,70.8100,0
2018-08-16,70.7000,71.5200,70.4000,71.4300,0
2018-08-17,71.4300,72.4900,71.2500,71.8600,0
2018-08-20,71.7700,72.7500,71.4200,72.1000,0
2018-08-21,72.1500,72.9500,72.0500,72.8200,0
2018-08-22,72.7700,75.0000,72.7000,74.9200,0
2018-08-23,74.7200,74.8700,74.2100,74.7100,0
2018-08-24,74.7700,76.4200,74.6800,75.4400,0
2018-08-27,75.6000,76.3400,75.3900,76.2500,0
2018-08-28,76.3400,76.9700,75.7300,75.9200,0
2018-08-29,76.3400,77.7500,76.0100,77.6900,0
2018-08-30,77.6900,78.3200,77.5100,77.7500,0
2018-08-31,77.7800,78.2200,77.2400,77.7100,0
2018-09-03,77.7800,78.4400,77.3000,78.0100,0
2018-09-04,78.2400,79.7200,77.4600,77.8600,0
2018-09-05,77.8600,78.0900,76.9100,77.1200,0
2018-09-06,77.0100,77.7700,75.6400,76.6300,0
2018-09-07,76.6300,77.1000,75.8800,77.1000,0
2018-09-10,77.1100,77.9200,76.9000,77.3600,0
2018-09-11,77.3700,79.5400,77.3600,79.5000,0
2018-09-12,79.4600,80.1300,78.7500,79.7500,0
2018-09-13,79.6000,79.7100,77.8700,78.4300,0
2018-09-14,78.4600,78.9400,77.3700,78.1000,0
2018-09-17,78.1500,78.9000,77.7300,78.0000,0
2018-09-18,77.7800,79.7300,77.4700,78.9000,0
2018-09-19,78.9800,79.5000,78.5100,79.3400,0
2018-09-20,79.4400,79.8300,78.5100,78.7100,0
2018-09-21,78.7100,80.1200,78.2300,78.7700,0
2018-09-24,78.9500,80.7900,78.9500,80.7300,0
2018-09-25,80.5500,81.8100,80.4800,80.8900,0
2018-09-26,80.9400,81.5600,80.5300,81.1800,0
2018-09-27,81.2500,81.8900,80.8400,81.3000,0
2018-09-28,81.4200,83.4100,81.2900,82.9500,0
2018-10-01,82.7900,85.4500,82.5500,84.9500,0
2018-10-02,84.9500,85.3800,84.3100,84.6400,0
2018-10-03,84.7900,86.7400,84.0100,86.1000,0
2018-10-04,85.9900,86.4300,84.1500,84.8800,0
2018-10-05,84.8900,85.1200,83.9300,84.1100,0
2018-10-08,84.3000,84.3100,82.6600,83.7600,0
2018-10-09,83.9100,85.4500,83.7300,84.8600,0
2018-10-10,84.9800,85.1700,82.3000,82.6000,0
2018-10-11,82.4700,82.6300,79.8000,80.3600,0
2018-10-12,80.3000,81.4800,79.2300,80.6000,0
2018-10-15,81.0300,81.9200,79.8500,80.7600,0
2018-10-16,80.8800,81.7500,79.8000,81.5600,0
2018-10-17,81.7400,81.8500,79.1700,80.3600,0
2018-10-18,80.1800,80.3100,78.6900,79.3200,0
2018-10-19,79.4400,80.8800,79.2200,80.0300,0
2018-10-22,80.1100,80.4100,78.9900,79.9800,0
2018-10-23,80.0400,80.1200,75.8900,76.2400,0
2018-10-24,76.3500,77.5700,75.1100,75.6800,0
2018-10-25,75.6300,77.0900,75.4100,76.7000,0
2018-10-26,76.6400,77.9400,75.8000,77.8200,0
2018-10-29,77.6500,78.0000,76.5900,76.8700,0
2018-10-30,76.8200,77.3800,75.2600,76.1800,0
2018-10-31,76.3400,77.1200,74.5800,74.5900,0
2018-11-01,74.7100,74.9900,72.5600,72.7500,0
2018-11-02,72.7500,73.5000,72.1700,72.6100,0
2018-11-05,72.7000,74.1300,72.2600,72.7100,0
2018-11-06,72.8500,73.2800,71.1800,71.6500,0
2018-11-07,71.6600,73.5500,71.3600,72.0000,0
2018-11-08,72.1000,73.0800,70.5600,70.9600,0
2018-11-09,70.8700,70.9900,69.1300,69.8800,0
2018-11-12,70.8300,71.8700,68.8700,68.9700,0
2018-11-13,69.1300,69.6800,64.6100,65.3500,0
2018-11-14,65.6900,67.6300,65.0300,65.8600,0
2018-11-15,66.0000,67.4200,65.7700,66.6300,0
2018-11-16,66.6800,68.3800,66.0600,67.0400,0
2018-11-19,67.0100,67.6400,65.2800,67.0100,0
2018-11-20,66.9000,66.9000,61.7200,62.4400,0
2018-11-21,62.6000,64.4800,62.5600,63.4600,0
2018-11-22,63.6000,63.8000,62.2700,62.5200,0
2018-11-23,62.5800,62.7900,58.4100,59.1900,0
2018-11-26,59.2500,61.1300,58.6200,60.4100,0
2018-11-27,60.3900,61.4000,58.9200,60.8800,0
2018-11-28,60.8400,61.4200,58.8700,58.9600,0
2018-11-29,59.2100,60.7200,57.7800,59.7000,0
2018-11-30,59.7600,60.4200,58.0400,59.1500,0
2018-12-03,60.6100,62.6000,60.4200,61.9000,0
2018-12-04,61.9100,63.5800,61.6600,61.9200,0
2018-12-05,61.4300,63.2900,60.8000,61.6100,0
2018-12-06,61.6100,61.9700,58.3600,60.3100,0
2018-12-07,60.2500,63.7000,59.1000,61.3300,0
2018-12-10,61.4100,62.3300,59.6100,59.8100,0
2018-12-11,59.9700,61.1000,59.5900,60.4600,0
2018-12-12,60.4600,61.4300,59.9800,60.1800,0
2018-12-13,60.1800,62.0200,59.3300,61.7100,0
2018-12-14,61.5300,61.5800,59.9200,60.2700,0
2018-12-17,60.3900,61.2100,58.6400,58.6600,0
2018-12-18,58.9500,59.2400,55.9000,56.0800,0
2018-12-19,56.5100,58.1100,56.0400,56.5500,0
2018-12-20,56.5300,56.7500,54.2800,54.7000,0
2018-12-21,54.9700,55.3300,52.8000,53.4800,0
2018-12-24,53.6600,54.6500,50.3600,50.4900,0
2018-12-25,53.6600,54.6500,52.8300,52.8900,0
2018-12-26,51.0800,55.5900,50.2200,55.1800,0
2018-12-27,54.9900,54.9900,52.5200,53.5800,0
2018-12-28,53.9100,54.4100,52.0100,53.0600,0
2019-01-02,54.2000,56.5600,52.5100,54.6800,0
2019-01-03,54.2500,56.3000,53.9300,55.5500,0
2019-01-04,55.5500,58.3100,55.3600,57.4500,0
2019-01-07,57.3100,58.9300,57.2600,57.5700,0
2019-01-08,57.6400,58.8700,57.1300,58.5900,0
2019-01-09,59.1500,61.6900,59.0500,61.3400,0
2019-01-10,61.1500,61.9100,60.4400,61.1800,0
2019-01-11,61.1900,62.4900,60.0800,60.5300,0
2019-01-14,61.0000,61.0200,58.9000,59.3200,0
2019-01-15,59.3600,60.8600,59.1100,60.5300,0
2019-01-16,60.5300,61.4400,60.0300,61.3000,0
2019-01-17,61.0500,61.5400,60.0400,61.1500,0
2019-01-18,61.3300,63.0000,61.3200,62.6100,0
2019-01-21,62.4900,63.1400,62.2500,62.8100,0
2019-01-22,62.5900,62.7100,60.5700,61.6100,0
2019-01-23,61.3300,62.3300,60.2100,60.9900,0
2019-01-24,61.0200,61.5100,60.4100,61.1900,0
2019-01-25,61.0900,61.9200,60.7000,61.5000,0
2019-01-28,61.4200,61.6300,59.4000,59.9500,0
2019-01-29,59.6900,61.6900,59.6100,61.1600,0
2019-01-30,61.0600,62.5000,60.9700,61.6600,0
2019-01-31,61.7000,62.4600,60.6300,61.2200,0
2019-02-01,61.0600,62.9700,60.4600,62.8500,0
2019-02-04,62.8700,63.6300,61.2800,62.8200,0
2019-02-05,62.6300,63.0200,61.7200,62.1100,0
2019-02-06,62.0600,62.8000,61.0500,62.5500,0
2019-02-07,62.5000,62.9100,60.6000,61.6800,0
2019-02-08,61.6700,62.3600,61.0500,62.0600,0
2019-02-11,62.0600,62.3400,60.9000,61.5800,0
2019-02-12,61.5900,63.3400,61.5900,62.6100,0
2019-02-13,62.6100,63.9700,62.6100,63.6000,0
2019-02-14,63.6900,64.8100,63.2700,64.5600,0
2019-02-15,64.8600,66.3900,64.4200,66.3600,0
2019-02-18,66.4200,66.8300,65.9000,66.5000,0
2019-02-19,66.4200,66.6500,65.5800,66.4400,0
2019-02-20,66.3300,67.3800,65.6300,67.1800,0
2019-02-21,67.0500,67.3100,66.6900,66.9400,0
2019-02-22,66.9600,67.7300,66.8700,66.9100,0
2019-02-25,67.1000,67.4700,64.5400,64.7600,0
2019-02-26,64.9200,65.8700,64.4900,65.7900,0
2019-02-27,65.9100,66.8800,65.4200,66.4700,0
2019-02-28,66.5600,66.7800,65.9000,66.2800,0
2019-03-01,66.4800,67.1400,64.5900,64.8700,0
2019-03-04,65.1400,66.3400,65.0800,65.5500,0
2019-03-05,65.4600,66.1500,65.0400,65.5700,0
2019-03-06,65.4900,66.1800,65.2200,65.9300,0
2019-03-07,65.8100,67.0000,65.7500,66.2200,0
2019-03-08,66.0800,66.0900,64.0200,65.7000,0
2019-03-11,65.6400,66.7500,65.6400,66.6300,0
2019-03-12,66.7200,67.3900,66.3400,66.8200,0
2019-03-13,66.9400,67.7600,66.7000,67.6400,0
2019-03-14,67.6500,68.1400,67.0300,67.1800,0
2019-03-15,67.1800,67.7100,66.1300,67.0200,0
2019-03-18,67.1300,67.6400,66.6900,67.4200,0
2019-03-19,67.1300,67.6400,66.6900,67.4200,0
2019-03-20,67.6200,68.5700,67.1900,68.3000,0
2019-03-21,68.3000,68.6900,67.6000,67.7400,0
2019-03-22,67.7300,67.9800,66.2000,67.0800,0
2019-03-25,67.1300,67.6500,66.3600,67.3000,0
2019-03-26,67.3600,68.2300,67.2500,68.0400,0
2019-03-27,67.3500,67.7000,66.6100,67.3000,0
2019-03-28,67.1100,67.3200,65.9300,67.3100,0
2019-03-29,67.2900,68.3000,67.1500,67.5500,0
2019-04-01,67.7800,69.2200,67.7100,69.1600,0
2019-04-02,69.1800,69.5800,68.6900,69.5700,0
2019-04-03,69.4700,69.9600,68.8000,69.5200,0
2019-04-04,69.4400,70.0200,68.8700,69.3100,0
2019-04-05,69.1300,70.4800,68.9200,70.4800,0
2019-04-08,70.6200,71.1900,70.4300,71.1000,0
2019-04-09,71.1700,71.3400,70.3000,70.8300,0
2019-04-10,70.8200,71.7800,70.5700,71.5700,0
2019-04-11,71.5500,71.6800,70.5700,70.9800,0
2019-04-12,70.9500,71.8700,70.9000,71.5500,0
2019-04-15,71.5600,71.5800,70.7800,71.3000,0
2019-04-16,71.2100,71.9500,70.7400,71.8600,0
2019-04-17,71.8300,72.2700,71.4500,71.6400,0
2019-04-18,71.6300,72.0400,71.2000,72.0100,0
2019-04-22,72.1300,74.5200,72.0800,74.2500,0
2019-04-23,74.3400,74.7300,73.9900,74.3600,0
2019-04-24,74.2700,74.7300,74.0200,74.4800,0
2019-04-25,73.7400,74.7500,73.3000,73.6200,0
2019-04-26,73.5500,73.6500,70.6000,71.1300,0
2019-04-29,71.2900,72.0000,70.6300,71.4200,0
2019-04-30,71.4400,72.7900,71.1900,71.6600,0
2019-05-01,71.7100,72.3600,71.3000,72.0500,0
2019-05-02,72.0000,72.2200,69.6800,70.3500,0
2019-05-03,70.4800,71.5400,69.9500,70.7800,0
2019-05-06,69.6700,71.7900,68.7900,70.9800,0
2019-05-07,71.1300,71.3300,69.3800,69.8700,0
2019-05-08,69.9000,70.7000,69.3300,70.3200,0
2019-05-09,70.2300,70.6500,69.4000,70.3200,0
2019-05-10,70.4100,71.2300,70.1800,70.8600,0
2019-05-13,70.8300,72.5800,69.7200,69.9500,0
2019-05-14,70.0200,71.6500,69.9300,70.9900,0
2019-05-15,70.9900,72.2500,70.4200,71.9500,0
2019-05-16,72.0500,73.3600,71.8200,72.7700,0
2019-05-17,72.7700,73.2300,71.7900,72.1700,0
2019-05-20,72.3500,73.4000,71.6000,72.0600,0
2019-05-21,72.0600,72.5200,71.6300,72.0400,0
2019-05-22,71.9100,72.0400,70.4200,70.9100,0
2019-05-23,70.8900,70.9700,67.0200,68.0000,0
2019-05-24,67.9900,69.3000,67.3300,69.2600,0
2019-05-27,67.8600,68.8700,67.2800,68.6800,0
2019-05-28,68.7800,69.2300,68.1900,68.6900,0
2019-05-29,68.5600,68.6200,66.6700,68.1700,0
2019-05-30,68.0000,68.3400,64.9600,65.2100,0
2019-05-31,64.8600,64.9100,61.3900,61.7600,0
2019-06-03,61.6400,62.8400,60.5500,60.8900,379043
2019-06-04,61.0000,61.4100,60.7900,60.9300,6513
2019-06-05,61.5700,62.2700,59.4500,59.6800,0
2019-06-06,60.4000,61.4500,60.2200,60.5600,0
2019-06-07,62.4000,63.5900,61.7700,63.3200,0
2019-06-10,63.6400,64.1000,62.5200,62.8600,0
2019-06-11,62.3200,62.8700,62.0200,62.3700,0
2019-06-12,61.8500,61.8500,60.3000,60.8600,0
2019-06-13,59.9400,62.6400,59.7800,61.3500,429433
2019-06-14,61.2500,62.5700,60.7400,62.0200,256893
2019-06-17,62.0700,62.3700,60.7400,60.9300,232944
2019-06-18,60.9300,62.8400,60.2500,62.2600,319584
2019-06-19,62.4000,62.5500,61.4000,62.1800,304110
2019-06-20,62.4500,64.8200,62.4000,64.6600,379061
2019-06-21,64.8600,65.7600,64.0000,65.2800,250898
2019-06-24,65.5000,65.7900,64.0800,64.7400,208520
2019-06-25,64.2200,65.2000,63.5000,65.0700,242187
2019-06-26,65.1000,66.0200,64.7700,65.5000,324016
2019-06-27,65.1600,65.9600,64.8500,65.4200,283399
2019-06-28,65.5300,65.9100,64.0200,64.5000,296911
2019-07-01,65.0500,66.7500,64.2200,65.1900,355631
2019-07-02,64.8000,65.5100,62.2200,62.8100,380132
2019-07-03,62.9000,64.0100,62.0900,63.8300,279607
2019-07-04,63.8800,64.0700,62.9500,63.1700,113084
2019-07-05,63.2700,64.5200,62.9100,64.3800,200394
2019-07-08,64.3400,65.1400,63.7900,63.8800,249541
2019-07-09,63.8100,64.7500,63.7600,64.5200,257883
2019-07-10,64.7800,67.1200,64.6300,66.6900,344349
2019-07-11,66.8100,67.6500,66.4300,66.7800,275630
2019-07-12,66.8300,67.2900,66.5100,66.9100,238635
2019-07-15,66.8700,67.4700,66.1100,66.1600,270997
2019-07-16,66.3100,67.0900,63.8200,64.3500,352705
2019-07-17,64.4400,65.2800,63.2200,63.5600,268111
2019-07-18,63.5200,64.4600,61.2900,62.5200,370653
2019-07-19,62.5000,63.3700,61.8300,62.5000,295314
2019-07-22,63.0500,64.0300,62.7700,63.3000,262065
2019-07-23,63.2600,64.4600,62.6600,64.2000,254968
2019-07-24,64.1300,64.6600,62.5900,63.1000,291427
2019-07-25,63.0500,64.0800,62.9100,62.9100,193886
2019-07-26,63.1700,63.7700,62.9200,63.1600,197364
2019-07-29,63.2300,63.8200,62.8500,63.7200,232885
2019-07-30,63.8000,65.1000,63.7800,64.9300,283534
2019-07-31,64.8600,65.4300,64.1700,64.2000,307945
2019-08-01,64.0900,64.5400,60.0200,61.0200,426552
2019-08-02,61.1600,62.9500,60.9800,61.1200,359578
2019-08-05,61.4600,61.5600,59.6600,60.0500,371324
2019-08-06,59.5600,60.5600,58.5500,58.6000,322869
2019-08-07,58.6800,59.2300,55.8800,57.4300,477697
2019-08-08,57.4800,58.0100,56.7700,57.7400,295659
2019-08-09,57.7400,59.1000,57.1100,58.3800,275185
2019-08-12,58.3000,58.8800,57.8800,58.3500,217437
2019-08-13,58.4700,61.5000,58.0000,60.8800,331412
2019-08-14,61.0700,61.0800,58.2100,58.9500,314958
2019-08-15,59.0700,59.4200,57.6700,58.3300,294800
2019-08-16,58.4100,59.5000,58.2800,58.6400,204354
2019-08-19,58.7200,59.9200,58.6400,59.7100,208571
2019-08-20,59.6800,60.3200,58.9500,60.0500,239829
2019-08-21,60.1100,61.4100,60.0700,60.3700,260345
2019-08-22,60.4300,60.8900,59.4700,60.0500,260925
2019-08-23,60.1100,60.2900,58.3000,58.7900,315571
2019-08-26,58.3500,60.1700,58.2400,58.8200,180933
2019-08-27,58.8000,60.1700,58.5100,60.0500,214692
2019-08-28,59.5800,60.4800,59.3200,59.8300,275805
2019-08-29,59.8900,60.6000,59.4200,60.3500,359347
2019-08-30,60.3400,60.6200,58.4800,59.1300,328908
2019-09-02,58.8000,59.2600,58.1000,58.6000,118214
2019-09-03,58.5400,58.8700,57.2300,58.1900,262323
2019-09-04,58.1700,60.9600,58.1300,60.4300,277862
2019-09-05,60.4900,62.4000,60.2500,60.7500,283707
2019-09-06,60.8100,61.8800,59.4000,61.7700,282269
2019-09-09,61.6000,63.0000,61.5700,62.6200,245764
2019-09-10,62.8200,63.7800,62.1700,62.6800,265423
2019-09-11,62.8800,63.2700,60.5200,61.0000,309029
2019-09-12,61.1600,61.3900,58.9200,60.4400,353926
2019-09-13,60.4500,60.8100,59.6000,60.1800,192184
2019-09-16,64.0000,70.3200,63.5300,66.3600,742697
2019-09-17,68.1500,69.2600,63.5500,64.1400,613141
2019-09-18,63.3000,63.9900,62.1100,62.6000,285676
2019-09-19,63.5100,65.5700,63.4600,64.8000,254885
2019-09-20,65.0000,65.2800,64.0500,64.4300,211890
2019-09-23,64.0400,64.3500,62.5000,63.2600,211900
2019-09-24,63.3100,63.5300,61.3400,61.3600,240265
2019-09-25,61.5200,61.8000,60.3000,61.5600,282242
2019-09-26,61.5600,61.9200,60.5000,61.5900,293607
2019-09-27,61.5000,61.8200,59.8300,61.1400,371254
2019-09-30,61.4500,61.5400,59.1900,59.3800,254990
2019-10-01,59.3800,60.1000,58.4100,59.2000,286535
2019-10-02,59.2500,59.5000,57.2200,57.5200,298321
2019-10-03,57.5400,57.9900,56.1500,57.5900,326687
2019-10-04,57.6900,58.9600,57.6700,58.4300,296842
2019-10-07,58.0200,59.6800,58.0200,58.4100,225738
2019-10-08,58.4700,58.9200,57.3800,58.1200,269640
2019-10-09,58.0200,59.3500,57.9100,58.2600,258110
2019-10-10,58.0400,59.6000,57.8000,59.5300,256197
2019-10-11,59.5300,60.6900,59.2100,60.6000,363177
2019-10-14,60.6900,60.7300,58.5000,59.1500,276928
2019-10-15,59.3000,59.6800,58.0000,58.8400,298668
2019-10-16,58.9000,59.7500,58.3600,59.0500,252973
2019-10-17,58.9900,60.0400,58.6900,59.8500,261483
2019-10-18,59.7800,60.2900,59.0100,59.3000,223510
2019-10-21,59.2300,59.5500,58.2600,59.0600,206579
2019-10-22,59.0500,60.2600,58.7500,59.5400,246210
2019-10-23,59.4800,61.3000,58.8500,61.0700,294694
2019-10-24,60.9900,61.9000,60.6400,61.3900,210239
2019-10-25,61.2500,61.8100,60.6700,61.6500,172992
2019-10-28,61.7600,62.0900,60.9100,61.1300,166491
2019-10-29,61.3000,61.6500,60.3100,61.2500,260836
2019-10-30,61.2300,61.5500,60.0200,60.1700,330469
2019-10-31,60.2200,60.8100,59.2000,59.4600,307632
2019-11-01,59.4500,61.8200,59.4000,61.5200,232814
2019-11-04,61.8000,62.7800,61.2800,62.1100,233388
2019-11-05,62.0400,63.1900,61.8500,62.9200,224351
2019-11-06,62.7800,63.3200,61.5900,61.7400,271647
2019-11-07,61.7300,62.8900,61.6500,62.3100,255778
2019-11-08,62.2900,62.7000,60.6600,62.5400,284538
2019-11-11,62.6000,62.7600,61.5700,62.2500,209794
2019-11-12,62.1100,62.8500,61.8200,61.9800,232545
2019-11-13,61.8500,62.7400,61.2200,62.5900,270129
2019-11-14,62.6100,63.2100,62.1500,62.4100,230247
2019-11-15,62.4700,63.6500,61.7000,63.3900,249620
2019-11-18,63.3600,63.5700,61.9400,62.2700,226042
2019-11-19,62.2800,62.5700,60.7000,60.7800,292877
2019-11-20,60.9400,62.8000,60.3000,62.4400,334952
2019-11-21,62.2200,64.0300,61.9200,63.7300,299361
2019-11-22,63.6200,64.2700,62.9800,63.5000,219418
2019-11-25,62.6900,62.7500,61.9100,62.4400,225313
2019-11-26,62.6800,63.2600,62.4200,63.0200,281029
2019-11-27,62.9600,63.5800,62.4600,63.0700,262598
2019-11-28,62.8400,63.3500,62.5100,63.2800,193829
2019-11-29,63.2000,63.2000,60.3500,60.7200,270673
2019-12-02,60.7300,62.0900,60.7200,60.8700,287239
2019-12-03,61.0500,61.5800,60.3000,61.1600,242760
2019-12-04,61.0800,63.5100,61.0000,63.0000,315647
2019-12-05,62.9700,63.9100,62.7500,63.2100,292177
2019-12-06,63.4100,64.8800,62.8300,64.2700,307401
2019-12-09,64.2900,64.5000,63.6100,64.0400,232690
2019-12-10,64.0300,64.6900,63.7800,64.1300,229858
2019-12-11,64.0000,64.2600,63.0100,63.9500,242639
2019-12-12,63.9000,64.8500,63.8700,64.4200,233502
2019-12-13,64.5600,65.7900,64.5000,64.9200,228888
2019-12-16,65.0500,65.6600,64.8800,65.2800,183351
2019-12-17,65.3100,66.2400,65.1200,65.7900,239846
2019-12-18,65.8400,66.4300,65.5600,66.1200,248769
2019-12-19,66.1900,66.7800,66.0300,66.5600,229206
2019-12-20,66.5600,66.7200,65.7000,66.0400,210528
2019-12-23,65.2400,65.6400,64.8700,65.5800,127835
2019-12-24,66.4400,67.2600,66.3600,67.2000,104939
2019-12-26,66.2900,66.8400,66.1200,66.7800,113107
2019-12-27,66.8000,67.0800,66.3600,66.8500,219511
2019-12-30,66.9000,67.5900,66.0700,66.6700,243159
2019-12-31,66.6500,66.9300,65.6300,66.0200,168338
2020-01-02,66.4100,66.5800,65.7200,66.2900,196445
2020-01-03,66.2800,69.5000,66.2200,68.6700,473050
2020-01-06,69.3500,70.7400,68.2100,68.5300,332591
2020-01-07,68.6300,68.7500,67.6500,68.5100,282831
2020-01-08,71.2200,71.7500,64.9400,65.7700,553706
2020-01-09,66.0000,66.1000,64.5600,65.3200,354858
2020-01-10,65.2900,65.6600,64.8600,65.0800,266496
2020-01-13,65.1300,65.2700,63.9200,64.2300,258430
2020-01-14,64.2900,65.0500,63.9200,64.4100,266566
2020-01-15,64.4400,64.6000,63.5500,64.2400,225722
2020-01-16,64.2600,64.9700,63.9000,64.6700,215957
2020-01-17,64.6900,65.3000,64.4800,65.1500,232493
2020-01-20,65.9800,66.0000,64.9200,65.2000,153062
2020-01-21,65.2600,65.3500,64.0600,64.4800,235298
2020-01-22,64.5700,64.5800,62.6200,62.6600,271703
2020-01-23,62.6800,62.6900,61.2500,62.0500,347440
2020-01-24,62.0100,62.4600,60.2500,60.6800,240909
2020-01-27,60.1600,60.1600,57.7400,58.0600,274864
2020-01-28,58.2400,59.3900,57.9000,59.3000,299110
2020-01-29,59.0200,59.8400,58.3800,58.6700,316349
2020-01-30,58.7100,58.7500,56.7400,58.0900,442041
2020-01-31,58.2000,58.5800,55.9300,56.6500,446540
2020-02-03,56.1600,56.7700,54.0800,54.1900,465755
2020-02-04,54.3300,55.6500,53.6900,53.7900,404207
2020-02-05,54.0500,56.4600,54.0500,55.5600,408254
2020-02-06,55.5600,56.5800,54.2500,55.0500,374107
2020-02-07,55.1400,55.4000,54.2100,54.4700,266541
2020-02-10,54.2000,54.7100,53.1100,53.3500,277084
2020-02-11,53.6200,54.6900,53.6000,54.2500,264975
2020-02-12,54.4100,56.3600,54.3900,56.3400,302790
2020-02-13,55.7500,56.8300,54.9600,56.4600,323381
2020-02-14,56.4100,57.5300,56.1500,57.2300,251525
2020-02-17,57.2900,57.7000,56.8300,57.5300,112797
2020-02-18,57.3500,57.8300,56.3000,57.6600,245410
2020-02-19,57.6000,59.4000,57.5100,59.3300,259477
2020-02-20,59.3100,60.0000,58.9000,59.1300,257884
2020-02-21,59.0000,59.2500,57.7300,58.4200,226284
2020-02-24,57.0000,57.2600,54.6000,55.5300,316142
2020-02-25,55.9500,56.3800,53.9400,54.1600,267683
2020-02-26,54.4100,54.7800,52.3900,52.7800,423506
2020-02-27,52.5400,52.6500,50.3900,50.9500,495962
2020-02-28,51.0800,51.1400,48.9400,49.9200,507420
2020-03-02,48.9500,53.2000,48.4000,53.0600,410466
2020-03-03,53.4700,53.9000,51.2200,51.6000,405569
2020-03-04,52.1100,53.0300,51.0400,51.5000,358299
2020-03-05,51.6600,52.0400,49.7000,50.1600,348669
2020-03-06,50.2500,50.4500,45.1800,45.4400,629867
2020-03-09,38.2800,38.3400,31.0200,33.3000,773838
2020-03-10,35.8400,38.2200,35.0000,37.7800,550186
2020-03-11,37.2700,39.7000,35.3500,35.8300,465617
2020-03-12,37.4900,37.8000,34.2700,34.5200,502948
2020-03-13,34.5600,37.4100,34.3100,36.3200,357885
2020-03-16,35.8200,35.8400,29.4500,29.7200,326050
2020-03-17,30.1400,31.2500,28.5000,28.8000,253821
2020-03-18,30.1000,30.9000,26.3500,28.2000,381432
2020-03-19,27.1900,29.4200,24.9600,28.0800,330452
2020-03-20,30.6000,32.8700,28.8200,29.3500,347440
2020-03-23,28.3400,29.8100,26.9500,29.7900,301960
2020-03-24,29.9000,30.9500,29.2100,30.2100,267359
2020-03-25,30.1500,30.8700,28.3100,30.0500,321177
2020-03-26,29.8200,30.1900,28.3400,29.3100,285533
2020-03-27,29.0600,29.3300,27.1800,28.2500,319638
2020-03-30,27.3000,27.5300,25.3000,26.4500,343438
2020-03-31,26.4200,27.9100,25.6900,25.8200,347235
2020-04-01,25.9900,26.2800,24.5200,25.5600,341838
2020-04-02,25.6100,36.2900,25.4500,29.6500,599945
2020-04-03,29.8900,35.0000,28.2500,34.5900,533705
2020-04-06,31.7600,34.2400,30.0300,33.2700,291175
2020-04-07,33.6600,34.1800,31.7400,32.3600,296372
2020-04-08,32.6300,33.8700,31.5400,33.5600,311307
2020-04-09,33.8200,36.4000,31.1800,31.6100,487454
2020-04-13,33.9900,33.9900,30.6300,31.8300,221738
2020-04-14,32.2500,32.3200,31.1800,31.7200,73690
2020-04-15,30.2600,30.3300,27.1600,27.9000,279711
2020-04-16,28.0500,29.0000,27.2000,28.3100,268736
2020-04-17,28.6600,28.9300,27.5800,28.2600,272967
2020-04-20,28.0500,28.2500,25.3700,26.0000,358124
2020-04-21,26.3300,26.5000,17.5100,19.3400,629504
2020-04-22,20.2300,22.4500,15.9800,20.5500,334286
2020-04-23,24.3200,26.9800,23.8200,24.9500,281965
2020-04-24,25.3700,26.1900,23.9400,25.0700,250049
2020-04-27,24.8700,25.1200,22.5000,22.9500,265483
2020-04-28,22.8200,23.7900,21.9200,23.1600,320534
2020-04-29,22.9300,25.2300,22.7300,24.4000,318118
2020-04-30,24.5300,27.0000,24.4100,26.6100,375681
2020-05-01,26.9500,27.8800,25.7600,26.6000,211968
2020-05-04,26.1000,28.0800,25.5000,27.9600,211680
2020-05-05,28.1000,32.0600,27.7700,31.9800,260905
2020-05-06,32.2700,32.2700,28.6600,29.8300,262019
2020-05-07,29.6400,31.8400,29.0800,29.3400,253191
2020-05-08,29.6000,31.1400,29.4300,30.8500,146084
2020-05-11,30.7000,31.4700,29.3500,30.1300,238056
2020-05-12,30.0700,30.7000,29.3500,29.4000,196031
2020-05-13,29.3500,30.5500,28.8600,29.4400,216546
2020-05-14,29.5200,31.5500,28.8800,31.4500,220453
2020-05-15,31.5200,32.9100,30.9400,32.7000,208386
2020-05-18,32.7800,35.7200,32.6900,35.4400,229677
2020-05-19,35.6600,35.7600,34.2000,34.5500,174410
2020-05-20,34.4500,36.4600,34.3800,35.7700,174812
2020-05-21,35.8200,36.9800,35.7500,35.9200,175026
2020-05-22,36.4900,36.6400,33.9400,35.3500,173281
2020-05-25,35.4400,36.4900,35.0000,36.1300,32609
2020-05-26,36.3000,37.2400,35.8300,36.5900,187013
2020-05-27,36.4900,36.7100,34.7000,34.9500,225881
2020-05-28,34.6300,36.6300,34.3500,36.1100,247115
2020-05-29,36.0300,38.1700,34.8400,37.6100,233182
2020-06-01,37.5600,38.6800,37.1800,38.5300,210426
2020-06-02,38.3400,39.7500,38.2600,39.5400,202423
2020-06-03,39.7500,40.5300,38.7600,39.4200,234996
2020-06-04,39.6000,40.1000,39.0400,39.8700,167058
2020-06-05,39.8400,42.4800,39.7200,41.9000,246228
2020-06-08,42.4000,43.4100,40.6800,40.7900,226371
2020-06-09,41.1000,41.4500,39.8500,40.8200,217677
2020-06-10,40.7200,41.9900,40.1400,41.3600,231969
2020-06-11,40.9500,41.0100,37.8200,38.3200,286418
2020-06-12,37.8800,39.4500,37.0100,38.8000,233086
2020-06-15,38.8000,39.9000,37.2400,39.8300,212475
2020-06-16,39.9400,41.6500,38.9500,40.6600,241211
2020-06-17,40.6100,41.4600,40.0300,40.5300,174074
2020-06-18,40.4300,41.6400,40.0600,41.4500,170355
2020-06-19,41.7200,42.9200,41.0300,41.9000,212804
2020-06-22,41.6200,43.1600,41.5500,42.8600,180589
2020-06-23,43.2500,43.9700,42.2200,42.4400,203693
2020-06-24,42.5600,42.9500,39.8900,40.5000,273334
2020-06-25,40.5000,41.6200,39.7000,41.3900,259765
2020-06-26,41.4100,41.8100,40.2800,40.6100,245514
2020-06-29,40.5000,42.0000,40.0100,41.8500,262895
2020-06-30,41.7700,41.9800,40.9900,41.6000,230755
2020-07-01,41.5800,42.6200,41.0300,41.9100,247732
2020-07-02,41.8400,43.2300,41.7300,42.9200,194871
2020-07-03,42.7600,42.9900,42.3200,42.7800,94983
2020-07-06,42.7900,43.7100,42.7400,43.0600,183962
2020-07-07,43.1300,43.4500,42.4600,42.9700,181432
2020-07-08,42.8100,43.4700,42.7500,43.3200,183778
2020-07-09,43.3000,43.5000,41.9400,42.3300,235104
2020-07-10,42.3600,43.4200,41.3200,43.1700,211424
2020-07-13,43.1200,43.3400,42.1400,42.1700,198657
2020-07-14,42.2400,43.2200,41.8000,43.0500,218971
2020-07-15,43.0700,43.8500,42.7000,43.6300,230097
2020-07-16,43.7100,43.8000,43.1400,43.4000,170762
2020-07-17,43.4000,43.4500,42.6400,43.1000,158737
2020-07-20,43.0800,43.4500,42.3600,43.1700,176273
2020-07-21,43.1700,44.8900,43.1600,43.9500,220738
2020-07-22,44.0300,44.4000,43.6200,44.2800,193224
2020-07-23,44.1000,44.7700,43.1300,43.3200,238529
2020-07-24,43.6500,44.2300,43.2500,43.6300,213109
2020-07-27,43.8000,44.2000,42.9300,43.9500,226002
2020-07-28,44.0300,44.3400,43.4000,43.6100,173873
2020-07-29,43.6900,44.2900,43.5600,44.1000,190449
2020-07-30,44.0200,44.2200,41.7200,43.6000,322980
2020-07-31,43.6800,43.7900,42.9200,43.6600,186556
2020-08-03,43.5300,44.4600,42.8900,43.8500,196679
2020-08-04,43.8400,44.8200,43.2400,44.3400,225604
2020-08-05,44.2800,46.2300,44.2400,45.3300,244605
2020-08-06,45.3200,45.7100,44.8500,45.0800,182790
2020-08-07,45.1500,45.3000,44.2700,44.6000,170018
2020-08-10,44.6600,45.2600,44.3700,44.9200,134577
2020-08-11,45.0500,45.7900,44.3900,44.5200,199053
2020-08-12,44.6200,45.6300,44.4900,45.3200,163420
2020-08-13,45.3200,45.5800,44.8200,45.0100,141624
2020-08-14,45.2900,45.2900,44.4700,44.9100,150530
2020-08-17,44.8600,45.4100,44.5300,45.2700,163375
2020-08-18,45.2700,45.5500,44.7600,45.0000,177654
2020-08-19,45.1700,45.4800,44.8100,45.1500,173025
2020-08-20,45.1400,45.1800,44.0200,44.8500,245616
2020-08-21,45.0300,45.0800,43.5900,44.1800,215178
2020-08-24,44.5000,45.1800,44.2900,45.0100,171705
2020-08-25,45.6400,46.5200,45.5800,46.3900,224253
2020-08-26,46.4000,46.5400,46.0200,46.2900,234007
2020-08-27,46.1900,46.3300,45.0500,45.6300,252023
2020-08-28,45.6300,45.9400,45.3300,45.7900,212545
2020-08-31,45.8000,46.5300,45.2100,45.5700,171815
2020-09-01,45.6000,46.2200,45.4700,45.7700,202557
2020-09-02,45.8300,46.0500,44.2000,44.4000,255759
2020-09-03,44.6500,44.6500,43.1500,43.9700,270832
2020-09-04,43.7600,44.5400,42.3000,42.3500,268523
2020-09-07,42.2000,42.4300,41.5100,42.0500,121734
2020-09-08,42.0800,42.2300,39.3100,39.7000,361413
2020-09-09,39.6500,41.2000,39.3700,40.5900,271080
2020-09-10,40.5800,40.9600,39.7100,39.7100,206161
2020-09-11,39.9600,40.3400,39.3800,39.7800,206336
2020-09-14,39.7800,40.0900,39.3000,39.6800,198332
2020-09-15,39.7000,40.8200,39.3900,40.6600,205919
2020-09-16,40.7200,42.4400,40.5900,42.3000,232893
2020-09-17,42.3200,43.5000,41.5000,43.2600,234719
2020-09-18,43.7500,44.3000,43.0600,43.5200,209519
2020-09-21,43.0100,43.3000,40.9600,41.7300,213153
2020-09-22,41.7900,42.2000,41.2100,41.7500,203639
2020-09-23,42.1600,43.0700,41.6900,41.9800,211891
2020-09-24,41.8000,42.5400,41.7400,42.2600,225496
2020-09-25,42.3700,42.8000,42.0000,42.2300,188884
2020-09-28,42.2100,43.0300,41.9500,42.8700,209806
2020-09-29,42.9100,42.9700,40.8400,41.3100,324186
2020-09-30,41.3600,42.4900,40.8200,42.1200,288245
2020-10-01,42.1700,42.5600,39.9200,40.7100,328640
2020-10-02,40.6500,40.7700,38.7900,38.9000,333565
2020-10-05,39.1900,41.7800,39.1400,41.5300,268644
2020-10-06,41.4100,42.8400,41.2200,41.8600,288618
2020-10-07,41.8500,42.4200,41.3600,42.1500,237857
2020-10-08,42.1500,43.4700,41.8600,43.4500,256807
2020-10-09,43.3600,43.5700,42.6100,42.7200,251176
2020-10-12,42.6000,42.7100,41.3600,41.7400,229454
2020-10-13,41.8100,42.6800,41.6600,42.4200,224627
2020-10-14,42.4300,43.4500,42.1300,43.4300,276222
2020-10-15,43.4500,43.4800,41.5600,43.0000,287254
2020-10-16,43.1000,43.2100,42.2700,42.7900,193779
2020-10-19,42.6900,43.2300,42.3600,42.4600,206845
2020-10-20,42.4500,43.3000,42.1900,42.7800,246411
2020-10-21,42.9100,43.0400,41.4500,41.7100,261219
2020-10-22,41.5900,42.7900,41.4600,42.3900,242918
2020-10-23,42.7600,43.0900,41.8200,41.8500,206818
2020-10-26,41.8300,41.9200,40.5900,40.7900,218881
2020-10-27,40.8300,41.8800,40.7900,41.0900,232462
2020-10-28,41.0400,41.1100,39.2300,39.5600,379465
2020-10-29,39.7100,39.9700,37.2600,38.1100,461466
2020-10-30,38.2200,38.7100,37.4000,37.8400,320293
2020-11-02,37.3700,39.3600,35.7400,39.2500,323304
2020-11-03,39.2600,40.4500,38.6500,40.0700,274608
2020-11-04,40.1300,41.3300,39.4200,41.2000,247208
2020-11-05,40.9600,41.5300,40.3300,40.8000,213897
2020-11-06,40.6300,40.6900,39.3400,39.5700,252995
2020-11-09,39.6500,43.4800,39.4600,42.0200,387440
2020-11-10,41.7500,44.1100,41.7100,44.0300,310835
2020-11-11,43.7700,45.3000,43.6000,43.7000,344084
2020-11-12,43.7300,44.5000,43.2600,43.2600,254013
2020-11-13,43.2000,43.3400,42.6300,42.6300,213619
2020-11-16,42.7100,44.6700,42.7100,43.8900,265355
2020-11-17,43.8900,44.2500,43.0800,43.7800,225349
2020-11-18,43.7500,44.8900,43.4800,44.1200,241717
2020-11-19,43.9600,44.5700,43.7900,44.1100,205559
2020-11-20,44.1500,45.2400,44.0500,45.1400,254862
2020-11-23,45.2000,46.1500,45.0000,45.5100,268970
2020-11-24,45.9000,48.0000,45.8700,47.8400,312219
2020-11-25,47.7200,48.9600,47.6400,48.7300,352825
2020-11-26,48.7000,49.0000,47.4900,47.7500,178907
2020-11-27,47.8700,48.4600,47.3400,48.2700,217550
2020-11-30,47.9000,48.2900,47.0700,47.6600,311974
2020-12-01,47.7900,48.3000,46.8800,47.2300,254007
2020-12-02,47.0500,48.7600,46.8200,47.9600,283348
2020-12-03,48.0000,48.9400,47.6700,48.8000,272705
2020-12-04,48.9600,49.9200,48.8400,48.9500,252891
2020-12-07,49.2300,49.4300,48.4000,48.6100,207097
2020-12-08,48.5800,49.0000,48.0900,48.8100,223196
2020-12-09,48.8400,49.5500,48.4000,49.0100,265048
2020-12-10,49.0000,51.0600,48.8600,50.4000,285520
2020-12-11,50.4500,50.7400,49.7400,49.9100,220310
2020-12-14,50.0500,50.8000,49.1300,50.3100,227207
2020-12-15,50.3000,50.8900,49.7800,50.7200,188117
2020-12-16,50.6400,51.2000,50.3400,51.0900,214305
2020-12-17,51.1200,51.9000,51.0800,51.4800,230873
2020-12-18,51.4300,52.4800,51.1300,52.3000,239877
2020-12-21,52.2200,52.3200,49.2000,50.8000,282323
2020-12-22,50.6900,50.9200,49.6200,49.8000,192878
2020-12-23,49.7900,51.6200,49.2900,51.1500,197862
2020-12-24,51.1200,51.7800,50.6900,51.3500,108494
2020-12-28,51.3200,52.0500,50.5900,50.8900,140980
2020-12-29,51.0300,51.6900,50.9600,51.2400,194227
2020-12-30,51.3900,51.9200,50.9400,51.4600,222689
2020-12-31,51.4900,51.8400,50.9000,51.7100,129173
2021-01-04,51.5000,53.3300,50.5600,50.6300,371457
2021-01-05,50.9500,53.9000,50.7000,53.5200,448096
2021-01-06,53.5200,54.7300,53.0200,54.1400,405815
2021-01-07,54.1300,54.9000,53.9400,54.4900,253574
2021-01-08,54.5600,56.3600,54.3400,56.2500,334480
2021-01-11,56.2400,56.3900,54.9900,55.5800,289673
2021-01-12,55.6600,56.7900,55.5100,56.7200,282341
2021-01-13,56.8300,57.4200,55.7700,55.9000,319077
2021-01-14,55.9300,56.5700,55.2400,56.4100,317325
2021-01-15,56.4100,56.5000,54.6400,54.8900,295968
2021-01-18,54.7500,55.2100,54.4900,54.7400,139996
2021-01-19,55.0100,56.0800,54.8900,55.9300,255073
2021-01-20,56.0700,56.6400,55.6600,55.6700,297157
2021-01-21,55.8200,56.2400,55.4900,56.1400,248647
2021-01-22,56.0000,56.0300,54.4800,55.1600,262151
2021-01-25,55.1100,55.8200,54.8900,55.7200,196398
2021-01-26,55.7400,56.0900,55.1800,55.8100,204932
2021-01-27,55.8400,56.1900,54.9400,55.2600,308655
2021-01-28,55.1800,56.2200,54.9100,55.0000,329462
2021-01-29,55.0400,56.0200,54.9000,55.0100,294017
2021-02-01,54.9100,56.5300,54.6000,56.2100,283442
2021-02-02,56.3500,58.0500,56.3300,57.8100,329482
2021-02-03,57.8500,58.9400,57.5000,58.6000,273861
2021-02-04,58.5900,59.1200,58.0400,59.0500,240943
2021-02-05,59.1700,59.7900,59.0800,59.5900,226120
2021-02-08,59.4300,60.7200,59.4300,60.6500,264399
2021-02-09,60.8000,61.3400,60.0500,61.2500,316447
2021-02-10,61.2100,61.6900,60.8700,61.0700,286369
2021-02-11,61.0100,61.5000,60.7200,60.8200,207541
2021-02-12,60.8200,62.8300,60.3500,62.6400,304436
2021-02-15,62.8300,63.7600,62.8200,63.3200,218944
2021-02-16,63.4700,63.7000,62.6900,63.5300,280093
2021-02-17,63.1500,64.9600,62.7300,64.7800,381644
2021-02-18,65.0200,65.5200,63.2200,63.5100,400780
2021-02-19,62.6100,63.1100,61.3900,61.8100,298889
2021-02-22,62.1000,64.9700,61.8000,64.8600,281946
2021-02-23,64.7200,65.8300,63.5900,64.1800,347174
2021-02-24,64.1900,66.4700,63.9300,66.4100,334703
2021-02-25,66.4500,66.8200,65.6300,66.0300,323273
2021-02-26,66.0500,66.0500,64.2500,64.4800,332451
2021-03-01,64.8500,65.9300,63.1700,63.3000,284718
2021-03-02,63.1200,64.1300,62.3800,62.5600,360781
2021-03-03,62.3800,64.7000,62.3800,63.9500,333126
2021-03-04,64.1000,67.7500,63.3300,67.2100,505105
2021-03-05,67.1600,69.6900,66.6700,69.6700,358542
2021-03-08,69.9700,71.3800,67.8000,68.0900,347587
2021-03-09,68.1300,69.3300,67.1200,67.2800,301244
2021-03-10,67.4600,68.4200,66.5000,68.1200,360874
2021-03-11,68.4500,69.8400,67.9900,69.5600,288379
2021-03-12,69.5900,69.9000,69.0300,69.1800,248439
2021-03-15,69.0800,70.0300,67.8200,68.7600,258336
2021-03-16,68.8100,68.9400,67.3600,68.4600,245273
2021-03-17,67.9500,68.3700,66.5800,67.2000,345706
2021-03-18,67.7700,68.1500,61.4500,62.8600,509041
2021-03-19,62.7900,64.7500,61.9800,64.3600,475476
2021-03-22,64.3800,64.9700,63.3000,64.1800,248184
2021-03-23,64.2900,64.2900,60.3300,60.4400,513232
2021-03-24,60.5500,64.3900,60.5400,64.0600,386854
2021-03-25,63.7500,64.0300,60.8500,61.6500,351314
2021-03-26,61.7000,64.7500,61.7000,64.2400,287848
2021-03-29,64.4300,65.3400,63.0100,65.1600,297917
2021-03-30,65.3900,65.3900,63.5000,64.0200,302344
2021-03-31,63.9500,64.8300,62.5300,63.0000,302854
2021-04-01,63.1200,65.1700,62.3800,64.6400,475139
2021-04-05,64.5700,64.8100,61.2500,62.2700,227899
2021-04-06,62.3200,64.2800,62.0800,62.6400,302656
2021-04-07,62.6000,63.5500,61.6000,62.9000,316784
2021-04-08,63.0200,63.4300,62.3800,63.3100,258374
2021-04-09,63.2800,63.4900,62.5700,62.9700,212810
2021-04-12,63.0300,64.3100,62.4100,63.1600,256646
2021-04-13,63.2400,64.1900,63.1800,63.9400,239792
2021-04-14,64.0100,66.9000,63.8800,66.2600,317087
2021-04-15,66.3800,67.0300,65.9500,66.7800,230833
2021-04-16,66.8600,67.3800,66.4400,66.7000,183391
2021-04-19,66.7000,67.2300,66.1700,67.0800,190933
2021-04-20,67.2000,68.0800,65.5100,66.3000,321904
2021-04-21,66.2200,66.5200,64.9600,65.0300,255401
2021-04-22,65.1300,65.8300,64.5800,65.6600,233939
2021-04-23,65.0600,65.6300,64.4900,65.1100,185453
2021-04-26,65.3700,65.5700,63.9300,65.1700,291291
2021-04-27,65.3000,66.2200,65.0800,66.0000,294338
2021-04-28,66.0500,67.3700,65.5400,66.4900,360626
2021-04-29,66.6700,68.4400,66.6400,67.9900,305430
2021-04-30,67.9000,67.9700,66.2500,66.4200,283334
2021-05-03,66.7000,67.8200,66.1000,67.6200,147346
2021-05-04,67.7500,69.5000,67.3700,69.4500,248080
2021-05-05,69.3500,69.9500,68.3500,68.5200,281778
2021-05-06,68.4700,69.3700,67.9300,68.2400,266005
2021-05-07,68.2600,68.6500,67.3900,68.2000,257344
2021-05-10,68.7400,69.2000,67.4100,68.2100,262104
2021-05-11,68.2900,68.7500,67.1300,68.6500,318928
2021-05-12,68.7800,69.9000,68.1800,69.0000,307166
2021-05-13,68.8800,69.0400,66.4800,66.9900,310998
2021-05-14,67.0000,68.8900,66.5000,68.7500,280892
2021-05-17,68.9200,69.6200,68.1800,69.5200,228065
2021-05-18,69.6100,70.2400,67.2800,68.4900,373464
2021-05-19,68.4100,68.4600,65.3000,66.6400,384649
2021-05-20,66.6300,67.1700,64.8000,65.0000,358864
2021-05-21,65.0900,66.8400,64.5000,66.4200,260261
2021-05-24,66.6600,68.5500,66.3900,68.3100,265782
2021-05-25,68.4800,68.7800,67.7500,68.4200,223879
2021-05-26,68.3900,68.9500,67.8800,68.6200,269101
2021-05-27,68.6600,69.2600,67.9600,69.1600,262019
2021-05-28,69.4700,69.7400,68.5700,69.0000,262783
2021-05-31,68.9800,69.8200,68.7500,69.4400,78703
2021-06-01,69.3900,71.3400,69.2900,70.5900,298520
2021-06-02,70.5500,71.4800,70.3500,71.1900,217179
2021-06-03,71.2700,71.9900,70.6600,71.3400,226692
2021-06-04,71.2500,72.1700,70.7300,71.6700,220604
2021-06-07,71.8200,72.2700,71.1000,71.4400,219461
2021-06-08,71.4200,72.4200,70.7100,72.0400,283137
2021-06-09,72.1700,72.8700,71.8200,72.0200,263142
2021-06-10,72.0300,72.9300,70.9500,72.3700,342389
2021-06-11,72.4100,73.0900,71.8800,72.6100,273256
2021-06-14,72.7000,73.6400,72.5900,73.0700,198848
2021-06-15,73.0300,74.3300,72.7900,74.2100,227462
2021-06-16,74.2600,74.9600,73.8600,73.8500,303175
2021-06-17,73.8000,74.5000,72.0100,72.9700,324125
2021-06-18,73.0000,73.7600,72.1800,73.1700,230934
2021-06-21,73.3300,74.9500,72.9800,74.8200,263448
2021-06-22,74.0000,74.4300,73.5200,74.0200,295477
2021-06-23,74.0300,75.2600,73.9900,74.6600,243979
2021-06-24,74.5900,75.0400,73.8200,74.8000,232554
2021-06-25,74.8300,75.4100,74.1700,75.2500,240516
2021-06-28,75.4100,75.7700,73.9300,74.0000,337621
2021-06-29,74.0800,74.9900,73.3600,74.6100,281501
2021-06-30,74.6000,75.3500,73.9300,74.6400,278764
2021-07-01,74.6900,76.7400,74.5500,75.6100,399519
2021-07-02,75.6400,76.4300,75.2100,75.9700,234079
2021-07-05,76.2300,77.2600,75.7000,77.1000,155601
2021-07-06,77.0600,77.8400,74.1300,74.9300,406603
2021-07-07,74.6900,75.9900,72.6000,73.3200,384838
2021-07-08,73.3500,74.4000,72.1100,74.3500,309486
2021-07-09,74.3900,75.8000,73.8000,75.5000,245713
2021-07-12,75.7900,75.8400,74.2300,75.1700,260180
2021-07-13,75.2500,76.6000,74.9300,76.3500,274027
2021-07-14,76.2800,76.7200,73.7900,74.5200,371052
2021-07-15,74.5000,74.5900,73.1900,73.2500,318434
2021-07-16,73.1800,74.0900,72.3400,73.1700,288159
2021-07-19,72.8600,73.3400,67.7500,68.7500,506041
2021-07-20,68.9900,69.7300,67.4400,68.6300,311602
2021-07-21,68.9200,72.3800,68.6300,72.1700,300400
2021-07-22,72.2400,73.9000,71.7400,73.6100,239824
2021-07-23,73.5600,74.2200,73.3200,74.0000,174867
2021-07-26,73.4600,73.9800,72.0800,73.9500,204748
2021-07-27,73.8800,74.1900,73.0800,73.7300,242806
2021-07-28,73.8000,74.3400,73.5200,73.8000,248135
2021-07-29,73.8900,75.1500,73.7000,74.7900,240661
2021-07-30,74.8100,75.6500,74.3900,75.2200,252983
2021-08-02,75.3900,75.3900,72.3100,73.2300,300754
2021-08-03,73.0800,73.5500,71.0500,72.2700,301281
2021-08-04,72.3300,72.8300,70.1100,70.3100,366099
2021-08-05,70.2700,71.5000,69.7500,71.1600,256836
2021-08-06,71.2000,72.4300,70.2800,70.2800,293783
2021-08-09,70.2600,70.2600,67.6000,69.2000,349967
2021-08-10,69.3500,71.2400,68.9400,70.8400,243474
2021-08-11,70.8300,71.7200,69.0700,71.6200,321086
2021-08-12,71.5700,71.9000,70.6700,71.1500,221683
2021-08-13,71.1200,71.3800,70.0000,70.1800,200732
2021-08-16,70.0500,70.4500,68.1400,69.5700,290922
2021-08-17,69.7700,70.0000,68.8200,69.0900,233835
2021-08-18,68.9600,70.0400,67.2300,67.4500,309469
2021-08-19,67.5700,67.6400,65.5700,66.4600,342124
2021-08-20,66.5400,66.9300,64.9400,64.9200,248106
2021-08-23,64.9700,68.9000,64.6000,68.7800,265155
2021-08-24,68.6600,71.2700,68.5300,71.1300,284412
2021-08-25,70.2800,71.4300,69.8000,70.9400,275480
2021-08-26,70.9900,71.1300,69.7700,70.5200,293199
2021-08-27,70.6100,71.7500,70.2300,71.6100,251051
2021-08-30,71.9800,72.6900,71.0200,72.1100,244084
2021-08-31,72.1600,72.3600,71.3700,71.6600,251910
2021-09-01,71.6800,72.3800,70.4200,71.2900,277083
2021-09-02,71.3100,73.4700,70.9200,72.8100,253302
2021-09-03,72.8600,73.6900,72.4000,72.4500,209758
2021-09-06,72.5700,72.7800,71.5100,72.0900,127155
2021-09-07,72.2900,72.8100,71.1000,71.5300,255483
2021-09-08,71.6400,72.9500,71.5500,72.6600,323085
2021-09-09,72.6100,73.2000,70.8800,71.3500,374088
2021-09-10,71.3700,73.1500,70.9400,72.8900,242716
2021-09-13,72.8800,73.9200,72.6900,73.6400,242881
2021-09-14,73.6200,74.2800,73.0800,73.9100,275839
2021-09-15,73.9200,76.1300,73.7800,75.5000,288442
2021-09-16,75.4600,75.8700,74.4800,75.5800,231909
2021-09-17,75.6800,75.7800,74.5800,75.4400,250584
2021-09-20,75.3300,75.4000,73.5200,74.2300,312933
2021-09-21,74.3300,75.1800,73.2600,74.6800,257077
2021-09-22,73.7500,75.4700,73.6900,75.0300,282531
2021-09-23,75.0500,76.5300,74.8100,76.3800,286651
2021-09-24,76.4600,77.4000,76.0700,77.1400,253325
2021-09-27,77.6100,79.0500,77.3500,78.5900,356000
2021-09-28,78.6100,79.9500,77.3500,77.4300,402975
2021-09-29,77.5100,78.7300,76.7700,77.9000,362146
2021-09-30,77.8200,79.3000,76.5100,78.3600,461610
2021-10-01,78.4900,79.4100,77.5500,79.2400,277496
2021-10-04,79.4900,82.0000,78.7500,81.2700,355543
2021-10-05,81.2700,83.1300,81.1900,82.5500,334066
2021-10-06,82.5700,83.4700,80.6000,80.8200,396511
2021-10-07,80.9800,82.5000,79.0800,82.4500,388613
2021-10-08,82.3800,83.4300,81.9600,82.5800,349966
2021-10-11,82.6500,84.6000,82.5400,83.6400,324364
2021-10-12,83.4900,84.2300,82.7200,83.2800,328639
2021-10-13,83.1000,83.6900,82.2000,83.3300,324756
2021-10-14,83.4500,84.5000,83.1800,84.0500,311564
2021-10-15,84.3000,85.1000,84.1600,84.7900,270949
2021-10-18,84.9500,86.0400,83.9500,84.1100,335678
2021-10-19,84.2100,85.4000,83.7000,85.0700,358735
2021-10-20,85.1900,85.8900,83.6100,85.8500,370812
2021-10-21,85.9000,86.1000,83.3600,84.8000,366076
2021-10-22,83.9500,85.0200,83.1500,84.7100,307020
2021-10-25,84.7600,85.7700,84.5100,85.1200,314047
2021-10-26,85.2100,85.7400,84.5600,85.3900,301191
2021-10-27,85.3100,85.5600,83.3500,83.4700,393849
2021-10-28,83.5100,83.9800,81.6100,83.8900,378105
2021-10-29,83.6700,84.2600,82.5700,83.4600,341233
2021-11-01,83.6300,85.1200,83.0300,84.5100,299749
2021-11-02,84.4500,85.2300,83.7600,84.0400,308866
2021-11-03,84.0700,84.2000,81.1000,81.2900,373963
2021-11-04,81.5800,84.4900,80.2000,80.9200,468483
2021-11-05,81.2500,83.1600,80.2600,82.5100,376833
2021-11-08,82.5800,84.0000,82.5300,83.6500,268219
2021-11-09,83.4700,85.3000,83.1600,85.1900,342704
2021-11-10,84.9900,85.5000,82.0800,82.6900,361822
2021-11-11,82.8500,83.4400,81.6600,82.5400,331719
2021-11-12,82.8300,82.8700,81.2600,81.9500,287812
2021-11-15,81.9200,82.4900,80.6700,82.1300,271510
2021-11-16,82.0000,83.1400,81.5200,82.2400,335822
2021-11-17,82.0500,82.2200,79.7800,80.2000,403355
2021-11-18,80.1000,81.4100,79.2800,81.0100,303870
2021-11-19,81.0000,82.2400,78.0500,78.5200,476557
2021-11-22,78.5800,80.0700,77.5800,79.4700,335553
2021-11-23,78.8300,81.6100,77.8500,81.1600,366577
2021-11-24,80.9200,81.8800,80.6400,81.0000,257900
2021-11-25,81.0600,81.4000,80.5200,80.9700,134580
2021-11-26,80.3700,80.4200,70.9900,71.7200,571208
2021-11-29,72.6500,75.9400,72.1500,73.2000,488776
2021-11-30,73.9900,74.3500,67.4500,70.2200,575812
2021-12-01,69.8000,72.8700,68.1400,68.8400,416145
2021-12-02,69.7200,70.7000,65.7200,70.4400,518812
2021-12-03,70.2200,72.6200,69.2400,70.1200,327836
2021-12-06,70.2400,73.8000,70.2400,73.5500,253639
2021-12-07,73.6000,76.2700,73.2000,75.1900,308201
2021-12-08,75.4400,76.3700,74.3800,75.9200,319510
2021-12-09,75.9400,76.7000,73.8400,74.0100,280520
2021-12-10,73.9900,75.7100,73.8000,75.2000,217605
2021-12-13,75.3700,76.3900,74.2000,74.2100,261381
2021-12-14,74.4200,75.1600,72.5700,73.1800,276974
2021-12-15,73.2500,74.5800,72.5000,74.3600,230046
2021-12-16,74.4700,75.6100,74.0000,74.5900,220061
2021-12-17,74.5000,74.9800,72.6500,72.7700,222494
2021-12-20,72.8200,72.8700,69.2800,72.0300,331106
2021-12-21,71.8800,74.2700,71.2400,74.0000,204570
2021-12-22,74.0000,75.6300,73.5500,75.5600,200159
2021-12-23,75.4300,76.8000,74.7500,76.4700,207920
2021-12-24,76.6200,76.6200,75.3900,75.5300,39561
2021-12-27,76.0700,78.6800,75.3800,78.5800,143219
2021-12-28,78.3200,79.4800,78.0600,78.8200,155977
2021-12-29,78.9300,80.0300,78.1000,79.2000,248322
2021-12-30,79.0600,80.0200,78.4100,79.0800,194913
2021-12-31,78.8100,79.6800,77.5500,77.8900,147062
2022-01-03,78.1100,79.2800,77.0400,78.9100,195931
2022-01-04,78.9100,80.5500,78.6200,80.1200,287388
2022-01-05,80.0700,81.5000,79.5100,80.2100,327125
2022-01-06,80.2200,82.8300,79.6100,81.9200,348008
2022-01-07,82.0000,83.0000,81.4200,81.7200,283616
2022-01-10,81.7600,82.3000,80.5000,81.0000,296985
2022-01-11,81.0800,83.9800,80.8900,83.7500,319216
2022-01-12,83.7800,85.2100,83.5200,84.8000,294600
2022-01-13,84.8700,85.1000,83.7900,84.0800,252950
2022-01-14,84.1200,86.5000,83.9900,86.3200,297785
2022-01-17,86.1500,86.7100,85.5400,86.5100,137670
2022-01-18,86.4700,88.6600,86.4400,88.5600,351780
2022-01-19,88.6500,89.0500,87.6200,88.3900,299573
2022-01-20,87.8900,89.5000,87.0500,87.4400,274330
2022-01-21,86.7500,87.9800,85.7100,87.7000,194709
2022-01-24,87.9300,88.9000,85.0400,87.1700,302887
2022-01-25,85.9900,87.3600,85.2800,87.0500,273640
2022-01-26,86.9800,89.2700,86.7100,88.5300,339452
2022-01-27,88.5000,89.7400,87.7900,88.8000,355971
2022-01-28,88.8100,90.2700,88.1500,88.8700,416598
2022-01-31,89.2000,89.8000,88.0900,89.2600,273089
2022-02-01,89.6200,89.9600,87.7200,89.3200,262515
2022-02-02,89.4800,90.5200,88.2800,89.2100,315504
2022-02-03,89.0700,91.3000,88.0200,90.9700,298704
2022-02-04,91.3000,93.7000,91.2000,92.5200,316476
2022-02-07,92.7500,94.0000,92.1300,92.9500,313059
2022-02-08,92.6300,92.9300,89.9300,91.3100,364220
2022-02-09,91.0800,92.0900,90.0500,91.7700,289420
2022-02-10,91.7500,93.1000,90.8800,91.4000,364711
2022-02-11,91.1700,95.6600,90.5100,95.0600,446715
2022-02-14,95.2000,96.7800,93.4400,95.7600,370092
2022-02-15,95.8100,96.2600,92.0600,93.5000,375525
2022-02-16,93.4900,96.0700,91.1100,92.0000,391549
2022-02-17,92.2000,94.5000,92.1400,92.9300,344553
2022-02-18,92.7300,94.1500,90.1200,93.6100,345081
2022-02-21,94.2900,97.4000,92.5700,97.3800,215016
2022-02-22,94.0100,96.4900,92.9300,93.4700,381576
2022-02-23,93.7000,95.7300,92.8100,94.7300,316083
2022-02-24,95.3700,102.2600,94.1200,95.8600,628979
2022-02-25,97.1500,98.3600,92.7500,94.5600,417381
2022-02-28,96.3400,101.2800,96.3400,98.1300,397198
2022-03-01,98.4300,107.6700,98.3000,107.5800,485849
2022-03-02,107.3400,115.1100,106.8300,114.5000,483978
2022-03-03,115.2700,119.8400,109.4000,110.4100,447686
2022-03-04,114.2300,118.9800,109.6200,118.0500,328874
2022-03-07,122.7900,139.1300,119.0400,124.3700,413140
2022-03-08,124.5600,133.1500,121.3100,129.1800,463453
2022-03-09,130.2800,131.6400,105.6000,112.5000,516451
2022-03-10,112.6500,118.3600,109.0000,109.1800,344317
2022-03-11,110.2600,113.9100,107.1300,112.1200,284747
2022-03-14,113.1500,113.1500,103.4900,106.0000,263473
2022-03-15,105.3400,105.7100,97.4400,98.6500,314163
2022-03-16,99.1400,103.7000,96.9300,97.8500,245282
2022-03-17,96.1700,104.4100,95.3900,102.5000,206948
2022-03-18,103.7600,106.4600,102.9400,103.7600,178943
2022-03-21,105.0000,113.0500,104.2900,112.5000,223159
2022-03-22,113.8900,115.5000,109.3100,110.3000,258800
2022-03-23,110.9300,118.2000,110.7800,117.5100,280020
2022-03-24,117.7000,119.7400,113.4100,114.5200,276206
2022-03-25,115.2200,117.6200,111.8800,116.4100,269866
2022-03-28,115.7900,116.0300,106.0600,106.5400,299485
2022-03-29,107.2100,111.8000,102.1900,108.5500,350813
2022-03-30,109.6000,112.2800,107.9300,110.9600,252310
2022-03-31,110.9900,111.1600,104.0600,105.6500,329996
2022-04-01,105.2500,106.2400,102.3500,104.3800,232322
2022-04-04,104.0800,108.6800,102.8900,107.9100,210122
2022-04-05,108.5100,109.9000,104.5300,105.6000,200471
2022-04-06,105.7000,108.6700,100.5400,101.6500,285111
2022-04-07,101.7800,103.5900,98.4100,101.4200,289173
2022-04-08,101.4200,103.3000,99.6500,102.2500,207328
2022-04-11,103.2100,103.3000,97.5700,99.3500,227864
2022-04-12,99.3500,105.6000,98.9000,104.8100,272226
2022-04-13,105.4400,109.0000,104.0600,108.8400,245005
2022-04-14,108.2900,112.3900,106.6300,110.7800,207755
2022-04-18,112.3200,114.8400,110.7100,112.6600,131735
2022-04-19,112.8500,114.2100,106.7400,107.4100,238120
2022-04-20,108.1000,109.0000,104.6500,107.2300,238363
2022-04-21,106.6400,109.3700,106.3500,108.3100,196619
2022-04-22,107.8600,108.4000,105.0400,105.2600,184513
2022-04-25,105.0100,105.3700,99.2500,102.1900,277819
2022-04-26,102.3000,105.8100,100.9100,104.8700,254821
2022-04-27,105.0600,105.9800,103.0000,104.7700,223205
2022-04-28,104.7700,107.7100,102.9000,107.1100,304423
2022-04-29,107.0700,110.0000,106.1000,106.0800,268998
2022-05-02,106.3000,108.4600,103.1000,107.6000,150305
2022-05-03,107.6100,108.3200,104.6200,105.8300,182269
2022-05-04,105.9100,111.0000,105.4600,109.9300,238286
2022-05-05,110.5500,114.0000,109.2000,111.0200,277079
2022-05-06,111.2700,113.5000,109.8700,113.0400,247563
2022-05-09,112.9400,113.2000,105.0000,105.2500,299615
2022-05-10,105.5000,106.9600,101.5400,101.5700,325545
2022-05-11,101.5100,108.2900,101.3000,107.5100,285246
2022-05-12,107.6700,108.7100,104.6900,107.8500,262520
2022-05-13,108.2500,111.6900,107.7900,111.0800,218767
2022-05-16,111.6700,114.7900,108.8400,114.0300,215797
2022-05-17,114.4200,115.6900,111.0900,112.6100,275241
2022-05-18,112.9100,114.1500,108.3500,109.1500,244172
2022-05-19,108.2200,112.3100,105.7000,111.3700,270789
2022-05-20,111.4500,113.2300,110.5200,112.6100,179543
2022-05-23,112.8500,114.3400,111.8600,113.3700,192012
2022-05-24,110.4200,111.9100,109.0800,110.8600,212907
2022-05-25,111.3500,112.3800,110.1800,111.2900,204531
2022-05-26,111.4400,114.7700,110.8800,114.1800,223606
2022-05-27,114.3700,115.8000,113.1200,115.3200,249740
2022-05-30,115.4700,117.9400,115.3200,117.7000,141300
2022-05-31,118.2000,120.8000,115.1500,116.2500,351137
2022-06-01,116.0800,118.5700,115.4000,115.8600,232201
2022-06-02,115.0200,118.4600,112.4500,118.1000,214831
2022-06-03,118.2200,121.4500,116.0200,120.9000,139556
2022-06-06,121.5500,121.9500,118.7700,119.9900,200661
2022-06-07,119.9400,121.3700,118.5500,120.8700,275215
2022-06-08,120.6500,124.4000,120.4500,123.7600,254409
2022-06-09,123.6000,124.3400,122.5000,122.8900,216061
2022-06-10,122.8900,124.3300,119.8100,121.7400,290340
2022-06-13,121.9400,123.7000,118.9300,122.1600,254613
2022-06-14,121.8800,125.1900,118.9100,120.8600,288262
2022-06-15,120.7900,121.8800,117.7500,118.8900,227516
2022-06-16,119.6500,120.2900,115.5600,119.1000,272131
2022-06-17,119.1300,121.2500,111.7200,113.6100,317226
2022-06-20,113.8800,114.5000,111.5200,114.2100,160269
2022-06-21,114.2100,116.2500,114.0200,114.7000,200316
2022-06-22,111.5600,111.5700,104.3500,106.9800,290219
2022-06-23,106.3300,109.2800,105.0300,106.1300,232453
2022-06-24,106.4000,110.1400,105.6700,108.9800,236860
2022-06-27,109.0000,111.8900,107.1500,111.2100,236014
2022-06-28,111.5700,114.1000,111.4800,113.9500,260953
2022-06-29,113.9300,116.2400,111.7400,112.2500,279609
2022-06-30,112.4500,113.2500,108.1900,109.2000,288733
2022-07-01,109.4900,112.4500,108.0300,111.4800,229394
2022-07-04,111.6500,114.0000,110.4000,113.8000,100493
2022-07-05,113.5400,114.7500,101.1000,104.7700,423798
2022-07-06,104.8800,105.8500,98.5000,99.7300,344301
2022-07-07,100.1400,106.3500,98.5000,104.1200,275333
2022-07-08,104.6500,107.4700,103.6700,107.1500,237220
2022-07-11,107.0000,107.7000,103.6400,106.2900,192589
2022-07-12,106.2500,106.5600,98.9000,99.1000,272053
2022-07-13,98.5000,101.2100,98.2800,99.6400,246256
2022-07-14,99.4300,100.3900,94.5000,99.6400,315124
2022-07-15,99.9100,102.6400,98.1700,100.6500,216106
2022-07-18,100.8200,106.4800,99.4600,105.6900,211242
2022-07-19,105.7400,107.6100,103.6000,107.2700,219682
2022-07-20,102.6200,102.9900,100.7700,101.9700,179428
2022-07-21,101.8800,102.2500,97.2900,99.3000,231934
2022-07-22,99.2400,101.0200,97.5000,98.6000,198013
2022-07-25,98.9900,100.4100,96.7000,99.9300,220182
2022-07-26,99.7500,102.3900,99.0500,99.6400,238242
2022-07-27,99.8300,102.8800,98.8500,102.2400,251802
2022-07-28,102.3500,104.2000,100.9700,102.4100,300870
2022-07-29,102.6900,106.5000,101.6400,103.8900,261722
2022-08-01,103.9200,104.4300,99.0900,99.9500,264867
2022-08-02,99.8700,102.4100,98.4900,99.8200,227194
2022-08-03,99.7300,102.4100,96.5000,96.9400,290037
2022-08-04,97.1000,97.6600,93.2000,93.6000,257057
2022-08-05,93.6500,96.4000,92.7800,94.5100,215106
2022-08-08,94.5100,96.8200,93.0100,96.4700,198691
2022-08-09,96.3600,98.4000,94.9000,96.5200,217585
2022-08-10,96.3400,97.9700,93.6300,97.1000,243022
2022-08-11,97.0400,100.1700,96.6300,99.3600,209309
2022-08-12,99.3300,100.3800,96.9400,98.0100,185849
2022-08-15,97.7200,98.1700,92.7800,93.4700,214627
2022-08-16,94.0100,95.9500,91.7100,92.6500,214663
2022-08-17,92.6700,94.4800,91.5100,92.8600,192103
2022-08-18,93.2900,97.4200,93.0500,96.5400,204722
2022-08-19,96.6800,97.8800,94.2500,95.6400,175563
2022-08-22,95.9500,97.2800,92.3600,96.6800,205905
2022-08-23,96.7800,100.4500,96.5300,100.1100,205199
2022-08-24,99.3000,100.8900,98.2700,100.7900,226886
2022-08-25,100.7900,101.5300,98.2300,98.9300,217519
2022-08-26,98.9500,100.1000,96.9600,98.7000,272661
2022-08-29,98.9600,103.2200,98.2500,102.9500,209446
2022-08-30,102.8800,103.4800,96.6300,98.4800,343980
2022-08-31,98.3300,99.0000,94.4000,94.9000,273341
2022-09-01,95.1800,95.6800,91.8100,92.1100,291563
2022-09-02,92.6600,95.3200,92.6500,92.9300,207497
2022-09-05,93.0200,96.9900,93.0200,95.2000,142848
2022-09-06,95.1900,95.9400,92.3000,92.8300,223685
2022-09-07,91.9200,92.8100,86.5700,86.8100,309028
2022-09-08,87.7000,89.8300,87.2400,88.6100,207003
2022-09-09,88.6200,93.1200,88.6000,92.1700,200333
2022-09-12,92.5400,95.1700,91.2100,94.2400,208467
2022-09-13,94.3100,95.5300,91.0500,93.5100,270848
2022-09-14,93.4000,95.8000,91.9300,94.6300,257075
2022-09-15,94.6500,94.6600,90.0300,90.7000,247740
2022-09-16,89.3200,91.2800,89.0200,90.2700,195036
2022-09-19,91.4300,92.5700,88.5000,91.7400,138239
2022-09-20,90.8500,91.5700,88.5600,89.7200,204274
2022-09-21,89.5700,92.2300,88.3100,88.9600,244363
2022-09-22,88.8300,91.7400,88.2800,89.3600,216409
2022-09-23,89.5700,89.8800,84.5500,85.5400,300869
2022-09-26,85.5400,86.4500,82.4400,82.7300,252944
2022-09-27,82.8400,85.8400,82.8100,84.3800,245748
2022-09-28,84.8300,88.2200,82.9400,87.9800,291718
2022-09-29,87.6200,88.7400,86.1500,87.3900,276713
2022-09-30,87.5500,88.6400,85.0000,85.4500,257373
2022-10-03,86.3500,89.8200,86.3500,88.6300,263699
2022-10-04,88.8100,92.4000,88.7800,91.7700,277524
2022-10-05,91.8900,93.9600,90.7600,93.7500,290758
2022-10-06,93.7100,94.9800,92.7200,94.8800,203414
2022-10-07,94.7100,98.5800,93.9400,98.1900,263054
2022-10-10,98.7500,98.7500,95.6000,96.0100,210755
2022-10-11,95.9300,96.4600,93.1100,93.8600,255799
2022-10-12,93.7200,95.1700,91.5600,92.4000,254525
2022-10-13,92.4900,94.9200,91.0800,94.6200,274141
2022-10-14,94.5300,95.1100,91.2800,91.3900,207537
2022-10-17,91.7100,93.2100,90.8300,91.8700,200400
2022-10-18,91.9900,92.6600,88.7700,90.5900,314459
2022-10-19,90.7900,92.8500,89.3200,92.5700,267242
2022-10-20,92.4000,94.7700,91.9100,92.5900,228311
2022-10-21,92.4500,93.8000,91.0000,93.1900,197441
2022-10-24,91.2300,92.3000,89.0100,91.4000,176685
2022-10-25,91.4000,92.4800,89.7500,91.3400,218836
2022-10-26,91.1200,94.3000,90.3900,94.1400,258891
2022-10-27,94.1500,95.3000,93.1800,94.7000,241146
2022-10-28,94.6100,94.9000,93.0200,94.0200,266217
2022-10-31,94.4300,94.4800,91.4600,92.8600,273675
2022-11-01,92.6700,95.5500,92.3300,94.7100,241667
2022-11-02,94.8500,96.5000,94.0100,95.5600,251102
2022-11-03,95.3600,95.9800,94.1900,94.5600,226101
2022-11-04,94.5800,98.8100,94.3300,98.5800,303282
2022-11-07,97.3100,99.5600,96.5000,97.9100,235825
2022-11-08,98.2400,98.3000,95.0000,95.0300,249995
2022-11-09,95.1700,95.6500,92.3300,92.4900,304796
2022-11-10,92.5300,94.3200,91.7300,93.2900,273960
2022-11-11,93.8400,96.9200,93.6900,95.7600,235586
2022-11-14,95.8700,96.9500,92.5000,92.5000,245297
2022-11-15,92.5900,95.7700,91.5300,93.7300,310385
2022-11-16,94.1100,94.7900,91.6700,92.6200,252734
2022-11-17,92.7300,92.9100,89.5300,90.0200,310757
2022-11-18,90.1000,90.6300,85.8000,87.7500,374363
2022-11-21,87.3300,87.5700,82.3000,87.4000,358872
2022-11-22,87.3700,89.1500,86.9700,87.6800,238632
2022-11-23,87.8100,88.7600,83.9100,84.4000,298302
2022-11-24,84.8500,85.3400,84.0000,85.0500,137377
2022-11-25,85.4500,86.8800,83.6600,83.8400,171559
2022-11-28,84.0000,84.6700,80.8100,83.2400,336595
2022-11-29,83.2100,86.7200,83.1900,84.9400,343790
2022-11-30,84.9000,87.3900,84.4500,86.6200,239638
2022-12-01,86.7800,89.3700,86.2600,87.1000,222865
2022-12-02,86.9000,87.9100,85.1600,85.2500,193505
2022-12-05,85.7300,88.4400,82.5200,82.9800,250304
2022-12-06,83.2800,83.6900,78.7000,79.7000,305395
2022-12-07,79.7600,80.4900,76.9100,77.3500,276146
2022-12-08,77.4600,79.1700,75.7400,76.4500,256032
2022-12-09,76.6300,77.4800,75.1100,76.6500,213815
2022-12-12,76.8800,78.5900,75.2600,78.1600,211633
2022-12-13,78.1300,81.2800,78.1000,80.3800,239503
2022-12-14,80.3500,83.1500,80.1100,82.8000,207728
2022-12-15,82.7600,83.1800,80.8300,81.4300,192076
2022-12-16,81.3200,81.7800,78.2900,78.9400,240885
2022-12-19,79.2100,80.8700,78.6000,80.1700,168841
2022-12-20,80.6000,81.1900,79.0000,80.2400,181405
2022-12-21,80.5300,82.9200,80.0600,82.6500,175094
2022-12-22,82.9300,84.2100,81.3500,82.3600,203871
2022-12-23,82.3200,84.7000,81.8300,84.5300,176062
2022-12-27,85.0000,86.1000,84.1900,85.1700,158824
2022-12-28,84.9200,85.1500,82.5100,83.6400,204523
2022-12-29,83.6300,83.8400,81.8500,83.7000,179829
2022-12-30,83.7100,86.0000,82.8800,85.9900,165401
2023-01-03,85.9600,87.0000,81.7800,82.4500,298646
2023-01-04,82.3100,82.7200,77.7200,78.0700,313019
2023-01-05,78.1600,79.9700,77.6100,78.8900,255604
2023-01-06,78.8000,80.5900,78.0500,78.3700,212754
2023-01-09,78.4200,81.3700,78.4200,79.7900,239638
2023-01-10,79.5400,80.8900,78.8100,79.6200,238164
2023-01-11,79.5200,83.0000,79.3100,82.9600,267066
2023-01-12,82.8800,84.6200,82.3700,83.7900,251861
2023-01-13,83.9100,85.5000,83.5000,85.3500,212223
2023-01-16,85.3600,85.5900,83.8300,84.1300,120394
2023-01-17,84.2000,86.8200,84.0400,86.6900,231783
2023-01-18,86.4500,87.8500,84.3600,84.5900,283485
2023-01-19,84.3400,86.8500,83.7600,86.3300,243624
2023-01-20,86.4200,87.7900,85.5800,87.5200,211039
2023-01-23,87.8000,89.0000,87.0100,88.0600,195417
2023-01-24,88.0000,88.6100,85.9000,86.5100,230321
2023-01-25,86.4200,87.0700,85.5000,86.2300,206244
2023-01-26,86.4500,87.9900,85.7700,87.4700,242671
2023-01-27,87.4900,88.6300,85.5200,86.1500,313557
2023-01-30,86.8100,87.2800,84.2600,84.4200,304609
2023-01-31,84.6200,85.7900,83.1600,85.5200,310095
2023-02-01,85.5600,86.2100,82.3700,83.0000,340546
2023-02-02,83.3400,83.6100,81.2500,82.1100,283023
2023-02-03,82.2700,84.2000,79.6200,79.8200,327971
2023-02-06,79.6100,81.4300,79.1000,81.4000,321806
2023-02-07,81.2600,84.1300,81.1900,84.0700,289592
2023-02-08,84.1100,85.1500,83.5100,85.1200,248808
2023-02-09,84.9600,85.5000,83.0500,84.0700,255350
2023-02-10,84.2200,86.9000,83.9300,86.4500,291926
2023-02-13,86.5100,86.9500,85.1000,85.7800,202260
2023-02-14,85.8300,86.4200,84.1300,85.2400,225763
2023-02-15,85.2000,85.8500,83.8800,85.3400,240800
2023-02-16,85.2700,86.2100,84.6000,84.8200,194183
2023-02-17,84.6000,84.8700,81.8000,83.1500,300246
2023-02-20,83.1500,84.3000,82.7300,83.7700,133192
2023-02-21,83.5800,83.8500,82.2500,82.4700,223260
2023-02-22,82.5000,82.9600,80.3000,80.3000,291296
2023-02-23,80.3100,82.4600,80.2500,82.1700,284237
2023-02-24,82.3300,83.0900,80.7500,82.8500,283457
2023-02-27,82.8500,83.2500,81.4000,82.0400,229725
2023-02-28,82.0000,83.9900,81.8400,83.1000,224671
2023-03-01,83.0500,84.4900,82.6100,84.4200,237252
2023-03-02,84.3100,85.1000,83.8300,84.3300,211487
2023-03-03,84.6100,85.9900,82.3600,85.9900,310174
2023-03-06,85.8300,86.3500,84.3400,86.2500,240156
2023-03-07,86.2300,86.7500,82.8300,83.1000,290963
2023-03-08,83.0300,83.5900,82.0600,82.3900,290645
2023-03-09,82.5500,84.0000,81.4200,81.5400,276991
2023-03-10,81.4700,83.1100,80.7300,82.6400,353866
2023-03-13,82.6000,83.4800,78.3400,80.7400,458764
2023-03-14,80.5400,80.9200,76.8900,77.5800,350293
2023-03-15,77.3000,78.2600,71.3000,73.8300,551760
2023-03-16,74.3000,75.5400,71.8600,74.6800,325800
2023-03-17,74.3000,75.5900,71.3800,72.3000,454919
2023-03-20,72.9700,73.6500,70.0600,73.4500,340617
2023-03-21,73.4400,75.1200,72.6200,74.8400,282633
2023-03-22,74.9000,76.7900,74.2600,75.4100,237178
2023-03-23,75.5800,77.0600,74.6700,75.0800,257321
2023-03-24,75.1000,75.8900,72.3500,74.5500,316469
2023-03-27,74.6200,78.0000,74.3900,77.7600,327610
2023-03-28,77.8300,78.7000,77.0900,78.3900,350521
2023-03-29,78.4700,79.0000,77.3100,77.4900,339582
2023-03-30,77.4800,78.8500,77.1800,78.5700,292112
2023-03-31,78.4700,79.9500,77.8400,79.8300,308556
2023-04-03,86.0000,86.4400,83.5000,84.8000,462951
2023-04-04,84.8900,86.0400,83.8200,85.2500,303101
2023-04-05,85.2200,85.5400,84.0100,84.8400,239393
2023-04-06,84.8900,85.4500,84.0500,84.8800,253280
2023-04-10,85.1000,85.6600,84.0900,84.3300,137877
2023-04-11,84.2400,85.6700,83.7500,85.5100,254624
2023-04-12,85.5900,87.4900,85.3900,87.2000,336355
2023-04-13,87.1900,87.4700,86.0500,86.3100,280720
2023-04-14,86.1800,86.8700,85.5300,86.4800,255625
2023-04-17,86.4300,86.5200,84.3400,84.8200,253810
2023-04-18,84.7400,85.4100,83.8100,84.8700,305754
2023-04-19,84.9000,85.1500,82.3900,82.8000,326473
2023-04-20,82.7500,82.9200,80.7700,80.8400,288301
2023-04-21,80.5400,81.8100,80.2100,81.5400,206758
2023-04-24,81.6700,82.8000,80.3000,82.3200,238870
2023-04-25,82.3900,82.8800,80.2100,80.6500,304927
2023-04-26,80.7100,81.3600,77.5000,77.8000,524057
2023-04-27,77.8800,78.4900,77.5300,78.2800,429121
2023-04-28,78.2700,80.5300,77.5100,80.2000,367006
2023-05-01,80.1100,80.2400,78.1300,79.4200,143393
2023-05-02,79.2800,79.7800,75.0700,75.2000,374900
2023-05-03,75.3100,75.5800,71.7000,71.9000,451539
2023-05-04,71.2800,73.7200,71.2800,72.5200,357607
2023-05-05,72.6900,75.7500,72.4100,75.3700,258310
2023-05-08,75.2300,77.4300,74.9500,76.5800,182975
2023-05-09,76.7100,77.5000,75.0700,77.2700,281229
2023-05-10,77.3600,77.6000,75.6800,76.5600,305467
2023-05-11,76.6200,77.4100,74.6100,75.4000,340160
2023-05-12,75.3500,75.8500,74.0300,74.1700,254932
2023-05-15,74.1500,75.7500,73.4900,75.5300,237065
2023-05-16,75.5500,75.9500,74.5000,74.7100,213363
2023-05-17,74.6700,77.3100,74.1000,76.7500,283651
2023-05-18,76.7800,76.9900,75.5000,75.9500,228531
2023-05-19,76.0300,77.5000,75.1200,75.5900,237332
2023-05-22,75.6300,76.4600,74.5500,75.9700,232884
2023-05-23,76.1500,77.7400,75.6500,77.4900,268010
2023-05-24,77.5900,78.5000,76.9400,78.2300,295509
2023-05-25,78.2100,78.3900,75.0500,76.1400,270344
2023-05-26,76.0100,77.3200,75.6600,77.1700,299683
2023-05-29,77.4200,77.8300,76.1600,77.0900,97093
2023-05-30,77.0400,77.5900,73.3200,73.8400,448735
2023-05-31,73.8400,73.9500,71.5000,72.1300,416313
2023-06-01,72.1500,75.2500,72.0300,74.2900,342867
2023-06-02,74.2800,76.5000,74.1800,76.2000,269549
2023-06-05,77.6800,78.7300,76.3100,76.5800,380544
2023-06-06,76.5500,76.7500,74.7200,76.1200,294036
2023-06-07,76.2200,77.6400,75.5100,76.7600,316240
2023-06-08,76.8000,77.6800,73.5800,75.5200,389965
2023-06-09,75.5300,76.5700,74.7100,75.0000,258529
2023-06-12,74.8700,74.8700,71.5800,72.1000,350064
2023-06-13,72.1100,74.6600,71.9400,74.2100,307433
2023-06-14,74.0500,75.4900,73.0300,73.6100,314405
2023-06-15,73.4100,75.9700,72.9100,75.6300,257960
2023-06-16,75.6400,76.7400,75.0800,76.2600,253266
2023-06-19,76.4000,76.9300,75.3400,76.1100,137051
2023-06-20,76.1200,77.1500,74.5100,75.4700,273626
2023-06-21,75.5400,77.2400,75.5200,76.9700,218009
2023-06-22,77.0700,77.2100,73.8100,74.3700,384042
2023-06-23,74.2200,74.5500,72.3000,74.3900,290984
2023-06-26,74.6000,75.0000,73.6100,74.5200,267519
2023-06-27,74.4500,75.0800,72.3300,72.8100,445056
2023-06-28,72.6900,74.4200,71.8600,73.8300,439756
2023-06-29,73.9500,75.1500,73.5700,74.3400,313461
2023-06-30,74.3300,75.8400,74.2800,75.1900,347381
2023-07-03,75.1100,76.6000,74.5600,74.8900,321989
2023-07-04,74.8900,76.2900,74.7400,76.1000,152445
2023-07-05,76.0300,76.9500,75.3000,76.4700,287044
2023-07-06,76.7000,77.0900,75.0300,76.4800,325242
2023-07-07,76.5200,78.5400,76.0300,78.1700,326728
2023-07-10,78.6000,78.7700,77.3600,77.8000,284827
2023-07-11,77.8200,79.5000,77.6300,79.3300,323502
2023-07-12,79.3200,80.5500,79.2100,80.1400,349896
2023-07-13,80.1900,81.7500,79.8800,81.5200,401998
2023-07-14,81.6400,81.7000,79.5300,79.6200,302933
2023-07-17,79.3600,80.6400,78.2500,78.5400,337173
2023-07-18,78.5200,79.9900,78.1900,79.8200,354968
2023-07-19,79.8400,80.9300,79.1700,79.5400,304613
2023-07-20,79.3300,80.2700,78.6600,79.5400,272253
2023-07-21,79.7800,81.2400,79.6500,80.8600,270959
2023-07-24,80.6900,82.9000,80.2500,82.4900,322862
2023-07-25,82.6000,83.4700,81.9400,82.8400,300358
2023-07-26,82.8000,83.4300,82.2000,82.7100,321998
2023-07-27,82.7800,84.0900,82.5900,83.3300,344580
2023-07-28,83.2800,84.5000,82.8500,84.3200,344569
2023-07-31,84.4200,85.5800,83.9100,85.2500,299535
2023-08-01,85.2400,85.9100,84.2100,85.7300,289096
2023-08-02,85.8600,85.9900,82.7400,83.3500,387579
2023-08-03,83.4600,85.4100,82.3600,85.2100,388522
2023-08-04,85.3100,86.6500,85.0600,86.0200,262148
2023-08-07,86.2300,86.7300,85.0300,85.8700,255912
2023-08-08,85.7900,86.3400,83.3200,86.1500,371145
2023-08-09,86.0000,87.6500,85.9100,87.4300,380731
2023-08-10,87.3900,88.1000,86.2000,86.2800,332817
2023-08-11,86.3700,87.3500,85.8400,86.7000,314213
2023-08-14,86.5300,86.7100,85.5000,86.1900,264953
2023-08-15,86.1200,86.6800,84.2900,85.0400,300870
2023-08-16,85.2000,85.3600,83.1300,83.3700,326360
2023-08-17,83.2000,84.8800,83.0500,83.8700,300134
2023-08-18,83.8800,85.0800,83.3300,84.8300,284318
2023-08-21,84.8000,85.8600,84.3100,84.5500,285300
2023-08-22,84.4600,84.6600,83.8500,83.8600,277090
2023-08-23,83.9900,84.2600,81.9400,83.0400,347663
2023-08-24,82.5900,83.2300,81.6100,82.7400,281414
2023-08-25,82.7700,84.4100,82.1800,84.2300,383783
2023-08-28,84.2400,84.6900,83.5600,83.8000,215024
2023-08-29,83.8200,85.0700,83.2800,84.8900,339411
2023-08-30,85.0400,85.6800,84.5900,85.2900,359893
2023-08-31,85.2200,86.8800,85.0800,86.8200,400267
2023-09-01,86.8200,88.9900,86.7400,88.8500,370725
2023-09-04,88.9500,89.2200,88.2600,88.9800,139105
2023-09-05,88.9100,91.1500,88.0600,90.0400,422700
2023-09-06,90.1200,91.1000,89.2500,90.6100,278269
2023-09-07,90.8100,90.8900,89.4600,89.7500,206317
2023-09-08,89.7900,91.0200,89.3000,90.4300,288995
2023-09-11,90.8300,91.4500,90.1100,90.6200,297718
2023-09-12,90.6200,92.4000,90.5200,91.9500,329904
2023-09-13,92.0400,92.8400,91.6300,92.1600,293638
2023-09-14,92.0400,94.2100,92.0200,94.1200,301648
2023-09-15,94.0200,94.6300,92.6700,94.0200,314573
2023-09-18,93.3900,93.9100,92.6900,93.3600,364855
2023-09-19,93.4400,94.5700,92.9700,93.1700,484065
2023-09-20,93.2700,93.5100,91.7000,92.0200,390473
2023-09-21,91.9200,93.4400,91.1200,92.1700,369753
2023-09-22,92.2900,93.3700,91.5900,92.3900,430390
2023-09-25,92.3900,92.7300,91.2000,91.9200,366353
2023-09-26,91.8700,92.7000,90.4100,92.5000,420512
2023-09-27,92.4300,94.8000,92.4300,94.4200,629179
2023-09-28,94.3800,95.3500,92.7500,93.1300,552362
2023-09-29,93.0700,94.1300,91.9600,92.0700,407098
2023-10-02,92.1800,93.3300,90.3500,90.4700,416350
2023-10-03,90.4000,91.5600,89.5000,91.0600,434135
2023-10-04,91.0400,91.2100,85.7500,86.0100,516212
2023-10-05,85.8800,86.5200,83.8400,84.2200,505142
2023-10-06,84.4900,84.9500,83.4400,84.3500,412381
2023-10-09,86.4500,89.0000,86.0000,88.2200,402732
2023-10-10,88.1700,88.4900,86.9100,87.6400,341714
2023-10-11,87.7200,88.2600,85.2100,85.5200,390372
2023-10-12,85.5300,87.6400,85.1800,86.2800,362698
2023-10-13,86.3500,91.0000,86.2800,90.7900,413411
2023-10-16,90.9800,91.3900,89.5000,90.1500,275815
2023-10-17,89.9100,91.0000,88.8800,90.8300,247762
2023-10-18,91.2500,93.0000,90.6000,91.3600,342431
2023-10-19,91.3500,93.4800,89.5700,93.0300,304605
2023-10-20,93.2300,93.7900,91.6600,92.4300,264931
2023-10-23,92.1100,92.4500,89.6200,90.4900,271429
2023-10-24,89.3700,89.4900,86.3800,87.2100,332634
2023-10-25,87.1600,89.3100,85.7700,89.0900,419257
2023-10-26,88.8300,89.2700,86.5000,87.2400,346934
2023-10-27,87.4800,89.4300,86.8200,89.1200,369116
2023-10-30,88.9400,88.9400,85.8100,86.5700,393296
2023-10-31,86.6600,87.3900,84.7700,85.5400,379372
2023-11-01,85.4500,87.2400,84.5800,84.8600,311697
2023-11-02,85.0000,87.0500,84.6400,86.9200,296274
2023-11-03,86.9200,87.8000,84.5600,85.1700,350904
2023-11-06,85.5500,86.4600,84.8800,85.2000,235878
2023-11-07,85.1500,85.1900,81.4100,81.4100,396638
2023-11-08,81.4000,81.9600,79.2000,79.6500,411497
2023-11-09,79.7000,81.4800,79.4400,79.8500,301250
2023-11-10,79.8500,82.0600,79.7900,81.5800,245324
2023-11-13,81.4300,82.8400,80.4100,82.6900,239288
2023-11-14,82.7100,83.9700,82.0600,82.3700,233154
2023-11-15,82.3900,83.0400,80.7900,81.0700,288745
2023-11-16,80.9800,81.1700,76.6000,77.4400,432254
2023-11-17,77.5500,80.8100,77.2800,80.5200,330847
2023-11-20,80.3000,82.9400,79.5800,82.0300,246101
2023-11-21,82.2300,82.5600,81.5000,82.4400,231941
2023-11-22,82.4900,82.6800,78.4800,81.5600,390319
2023-11-23,81.4600,81.4800,80.1000,81.0800,145474
2023-11-24,81.2500,82.0300,80.0400,80.1300,180104
2023-11-27,80.1600,81.1400,79.0700,80.0100,277889
2023-11-28,80.1700,81.9700,79.7000,81.4300,324920
2023-11-29,81.6400,82.9900,80.7200,82.6500,394794
2023-11-30,82.6200,84.6100,80.0100,80.3700,601557
2023-12-01,80.6700,81.5400,78.7500,79.3000,346869
2023-12-04,79.3000,79.7200,77.5200,78.2200,382812
2023-12-05,78.1000,79.0900,77.0100,77.0100,343770
2023-12-06,77.1200,77.6500,74.1100,74.2300,377098
2023-12-07,74.5000,75.4800,73.6000,74.5400,294789
2023-12-08,74.5900,76.3600,74.2000,75.6400,226274
2023-12-11,75.7300,76.5000,75.0100,76.0700,210465
2023-12-12,76.1700,76.6600,72.8600,73.3200,306007
2023-12-13,73.2600,74.7000,72.2900,74.6000,257147
2023-12-14,74.7600,77.3500,74.4400,76.6400,253804
2023-12-15,76.6600,77.2300,75.2900,76.9100,218912
2023-12-18,76.9100,79.6500,76.0000,78.1700,283900
2023-12-19,78.2000,79.7700,77.5400,79.4000,237322
2023-12-20,79.3000,80.6000,79.1000,79.1200,312419
2023-12-21,79.0400,79.9900,77.8000,79.1200,286826
2023-12-22,79.1300,80.1000,78.6400,78.8900,220938
2023-12-26,78.7400,81.4500,78.3700,80.7000,183507
2023-12-27,80.5700,81.0200,79.2300,79.3100,280042
2023-12-28,79.5500,79.8700,77.1000,77.4700,268414
2023-12-29,77.3800,77.9800,76.7300,77.0500,187317
2024-01-02,77.3900,79.0600,75.6000,76.0400,330350
2024-01-03,76.0600,78.6700,74.7900,78.4400,358208
2024-01-04,78.5600,79.4100,76.5000,77.7400,352914
2024-01-05,77.7100,79.2600,77.6600,78.8900,279714
2024-01-08,78.8900,78.9500,75.2600,76.2200,339068
2024-01-09,76.3000,78.1900,75.9500,77.4900,333440
2024-01-10,77.4800,78.7300,76.3800,76.7700,346692
2024-01-11,76.7000,79.1000,76.6600,78.4800,391906
2024-01-12,78.7500,80.7500,77.9600,78.3200,397292
2024-01-15,78.1400,78.9000,76.8500,78.7400,176927
2024-01-16,78.4300,79.4000,77.6000,77.9300,295371
2024-01-17,77.7700,78.1900,76.5000,78.1000,349798
2024-01-18,78.1500,79.3000,77.3300,78.9300,321204
2024-01-19,79.1000,79.7300,78.3200,78.5700,272054
2024-01-22,78.5700,80.5500,77.8100,79.8700,306449
2024-01-23,79.9200,80.4300,78.7000,79.7100,325445
2024-01-24,79.2500,80.3300,78.6000,79.8100,254291
2024-01-25,79.9300,82.0700,79.6600,81.8000,317274
2024-01-26,81.9100,83.1900,80.7900,82.9900,431846
2024-01-29,82.9900,84.1700,81.4600,81.9600,397728
2024-01-30,82.0800,82.8600,80.8300,82.4000,406366
2024-01-31,82.6400,82.6500,80.2700,80.7200,379967
2024-02-01,80.5700,81.5500,78.5700,78.8300,514997
2024-02-02,79.1500,79.4400,76.8500,77.4000,405610
2024-02-05,77.4000,78.3300,76.6200,77.9200,286188
2024-02-06,77.9500,79.0800,77.6300,78.7600,300950
2024-02-07,78.7000,79.5000,78.4900,79.4100,286432
2024-02-08,79.3000,81.9000,79.0300,81.7600,421493
2024-02-09,81.7200,82.4500,81.2100,81.8600,311824
2024-02-12,81.8600,82.1900,80.7700,82.0600,240749
2024-02-13,82.0000,83.2400,81.9600,82.6300,320121
2024-02-14,82.6000,83.6000,81.3900,81.4500,336518
2024-02-15,81.4200,83.2500,80.7200,82.7500,322304
2024-02-16,82.7900,83.6600,81.8900,83.4600,327533
2024-02-19,83.2800,83.6000,82.5500,83.3700,181059
2024-02-20,83.2400,83.6300,82.0500,82.5300,281099
2024-02-21,81.6900,82.2200,80.8700,82.2000,300562
2024-02-22,82.2500,82.9000,81.3900,82.4600,324505
2024-02-23,82.4300,82.5400,80.6400,80.7600,325278
2024-02-26,80.6400,82.1400,80.1900,81.7300,321424
2024-02-27,81.7700,82.7500,81.2500,82.2400,297715
2024-02-28,82.3500,83.1300,81.5600,81.8700,416482
2024-02-29,81.8300,82.8400,81.5100,82.0100,380479
2024-03-01,82.0700,84.3400,81.8100,83.4400,388306
2024-03-04,83.5000,84.0800,82.5700,82.8000,365518
2024-03-05,82.8000,83.1400,81.7200,82.0400,445290
2024-03-06,82.0100,84.0500,81.8500,82.8900,365253
2024-03-07,82.9200,83.5300,82.0700,83.3400,370884
2024-03-08,83.1800,83.8400,81.7100,82.0600,314118
2024-03-11,82.0000,82.7500,81.0800,82.4400,342944
2024-03-12,82.4500,83.0100,81.6900,82.3500,311078
2024-03-13,82.4500,84.2400,81.9600,83.9300,376588
2024-03-14,84.0400,85.6900,83.9800,85.0900,374522
2024-03-15,85.1500,85.5500,84.6000,85.3400,282890
2024-03-18,85.3200,87.1800,85.2500,86.8800,379664
2024-03-19,86.1900,86.9200,85.8000,86.4900,360082
2024-03-20,86.4200,86.6100,84.9800,85.5800,410916
2024-03-21,85.7200,85.9900,84.5400,85.0500,330465
2024-03-22,85.1200,85.5800,84.5800,84.9100,278400
2024-03-25,84.9100,86.5100,84.7900,86.0500,346211
2024-03-26,86.1600,86.4200,85.1900,85.2700,329656
2024-03-27,85.2700,85.6900,84.5800,85.6400,355636
2024-03-28,85.6900,87.0700,85.5000,87.0000,387674
2024-04-01,87.0000,87.9800,86.4000,87.8200,269629
2024-04-02,87.6200,89.3200,87.6200,89.2400,421838
2024-04-03,89.2200,89.9900,88.6700,89.5100,359417
2024-04-04,89.4800,91.3000,88.7200,91.1000,386771
2024-04-05,91.2100,91.9100,90.5700,90.8500,380799
2024-04-08,90.8600,91.1000,88.7800,90.5800,386366
2024-04-09,90.6300,90.9400,89.2500,89.5800,340790
2024-04-10,89.5500,90.7100,88.8300,90.6500,365781
2024-04-11,90.5200,90.9200,89.3800,90.1900,370956
2024-04-12,90.1300,92.1800,90.0100,90.1400,396513
2024-04-15,90.1400,91.0500,88.7300,90.3900,405722
2024-04-16,90.4300,90.8400,89.4100,90.1000,317236
2024-04-17,90.1100,90.1700,87.1300,87.4100,442867
2024-04-18,87.4200,87.8000,86.0900,86.9000,416021
2024-04-19,87.0400,90.7500,86.1900,87.3700,487178
2024-04-22,87.3700,87.2600,85.7900,87.1600,355860
2024-04-23,86.2600,87.4800,85.1500,87.3800,373207
2024-04-24,87.4200,87.8000,86.6600,87.0800,300264
2024-04-25,86.8800,88.0300,86.2300,88.0200,393353
2024-04-26,87.9900,88.6400,87.6200,88.0400,306812
2024-04-29,87.9600,88.2200,86.9500,87.2800,354565
2024-04-30,87.1000,87.8000,85.4500,85.9200,404819
2024-05-01,85.8000,85.8900,83.2900,83.5700,477704
2024-05-02,83.5900,84.4400,83.0500,83.6700,386198
2024-05-03,83.9000,84.3900,82.8000,82.7800,330754
2024-05-06,82.9900,83.8300,82.7700,83.5900,221571
2024-05-07,83.7200,83.8800,82.4100,82.9700,359508
2024-05-08,83.0200,83.8200,81.7100,83.7200,393960
2024-05-09,83.7900,84.3300,83.4500,84.1000,304546
2024-05-10,84.2100,84.5300,82.7000,82.7700,308570
2024-05-13,82.7800,83.8400,82.2600,83.4000,327822
2024-05-14,83.4000,83.6200,82.1000,82.7400,327087
2024-05-15,82.7400,83.0700,81.0500,82.9000,378699
2024-05-16,83.0300,83.7800,82.3100,83.4100,294012
2024-05-17,83.4100,84.0400,83.0800,83.9900,268445
2024-05-20,83.9800,84.4900,83.1100,83.6200,294516
2024-05-21,83.7500,83.7600,82.0400,82.5300,366795
2024-05-22,82.5800,82.6300,81.5700,81.7200,338493
2024-05-23,81.7200,82.7000,80.7000,81.2000,339204
2024-05-24,81.1100,82.1600,80.4400,81.8400,264273
2024-05-27,81.9400,82.9600,81.8400,82.8100,92031
2024-05-28,82.8100,84.3500,82.7600,84.3300,319832
2024-05-29,84.3200,84.7200,83.1400,83.3600,371033
2024-05-30,83.3500,83.5800,81.8300,81.9200,469214
2024-05-31,81.8300,82.6900,80.7500,81.2400,423095
2024-06-03,81.1500,81.6500,78.0900,78.0900,444095
2024-06-04,78.1400,78.2200,76.7600,77.1200,454081
2024-06-05,77.2900,78.6600,77.1800,78.6200,334966
2024-06-06,78.7000,80.0800,78.3800,80.0100,338014
2024-06-07,80.0100,80.3800,79.3200,79.4700,263906
2024-06-10,79.3800,82.1700,79.3400,81.9400,339598
2024-06-11,81.9700,82.3600,81.1900,82.1200,329148
2024-06-12,82.1200,83.3400,81.9600,82.4900,322213
2024-06-13,82.4900,83.0500,81.8000,82.1700,329007
2024-06-14,82.1700,83.3900,81.9200,82.5900,333517
2024-06-17,82.6100,84.5500,82.1000,84.4000,350893
2024-06-18,84.3100,85.4900,83.6700,85.3400,394509
2024-06-19,84.6100,84.9800,84.1700,84.4900,254272
2024-06-20,84.4000,85.1400,84.1900,84.8000,288494
2024-06-21,84.7800,85.3000,83.9500,84.2000,339677
2024-06-24,84.1600,85.2800,83.8900,85.1900,289437
2024-06-25,85.1800,85.3900,83.9400,84.1500,378570
2024-06-26,84.1000,85.0300,83.7200,84.4300,438049
2024-06-27,84.4300,85.5800,84.1000,85.4200,486949
2024-06-28,85.4200,86.1800,84.5200,84.8300,369753
2024-07-01,84.9000,86.8800,84.8500,86.6300,394977
2024-07-02,86.7100,87.4600,86.1600,86.5800,425348
2024-07-03,86.4400,87.3900,85.8900,87.0700,330734
2024-07-04,87.0900,87.5900,86.5100,87.5500,176025
2024-07-05,87.4500,87.9500,86.4900,86.8500,260828
2024-07-08,86.7400,86.9200,85.5600,85.6900,298157
2024-07-09,85.6900,85.8500,84.5300,85.0000,348229
2024-07-10,85.0000,85.6600,84.0000,85.3500,396994
2024-07-11,85.4500,85.8900,84.6400,85.5600,334560
2024-07-12,85.6900,86.3500,84.9500,85.2100,359580
2024-07-15,85.1000,85.3700,84.4200,84.9300,228289
2024-07-16,84.7800,84.8600,83.3000,83.8400,324948
2024-07-17,83.8400,85.2000,83.4300,85.1700,317718
2024-07-18,85.2300,85.8100,84.2200,84.7900,359960
2024-07-19,84.7200,85.3500,82.5600,82.6200,347345
2024-07-22,82.8000,83.2200,81.6000,82.2600,335720
2024-07-23,81.3100,81.7800,79.6700,80.5800,407605
2024-07-24,80.5300,81.2900,80.0900,80.6500,328491
2024-07-25,80.6800,81.5600,79.2800,81.4200,393258
2024-07-26,81.4300,81.7200,79.4200,79.7300,385716
2024-07-29,80.6000,80.8600,78.6400,79.1000,406885
2024-07-30,78.8900,79.2100,77.9500,78.5500,470864
2024-07-31,78.5600,81.5900,78.4600,81.5100,492923
2024-08-01,81.4400,81.8000,79.4300,79.9900,357221
2024-08-02,79.9900,80.4600,76.4200,77.5600,496109
2024-08-05,77.6100,77.7400,75.0500,77.2900,551920
2024-08-06,77.4500,77.8500,75.5800,76.1100,390707
2024-08-07,76.1600,78.8700,75.9500,78.5500,438078
2024-08-08,78.5500,79.3700,77.6300,78.9500,313877
2024-08-09,79.0300,79.8300,78.7700,79.4600,228663
2024-08-12,79.5600,82.4000,79.4600,82.0100,324434
2024-08-13,82.0100,82.3000,80.5500,80.9700,344836
2024-08-14,80.9700,81.4400,79.6000,80.0400,351584
2024-08-15,79.9600,81.4300,79.6100,80.9000,263755
2024-08-16,80.8600,81.0200,78.6200,79.5800,314301
2024-08-19,79.6000,79.8100,77.4800,77.7100,358244
2024-08-20,77.7100,78.3500,76.5500,77.1800,344673
2024-08-21,77.1300,78.2100,75.6500,76.0500,310181
2024-08-22,75.4100,77.0100,75.2100,76.5100,281807
2024-08-23,76.5100,78.3700,76.3800,78.1200,269004
2024-08-26,78.4000,80.5300,78.3100,80.2000,399744
2024-08-27,80.2000,80.4600,78.5600,78.9500,421116
2024-08-28,78.9300,79.1100,77.1400,77.4000,405429
2024-08-29,77.4700,79.5700,77.0100,78.7600,491727
2024-08-30,78.6600,79.5200,76.7000,77.0300,444290
2024-09-02,76.9500,77.6300,76.2100,77.2500,176691
2024-09-03,77.1600,77.5500,73.5100,73.6800,558524
2024-09-04,73.6800,74.8000,72.3500,72.7300,517763
2024-09-05,72.7300,74.2000,72.3700,72.8300,386542
2024-09-06,72.8100,73.5300,70.6100,71.5200,371553
2024-09-09,71.6600,72.2100,70.6500,71.8900,311181
2024-09-10,71.8900,72.2800,68.6800,69.6500,392179
2024-09-11,69.6500,71.0900,69.0000,70.7100,350016
2024-09-12,70.1500,72.2500,70.1400,71.6500,359279
2024-09-13,71.7400,72.5700,70.9000,71.4800,251214
2024-09-16,71.4200,72.7200,70.9200,72.3700,231167
2024-09-17,72.3100,73.5500,71.6200,73.0500,281818
2024-09-18,73.0500,73.3300,71.6500,72.1500,313206
2024-09-19,72.4100,74.3500,72.1600,74.0200,323902
2024-09-20,73.8900,74.1600,73.2000,73.9000,273450
2024-09-23,73.9400,74.4400,72.4100,73.5700,374775
2024-09-24,73.5700,75.1200,73.2600,74.4800,359399
2024-09-25,74.4400,74.6700,72.5000,73.1300,560194
2024-09-26,73.1300,73.2800,70.2500,70.8900,694270
2024-09-27,72.8900,72.0000,70.4400,71.9700,433095
2024-09-30,71.8800,72.7900,71.0300,72.0000,436172
2024-10-01,72.0000,75.4500,69.9100,74.4700,853349
2024-10-02,74.4700,76.1400,73.5900,74.6300,523794
2024-10-03,74.6300,77.9900,74.3100,77.8900,620805
2024-10-04,77.8900,79.3000,77.3900,78.0500,549559
2024-10-07,78.0700,81.1600,77.2300,81.1300,490911
2024-10-08,81.1300,81.1400,76.3600,77.4400,642542
2024-10-09,77.4900,78.0200,75.1500,76.7600,488701
2024-10-10,76.7600,79.7200,76.7200,79.2600,393076
2024-10-11,79.2600,79.5000,78.0400,78.8200,357586
2024-10-14,78.5500,78.5500,74.8600,75.0700,337191
2024-10-15,75.2200,75.5700,73.3400,74.6300,478760
2024-10-16,74.7100,74.9300,73.4200,74.4400,312834
2024-10-17,74.4400,74.9200,73.2600,74.4300,289996
2024-10-18,74.4300,74.9500,72.5000,73.1700,314345
2024-10-21,73.1100,74.5700,72.8000,74.0700,272658
2024-10-22,74.0700,76.3200,73.5700,75.5600,341832
2024-10-23,75.7300,76.0500,74.4200,75.1600,277028
2024-10-24,75.1600,76.0800,73.6400,74.1600,259149
2024-10-25,74.1600,75.7300,73.8100,75.4500,268055
2024-10-28,72.3600,72.9200,70.8200,71.5600,463732
2024-10-29,71.5600,72.1100,70.2800,70.9800,374546
2024-10-30,70.9600,72.7400,70.7100,72.5900,368163
2024-10-31,72.5900,74.2800,71.8200,74.0000,369563
2024-11-01,74.0000,74.9400,72.8900,72.9300,329412
2024-11-04,74.0000,75.4000,73.8800,75.2100,290606
2024-11-05,75.2100,76.2400,74.9000,75.4400,290212
2024-11-06,75.4400,75.9800,73.3400,75.1500,460895
2024-11-07,75.1500,76.0800,74.0200,75.5500,384257
2024-11-08,75.5500,75.6100,73.4400,73.8900,317234
2024-11-11,73.8500,74.1300,71.5700,71.8900,359371
2024-11-12,71.9700,72.8200,71.5500,71.7200,313073
2024-11-13,71.7800,72.6300,70.7200,71.9800,372591
2024-11-14,72.1200,73.2200,71.7900,72.3800,260197
2024-11-15,72.2800,72.4900,70.8300,71.0400,304941
2024-11-18,70.8000,73.4700,70.7000,73.1200,326548
2024-11-19,73.1500,73.8700,72.6100,73.3000,342769
2024-11-20,73.3800,73.9400,72.7000,73.0600,249425
2024-11-21,72.7600,73.9900,72.5800,73.8500,293036
2024-11-22,73.8000,74.8600,72.9500,74.6500,349804
2024-11-25,74.8000,74.8300,72.3000,72.5400,393766
2024-11-26,72.5400,73.8000,71.6300,72.3800,374275
2024-11-27,72.3800,72.8500,71.7100,72.3700,304190
2024-11-28,72.3700,72.9600,71.8500,72.6800,160248
2024-11-29,72.4600,73.3400,71.7500,72.0700,295438
2024-12-02,72.0000,72.8900,71.5200,71.9100,282939
2024-12-03,71.9100,73.9300,71.6800,73.6700,360426
2024-12-04,73.6700,74.2800,72.2500,72.4900,336202
2024-12-05,72.5200,72.9200,71.8000,72.1700,310651
2024-12-06,72.1200,72.1900,70.8500,71.0500,287871
2024-12-09,70.9200,72.6500,70.9200,71.8900,228080
2024-12-10,71.8900,72.7200,71.5300,71.9900,257279
2024-12-11,72.1500,73.7500,72.1500,73.6200,303284
2024-12-12,73.6000,74.0000,72.4200,73.3100,312585
2024-12-13,73.3300,74.5900,73.3000,74.3500,240094
2024-12-16,74.6000,74.6000,73.7000,73.8900,229424
2024-12-17,73.8900,74.1800,72.4800,73.3100,264228
2024-12-18,73.2600,74.2000,72.8000,72.9800,274453
2024-12-19,72.9800,73.4500,72.1400,72.2600,307215
2024-12-20,72.2600,72.8900,71.5900,72.4800,262495
2024-12-23,72.5100,73.0000,71.6900,72.6400,235107
2024-12-24,72.6400,73.4100,72.4600,73.2100,173230
2024-12-26,73.3700,73.7500,72.5700,72.8700,153185
2024-12-27,72.8700,73.9300,72.6300,73.5200,263349
2024-12-30,73.5900,74.5000,73.3500,74.1100,302121
2024-12-31,74.2500,74.8900,73.8400,74.8300,185239
2025-01-02,74.8300,76.5500,74.7200,75.9000,359381
2025-01-03,75.9000,76.7300,75.5300,76.6700,306978
2025-01-06,76.5800,77.5000,75.9400,76.2900,366571
2025-01-07,76.2900,77.3000,75.9100,77.2600,364554
2025-01-08,77.3000,77.8900,76.0400,76.1600,420993
2025-01-09,76.1600,77.2700,75.6800,77.1600,292106
2025-01-10,77.2600,80.7500,77.0300,79.7900,754493
2025-01-13,79.7600,81.6800,79.7600,80.9000,591781
2025-01-14,80.9200,81.1500,79.8700,80.2400,442669
2025-01-15,80.2400,82.6300,79.6200,82.4200,470513
2025-01-16,82.4200,82.5700,80.3900,81.3100,449714
2025-01-17,81.4400,81.9300,80.5000,80.7500,306805
2025-01-20,80.9800,81.2300,79.4200,79.7700,282077
2025-01-21,79.7800,80.4600,78.4500,79.3500,383921
2025-01-22,79.3500,78.9100,77.9500,78.1200,341032
2025-01-23,78.0100,78.8000,77.1200,77.1500,373979
2025-01-24,77.1500,78.0800,76.9200,77.4300,373829
2025-01-27,77.3900,77.9600,75.5000,76.2200,436442
2025-01-28,76.2200,77.1700,75.9000,76.5600,452691
2025-01-29,76.5500,76.6500,75.3600,75.9100,335957
2025-01-30,75.9100,76.6000,74.9800,76.0600,358777
2025-01-31,76.1200,76.5000,75.1600,76.3100,420913
2025-02-03,76.7900,77.3400,75.0400,75.4500,541700
2025-02-04,75.4000,76.6600,74.1500,76.0300,568947
2025-02-05,76.2100,76.3400,74.5600,74.6400,331342
2025-02-06,74.6400,75.4000,74.1000,74.2700,370425
2025-02-07,74.3100,75.1200,74.2600,74.6900,285630
2025-02-10,74.5900,76.2300,74.5100,76.0900,264037
2025-02-11,75.9400,77.2900,75.9000,76.8000,341273
2025-02-12,76.8000,76.9100,74.9200,74.9300,366993
2025-02-13,74.9300,75.3700,74.0600,75.2600,321461
2025-02-14,75.0000,75.8500,74.5300,74.6000,294592
2025-02-17,74.6700,75.3800,74.1900,75.3000,201339
2025-02-18,75.2700,76.0700,74.9000,75.7600,306616
2025-02-19,75.8500,76.8400,75.8000,76.1100,260000
2025-02-20,76.1100,76.7100,75.3600,76.2200,293278
2025-02-21,76.2200,76.3200,73.8000,73.8000,315577
2025-02-24,73.7600,74.5000,73.7100,74.4400,257701
2025-02-25,74.2600,74.7600,72.2100,72.5500,348388
2025-02-26,72.5500,72.8100,71.9200,72.3100,371743
2025-02-27,72.3100,73.7500,72.1000,73.4000,335146
2025-02-28,73.3300,73.3700,72.3200,73.0800,320436
2025-03-03,73.0400,73.6700,71.1700,71.4300,401939
2025-03-04,71.4300,71.3600,69.7500,71.0800,494203
2025-03-05,71.0200,71.1800,68.3300,69.3200,458911
2025-03-06,69.4300,69.9000,68.7400,69.4200,406574
2025-03-07,69.4200,71.4000,69.3000,70.4100,387443
2025-03-10,70.4900,70.8800,69.0500,69.1400,269871
2025-03-11,69.0500,70.4400,68.6300,69.9200,277484
2025-03-12,69.9500,71.1000,69.4800,70.8900,269914
2025-03-13,70.8900,71.2500,69.6600,70.1500,315342
2025-03-14,70.9500,70.7500,69.9300,70.5800,226701
2025-03-17,70.7000,71.8000,70.6800,70.9200,257848
2025-03-18,70.9200,72.1900,70.2700,70.4000,312924
2025-03-19,70.4000,70.7700,69.5100,70.3700,248506
2025-03-20,70.4900,71.7600,70.1000,71.7000,353957
2025-03-21,71.7000,71.9700,71.0100,71.5700,297040
2025-03-24,71.7000,72.5700,71.2600,72.4300,318954
2025-03-25,72.4500,72.9100,71.8900,72.4900,374853
2025-03-26,72.4900,73.4900,72.4700,73.2900,392768
2025-03-27,73.2900,73.3700,72.5300,73.3400,347702
2025-03-28,73.3400,73.4700,72.3500,72.4100,383665
2025-03-31,72.9400,75.0400,72.2800,74.6700,445930
2025-04-01,74.6700,75.2900,74.3300,74.4600,424527
2025-04-02,74.4600,75.4700,73.1000,73.4000,440463
2025-04-03,73.4000,73.4000,69.4800,69.8200,742275
2025-04-04,69.8200,70.1100,64.0300,65.9500,964724
2025-04-07,64.9000,67.4300,62.5100,64.2600,874164
2025-04-08,64.2600,65.2100,61.3400,61.6100,654409
2025-04-09,61.6100,66.0200,58.4000,65.6900,925740
2025-04-10,65.9000,66.0800,62.0000,63.4000,484732
2025-04-11,63.1600,65.0800,62.7700,64.5900,403163
2025-04-14,65.0000,65.9000,64.0200,64.8200,280391
2025-04-15,64.8200,65.4000,64.2100,64.8500,272626
2025-04-16,64.8200,66.3600,63.7900,65.9500,334127
2025-04-17,65.9500,68.1400,65.9500,67.8200,299234
2025-04-21,67.5100,67.7200,65.6700,66.4900,189678
2025-04-22,66.4900,67.0800,65.5800,66.8300,292957
2025-04-23,66.8300,67.6400,64.3900,65.1800,449743
2025-04-24,65.1300,66.1100,64.9100,65.5800,316305
2025-04-25,65.6800,66.1900,64.6500,65.8200,396044
2025-04-28,66.1800,66.5000,64.2300,64.5300,400880
2025-04-29,64.7600,64.8100,62.9300,63.0000,459452
2025-04-30,63.1600,63.3400,60.7600,61.0100,570913
2025-05-01,61.0100,62.4000,59.3000,61.8800,441201
2025-05-02,61.2300,62.7200,60.6900,61.1700,367973
2025-05-05,59.5000,60.8200,58.5000,60.2600,317357
2025-05-06,60.2800,62.8000,60.1800,62.0400,376177
2025-05-07,62.0400,63.2500,60.8300,60.9500,356837
2025-05-08,61.0600,63.3800,61.0000,63.2000,339896
2025-05-09,63.0700,64.2700,62.8400,63.8800,316959
2025-05-12,64.0500,66.4000,63.8800,64.9500,413046
2025-05-13,64.9300,66.8100,64.6300,66.5600,336647
2025-05-14,66.5600,66.5900,65.6800,65.8500,294659
2025-05-15,65.4200,65.4200,63.4400,64.5400,444942
2025-05-16,64.7000,65.5400,64.1800,65.3200,312166
2025-05-19,65.4200,66.0100,64.4300,65.4800,315436
2025-05-20,65.4800,66.0000,64.8500,65.5800,289473
2025-05-21,66.2500,66.6300,64.5800,64.5800,369858
2025-05-22,64.1400,64.5000,63.0700,63.4800,306607
2025-05-23,63.5000,64.6500,62.8000,64.3800,328166
2025-05-26,64.4200,64.8100,63.8900,64.1700,87300
2025-05-27,64.1700,64.4900,62.9600,63.7200,332093
2025-05-28,63.8600,65.0500,63.5100,64.2300,327110
2025-05-29,64.6000,65.5000,63.1100,63.3500,436948
2025-05-30,63.2700,64.0900,62.0900,62.6000,480108
2025-06-02,63.2000,65.7600,63.0000,65.1100,468289
2025-06-03,65.1600,65.9500,64.5100,65.6000,347913
2025-06-04,65.6000,65.9500,64.2700,64.8800,367100
2025-06-05,64.7700,65.8500,64.6000,65.2100,251650
2025-06-06,65.2600,66.6700,64.8000,66.5900,330229
2025-06-09,66.5900,67.1900,66.0700,67.1300,276667
2025-06-10,67.1200,68.0000,66.4800,66.6000,334048
2025-06-11,66.6000,70.8300,66.4700,70.7800,505047
2025-06-12,70.2300,70.3700,68.3600,70.3500,498744
2025-06-13,70.5000,78.5000,70.4100,75.0000,1232952
2025-06-16,78.3100,78.3200,70.5600,72.5300,661926
2025-06-17,74.1600,77.3300,72.6600,77.1300,600643
2025-06-18,77.1300,77.4400,74.4100,76.0900,591990
2025-06-19,74.9500,77.1800,74.1700,76.9900,353770
2025-06-20,75.7300,76.0100,74.0000,75.7800,384599
2025-06-23,78.9000,79.4000,68.6400,69.7600,777485
2025-06-24,69.7600,69.3700,65.9300,66.8100,629484
2025-06-25,66.9000,67.5100,66.2000,66.4500,384428
2025-06-26,66.5600,67.7700,66.2200,66.6900,331231
2025-06-27,66.8200,67.3100,66.1200,66.3300,327759
2025-06-30,66.4800,67.2000,65.9200,66.6300,268139
2025-07-01,66.5800,67.5000,66.3400,67.1800,262091
2025-07-02,67.1100,69.2100,66.9400,69.1500,371419
2025-07-03,68.8600,69.1400,68.3200,68.8300,300140
2025-07-04,68.8500,68.8900,67.7500,68.4900,151463
2025-07-07,67.6400,69.9400,67.2200,69.5900,309177
2025-07-08,69.5900,70.6800,69.0300,70.0000,275918
2025-07-09,70.0000,70.7100,69.6100,70.1400,255369
2025-07-10,70.0600,70.4800,68.5400,68.8500,335056
2025-07-11,68.8400,70.7100,68.5500,70.6300,286725
2025-07-14,70.5000,71.5300,69.0200,69.1000,354733
2025-07-15,69.1500,69.4100,68.6000,68.8300,311877
2025-07-16,68.8300,69.0900,67.7100,68.7000,355748
2025-07-17,68.7900,69.6700,68.2700,69.6100,319312
2025-07-18,69.5500,70.7700,69.1400,69.2300,403684
2025-07-21,69.2100,69.6300,68.4300,69.0800,276633
2025-07-22,69.0800,68.3000,67.3500,67.7900,300000
2025-07-23,68.0200,68.2600,67.2900,67.9400,320414
2025-07-24,67.9900,68.7700,67.7000,68.5300,327547
2025-07-25,68.5500,68.9800,67.5000,67.5900,272864
2025-07-28,67.7000,69.7000,67.5500,69.5700,365882
2025-07-29,69.5500,72.2100,69.1800,71.7800,456860
2025-07-30,71.7000,72.8300,70.9200,72.7500,526582
2025-07-31,72.7800,72.8200,71.0000,71.7600,317507
2025-08-01,71.8300,72.0000,69.4000,69.5000,407470
2025-08-04,69.1100,69.9800,68.0000,68.6200,303724
2025-08-05,68.7500,68.8700,67.5200,67.6800,325271
2025-08-06,67.7500,69.1800,66.2200,66.9000,386711
2025-08-07,66.8800,67.6800,66.2700,66.3300,313295
2025-08-08,66.3300,67.2200,65.5300,66.1000,371837
2025-08-11,66.2500,67.1300,65.8100,66.6700,220079
2025-08-12,66.8000,67.0600,65.9800,66.1000,214486
2025-08-13,66.1400,66.3300,65.0100,65.7500,296397
2025-08-14,65.7500,66.9900,65.5500,66.8300,270943
2025-08-15,66.8700,67.0600,65.7300,66.0500,247598
2025-08-18,65.8500,66.8200,65.3000,66.4500,271966
2025-08-19,66.5700,66.5800,65.6100,65.9200,257564
2025-08-20,66.0500,67.1000,65.8100,67.0100,285598
2025-08-21,66.4600,67.2500,66.2500,67.0300,269918
2025-08-22,67.0500,67.4500,66.8900,67.2600,269946
2025-08-25,67.3900,68.4900,67.0400,68.1800,185101
2025-08-26,68.1400,68.1600,66.6000,66.6700,274583
2025-08-27,66.8500,67.5100,66.3700,67.1900,314074
2025-08-28,67.1500,68.0600,66.8100,67.6100,308541
2025-08-29,67.5900,67.9400,67.2900,67.4000,238902
2025-09-01,67.4200,68.3600,67.1200,68.1600,147299
2025-09-02,68.1600,69.5300,68.0500,69.0700,338583
2025-09-03,69.1000,69.2400,67.3600,67.3900,380805
2025-09-04,67.4100,67.4100,66.3500,66.8000,290562
2025-09-05,66.8200,67.0500,65.0700,65.5500,323105
2025-09-08,65.5500,67.0400,65.5100,66.2100,254116
2025-09-09,66.2100,67.3800,66.1200,66.5400,301223
2025-09-10,66.5400,67.7800,66.6600,67.5700,268531
2025-09-11,67.5800,67.6200,66.1500,66.2800,234271
2025-09-12,66.2400,68.1700,65.7100,66.8800,391808
2025-09-15,67.3300,67.8500,66.7800,67.4500,202575
2025-09-16,67.4700,68.6900,67.0100,68.4900,302967
2025-09-17,68.0700,68.1400,67.1300,67.4100,244039
2025-09-18,67.4100,67.8800,66.6900,66.9700,258575
2025-09-19,66.9700,67.0600,65.8500,65.9900,315925
2025-09-22,65.9800,66.6700,65.3500,65.9700,284114
2025-09-23,65.9700,67.4200,65.4900,67.1200,337906
2025-09-24,67.1200,68.5100,66.7900,68.2300,379820
2025-09-25,68.2500,68.8300,67.6700,68.8000,428251
2025-09-26,68.7500,69.8700,68.2800,68.8100,414415
2025-09-29,68.6500,68.9500,66.6800,66.7400,445097
2025-09-30,66.7400,66.8400,65.6400,66.1400,476712
2025-10-01,66.1400,66.5700,65.0500,65.4200,411545
2025-10-02,65.4500,66.1500,64.0000,64.3200,469660
2025-10-03,64.3800,65.0200,64.2000,64.3700,305508
2025-10-06,64.9000,65.7700,64.7600,65.5000,293830
2025-10-07,65.4800,65.8400,64.5300,65.7200,291007
2025-10-08,65.8000,66.5400,65.7600,66.0600,320110
2025-10-09,65.8200,66.5800,64.9600,65.1900,338892
2025-10-10,65.1900,65.3600,62.0000,62.0500,537168
2025-10-13,62.9000,63.9500,62.9000,63.3900,341456
2025-10-14,63.3900,63.6300,61.5000,62.2800,414613
2025-10-15,62.3300,63.0400,61.7900,62.4500,328282
2025-10-16,62.4500,62.7500,60.8400,60.9900,411070
2025-10-17,61.0000,61.4700,60.1400,61.3400,365507
2025-10-20,61.2500,61.5500,60.0700,60.9100,258242
2025-10-21,60.9100,62.1000,60.3500,61.5700,365973
2025-10-22,61.6100,64.5000,61.3800,64.3600,440916
2025-10-23,64.3600,65.6600,63.3700,65.2500,795528
2025-10-24,65.2500,65.9500,64.7300,64.8800,467886
2025-10-27,65.3500,65.8900,64.3200,65.0200,416851
2025-10-28,64.8800,65.0100,63.4300,63.8500,476778
2025-10-29,63.9000,64.7000,63.3800,64.2700,423085
2025-10-30,64.2700,64.5400,63.4700,64.0300,344714
2025-10-31,64.0500,65.1500,63.8100,64.5700,363201
2025-11-03,65.1200,65.3200,64.3300,64.8400,297917
2025-11-04,64.7300,64.8000,63.8200,64.2800,261430
2025-11-05,64.1800,64.9500,63.4400,63.5100,326565
2025-11-06,63.5800,64.3400,62.8400,63.5800,385812
2025-11-07,63.6300,64.3900,63.2300,63.7000,354872
2025-11-10,63.8000,64.3400,63.3200,63.9400,263817
2025-11-11,63.9400,65.3100,63.6000,65.0900,302430
2025-11-12,65.1500,65.1500,62.5600,62.6700,398838
2025-11-13,62.6700,63.4500,62.3400,63.1100,313043
2025-11-14,63.1100,64.8700,63.3600,64.2300,455320
2025-11-17,64.0300,64.7200,63.6700,64.0300,251099
2025-11-18,64.0300,65.1000,63.6200,64.7900,347542
2025-11-19,64.7900,64.8500,62.8600,63.6600,391248
2025-11-20,63.7400,64.4000,62.9400,63.0800,326776
2025-11-21,62.4000,62.4700,61.2600,61.8500,402161
2025-11-24,61.9000,62.9200,61.3400,62.7300,269424
2025-11-25,62.7200,62.7300,60.9600,61.9000,469392
2025-11-26,61.9400,62.6000,61.5300,62.4700,321261
2025-11-27,62.4400,62.9600,62.1400,62.9100,195335
2025-11-28,62.8800,63.3900,62.1200,62.3100,207620
2025-12-01,62.6900,63.8200,62.6900,63.3000,304198
2025-12-02,63.3300,63.3500,62.1700,62.3300,294710
2025-12-03,62.5600,63.3700,62.1800,62.7400,258308
2025-12-04,62.7200,63.6200,62.5300,63.3500,217387
2025-12-05,63.2600,64.0900,63.0600,63.8200,241075
2025-12-08,63.7500,63.9600,62.3400,62.5000,273586
2025-12-09,62.5400,62.7800,61.8300,62.1100,232448
2025-12-10,62.1100,62.7300,61.3500,62.5100,289124
2025-12-11,62.5100,62.6300,60.7700,61.5500,323608
2025-12-12,61.6000,61.8600,60.8100,61.1700,239287
2025-12-15,61.0900,61.5000,60.1300,60.3700,283736
2025-12-16,60.3700,60.4000,58.7200,58.8200,348061
2025-12-17,59.3000,60.7400,59.2500,60.6600,343992
2025-12-18,60.3000,60.3500,59.2900,59.4000,238217
2025-12-19,59.4000,60.2300,59.1100,60.0800,262386
2025-12-22,60.2500,61.6600,60.1100,61.4600,314777
2025-12-23,61.4400,62.0300,61.2800,61.9100,262186
2025-12-24,61.9700,62.2200,61.5500,61.8400,164156
2025-12-26,61.9000,62.2600,60.1600,60.2700,160221
2025-12-29,60.6200,61.7200,60.4300,61.2200,260882
2025-12-30,61.2200,61.8800,60.9500,61.2700,233179
2025-12-31,61.3300,61.9200,60.6300,60.9000,198891
2026-01-02,60.8600,61.3800,60.0100,60.8000,256860
2026-01-05,60.9900,61.8900,59.7500,61.7700,385132
2026-01-06,61.7700,62.3300,60.4000,60.5000,379056
2026-01-07,60.5000,60.9300,59.8100,60.3600,454682
2026-01-08,60.2900,63.0200,59.9600,62.6800,472679
2026-01-09,62.6800,63.9200,61.8300,63.0100,451155
2026-01-12,63.3400,64.3400,62.7600,64.2100,401060
2026-01-13,64.1100,65.9200,63.8400,65.4500,582223
2026-01-14,65.4500,66.8200,63.4500,65.2000,684741
2026-01-15,65.3500,65.3600,63.2700,63.8500,474057
2026-01-16,63.7400,64.7700,63.4400,64.0400,307720
2026-01-19,63.6300,64.3900,63.2600,64.1400,221457
2026-01-20,64.1400,64.3500,62.6900,63.3900,470006
2026-01-21,63.5500,64.7400,63.0500,64.5600,395102
2026-01-22,64.5600,64.6700,62.9000,63.6500,334453
2026-01-23,63.6500,65.4500,63.5500,65.4200,382474
2026-01-26,65.2700,65.7200,64.4800,64.8600,369570
2026-01-27,64.9500,66.7800,64.2000,66.7100,507006
2026-01-28,66.7100,67.7100,66.1400,67.6800,487814
2026-01-29,67.7000,70.5800,67.5300,69.7000,718088
2026-01-30,69.7000,70.2100,67.7900,69.8300,603989
2026-02-02,68.6000,68.8300,65.4500,66.1200,523347
2026-02-03,66.1200,68.2700,65.1900,67.8200,470565
2026-02-04,67.8900,69.7600,66.9800,68.9000,510048
2026-02-05,68.9000,68.9500,66.8900,67.3300,347009
2026-02-06,67.3300,68.8300,66.5600,67.9100,450776
2026-02-09,67.2500,69.4500,67.0200,69.1200,278199
2026-02-10,69.1200,69.4900,68.4400,69.0400,284041
2026-02-11,69.1000,70.7200,69.0000,69.6100,322973
2026-02-12,69.6100,69.8500,67.0900,67.5900,317706
2026-02-13,67.5800,68.0500,66.8900,67.6800,258465
2026-02-16,68.1300,68.7600,67.3200,68.5600,127318
2026-02-17,68.5400,69.0400,66.8200,67.4000,384697
2026-02-18,67.3900,70.7000,67.3600,70.2100,413533
2026-02-19,69.7500,71.7000,69.6100,71.6100,500225
2026-02-20,71.3600,71.8600,70.6600,71.2300,378437
2026-02-23,70.8000,72.0400,70.2800,71.0800,289428
2026-02-24,71.1200,71.9000,70.5100,71.0200,479651
2026-02-25,71.0500,71.6000,70.2600,70.7900,441398
2026-02-26,71.0100,72.3600,69.1600,70.8200,689504
2026-02-27,70.7800,73.5400,70.4200,73.1600,612302
2026-03-02,81.5700,82.3700,75.7500,77.9500,1119419
2026-03-03,77.9500,85.1200,78.3800,81.9700,1199567
2026-03-04,82.0000,84.4800,80.3000,82.5500,774770
2026-03-05,82.2400,86.2800,81.5000,84.2800,864990
2026-03-06,84.2800,94.6400,83.1600,93.3200,983378
2026-03-09,99.7500,119.5000,83.6600,89.8000,1200960
2026-03-10,92.4900,95.0400,81.1600,91.3700,862872
2026-03-11,91.3700,93.8000,86.2400,93.6600,677226
2026-03-12,93.6600,101.8500,95.2000,101.7100,650839
2026-03-13,101.7100,103.9500,97.6000,103.8300,445721
2026-03-16,106.5000,106.5000,99.5400,100.8100,461578
2026-03-17,97.3000,100.3300,97.2200,99.4900,365856
2026-03-18,99.5500,106.9600,96.7000,104.6600,534530
2026-03-19,105.1700,112.1200,99.5100,102.6000,732243
2026-03-20,102.6000,107.3700,100.4700,104.3100,498966
2026-03-23,107.5000,109.7800,91.7000,96.1500,788795
2026-03-24,97.1200,100.7700,94.1500,95.8500,551429
2026-03-25,96.6000,98.4200,93.4500,98.0600,519707
2026-03-26,97.9300,102.4900,97.1100,100.7600,479881
2026-03-27,97.9300,106.9500,99.0100,106.5900,421112
2026-03-30,107.7500,109.4600,106.1000,108.8000,484160
2026-03-31,109.2500,109.9900,102.6500,103.5100,570635
2026-04-01,103.5100,105.9400,98.3500,100.1200,516350
2026-04-02,100.7000,109.7400,99.0800,109.2400,504763
2026-04-06,110.0000,111.8900,106.8500,109.5700,261971
2026-04-07,109.5700,111.8000,102.7100,103.6800,573325
2026-04-08,95.0000,97.2200,90.4000,96.6500,717820
2026-04-09,96.6500,99.5000,94.2200,96.4100,481141
2026-04-10,96.6000,98.2600,94.2000,94.2600,337741
2026-04-13,100.9400,103.8700,97.5900,97.9500,409095
2026-04-14,97.5000,99.4500,94.4200,95.2200,337350
2026-04-15,95.2200,96.9000,93.9300,94.8400,353563
2026-04-16,94.6200,99.8000,94.4300,98.2400,309111
2026-04-17,98.4500,98.9800,86.0900,92.4500,582841
2026-04-20,96.1200,97.5000,92.7500,93.9500,326630
2026-04-21,94.4800,101.1500,93.8600,99.0000,407353
2026-04-22,99.3500,102.3100,96.5400,101.5400,315338
2026-04-23,101.7300,107.4000,101.2500,106.0100,355360
2026-04-24,100.3500,101.3400,97.5800,99.7800,322317
2026-04-27,100.9500,102.6300,99.5800,101.9600,323912
2026-04-28,101.9600,105.8300,101.6100,104.2400,406170
2026-04-29,103.9000,113.8100,103.3000,112.4700,469373
2026-04-30,111.5900,114.7000,107.0700,110.7600,484158
2026-05-01,111.3400,112.4500,106.2300,109.1400,299407
2026-05-04,106.6000,115.3000,105.5500,113.8600,399997
2026-05-05,114.0300,114.4400,109.6000,110.2500,329499
2026-05-06,110.2500,109.0200,96.7500,101.8500,585638
2026-05-07,101.9200,103.8800,96.0300,103.4800,507202
2026-05-08,103.4800,102.9200,99.5500,100.2500,297352
2026-05-11,104.0000,105.9900,102.8100,104.5100,311588
2026-05-12,104.5100,108.4500,104.2300,107.6100,271257
2026-05-13,107.5600,108.2800,105.3100,105.7200,261593
2026-05-14,105.7200,107.1300,103.8800,106.5300,226143
2026-05-15,106.5800,109.7500,106.2600,109.3000,262229
2026-05-18,109.7500,112.7200,106.8700,109.6900,391260
2026-05-19,109.1000,111.7900,109.0100,110.9500,232832
2026-05-20,110.9900,111.4900,103.2400,105.1200,429852
2026-05-21,105.2500,109.3000,102.1700,104.8100,444005
2026-05-22,101.3800,102.7700,98.0600,100.7500,311847
2026-05-25,97.5000,97.7200,93.2100,93.6000,174374
2026-05-26,94.4000,97.8100,94.3600,96.3300,324172
2026-05-27,96.3700,96.4500,91.7500,92.8500,390372
2026-05-28,93.8000,95.9800,90.7900,92.3800,419692
2026-05-29,92.3800,92.9500,89.9300,91.1000,347866
2026-06-01,92.5800,97.7900,92.2000,95.2500,366911
2026-06-02,94.7800,96.2800,92.8300,95.8500,238911
2026-06-03,95.8500,98.9900,96.4400,97.3200,282982
2026-06-04,97.2000,97.4400,93.9300,95.2400,238955
2026-06-05,95.2400,95.9000,92.6700,92.8400,256844
2026-06-08,95.5000,98.0800,93.6400,94.0800,334597
2026-06-09,94.4100,94.4200,89.5700,92.3200,341816
2026-06-10,92.6000,95.0000,90.7700,94.9400,345079
2026-06-11,95.0000,95.5000,88.4400,89.1500,402593
2026-06-12,88.8700,89.9000,85.8000,86.7200,332243
2026-06-15,85.0000,85.9300,82.4000,83.3600,270259
2026-06-16,83.8000,83.8000,78.4500,79.3200,357139
2026-06-17,79.0000,80.9400,77.6300,78.3900,292285
2026-06-18,78.8200,79.6800,76.3600,78.9400,276829
2026-06-19,78.9000,80.3900,78.4500,79.8600,159505
2026-06-22,81.5000,81.6500,76.9300,77.8000,253896
2026-06-23,77.8000,77.9000,76.1500,76.7800,246568
2026-06-24,76.3800,76.7600,73.3200,73.3400,343326
2026-06-25,73.3400,76.0900,72.4200,75.0700,349233
2026-06-26,75.0900,75.4600,71.9300,73.5000,412242
2026-06-29,73.9000,74.2500,72.5700,73.5500,282198
2026-06-30,73.5500,74.9000,72.6600,73.3800,305938
2026-07-01,73.3800,73.5300,71.0300,71.1300,284793
2026-07-02,71.2100,71.9200,70.1400,71.5600,251940
2026-07-03,71.5100,72.4900,71.3000,71.9300,147966
2026-07-06,71.9000,72.6100,71.0200,71.9800,209434
2026-07-07,72.1100,76.6000,72.0400,75.9100,399776
2026-07-08,75.9100,80.5900,75.4400,79.4200,626735
2026-07-09,78.9900,79.2500,75.5800,75.9200,349779
2026-07-10,76.1500,77.5200,75.2200,75.2500,282898
2026-07-13,78.0000,83.8600,77.2800,83.1600,480317
2026-07-14,84.0000,87.5500,83.3700,85.0900,558432
2026-07-15,85.2100,86.5500,83.3200,84.9700,308317
2026-07-16,84.9700,86.2500,83.8300,84.8300,243890
2026-07-17,84.8300,88.3600,83.7100,88.3300,301346
2026-07-20,89.3000,91.4200,86.1200,88.8100,365403
2026-07-21,88.9500,91.9900,87.8700,91.5300,334761
2026-07-22,88.8200,91.2200,88.6600,90.9000,422271
2026-07-23,91.0000,95.3000,90.6200,94.2400,454157
2026-07-24,94.2400,94.4900,90.3200,92.8500,416774
2026-07-27,88.8000,88.9500,84.6500,85.3400,452069
2026-07-28,85.3400,85.6000,80.6700,83.0400,521663
2026-07-29,83.0400,88.5900,83.9500,88.0100,455094
2026-07-30,88.0100,89.5000,86.2700,86.8200,393561
2026-07-31,86.8200,91.3600,84.6200,91.0400,356222
2026-08-03,82.8000,84.6600,81.5500,83.5800,331500
2026-08-04,83.5800,86.3300,78.6700,78.7200,540117
2026-08-05,78.7200,80.9500,78.1100,79.4700,351997
2026-08-06,79.4700,83.7700,78.9200,83.0800,315822
2026-08-07,83.0800,84.4400,81.5000,82.3100,256117
