date,open,high,low,close,volume
2018-03-26,440.0000,447.1000,426.3000,429.9000,40656
2018-03-27,429.9000,431.7000,412.6000,424.0000,40602
2018-03-28,429.0000,429.2000,406.5000,410.4000,67198
2018-03-29,410.5000,412.0000,401.6000,409.7000,66668
2018-03-30,407.4000,421.7000,405.0000,420.3000,58562
2018-04-02,420.5000,421.3000,413.9000,416.6000,24644
2018-04-03,414.3000,414.3000,400.5000,402.5000,52826
2018-04-04,403.8000,406.9000,399.0000,401.5000,44234
2018-04-09,398.2000,403.5000,397.7000,402.3000,15470
2018-04-10,404.2000,415.1000,403.8000,413.5000,61690
2018-04-11,415.0000,421.8000,414.1000,417.8000,66434
2018-04-12,421.0000,429.9000,416.9000,428.7000,110076
2018-04-13,425.3000,428.7000,423.3000,427.0000,63092
2018-04-16,427.7000,431.0000,423.5000,424.4000,65284
2018-04-17,426.0000,427.4000,421.5000,427.4000,55000
2018-04-18,422.8000,431.4000,420.6000,429.7000,80338
2018-04-19,435.0000,444.0000,432.5000,440.6000,84716
2018-04-20,441.0000,443.0000,435.0000,437.0000,68430
2018-04-23,435.0000,441.0000,432.0000,440.0000,70338
2018-04-24,434.2000,449.2000,432.2000,447.3000,91590
2018-04-25,447.0000,448.9000,436.6000,438.0000,98992
2018-04-26,437.1000,444.9000,434.4000,441.4000,109256
2018-04-27,444.0000,445.5000,440.4000,444.2000,80582
2018-05-02,439.7000,444.4000,436.0000,443.5000,33454
2018-05-03,441.6000,448.0000,439.1000,447.0000,111198
2018-05-04,443.8000,448.8000,442.8000,446.9000,100694
2018-05-07,448.3000,461.5000,448.3000,458.3000,135002
2018-05-08,460.6000,462.4000,456.9000,459.1000,110926
2018-05-09,466.0000,466.5000,464.0000,465.2000,244268
2018-05-10,466.3000,477.9000,466.0000,476.4000,165456
2018-05-11,474.2000,474.3000,467.0000,471.2000,165686
2018-05-14,471.7000,472.6000,462.7000,465.6000,168258
2018-05-15,467.5000,474.6000,467.5000,472.8000,150048
2018-05-16,478.0000,478.0000,470.5000,473.1000,193836
2018-05-17,472.0000,485.3000,470.5000,481.9000,220206
2018-05-18,485.0000,488.6000,481.9000,486.5000,179326
2018-05-21,484.8000,486.0000,477.0000,482.4000,175668
2018-05-22,480.0000,486.5000,478.3000,485.1000,133016
2018-05-23,486.0000,493.8000,482.6000,484.6000,218094
2018-05-24,484.5000,487.4000,478.1000,485.0000,217168
2018-05-25,481.1000,483.8000,476.6000,477.4000,180374
2018-05-28,467.4000,470.5000,456.6000,462.8000,245594
2018-05-29,462.5000,466.0000,459.2000,463.8000,145200
2018-05-30,467.0000,468.3000,458.5000,463.9000,224162
2018-05-31,466.0000,476.8000,465.3000,472.5000,234544
2018-06-01,470.5000,483.9000,469.9000,474.7000,275006
2018-06-04,472.9000,473.1000,467.6000,470.9000,202210
2018-06-05,468.7000,471.4000,461.6000,466.2000,212376
2018-06-06,461.7000,466.7000,455.8000,465.0000,238464
2018-06-07,461.0000,466.0000,458.0000,465.8000,251680
2018-06-08,467.7000,474.2000,466.6000,468.3000,228524
2018-06-11,469.0000,476.3000,466.8000,467.5000,192790
2018-06-12,466.4000,473.0000,463.9000,472.1000,235584
2018-06-13,469.2000,471.7000,463.0000,464.5000,217898
2018-06-14,466.3000,472.0000,464.4000,468.1000,222996
2018-06-15,470.7000,472.2000,465.5000,467.2000,182254
2018-06-19,463.1000,465.5000,458.0000,460.3000,75788
2018-06-20,461.1000,465.7000,458.8000,464.2000,223134
2018-06-21,465.0000,468.7000,458.8000,459.8000,312444
2018-06-22,458.0000,461.8000,453.7000,459.0000,271166
2018-06-25,464.4000,472.0000,464.3000,466.5000,254096
2018-06-26,468.4000,471.9000,465.3000,471.5000,184420
2018-06-27,472.2000,486.1000,469.6000,485.0000,295640
2018-06-28,487.0000,495.0000,486.3000,491.0000,260304
2018-06-29,490.4000,498.0000,490.4000,494.8000,252972
2018-07-02,498.0000,510.0000,497.6000,501.6000,283214
2018-07-03,502.4000,505.2000,496.8000,503.5000,255268
2018-07-04,504.1000,504.5000,491.3000,496.7000,319660
2018-07-05,496.0000,501.8000,494.4000,497.6000,212576
2018-07-06,498.8000,502.0000,492.8000,495.7000,330606
2018-07-09,491.0000,498.6000,487.0000,497.7000,218764
2018-07-10,497.6000,505.0000,496.3000,504.9000,240444
2018-07-11,506.7000,511.5000,502.6000,507.9000,291768
2018-07-12,503.2000,508.6000,490.0000,492.6000,346284
2018-07-13,492.5000,495.8000,487.6000,491.1000,264248
2018-07-16,494.0000,499.5000,491.8000,491.9000,225268
2018-07-17,486.2000,488.7000,478.5000,479.2000,293302
2018-07-18,483.0000,485.3000,478.6000,481.5000,218500
2018-07-19,482.6000,489.1000,479.0000,486.1000,263424
2018-07-20,483.5000,494.5000,483.3000,493.4000,318348
2018-07-23,493.6000,494.7000,489.1000,490.4000,211466
2018-07-24,495.5000,499.7000,493.1000,494.7000,229940
2018-07-25,495.0000,504.3000,492.9000,503.1000,234826
2018-07-26,501.7000,504.6000,497.3000,503.8000,266060
2018-07-27,501.3000,508.7000,501.3000,506.9000,193380
2018-07-30,508.3000,509.9000,503.7000,509.9000,187630
2018-07-31,514.1000,515.5000,512.6000,513.2000,151032
2018-08-01,512.8000,514.1000,501.3000,503.3000,238068
2018-08-02,497.6000,504.3000,497.4000,503.7000,235238
2018-08-03,501.0000,515.3000,501.0000,513.5000,232308
2018-08-06,512.7000,519.6000,506.0000,518.6000,244680
2018-08-07,520.9000,537.2000,520.5000,537.2000,216280
2018-08-08,545.6000,550.0000,510.2000,523.2000,367998
2018-08-09,515.1000,523.0000,508.4000,513.2000,70478
2018-08-10,515.3000,517.6000,503.9000,506.3000,75992
2018-08-13,509.8000,515.5000,507.6000,509.3000,82664
2018-08-14,510.2000,519.2000,505.0000,516.0000,170050
2018-08-15,520.0000,521.8000,508.2000,510.1000,218180
2018-08-16,508.8000,512.3000,494.0000,497.9000,326410
2018-08-17,500.0000,501.8000,495.0000,496.7000,249986
2018-08-20,501.5000,503.5000,480.0000,491.4000,327468
2018-08-21,491.2000,501.9000,488.5000,496.4000,335614
2018-08-22,500.0000,507.6000,496.8000,504.6000,304726
2018-08-23,509.1000,513.7000,504.9000,508.0000,314562
2018-08-24,508.0000,514.6000,504.2000,511.8000,287220
2018-08-27,512.2000,514.3000,507.7000,510.8000,259682
2018-08-28,512.5000,516.2000,509.6000,512.0000,258382
2018-08-29,513.5000,514.1000,508.2000,508.5000,250278
2018-08-30,513.0000,523.6000,510.7000,522.8000,318074
2018-08-31,523.5000,525.2000,519.1000,524.0000,224134
2018-09-03,522.9000,524.4000,518.0000,521.2000,242128
2018-09-04,522.0000,527.0000,520.3000,523.9000,233514
2018-09-05,530.3000,532.5000,520.4000,521.3000,348304
2018-09-06,520.5000,524.3000,518.7000,520.0000,280408
2018-09-07,521.8000,522.6000,512.0000,516.8000,331998
2018-09-10,516.7000,525.3000,510.9000,524.5000,304954
2018-09-11,523.2000,525.0000,518.3000,524.3000,292542
2018-09-12,522.8000,540.2000,522.2000,535.9000,353554
2018-09-13,537.1000,540.5000,530.3000,533.3000,332700
2018-09-14,531.5000,533.4000,523.6000,525.8000,293498
2018-09-17,525.3000,530.5000,521.2000,527.8000,335812
2018-09-18,529.5000,530.6000,522.4000,523.3000,272110
2018-09-19,530.0000,532.9000,525.9000,528.7000,307304
2018-09-20,527.4000,537.6000,525.7000,535.9000,340108
2018-09-21,533.0000,534.8000,529.2000,532.1000,267538
2018-09-25,542.7000,552.3000,541.6000,549.1000,114378
2018-09-26,550.8000,555.5000,550.6000,554.2000,272886
2018-09-27,551.0000,560.0000,550.1000,557.7000,302500
2018-09-28,556.8000,564.6000,551.3000,563.6000,246962
2018-10-08,572.6000,573.5000,565.6000,572.5000,91178
2018-10-09,569.2000,598.0000,569.2000,592.9000,366142
2018-10-10,594.1000,598.5000,585.1000,597.3000,349738
2018-10-11,595.3000,597.3000,567.3000,574.2000,421404
2018-10-12,574.6000,576.6000,560.4000,573.3000,388228
2018-10-15,571.7000,575.3000,561.3000,573.1000,335974
2018-10-16,572.5000,573.6000,555.3000,560.0000,370396
2018-10-17,557.1000,566.2000,553.0000,566.0000,341110
2018-10-18,560.9000,561.8000,547.3000,554.7000,408230
2018-10-19,545.6000,559.7000,545.6000,551.8000,337546
2018-10-22,555.7000,561.9000,552.4000,559.3000,341894
2018-10-23,555.6000,557.7000,551.0000,554.1000,339558
2018-10-24,546.4000,547.6000,531.1000,536.2000,398960
2018-10-25,539.8000,543.7000,531.1000,536.3000,405956
2018-10-26,541.6000,542.7000,535.5000,538.3000,312086
2018-10-29,538.0000,545.2000,535.1000,536.1000,330714
2018-10-30,536.5000,542.9000,535.6000,541.4000,260678
2018-10-31,535.0000,536.6000,524.7000,535.1000,343292
2018-11-01,533.0000,533.7000,519.6000,522.6000,344550
2018-11-02,521.4000,524.3000,503.7000,510.7000,396644
2018-11-05,508.4000,511.3000,504.3000,509.6000,284116
2018-11-06,512.0000,517.4000,505.2000,507.6000,278600
2018-11-07,507.5000,512.2000,497.8000,498.6000,344536
2018-11-08,505.3000,507.0000,499.2000,503.4000,326460
2018-11-09,502.2000,502.8000,492.5000,495.4000,319338
2018-11-12,488.8000,500.2000,483.9000,498.6000,339006
2018-11-13,496.8000,498.7000,483.7000,484.4000,274046
2018-11-14,483.2000,486.7000,468.0000,468.0000,296062
2018-11-15,465.0000,467.8000,456.2000,463.9000,368964
2018-11-16,464.5000,468.9000,460.7000,466.7000,286342
2018-11-19,479.0000,480.9000,466.9000,472.4000,123006
2018-11-20,468.0000,471.8000,462.1000,465.0000,310042
2018-11-21,465.0000,465.2000,443.6000,447.5000,472424
2018-11-22,451.0000,454.4000,441.0000,443.1000,515750
2018-11-23,444.6000,448.9000,429.0000,433.0000,480796
2018-11-26,427.3000,427.4000,418.9000,418.9000,154714
2018-11-27,415.5000,426.5000,415.5000,418.1000,467772
2018-11-28,420.0000,428.9000,414.0000,426.7000,582734
2018-11-29,420.9000,424.1000,406.7000,409.5000,659578
2018-11-30,414.9000,419.8000,411.6000,418.1000,586738
2018-12-03,431.7000,433.7000,429.3000,431.7000,648264
2018-12-04,427.9000,434.3000,422.8000,432.2000,456904
2018-12-05,434.5000,436.1000,421.1000,425.1000,493992
2018-12-06,430.1000,435.2000,420.9000,422.4000,506466
2018-12-07,414.0000,420.0000,406.6000,411.8000,685326
2018-12-10,417.3000,437.3000,416.7000,428.9000,605088
2018-12-11,425.5000,427.5000,415.1000,418.8000,426988
2018-12-12,422.0000,426.9000,420.1000,425.4000,357260
2018-12-13,427.1000,428.7000,420.4000,422.2000,438682
2018-12-14,418.0000,428.6000,416.8000,421.8000,414486
2018-12-17,422.0000,425.6000,412.8000,417.8000,380772
2018-12-18,430.1000,430.8000,414.1000,415.8000,226000
2018-12-19,413.9000,417.3000,397.0000,399.4000,447056
2018-12-20,399.0000,405.7000,395.6000,398.1000,419936
2018-12-21,394.6000,398.0000,385.8000,389.6000,504434
2018-12-24,382.0000,389.6000,375.5000,384.8000,518302
2018-12-25,380.4000,382.8000,351.6000,355.6000,460376
2018-12-26,357.1000,364.9000,352.7000,357.3000,278796
2018-12-27,361.3000,385.7000,356.8000,383.4000,653032
2018-12-28,378.2000,383.3000,373.1000,379.1000,483344
2019-01-02,380.8000,383.0000,369.6000,370.9000,155324
2019-01-03,370.9000,397.3000,370.2000,385.4000,612956
2019-01-04,391.4000,401.6000,386.2000,398.0000,661536
2019-01-07,401.9000,411.5000,398.9000,407.5000,703896
2019-01-08,409.1000,415.5000,402.7000,405.5000,600078
2019-01-09,409.0000,419.8000,407.3000,416.3000,557344
2019-01-10,419.5000,428.9000,416.5000,421.5000,636884
2019-01-11,424.0000,427.5000,419.7000,426.9000,508960
2019-01-14,426.5000,426.5000,412.5000,414.8000,606728
2019-01-15,416.1000,420.2000,413.1000,416.3000,506802
2019-01-16,417.1000,423.5000,414.5000,422.9000,468574
2019-01-17,420.0000,425.8000,418.0000,425.2000,548660
2019-01-18,419.2000,433.2000,418.2000,432.0000,516038
2019-01-21,431.0000,441.5000,429.4000,438.8000,545476
2019-01-22,438.2000,442.2000,432.3000,434.5000,357922
2019-01-23,430.9000,433.1000,423.9000,432.4000,456382
2019-01-24,434.6000,435.7000,421.5000,425.7000,531904
2019-01-25,424.0000,433.0000,423.2000,430.8000,497512
2019-01-28,426.5000,430.7000,421.9000,422.0000,401152
2019-01-29,421.6000,423.4000,413.0000,418.5000,373126
2019-01-30,420.5000,429.2000,419.5000,425.1000,368132
2019-01-31,429.4000,434.0000,427.2000,431.6000,318880
2019-02-01,430.0000,437.6000,422.7000,423.2000,312950
2019-02-11,424.9000,430.8000,423.0000,429.6000,72378
2019-02-12,431.0000,434.5000,424.2000,427.4000,237138
2019-02-13,432.4000,438.4000,429.1000,432.5000,314590
2019-02-14,432.0000,442.7000,430.1000,441.8000,286410
2019-02-15,441.8000,447.6000,434.5000,444.3000,289782
2019-02-18,454.0000,467.9000,450.9000,461.1000,181348
2019-02-19,460.0000,461.9000,456.1000,461.2000,173320
2019-02-20,460.9000,460.9000,453.7000,456.4000,250302
2019-02-21,453.6000,462.6000,450.5000,457.3000,291430
2019-02-22,456.8000,457.5000,452.4000,456.8000,239458
2019-02-25,459.6000,460.7000,446.2000,449.0000,276492
2019-02-26,441.3000,441.9000,427.6000,433.1000,328414
2019-02-27,437.0000,440.5000,433.0000,438.3000,254924
2019-02-28,443.1000,445.0000,438.2000,439.7000,262114
2019-03-01,440.4000,450.1000,439.8000,449.3000,246056
2019-03-04,445.0000,447.2000,431.6000,436.1000,336684
2019-03-05,438.0000,443.6000,433.2000,434.5000,251926
2019-03-06,438.0000,440.0000,426.2000,438.6000,327370
2019-03-07,438.2000,445.7000,434.9000,440.0000,349816
2019-03-08,444.8000,445.5000,436.5000,437.0000,278732
2019-03-11,431.0000,440.9000,426.5000,439.7000,286090
2019-03-12,440.0000,448.5000,439.7000,444.2000,287550
2019-03-13,447.5000,448.0000,440.8000,445.5000,240012
2019-03-14,446.4000,453.9000,446.3000,452.7000,258524
2019-03-15,453.1000,457.4000,448.1000,455.0000,257276
2019-03-18,450.0000,454.0000,443.0000,451.0000,67612
2019-03-19,453.0000,459.0000,452.0000,457.0000,139738
2019-03-20,459.0000,460.0000,452.0000,457.0000,224314
2019-03-21,454.0000,465.0000,453.0000,464.0000,309556
2019-03-22,463.0000,463.0000,457.0000,461.0000,255788
2019-03-25,457.0000,457.0000,449.0000,450.0000,295100
2019-03-26,452.0000,457.0000,450.0000,454.8000,239912
2019-03-27,458.3000,460.8000,456.6000,458.8000,214722
2019-03-28,459.0000,461.2000,453.1000,453.2000,290626
2019-03-29,450.0000,459.6000,446.9000,457.9000,299682
2019-04-01,462.0000,463.6000,455.8000,461.1000,245490
2019-04-02,463.5000,473.0000,460.7000,470.2000,315862
2019-04-03,467.9000,475.5000,467.9000,472.4000,259958
2019-04-04,471.5000,472.5000,467.0000,469.0000,288444
2019-04-08,477.1000,479.4000,476.1000,476.1000,89040
2019-04-09,475.0000,481.9000,475.0000,478.2000,277158
2019-04-10,477.0000,479.1000,472.8000,475.7000,268000
2019-04-11,476.0000,482.8000,475.6000,480.1000,254698
2019-04-12,479.0000,479.7000,472.4000,475.2000,237404
2019-04-15,479.4000,480.2000,467.6000,471.8000,240048
2019-04-16,469.8000,472.2000,464.8000,465.6000,247434
2019-04-17,471.3000,477.5000,469.1000,476.3000,58462
2019-04-18,476.1000,476.1000,471.7000,472.6000,172316
2019-04-19,476.0000,476.9000,473.4000,475.9000,187136
2019-04-23,490.5000,499.3000,488.6000,498.3000,261146
2019-04-24,495.4000,500.3000,495.2000,497.0000,249936
2019-04-25,500.0000,506.9000,498.0000,505.9000,309824
2019-04-26,507.0000,508.3000,497.3000,498.0000,240910
2019-04-29,492.3000,495.4000,481.2000,482.8000,408794
2019-04-30,485.3000,489.1000,483.1000,487.7000,243080
2019-05-06,471.9000,474.8000,465.3000,472.0000,100108
2019-05-07,478.8000,486.5000,476.7000,485.2000,263596
2019-05-08,480.8000,482.8000,475.1000,482.3000,312368
2019-05-09,480.7000,486.6000,476.8000,481.7000,324868
2019-05-10,483.6000,491.8000,481.1000,487.7000,333746
2019-05-13,487.8000,497.4000,486.5000,496.8000,260
2019-05-14,500.9000,511.4000,491.0000,496.3000,380
2019-05-15,500.8000,503.4000,498.2000,500.9000,249
2019-05-16,499.9000,510.0000,499.1000,506.5000,266284
2019-05-17,510.4000,515.0000,507.2000,512.0000,258828
2019-05-20,513.8000,521.5000,508.6000,520.5000,222208
2019-05-21,514.9000,515.1000,500.0000,509.6000,130408
2019-05-22,509.0000,509.9000,501.8000,504.7000,224690
2019-05-23,502.4000,506.3000,491.8000,493.0000,261802
2019-05-24,484.5000,485.0000,463.6000,472.5000,414570
2019-05-27,474.0000,477.9000,464.9000,469.7000,330574
2019-05-28,472.3000,481.1000,469.5000,476.9000,235302
2019-05-29,477.0000,479.4000,473.0000,473.8000,264712
2019-05-30,465.2000,477.0000,460.7000,476.1000,326984
2019-05-31,472.6000,474.2000,447.4000,447.7000,379962
2019-06-03,443.9000,445.8000,429.6000,429.6000,309890
2019-06-04,438.0000,439.0000,418.4000,422.5000,351034
2019-06-05,421.0000,430.4000,419.3000,425.0000,373720
2019-06-06,423.8000,426.4000,409.7000,416.2000,426258
2019-06-10,434.7000,437.5000,430.3000,434.8000,88062
2019-06-11,433.9000,436.6000,425.5000,431.0000,355748
2019-06-12,432.0000,433.8000,419.1000,423.0000,309622
2019-06-13,419.0000,435.9000,413.1000,427.7000,412346
2019-06-14,431.8000,433.9000,420.5000,425.7000,342788
2019-06-17,426.2000,431.7000,424.3000,426.0000,263798
2019-06-18,425.0000,426.2000,406.0000,408.1000,103180
2019-06-19,416.5000,432.1000,416.4000,424.8000,396952
2019-06-20,422.1000,436.5000,418.0000,433.0000,472352
2019-06-21,433.5000,445.0000,432.3000,439.5000,444474
2019-06-24,443.1000,448.8000,440.9000,447.6000,325584
2019-06-25,446.4000,447.3000,436.6000,440.0000,370744
2019-06-26,441.4000,451.5000,440.7000,450.1000,352010
2019-06-27,449.0000,455.3000,446.4000,447.9000,364606
2019-06-28,448.8000,452.0000,443.1000,443.5000,278966
2019-07-01,446.8000,453.4000,438.0000,451.6000,307400
2019-07-02,451.9000,452.4000,434.2000,444.2000,369098
2019-07-03,438.0000,442.9000,423.6000,427.7000,428314
2019-07-04,429.5000,437.4000,427.0000,430.4000,369456
2019-07-05,433.4000,434.3000,428.6000,432.1000,200982
2019-07-08,429.7000,442.4000,429.7000,441.7000,297186
2019-07-09,441.0000,449.6000,438.8000,441.3000,295342
2019-07-10,445.8000,445.8000,437.2000,443.8000,246040
2019-07-11,447.9000,462.2000,447.2000,461.6000,320884
2019-07-12,459.8000,462.0000,454.1000,458.2000,246716
2019-07-15,455.7000,457.6000,451.0000,454.5000,215574
2019-07-16,456.0000,460.4000,449.1000,451.6000,265858
2019-07-17,454.1000,455.8000,431.2000,436.2000,259566
2019-07-18,439.1000,441.8000,428.8000,430.5000,241640
2019-07-19,431.7000,432.9000,413.1000,425.9000,114216
2019-07-22,429.7000,436.8000,424.3000,434.7000,289556
2019-07-23,434.0000,437.9000,430.6000,436.8000,219738
2019-07-24,433.8000,442.9000,432.1000,440.5000,229532
2019-07-25,441.4000,446.7000,433.1000,440.6000,304744
2019-07-26,444.5000,445.3000,438.8000,444.2000,221622
2019-07-29,445.3000,445.3000,438.2000,439.2000,215918
2019-07-30,441.0000,445.0000,436.2000,444.1000,226612
2019-07-31,443.7000,449.7000,440.3000,446.4000,203216
2019-08-01,447.7000,448.7000,438.1000,442.9000,243008
2019-08-02,440.9000,442.8000,416.4000,428.4000,329664
2019-08-05,430.4000,437.8000,429.0000,433.0000,294686
2019-08-06,432.3000,433.2000,399.6000,430.5000,261790
2019-08-07,427.3000,428.4000,417.4000,419.1000,216468
2019-08-08,412.2000,415.0000,401.5000,413.5000,390538
2019-08-09,410.7000,413.0000,405.9000,412.2000,217562
2019-08-12,415.6000,423.3000,413.7000,417.9000,235946
2019-08-13,419.5000,422.7000,416.8000,418.0000,183256
2019-08-14,418.5000,435.0000,417.7000,431.6000,283820
2019-08-15,424.6000,426.6000,415.4000,422.4000,266324
2019-08-16,419.1000,424.8000,414.1000,424.6000,233128
2019-08-19,422.7000,432.4000,419.6000,432.0000,180420
2019-08-20,430.4000,436.7000,429.3000,431.4000,75246
2019-08-21,426.0000,428.1000,418.1000,426.4000,253880
2019-08-22,428.6000,433.0000,423.1000,425.7000,252010
2019-08-23,430.0000,430.2000,421.3000,427.1000,230598
2019-08-26,415.7000,424.8000,415.6000,422.1000,320820
2019-08-27,427.8000,429.4000,419.2000,421.8000,222324
2019-08-28,423.1000,430.0000,417.9000,427.3000,218430
2019-08-29,429.0000,435.9000,427.8000,430.4000,258770
2019-08-30,431.8000,442.2000,428.9000,439.5000,263684
2019-09-02,440.3000,441.9000,429.2000,431.5000,251734
2019-09-03,431.5000,433.8000,425.2000,429.6000,168258
2019-09-04,423.5000,429.9000,420.3000,429.9000,204192
2019-09-05,435.1000,444.9000,433.1000,439.0000,224896
2019-09-06,444.0000,451.5000,441.1000,443.3000,237732
2019-09-09,436.0000,450.6000,435.0000,450.5000,218572
2019-09-10,448.6000,457.6000,446.6000,455.9000,124248
2019-09-11,457.6000,471.5000,456.0000,458.0000,5372
2019-09-12,449.4000,451.7000,433.6000,436.5000,293978
2019-09-16,477.5000,477.5000,468.4000,470.3000,107460
2019-09-17,478.0000,496.0000,471.6000,489.9000,406772
2019-09-18,489.3000,489.8000,465.0000,470.6000,487338
2019-09-19,464.2000,468.0000,457.4000,458.4000,297932
2019-09-20,465.9000,467.1000,461.0000,463.9000,235612
2019-09-23,464.6000,470.3000,463.0000,466.5000,242532
2019-09-24,463.2000,467.1000,461.2000,462.0000,205690
2019-09-25,460.8000,463.3000,452.0000,452.6000,231796
2019-09-26,450.0000,453.5000,445.3000,450.5000,242942
2019-09-27,448.6000,453.5000,445.1000,448.5000,203472
2019-09-30,444.0000,452.2000,442.7000,447.0000,197200
2019-10-08,432.3000,441.8000,431.5000,440.0000,44698
2019-10-09,434.3000,469.3000,434.2000,449.3000,254332
2019-10-10,451.9000,457.1000,447.9000,450.4000,211586
2019-10-11,453.0000,471.3000,451.3000,467.2000,228592
2019-10-14,466.0000,476.3000,465.3000,474.3000,211288
2019-10-15,471.0000,472.4000,463.1000,463.7000,144324
2019-10-16,465.8000,471.0000,459.5000,462.2000,164656
2019-10-17,460.0000,461.7000,440.5000,444.0000,169120
2019-10-18,445.2000,448.8000,441.2000,448.5000,94554
2019-10-21,452.3000,452.3000,433.1000,441.4000,33276
2019-10-22,445.0000,445.5000,440.3000,442.3000,139372
2019-10-23,445.7000,447.3000,442.4000,443.6000,168554
2019-10-24,440.1000,450.1000,439.0000,448.4000,189560
2019-10-25,452.0000,455.4000,450.0000,451.7000,152940
2019-10-28,449.2000,457.3000,449.1000,456.3000,147522
2019-10-29,457.2000,460.5000,453.3000,454.9000,138400
2019-10-30,451.6000,458.3000,450.8000,452.6000,136244
2019-10-31,453.2000,456.0000,448.1000,449.3000,170804
2019-11-01,447.1000,448.3000,442.0000,443.6000,135110
2019-11-04,447.0000,454.5000,445.7000,450.2000,145370
2019-11-05,456.2000,460.9000,453.4000,458.7000,151540
2019-11-06,461.4000,462.7000,457.5000,458.0000,117880
2019-11-07,458.4000,463.4000,452.9000,453.8000,186856
2019-11-08,457.8000,459.1000,450.9000,451.6000,156504
2019-11-11,450.0000,457.9000,445.4000,452.3000,178388
2019-11-12,452.2000,459.4000,451.3000,457.2000,150168
2019-11-13,457.3000,459.2000,449.1000,450.1000,160808
2019-11-14,450.3000,458.6000,448.1000,455.6000,159752
2019-11-15,456.7000,458.2000,449.6000,449.6000,135756
2019-11-18,447.9000,458.6000,445.1000,455.4000,140076
2019-11-19,454.9000,458.5000,451.2000,453.4000,46266
2019-11-20,450.8000,451.4000,441.8000,443.3000,165824
2019-11-21,446.2000,453.0000,444.7000,452.4000,180326
2019-11-22,453.2000,460.0000,453.2000,458.9000,172658
2019-11-25,460.6000,464.9000,457.5000,463.3000,184198
2019-11-26,461.9000,463.2000,458.4000,460.2000,169044
2019-11-27,462.2000,465.8000,459.5000,463.3000,153682
2019-11-28,464.4000,465.3000,459.7000,461.8000,152480
2019-11-29,462.2000,464.0000,460.5000,463.5000,103688
2019-12-02,462.8000,463.4000,450.7000,451.5000,215772
2019-12-03,453.9000,455.0000,449.8000,450.5000,168514
2019-12-04,447.2000,452.0000,445.4000,448.7000,173306
2019-12-05,452.4000,459.2000,450.4000,455.7000,191952
2019-12-06,458.6000,461.0000,455.0000,458.0000,165356
2019-12-09,457.9000,469.5000,455.1000,467.9000,200508
2019-12-10,463.9000,473.9000,463.6000,470.2000,71106
2019-12-11,465.0000,468.5000,464.6000,465.4000,138786
2019-12-12,466.0000,468.1000,460.6000,466.4000,180602
2019-12-13,467.1000,470.7000,464.8000,466.2000,188018
2019-12-16,467.8000,473.9000,467.2000,470.9000,225240
2019-12-17,472.3000,474.2000,469.7000,470.7000,122678
2019-12-18,472.2000,477.9000,471.7000,473.6000,149050
2019-12-19,474.9000,479.0000,473.7000,478.5000,163836
2019-12-20,478.1000,481.9000,477.0000,480.2000,122436
2019-12-23,479.1000,481.0000,476.2000,476.8000,139382
2019-12-24,478.4000,481.7000,477.3000,480.4000,96150
2019-12-25,481.7000,488.8000,480.2000,484.2000,104448
2019-12-26,484.2000,486.0000,481.1000,484.8000,46628
2019-12-27,484.2000,492.0000,482.8000,489.6000,126412
2019-12-30,488.9000,493.5000,487.3000,489.3000,152836
2019-12-31,491.0000,494.2000,481.2000,483.5000,166386
2020-01-02,483.1000,484.4000,480.5000,482.5000,11787
2020-01-03,481.4000,502.9000,479.3000,499.7000,76237
2020-01-06,503.2000,516.3000,500.0000,509.2000,32949
2020-01-07,511.0000,513.1000,498.8000,502.2000,90211
2020-01-08,500.7000,529.8000,498.2000,508.1000,137033
2020-01-09,500.0000,502.7000,479.1000,481.5000,148785
2020-01-10,481.9000,482.9000,475.8000,479.1000,98522
2020-01-13,480.2000,480.4000,473.5000,476.9000,84094
2020-01-14,475.8000,476.5000,461.9000,465.4000,94882
2020-01-15,467.6000,471.0000,462.6000,463.3000,71774
2020-01-16,463.9000,465.6000,458.6000,463.6000,75761
2020-01-17,461.1000,468.0000,461.0000,464.0000,72015
2020-01-20,465.2000,470.8000,463.6000,466.0000,65715
2020-01-21,465.0000,466.4000,460.1000,460.9000,47983
2020-01-22,460.1000,464.3000,457.1000,459.8000,54377
2020-01-23,458.2000,459.2000,443.7000,447.2000,66758
2020-02-03,415.5000,415.5000,415.5000,415.5000,771
2020-02-04,398.2000,401.4000,381.4000,400.2000,15541
2020-02-05,392.5000,399.6000,390.9000,395.8000,16003
2020-02-06,407.0000,411.2000,403.7000,409.1000,25588
2020-02-07,406.1000,407.5000,402.4000,404.9000,21457
2020-02-10,391.9000,401.8000,391.8000,399.9000,24122
2020-02-11,396.6000,400.5000,396.3000,397.8000,29529
2020-02-12,398.1000,403.5000,398.1000,403.3000,35605
2020-02-13,406.3000,410.6000,405.3000,406.1000,33153
2020-02-14,410.1000,410.5000,406.0000,408.2000,25236
2020-02-17,410.5000,411.2000,408.5000,410.4000,23664
2020-02-18,410.0000,410.5000,405.8000,406.0000,24445
2020-02-19,409.6000,415.2000,407.3000,413.5000,33957
2020-02-20,419.0000,422.0000,417.1000,419.6000,27734
2020-02-21,418.0000,419.3000,413.6000,415.4000,24528
2020-02-24,405.0000,405.0000,399.8000,400.2000,29599
2020-02-25,397.0000,399.7000,395.1000,399.3000,29531
2020-02-26,389.1000,390.3000,382.4000,382.4000,36761
2020-02-27,372.5000,372.9000,365.5000,368.7000,42568
2020-02-28,358.8000,361.7000,350.0000,353.5000,43327
2020-03-02,348.5000,364.1000,348.2000,361.8000,57185
2020-03-03,378.7000,378.7000,365.9000,370.7000,37140
2020-03-04,369.2000,371.5000,366.5000,367.7000,23389
2020-03-05,374.3000,375.9000,372.4000,373.7000,33329
2020-03-06,365.0000,366.6000,354.5000,357.3000,65930
2020-03-09,338.1000,338.1000,338.1000,338.1000,302
2020-03-10,307.6000,307.6000,307.6000,307.6000,1371
2020-03-11,287.0000,294.2000,273.7000,275.0000,148779
2020-03-12,270.0000,272.4000,256.2000,261.1000,104010
2020-03-13,257.0000,269.4000,250.8000,267.1000,97296
2020-03-16,255.6000,263.7000,247.7000,248.2000,98454
2020-03-17,250.0000,251.6000,241.5000,246.5000,98341
2020-03-18,235.3000,242.0000,234.8000,236.8000,76856
2020-03-19,220.2000,234.2000,214.4000,229.7000,106475
2020-03-20,243.0000,244.9000,237.4000,244.9000,86157
2020-03-23,213.2000,243.3000,213.2000,242.9000,97287
2020-03-24,250.1000,256.8000,247.4000,254.3000,81376
2020-03-25,256.3000,261.1000,255.6000,259.3000,49895
2020-03-26,259.0000,260.0000,251.6000,253.2000,45709
2020-03-27,253.0000,255.0000,247.1000,249.4000,49594
2020-03-30,240.0000,247.6000,236.9000,245.7000,52014
2020-03-31,253.3000,271.0000,253.3000,265.3000,100343
2020-04-01,264.0000,265.9000,259.6000,262.2000,71104
2020-04-02,266.0000,289.0000,263.8000,289.0000,142041
2020-04-03,297.0000,299.8000,276.3000,283.5000,155096
2020-04-07,298.0000,298.5000,292.4000,297.7000,90805
2020-04-08,290.0000,296.4000,286.3000,292.8000,90970
2020-04-09,297.0000,302.9000,297.0000,301.6000,78742
2020-04-10,287.2000,295.0000,286.0000,290.0000,70584
2020-04-13,295.1000,304.9000,284.6000,285.1000,115339
2020-04-14,287.8000,289.5000,279.2000,280.8000,94765
2020-04-15,273.0000,279.0000,270.4000,274.5000,102720
2020-04-16,275.8000,278.5000,258.5000,258.6000,144437
2020-04-17,262.2000,263.6000,242.1000,253.7000,203634
2020-04-20,242.0000,245.8000,234.2000,242.8000,152002
2020-04-21,233.0000,239.6000,226.8000,229.2000,210567
2020-04-22,210.6000,217.7000,210.6000,210.6000,20657
2020-04-23,210.6000,238.0000,205.3000,227.5000,220367
2020-04-24,229.8000,237.9000,227.4000,231.1000,167951
2020-04-27,225.0000,227.0000,215.0000,215.2000,186714
2020-04-28,210.0000,215.5000,205.1000,206.6000,203672
2020-04-29,215.0000,227.7000,214.2000,224.5000,224568
2020-04-30,240.0000,240.3000,228.5000,229.0000,149972
2020-05-06,267.3000,267.3000,243.6000,246.4000,97571
2020-05-07,240.0000,250.5000,237.5000,247.2000,167485
2020-05-08,259.1000,259.1000,237.7000,248.6000,204272
2020-05-11,248.1000,250.0000,238.8000,243.3000,184514
2020-05-12,244.6000,244.6000,236.3000,238.4000,98726
2020-05-13,256.3000,256.5000,248.8000,251.3000,163824
2020-05-14,252.0000,252.6000,240.8000,245.3000,207303
2020-05-15,245.3000,262.2000,244.5000,259.5000,263795
2020-05-18,260.3000,269.5000,256.2000,267.6000,297529
2020-05-19,270.0000,279.5000,263.2000,267.4000,378163
2020-05-20,268.0000,270.8000,265.0000,268.6000,218089
2020-05-21,271.9000,279.0000,271.3000,278.2000,245635
2020-05-22,279.3000,280.0000,260.1000,265.7000,318918
2020-05-25,268.0000,274.2000,264.2000,271.7000,249897
2020-05-26,271.3000,275.9000,270.2000,274.8000,145154
2020-05-27,275.3000,276.7000,270.2000,272.8000,197154
2020-05-28,271.3000,276.8000,270.2000,273.1000,239585
2020-05-29,274.5000,278.8000,273.0000,275.2000,193600
2020-06-01,274.2000,279.9000,273.9000,278.1000,157039
2020-06-02,278.6000,279.8000,276.1000,278.6000,122956
2020-06-03,279.7000,292.6000,279.1000,290.6000,204652
2020-06-04,287.0000,287.2000,276.7000,280.4000,200082
2020-06-05,281.6000,286.0000,279.3000,284.9000,140924
2020-06-08,293.7000,298.1000,287.0000,295.7000,210566
2020-06-09,290.0000,293.5000,285.4000,289.2000,157648
2020-06-10,286.5000,290.9000,285.1000,286.3000,121846
2020-06-11,286.8000,289.0000,279.1000,281.5000,142765
2020-06-12,277.0000,277.5000,262.0000,266.0000,194488
2020-06-15,271.0000,275.5000,259.5000,260.6000,165122
2020-06-16,261.5000,276.4000,260.7000,275.5000,65322
2020-06-17,296.6000,299.6000,290.9000,294.6000,233711
2020-06-18,294.3000,296.3000,291.9000,295.3000,147317
2020-06-19,296.5000,300.6000,293.9000,299.3000,118060
2020-06-22,301.6000,302.8000,294.4000,297.3000,184688
2020-06-23,297.2000,301.8000,295.9000,298.6000,153205
2020-06-24,300.7000,301.2000,296.5000,299.0000,124007
2020-06-29,290.8000,291.8000,283.6000,285.7000,72550
2020-06-30,289.1000,294.5000,288.7000,292.4000,107528
2020-07-01,291.0000,294.0000,288.7000,293.3000,105446
2020-07-02,293.0000,300.0000,291.0000,298.2000,126720
2020-07-03,299.5000,301.5000,296.3000,297.8000,104822
2020-07-06,297.3000,299.5000,294.1000,298.7000,82133
2020-07-07,298.2000,299.6000,294.9000,295.9000,89389
2020-07-08,297.9000,303.3000,296.1000,298.7000,94168
2020-07-09,300.2000,301.0000,297.8000,298.9000,74149
2020-07-10,299.5000,299.7000,290.0000,292.1000,113440
2020-07-13,294.0000,297.9000,293.8000,295.5000,84905
2020-07-14,295.7000,297.1000,288.1000,292.3000,87480
2020-07-15,291.0000,296.6000,290.3000,294.6000,75469
2020-07-16,297.2000,297.5000,286.0000,288.7000,98245
2020-07-17,302.3000,305.3000,300.2000,300.7000,83421
2020-07-20,301.0000,302.4000,292.5000,293.3000,111145
2020-07-21,293.5000,302.7000,293.0000,299.4000,112967
2020-07-22,305.7000,305.7000,299.6000,301.3000,106156
2020-07-23,300.0000,301.7000,297.7000,301.1000,89022
2020-07-24,298.9000,302.1000,294.1000,295.8000,109905
2020-07-27,296.7000,298.5000,292.8000,294.8000,98145
2020-07-28,296.5000,297.0000,288.6000,291.9000,119902
2020-07-29,290.2000,292.2000,288.0000,291.1000,87553
2020-07-30,291.7000,295.5000,290.3000,290.9000,92109
2020-07-31,288.8000,291.3000,279.5000,286.1000,174975
2020-08-03,286.3000,286.9000,277.9000,279.7000,120129
2020-08-04,281.7000,284.1000,279.4000,281.3000,96822
2020-08-05,279.0000,283.7000,277.1000,280.0000,97875
2020-08-06,287.0000,287.4000,277.8000,282.9000,133190
2020-08-07,284.4000,285.0000,279.7000,281.8000,81399
2020-08-10,281.8000,287.0000,279.4000,284.3000,85035
2020-08-11,285.0000,286.8000,282.8000,285.3000,71810
2020-08-12,287.0000,287.4000,278.8000,284.2000,93924
2020-08-13,284.6000,286.2000,282.4000,282.7000,49570
2020-08-14,283.3000,284.0000,280.3000,282.3000,38429
2020-08-17,281.9000,282.0000,279.1000,279.2000,42429
2020-08-18,287.9000,291.9000,283.8000,284.1000,91330
2020-08-19,284.9000,291.8000,283.5000,288.8000,97471
2020-08-20,288.6000,290.5000,287.8000,288.8000,65021
2020-08-21,289.0000,289.3000,284.3000,286.3000,78116
2020-08-24,284.8000,290.8000,282.2000,288.7000,117425
2020-08-25,290.0000,295.0000,288.7000,293.3000,79578
2020-08-26,295.8000,296.6000,293.1000,294.4000,77552
2020-08-27,294.1000,295.8000,293.3000,294.9000,49253
2020-08-28,294.1000,296.2000,291.4000,293.6000,75368
2020-08-31,293.6000,299.9000,293.6000,298.0000,74943
2020-09-01,297.9000,298.6000,292.2000,294.8000,65373
2020-09-02,294.0000,295.6000,292.0000,292.7000,53465
2020-09-03,292.8000,292.9000,284.1000,285.8000,89085
2020-09-04,283.8000,287.0000,282.3000,284.4000,77223
2020-09-07,285.2000,285.5000,272.2000,272.5000,123291
2020-09-08,272.5000,275.2000,268.1000,269.1000,68528
2020-09-09,262.9000,263.0000,251.0000,251.0000,82119
2020-09-10,251.2000,253.5000,245.6000,248.2000,111942
2020-09-11,246.0000,250.5000,242.7000,243.3000,46671
2020-09-14,258.0000,264.5000,256.8000,262.0000,101352
2020-09-15,260.1000,262.6000,258.7000,260.7000,69794
2020-09-16,264.1000,272.3000,261.8000,270.6000,129009
2020-09-17,271.1000,273.8000,268.3000,270.0000,110973
2020-09-18,271.0000,279.2000,270.0000,277.8000,106364
2020-09-21,275.1000,281.3000,274.4000,276.7000,106238
2020-09-22,275.0000,277.0000,258.6000,264.8000,175306
2020-09-23,267.4000,269.1000,262.2000,265.0000,102969
2020-09-24,266.4000,269.5000,259.7000,261.7000,138030
2020-09-25,262.0000,269.1000,261.5000,266.7000,106874
2020-09-28,265.2000,268.5000,261.2000,262.3000,104302
2020-09-29,265.3000,267.2000,262.5000,265.6000,77124
2020-09-30,266.5000,266.5000,253.9000,254.7000,124120
2020-10-09,264.0000,267.2000,261.4000,264.5000,35866
2020-10-12,263.5000,266.2000,259.0000,262.8000,63448
2020-10-13,262.0000,263.7000,256.5000,259.7000,69027
2020-10-14,261.5000,261.5000,255.3000,257.1000,59095
2020-10-15,260.0000,263.0000,258.6000,260.2000,53939
2020-10-16,268.0000,277.3000,263.3000,271.4000,138129
2020-10-19,271.5000,276.0000,269.9000,271.6000,107620
2020-10-20,270.9000,274.6000,267.7000,270.7000,103743
2020-10-21,270.4000,272.3000,268.5000,269.8000,94296
2020-10-22,269.1000,271.4000,263.7000,266.7000,135217
2020-10-23,267.1000,268.3000,264.6000,265.3000,99199
2020-10-26,266.7000,266.7000,255.3000,255.8000,126336
2020-10-27,255.8000,257.6000,253.4000,256.4000,108578
2020-10-28,255.6000,259.1000,249.4000,252.0000,124164
2020-10-29,245.6000,247.4000,235.6000,237.7000,173441
2020-10-30,226.5000,234.7000,221.9000,223.7000,246158
2020-11-02,227.2000,228.4000,215.0000,221.0000,168258
2020-11-03,223.7000,233.4000,223.3000,229.3000,153542
2020-11-04,235.0000,239.6000,231.9000,238.2000,154057
2020-11-05,239.9000,240.6000,232.3000,234.2000,122597
2020-11-06,236.1000,239.7000,227.7000,230.7000,114047
2020-11-09,229.8000,238.3000,229.2000,237.2000,120189
2020-11-10,250.0000,252.2000,243.4000,248.1000,128326
2020-11-11,250.2000,257.4000,248.0000,255.9000,96826
2020-11-12,256.8000,258.1000,248.6000,251.9000,100166
2020-11-13,250.3000,255.7000,248.0000,248.5000,78380
2020-11-16,257.2000,261.5000,254.6000,260.8000,118740
2020-11-17,265.2000,266.2000,258.5000,259.8000,123778
2020-11-18,258.9000,262.9000,256.4000,259.7000,138567
2020-11-19,264.0000,264.5000,257.4000,260.9000,112660
2020-11-20,260.7000,264.0000,259.4000,260.6000,96964
2020-11-23,260.8000,268.1000,260.5000,267.9000,132757
2020-11-24,268.5000,282.6000,264.9000,281.4000,189061
2020-11-25,282.0000,293.9000,280.4000,289.8000,235797
2020-11-26,289.8000,297.4000,287.3000,288.5000,180380
2020-11-27,285.0000,292.2000,284.0000,289.1000,145411
2020-11-30,291.3000,293.2000,277.4000,281.6000,168893
2020-12-01,283.0000,291.5000,282.6000,286.7000,161983
2020-12-02,287.4000,288.0000,279.6000,284.1000,130209
2020-12-03,285.1000,292.5000,283.6000,286.8000,141883
2020-12-04,286.7000,302.6000,282.3000,295.9000,205620
2020-12-07,295.1000,297.5000,290.7000,293.9000,126004
2020-12-08,292.6000,296.5000,281.4000,283.6000,115823
2020-12-09,285.0000,287.6000,280.5000,284.8000,99923
2020-12-10,285.1000,289.8000,281.6000,282.6000,99799
2020-12-11,286.3000,297.0000,284.8000,288.3000,107277
2020-12-14,301.5000,305.6000,300.2000,304.9000,113532
2020-12-15,304.2000,309.9000,295.7000,300.5000,166639
2020-12-16,302.9000,304.9000,299.8000,301.8000,111647
2020-12-17,302.2000,316.7000,302.0000,314.7000,168455
2020-12-18,313.5000,319.6000,311.6000,315.4000,127305
2020-12-21,316.0000,322.7000,306.1000,308.8000,200765
2020-12-22,308.0000,309.5000,294.5000,295.2000,193299
2020-12-23,299.4000,301.6000,286.5000,291.4000,183681
2020-12-24,294.5000,308.6000,293.4000,307.2000,197944
2020-12-25,304.4000,310.4000,302.1000,309.6000,129456
2020-12-28,309.6000,313.0000,303.8000,306.6000,105510
2020-12-29,309.4000,312.7000,301.6000,305.0000,131801
2020-12-30,306.7000,308.7000,299.9000,305.1000,136755
2020-12-31,306.7000,307.1000,300.8000,301.7000,123311
2021-01-04,302.9000,321.5000,301.6000,320.1000,91239
2021-01-05,313.5000,319.4000,308.0000,311.1000,152795
2021-01-06,316.2000,326.9000,311.2000,323.7000,158366
2021-01-07,320.7000,337.5000,320.3000,335.3000,137801
2021-01-08,334.3000,338.7000,328.1000,336.5000,123119
2021-01-11,338.0000,344.8000,312.0000,325.7000,147644
2021-01-12,326.5000,339.5000,324.0000,336.9000,104764
2021-01-13,339.9000,345.7000,334.5000,342.4000,76956
2021-01-14,348.5000,350.0000,340.2000,342.4000,128999
2021-01-15,342.0000,347.6000,335.0000,339.4000,159692
2021-01-18,338.3000,339.2000,326.8000,333.0000,161671
2021-01-19,332.5000,338.6000,331.8000,334.3000,99435
2021-01-20,335.4000,343.8000,335.1000,342.7000,123996
2021-01-21,342.4000,344.3000,337.2000,340.0000,116187
2021-01-22,339.2000,341.8000,332.0000,332.3000,130119
2021-01-25,329.0000,336.7000,324.6000,332.1000,161179
2021-01-26,330.5000,332.8000,327.7000,328.0000,107960
2021-01-27,332.5000,335.7000,330.4000,335.0000,92348
2021-01-28,332.2000,339.3000,329.0000,333.3000,140516
2021-01-29,334.5000,340.9000,332.8000,335.0000,129952
2021-02-01,336.5000,339.8000,329.7000,336.3000,134066
2021-02-02,336.8000,347.6000,334.6000,346.8000,117873
2021-02-03,351.9000,351.9000,344.0000,347.1000,109127
2021-02-04,348.8000,360.0000,347.9000,357.5000,127925
2021-02-05,357.5000,360.6000,351.6000,358.1000,84733
2021-02-08,359.2000,367.4000,358.1000,362.1000,74007
2021-02-09,362.7000,378.3000,361.4000,376.0000,34170
2021-02-10,376.1000,376.5000,367.3000,371.2000,94910
2021-02-18,392.1000,405.3000,392.1000,399.0000,47685
2021-02-19,397.7000,400.6000,380.1000,388.4000,114593
2021-02-22,387.6000,396.0000,384.6000,392.2000,122174
2021-02-23,390.8000,419.2000,390.0000,412.9000,167883
2021-02-24,409.2000,412.3000,400.3000,405.8000,140181
2021-02-25,412.0000,422.2000,408.1000,417.8000,163926
2021-02-26,418.0000,419.2000,402.1000,405.9000,157743
2021-03-01,402.3000,414.5000,398.1000,409.0000,155225
2021-03-02,407.3000,408.1000,385.4000,387.1000,155349
2021-03-03,393.8000,398.0000,386.5000,392.8000,118187
2021-03-04,395.5000,402.4000,390.0000,399.4000,143111
2021-03-05,399.9000,424.8000,397.0000,423.6000,225414
2021-03-08,425.0000,444.6000,424.2000,441.4000,141785
2021-03-09,433.5000,435.5000,420.5000,422.7000,136609
2021-03-10,427.0000,427.7000,405.7000,412.0000,133296
2021-03-11,417.4000,421.1000,410.2000,416.2000,107405
2021-03-12,418.3000,425.5000,417.5000,418.8000,80530
2021-03-15,425.4000,434.4000,421.3000,428.1000,120400
2021-03-16,422.1000,422.7000,414.6000,416.0000,129211
2021-03-17,415.5000,422.2000,410.2000,420.9000,140951
2021-03-18,414.0000,416.2000,407.4000,411.5000,164656
2021-03-19,408.6000,408.9000,379.5000,379.5000,268668
2021-03-22,378.9000,393.7000,377.5000,390.1000,224117
2021-03-23,390.1000,395.9000,388.6000,390.8000,134770
2021-03-24,379.6000,388.2000,372.7000,378.1000,223194
2021-03-25,382.1000,395.1000,380.9000,383.2000,226464
2021-03-26,379.5000,386.8000,374.7000,384.3000,227299
2021-03-29,385.7000,397.2000,385.3000,388.0000,213632
2021-03-30,397.2000,402.7000,390.1000,398.6000,185852
2021-03-31,393.1000,400.8000,392.0000,399.7000,155362
2021-04-01,395.9000,399.4000,383.5000,392.8000,171283
2021-04-02,392.9000,409.0000,387.6000,408.8000,228120
2021-04-06,390.7000,393.1000,383.6000,388.1000,74580
2021-04-07,388.6000,394.2000,384.1000,386.0000,128994
2021-04-08,387.7000,388.9000,379.4000,383.5000,151938
2021-04-09,384.7000,389.7000,382.5000,386.6000,128074
2021-04-12,385.9000,393.2000,381.9000,382.4000,124130
2021-04-13,388.2000,395.0000,386.4000,392.8000,121917
2021-04-14,394.0000,398.3000,389.8000,397.8000,92517
2021-04-15,398.0000,412.1000,397.5000,411.0000,101760
2021-04-16,409.2000,414.1000,407.3000,412.8000,62756
2021-04-19,416.6000,417.3000,408.8000,412.3000,107549
2021-04-20,414.2000,418.5000,410.4000,414.3000,117599
2021-04-21,412.8000,414.4000,400.0000,402.5000,172578
2021-04-22,396.2000,403.5000,391.7000,395.2000,187495
2021-04-23,397.6000,400.3000,394.3000,399.0000,124231
2021-04-26,395.8000,405.7000,394.6000,396.5000,147019
2021-04-27,394.0000,404.6000,391.2000,402.4000,132602
2021-04-28,402.4000,408.2000,400.3000,408.1000,114219
2021-04-29,410.0000,416.5000,408.2000,414.9000,114970
2021-04-30,421.9000,423.6000,415.2000,420.1000,128071
2021-05-06,423.6000,432.4000,423.3000,428.3000,46304
2021-05-07,428.1000,428.5000,420.2000,425.7000,96704
2021-05-10,419.7000,431.1000,417.7000,428.3000,120656
2021-05-11,426.3000,427.7000,416.6000,418.6000,102975
2021-05-12,416.0000,426.0000,414.2000,425.8000,116689
2021-05-13,426.6000,434.5000,421.9000,423.8000,115876
2021-05-14,421.0000,423.2000,410.6000,414.3000,98175
2021-05-17,418.9000,431.2000,418.5000,427.1000,75715
2021-05-18,425.0000,438.0000,424.2000,436.6000,105637
2021-05-19,436.6000,436.6000,419.0000,421.2000,173481
2021-05-20,417.2000,418.0000,405.3000,411.0000,175018
2021-05-21,408.8000,410.8000,399.8000,400.2000,157404
2021-05-24,406.8000,415.8000,405.6000,414.0000,142604
2021-05-25,415.7000,426.2000,415.0000,425.0000,121127
2021-05-26,423.6000,428.2000,422.6000,426.3000,108974
2021-05-27,421.3000,427.1000,420.5000,421.9000,111621
2021-05-28,421.0000,436.0000,421.0000,429.9000,131196
2021-05-31,438.0000,438.0000,424.5000,428.8000,103954
2021-06-01,432.0000,453.6000,427.5000,440.0000,93810
2021-06-02,445.5000,447.1000,435.4000,438.9000,115269
2021-06-03,441.2000,451.5000,440.2000,448.1000,101389
2021-06-04,446.0000,447.3000,438.6000,445.2000,119979
2021-06-07,447.0000,454.4000,440.6000,442.8000,124786
2021-06-08,444.4000,448.6000,437.2000,443.0000,96028
2021-06-09,442.5000,455.5000,441.5000,453.2000,104789
2021-06-10,452.6000,454.4000,442.5000,446.4000,104666
2021-06-11,450.1000,454.0000,439.2000,453.5000,119805
2021-06-15,458.3000,463.7000,451.7000,454.4000,46035
2021-06-16,458.0000,463.5000,455.1000,458.5000,74637
2021-06-17,460.8000,463.2000,454.3000,457.9000,128154
2021-06-18,457.0000,460.6000,441.7000,442.4000,183534
2021-06-21,440.8000,457.6000,440.7000,451.8000,138834
2021-06-22,449.4000,461.8000,446.4000,461.8000,139253
2021-06-23,460.5000,467.2000,456.5000,466.0000,129946
2021-06-24,467.0000,470.3000,462.3000,465.5000,125224
2021-06-25,460.3000,471.4000,460.2000,466.3000,136052
2021-06-28,467.8000,473.8000,459.4000,463.9000,165278
2021-06-29,465.9000,466.1000,455.2000,456.3000,127142
2021-06-30,461.0000,463.1000,458.3000,459.0000,89149
2021-07-01,462.5000,464.6000,454.5000,459.5000,110784
2021-07-02,470.1000,473.0000,464.1000,468.1000,131311
2021-07-05,469.2000,472.4000,464.6000,471.6000,102514
2021-07-06,471.9000,479.0000,465.7000,474.1000,99543
2021-07-07,468.0000,468.7000,448.3000,450.9000,162057
2021-07-08,450.9000,453.3000,437.2000,438.9000,148715
2021-07-09,439.9000,446.7000,436.1000,444.6000,120023
2021-07-12,447.0000,454.6000,447.0000,448.6000,80511
2021-07-13,444.6000,455.6000,444.6000,454.7000,67119
2021-07-14,452.2000,462.0000,450.8000,460.9000,80700
2021-07-15,461.5000,461.8000,439.0000,439.3000,109257
2021-07-16,439.3000,443.9000,431.8000,434.0000,87634
2021-07-19,437.5000,438.9000,424.0000,427.9000,68776
2021-07-20,425.1000,426.0000,409.8000,414.5000,208812
2021-07-21,408.1000,418.1000,407.2000,413.1000,158550
2021-07-22,420.0000,427.5000,418.5000,426.4000,134823
2021-07-23,426.8000,440.6000,426.7000,436.6000,126069
2021-07-26,437.8000,444.4000,436.2000,439.2000,109932
2021-07-27,442.4000,452.2000,442.3000,446.0000,109300
2021-07-28,447.7000,454.1000,442.8000,450.5000,101602
2021-07-29,452.0000,453.9000,448.6000,452.9000,76901
2021-07-30,452.9000,458.6000,449.6000,452.2000,91374
2021-08-02,454.0000,460.4000,443.8000,449.3000,109173
2021-08-03,449.0000,452.4000,434.6000,435.2000,121153
2021-08-04,427.4000,436.6000,424.4000,436.4000,130443
2021-08-05,429.7000,433.4000,420.3000,421.4000,142491
2021-08-06,424.4000,435.6000,422.5000,433.2000,96167
2021-08-09,435.6000,439.1000,415.7000,418.6000,146352
2021-08-10,414.3000,424.9000,413.2000,424.4000,107221
2021-08-11,423.5000,433.7000,423.2000,433.2000,96356
2021-08-12,427.1000,436.1000,422.8000,431.4000,108498
2021-08-13,430.5000,435.4000,425.8000,429.1000,78862
2021-08-16,429.4000,435.0000,421.3000,423.9000,69266
2021-08-17,417.7000,428.0000,416.7000,422.0000,57911
2021-08-18,420.9000,426.0000,416.6000,422.5000,113908
2021-08-19,423.4000,424.4000,405.3000,405.9000,166260
2021-08-20,402.6000,406.1000,398.1000,405.3000,155592
2021-08-23,397.3000,409.1000,395.2000,405.5000,155518
2021-08-24,410.0000,425.4000,408.8000,422.6000,148972
2021-08-25,425.6000,433.0000,423.7000,429.5000,118644
2021-08-26,433.9000,435.5000,429.3000,432.7000,111515
2021-08-27,432.5000,440.3000,427.2000,438.2000,132826
2021-08-30,440.7000,441.5000,436.5000,438.3000,110363
2021-08-31,440.6000,442.6000,436.6000,440.8000,86694
2021-09-01,438.3000,446.7000,436.3000,446.5000,101037
2021-09-02,444.9000,445.2000,434.0000,444.8000,139056
2021-09-03,448.8000,458.8000,448.6000,456.0000,102423
2021-09-06,458.8000,459.5000,445.3000,447.5000,90290
2021-09-07,451.5000,459.0000,450.0000,456.9000,69185
2021-09-08,450.5000,454.8000,447.6000,453.8000,78746
2021-09-09,456.3000,459.2000,451.8000,457.1000,40566
2021-09-10,447.0000,452.5000,439.2000,447.3000,156877
2021-09-13,452.1000,462.0000,451.5000,460.0000,108744
2021-09-14,461.6000,467.0000,457.5000,464.1000,95161
2021-09-15,465.6000,468.8000,458.0000,467.3000,94766
2021-09-16,471.8000,483.9000,471.3000,473.7000,138888
2021-09-17,471.7000,478.2000,468.0000,474.6000,93153
2021-09-22,468.9000,476.4000,467.5000,473.9000,45127
2021-09-23,473.3000,482.7000,472.1000,479.4000,92809
2021-09-24,479.6000,490.8000,477.1000,488.6000,113626
2021-09-27,486.4000,501.1000,483.8000,494.5000,114256
2021-09-28,497.7000,509.4000,496.3000,507.6000,112023
2021-09-29,505.0000,508.1000,486.0000,489.2000,128645
2021-09-30,493.2000,500.6000,491.1000,494.6000,88967
2021-10-08,523.2000,529.8000,522.1000,528.1000,49672
2021-10-11,524.4000,532.6000,519.9000,530.0000,92461
2021-10-12,532.0000,534.3000,526.8000,529.5000,73322
2021-10-13,529.0000,535.3000,520.0000,524.0000,100048
2021-10-14,519.5000,530.2000,514.3000,526.5000,67431
2021-10-15,528.5000,531.7000,520.0000,529.2000,53539
2021-10-18,535.0000,546.5000,529.3000,543.0000,110532
2021-10-19,542.9000,544.1000,526.3000,530.4000,117269
2021-10-20,529.3000,530.7000,521.4000,524.4000,118380
2021-10-21,523.0000,539.5000,519.5000,529.8000,108884
2021-10-22,528.0000,533.3000,517.6000,520.2000,162178
2021-10-25,529.4000,537.3000,523.4000,533.2000,121021
2021-10-26,536.2000,537.8000,530.5000,531.6000,100638
2021-10-27,535.5000,535.6000,527.1000,528.3000,113594
2021-10-28,528.2000,531.4000,505.5000,517.5000,199525
2021-10-29,517.0000,526.5000,512.7000,525.5000,122257
2021-11-01,520.1000,526.6000,515.8000,520.3000,115450
2021-11-02,528.2000,535.9000,527.7000,534.8000,97727
2021-11-03,532.3000,533.6000,520.3000,524.3000,111395
2021-11-04,518.8000,519.8000,506.6000,510.2000,123377
2021-11-05,525.3000,530.8000,501.6000,508.5000,174718
2021-11-08,509.8000,534.0000,508.1000,532.0000,135409
2021-11-09,530.0000,530.6000,523.2000,524.9000,83039
2021-11-10,527.0000,539.9000,524.0000,538.0000,90866
2021-11-11,531.7000,536.6000,517.5000,519.3000,114467
2021-11-12,516.0000,522.7000,513.2000,514.7000,101623
2021-11-15,508.7000,519.3000,506.2000,508.1000,89795
2021-11-16,505.1000,520.3000,503.7000,518.0000,76643
2021-11-17,517.4000,519.8000,510.1000,519.0000,53462
2021-11-18,510.2000,510.4000,489.2000,489.9000,147728
2021-11-19,492.8000,509.9000,492.2000,506.3000,140972
2021-11-22,485.0000,497.0000,484.3000,487.5000,177130
2021-11-23,487.5000,496.6000,484.6000,491.2000,146673
2021-11-24,495.3000,515.0000,494.8000,513.4000,163843
2021-11-25,511.1000,515.3000,507.6000,509.1000,103737
2021-11-26,510.6000,511.4000,495.3000,496.3000,102288
2021-11-29,485.0000,487.3000,464.1000,473.6000,256688
2021-11-30,475.0000,480.7000,446.5000,447.8000,249797
2021-12-01,451.1000,454.9000,428.7000,451.4000,253513
2021-12-02,455.2000,455.9000,435.5000,441.1000,225346
2021-12-03,435.4000,449.5000,417.5000,446.7000,305227
2021-12-06,451.0000,457.9000,443.1000,451.2000,197008
2021-12-07,453.7000,466.9000,448.3000,463.8000,152213
2021-12-08,470.0000,479.8000,466.3000,473.4000,145878
2021-12-09,476.9000,481.8000,470.8000,477.7000,110916
2021-12-10,470.0000,477.6000,464.6000,465.0000,105758
2021-12-13,472.0000,486.5000,471.0000,486.0000,69252
2021-12-14,471.6000,473.5000,463.4000,469.0000,170125
2021-12-15,467.1000,469.2000,456.4000,460.0000,196038
2021-12-16,460.8000,472.8000,457.1000,470.5000,167934
2021-12-17,467.5000,475.0000,467.2000,469.2000,148674
2021-12-20,465.0000,468.6000,446.9000,450.5000,210591
2021-12-21,445.0000,457.1000,438.4000,454.4000,210100
2021-12-22,455.8000,469.6000,455.3000,465.6000,170220
2021-12-23,464.6000,476.0000,462.7000,472.6000,136391
2021-12-24,473.5000,478.9000,470.9000,478.6000,111904
2021-12-27,475.3000,484.5000,470.8000,472.9000,92894
2021-12-28,473.0000,494.6000,472.4000,493.4000,161623
2021-12-29,497.0000,498.0000,489.3000,493.4000,148949
2021-12-30,490.3000,501.1000,488.9000,496.8000,180901
2021-12-31,496.0000,501.7000,490.3000,499.0000,141418
2022-01-04,494.8000,497.0000,491.0000,494.1000,47219
2022-01-05,496.8000,505.2000,495.4000,502.8000,132772
2022-01-06,503.3000,509.5000,498.3000,501.0000,113525
2022-01-07,512.6000,519.7000,511.4000,519.4000,120332
2022-01-10,516.8000,517.5000,506.5000,512.0000,92155
2022-01-11,508.9000,513.1000,504.2000,504.6000,46818
2022-01-12,510.6000,522.1000,507.2000,518.4000,158691
2022-01-13,519.4000,527.8000,519.1000,524.1000,124782
2022-01-14,523.2000,528.6000,521.2000,527.0000,128615
2022-01-17,528.8000,537.7000,524.3000,534.8000,162814
2022-01-18,532.8000,544.9000,529.5000,543.4000,109890
2022-01-19,541.1000,552.3000,538.8000,544.6000,169080
2022-01-20,545.5000,552.0000,539.7000,545.4000,146296
2022-01-21,544.4000,551.6000,527.7000,536.4000,183939
2022-01-24,537.3000,547.8000,534.5000,543.8000,163670
2022-01-25,540.7000,540.9000,522.5000,533.8000,240361
2022-01-26,530.7000,540.3000,528.1000,539.1000,151929
2022-01-27,544.0000,549.7000,539.5000,542.6000,122569
2022-01-28,551.0000,551.2000,532.5000,534.5000,126580
2022-02-07,560.0000,571.6000,558.2000,566.9000,41202
2022-02-08,562.0000,562.8000,553.3000,558.4000,93254
2022-02-09,549.0000,552.3000,543.7000,544.4000,90885
2022-02-10,544.4000,553.7000,541.9000,549.7000,80044
2022-02-11,554.6000,560.8000,544.7000,546.1000,78802
2022-02-14,560.0000,582.0000,557.1000,576.8000,132879
2022-02-15,566.0000,578.0000,564.0000,577.7000,142518
2022-02-16,563.3000,568.4000,553.6000,562.1000,188973
2022-02-17,568.0000,573.9000,550.0000,565.9000,173259
2022-02-18,564.5000,570.1000,559.5000,567.3000,198957
2022-02-21,559.5000,579.1000,556.2000,569.5000,239083
2022-02-22,573.4000,597.5000,572.6000,596.9000,177226
2022-02-23,593.2000,596.6000,584.0000,590.0000,178329
2022-02-24,590.0000,624.4000,587.8000,620.8000,266122
2022-02-25,635.0000,637.0000,608.3000,612.3000,275707
2022-02-28,599.6000,622.2000,586.2000,621.2000,257846
2022-03-01,609.9000,625.5000,608.1000,622.8000,173902
2022-03-02,642.9000,663.9000,633.9000,663.9000,246876
2022-03-03,678.0000,719.9000,669.1000,719.9000,230005
2022-03-04,729.8000,732.9000,683.7000,693.2000,263674
2022-03-07,706.0000,761.4000,700.8000,761.4000,136345
2022-03-08,761.6000,803.0000,733.2000,785.0000,270158
2022-03-09,781.9000,823.6000,768.2000,806.6000,247233
2022-03-10,760.0000,775.8000,700.3000,700.3000,191044
2022-03-11,712.0000,731.8000,660.3000,683.0000,268524
2022-03-14,679.0000,696.6000,667.7000,683.5000,169075
2022-03-15,674.4000,675.6000,618.0000,628.1000,221398
2022-03-16,624.7000,641.0000,606.1000,632.9000,199261
2022-03-17,629.0000,635.7000,604.7000,619.4000,140686
2022-03-18,639.7000,679.6000,638.5000,676.0000,86749
2022-03-21,660.5000,684.9000,653.2000,676.1000,184351
2022-03-22,683.9000,722.7000,682.2000,713.0000,194842
2022-03-23,704.3000,712.5000,690.3000,699.1000,226205
2022-03-24,722.2000,747.7000,720.1000,723.0000,221178
2022-03-25,731.2000,733.8000,709.5000,722.6000,218040
2022-03-28,706.5000,734.8000,698.4000,704.9000,266981
2022-03-29,697.6000,697.6000,673.3000,677.8000,245505
2022-03-30,642.0000,690.9000,638.0000,690.7000,269101
2022-03-31,695.0000,701.5000,661.1000,675.1000,216920
2022-04-01,664.1000,681.6000,647.4000,648.7000,233864
2022-04-06,663.2000,680.8000,660.5000,677.1000,57806
2022-04-07,680.0000,680.7000,623.3000,628.7000,246482
2022-04-08,626.7000,632.0000,602.4000,625.6000,228548
2022-04-11,627.5000,641.1000,615.1000,624.6000,180592
2022-04-12,610.0000,636.8000,606.8000,635.4000,176433
2022-04-13,637.4000,655.9000,635.8000,650.5000,146729
2022-04-14,662.2000,675.0000,652.7000,666.0000,135255
2022-04-15,662.9000,693.7000,661.1000,690.2000,115528
2022-04-18,693.0000,704.7000,683.4000,695.7000,60501
2022-04-19,698.2000,711.8000,693.3000,695.9000,154448
2022-04-20,684.9000,687.0000,665.0000,676.6000,226790
2022-04-21,676.6000,684.2000,658.6000,682.4000,227251
2022-04-22,675.8000,693.4000,665.5000,674.0000,233243
2022-04-25,676.0000,677.0000,631.1000,635.2000,225190
2022-04-26,630.0000,648.1000,619.0000,642.1000,216816
2022-04-27,644.1000,666.4000,643.2000,664.7000,231518
2022-04-28,656.9000,662.1000,639.3000,652.8000,228410
2022-04-29,655.3000,682.5000,653.4000,673.4000,188675
2022-05-05,690.0000,698.8000,686.6000,693.1000,42569
2022-05-06,700.6000,713.0000,683.1000,697.7000,197279
2022-05-09,701.5000,716.4000,692.3000,702.7000,210253
2022-05-10,695.0000,702.3000,646.8000,657.4000,244782
2022-05-11,661.0000,667.5000,641.5000,661.2000,230761
2022-05-12,664.0000,688.6000,663.1000,678.7000,206364
2022-05-13,678.0000,703.0000,676.1000,690.6000,169960
2022-05-16,706.9000,716.7000,696.5000,702.5000,142445
2022-05-17,708.1000,734.5000,705.4000,729.9000,124835
2022-05-18,729.3000,732.6000,707.6000,711.7000,95093
2022-05-19,711.4000,714.0000,682.1000,694.4000,260010
2022-05-20,668.0000,703.9000,667.0000,697.9000,266582
2022-05-23,700.4000,709.1000,690.2000,706.0000,210143
2022-05-24,706.0000,706.0000,684.1000,685.8000,216242
2022-05-25,696.1000,713.2000,692.5000,709.4000,213439
2022-05-26,710.0000,716.8000,701.4000,714.9000,178375
2022-05-27,716.1000,742.7000,713.4000,730.3000,175685
2022-05-30,728.0000,744.2000,724.0000,734.8000,163744
2022-05-31,736.3000,760.2000,734.0000,757.2000,122116
2022-06-01,758.5000,763.5000,725.1000,734.9000,228051
2022-06-02,736.0000,744.6000,710.0000,714.5000,203933
2022-06-06,756.1000,757.8000,743.0000,750.2000,52101
2022-06-07,744.9000,755.6000,741.2000,753.9000,138492
2022-06-08,748.9000,759.7000,742.0000,758.0000,156158
2022-06-09,762.8000,783.4000,757.2000,770.1000,164810
2022-06-10,770.0000,775.9000,761.2000,767.9000,133797
2022-06-13,770.5000,771.0000,747.1000,753.5000,199441
2022-06-14,757.0000,778.3000,748.2000,774.8000,197103
2022-06-15,780.0000,787.2000,756.1000,758.0000,180194
2022-06-16,757.9000,760.3000,740.8000,745.4000,168045
2022-06-17,733.9000,738.9000,717.0000,738.0000,146111
2022-06-20,732.4000,733.7000,687.0000,692.9000,302822
2022-06-21,692.9000,714.3000,690.0000,708.2000,166119
2022-06-22,712.0000,721.2000,682.9000,683.9000,234871
2022-06-23,676.0000,703.3000,672.5000,694.4000,284977
2022-06-24,698.6000,706.2000,670.2000,675.1000,292048
2022-06-27,690.5000,703.7000,676.3000,700.5000,258983
2022-06-28,702.1000,729.0000,693.3000,727.6000,231393
2022-06-29,728.7000,736.2000,719.7000,727.7000,219041
2022-06-30,743.3000,747.6000,720.4000,720.6000,201127
2022-07-01,722.1000,724.1000,693.9000,696.6000,242361
2022-07-04,716.4000,719.2000,702.8000,716.9000,207050
2022-07-05,723.9000,736.6000,719.1000,723.0000,138248
2022-07-06,714.4000,714.7000,658.1000,676.0000,377837
2022-07-07,673.8000,673.8000,631.7000,642.3000,334794
2022-07-08,651.4000,685.7000,651.2000,678.1000,258762
2022-07-11,681.0000,695.7000,677.9000,680.3000,244690
2022-07-12,669.6000,689.3000,667.7000,677.4000,208966
2022-07-13,663.8000,667.4000,639.6000,658.5000,217457
2022-07-14,646.4000,659.3000,641.9000,650.3000,189891
2022-07-15,647.3000,655.9000,621.0000,648.0000,202787
2022-07-18,665.0000,683.1000,655.3000,683.0000,127407
2022-07-19,660.0000,672.4000,659.5000,663.1000,210653
2022-07-20,652.4000,672.8000,646.1000,662.2000,256974
2022-07-21,660.1000,669.6000,656.0000,659.7000,218898
2022-07-22,646.0000,660.7000,643.2000,659.9000,259257
2022-07-25,647.0000,664.2000,637.2000,639.6000,263672
2022-07-26,652.9000,681.5000,648.0000,678.5000,216500
2022-07-27,679.2000,682.7000,652.3000,659.9000,214878
2022-07-28,663.3000,691.8000,654.6000,690.7000,231351
2022-07-29,691.2000,691.3000,675.7000,686.6000,213163
2022-08-01,695.7000,711.7000,687.3000,692.1000,205426
2022-08-02,680.2000,681.4000,663.4000,681.0000,238704
2022-08-03,680.1000,689.9000,675.3000,677.8000,203495
2022-08-04,692.8000,692.8000,655.0000,657.7000,215806
2022-08-05,660.1000,660.2000,643.6000,653.0000,155469
2022-08-08,646.0000,668.3000,642.3000,665.2000,165875
2022-08-09,654.9000,675.4000,653.0000,671.3000,131645
2022-08-10,682.0000,684.4000,671.4000,675.5000,119162
2022-08-11,678.4000,693.6000,666.2000,691.1000,139603
2022-08-12,698.9000,705.0000,691.0000,703.6000,92911
2022-08-15,696.6000,700.7000,691.0000,697.2000,95033
2022-08-16,673.5000,691.6000,672.0000,687.6000,72892
2022-08-17,662.9000,670.3000,654.2000,663.4000,145434
2022-08-18,661.4000,682.2000,660.2000,679.1000,168414
2022-08-19,688.5000,703.6000,684.8000,692.7000,165545
2022-08-22,689.6000,709.6000,689.2000,699.3000,156505
2022-08-23,702.0000,713.5000,686.0000,712.8000,184052
2022-08-24,715.0000,734.8000,711.5000,734.1000,162110
2022-08-25,734.0000,752.4000,730.1000,745.2000,200661
2022-08-26,744.5000,750.8000,732.1000,740.0000,151652
2022-08-29,732.5000,736.3000,719.6000,729.5000,185577
2022-08-30,733.1000,747.4000,729.7000,736.7000,130185
2022-08-31,723.0000,728.0000,712.6000,716.5000,144205
2022-09-01,701.8000,714.4000,695.4000,698.9000,148602
2022-09-02,694.1000,702.0000,688.8000,695.4000,136378
2022-09-05,701.5000,704.9000,687.2000,703.9000,135887
2022-09-06,709.7000,715.4000,699.0000,703.5000,92500
2022-09-07,692.6000,699.0000,680.0000,684.1000,120851
2022-09-08,686.8000,686.8000,663.1000,664.9000,132491
2022-09-09,665.7000,675.0000,661.1000,672.0000,105443
2022-09-13,699.0000,725.4000,688.6000,703.9000,33978
2022-09-14,644.9000,653.6000,636.7000,646.5000,162182
2022-09-15,649.0000,680.3000,647.4000,675.9000,189650
2022-09-16,671.0000,672.6000,661.5000,663.5000,148784
2022-09-19,661.3000,662.6000,634.1000,634.7000,179200
2022-09-20,624.8000,645.4000,623.5000,642.1000,132815
2022-09-21,643.3000,660.8000,633.6000,660.0000,172332
2022-09-22,655.9000,660.8000,640.3000,652.1000,163377
2022-09-23,660.6000,664.8000,649.1000,651.1000,143426
2022-09-26,640.4000,641.3000,607.1000,610.3000,174453
2022-09-27,616.3000,623.3000,602.3000,608.8000,146265
2022-09-28,610.8000,620.5000,605.0000,608.5000,145423
2022-09-29,620.5000,637.8000,616.9000,630.9000,128869
2022-09-30,636.1000,638.0000,626.0000,634.4000,106564
2022-10-10,705.0000,705.9000,694.1000,701.9000,40468
2022-10-11,701.7000,709.5000,693.5000,695.3000,81203
2022-10-12,692.7000,694.5000,679.5000,690.9000,76277
2022-10-13,685.7000,689.5000,679.6000,685.3000,68910
2022-10-14,679.7000,694.7000,678.6000,690.1000,63913
2022-10-17,677.5000,678.8000,665.9000,671.0000,114703
2022-10-18,671.9000,677.6000,663.0000,675.7000,108433
2022-10-19,671.8000,673.0000,655.7000,662.6000,140660
2022-10-20,667.4000,676.9000,660.6000,672.4000,144985
2022-10-21,672.0000,680.2000,663.0000,664.0000,135036
2022-10-24,664.0000,681.7000,662.8000,666.2000,150797
2022-10-25,661.9000,677.2000,661.7000,673.1000,138481
2022-10-26,672.5000,679.5000,665.7000,666.7000,120391
2022-10-27,674.2000,686.2000,671.8000,678.9000,132871
2022-10-28,686.4000,692.8000,684.1000,684.6000,108944
2022-10-31,686.9000,690.4000,676.6000,679.8000,121496
2022-11-01,677.6000,696.1000,674.8000,692.4000,123793
2022-11-02,696.8000,703.1000,690.2000,698.5000,92078
2022-11-03,694.7000,703.1000,687.9000,701.8000,100952
2022-11-04,698.4000,711.9000,693.5000,710.5000,99869
2022-11-07,718.0000,722.5000,711.0000,714.9000,85884
2022-11-08,718.0000,721.5000,712.1000,714.7000,77234
2022-11-09,714.0000,714.4000,684.7000,689.9000,104123
2022-11-10,683.9000,688.0000,666.8000,670.7000,91335
2022-11-11,668.1000,681.7000,667.8000,677.2000,104577
2022-11-14,680.5000,684.6000,661.6000,665.1000,90000
2022-11-15,663.0000,670.3000,644.4000,649.7000,62488
2022-11-16,644.7000,648.7000,637.2000,640.2000,120185
2022-11-17,643.6000,645.2000,624.8000,628.9000,123145
2022-11-18,625.3000,629.6000,615.8000,618.1000,131671
2022-11-21,609.7000,611.1000,592.7000,600.2000,175826
2022-11-22,600.2000,602.4000,571.1000,593.5000,202001
2022-11-23,600.5000,607.1000,594.5000,597.0000,120610
2022-11-24,586.0000,586.4000,569.2000,570.1000,163488
2022-11-25,571.2000,576.7000,567.4000,572.6000,113261
2022-11-28,578.7000,579.7000,540.8000,548.2000,156381
2022-11-29,544.8000,585.3000,543.5000,573.6000,171353
2022-11-30,576.7000,580.3000,562.3000,570.6000,149955
2022-12-01,576.5000,585.3000,570.3000,572.0000,125430
2022-12-02,579.5000,586.4000,566.0000,572.5000,127140
2022-12-05,575.3000,580.9000,555.6000,558.6000,155965
2022-12-06,569.0000,574.6000,536.7000,544.2000,163826
2022-12-07,536.0000,538.3000,513.3000,515.0000,173994
2022-12-08,518.7000,525.4000,502.1000,511.7000,176450
2022-12-09,518.6000,519.0000,495.6000,501.0000,163639
2022-12-12,501.8000,508.7000,495.0000,499.3000,83837
2022-12-13,503.9000,528.5000,501.4000,527.4000,201066
2022-12-14,525.8000,534.5000,522.4000,529.4000,170471
2022-12-15,531.5000,543.0000,531.1000,536.9000,153268
2022-12-16,540.8000,543.2000,529.5000,536.2000,175222
2022-12-19,529.2000,539.9000,518.6000,533.5000,190648
2022-12-20,533.5000,544.3000,530.3000,535.7000,148353
2022-12-21,535.8000,543.2000,527.9000,542.3000,143531
2022-12-22,550.2000,552.9000,544.2000,546.4000,115488
2022-12-23,552.1000,554.5000,540.1000,544.4000,127914
2022-12-26,549.8000,566.0000,549.4000,559.4000,113580
2022-12-27,559.0000,568.9000,555.7000,566.4000,63122
2022-12-28,564.4000,571.6000,559.6000,559.7000,98327
2022-12-29,560.0000,562.4000,547.5000,552.2000,106694
2022-12-30,553.6000,563.0000,546.9000,562.8000,104157
2023-01-03,568.2000,571.5000,563.3000,567.1000,29554
2023-01-04,562.1000,563.0000,533.6000,538.0000,57189
2023-01-05,530.0000,534.2000,522.5000,524.1000,143079
2023-01-06,526.9000,531.8000,519.4000,528.8000,143323
2023-01-09,523.5000,534.1000,522.0000,526.3000,145187
2023-01-10,534.0000,534.8000,519.1000,522.1000,124944
2023-01-11,525.5000,528.2000,517.1000,519.8000,132225
2023-01-12,525.0000,536.4000,523.6000,530.8000,148651
2023-01-13,535.6000,539.8000,530.8000,538.0000,133595
2023-01-16,538.5000,545.3000,536.7000,542.3000,112955
2023-01-17,543.9000,550.6000,538.9000,547.3000,92113
2023-01-18,553.0000,566.1000,552.9000,563.5000,107287
2023-01-19,568.2000,568.2000,544.1000,549.3000,106186
2023-01-20,551.3000,564.5000,549.5000,563.9000,94329
2023-01-30,562.0000,563.7000,550.0000,552.4000,29861
2023-01-31,554.9000,557.0000,539.6000,540.5000,99183
2023-02-01,539.2000,554.1000,538.1000,551.4000,81967
2023-02-02,551.5000,553.7000,531.7000,534.2000,108105
2023-02-03,531.7000,538.8000,525.3000,531.9000,109375
2023-02-06,532.9000,545.8000,515.4000,518.6000,147318
2023-02-07,522.0000,532.9000,513.8000,530.3000,114848
2023-02-08,529.2000,545.3000,527.1000,544.6000,102355
2023-02-09,546.0000,556.8000,543.9000,554.8000,90668
2023-02-10,552.8000,556.3000,546.6000,554.0000,85904
2023-02-13,565.0000,567.8000,557.0000,563.0000,66578
2023-02-14,559.9000,568.9000,556.9000,566.9000,115083
2023-02-15,565.1000,566.3000,552.9000,562.3000,149425
2023-02-16,562.1000,575.2000,555.8000,574.2000,143508
2023-02-17,571.5000,574.6000,563.2000,564.3000,117885
2023-02-20,557.8000,558.6000,547.4000,556.6000,155136
2023-02-21,557.7000,559.5000,546.5000,548.0000,108280
2023-02-22,550.1000,553.5000,542.4000,546.0000,149224
2023-02-23,546.2000,551.2000,533.8000,534.9000,142040
2023-02-24,539.5000,552.9000,537.6000,551.9000,137993
2023-02-27,551.1000,555.3000,541.5000,547.9000,157155
2023-02-28,548.5000,549.0000,542.0000,548.2000,113646
2023-03-01,551.8000,559.8000,551.7000,557.6000,109880
2023-03-02,552.7000,562.0000,549.0000,559.0000,135838
2023-03-03,562.0000,569.6000,561.0000,568.3000,99499
2023-03-06,568.1000,575.2000,555.3000,570.6000,146784
2023-03-07,568.4000,589.7000,568.0000,582.8000,106989
2023-03-08,580.3000,580.9000,563.6000,564.7000,139616
2023-03-09,563.7000,565.2000,556.7000,560.7000,122331
2023-03-10,560.2000,568.2000,545.4000,546.0000,138094
2023-03-13,546.9000,558.3000,545.1000,552.6000,151469
2023-03-14,522.3000,544.8000,522.2000,529.5000,155340
2023-03-15,528.5000,536.6000,517.5000,522.6000,142152
2023-03-16,506.3000,507.8000,485.2000,493.8000,189747
2023-03-17,493.6000,505.2000,483.2000,498.5000,133987
2023-03-20,497.0000,502.9000,480.6000,481.5000,268331
2023-03-21,491.0000,497.5000,485.4000,492.8000,239170
2023-03-22,499.9000,505.4000,498.1000,503.5000,186406
2023-03-23,507.0000,513.3000,502.1000,507.0000,186045
2023-03-24,509.0000,515.6000,500.5000,508.0000,189666
2023-03-27,497.0000,507.8000,494.0000,507.7000,211047
2023-03-28,510.1000,522.6000,509.2000,519.7000,155048
2023-03-29,519.7000,527.5000,517.6000,526.2000,136532
2023-03-30,528.8000,530.2000,519.3000,523.3000,154668
2023-03-31,525.0000,529.8000,521.5000,527.4000,128679
2023-04-03,529.2000,572.7000,527.6000,569.7000,167776
2023-04-04,573.8000,583.7000,570.0000,583.4000,124832
2023-04-06,580.0000,585.7000,577.4000,584.2000,36211
2023-04-07,585.4000,593.6000,581.4000,592.0000,102563
2023-04-10,592.0000,595.3000,585.3000,587.9000,56885
2023-04-11,582.0000,590.5000,580.9000,588.6000,84712
2023-04-12,585.0000,596.3000,583.8000,593.8000,78427
2023-04-13,596.9000,606.5000,594.4000,601.0000,81029
2023-04-14,600.3000,602.5000,592.0000,596.2000,63761
2023-04-17,596.9000,602.8000,592.4000,601.3000,48270
2023-04-18,590.1000,591.9000,580.5000,587.1000,125631
2023-04-19,582.4000,588.3000,578.3000,580.8000,132831
2023-04-20,576.4000,576.7000,564.7000,567.0000,155160
2023-04-21,564.1000,565.6000,554.1000,554.2000,142993
2023-04-24,558.4000,564.4000,553.0000,553.9000,131135
2023-04-25,556.2000,571.0000,554.8000,567.9000,123376
2023-04-26,563.6000,564.6000,549.3000,556.9000,152278
2023-04-27,549.1000,550.1000,524.5000,526.1000,169283
2023-04-28,525.9000,532.3000,523.8000,531.7000,130659
2023-05-04,488.0000,499.2000,488.0000,496.9000,55392
2023-05-05,494.0000,497.8000,485.3000,495.1000,142121
2023-05-08,500.3000,514.0000,499.8000,513.9000,120936
2023-05-09,518.0000,523.3000,515.0000,515.6000,91175
2023-05-10,516.0000,524.5000,508.4000,519.4000,121994
2023-05-11,523.1000,523.8000,505.2000,513.0000,137222
2023-05-12,505.7000,508.2000,494.5000,494.8000,134261
2023-05-15,501.8000,506.3000,489.7000,494.4000,131400
2023-05-16,497.2000,510.3000,497.2000,503.6000,82244
2023-05-17,505.6000,511.2000,496.9000,498.0000,72466
2023-05-18,506.8000,520.5000,506.0000,518.0000,168648
2023-05-19,514.9000,525.8000,512.4000,523.9000,154783
2023-05-22,529.0000,529.6000,505.7000,507.0000,181386
2023-05-23,511.5000,520.0000,509.8000,515.5000,146257
2023-05-24,522.7000,529.4000,518.3000,527.0000,122708
2023-05-25,528.4000,534.7000,523.2000,531.5000,144900
2023-05-26,526.9000,527.2000,513.3000,521.9000,153732
2023-05-29,525.5000,535.6000,524.5000,532.1000,125189
2023-05-30,526.0000,538.6000,522.7000,529.7000,90852
2023-05-31,520.6000,521.4000,502.7000,503.9000,148615
2023-06-01,491.5000,506.9000,489.9000,505.9000,143677
2023-06-02,502.8000,518.8000,497.8000,518.3000,141943
2023-06-05,523.2000,530.0000,517.9000,527.8000,131352
2023-06-06,532.0000,532.4000,523.2000,525.0000,131848
2023-06-07,521.8000,528.3000,518.2000,523.7000,124563
2023-06-08,531.0000,537.2000,527.8000,535.6000,112035
2023-06-09,537.6000,538.1000,514.7000,525.5000,174376
2023-06-12,529.8000,533.4000,513.8000,514.5000,130611
2023-06-13,506.7000,510.8000,501.5000,507.9000,119427
2023-06-14,515.0000,524.7000,514.0000,524.4000,83262
2023-06-15,526.5000,527.9000,512.5000,516.0000,87466
2023-06-16,520.0000,531.8000,519.4000,531.1000,131950
2023-06-19,534.3000,535.3000,525.0000,529.9000,142107
2023-06-20,535.0000,538.2000,531.1000,534.8000,96381
2023-06-21,532.7000,554.8000,527.8000,551.2000,203331
2023-06-26,543.1000,546.1000,535.7000,543.3000,46544
2023-06-27,540.0000,546.3000,536.6000,543.2000,122037
2023-06-28,536.0000,541.5000,530.3000,534.0000,141623
2023-06-29,531.9000,545.1000,530.0000,542.6000,143196
2023-06-30,542.8000,549.4000,540.2000,546.1000,127943
2023-07-03,549.6000,555.5000,547.4000,550.6000,107108
2023-07-04,556.1000,557.0000,546.5000,549.0000,128267
2023-07-05,553.7000,556.6000,551.1000,553.0000,84514
2023-07-06,555.5000,561.4000,553.9000,557.9000,119658
2023-07-07,555.8000,563.8000,549.7000,560.8000,144662
2023-07-10,560.0000,570.6000,555.7000,567.2000,117129
2023-07-11,566.0000,571.9000,565.1000,567.6000,102699
2023-07-12,568.6000,578.3000,568.0000,574.3000,101429
2023-07-13,577.4000,580.9000,575.5000,580.0000,98419
2023-07-14,578.4000,591.5000,576.3000,586.5000,97919
2023-07-17,587.5000,588.2000,574.8000,576.7000,75383
2023-07-18,573.2000,577.9000,570.9000,573.6000,136176
2023-07-19,573.7000,584.7000,573.4000,584.0000,150647
2023-07-20,587.3000,594.4000,582.0000,583.7000,170738
2023-07-21,584.7000,589.6000,576.8000,588.8000,174451
2023-07-24,591.0000,592.5000,585.1000,589.6000,147832
2023-07-25,595.5000,603.1000,592.1000,601.5000,154301
2023-07-26,598.2000,606.2000,596.0000,602.7000,136968
2023-07-27,599.9000,606.7000,599.1000,603.2000,156766
2023-07-28,606.3000,610.2000,602.6000,607.4000,178659
2023-07-31,608.4000,612.1000,602.4000,610.8000,174456
2023-08-01,614.6000,621.3000,613.8000,619.5000,136304
2023-08-02,618.0000,627.6000,615.6000,625.0000,149916
2023-08-03,623.9000,624.1000,605.4000,605.5000,195458
2023-08-04,612.0000,624.2000,610.5000,622.1000,159984
2023-08-07,623.2000,632.2000,620.1000,628.7000,146552
2023-08-08,625.8000,628.5000,621.1000,621.4000,121615
2023-08-09,614.6000,633.8000,614.6000,631.3000,155055
2023-08-10,636.6000,642.8000,633.2000,640.2000,151652
2023-08-11,637.8000,642.6000,635.0000,642.2000,140154
2023-08-14,647.4000,673.6000,644.0000,656.7000,211880
2023-08-15,655.9000,665.7000,651.9000,662.9000,127967
2023-08-16,656.0000,661.2000,652.4000,654.2000,103464
2023-08-17,658.0000,661.0000,649.2000,654.4000,81869
2023-08-18,639.8000,643.7000,636.3000,638.7000,117187
2023-08-21,634.0000,655.8000,630.5000,652.9000,214602
2023-08-22,654.1000,654.6000,639.5000,640.1000,140193
2023-08-23,640.0000,643.2000,632.6000,633.1000,153434
2023-08-24,627.0000,630.6000,618.4000,623.1000,184375
2023-08-25,623.1000,636.1000,619.4000,632.1000,165408
2023-08-28,636.0000,640.7000,625.8000,637.1000,189455
2023-08-29,636.0000,642.5000,632.3000,633.8000,137758
2023-08-30,637.9000,645.4000,630.0000,644.5000,147918
2023-08-31,642.9000,647.0000,640.6000,643.4000,128111
2023-09-01,649.6000,655.5000,644.1000,654.1000,133192
2023-09-04,659.6000,671.9000,657.6000,664.8000,150426
2023-09-05,664.7000,672.4000,662.4000,670.2000,86878
2023-09-06,669.3000,696.7000,668.6000,686.6000,164838
2023-09-07,686.0000,698.8000,682.4000,691.7000,142437
2023-09-08,691.6000,700.8000,687.2000,690.6000,148294
2023-09-11,697.3000,703.2000,685.4000,686.4000,168919
2023-09-12,688.0000,699.3000,687.5000,696.4000,123058
2023-09-13,702.2000,712.5000,702.2000,707.9000,97029
2023-09-14,708.5000,730.0000,704.0000,728.3000,162649
2023-09-15,735.0000,758.0000,730.4000,735.8000,112222
2023-09-18,733.0000,750.2000,721.2000,743.7000,51228
2023-09-19,705.8000,708.5000,693.3000,699.6000,138277
2023-09-20,704.5000,705.9000,688.0000,690.7000,160745
2023-09-21,691.7000,699.5000,683.9000,685.2000,154675
2023-09-22,692.3000,700.5000,692.1000,695.7000,164831
2023-09-25,700.3000,701.5000,684.4000,692.2000,193801
2023-09-26,687.8000,690.8000,681.4000,682.3000,156135
2023-09-27,684.6000,708.7000,683.1000,701.3000,147352
2023-09-28,709.3000,723.9000,706.1000,717.0000,142313
2023-10-09,668.5000,689.0000,653.0000,656.8000,71287
2023-10-10,658.1000,665.5000,654.4000,657.2000,127860
2023-10-11,659.9000,663.1000,651.5000,662.4000,128902
2023-10-12,653.7000,660.7000,643.9000,648.4000,152394
2023-10-13,658.0000,660.7000,645.1000,656.7000,146780
2023-10-16,677.3000,689.3000,666.8000,678.3000,130556
2023-10-17,682.8000,682.8000,668.4000,674.2000,98748
2023-10-18,674.5000,694.0000,670.5000,688.1000,93053
2023-10-19,681.2000,688.3000,678.8000,683.4000,147328
2023-10-20,681.0000,700.7000,677.0000,695.8000,178372
2023-10-23,698.6000,699.4000,682.6000,685.6000,172123
2023-10-24,687.7000,689.3000,670.6000,677.2000,192011
2023-10-25,676.4000,676.5000,660.0000,661.4000,187600
2023-10-26,665.2000,678.0000,656.5000,668.4000,234521
2023-10-27,659.8000,670.8000,656.6000,670.0000,197140
2023-10-30,668.8000,675.7000,661.0000,667.2000,229563
2023-10-31,665.5000,666.0000,649.1000,653.8000,200197
2023-11-01,652.7000,659.1000,644.3000,646.5000,211653
2023-11-02,655.5000,657.6000,641.5000,649.0000,195583
2023-11-03,647.8000,658.6000,641.6000,656.8000,202328
2023-11-06,660.1000,661.0000,641.0000,645.8000,233980
2023-11-07,647.0000,650.0000,621.9000,623.0000,229693
2023-11-08,618.8000,621.2000,601.9000,607.9000,204687
2023-11-09,600.0000,605.2000,588.6000,594.6000,238224
2023-11-10,596.4000,604.6000,592.1000,596.6000,181991
2023-11-13,599.9000,607.4000,590.5000,594.7000,168088
2023-11-14,599.0000,607.8000,596.8000,604.7000,121809
2023-11-15,601.9000,611.1000,597.8000,603.1000,131730
2023-11-16,600.0000,601.0000,582.7000,588.6000,136726
2023-11-17,586.1000,590.0000,556.4000,562.2000,146098
2023-11-20,570.6000,587.6000,569.0000,586.7000,213948
2023-11-21,591.5000,596.4000,586.3000,587.5000,175958
2023-11-22,588.4000,595.8000,584.8000,591.2000,212846
2023-11-23,580.0000,584.7000,563.2000,579.0000,267460
2023-11-24,579.0000,584.7000,572.2000,583.6000,185597
2023-11-27,583.4000,587.6000,567.6000,571.5000,212988
2023-11-28,572.5000,579.2000,566.6000,571.2000,211225
2023-11-29,574.6000,584.4000,570.1000,578.6000,197861
2023-11-30,588.6000,590.8000,574.1000,589.4000,247629
2023-12-01,592.0000,598.8000,566.1000,569.7000,320353
2023-12-04,571.9000,579.4000,549.2000,553.2000,252903
2023-12-05,552.7000,565.1000,550.3000,555.1000,232415
2023-12-06,554.0000,562.3000,546.6000,554.1000,241029
2023-12-07,549.3000,549.4000,529.6000,535.4000,206523
2023-12-08,536.6000,558.4000,536.3000,548.5000,255490
2023-12-11,549.7000,556.5000,546.0000,556.1000,173958
2023-12-12,551.8000,555.6000,543.5000,554.6000,162462
2023-12-13,548.0000,548.1000,519.7000,521.1000,176577
2023-12-14,527.0000,534.3000,524.5000,529.6000,130888
2023-12-15,537.0000,547.4000,536.3000,543.9000,74458
2023-12-18,549.5000,552.6000,537.5000,552.1000,208988
2023-12-19,552.8000,564.6000,551.7000,555.8000,192060
2023-12-20,553.0000,564.1000,552.9000,563.0000,172180
2023-12-21,568.0000,571.7000,559.7000,565.0000,212287
2023-12-22,559.0000,569.4000,551.0000,566.6000,231374
2023-12-25,566.5000,569.7000,540.8000,553.7000,240761
2023-12-26,553.8000,562.7000,552.5000,558.9000,112420
2023-12-27,562.5000,576.6000,562.2000,574.8000,185793
2023-12-28,572.0000,573.5000,561.9000,564.3000,200599
2023-12-29,558.7000,558.8000,542.0000,542.7000,213612
2024-01-02,544.0000,556.5000,544.0000,555.7000,52295
2024-01-03,557.0000,562.0000,535.6000,538.6000,201184
2024-01-04,543.8000,561.4000,540.3000,560.1000,189938
2024-01-05,560.7000,561.7000,543.4000,552.7000,216914
2024-01-08,554.4000,562.7000,549.2000,550.2000,204984
2024-01-09,543.4000,544.1000,533.5000,540.0000,193381
2024-01-10,552.9000,558.3000,546.4000,558.1000,195162
2024-01-11,561.6000,566.0000,553.0000,556.7000,181810
2024-01-12,564.2000,576.5000,558.0000,570.0000,186614
2024-01-15,577.9000,579.1000,553.9000,555.6000,191012
2024-01-16,546.0000,556.9000,544.6000,556.1000,120611
2024-01-17,560.0000,563.6000,549.8000,552.5000,128959
2024-01-18,545.8000,556.6000,543.9000,555.8000,101839
2024-01-19,558.1000,566.8000,551.6000,566.3000,199105
2024-01-22,562.8000,569.0000,557.2000,559.9000,224449
2024-01-23,562.2000,573.3000,562.0000,570.9000,172861
2024-01-24,567.5000,572.0000,562.1000,569.6000,218987
2024-01-25,567.0000,576.8000,566.4000,572.4000,225172
2024-01-26,574.4000,591.1000,573.3000,588.4000,206661
2024-01-29,587.5000,599.5000,583.6000,596.5000,232052
2024-01-30,594.5000,594.8000,585.3000,586.1000,210821
2024-01-31,580.5000,588.8000,575.5000,585.3000,214968
2024-02-01,581.0000,585.3000,574.8000,575.7000,265894
2024-02-02,578.1000,582.2000,560.7000,562.7000,288718
2024-02-05,560.0000,561.2000,552.7000,556.1000,229565
2024-02-06,554.4000,560.3000,551.4000,559.5000,175535
2024-02-07,562.3000,565.2000,557.2000,561.8000,141099
2024-02-08,564.9000,572.8000,563.4000,572.4000,108100
2024-02-19,589.8000,597.0000,589.8000,595.0000,16436
2024-02-20,604.0000,606.2000,601.9000,603.8000,92005
2024-02-21,598.7000,603.7000,594.3000,595.6000,174911
2024-02-22,594.3000,601.9000,593.7000,601.1000,176267
2024-02-23,598.7000,607.6000,596.7000,603.7000,160646
2024-02-26,598.8000,602.9000,591.3000,593.4000,178995
2024-02-27,592.4000,602.6000,592.1000,602.1000,120455
2024-02-28,600.0000,609.8000,599.6000,606.8000,116403
2024-02-29,605.0000,614.1000,604.5000,606.0000,160766
2024-03-01,607.0000,610.8000,603.4000,606.1000,170151
2024-03-04,614.6000,626.2000,611.9000,619.0000,173404
2024-03-05,618.1000,621.6000,609.8000,610.2000,139699
2024-03-06,608.0000,613.6000,603.5000,609.2000,201620
2024-03-07,611.2000,619.2000,611.0000,613.3000,146004
2024-03-08,611.0000,618.0000,608.2000,617.8000,162906
2024-03-11,610.6000,615.4000,604.0000,608.4000,187378
2024-03-12,609.3000,622.7000,607.4000,621.6000,156136
2024-03-13,618.6000,623.4000,618.0000,622.2000,131399
2024-03-14,631.6000,634.3000,625.6000,631.9000,106412
2024-03-15,636.8000,655.7000,634.8000,644.6000,133847
2024-03-18,642.8000,644.2000,630.6000,631.7000,100305
2024-03-19,630.3000,637.0000,626.1000,634.5000,40683
2024-03-20,634.1000,641.3000,633.5000,637.2000,111482
2024-03-21,631.8000,635.5000,628.5000,633.3000,143521
2024-03-22,631.0000,632.2000,623.7000,627.4000,123711
2024-03-25,632.0000,635.4000,627.7000,629.0000,131447
2024-03-26,628.5000,639.9000,628.4000,634.3000,124269
2024-03-27,636.3000,637.6000,626.1000,626.9000,127408
2024-03-28,628.0000,637.5000,627.6000,634.8000,119807
2024-03-29,640.2000,649.2000,639.4000,645.5000,104991
2024-04-01,645.3000,647.5000,641.8000,645.9000,51715
2024-04-02,644.9000,651.7000,640.6000,650.3000,118681
2024-04-03,655.0000,660.9000,650.6000,660.9000,121401
2024-04-08,660.0000,666.4000,650.3000,660.7000,56993
2024-04-09,664.0000,671.9000,659.4000,667.3000,138969
2024-04-10,665.2000,668.7000,658.1000,662.5000,103087
2024-04-11,664.7000,673.0000,658.4000,668.5000,128693
2024-04-12,664.0000,673.5000,662.8000,669.7000,97660
2024-04-15,675.6000,682.8000,660.8000,663.5000,99235
2024-04-16,661.6000,671.0000,656.5000,667.4000,64860
2024-04-17,661.3000,667.1000,659.6000,661.6000,87930
2024-04-18,657.6000,660.2000,641.8000,642.4000,143139
2024-04-19,643.5000,670.5000,638.5000,651.7000,213683
2024-04-22,641.6000,648.4000,632.5000,633.2000,156936
2024-04-23,634.7000,642.9000,631.5000,637.8000,116141
2024-04-24,632.0000,651.9000,630.1000,651.2000,119665
2024-04-25,650.1000,653.7000,647.0000,650.3000,114863
2024-04-26,648.2000,655.4000,642.1000,653.3000,119604
2024-04-29,655.9000,658.0000,646.4000,647.9000,99542
2024-04-30,649.8000,652.3000,642.6000,645.8000,80950
2024-05-06,615.9000,619.9000,611.0000,619.4000,39380
2024-05-07,618.3000,620.8000,612.7000,617.8000,84866
2024-05-08,613.3000,620.9000,610.5000,611.3000,89338
2024-05-09,611.1000,618.5000,609.5000,617.0000,77995
2024-05-10,618.8000,624.8000,615.6000,624.6000,77649
2024-05-13,623.3000,623.7000,608.7000,615.0000,77332
2024-05-14,618.5000,620.9000,615.8000,618.0000,55311
2024-05-15,613.9000,617.4000,609.4000,614.4000,82542
2024-05-16,610.0000,615.7000,600.8000,614.7000,77713
2024-05-17,616.0000,620.5000,613.0000,620.5000,49670
2024-05-20,618.4000,623.8000,613.4000,622.9000,94832
2024-05-21,617.3000,623.6000,611.9000,612.6000,127521
2024-05-22,608.9000,617.3000,604.6000,605.6000,122491
2024-05-23,605.2000,610.2000,596.8000,602.5000,120095
2024-05-24,609.9000,611.1000,596.1000,599.0000,119974
2024-05-27,600.3000,608.0000,598.6000,606.8000,95421
2024-05-28,609.2000,613.3000,608.6000,610.5000,68721
2024-05-29,614.5000,622.3000,612.2000,619.7000,90866
2024-05-30,619.5000,621.6000,611.2000,611.5000,91017
2024-05-31,611.0000,613.7000,599.3000,602.8000,119718
2024-06-03,607.5000,607.8000,592.5000,595.8000,114952
2024-06-04,595.5000,596.5000,571.0000,571.9000,146285
2024-06-05,570.3000,573.3000,566.5000,570.3000,108285
2024-06-06,574.5000,579.3000,568.7000,577.0000,100378
2024-06-07,574.8000,587.7000,574.4000,583.9000,90435
2024-06-11,598.8000,599.0000,595.1000,597.6000,31495
2024-06-12,597.8000,606.4000,595.9000,605.3000,75497
2024-06-13,610.4000,611.1000,601.9000,604.5000,82978
2024-06-14,604.9000,610.6000,601.7000,602.8000,78949
2024-06-17,610.0000,611.0000,600.5000,602.0000,70459
2024-06-18,606.1000,617.9000,604.7000,613.5000,34099
2024-06-19,609.0000,618.2000,608.8000,614.7000,86119
2024-06-20,619.2000,620.8000,615.1000,617.9000,77047
2024-06-21,620.9000,623.5000,617.6000,617.6000,89968
2024-06-24,619.1000,624.1000,613.4000,617.4000,105365
2024-06-25,617.0000,625.2000,614.6000,622.1000,84975
2024-06-26,620.2000,623.8000,615.5000,620.3000,80913
2024-06-27,619.0000,623.4000,614.1000,618.3000,122461
2024-06-28,623.7000,628.6000,620.5000,628.3000,107859
2024-07-01,626.8000,627.4000,619.3000,626.9000,92905
2024-07-02,626.2000,634.7000,623.5000,634.0000,90912
2024-07-03,638.2000,639.0000,631.1000,636.3000,88173
2024-07-04,635.3000,639.7000,629.7000,633.3000,95820
2024-07-05,634.0000,639.1000,633.7000,635.5000,70925
2024-07-08,637.2000,641.1000,627.7000,628.0000,88718
2024-07-09,628.5000,629.7000,624.5000,626.2000,64823
2024-07-10,624.4000,626.7000,612.8000,614.5000,93995
2024-07-11,616.2000,627.8000,614.5000,625.3000,87964
2024-07-12,622.7000,624.2000,616.5000,623.3000,76767
2024-07-15,623.7000,624.4000,613.7000,619.0000,75013
2024-07-16,619.9000,620.5000,611.5000,612.8000,60382
2024-07-17,605.9000,611.7000,604.3000,606.5000,53386
2024-07-18,611.0000,619.2000,609.7000,618.6000,86366
2024-07-19,612.6000,616.0000,609.1000,611.2000,98355
2024-07-22,613.9000,614.4000,594.5000,597.4000,133262
2024-07-23,591.9000,597.3000,590.3000,593.1000,81899
2024-07-24,588.6000,592.7000,583.5000,588.7000,108787
2024-07-25,591.2000,592.7000,583.2000,585.5000,111033
2024-07-26,582.0000,594.6000,578.2000,592.9000,123766
2024-07-29,588.7000,590.5000,579.5000,586.7000,133504
2024-07-30,585.0000,588.6000,573.6000,573.9000,111349
2024-07-31,572.0000,581.2000,569.6000,580.4000,112459
2024-08-01,586.0000,594.0000,580.9000,593.1000,107984
2024-08-02,593.7000,594.6000,579.2000,581.7000,108712
2024-08-05,567.8000,569.7000,542.7000,546.9000,174281
2024-08-06,544.2000,557.6000,541.1000,548.0000,129859
2024-08-07,540.8000,550.7000,540.3000,545.0000,128206
2024-08-08,555.0000,559.6000,551.0000,552.4000,116524
2024-08-09,556.7000,564.9000,554.5000,561.4000,90723
2024-08-12,562.5000,568.6000,558.6000,568.1000,78770
2024-08-13,570.8000,584.0000,569.0000,579.7000,80478
2024-08-14,579.0000,585.8000,571.0000,574.3000,102302
2024-08-15,574.3000,575.7000,565.0000,567.9000,80170
2024-08-16,569.9000,578.1000,569.9000,571.7000,54687
2024-08-19,563.3000,567.9000,557.4000,560.2000,54949
2024-08-20,560.6000,563.9000,545.0000,547.7000,127146
2024-08-21,549.7000,554.6000,542.9000,547.4000,130721
2024-08-22,548.4000,552.3000,534.6000,537.8000,145603
2024-08-23,541.5000,547.3000,539.2000,545.3000,112486
2024-08-26,551.4000,562.8000,550.1000,562.7000,103094
2024-08-27,570.9000,572.2000,566.1000,570.4000,87464
2024-08-28,566.6000,567.6000,557.7000,559.3000,97408
2024-08-29,555.1000,556.9000,549.6000,550.1000,114208
2024-08-30,554.0000,561.5000,553.0000,558.9000,128574
2024-09-02,556.8000,556.8000,538.6000,540.6000,137884
2024-09-03,543.8000,551.9000,543.2000,550.1000,88900
2024-09-04,538.0000,538.3000,520.7000,522.8000,130648
2024-09-05,526.0000,528.7000,518.8000,521.4000,128610
2024-09-06,523.6000,528.4000,515.8000,522.1000,144467
2024-09-09,520.1000,524.1000,502.6000,512.6000,171834
2024-09-10,510.4000,516.6000,504.3000,510.2000,126733
2024-09-11,510.9000,513.6000,492.2000,503.1000,163916
2024-09-12,504.9000,513.1000,494.0000,512.5000,145558
2024-09-13,511.2000,518.8000,507.1000,513.1000,96946
2024-09-18,523.6000,523.6000,513.2000,513.6000,17337
2024-09-19,516.2000,522.7000,511.6000,522.7000,150589
2024-09-20,526.1000,527.5000,520.4000,523.1000,129530
2024-09-23,520.9000,527.4000,518.2000,525.1000,126691
2024-09-24,523.6000,529.4000,515.4000,527.4000,172409
2024-09-25,529.5000,536.1000,526.8000,535.0000,151947
2024-09-26,530.9000,541.2000,516.0000,523.2000,225797
2024-09-27,523.0000,530.5000,515.2000,524.4000,170635
2024-09-30,521.8000,544.0000,518.5000,543.5000,152214
2024-10-08,580.1000,580.1000,580.1000,580.1000,2336
2024-10-09,563.6000,566.2000,544.8000,551.6000,63767
2024-10-10,557.4000,559.7000,546.4000,556.7000,143632
2024-10-11,561.9000,577.9000,558.4000,570.4000,142454
2024-10-14,571.0000,587.5000,564.4000,566.5000,155561
2024-10-15,561.5000,571.4000,540.1000,546.5000,126534
2024-10-16,544.0000,545.5000,535.4000,536.9000,106089
2024-10-17,538.4000,541.8000,533.0000,534.0000,74335
2024-10-18,534.0000,538.1000,526.9000,537.4000,126870
2024-10-21,532.6000,533.4000,522.6000,527.9000,163214
2024-10-22,532.9000,537.4000,530.4000,532.8000,129231
2024-10-23,538.3000,548.8000,536.4000,544.7000,148979
2024-10-24,540.0000,546.9000,537.7000,543.6000,136098
2024-10-25,541.0000,544.4000,532.0000,537.4000,121572
2024-10-28,541.8000,548.0000,520.6000,523.8000,162206
2024-10-29,514.0000,519.1000,511.7000,512.1000,118139
2024-10-30,517.6000,518.2000,510.6000,516.5000,124948
2024-10-31,520.2000,524.4000,516.5000,523.6000,118357
2024-11-01,524.9000,535.2000,522.1000,532.6000,120228
2024-11-04,534.9000,535.9000,526.2000,531.9000,108126
2024-11-05,535.9000,538.9000,532.5000,536.0000,102444
2024-11-06,539.8000,542.8000,527.0000,532.7000,112086
2024-11-07,530.4000,547.1000,526.3000,542.7000,157514
2024-11-08,535.9000,543.0000,533.5000,538.1000,135286
2024-11-11,533.9000,538.7000,528.5000,533.3000,117885
2024-11-12,522.2000,525.0000,519.4000,521.5000,92388
2024-11-13,524.6000,528.8000,522.9000,525.2000,93238
2024-11-14,526.0000,527.6000,516.2000,523.5000,105385
2024-11-15,528.6000,533.0000,519.7000,520.3000,78960
2024-11-18,525.0000,526.3000,515.0000,518.6000,64644
2024-11-19,515.1000,529.8000,513.4000,528.6000,129119
2024-11-20,526.3000,531.3000,523.6000,528.6000,133528
2024-11-21,532.0000,533.5000,526.7000,528.6000,115604
2024-11-22,534.6000,540.9000,532.3000,538.0000,133254
2024-11-25,535.6000,546.0000,531.8000,539.1000,130868
2024-11-26,541.3000,541.8000,525.7000,528.9000,147926
2024-11-27,530.1000,537.4000,524.1000,530.0000,142804
2024-11-28,532.6000,532.6000,523.8000,526.7000,118810
2024-11-29,529.6000,531.2000,525.9000,530.4000,90213
2024-12-02,531.8000,534.6000,523.6000,530.9000,123475
2024-12-03,532.9000,534.0000,526.1000,531.0000,107890
2024-12-04,536.6000,541.3000,533.0000,540.5000,101168
2024-12-05,539.1000,542.3000,528.5000,529.5000,107830
2024-12-06,530.3000,532.5000,524.8000,526.0000,90187
2024-12-09,522.0000,526.5000,518.6000,526.5000,90731
2024-12-10,528.9000,532.3000,524.9000,526.7000,76880
2024-12-11,527.3000,533.3000,526.8000,532.9000,66345
2024-12-12,535.2000,545.0000,533.1000,543.0000,80367
2024-12-13,543.5000,546.8000,536.6000,546.0000,89317
2024-12-16,547.1000,552.9000,544.2000,549.6000,62333
2024-12-17,547.4000,550.6000,546.5000,549.7000,34624
2024-12-18,541.3000,543.4000,537.2000,540.8000,91873
2024-12-19,544.9000,549.0000,540.1000,543.4000,95719
2024-12-20,543.4000,546.9000,536.2000,537.6000,107963
2024-12-23,538.4000,543.5000,533.7000,542.3000,103421
2024-12-24,538.2000,542.5000,535.5000,540.7000,83612
2024-12-25,542.2000,549.6000,541.2000,547.5000,80975
2024-12-26,548.8000,549.0000,545.7000,546.8000,38190
2024-12-27,548.7000,551.6000,543.3000,544.9000,99660
2024-12-30,549.2000,552.4000,547.3000,549.8000,95785
2024-12-31,551.2000,562.1000,550.6000,559.9000,107317
2025-01-02,563.0000,566.7000,559.4000,560.7000,32063
2025-01-03,566.5000,574.3000,565.3000,572.1000,96574
2025-01-06,572.5000,582.4000,570.8000,577.0000,89272
2025-01-07,581.1000,585.0000,575.5000,580.7000,112019
2025-01-08,584.4000,594.8000,583.0000,589.1000,107511
2025-01-09,589.5000,590.6000,576.1000,580.5000,101596
2025-01-10,581.7000,589.5000,581.0000,588.3000,71720
2025-01-13,591.0000,614.9000,590.4000,614.9000,109638
2025-01-14,616.0000,616.3000,605.5000,609.2000,93263
2025-01-15,610.9000,628.1000,608.8000,626.7000,172492
2025-01-16,626.5000,639.5000,624.4000,633.9000,194800
2025-01-17,628.0000,634.6000,623.5000,631.8000,180274
2025-01-20,628.5000,630.2000,619.7000,622.0000,168015
2025-01-21,625.0000,627.4000,614.5000,620.7000,175373
2025-01-22,614.7000,622.0000,612.3000,618.3000,136363
2025-01-23,620.5000,622.9000,607.1000,609.0000,151903
2025-01-24,613.9000,617.4000,602.9000,605.5000,141388
2025-01-27,608.5000,609.7000,596.5000,602.4000,115726
2025-02-05,597.9000,606.6000,592.6000,605.5000,49864
2025-02-06,599.5000,601.5000,594.5000,599.1000,90020
2025-02-07,599.5000,604.0000,593.7000,603.8000,117925
2025-02-10,603.5000,614.2000,599.8000,607.0000,112033
2025-02-11,609.7000,621.4000,608.9000,619.8000,83534
2025-02-12,625.0000,625.4000,617.9000,620.8000,68019
2025-02-13,588.0000,589.2000,564.2000,565.2000,61818
2025-02-14,563.5000,569.3000,563.2000,567.5000,37396
2025-02-17,570.1000,571.0000,557.3000,557.9000,63192
2025-02-18,557.0000,563.5000,556.1000,561.8000,61882
2025-02-19,559.9000,566.0000,558.3000,565.4000,98503
2025-02-20,566.4000,571.6000,561.9000,564.0000,92646
2025-02-21,566.8000,568.4000,559.8000,562.0000,83665
2025-02-24,559.6000,561.5000,543.3000,545.9000,113067
2025-02-25,546.0000,552.6000,544.6000,551.7000,83150
2025-02-26,545.0000,547.4000,535.3000,539.1000,113090
2025-02-27,536.9000,539.6000,533.6000,537.2000,105012
2025-02-28,540.8000,546.9000,538.6000,540.0000,100897
2025-03-03,537.4000,545.1000,535.2000,538.6000,97978
2025-03-04,540.4000,541.0000,519.3000,521.3000,122559
2025-03-05,514.5000,519.4000,512.8000,518.5000,121045
2025-03-06,513.0000,515.0000,502.3000,509.6000,140979
2025-03-07,509.9000,512.9000,507.6000,512.5000,109610
2025-03-10,519.0000,525.5000,516.0000,520.8000,126226
2025-03-11,524.8000,525.4000,507.4000,516.5000,101088
2025-03-12,520.0000,520.7000,514.2000,515.1000,93314
2025-03-13,516.5000,522.7000,516.1000,519.7000,43286
2025-03-14,518.2000,519.2000,512.4000,519.2000,61503
2025-03-17,518.2000,528.5000,512.4000,523.4000,73656
2025-03-18,525.0000,526.7000,520.3000,526.2000,80382
2025-03-19,528.6000,528.8000,515.0000,516.2000,112886
2025-03-20,518.1000,527.3000,517.8000,527.1000,114895
2025-03-21,524.8000,537.4000,522.6000,534.5000,143923
2025-03-24,533.2000,536.7000,530.3000,534.4000,105476
2025-03-25,535.0000,540.1000,533.4000,538.3000,104318
2025-03-26,541.5000,542.7000,535.1000,541.8000,104965
2025-03-27,543.8000,545.9000,540.7000,540.7000,100852
2025-03-28,542.6000,545.0000,537.5000,542.3000,110549
2025-03-31,544.0000,544.1000,532.6000,537.5000,124692
2025-04-01,540.2000,556.7000,538.8000,556.1000,118614
2025-04-02,555.4000,558.5000,551.3000,552.2000,93023
2025-04-03,550.5000,556.4000,540.9000,542.0000,117384
2025-04-07,510.1000,510.1000,510.1000,510.1000,771
2025-04-08,486.7000,494.3000,473.2000,478.6000,246352
2025-04-09,477.2000,482.6000,447.9000,458.1000,217111
2025-04-10,444.5000,488.6000,444.0000,478.4000,143097
2025-04-11,465.4000,475.0000,459.5000,472.5000,103749
2025-04-14,468.0000,476.1000,464.4000,474.0000,75684
2025-04-15,480.0000,480.8000,471.1000,476.8000,83255
2025-04-16,472.3000,477.3000,463.5000,467.2000,111052
2025-04-17,476.2000,487.8000,473.9000,482.7000,149939
2025-04-18,487.0000,496.8000,484.1000,490.7000,165162
2025-04-21,489.9000,493.7000,484.5000,489.2000,89503
2025-04-22,486.3000,494.9000,482.1000,494.0000,159937
2025-04-23,495.0000,506.0000,492.4000,503.8000,161586
2025-04-24,496.0000,498.5000,484.3000,493.4000,200840
2025-04-25,493.6000,498.1000,489.4000,496.1000,150921
2025-04-28,489.0000,500.8000,486.7000,498.0000,166600
2025-04-29,495.7000,496.0000,480.3000,483.6000,137568
2025-04-30,480.1000,481.7000,469.0000,471.1000,128314
2025-05-06,455.3000,460.5000,455.0000,458.9000,59247
2025-05-07,461.0000,469.5000,460.5000,468.2000,106678
2025-05-08,464.1000,465.1000,457.4000,461.0000,113932
2025-05-09,452.1000,463.3000,452.1000,462.4000,42532
2025-05-12,465.6000,473.1000,460.3000,472.6000,52249
2025-05-13,480.0000,480.6000,468.1000,470.5000,52260
2025-05-14,475.1000,483.5000,472.4000,479.3000,61758
2025-05-15,477.8000,480.8000,460.2000,460.7000,81461
2025-05-16,462.5000,465.0000,456.1000,456.2000,95791
2025-05-19,459.7000,464.5000,457.5000,462.8000,111464
2025-05-20,464.6000,468.0000,461.4000,465.4000,129178
2025-05-21,464.6000,475.6000,462.1000,470.1000,155010
2025-05-22,470.1000,470.5000,452.3000,453.7000,161053
2025-05-23,454.0000,456.9000,452.3000,452.8000,126299
2025-05-26,451.7000,460.1000,449.5000,459.7000,156979
2025-05-27,458.5000,460.3000,454.4000,458.3000,111919
2025-05-28,456.0000,457.4000,449.4000,453.0000,136370
2025-05-29,457.6000,468.1000,456.6000,467.1000,180346
2025-05-30,459.5000,459.9000,447.5000,447.9000,161097
2025-06-03,462.8000,468.7000,461.3000,462.5000,64117
2025-06-04,466.0000,470.7000,463.8000,468.2000,109921
2025-06-05,466.7000,469.8000,460.5000,463.7000,134999
2025-06-06,468.0000,470.2000,464.7000,466.1000,109196
2025-06-09,468.8000,476.8000,467.7000,474.3000,120628
2025-06-10,478.2000,482.4000,474.8000,479.8000,92412
2025-06-11,481.1000,485.0000,476.9000,478.1000,101043
2025-06-12,486.6000,500.7000,484.7000,495.7000,139341
2025-06-13,492.9000,535.2000,490.8000,529.9000,165385
2025-06-16,530.4000,536.7000,520.1000,532.9000,131524
2025-06-17,518.0000,531.8000,508.3000,524.9000,182080
2025-06-18,533.4000,556.3000,530.2000,552.7000,315667
2025-06-19,554.5000,571.0000,546.1000,570.9000,479375
2025-06-20,570.9000,582.9000,560.6000,566.6000,455538
2025-06-23,562.8000,588.6000,557.8000,574.5000,422702
2025-06-24,566.9000,572.1000,518.6000,518.6000,526467
2025-06-25,513.0000,516.8000,500.2000,508.6000,303969
2025-06-26,506.7000,511.6000,498.6000,502.9000,283709
2025-06-27,501.0000,506.5000,496.5000,498.5000,210677
2025-06-30,498.6000,502.4000,488.2000,496.7000,238738
2025-07-01,498.0000,500.2000,492.8000,499.4000,141645
2025-07-02,503.1000,503.8000,495.6000,498.2000,137513
2025-07-03,501.6000,509.4000,499.0000,506.3000,179412
2025-07-04,508.3000,509.2000,502.4000,503.5000,135161
2025-07-07,501.6000,505.6000,493.6000,502.3000,133485
2025-07-08,505.5000,513.8000,505.4000,510.7000,151790
2025-07-09,513.0000,521.0000,511.7000,519.7000,128915
2025-07-10,519.7000,523.6000,517.6000,522.5000,113989
2025-07-11,519.0000,519.7000,511.1000,513.9000,129173
2025-07-14,506.1000,515.3000,505.5000,513.0000,48322
2025-07-15,515.4000,516.0000,504.5000,506.1000,57385
2025-07-16,508.0000,509.2000,504.8000,507.9000,52146
2025-07-17,503.0000,508.5000,499.3000,505.4000,77721
2025-07-18,506.7000,518.2000,505.3000,515.8000,103875
2025-07-21,517.7000,520.4000,511.3000,512.3000,150393
2025-07-22,511.6000,512.1000,501.6000,504.3000,143753
2025-07-23,503.2000,509.1000,501.2000,503.7000,128828
2025-07-24,502.0000,511.0000,500.0000,508.9000,123664
2025-07-25,509.0000,513.1000,503.1000,512.9000,152592
2025-07-28,513.4000,513.7000,501.0000,505.9000,117652
2025-07-29,510.3000,517.5000,509.8000,515.0000,126393
2025-07-30,518.1000,530.7000,517.6000,528.6000,136653
2025-07-31,529.7000,535.9000,529.2000,531.3000,107487
2025-08-01,529.6000,532.6000,524.5000,527.9000,119348
2025-08-04,527.6000,527.7000,509.7000,514.3000,145837
2025-08-05,502.7000,513.2000,502.2000,508.8000,107222
2025-08-06,504.5000,506.3000,501.0000,505.9000,110664
2025-08-07,508.4000,510.9000,497.5000,501.0000,147561
2025-08-08,500.5000,501.0000,488.6000,489.8000,97489
2025-08-11,494.5000,497.5000,488.1000,489.4000,135666
2025-08-12,495.4000,496.6000,492.3000,495.2000,80612
2025-08-13,490.0000,492.3000,488.2000,490.6000,40926
2025-08-14,490.6000,490.7000,482.8000,485.5000,61943
2025-08-15,487.0000,490.9000,485.4000,488.1000,57157
2025-08-18,486.4000,488.2000,480.5000,486.5000,110520
2025-08-19,487.9000,490.4000,480.9000,484.2000,117329
2025-08-20,482.2000,484.7000,479.0000,482.8000,114618
2025-08-21,483.9000,491.0000,483.2000,490.9000,116216
2025-08-22,488.7000,494.6000,487.1000,493.6000,109851
2025-08-25,494.0000,495.8000,491.1000,492.9000,102824
2025-08-26,494.5000,500.8000,494.0000,496.1000,95625
2025-08-27,491.7000,493.3000,478.0000,479.7000,125394
2025-08-28,482.5000,483.6000,478.4000,481.7000,93352
2025-08-29,483.4000,486.8000,479.8000,485.2000,98280
2025-09-01,487.0000,487.2000,479.3000,483.5000,81087
2025-09-02,487.0000,492.5000,487.0000,490.4000,79803
2025-09-03,487.7000,496.0000,486.4000,493.2000,90876
2025-09-04,487.0000,487.7000,479.9000,481.0000,117976
2025-09-05,480.2000,484.8000,478.5000,482.0000,88629
2025-09-08,475.6000,491.4000,468.8000,490.5000,130328
2025-09-09,490.5000,492.6000,479.3000,482.8000,111072
2025-09-10,483.0000,489.4000,481.9000,486.2000,103341
2025-09-11,485.1000,492.8000,485.1000,489.2000,88071
2025-09-12,485.0000,485.4000,475.7000,476.7000,44262
2025-09-15,488.5000,491.3000,484.7000,489.3000,51752
2025-09-16,489.1000,496.5000,488.4000,494.0000,49598
2025-09-17,499.5000,502.5000,496.3000,499.3000,95493
2025-09-18,498.3000,500.5000,491.7000,491.8000,95903
2025-09-19,496.0000,496.8000,484.1000,487.0000,108898
2025-09-22,485.2000,487.4000,481.8000,483.0000,96133
2025-09-23,476.6000,478.7000,471.6000,473.1000,102117
2025-09-24,479.2000,485.3000,478.5000,482.3000,90734
2025-09-25,486.3000,491.3000,485.8000,490.6000,82583
2025-09-26,489.1000,493.1000,485.2000,491.3000,88721
2025-09-29,492.1000,499.2000,490.0000,492.6000,95916
2025-09-30,487.6000,487.7000,476.7000,479.7000,82293
2025-10-09,470.9000,472.5000,465.8000,471.0000,44433
2025-10-10,471.0000,472.1000,461.6000,461.9000,67796
2025-10-13,455.5000,457.3000,444.5000,453.7000,130018
2025-10-14,451.7000,456.1000,447.6000,449.6000,43565
2025-10-15,443.3000,448.3000,442.2000,446.0000,48540
2025-10-16,449.6000,449.8000,441.6000,445.9000,51519
2025-10-17,444.0000,445.6000,433.0000,435.0000,89404
2025-10-20,438.6000,441.9000,435.5000,435.8000,92978
2025-10-21,435.0000,440.2000,431.8000,437.7000,97283
2025-10-22,441.4000,452.0000,434.0000,447.2000,176213
2025-10-23,446.5000,463.7000,445.8000,459.7000,151649
2025-10-24,464.0000,471.3000,462.5000,464.9000,162707
2025-10-27,467.1000,470.6000,465.7000,468.9000,109341
2025-10-28,467.7000,469.3000,462.5000,462.7000,101862
2025-10-29,458.5000,463.2000,455.0000,462.6000,120627
2025-10-30,461.5000,466.1000,458.0000,458.9000,108667
2025-10-31,458.4000,463.2000,456.3000,458.7000,80193
2025-11-03,462.6000,469.7000,460.3000,467.9000,124085
2025-11-04,464.7000,468.4000,462.9000,463.5000,78050
2025-11-05,460.5000,465.6000,459.0000,463.7000,81798
2025-11-06,462.3000,465.8000,456.0000,460.4000,92739
2025-11-07,461.5000,461.5000,452.9000,460.6000,100853
2025-11-10,459.5000,463.9000,457.3000,461.8000,92380
2025-11-11,463.0000,464.0000,460.0000,461.3000,25838
2025-11-12,465.0000,472.2000,464.9000,469.1000,35302
2025-11-13,466.9000,467.0000,450.0000,452.9000,74343
2025-11-14,455.5000,465.1000,454.3000,459.5000,69725
2025-11-17,459.4000,464.8000,458.2000,459.2000,60902
2025-11-18,462.8000,466.2000,457.8000,458.8000,77617
2025-11-19,462.0000,469.4000,458.5000,464.5000,112595
2025-11-20,456.0000,458.4000,451.8000,455.5000,119095
2025-11-21,459.1000,460.4000,445.6000,447.4000,141488
2025-11-24,449.1000,449.5000,442.5000,447.9000,108095
2025-11-25,447.9000,450.6000,443.3000,448.6000,86242
2025-11-26,442.1000,446.8000,438.8000,445.0000,116740
2025-11-27,442.8000,448.1000,442.8000,447.6000,77681
2025-11-28,450.2000,455.0000,448.1000,453.9000,65822
2025-12-01,451.9000,458.4000,449.5000,455.7000,74267
2025-12-02,452.0000,456.0000,450.1000,453.8000,65837
2025-12-03,452.2000,452.8000,444.6000,448.1000,89287
2025-12-04,451.5000,453.3000,448.7000,452.6000,66483
2025-12-05,452.5000,456.8000,449.5000,453.7000,66819
2025-12-08,453.7000,459.2000,452.3000,457.6000,67558
2025-12-09,451.6000,453.3000,444.4000,446.1000,74986
2025-12-10,447.4000,447.8000,442.3000,443.7000,53544
2025-12-11,444.7000,445.8000,438.2000,439.7000,66170
2025-12-12,437.8000,440.4000,433.5000,437.6000,60520
2025-12-15,436.6000,438.5000,435.0000,437.3000,32989
2025-12-16,434.5000,436.9000,428.6000,430.6000,48483
2025-12-17,427.0000,428.4000,419.6000,426.7000,94714
2025-12-18,427.3000,432.5000,425.1000,429.4000,82779
2025-12-19,426.8000,430.3000,424.8000,426.6000,71483
2025-12-22,428.9000,438.3000,428.2000,437.9000,81884
2025-12-23,441.4000,445.5000,439.7000,440.9000,79792
2025-12-24,442.9000,444.8000,439.7000,444.7000,65801
2025-12-25,444.0000,444.5000,440.9000,442.7000,45862
2025-12-26,442.5000,447.6000,440.2000,441.8000,46549
2025-12-29,441.5000,441.8000,431.9000,434.8000,73241
2025-12-30,439.7000,441.1000,434.9000,436.1000,66125
2025-12-31,438.5000,439.6000,428.4000,432.2000,51990
2026-01-05,436.0000,436.3000,421.5000,421.7000,44486
2026-01-06,427.5000,429.9000,425.0000,428.2000,68944
2026-01-07,430.5000,437.3000,411.0000,416.3000,110999
2026-01-08,421.4000,422.5000,414.1000,416.2000,70283
2026-01-09,419.8000,433.9000,419.3000,432.7000,85331
2026-01-12,431.7000,440.1000,429.8000,437.5000,86570
2026-01-13,436.6000,446.7000,433.3000,446.7000,51190
2026-01-14,450.0000,454.3000,444.4000,448.0000,92089
2026-01-15,458.8000,460.5000,443.4000,446.6000,115980
2026-01-16,441.8000,442.5000,437.1000,438.8000,88633
2026-01-19,443.2000,446.4000,436.7000,437.4000,77853
2026-01-20,437.5000,440.8000,436.3000,437.0000,51993
2026-01-21,440.0000,444.9000,437.3000,440.8000,78058
2026-01-22,444.5000,448.6000,444.1000,446.4000,84207
2026-01-23,439.6000,442.5000,434.3000,441.9000,95141
2026-01-26,446.0000,459.2000,444.0000,457.3000,136743
2026-01-27,452.3000,454.2000,442.4000,446.7000,121039
2026-01-28,447.5000,463.4000,446.5000,460.3000,143169
2026-01-29,462.1000,475.5000,461.1000,472.5000,144192
2026-01-30,477.0000,499.6000,465.8000,470.8000,310456
2026-02-02,478.2000,485.6000,449.0000,449.0000,197249
2026-02-03,450.5000,453.9000,446.4000,449.4000,115098
2026-02-04,453.0000,466.7000,451.7000,462.4000,99401
2026-02-05,465.0000,479.0000,461.4000,467.2000,76182
2026-02-06,466.5000,473.9000,458.6000,469.8000,88014
2026-02-09,464.8000,474.7000,457.2000,464.2000,119646
2026-02-10,468.5000,477.9000,465.2000,476.1000,109979
2026-02-11,476.4000,478.8000,471.9000,476.8000,82615
2026-02-12,483.9000,486.4000,476.2000,476.8000,89585
2026-02-13,473.5000,475.7000,454.4000,460.7000,105973
2026-02-24,487.0000,495.0000,484.3000,493.3000,57134
2026-02-25,492.4000,495.9000,484.8000,488.3000,101539
2026-02-26,490.4000,491.4000,482.4000,483.6000,75036
2026-02-27,474.2000,494.5000,470.8000,488.4000,144312
2026-03-02,498.2000,527.8000,495.0000,527.8000,190029
2026-03-03,545.0000,572.3000,544.1000,572.3000,208804
2026-03-04,624.7000,641.1000,594.1000,641.1000,254949
2026-03-05,625.0000,711.3000,619.0000,664.1000,469418
2026-03-06,688.0000,696.6000,622.1000,664.8000,404194
2026-03-09,729.9000,771.8000,715.0000,771.8000,261645
2026-03-10,805.5000,818.0000,625.0000,666.3000,319022
2026-03-11,670.0000,680.0000,619.1000,662.0000,159637
2026-03-12,689.8000,776.0000,665.2000,722.3000,165535
2026-03-13,728.0000,778.9000,724.6000,753.6000,116017
2026-03-16,730.0000,806.0000,716.0000,770.5000,136525
2026-03-17,735.0000,777.7000,713.9000,761.2000,172491
2026-03-18,745.9000,772.8000,722.6000,735.4000,153715
2026-03-19,787.3000,823.0000,776.3000,814.9000,197074
2026-03-20,805.0000,814.0000,731.2000,773.6000,178214
2026-03-23,781.0000,838.4000,776.6000,834.6000,140734
2026-03-24,740.1000,799.0000,715.0000,739.1000,208071
2026-03-25,752.0000,757.8000,686.0000,723.9000,143986
2026-03-26,726.0000,743.6000,711.6000,733.1000,96646
2026-03-27,755.7000,756.8000,726.6000,740.8000,95496
2026-03-30,756.0000,789.0000,745.1000,763.5000,102604
2026-03-31,755.1000,766.8000,725.0000,740.6000,91655
2026-04-01,745.0000,745.6000,653.0000,653.8000,150389
2026-04-02,670.0000,735.5000,649.1000,721.3000,131450
2026-04-03,760.0000,763.3000,694.8000,722.0000,146910
2026-04-07,715.5000,724.5000,706.6000,710.0000,40412
2026-04-08,711.6000,716.1000,608.4000,621.0000,99641
2026-04-09,604.4000,649.9000,604.4000,640.0000,71678
2026-04-10,647.8000,649.0000,623.7000,637.3000,63580
2026-04-13,635.3000,675.0000,631.4000,658.0000,54289
2026-04-14,656.0000,662.0000,640.0000,651.2000,40812
2026-04-15,646.5000,648.3000,624.1000,629.9000,42209
2026-04-16,629.4000,637.6000,624.8000,631.8000,29511
2026-04-17,637.8000,643.6000,628.0000,636.2000,36411
2026-04-20,595.7000,625.3000,592.0000,618.4000,81797
2026-04-21,620.0000,620.0000,608.2000,615.5000,39351
2026-04-22,618.7000,638.8000,615.7000,623.7000,53572
2026-04-23,633.1000,653.5000,626.1000,641.7000,56772
2026-04-24,638.0000,660.8000,636.4000,648.4000,50186
2026-04-27,647.0000,656.6000,637.0000,653.5000,43989
2026-04-28,654.2000,672.4000,650.9000,669.3000,37707
2026-04-29,673.6000,676.3000,659.0000,666.6000,37145
2026-04-30,678.0000,695.7000,675.3000,689.0000,49082
2026-05-06,665.0000,675.6000,661.6000,665.4000,20024
2026-05-07,641.3000,646.0000,622.6000,625.8000,41985
2026-05-08,609.3000,636.9000,607.8000,624.5000,41548
2026-05-11,623.2000,644.4000,620.3000,635.2000,31893
2026-05-12,629.9000,647.0000,627.0000,645.6000,24256
2026-05-13,647.8000,652.0000,633.1000,635.3000,23977
2026-05-14,641.5000,642.7000,617.3000,620.7000,24074
2026-05-15,623.1000,662.0000,620.9000,656.9000,33745
2026-05-18,660.0000,688.0000,656.4000,680.4000,38309
2026-05-19,660.0000,688.9000,655.0000,681.1000,43399
2026-05-20,681.1000,691.4000,669.5000,670.5000,38236
2026-05-21,666.2000,675.4000,640.3000,656.0000,54352
2026-05-22,662.0000,671.2000,632.1000,641.1000,52412
2026-05-25,636.0000,643.0000,600.4000,607.9000,53710
2026-05-26,606.0000,610.9000,596.5000,602.3000,36228
2026-05-27,605.4000,613.2000,595.0000,599.8000,32153
2026-05-28,586.0000,605.3000,584.1000,598.7000,37670
2026-05-29,596.0000,604.6000,580.1000,581.0000,49328
2026-06-01,580.0000,598.0000,575.3000,595.9000,39580
2026-06-02,594.0000,619.6000,589.1000,596.0000,53305
2026-06-03,595.8000,613.5000,594.6000,611.8000,30629
2026-06-04,613.8000,614.0000,601.0000,603.6000,24928
2026-06-05,593.2000,600.7000,590.3000,594.6000,23115
2026-06-08,594.6000,617.0000,580.8000,613.0000,40334
2026-06-09,592.0000,596.0000,577.0000,580.2000,30210
2026-06-10,576.0000,582.8000,561.5000,572.2000,37652
2026-06-11,576.5000,596.5000,576.2000,582.1000,32920
2026-06-12,581.4000,587.9000,548.6000,553.5000,33880
2026-06-15,557.0000,564.8000,522.0000,530.8000,41978
2026-06-16,532.1000,534.3000,522.3000,527.5000,32268
2026-06-17,511.6000,522.3000,504.0000,510.2000,52664
2026-06-18,517.9000,527.2000,503.0000,508.5000,48899
2026-06-22,522.0000,522.0000,502.0000,507.2000,24743
2026-06-23,503.6000,508.0000,488.4000,491.4000,39809
2026-06-24,495.0000,496.6000,482.3000,486.1000,38415
2026-06-25,478.0000,478.0000,461.4000,463.7000,61958
2026-06-26,467.4000,479.0000,463.0000,467.2000,65508
2026-06-29,461.5000,467.8000,456.7000,464.3000,75240
2026-06-30,463.8000,467.0000,457.6000,460.3000,54276
2026-07-01,464.0000,470.9000,451.2000,451.3000,61449
2026-07-02,447.9000,451.7000,432.3000,434.3000,66461
2026-07-03,433.7000,445.4000,433.4000,441.3000,57993
2026-07-06,436.6000,441.5000,432.8000,438.6000,48796
2026-07-07,436.6000,443.5000,435.7000,443.0000,42955
2026-07-08,441.4000,468.3000,440.6000,466.8000,81529
2026-07-09,472.3000,493.7000,467.2000,473.6000,147207
2026-07-10,481.6000,484.0000,466.2000,471.2000,51443
2026-07-13,470.0000,489.7000,462.1000,482.6000,65832
2026-07-14,483.5000,520.7000,477.8000,519.4000,101073
2026-07-15,522.0000,524.6000,508.7000,521.1000,91301
2026-07-16,518.6000,522.2000,511.2000,514.7000,86724
2026-07-17,522.5000,526.2000,502.1000,510.5000,120468
2026-07-20,521.0000,555.0000,520.4000,548.4000,150761
2026-07-21,537.5000,537.5000,524.7000,531.0000,120941
2026-07-22,543.1000,559.9000,542.2000,559.4000,140296
2026-07-23,564.9000,573.4000,554.2000,573.0000,145690
2026-07-24,583.1000,606.2000,580.5000,589.4000,214567
2026-07-27,580.0000,585.6000,540.5000,542.1000,205192
2026-07-28,545.7000,549.8000,527.5000,532.7000,159533
2026-07-29,531.5000,553.8000,519.4000,544.2000,163392
2026-07-30,560.0000,569.4000,547.1000,568.2000,161881
2026-07-31,558.1000,559.2000,538.0000,546.1000,145351
2026-08-03,566.0000,568.0000,526.2000,530.2000,156099
2026-08-04,530.0000,547.4000,528.6000,538.0000,101034
2026-08-05,520.0000,525.4000,502.1000,505.7000,142382
2026-08-06,512.8000,518.3000,501.6000,515.2000,131989
2026-08-07,520.0000,536.8000,515.5000,531.4000,117632
